# vtk DataFile Version 2.0
Solution
ASCII
DATASET POLYDATA
POINTS 1111 float
0 -0.05 0
0 -0.04 0
0 -0.03 0
0 -0.02 0
0 -0.01 0
0 0 0
0 0.01 0
0 0.02 0
0 0.03 0
0 0.04 0
0 0.05 0
0.01 -0.05 0
0.01 -0.04 0
0.01 -0.03 0
0.01 -0.02 0
0.01 -0.01 0
0.01 0 0
0.01 0.01 0
0.01 0.02 0
0.01 0.03 0
0.01 0.04 0
0.01 0.05 0
0.02 -0.05 0
0.02 -0.04 0
0.02 -0.03 0
0.02 -0.02 0
0.02 -0.01 0
0.02 0 0
0.02 0.01 0
0.02 0.02 0
0.02 0.03 0
0.02 0.04 0
0.02 0.05 0
0.03 -0.05 0
0.03 -0.04 0
0.03 -0.03 0
0.03 -0.02 0
0.03 -0.01 0
0.03 0 0
0.03 0.01 0
0.03 0.02 0
0.03 0.03 0
0.03 0.04 0
0.03 0.05 0
0.04 -0.05 0
0.04 -0.04 0
0.04 -0.03 0
0.04 -0.02 0
0.04 -0.01 0
0.04 0 0
0.04 0.01 0
0.04 0.02 0
0.04 0.03 0
0.04 0.04 0
0.04 0.05 0
0.05 -0.05 0
0.05 -0.04 0
0.05 -0.03 0
0.05 -0.02 0
0.05 -0.01 0
0.05 0 0
0.05 0.01 0
0.05 0.02 0
0.05 0.03 0
0.05 0.04 0
0.05 0.05 0
0.06 -0.05 0
0.06 -0.04 0
0.06 -0.03 0
0.06 -0.02 0
0.06 -0.01 0
0.06 0 0
0.06 0.01 0
0.06 0.02 0
0.06 0.03 0
0.06 0.04 0
0.06 0.05 0
0.07 -0.05 0
0.07 -0.04 0
0.07 -0.03 0
0.07 -0.02 0
0.07 -0.01 0
0.07 0 0
0.07 0.01 0
0.07 0.02 0
0.07 0.03 0
0.07 0.04 0
0.07 0.05 0
0.08 -0.05 0
0.08 -0.04 0
0.08 -0.03 0
0.08 -0.02 0
0.08 -0.01 0
0.08 0 0
0.08 0.01 0
0.08 0.02 0
0.08 0.03 0
0.08 0.04 0
0.08 0.05 0
0.09 -0.05 0
0.09 -0.04 0
0.09 -0.03 0
0.09 -0.02 0
0.09 -0.01 0
0.09 0 0
0.09 0.01 0
0.09 0.02 0
0.09 0.03 0
0.09 0.04 0
0.09 0.05 0
0.1 -0.05 0
0.1 -0.04 0
0.1 -0.03 0
0.1 -0.02 0
0.1 -0.01 0
0.1 0 0
0.1 0.01 0
0.1 0.02 0
0.1 0.03 0
0.1 0.04 0
0.1 0.05 0
0.11 -0.05 0
0.11 -0.04 0
0.11 -0.03 0
0.11 -0.02 0
0.11 -0.01 0
0.11 0 0
0.11 0.01 0
0.11 0.02 0
0.11 0.03 0
0.11 0.04 0
0.11 0.05 0
0.12 -0.05 0
0.12 -0.04 0
0.12 -0.03 0
0.12 -0.02 0
0.12 -0.01 0
0.12 0 0
0.12 0.01 0
0.12 0.02 0
0.12 0.03 0
0.12 0.04 0
0.12 0.05 0
0.13 -0.05 0
0.13 -0.04 0
0.13 -0.03 0
0.13 -0.02 0
0.13 -0.01 0
0.13 0 0
0.13 0.01 0
0.13 0.02 0
0.13 0.03 0
0.13 0.04 0
0.13 0.05 0
0.14 -0.05 0
0.14 -0.04 0
0.14 -0.03 0
0.14 -0.02 0
0.14 -0.01 0
0.14 0 0
0.14 0.01 0
0.14 0.02 0
0.14 0.03 0
0.14 0.04 0
0.14 0.05 0
0.15 -0.05 0
0.15 -0.04 0
0.15 -0.03 0
0.15 -0.02 0
0.15 -0.01 0
0.15 0 0
0.15 0.01 0
0.15 0.02 0
0.15 0.03 0
0.15 0.04 0
0.15 0.05 0
0.16 -0.05 0
0.16 -0.04 0
0.16 -0.03 0
0.16 -0.02 0
0.16 -0.01 0
0.16 0 0
0.16 0.01 0
0.16 0.02 0
0.16 0.03 0
0.16 0.04 0
0.16 0.05 0
0.17 -0.05 0
0.17 -0.04 0
0.17 -0.03 0
0.17 -0.02 0
0.17 -0.01 0
0.17 0 0
0.17 0.01 0
0.17 0.02 0
0.17 0.03 0
0.17 0.04 0
0.17 0.05 0
0.18 -0.05 0
0.18 -0.04 0
0.18 -0.03 0
0.18 -0.02 0
0.18 -0.01 0
0.18 0 0
0.18 0.01 0
0.18 0.02 0
0.18 0.03 0
0.18 0.04 0
0.18 0.05 0
0.19 -0.05 0
0.19 -0.04 0
0.19 -0.03 0
0.19 -0.02 0
0.19 -0.01 0
0.19 0 0
0.19 0.01 0
0.19 0.02 0
0.19 0.03 0
0.19 0.04 0
0.19 0.05 0
0.2 -0.05 0
0.2 -0.04 0
0.2 -0.03 0
0.2 -0.02 0
0.2 -0.01 0
0.2 0 0
0.2 0.01 0
0.2 0.02 0
0.2 0.03 0
0.2 0.04 0
0.2 0.05 0
0.21 -0.05 0
0.21 -0.04 0
0.21 -0.03 0
0.21 -0.02 0
0.21 -0.01 0
0.21 0 0
0.21 0.01 0
0.21 0.02 0
0.21 0.03 0
0.21 0.04 0
0.21 0.05 0
0.22 -0.05 0
0.22 -0.04 0
0.22 -0.03 0
0.22 -0.02 0
0.22 -0.01 0
0.22 0 0
0.22 0.01 0
0.22 0.02 0
0.22 0.03 0
0.22 0.04 0
0.22 0.05 0
0.23 -0.05 0
0.23 -0.04 0
0.23 -0.03 0
0.23 -0.02 0
0.23 -0.01 0
0.23 0 0
0.23 0.01 0
0.23 0.02 0
0.23 0.03 0
0.23 0.04 0
0.23 0.05 0
0.24 -0.05 0
0.24 -0.04 0
0.24 -0.03 0
0.24 -0.02 0
0.24 -0.01 0
0.24 0 0
0.24 0.01 0
0.24 0.02 0
0.24 0.03 0
0.24 0.04 0
0.24 0.05 0
0.25 -0.05 0
0.25 -0.04 0
0.25 -0.03 0
0.25 -0.02 0
0.25 -0.01 0
0.25 0 0
0.25 0.01 0
0.25 0.02 0
0.25 0.03 0
0.25 0.04 0
0.25 0.05 0
0.26 -0.05 0
0.26 -0.04 0
0.26 -0.03 0
0.26 -0.02 0
0.26 -0.01 0
0.26 0 0
0.26 0.01 0
0.26 0.02 0
0.26 0.03 0
0.26 0.04 0
0.26 0.05 0
0.27 -0.05 0
0.27 -0.04 0
0.27 -0.03 0
0.27 -0.02 0
0.27 -0.01 0
0.27 0 0
0.27 0.01 0
0.27 0.02 0
0.27 0.03 0
0.27 0.04 0
0.27 0.05 0
0.28 -0.05 0
0.28 -0.04 0
0.28 -0.03 0
0.28 -0.02 0
0.28 -0.01 0
0.28 0 0
0.28 0.01 0
0.28 0.02 0
0.28 0.03 0
0.28 0.04 0
0.28 0.05 0
0.29 -0.05 0
0.29 -0.04 0
0.29 -0.03 0
0.29 -0.02 0
0.29 -0.01 0
0.29 0 0
0.29 0.01 0
0.29 0.02 0
0.29 0.03 0
0.29 0.04 0
0.29 0.05 0
0.3 -0.05 0
0.3 -0.04 0
0.3 -0.03 0
0.3 -0.02 0
0.3 -0.01 0
0.3 0 0
0.3 0.01 0
0.3 0.02 0
0.3 0.03 0
0.3 0.04 0
0.3 0.05 0
0.31 -0.05 0
0.31 -0.04 0
0.31 -0.03 0
0.31 -0.02 0
0.31 -0.01 0
0.31 0 0
0.31 0.01 0
0.31 0.02 0
0.31 0.03 0
0.31 0.04 0
0.31 0.05 0
0.32 -0.05 0
0.32 -0.04 0
0.32 -0.03 0
0.32 -0.02 0
0.32 -0.01 0
0.32 0 0
0.32 0.01 0
0.32 0.02 0
0.32 0.03 0
0.32 0.04 0
0.32 0.05 0
0.33 -0.05 0
0.33 -0.04 0
0.33 -0.03 0
0.33 -0.02 0
0.33 -0.01 0
0.33 0 0
0.33 0.01 0
0.33 0.02 0
0.33 0.03 0
0.33 0.04 0
0.33 0.05 0
0.34 -0.05 0
0.34 -0.04 0
0.34 -0.03 0
0.34 -0.02 0
0.34 -0.01 0
0.34 0 0
0.34 0.01 0
0.34 0.02 0
0.34 0.03 0
0.34 0.04 0
0.34 0.05 0
0.35 -0.05 0
0.35 -0.04 0
0.35 -0.03 0
0.35 -0.02 0
0.35 -0.01 0
0.35 0 0
0.35 0.01 0
0.35 0.02 0
0.35 0.03 0
0.35 0.04 0
0.35 0.05 0
0.36 -0.05 0
0.36 -0.04 0
0.36 -0.03 0
0.36 -0.02 0
0.36 -0.01 0
0.36 0 0
0.36 0.01 0
0.36 0.02 0
0.36 0.03 0
0.36 0.04 0
0.36 0.05 0
0.37 -0.05 0
0.37 -0.04 0
0.37 -0.03 0
0.37 -0.02 0
0.37 -0.01 0
0.37 0 0
0.37 0.01 0
0.37 0.02 0
0.37 0.03 0
0.37 0.04 0
0.37 0.05 0
0.38 -0.05 0
0.38 -0.04 0
0.38 -0.03 0
0.38 -0.02 0
0.38 -0.01 0
0.38 0 0
0.38 0.01 0
0.38 0.02 0
0.38 0.03 0
0.38 0.04 0
0.38 0.05 0
0.39 -0.05 0
0.39 -0.04 0
0.39 -0.03 0
0.39 -0.02 0
0.39 -0.01 0
0.39 0 0
0.39 0.01 0
0.39 0.02 0
0.39 0.03 0
0.39 0.04 0
0.39 0.05 0
0.4 -0.05 0
0.4 -0.04 0
0.4 -0.03 0
0.4 -0.02 0
0.4 -0.01 0
0.4 0 0
0.4 0.01 0
0.4 0.02 0
0.4 0.03 0
0.4 0.04 0
0.4 0.05 0
0.41 -0.05 0
0.41 -0.04 0
0.41 -0.03 0
0.41 -0.02 0
0.41 -0.01 0
0.41 0 0
0.41 0.01 0
0.41 0.02 0
0.41 0.03 0
0.41 0.04 0
0.41 0.05 0
0.42 -0.05 0
0.42 -0.04 0
0.42 -0.03 0
0.42 -0.02 0
0.42 -0.01 0
0.42 0 0
0.42 0.01 0
0.42 0.02 0
0.42 0.03 0
0.42 0.04 0
0.42 0.05 0
0.43 -0.05 0
0.43 -0.04 0
0.43 -0.03 0
0.43 -0.02 0
0.43 -0.01 0
0.43 0 0
0.43 0.01 0
0.43 0.02 0
0.43 0.03 0
0.43 0.04 0
0.43 0.05 0
0.44 -0.05 0
0.44 -0.04 0
0.44 -0.03 0
0.44 -0.02 0
0.44 -0.01 0
0.44 0 0
0.44 0.01 0
0.44 0.02 0
0.44 0.03 0
0.44 0.04 0
0.44 0.05 0
0.45 -0.05 0
0.45 -0.04 0
0.45 -0.03 0
0.45 -0.02 0
0.45 -0.01 0
0.45 0 0
0.45 0.01 0
0.45 0.02 0
0.45 0.03 0
0.45 0.04 0
0.45 0.05 0
0.46 -0.05 0
0.46 -0.04 0
0.46 -0.03 0
0.46 -0.02 0
0.46 -0.01 0
0.46 0 0
0.46 0.01 0
0.46 0.02 0
0.46 0.03 0
0.46 0.04 0
0.46 0.05 0
0.47 -0.05 0
0.47 -0.04 0
0.47 -0.03 0
0.47 -0.02 0
0.47 -0.01 0
0.47 0 0
0.47 0.01 0
0.47 0.02 0
0.47 0.03 0
0.47 0.04 0
0.47 0.05 0
0.48 -0.05 0
0.48 -0.04 0
0.48 -0.03 0
0.48 -0.02 0
0.48 -0.01 0
0.48 0 0
0.48 0.01 0
0.48 0.02 0
0.48 0.03 0
0.48 0.04 0
0.48 0.05 0
0.49 -0.05 0
0.49 -0.04 0
0.49 -0.03 0
0.49 -0.02 0
0.49 -0.01 0
0.49 0 0
0.49 0.01 0
0.49 0.02 0
0.49 0.03 0
0.49 0.04 0
0.49 0.05 0
0.5 -0.05 0
0.5 -0.04 0
0.5 -0.03 0
0.5 -0.02 0
0.5 -0.01 0
0.5 0 0
0.5 0.01 0
0.5 0.02 0
0.5 0.03 0
0.5 0.04 0
0.5 0.05 0
0.51 -0.05 0
0.51 -0.04 0
0.51 -0.03 0
0.51 -0.02 0
0.51 -0.01 0
0.51 0 0
0.51 0.01 0
0.51 0.02 0
0.51 0.03 0
0.51 0.04 0
0.51 0.05 0
0.52 -0.05 0
0.52 -0.04 0
0.52 -0.03 0
0.52 -0.02 0
0.52 -0.01 0
0.52 0 0
0.52 0.01 0
0.52 0.02 0
0.52 0.03 0
0.52 0.04 0
0.52 0.05 0
0.53 -0.05 0
0.53 -0.04 0
0.53 -0.03 0
0.53 -0.02 0
0.53 -0.01 0
0.53 0 0
0.53 0.01 0
0.53 0.02 0
0.53 0.03 0
0.53 0.04 0
0.53 0.05 0
0.54 -0.05 0
0.54 -0.04 0
0.54 -0.03 0
0.54 -0.02 0
0.54 -0.01 0
0.54 0 0
0.54 0.01 0
0.54 0.02 0
0.54 0.03 0
0.54 0.04 0
0.54 0.05 0
0.55 -0.05 0
0.55 -0.04 0
0.55 -0.03 0
0.55 -0.02 0
0.55 -0.01 0
0.55 0 0
0.55 0.01 0
0.55 0.02 0
0.55 0.03 0
0.55 0.04 0
0.55 0.05 0
0.56 -0.05 0
0.56 -0.04 0
0.56 -0.03 0
0.56 -0.02 0
0.56 -0.01 0
0.56 0 0
0.56 0.01 0
0.56 0.02 0
0.56 0.03 0
0.56 0.04 0
0.56 0.05 0
0.57 -0.05 0
0.57 -0.04 0
0.57 -0.03 0
0.57 -0.02 0
0.57 -0.01 0
0.57 0 0
0.57 0.01 0
0.57 0.02 0
0.57 0.03 0
0.57 0.04 0
0.57 0.05 0
0.58 -0.05 0
0.58 -0.04 0
0.58 -0.03 0
0.58 -0.02 0
0.58 -0.01 0
0.58 0 0
0.58 0.01 0
0.58 0.02 0
0.58 0.03 0
0.58 0.04 0
0.58 0.05 0
0.59 -0.05 0
0.59 -0.04 0
0.59 -0.03 0
0.59 -0.02 0
0.59 -0.01 0
0.59 0 0
0.59 0.01 0
0.59 0.02 0
0.59 0.03 0
0.59 0.04 0
0.59 0.05 0
0.6 -0.05 0
0.6 -0.04 0
0.6 -0.03 0
0.6 -0.02 0
0.6 -0.01 0
0.6 0 0
0.6 0.01 0
0.6 0.02 0
0.6 0.03 0
0.6 0.04 0
0.6 0.05 0
0.61 -0.05 0
0.61 -0.04 0
0.61 -0.03 0
0.61 -0.02 0
0.61 -0.01 0
0.61 0 0
0.61 0.01 0
0.61 0.02 0
0.61 0.03 0
0.61 0.04 0
0.61 0.05 0
0.62 -0.05 0
0.62 -0.04 0
0.62 -0.03 0
0.62 -0.02 0
0.62 -0.01 0
0.62 0 0
0.62 0.01 0
0.62 0.02 0
0.62 0.03 0
0.62 0.04 0
0.62 0.05 0
0.63 -0.05 0
0.63 -0.04 0
0.63 -0.03 0
0.63 -0.02 0
0.63 -0.01 0
0.63 0 0
0.63 0.01 0
0.63 0.02 0
0.63 0.03 0
0.63 0.04 0
0.63 0.05 0
0.64 -0.05 0
0.64 -0.04 0
0.64 -0.03 0
0.64 -0.02 0
0.64 -0.01 0
0.64 0 0
0.64 0.01 0
0.64 0.02 0
0.64 0.03 0
0.64 0.04 0
0.64 0.05 0
0.65 -0.05 0
0.65 -0.04 0
0.65 -0.03 0
0.65 -0.02 0
0.65 -0.01 0
0.65 0 0
0.65 0.01 0
0.65 0.02 0
0.65 0.03 0
0.65 0.04 0
0.65 0.05 0
0.66 -0.05 0
0.66 -0.04 0
0.66 -0.03 0
0.66 -0.02 0
0.66 -0.01 0
0.66 0 0
0.66 0.01 0
0.66 0.02 0
0.66 0.03 0
0.66 0.04 0
0.66 0.05 0
0.67 -0.05 0
0.67 -0.04 0
0.67 -0.03 0
0.67 -0.02 0
0.67 -0.01 0
0.67 0 0
0.67 0.01 0
0.67 0.02 0
0.67 0.03 0
0.67 0.04 0
0.67 0.05 0
0.68 -0.05 0
0.68 -0.04 0
0.68 -0.03 0
0.68 -0.02 0
0.68 -0.01 0
0.68 0 0
0.68 0.01 0
0.68 0.02 0
0.68 0.03 0
0.68 0.04 0
0.68 0.05 0
0.69 -0.05 0
0.69 -0.04 0
0.69 -0.03 0
0.69 -0.02 0
0.69 -0.01 0
0.69 0 0
0.69 0.01 0
0.69 0.02 0
0.69 0.03 0
0.69 0.04 0
0.69 0.05 0
0.7 -0.05 0
0.7 -0.04 0
0.7 -0.03 0
0.7 -0.02 0
0.7 -0.01 0
0.7 0 0
0.7 0.01 0
0.7 0.02 0
0.7 0.03 0
0.7 0.04 0
0.7 0.05 0
0.71 -0.05 0
0.71 -0.04 0
0.71 -0.03 0
0.71 -0.02 0
0.71 -0.01 0
0.71 0 0
0.71 0.01 0
0.71 0.02 0
0.71 0.03 0
0.71 0.04 0
0.71 0.05 0
0.72 -0.05 0
0.72 -0.04 0
0.72 -0.03 0
0.72 -0.02 0
0.72 -0.01 0
0.72 0 0
0.72 0.01 0
0.72 0.02 0
0.72 0.03 0
0.72 0.04 0
0.72 0.05 0
0.73 -0.05 0
0.73 -0.04 0
0.73 -0.03 0
0.73 -0.02 0
0.73 -0.01 0
0.73 0 0
0.73 0.01 0
0.73 0.02 0
0.73 0.03 0
0.73 0.04 0
0.73 0.05 0
0.74 -0.05 0
0.74 -0.04 0
0.74 -0.03 0
0.74 -0.02 0
0.74 -0.01 0
0.74 0 0
0.74 0.01 0
0.74 0.02 0
0.74 0.03 0
0.74 0.04 0
0.74 0.05 0
0.75 -0.05 0
0.75 -0.04 0
0.75 -0.03 0
0.75 -0.02 0
0.75 -0.01 0
0.75 0 0
0.75 0.01 0
0.75 0.02 0
0.75 0.03 0
0.75 0.04 0
0.75 0.05 0
0.76 -0.05 0
0.76 -0.04 0
0.76 -0.03 0
0.76 -0.02 0
0.76 -0.01 0
0.76 0 0
0.76 0.01 0
0.76 0.02 0
0.76 0.03 0
0.76 0.04 0
0.76 0.05 0
0.77 -0.05 0
0.77 -0.04 0
0.77 -0.03 0
0.77 -0.02 0
0.77 -0.01 0
0.77 0 0
0.77 0.01 0
0.77 0.02 0
0.77 0.03 0
0.77 0.04 0
0.77 0.05 0
0.78 -0.05 0
0.78 -0.04 0
0.78 -0.03 0
0.78 -0.02 0
0.78 -0.01 0
0.78 0 0
0.78 0.01 0
0.78 0.02 0
0.78 0.03 0
0.78 0.04 0
0.78 0.05 0
0.79 -0.05 0
0.79 -0.04 0
0.79 -0.03 0
0.79 -0.02 0
0.79 -0.01 0
0.79 0 0
0.79 0.01 0
0.79 0.02 0
0.79 0.03 0
0.79 0.04 0
0.79 0.05 0
0.8 -0.05 0
0.8 -0.04 0
0.8 -0.03 0
0.8 -0.02 0
0.8 -0.01 0
0.8 0 0
0.8 0.01 0
0.8 0.02 0
0.8 0.03 0
0.8 0.04 0
0.8 0.05 0
0.81 -0.05 0
0.81 -0.04 0
0.81 -0.03 0
0.81 -0.02 0
0.81 -0.01 0
0.81 0 0
0.81 0.01 0
0.81 0.02 0
0.81 0.03 0
0.81 0.04 0
0.81 0.05 0
0.82 -0.05 0
0.82 -0.04 0
0.82 -0.03 0
0.82 -0.02 0
0.82 -0.01 0
0.82 0 0
0.82 0.01 0
0.82 0.02 0
0.82 0.03 0
0.82 0.04 0
0.82 0.05 0
0.83 -0.05 0
0.83 -0.04 0
0.83 -0.03 0
0.83 -0.02 0
0.83 -0.01 0
0.83 0 0
0.83 0.01 0
0.83 0.02 0
0.83 0.03 0
0.83 0.04 0
0.83 0.05 0
0.84 -0.05 0
0.84 -0.04 0
0.84 -0.03 0
0.84 -0.02 0
0.84 -0.01 0
0.84 0 0
0.84 0.01 0
0.84 0.02 0
0.84 0.03 0
0.84 0.04 0
0.84 0.05 0
0.85 -0.05 0
0.85 -0.04 0
0.85 -0.03 0
0.85 -0.02 0
0.85 -0.01 0
0.85 0 0
0.85 0.01 0
0.85 0.02 0
0.85 0.03 0
0.85 0.04 0
0.85 0.05 0
0.86 -0.05 0
0.86 -0.04 0
0.86 -0.03 0
0.86 -0.02 0
0.86 -0.01 0
0.86 0 0
0.86 0.01 0
0.86 0.02 0
0.86 0.03 0
0.86 0.04 0
0.86 0.05 0
0.87 -0.05 0
0.87 -0.04 0
0.87 -0.03 0
0.87 -0.02 0
0.87 -0.01 0
0.87 0 0
0.87 0.01 0
0.87 0.02 0
0.87 0.03 0
0.87 0.04 0
0.87 0.05 0
0.88 -0.05 0
0.88 -0.04 0
0.88 -0.03 0
0.88 -0.02 0
0.88 -0.01 0
0.88 0 0
0.88 0.01 0
0.88 0.02 0
0.88 0.03 0
0.88 0.04 0
0.88 0.05 0
0.89 -0.05 0
0.89 -0.04 0
0.89 -0.03 0
0.89 -0.02 0
0.89 -0.01 0
0.89 0 0
0.89 0.01 0
0.89 0.02 0
0.89 0.03 0
0.89 0.04 0
0.89 0.05 0
0.9 -0.05 0
0.9 -0.04 0
0.9 -0.03 0
0.9 -0.02 0
0.9 -0.01 0
0.9 0 0
0.9 0.01 0
0.9 0.02 0
0.9 0.03 0
0.9 0.04 0
0.9 0.05 0
0.91 -0.05 0
0.91 -0.04 0
0.91 -0.03 0
0.91 -0.02 0
0.91 -0.01 0
0.91 0 0
0.91 0.01 0
0.91 0.02 0
0.91 0.03 0
0.91 0.04 0
0.91 0.05 0
0.92 -0.05 0
0.92 -0.04 0
0.92 -0.03 0
0.92 -0.02 0
0.92 -0.01 0
0.92 0 0
0.92 0.01 0
0.92 0.02 0
0.92 0.03 0
0.92 0.04 0
0.92 0.05 0
0.93 -0.05 0
0.93 -0.04 0
0.93 -0.03 0
0.93 -0.02 0
0.93 -0.01 0
0.93 0 0
0.93 0.01 0
0.93 0.02 0
0.93 0.03 0
0.93 0.04 0
0.93 0.05 0
0.94 -0.05 0
0.94 -0.04 0
0.94 -0.03 0
0.94 -0.02 0
0.94 -0.01 0
0.94 0 0
0.94 0.01 0
0.94 0.02 0
0.94 0.03 0
0.94 0.04 0
0.94 0.05 0
0.95 -0.05 0
0.95 -0.04 0
0.95 -0.03 0
0.95 -0.02 0
0.95 -0.01 0
0.95 0 0
0.95 0.01 0
0.95 0.02 0
0.95 0.03 0
0.95 0.04 0
0.95 0.05 0
0.96 -0.05 0
0.96 -0.04 0
0.96 -0.03 0
0.96 -0.02 0
0.96 -0.01 0
0.96 0 0
0.96 0.01 0
0.96 0.02 0
0.96 0.03 0
0.96 0.04 0
0.96 0.05 0
0.97 -0.05 0
0.97 -0.04 0
0.97 -0.03 0
0.97 -0.02 0
0.97 -0.01 0
0.97 0 0
0.97 0.01 0
0.97 0.02 0
0.97 0.03 0
0.97 0.04 0
0.97 0.05 0
0.98 -0.05 0
0.98 -0.04 0
0.98 -0.03 0
0.98 -0.02 0
0.98 -0.01 0
0.98 0 0
0.98 0.01 0
0.98 0.02 0
0.98 0.03 0
0.98 0.04 0
0.98 0.05 0
0.99 -0.05 0
0.99 -0.04 0
0.99 -0.03 0
0.99 -0.02 0
0.99 -0.01 0
0.99 0 0
0.99 0.01 0
0.99 0.02 0
0.99 0.03 0
0.99 0.04 0
0.99 0.05 0
1 -0.05 0
1 -0.04 0
1 -0.03 0
1 -0.02 0
1 -0.01 0
1 0 0
1 0.01 0
1 0.02 0
1 0.03 0
1 0.04 0
1 0.05 0
POLYGONS 1000 5000
4 12 1 0 11 
4 13 2 1 12 
4 14 3 2 13 
4 15 4 3 14 
4 16 5 4 15 
4 17 6 5 16 
4 18 7 6 17 
4 19 8 7 18 
4 20 9 8 19 
4 21 10 9 20 
4 23 12 11 22 
4 24 13 12 23 
4 25 14 13 24 
4 26 15 14 25 
4 27 16 15 26 
4 28 17 16 27 
4 29 18 17 28 
4 30 19 18 29 
4 31 20 19 30 
4 32 21 20 31 
4 34 23 22 33 
4 35 24 23 34 
4 36 25 24 35 
4 37 26 25 36 
4 38 27 26 37 
4 39 28 27 38 
4 40 29 28 39 
4 41 30 29 40 
4 42 31 30 41 
4 43 32 31 42 
4 45 34 33 44 
4 46 35 34 45 
4 47 36 35 46 
4 48 37 36 47 
4 49 38 37 48 
4 50 39 38 49 
4 51 40 39 50 
4 52 41 40 51 
4 53 42 41 52 
4 54 43 42 53 
4 56 45 44 55 
4 57 46 45 56 
4 58 47 46 57 
4 59 48 47 58 
4 60 49 48 59 
4 61 50 49 60 
4 62 51 50 61 
4 63 52 51 62 
4 64 53 52 63 
4 65 54 53 64 
4 67 56 55 66 
4 68 57 56 67 
4 69 58 57 68 
4 70 59 58 69 
4 71 60 59 70 
4 72 61 60 71 
4 73 62 61 72 
4 74 63 62 73 
4 75 64 63 74 
4 76 65 64 75 
4 78 67 66 77 
4 79 68 67 78 
4 80 69 68 79 
4 81 70 69 80 
4 82 71 70 81 
4 83 72 71 82 
4 84 73 72 83 
4 85 74 73 84 
4 86 75 74 85 
4 87 76 75 86 
4 89 78 77 88 
4 90 79 78 89 
4 91 80 79 90 
4 92 81 80 91 
4 93 82 81 92 
4 94 83 82 93 
4 95 84 83 94 
4 96 85 84 95 
4 97 86 85 96 
4 98 87 86 97 
4 100 89 88 99 
4 101 90 89 100 
4 102 91 90 101 
4 103 92 91 102 
4 104 93 92 103 
4 105 94 93 104 
4 106 95 94 105 
4 107 96 95 106 
4 108 97 96 107 
4 109 98 97 108 
4 111 100 99 110 
4 112 101 100 111 
4 113 102 101 112 
4 114 103 102 113 
4 115 104 103 114 
4 116 105 104 115 
4 117 106 105 116 
4 118 107 106 117 
4 119 108 107 118 
4 120 109 108 119 
4 122 111 110 121 
4 123 112 111 122 
4 124 113 112 123 
4 125 114 113 124 
4 126 115 114 125 
4 127 116 115 126 
4 128 117 116 127 
4 129 118 117 128 
4 130 119 118 129 
4 131 120 119 130 
4 133 122 121 132 
4 134 123 122 133 
4 135 124 123 134 
4 136 125 124 135 
4 137 126 125 136 
4 138 127 126 137 
4 139 128 127 138 
4 140 129 128 139 
4 141 130 129 140 
4 142 131 130 141 
4 144 133 132 143 
4 145 134 133 144 
4 146 135 134 145 
4 147 136 135 146 
4 148 137 136 147 
4 149 138 137 148 
4 150 139 138 149 
4 151 140 139 150 
4 152 141 140 151 
4 153 142 141 152 
4 155 144 143 154 
4 156 145 144 155 
4 157 146 145 156 
4 158 147 146 157 
4 159 148 147 158 
4 160 149 148 159 
4 161 150 149 160 
4 162 151 150 161 
4 163 152 151 162 
4 164 153 152 163 
4 166 155 154 165 
4 167 156 155 166 
4 168 157 156 167 
4 169 158 157 168 
4 170 159 158 169 
4 171 160 159 170 
4 172 161 160 171 
4 173 162 161 172 
4 174 163 162 173 
4 175 164 163 174 
4 177 166 165 176 
4 178 167 166 177 
4 179 168 167 178 
4 180 169 168 179 
4 181 170 169 180 
4 182 171 170 181 
4 183 172 171 182 
4 184 173 172 183 
4 185 174 173 184 
4 186 175 174 185 
4 188 177 176 187 
4 189 178 177 188 
4 190 179 178 189 
4 191 180 179 190 
4 192 181 180 191 
4 193 182 181 192 
4 194 183 182 193 
4 195 184 183 194 
4 196 185 184 195 
4 197 186 185 196 
4 199 188 187 198 
4 200 189 188 199 
4 201 190 189 200 
4 202 191 190 201 
4 203 192 191 202 
4 204 193 192 203 
4 205 194 193 204 
4 206 195 194 205 
4 207 196 195 206 
4 208 197 196 207 
4 210 199 198 209 
4 211 200 199 210 
4 212 201 200 211 
4 213 202 201 212 
4 214 203 202 213 
4 215 204 203 214 
4 216 205 204 215 
4 217 206 205 216 
4 218 207 206 217 
4 219 208 207 218 
4 221 210 209 220 
4 222 211 210 221 
4 223 212 211 222 
4 224 213 212 223 
4 225 214 213 224 
4 226 215 214 225 
4 227 216 215 226 
4 228 217 216 227 
4 229 218 217 228 
4 230 219 218 229 
4 232 221 220 231 
4 233 222 221 232 
4 234 223 222 233 
4 235 224 223 234 
4 236 225 224 235 
4 237 226 225 236 
4 238 227 226 237 
4 239 228 227 238 
4 240 229 228 239 
4 241 230 229 240 
4 243 232 231 242 
4 244 233 232 243 
4 245 234 233 244 
4 246 235 234 245 
4 247 236 235 246 
4 248 237 236 247 
4 249 238 237 248 
4 250 239 238 249 
4 251 240 239 250 
4 252 241 240 251 
4 254 243 242 253 
4 255 244 243 254 
4 256 245 244 255 
4 257 246 245 256 
4 258 247 246 257 
4 259 248 247 258 
4 260 249 248 259 
4 261 250 249 260 
4 262 251 250 261 
4 263 252 251 262 
4 265 254 253 264 
4 266 255 254 265 
4 267 256 255 266 
4 268 257 256 267 
4 269 258 257 268 
4 270 259 258 269 
4 271 260 259 270 
4 272 261 260 271 
4 273 262 261 272 
4 274 263 262 273 
4 276 265 264 275 
4 277 266 265 276 
4 278 267 266 277 
4 279 268 267 278 
4 280 269 268 279 
4 281 270 269 280 
4 282 271 270 281 
4 283 272 271 282 
4 284 273 272 283 
4 285 274 273 284 
4 287 276 275 286 
4 288 277 276 287 
4 289 278 277 288 
4 290 279 278 289 
4 291 280 279 290 
4 292 281 280 291 
4 293 282 281 292 
4 294 283 282 293 
4 295 284 283 294 
4 296 285 284 295 
4 298 287 286 297 
4 299 288 287 298 
4 300 289 288 299 
4 301 290 289 300 
4 302 291 290 301 
4 303 292 291 302 
4 304 293 292 303 
4 305 294 293 304 
4 306 295 294 305 
4 307 296 295 306 
4 309 298 297 308 
4 310 299 298 309 
4 311 300 299 310 
4 312 301 300 311 
4 313 302 301 312 
4 314 303 302 313 
4 315 304 303 314 
4 316 305 304 315 
4 317 306 305 316 
4 318 307 306 317 
4 320 309 308 319 
4 321 310 309 320 
4 322 311 310 321 
4 323 312 311 322 
4 324 313 312 323 
4 325 314 313 324 
4 326 315 314 325 
4 327 316 315 326 
4 328 317 316 327 
4 329 318 317 328 
4 331 320 319 330 
4 332 321 320 331 
4 333 322 321 332 
4 334 323 322 333 
4 335 324 323 334 
4 336 325 324 335 
4 337 326 325 336 
4 338 327 326 337 
4 339 328 327 338 
4 340 329 328 339 
4 342 331 330 341 
4 343 332 331 342 
4 344 333 332 343 
4 345 334 333 344 
4 346 335 334 345 
4 347 336 335 346 
4 348 337 336 347 
4 349 338 337 348 
4 350 339 338 349 
4 351 340 339 350 
4 353 342 341 352 
4 354 343 342 353 
4 355 344 343 354 
4 356 345 344 355 
4 357 346 345 356 
4 358 347 346 357 
4 359 348 347 358 
4 360 349 348 359 
4 361 350 349 360 
4 362 351 350 361 
4 364 353 352 363 
4 365 354 353 364 
4 366 355 354 365 
4 367 356 355 366 
4 368 357 356 367 
4 369 358 357 368 
4 370 359 358 369 
4 371 360 359 370 
4 372 361 360 371 
4 373 362 361 372 
4 375 364 363 374 
4 376 365 364 375 
4 377 366 365 376 
4 378 367 366 377 
4 379 368 367 378 
4 380 369 368 379 
4 381 370 369 380 
4 382 371 370 381 
4 383 372 371 382 
4 384 373 372 383 
4 386 375 374 385 
4 387 376 375 386 
4 388 377 376 387 
4 389 378 377 388 
4 390 379 378 389 
4 391 380 379 390 
4 392 381 380 391 
4 393 382 381 392 
4 394 383 382 393 
4 395 384 383 394 
4 397 386 385 396 
4 398 387 386 397 
4 399 388 387 398 
4 400 389 388 399 
4 401 390 389 400 
4 402 391 390 401 
4 403 392 391 402 
4 404 393 392 403 
4 405 394 393 404 
4 406 395 394 405 
4 408 397 396 407 
4 409 398 397 408 
4 410 399 398 409 
4 411 400 399 410 
4 412 401 400 411 
4 413 402 401 412 
4 414 403 402 413 
4 415 404 403 414 
4 416 405 404 415 
4 417 406 405 416 
4 419 408 407 418 
4 420 409 408 419 
4 421 410 409 420 
4 422 411 410 421 
4 423 412 411 422 
4 424 413 412 423 
4 425 414 413 424 
4 426 415 414 425 
4 427 416 415 426 
4 428 417 416 427 
4 430 419 418 429 
4 431 420 419 430 
4 432 421 420 431 
4 433 422 421 432 
4 434 423 422 433 
4 435 424 423 434 
4 436 425 424 435 
4 437 426 425 436 
4 438 427 426 437 
4 439 428 427 438 
4 441 430 429 440 
4 442 431 430 441 
4 443 432 431 442 
4 444 433 432 443 
4 445 434 433 444 
4 446 435 434 445 
4 447 436 435 446 
4 448 437 436 447 
4 449 438 437 448 
4 450 439 438 449 
4 452 441 440 451 
4 453 442 441 452 
4 454 443 442 453 
4 455 444 443 454 
4 456 445 444 455 
4 457 446 445 456 
4 458 447 446 457 
4 459 448 447 458 
4 460 449 448 459 
4 461 450 449 460 
4 463 452 451 462 
4 464 453 452 463 
4 465 454 453 464 
4 466 455 454 465 
4 467 456 455 466 
4 468 457 456 467 
4 469 458 457 468 
4 470 459 458 469 
4 471 460 459 470 
4 472 461 460 471 
4 474 463 462 473 
4 475 464 463 474 
4 476 465 464 475 
4 477 466 465 476 
4 478 467 466 477 
4 479 468 467 478 
4 480 469 468 479 
4 481 470 469 480 
4 482 471 470 481 
4 483 472 471 482 
4 485 474 473 484 
4 486 475 474 485 
4 487 476 475 486 
4 488 477 476 487 
4 489 478 477 488 
4 490 479 478 489 
4 491 480 479 490 
4 492 481 480 491 
4 493 482 481 492 
4 494 483 482 493 
4 496 485 484 495 
4 497 486 485 496 
4 498 487 486 497 
4 499 488 487 498 
4 500 489 488 499 
4 501 490 489 500 
4 502 491 490 501 
4 503 492 491 502 
4 504 493 492 503 
4 505 494 493 504 
4 507 496 495 506 
4 508 497 496 507 
4 509 498 497 508 
4 510 499 498 509 
4 511 500 499 510 
4 512 501 500 511 
4 513 502 501 512 
4 514 503 502 513 
4 515 504 503 514 
4 516 505 504 515 
4 518 507 506 517 
4 519 508 507 518 
4 520 509 508 519 
4 521 510 509 520 
4 522 511 510 521 
4 523 512 511 522 
4 524 513 512 523 
4 525 514 513 524 
4 526 515 514 525 
4 527 516 515 526 
4 529 518 517 528 
4 530 519 518 529 
4 531 520 519 530 
4 532 521 520 531 
4 533 522 521 532 
4 534 523 522 533 
4 535 524 523 534 
4 536 525 524 535 
4 537 526 525 536 
4 538 527 526 537 
4 540 529 528 539 
4 541 530 529 540 
4 542 531 530 541 
4 543 532 531 542 
4 544 533 532 543 
4 545 534 533 544 
4 546 535 534 545 
4 547 536 535 546 
4 548 537 536 547 
4 549 538 537 548 
4 551 540 539 550 
4 552 541 540 551 
4 553 542 541 552 
4 554 543 542 553 
4 555 544 543 554 
4 556 545 544 555 
4 557 546 545 556 
4 558 547 546 557 
4 559 548 547 558 
4 560 549 548 559 
4 562 551 550 561 
4 563 552 551 562 
4 564 553 552 563 
4 565 554 553 564 
4 566 555 554 565 
4 567 556 555 566 
4 568 557 556 567 
4 569 558 557 568 
4 570 559 558 569 
4 571 560 559 570 
4 573 562 561 572 
4 574 563 562 573 
4 575 564 563 574 
4 576 565 564 575 
4 577 566 565 576 
4 578 567 566 577 
4 579 568 567 578 
4 580 569 568 579 
4 581 570 569 580 
4 582 571 570 581 
4 584 573 572 583 
4 585 574 573 584 
4 586 575 574 585 
4 587 576 575 586 
4 588 577 576 587 
4 589 578 577 588 
4 590 579 578 589 
4 591 580 579 590 
4 592 581 580 591 
4 593 582 581 592 
4 595 584 583 594 
4 596 585 584 595 
4 597 586 585 596 
4 598 587 586 597 
4 599 588 587 598 
4 600 589 588 599 
4 601 590 589 600 
4 602 591 590 601 
4 603 592 591 602 
4 604 593 592 603 
4 606 595 594 605 
4 607 596 595 606 
4 608 597 596 607 
4 609 598 597 608 
4 610 599 598 609 
4 611 600 599 610 
4 612 601 600 611 
4 613 602 601 612 
4 614 603 602 613 
4 615 604 603 614 
4 617 606 605 616 
4 618 607 606 617 
4 619 608 607 618 
4 620 609 608 619 
4 621 610 609 620 
4 622 611 610 621 
4 623 612 611 622 
4 624 613 612 623 
4 625 614 613 624 
4 626 615 614 625 
4 628 617 616 627 
4 629 618 617 628 
4 630 619 618 629 
4 631 620 619 630 
4 632 621 620 631 
4 633 622 621 632 
4 634 623 622 633 
4 635 624 623 634 
4 636 625 624 635 
4 637 626 625 636 
4 639 628 627 638 
4 640 629 628 639 
4 641 630 629 640 
4 642 631 630 641 
4 643 632 631 642 
4 644 633 632 643 
4 645 634 633 644 
4 646 635 634 645 
4 647 636 635 646 
4 648 637 636 647 
4 650 639 638 649 
4 651 640 639 650 
4 652 641 640 651 
4 653 642 641 652 
4 654 643 642 653 
4 655 644 643 654 
4 656 645 644 655 
4 657 646 645 656 
4 658 647 646 657 
4 659 648 647 658 
4 661 650 649 660 
4 662 651 650 661 
4 663 652 651 662 
4 664 653 652 663 
4 665 654 653 664 
4 666 655 654 665 
4 667 656 655 666 
4 668 657 656 667 
4 669 658 657 668 
4 670 659 658 669 
4 672 661 660 671 
4 673 662 661 672 
4 674 663 662 673 
4 675 664 663 674 
4 676 665 664 675 
4 677 666 665 676 
4 678 667 666 677 
4 679 668 667 678 
4 680 669 668 679 
4 681 670 669 680 
4 683 672 671 682 
4 684 673 672 683 
4 685 674 673 684 
4 686 675 674 685 
4 687 676 675 686 
4 688 677 676 687 
4 689 678 677 688 
4 690 679 678 689 
4 691 680 679 690 
4 692 681 680 691 
4 694 683 682 693 
4 695 684 683 694 
4 696 685 684 695 
4 697 686 685 696 
4 698 687 686 697 
4 699 688 687 698 
4 700 689 688 699 
4 701 690 689 700 
4 702 691 690 701 
4 703 692 691 702 
4 705 694 693 704 
4 706 695 694 705 
4 707 696 695 706 
4 708 697 696 707 
4 709 698 697 708 
4 710 699 698 709 
4 711 700 699 710 
4 712 701 700 711 
4 713 702 701 712 
4 714 703 702 713 
4 716 705 704 715 
4 717 706 705 716 
4 718 707 706 717 
4 719 708 707 718 
4 720 709 708 719 
4 721 710 709 720 
4 722 711 710 721 
4 723 712 711 722 
4 724 713 712 723 
4 725 714 713 724 
4 727 716 715 726 
4 728 717 716 727 
4 729 718 717 728 
4 730 719 718 729 
4 731 720 719 730 
4 732 721 720 731 
4 733 722 721 732 
4 734 723 722 733 
4 735 724 723 734 
4 736 725 724 735 
4 738 727 726 737 
4 739 728 727 738 
4 740 729 728 739 
4 741 730 729 740 
4 742 731 730 741 
4 743 732 731 742 
4 744 733 732 743 
4 745 734 733 744 
4 746 735 734 745 
4 747 736 735 746 
4 749 738 737 748 
4 750 739 738 749 
4 751 740 739 750 
4 752 741 740 751 
4 753 742 741 752 
4 754 743 742 753 
4 755 744 743 754 
4 756 745 744 755 
4 757 746 745 756 
4 758 747 746 757 
4 760 749 748 759 
4 761 750 749 760 
4 762 751 750 761 
4 763 752 751 762 
4 764 753 752 763 
4 765 754 753 764 
4 766 755 754 765 
4 767 756 755 766 
4 768 757 756 767 
4 769 758 757 768 
4 771 760 759 770 
4 772 761 760 771 
4 773 762 761 772 
4 774 763 762 773 
4 775 764 763 774 
4 776 765 764 775 
4 777 766 765 776 
4 778 767 766 777 
4 779 768 767 778 
4 780 769 768 779 
4 782 771 770 781 
4 783 772 771 782 
4 784 773 772 783 
4 785 774 773 784 
4 786 775 774 785 
4 787 776 775 786 
4 788 777 776 787 
4 789 778 777 788 
4 790 779 778 789 
4 791 780 779 790 
4 793 782 781 792 
4 794 783 782 793 
4 795 784 783 794 
4 796 785 784 795 
4 797 786 785 796 
4 798 787 786 797 
4 799 788 787 798 
4 800 789 788 799 
4 801 790 789 800 
4 802 791 790 801 
4 804 793 792 803 
4 805 794 793 804 
4 806 795 794 805 
4 807 796 795 806 
4 808 797 796 807 
4 809 798 797 808 
4 810 799 798 809 
4 811 800 799 810 
4 812 801 800 811 
4 813 802 801 812 
4 815 804 803 814 
4 816 805 804 815 
4 817 806 805 816 
4 818 807 806 817 
4 819 808 807 818 
4 820 809 808 819 
4 821 810 809 820 
4 822 811 810 821 
4 823 812 811 822 
4 824 813 812 823 
4 826 815 814 825 
4 827 816 815 826 
4 828 817 816 827 
4 829 818 817 828 
4 830 819 818 829 
4 831 820 819 830 
4 832 821 820 831 
4 833 822 821 832 
4 834 823 822 833 
4 835 824 823 834 
4 837 826 825 836 
4 838 827 826 837 
4 839 828 827 838 
4 840 829 828 839 
4 841 830 829 840 
4 842 831 830 841 
4 843 832 831 842 
4 844 833 832 843 
4 845 834 833 844 
4 846 835 834 845 
4 848 837 836 847 
4 849 838 837 848 
4 850 839 838 849 
4 851 840 839 850 
4 852 841 840 851 
4 853 842 841 852 
4 854 843 842 853 
4 855 844 843 854 
4 856 845 844 855 
4 857 846 845 856 
4 859 848 847 858 
4 860 849 848 859 
4 861 850 849 860 
4 862 851 850 861 
4 863 852 851 862 
4 864 853 852 863 
4 865 854 853 864 
4 866 855 854 865 
4 867 856 855 866 
4 868 857 856 867 
4 870 859 858 869 
4 871 860 859 870 
4 872 861 860 871 
4 873 862 861 872 
4 874 863 862 873 
4 875 864 863 874 
4 876 865 864 875 
4 877 866 865 876 
4 878 867 866 877 
4 879 868 867 878 
4 881 870 869 880 
4 882 871 870 881 
4 883 872 871 882 
4 884 873 872 883 
4 885 874 873 884 
4 886 875 874 885 
4 887 876 875 886 
4 888 877 876 887 
4 889 878 877 888 
4 890 879 878 889 
4 892 881 880 891 
4 893 882 881 892 
4 894 883 882 893 
4 895 884 883 894 
4 896 885 884 895 
4 897 886 885 896 
4 898 887 886 897 
4 899 888 887 898 
4 900 889 888 899 
4 901 890 889 900 
4 903 892 891 902 
4 904 893 892 903 
4 905 894 893 904 
4 906 895 894 905 
4 907 896 895 906 
4 908 897 896 907 
4 909 898 897 908 
4 910 899 898 909 
4 911 900 899 910 
4 912 901 900 911 
4 914 903 902 913 
4 915 904 903 914 
4 916 905 904 915 
4 917 906 905 916 
4 918 907 906 917 
4 919 908 907 918 
4 920 909 908 919 
4 921 910 909 920 
4 922 911 910 921 
4 923 912 911 922 
4 925 914 913 924 
4 926 915 914 925 
4 927 916 915 926 
4 928 917 916 927 
4 929 918 917 928 
4 930 919 918 929 
4 931 920 919 930 
4 932 921 920 931 
4 933 922 921 932 
4 934 923 922 933 
4 936 925 924 935 
4 937 926 925 936 
4 938 927 926 937 
4 939 928 927 938 
4 940 929 928 939 
4 941 930 929 940 
4 942 931 930 941 
4 943 932 931 942 
4 944 933 932 943 
4 945 934 933 944 
4 947 936 935 946 
4 948 937 936 947 
4 949 938 937 948 
4 950 939 938 949 
4 951 940 939 950 
4 952 941 940 951 
4 953 942 941 952 
4 954 943 942 953 
4 955 944 943 954 
4 956 945 944 955 
4 958 947 946 957 
4 959 948 947 958 
4 960 949 948 959 
4 961 950 949 960 
4 962 951 950 961 
4 963 952 951 962 
4 964 953 952 963 
4 965 954 953 964 
4 966 955 954 965 
4 967 956 955 966 
4 969 958 957 968 
4 970 959 958 969 
4 971 960 959 970 
4 972 961 960 971 
4 973 962 961 972 
4 974 963 962 973 
4 975 964 963 974 
4 976 965 964 975 
4 977 966 965 976 
4 978 967 966 977 
4 980 969 968 979 
4 981 970 969 980 
4 982 971 970 981 
4 983 972 971 982 
4 984 973 972 983 
4 985 974 973 984 
4 986 975 974 985 
4 987 976 975 986 
4 988 977 976 987 
4 989 978 977 988 
4 991 980 979 990 
4 992 981 980 991 
4 993 982 981 992 
4 994 983 982 993 
4 995 984 983 994 
4 996 985 984 995 
4 997 986 985 996 
4 998 987 986 997 
4 999 988 987 998 
4 1000 989 988 999 
4 1002 991 990 1001 
4 1003 992 991 1002 
4 1004 993 992 1003 
4 1005 994 993 1004 
4 1006 995 994 1005 
4 1007 996 995 1006 
4 1008 997 996 1007 
4 1009 998 997 1008 
4 1010 999 998 1009 
4 1011 1000 999 1010 
4 1013 1002 1001 1012 
4 1014 1003 1002 1013 
4 1015 1004 1003 1014 
4 1016 1005 1004 1015 
4 1017 1006 1005 1016 
4 1018 1007 1006 1017 
4 1019 1008 1007 1018 
4 1020 1009 1008 1019 
4 1021 1010 1009 1020 
4 1022 1011 1010 1021 
4 1024 1013 1012 1023 
4 1025 1014 1013 1024 
4 1026 1015 1014 1025 
4 1027 1016 1015 1026 
4 1028 1017 1016 1027 
4 1029 1018 1017 1028 
4 1030 1019 1018 1029 
4 1031 1020 1019 1030 
4 1032 1021 1020 1031 
4 1033 1022 1021 1032 
4 1035 1024 1023 1034 
4 1036 1025 1024 1035 
4 1037 1026 1025 1036 
4 1038 1027 1026 1037 
4 1039 1028 1027 1038 
4 1040 1029 1028 1039 
4 1041 1030 1029 1040 
4 1042 1031 1030 1041 
4 1043 1032 1031 1042 
4 1044 1033 1032 1043 
4 1046 1035 1034 1045 
4 1047 1036 1035 1046 
4 1048 1037 1036 1047 
4 1049 1038 1037 1048 
4 1050 1039 1038 1049 
4 1051 1040 1039 1050 
4 1052 1041 1040 1051 
4 1053 1042 1041 1052 
4 1054 1043 1042 1053 
4 1055 1044 1043 1054 
4 1057 1046 1045 1056 
4 1058 1047 1046 1057 
4 1059 1048 1047 1058 
4 1060 1049 1048 1059 
4 1061 1050 1049 1060 
4 1062 1051 1050 1061 
4 1063 1052 1051 1062 
4 1064 1053 1052 1063 
4 1065 1054 1053 1064 
4 1066 1055 1054 1065 
4 1068 1057 1056 1067 
4 1069 1058 1057 1068 
4 1070 1059 1058 1069 
4 1071 1060 1059 1070 
4 1072 1061 1060 1071 
4 1073 1062 1061 1072 
4 1074 1063 1062 1073 
4 1075 1064 1063 1074 
4 1076 1065 1064 1075 
4 1077 1066 1065 1076 
4 1079 1068 1067 1078 
4 1080 1069 1068 1079 
4 1081 1070 1069 1080 
4 1082 1071 1070 1081 
4 1083 1072 1071 1082 
4 1084 1073 1072 1083 
4 1085 1074 1073 1084 
4 1086 1075 1074 1085 
4 1087 1076 1075 1086 
4 1088 1077 1076 1087 
4 1090 1079 1078 1089 
4 1091 1080 1079 1090 
4 1092 1081 1080 1091 
4 1093 1082 1081 1092 
4 1094 1083 1082 1093 
4 1095 1084 1083 1094 
4 1096 1085 1084 1095 
4 1097 1086 1085 1096 
4 1098 1087 1086 1097 
4 1099 1088 1087 1098 
4 1101 1090 1089 1100 
4 1102 1091 1090 1101 
4 1103 1092 1091 1102 
4 1104 1093 1092 1103 
4 1105 1094 1093 1104 
4 1106 1095 1094 1105 
4 1107 1096 1095 1106 
4 1108 1097 1096 1107 
4 1109 1098 1097 1108 
4 1110 1099 1098 1109 
CELL_DATA 1000
SCALARS ElementID int 1
LOOKUP_TABLE default
0
1
2
3
4
5
6
7
8
9
10
11
12
13
14
15
16
17
18
19
20
21
22
23
24
25
26
27
28
29
30
31
32
33
34
35
36
37
38
39
40
41
42
43
44
45
46
47
48
49
50
51
52
53
54
55
56
57
58
59
60
61
62
63
64
65
66
67
68
69
70
71
72
73
74
75
76
77
78
79
80
81
82
83
84
85
86
87
88
89
90
91
92
93
94
95
96
97
98
99
100
101
102
103
104
105
106
107
108
109
110
111
112
113
114
115
116
117
118
119
120
121
122
123
124
125
126
127
128
129
130
131
132
133
134
135
136
137
138
139
140
141
142
143
144
145
146
147
148
149
150
151
152
153
154
155
156
157
158
159
160
161
162
163
164
165
166
167
168
169
170
171
172
173
174
175
176
177
178
179
180
181
182
183
184
185
186
187
188
189
190
191
192
193
194
195
196
197
198
199
200
201
202
203
204
205
206
207
208
209
210
211
212
213
214
215
216
217
218
219
220
221
222
223
224
225
226
227
228
229
230
231
232
233
234
235
236
237
238
239
240
241
242
243
244
245
246
247
248
249
250
251
252
253
254
255
256
257
258
259
260
261
262
263
264
265
266
267
268
269
270
271
272
273
274
275
276
277
278
279
280
281
282
283
284
285
286
287
288
289
290
291
292
293
294
295
296
297
298
299
300
301
302
303
304
305
306
307
308
309
310
311
312
313
314
315
316
317
318
319
320
321
322
323
324
325
326
327
328
329
330
331
332
333
334
335
336
337
338
339
340
341
342
343
344
345
346
347
348
349
350
351
352
353
354
355
356
357
358
359
360
361
362
363
364
365
366
367
368
369
370
371
372
373
374
375
376
377
378
379
380
381
382
383
384
385
386
387
388
389
390
391
392
393
394
395
396
397
398
399
400
401
402
403
404
405
406
407
408
409
410
411
412
413
414
415
416
417
418
419
420
421
422
423
424
425
426
427
428
429
430
431
432
433
434
435
436
437
438
439
440
441
442
443
444
445
446
447
448
449
450
451
452
453
454
455
456
457
458
459
460
461
462
463
464
465
466
467
468
469
470
471
472
473
474
475
476
477
478
479
480
481
482
483
484
485
486
487
488
489
490
491
492
493
494
495
496
497
498
499
500
501
502
503
504
505
506
507
508
509
510
511
512
513
514
515
516
517
518
519
520
521
522
523
524
525
526
527
528
529
530
531
532
533
534
535
536
537
538
539
540
541
542
543
544
545
546
547
548
549
550
551
552
553
554
555
556
557
558
559
560
561
562
563
564
565
566
567
568
569
570
571
572
573
574
575
576
577
578
579
580
581
582
583
584
585
586
587
588
589
590
591
592
593
594
595
596
597
598
599
600
601
602
603
604
605
606
607
608
609
610
611
612
613
614
615
616
617
618
619
620
621
622
623
624
625
626
627
628
629
630
631
632
633
634
635
636
637
638
639
640
641
642
643
644
645
646
647
648
649
650
651
652
653
654
655
656
657
658
659
660
661
662
663
664
665
666
667
668
669
670
671
672
673
674
675
676
677
678
679
680
681
682
683
684
685
686
687
688
689
690
691
692
693
694
695
696
697
698
699
700
701
702
703
704
705
706
707
708
709
710
711
712
713
714
715
716
717
718
719
720
721
722
723
724
725
726
727
728
729
730
731
732
733
734
735
736
737
738
739
740
741
742
743
744
745
746
747
748
749
750
751
752
753
754
755
756
757
758
759
760
761
762
763
764
765
766
767
768
769
770
771
772
773
774
775
776
777
778
779
780
781
782
783
784
785
786
787
788
789
790
791
792
793
794
795
796
797
798
799
800
801
802
803
804
805
806
807
808
809
810
811
812
813
814
815
816
817
818
819
820
821
822
823
824
825
826
827
828
829
830
831
832
833
834
835
836
837
838
839
840
841
842
843
844
845
846
847
848
849
850
851
852
853
854
855
856
857
858
859
860
861
862
863
864
865
866
867
868
869
870
871
872
873
874
875
876
877
878
879
880
881
882
883
884
885
886
887
888
889
890
891
892
893
894
895
896
897
898
899
900
901
902
903
904
905
906
907
908
909
910
911
912
913
914
915
916
917
918
919
920
921
922
923
924
925
926
927
928
929
930
931
932
933
934
935
936
937
938
939
940
941
942
943
944
945
946
947
948
949
950
951
952
953
954
955
956
957
958
959
960
961
962
963
964
965
966
967
968
969
970
971
972
973
974
975
976
977
978
979
980
981
982
983
984
985
986
987
988
989
990
991
992
993
994
995
996
997
998
999
FIELD FieldData 8
Eps_xx 1 1000 float
-0.002418986137751268 -0.001709412185188336 -0.001194400310208805 -0.0007080731783822493 -0.0002349497219236554 0.0002349497219332815 0.0007080731783906183 0.001194400310214805 0.001709412185190901 0.002418986137749224 -0.00238376656654527 -0.001870545351485622 -0.001292909581833677 -0.0007647704624093747 -0.0002530721251144923 0.0002530721250731139 0.0007647704623712039 0.001292909581801726 0.00187054535146218 0.002383766566532199 -0.002347648323463313 -0.001868538196483744 -0.001335863363903164 -0.0007946678611912306 -0.000263809517315286 0.0002638095173583947 0.0007946678612300732 0.001335863363933897 0.001868538196503011 0.002347648323469319 -0.00233434019198602 -0.001843021436939659 -0.001329241676241253 -0.0007996970951245322 -0.0002664355398427734 0.0002664355397987508 0.0007996970950839379 0.001329241676207442 0.001843021436915355 0.002334340191973131 -0.002319617545376221 -0.001819057184966443 -0.00131028083643814 -0.0007904405971463854 -0.0002641038191344382 0.0002641038191390482 0.0007904405971501573 0.001310280836440359 0.001819057184966251 0.002319617545373448 -0.002301675653771082 -0.001797438053121002 -0.001290779152516909 -0.000777883832712119 -0.0002599020861554102 0.0002599020861932545 0.0007778838327462305 0.001290779152544058 0.001797438053138535 0.002301675653777114 -0.002280847548002429 -0.001777228784777195 -0.001273172430487421 -0.0007659957024786658 -0.0002557387542585955 0.0002557387541439153 0.0007659957023737371 0.001273172430401098 0.00177722878471662 0.00228084754797262 -0.002258224198425357 -0.001757706022802657 -0.001257310388412511 -0.0007554941138085666 -0.0002520581418699447 0.0002520581420522558 0.00075549411397448 0.001257310388547008 0.001757706022893616 0.002258224198464372 -0.002234617918944014 -0.001738498466897919 -0.001242579338319865 -0.0007460745160667639 -0.0002488037493983015 0.0002488037491349948 0.0007460745158263917 0.001242579338123195 0.001738498466762248 0.002234617918880779 -0.002210528654459061 -0.001719426156211049 -0.001228474825578166 -0.0007373115709594449 -0.0002458207231375196 0.0002458207234500956 0.0007373115712442512 0.001228474825809458 0.001719426156368176 0.002210528654527746 -0.002186223107181228 -0.001700407029496527 -0.001214681848904317 -0.0007288957785077455 -0.0002429854052614727 0.0002429854049135471 0.000728895778190267 0.001214681848644852 0.001700407029318338 0.002186223107099359 -0.002161830379418078 -0.001681406052226147 -0.00120102971954567 -0.000720645475586192 -0.0002402221252069434 0.0002402221255366505 0.0007206454758867298 0.001201029719789826 0.001681406052392059 0.002161830379490636 -0.002137407226317656 -0.001662409678963051 -0.001187435047025808 -0.0007124667002413383 -0.0002374907012561868 0.0002374907009794364 0.0007124666999887263 0.00118743504681926 0.001662409678821378 0.002137407226252836 -0.002112976031736396 -0.001643413442203422 -0.001173860786157624 -0.0007043154751032122 -0.0002347719054390186 0.0002347719056005343 0.0007043154752504901 0.001173860786277138 0.001643413442284058 0.00211297603177063 -0.002088544332179461 -0.001624416317439923 -0.001160292146536012 -0.0006961731554413827 -0.0002320573957022511 0.0002320573956942663 0.0006961731554336917 0.001160292146529161 0.001624416317434909 0.002088544332176683 -0.002064113945043923 -0.001605418370593867 -0.001146724050918472 -0.0006880327445657668 -0.0002293439424236272 0.0002293439422276997 0.0006880327443871855 0.001146724050772868 0.001605418370493264 0.002064113944996804 -0.002039684838922265 -0.001586419886209473 -0.001133155210582084 -0.0006798920886341992 -0.00022663049335364 0.0002266304937746472 0.000679892089017498 0.001133155210894001 0.001586419886422464 0.002039684839018044 -0.002015256586757903 -0.001567421101313773 -0.00111958558539379 -0.0006717507953516197 -0.0002239168186120441 0.00022391681794677 0.000671750794745132 0.001119585584899897 0.001567421100975105 0.002015256586604001 -0.001990828821541947 -0.001548422165001955 -0.001106015419516144 -0.0006636089814861734 -0.0002212029361728377 0.0002212029370714873 0.000663608982304944 0.00110601542018305 0.00154842216545769 0.001990828821747337 -0.001966401301182536 -0.001529423159980422 -0.001092444947372234 -0.0006554668500222724 -0.0002184889241992411 0.000218488923088445 0.000655466849009588 0.001092444946547528 0.001529423159415748 0.001966401300927299 -0.001941973892279086 -0.001510424126346768 -0.00107887431689663 -0.0006473245434153804 -0.0002157748369625663 0.0002157748382402575 0.0006473245445799021 0.001078874317845425 0.001510424126995593 0.001941973892571679 -0.001917546528555097 -0.001491425082468622 -0.00106530361537219 -0.0006391821548388969 -0.0002130607149966312 0.0002130607136086023 0.0006391821535734297 0.001065303614341329 0.001491425081763243 0.001917546528236936 -0.001893119177984533 -0.001472426035847579 -0.001051732881811941 -0.0006310397252345987 -0.0002103465735500437 0.0002103465749809456 0.000631039726539197 0.001051732882875035 0.0014724260365751 0.00189311917831289 -0.001868691834747077 -0.001453426989847013 -0.001038162137932606 -0.0006228972827212527 -0.0002076324278219062 0.0002076324264216838 0.0006228972814446067 0.001038162136892186 0.001453426989135297 0.001868691834426407 -0.001844264492711069 -0.001434427941119043 -0.001024591387574301 -0.000614754832428064 -0.0002049182769640745 0.0002049182782659476 0.0006147548336155868 0.00102459138854236 0.001434427941782284 0.00184426449301097 -0.001819837150104571 -0.001415428895321747 -0.001011020639715623 -0.0006066123835401251 -0.0002022041282663274 0.0002022041271285612 0.0006066123825025489 0.00101102063886942 0.0014154288947428 0.001819837149843729 -0.001795409804683731 -0.001396429847909252 -0.0009974498921891577 -0.0005984699360124388 -0.0001994899784398972 0.0001994899793697629 0.0005984699368612883 0.0009974498928819039 0.001396429848385014 0.001795409804899751 -0.001770982459902889 -0.001377430803077917 -0.0009838791463018717 -0.0005903274886717977 -0.0001967758299040676 0.0001967758292190567 0.000590327488046608 0.0009838791457911185 0.001377430802727998 0.001770982459745313 -0.001746555115510324 -0.001358431757329096 -0.0009703083991057602 -0.0005821850401768091 -0.0001940616802455053 0.0001940616806821941 0.0005821850405764784 0.0009703083994333523 0.001358431757555708 0.001746555115614603 -0.001722127773293407 -0.001339432713105806 -0.0009567376533943839 -0.0005740425931354187 -0.0001913475311889993 0.0001913475309993482 0.0005740425929613116 0.0009567376532508034 0.001339432713006439 0.001722127773248682 -0.001697700430313775 -0.001320433668412414 -0.0009431669067070936 -0.0005659001443877974 -0.0001886333815866561 0.0001886333815678097 0.0005659001443724462 0.0009431669066974788 0.001320433668408805 0.001697700430314848 -0.001673273085963076 -0.001301434622188034 -0.0009295961589613273 -0.0005577576955536751 -0.0001859192319105562 0.0001859192321042632 0.0005577576957286044 0.0009295961591018793 0.001301434622282508 0.00167327308600582 -0.001648845742208411 -0.001282435577840942 -0.0009160254124198643 -0.0005496152475025217 -0.0001832050825304071 0.0001832050822284643 0.000549615247229364 0.0009160254122009947 0.001282435577694473 0.001648845742145362 -0.001624418397300305 -0.001263436532520865 -0.0009024546657391639 -0.0005414727989819083 -0.0001804909328634321 0.0001804909332259712 0.0005414727993103699 0.0009024546660044634 0.001263436532700443 0.001624418397381675 -0.00159999105298291 -0.00124443748591945 -0.0008888839192016275 -0.0005333303511873694 -0.0001777767834607205 0.0001777767831092014 0.0005333303508693244 0.0008888839189465617 0.001244437485748499 0.001599991052908955 -0.001575563709376615 -0.001225438440358204 -0.000875313171077514 -0.0005251879017899878 -0.0001750626337086946 0.0001750626340109676 0.0005251879020633226 0.0008753131712976654 0.001225438440507011 0.001575563709444426 -0.00155113636458648 -0.001206439393041948 -0.0008617424222673628 -0.0005170454531676024 -0.0001723484845412773 0.0001723484843414994 0.0005170454529882958 0.0008617424221254072 0.001206439392948474 0.001551136364547242 -0.001526709017489738 -0.001187440345462321 -0.0008481716751516966 -0.0005089030051153452 -0.0001696343349905798 0.0001696343350775649 0.0005089030051924625 0.0008481716752115997 0.001187440345501878 0.001526709017508618 -0.0015022816722205 -0.001168441301318291 -0.0008346009295786037 -0.0005007605575877137 -0.0001669201859572228 0.0001669201860037517 0.0005007605576331751 0.0008346009296195808 0.001168441301350112 0.001502281672237362 -0.001477854330016848 -0.001149442257436163 -0.0008210301830769487 -0.0004926181096030188 -0.0001642060363933002 0.0001642060362379487 0.0004926181094591866 0.0008210301829566131 0.001149442257352969 0.001477854329980741 -0.001453426985486842 -0.001130443210884221 -0.0008074594365291236 -0.0004844756619607631 -0.0001614918874373008 0.0001614918876896177 0.0004844756621939437 0.0008074594367229278 0.001130443211020402 0.00145342698555041 -0.001428999643542789 -0.001111444165210779 -0.0007938886896967288 -0.0004763332137890356 -0.0001587777378538431 0.0001587777375562129 0.0004763332135155821 0.0007938886894708429 0.00111144416505546 0.001428999643474402 -0.001404572299581853 -0.001092445120582019 -0.0007803179427912118 -0.0004681907661294953 -0.0001560635887628259 0.0001560635890746055 0.0004681907664168227 0.0007803179430290756 0.001092445120748086 0.001404572299658815 -0.00138014495306798 -0.001073446076787569 -0.0007667471985519255 -0.0004600483198917196 -0.0001533494402927693 0.0001533494400264692 0.000460048319646754 0.0007667471983495561 0.001073446076648272 0.00138014495300671 -0.001355717609120866 -0.001054447031522073 -0.0007531764525977985 -0.0004519058717505233 -0.0001506352902496897 0.000150635290441195 0.0004519058719278024 0.0007531764527461436 0.001054447031626501 0.001355717609169976 -0.001331290265940298 -0.001035447984617648 -0.0007396057041679651 -0.0004437634234184006 -0.0001479211416446327 0.0001479211415738487 0.0004437634233516325 0.0007396057041112879 0.001035447984577646 0.001331290265923561 -0.001306862921885384 -0.001016448939201222 -0.0007260349559894115 -0.0004356209731455063 -0.0001452069908761357 0.0001452069908179785 0.0004356209730947522 0.0007260349559518365 0.001016448939178075 0.001306862921877132 -0.001282435575764959 -0.0009974498926023589 -0.0007124642080033685 -0.0004274785238038855 -0.0001424928409132619 0.0001424928411170924 0.0004274785239876772 0.0007124642081514415 0.0009974498927022546 0.001282435575811147 -0.001258008231809222 -0.0009784508450929412 -0.0006988934602564354 -0.000419336076345769 -0.0001397786922780462 0.0001397786919496496 0.0004193360760481421 0.0006988934600173297 0.0009784508449316514 0.001258008231738772 -0.001233580886935556 -0.000959451799447166 -0.0006853227136765995 -0.0004111936277525979 -0.0001370645422544486 0.000137064542693696 0.0004111936281513663 0.0006853227140000924 0.0009594517996670376 0.001233580887035425 -0.001209153541188443 -0.0009404527551036098 -0.0006717519673308798 -0.0004030511797176032 -0.000134350393434663 0.0001343503929292908 0.0004030511792581931 0.0006717519669593122 0.0009404527548513815 0.001209153541076645 -0.001184726197883099 -0.0009214537098697164 -0.0006581812206779999 -0.000394908731858893 -0.0001316362437130518 0.0001316362442519654 0.0003949087323490584 0.0006581812210762526 0.0009214537101412486 0.001184726198006038 -0.001160298854877518 -0.0009024546653197572 -0.0006446104754643543 -0.0003867662849653197 -0.000128922095055299 0.0001289220945344384 0.0003867662844915583 0.0006446104750800812 0.0009024546650584261 0.001160298854761195 -0.001135871510956915 -0.0008834556187919796 -0.0006310397281444149 -0.0003786238378718965 -0.0001262079458071459 0.000126207946276854 0.0003786238382995604 0.0006310397284920494 0.0008834556190295225 0.001135871511064357 -0.001111444167334877 -0.0008644565744454973 -0.000617468982549683 -0.0003704813906266818 -0.0001234937975149327 0.0001234937971359738 0.0003704813902819031 0.000617468982269454 0.000864456574254903 0.001111444167249641 -0.001087016822541766 -0.0008454575306685471 -0.0006038982363052215 -0.0003623389414463454 -0.0001207796472816096 0.0001207796475518447 0.0003623389416927084 0.000603898236505352 0.0008454575308057878 0.001087016822604049 -0.001062589478231577 -0.0008264584840168522 -0.000590327488336562 -0.000354196492720137 -0.000118065497050292 0.0001180654969033072 0.0003541964925866087 0.000590327488227622 0.000826458483943014 0.00106258947819852 -0.001038162134744046 -0.000807459435948422 -0.0005767567403509293 -0.0003460540443331594 -0.0001153513479657873 0.0001153513479948284 0.0003460540443598874 0.0005767567403723035 0.0008074594359638195 0.001038162134751312 -0.0010137347902139 -0.0007884603910970788 -0.0005631859930374299 -0.0003379115957364852 -0.0001126371989680721 0.0001126371990445157 0.0003379115958065719 0.0005631859930939348 0.0007884603911359768 0.001013734790230903 -0.0009893074432069798 -0.000769461346304706 -0.0005496152462351247 -0.0003297691467057812 -0.0001099230486502804 0.0001099230484933803 0.0003297691465631047 0.0005496152461184568 0.0007694613462255724 0.000989307443171477 -0.0009648800988267911 -0.0007504622977322074 -0.000536044498690065 -0.0003216266989976233 -0.0001072088987365377 0.0001072088989412392 0.0003216266991845299 0.0005360444988417936 0.0007504622978359377 0.0009648800988727455 -0.0009404527536188968 -0.0007314632521657992 -0.0005224737518455737 -0.0003134842521478559 -0.0001044947516094339 0.000104494751391406 0.0003134842519491428 0.0005224737516830856 0.0007314632520550058 0.000940452753569012 -0.0009160254080591688 -0.000712464208109622 -0.0005089030063015331 -0.0003053418044600187 -0.0001017806020414391 0.0001017806022340286 0.0003053418046359037 0.0005089030064447221 0.000712464208207483 0.0009160254081028009 -0.000891598066763494 -0.0006934651626699855 -0.0004953322602579318 -0.0002971993567938798 -9.906645218572279e-05 9.906645204751149e-05 0.0002971993566673124 0.0004953322601542523 0.0006934651625988017 0.000891598066731136 -0.00086717072270551 -0.0006744661189806071 -0.0004817615137431521 -0.0002890569082811254 -9.635230304905727e-05 9.6352303102261e-05 0.0002890569083300424 0.000481761513783826 0.000674466119008362 0.00086717072271741 -0.0008427433802850913 -0.0006554670746581018 -0.0004681907682523977 -0.0002809144609976991 -9.363815359852146e-05 9.363815364190467e-05 0.0002809144610360716 0.0004681907682825957 0.0006554670746772268 0.0008427433802930718 -0.0008183160387929039 -0.0006364680292237342 -0.000454620021678116 -0.0002727720134812886 -9.092400416498018e-05 9.092400401212135e-05 0.0002727720133426401 0.000454620021567027 0.0006364680291478313 0.000818316038758348 -0.0007938886925827416 -0.000617468983726385 -0.000441049273341682 -0.0002646295637742268 -8.820985463328952e-05 8.820985488600691e-05 0.0002646295640024872 0.0004410492735258766 0.0006174689838497505 0.0007938886926372294 -0.0007694613472991478 -0.00059846993576899 -0.0004274785254204805 -0.0002564871153060898 -8.549570535436061e-05 8.549570500744027e-05 0.0002564871149910002 0.0004274785251664244 0.0005984699355957806 0.0007694613472204698 -0.0007450340003657401 -0.0005794708893104201 -0.0004139077772379139 -0.000248344665460446 -8.278155433733594e-05 8.278155475326788e-05 0.000248344665836999 0.0004139077775421432 0.0005794708895152706 0.0007450340004562047 -0.000720606654783529 -0.0005604718430102009 -0.0004003370304932704 -0.0002402022177215475 -8.006740624174348e-05 8.006740577107037e-05 0.0002402022172944741 0.0004003370301488291 0.0005604718427757581 0.0007206066546773208 -0.0006961793098894418 -0.0005414727962978564 -0.0003867662835112758 -0.0002320597704555617 -7.735325666442955e-05 7.735325716075203e-05 0.0002320597709047839 0.0003867662838733125 0.0005414727965422724 0.0006961793099981146 -0.0006717519657657529 -0.0005224737525508206 -0.0003731955370805235 -0.0002239173220946874 -7.463910749328806e-05 7.463910698203299e-05 0.0002239173216315704 0.0003731955367068955 0.0005224737522974049 0.0006717519656510497 -0.0006473246239603357 -0.000503474705558333 -0.0003596247900717117 -0.0002157748745761071 -7.192495840497266e-05 7.192495890878407e-05 0.0002157748750320073 0.0003596247904380721 0.0005034747058056363 0.0006473246240702121 -0.0006228972799509048 -0.0004844756615833458 -0.0003460540446701849 -0.0002076324275332878 -6.921080926573298e-05 6.921080876732931e-05 0.0002076324270827647 0.0003460540443072151 0.0004844756613378809 0.0006228972798394217 -0.0005984699348374795 -0.0004654766182515338 -0.0003324832997282041 -0.0001994899796577299 -6.649665976742034e-05 6.649666024992593e-05 0.0001994899800938161 0.0003324833000773222 0.0004654766184867704 0.0005984699349417156 -0.0005740425877859565 -0.0004464775727275665 -0.0003189125549346722 -0.0001913475346340657 -6.378251195648669e-05 6.378251147688321e-05 0.0001913475342011766 0.0003189125545865582 0.0004464775724928267 0.0005740425876794096 -0.0005496152429664901 -0.0004274785281528333 -0.0003053418085370333 -0.0001832050850650421 -6.106836131328375e-05 6.106836178765011e-05 0.0001832050854932062 0.0003053418088791491 0.0004274785283828208 0.0005496152430682077 -0.0005251878979298304 -0.0004084794852796104 -0.0002917710592582309 -0.0001750626312705607 -5.835420955069596e-05 5.835420906553586e-05 0.000175062630832824 0.0002917710589068691 0.0004084794850428164 0.0005251878978223476 -0.0005007605584279643 -0.0003894804395941863 -0.0002782002971126755 -0.0001669201622517192 -5.56400498754665e-05 5.564005036791494e-05 0.0001669201626957503 0.0002782002974673904 0.0003894804398319385 0.0005007605585326886 -0.0004763332364415556 -0.000370481391628657 -0.0002646295041409939 -0.0001587776544396948 -5.292587408076656e-05 5.292587357164196e-05 0.0001587776539802435 0.0002646295037726404 0.0003704813913803449 0.0004763332363296077 -0.0004519059604784452 -0.0003514823316385121 -0.0002510586376874436 -0.0001506350633342992 -5.021166145256482e-05 5.021166196409499e-05 0.0001506350637953815 0.0002510586380561894 0.0003514823318855522 0.000451905960587585 -0.0004274787941587878 -0.0003324832438023547 -0.0002374876181523649 -0.0001424923044886815 -4.749737909696703e-05 4.749737858697164e-05 0.000142492304028532 0.0002374876177840353 0.0003324832435543495 0.0004274787940471059 -0.0004030518684733095 -0.0003134840875314869 -0.0002239162995089808 -0.0001343492351198007 -4.478296759089711e-05 4.47829680709587e-05 0.0001343492355521912 0.0002239162998544012 0.000313484087762164 0.0004030518685750187 -0.0003786254147845971 -0.0002944847825228406 -0.0002103444683040921 -0.0001262056817635311 -4.206836710585246e-05 4.20683666735418e-05 0.0001262056813742325 0.0002103444679934063 0.0002944847823142904 0.0003786254146910418 -0.0003541997796445905 -0.0002754851844870629 -0.0001967719135877245 -0.0001180615635917621 -3.935357103159509e-05 3.935357137901795e-05 0.0001180615639033428 0.0001967719138346684 0.0002754851846503847 0.0003541997797150927 -0.0003297753309518259 -0.0002564850719751908 -0.0001831987552931879 -0.0001099173580109839 -3.663884720580768e-05 3.663884696757279e-05 0.0001099173577983586 0.0001831987551261732 0.0002564850718652584 0.0003297753309025623 -0.0003053519714519572 -0.0002374841980146288 -0.0001696264314104487 -0.0001017753686866469 -3.392530734511942e-05 3.392530743921305e-05 0.0001017753687675732 0.0001696264314696508 0.0002374841980499147 0.0003053519714652226 -0.000280927652821449 -0.0002184825820900356 -0.0001560602624552857 -9.364279957710927e-05 -3.121625683459808e-05 3.121625690034e-05 9.364279964144773e-05 0.0001560602625133295 0.0002184825821337514 0.0002809276528421989 -0.0002564944478499304 -0.0001994814276859361 -0.0001425153451551905 -8.553845753705282e-05 -2.852007415723738e-05 2.85200739123139e-05 8.55384573094087e-05 0.0001425153449638048 0.0001994814275503847 0.0002564944477867338 -0.0002320294465020044 -0.0001804855568381305 -0.0001290288510995777 -7.750604661454767e-05 -2.585580238100814e-05 2.585580279872466e-05 7.750604699905826e-05 0.0001290288514178646 0.0001804855570594525 0.0002320294466026412 -0.0002074755291427387 -0.0001615090377000672 -0.00011568311536763 -6.96378400397248e-05 -2.326288881620801e-05 2.326288823362823e-05 6.963783950479109e-05 0.0001156831149267572 0.0001615090373944109 0.0002074755290033381 -0.0001827049475670294 -0.0001425862881460056 -0.0001026431287828579 -6.211123664063095e-05 -2.081608999976072e-05 2.081609071301179e-05 6.211123729393556e-05 0.0001026431293196156 0.0001425862885159132 0.0001827049477343058 -0.000157458964634375 -0.0001237878425175978 -9.020232168094505e-05 -5.523451380479582e-05 -1.8644740982762e-05 1.864474017525091e-05 5.523451306543414e-05 9.020232107491127e-05 0.0001237878420998031 0.0001574589644444349 -0.000131274776700684 -0.000105218889646682 -7.879487092763947e-05 -4.94832804190621e-05 -1.695878497757205e-05 1.695878582337422e-05 4.948328119241941e-05 7.87948715612001e-05 0.0001052188900816856 0.0001312747768969524 -0.0001034684301685661 -8.688524074732558e-05 -6.8834402901876e-05 -4.551167642131616e-05 -1.608592666000413e-05 1.608592583070596e-05 4.551167566289347e-05 6.883440228135628e-05 8.688524032027073e-05 0.0001034684299751151 -7.343650815663271e-05 -6.814259847321863e-05 -6.004715658834657e-05 -4.405495219422709e-05 -1.669109337744202e-05 1.669109412848652e-05 4.405495288030876e-05 6.004715714977218e-05 6.81425988581841e-05 7.343650833006823e-05 -4.231856431684228e-05 -4.617822417823281e-05 -4.942368214723829e-05 -4.5763985233395e-05 -1.973026632970808e-05 1.973026571075241e-05 4.576398466764601e-05 4.942368168496551e-05 4.617822386052624e-05 4.23185641732108e-05 -1.535523055625616e-05 -2.048258187905873e-05 -2.369920948635758e-05 -4.470976616874213e-05 -3.121084613982773e-05 3.121084657965751e-05 4.470976657048339e-05 2.369920981500233e-05 2.048258210452371e-05 1.535523065778326e-05 -1.84706384413032e-06 -8.13318029903967e-07 5.950354768095388e-06 1.455213847105097e-05 9.739348928593641e-06 -9.739349156467522e-06 -1.455213867837963e-05 -5.950354938480297e-06 8.133179134387778e-07 1.847063790255944e-06 
Eps_yy 1 1000 float
0.0003625054905415932 0.0001787410526466669 9.931306417080412e-05 5.221509718974618e-05 1.63725662842929e-05 -1.637256628430444e-05 -5.22150971893805e-05 -9.931306417096246e-05 -0.0001787410526461095 -0.0003625054905408146 0.0007091081234828963 0.0004475254103425997 0.0002672041914027269 0.0001444584009826861 4.582202811627512e-05 -4.58220281161031e-05 -0.0001444584009810798 -0.000267204191403334 -0.0004475254103404519 -0.0007091081234821583 0.0006989952384320441 0.0005458417643867139 0.0003636732634719618 0.0002055938921759803 6.646438521778503e-05 -6.646438521764148e-05 -0.0002055938921724563 -0.0003636732634739703 -0.0005458417643823906 -0.0006989952384327103 0.0007022566113688657 0.0005538137424371824 0.000395455994606447 0.0002333157237101186 7.684180190232149e-05 -7.684180190307333e-05 -0.0002333157237041845 -0.0003954559946116072 -0.0005538137424300476 -0.0007022566113708449 0.0006971810785631276 0.0005498527384201913 0.000397275145282393 0.0002395488009758365 7.985327275183613e-05 -7.985327275351018e-05 -0.0002395488009660181 -0.0003972751452919134 -0.0005498527384086332 -0.0006971810785680887 0.0006914215926933659 0.0005424321177088625 0.0003917325524970484 0.0002369820039612364 7.932545136548326e-05 -7.932545136904173e-05 -0.0002369820039469899 -0.0003917325525127623 -0.0005424321176919398 -0.0006914215927012274 0.0006847588240008794 0.000535146943809243 0.0003850065882232656 0.0002325058487106932 7.778435834468567e-05 -7.778435835008437e-05 -0.0002325058486909869 -0.0003850065882458525 -0.0005351469437858806 -0.0006847588240128043 0.0006777255462802363 0.0005283749971603572 0.0003789357211667212 0.0002282609146451824 7.626841433798693e-05 -7.626841434547062e-05 -0.0002282609146201565 -0.0003789357211964343 -0.0005283749971306258 -0.0006777255462959344 0.000670505093497372 0.0005220676948678567 0.0003736585342875713 0.0002246666869924133 7.49870582854151e-05 -7.498705829477979e-05 -0.0002246666869629607 -0.0003736585343234173 -0.0005220676948327699 -0.0006705050935161706 0.0006632092429344952 0.0005160575760770358 0.0003689503631755095 0.0002215928125725458 7.391202189376827e-05 -7.391202190400745e-05 -0.0002215928125401132 -0.0003689503632148542 -0.0005160575760385689 -0.0006632092429556926 0.0006558858929540465 0.0005102137018753839 0.000364574689727405 0.0002188399863479263 7.296766027770437e-05 -7.296766028844069e-05 -0.0002188399863159156 -0.0003645746897671762 -0.0005102137018372378 -0.0006558858929746429 0.0006485549452510218 0.0005044532154492407 0.0003603713596230142 0.0002162589251143034 7.209457905061585e-05 -7.209457905966237e-05 -0.0002162589250853279 -0.0003603713596580878 -0.0005044532154149109 -0.0006485549452701251 0.0006412232155095714 0.0004987308513761582 0.0003562489502007435 0.0002137607336961359 7.12563540093115e-05 -7.125635401647495e-05 -0.000213760733674664 -0.0003562489502272902 -0.0004987308513505574 -0.0006412232155228626 0.0006338924663419587 0.0004930242411493525 0.0003521610015113613 0.0002112988276583637 7.043360760146958e-05 -7.043360760440217e-05 -0.0002112988276464826 -0.0003521610015245084 -0.0004930242411354052 -0.000633892466349288 0.0006265627624467165 0.0004873233378416936 0.0003480860695712441 0.0002088511387682139 6.961703092848462e-05 -6.961703092753403e-05 -0.0002088511387689635 -0.0003480860695690964 -0.0004873233378425602 -0.0006265627624447889 0.0006192337777938878 0.0004816240740903784 0.0003440152023865397 0.0002064081836118788 6.880256888266405e-05 -6.880256887678976e-05 -0.0002064081836248046 -0.0003440152023678458 -0.000481624074106125 -0.0006192337777839026 0.0006119052068456151 0.0004759250258085842 0.0003399451104186992 0.0002039663403337392 6.798864095271905e-05 -6.798864094307989e-05 -0.0002039663403579233 -0.000339945110385943 -0.0004759250258376804 -0.0006119052068275523 0.0006045768481843738 0.0004702258078761828 0.0003358748210426804 0.0002015244503619512 6.717472696844431e-05 -6.717472695599394e-05 -0.0002015244503939415 -0.0003358748209999943 -0.0004702258079144661 -0.0006045768481611517 0.0005972485857768932 0.0004645263903919678 0.0003318041822202644 0.0001990822746063034 6.636070759831014e-05 -6.636070758463504e-05 -0.0001990822746411433 -0.0003318041821738052 -0.0004645263904336009 -0.0005972485857520379 0.0005899203640301146 0.0004588268308189865 0.0003277332752734795 0.0001966398535387337 6.554659134930767e-05 -6.554659133723929e-05 -0.0001966398535712301 -0.0003277332752311212 -0.0004588268308576109 -0.0005899203640067617 0.0005825921578654746 0.000453127189690176 0.0003236622058155162 0.000194197276011168 6.473241199399014e-05 -6.473241198455415e-05 -0.0001941972760349612 -0.0003236622057834068 -0.0004531271897188534 -0.0005825921578489662 0.0005752639548007683 0.0004474275084268866 0.000319591049526644 0.0001917546128935873 6.391819806275558e-05 -6.391819805889815e-05 -0.0001917546129055922 -0.000319591049511503 -0.0004474275084410719 -0.0005752639547920635 0.000567935752818519 0.0004417278073490503 0.000315519853293245 0.0001893119070602742 6.310396672073776e-05 -6.31039667217549e-05 -0.0001893119070565035 -0.0003155198532975943 -0.0004417278073445182 -0.0005679357528219462 0.0005606075508254901 0.0004360280977820528 0.0003114486381132235 0.0001868691823100837 6.228972554436745e-05 -6.228972555201011e-05 -0.0001868691822917239 -0.0003114486381385579 -0.0004360280977596686 -0.0005606075508384927 0.0005532793481058213 0.0004303283823959575 0.0003073774160031832 0.0001844264490157733 6.147548198090688e-05 -6.147548199280291e-05 -0.0001844264489834546 -0.0003073774160452151 -0.0004303283823574096 -0.00055327934812955 0.0005459511446490725 0.0004246286668159785 0.000303306191696905 0.0001819837148776322 6.066123754794937e-05 -6.066123756394107e-05 -0.0001819837148369555 -0.0003033061917513529 -0.0004246286667673109 -0.0005459511446781256 0.0005386229411462449 0.000418928953782342 0.0002992349679321084 0.0001795409807026501 5.984699368822019e-05 -5.984699370517737e-05 -0.0001795409806581831 -0.0002992349679909537 -0.0004189289537292679 -0.0005386229411785242 0.0005312947383227123 0.0004132292403884085 0.0002951637455679967 0.0001770982465395811 5.903275007501568e-05 -5.903275009127171e-05 -0.0001770982464982789 -0.0002951637456236687 -0.0004132292403385007 -0.0005312947383531104 0.0005239665354927733 0.0004075295277796635 0.0002910925217918282 0.0001746555133590135 5.82185053930718e-05 -5.821850540631544e-05 -0.0001746555133258195 -0.0002910925218373544 -0.0004075295277393779 -0.0005239665355176843 0.0005166383325489038 0.000401829814846914 0.0002870212979009299 0.0001722127784074029 5.740426153577475e-05 -5.740426154458279e-05 -0.000172212778385857 -0.0002870212979310917 -0.0004018298148207438 -0.0005166383325657316 0.000509310128978979 0.0003961301006791087 0.0002829500735989602 0.0001697700431522253 5.659001590507882e-05 -5.659001590950557e-05 -0.0001697700431447724 -0.0002829500736116511 -0.0003961301006695964 -0.0005093101289854469 0.0005019819260001263 0.000390430387189386 0.0002788788490375696 0.0001673273087127939 5.577577025983659e-05 -5.577577025896382e-05 -0.0001673273087175562 -0.0002788788490332168 -0.0003904303871947801 -0.0005019819259987042 0.0004946537242527766 0.0003847306749747768 0.000274807625098875 0.0001648845753830571 5.496152579914838e-05 -5.496152579549959e-05 -0.0001648845753977377 -0.0002748076250828397 -0.0003847306749917473 -0.0004946537242439202 0.0004873255204433908 0.0003790309617085196 0.0002707364012626228 0.0001624418412282026 5.414728032717034e-05 -5.414728032121514e-05 -0.0001624418412467249 -0.0002707364012399686 -0.0003790309617307317 -0.0004873255204326539 0.0004799973155704671 0.0003733312471252329 0.0002666651766794044 0.0001599991056417702 5.333303431477118e-05 -5.333303430964692e-05 -0.0001599991056601809 -0.000266665176657967 -0.0003733312471470495 -0.0004799973155587911 0.0004726691131484799 0.0003676315324204076 0.000262593950532791 0.0001575563701612561 5.251878932630363e-05 -5.251878932300018e-05 -0.0001575563701737361 -0.0002625939505185604 -0.0003676315324351417 -0.0004726691131416535 0.0004653409087296953 0.0003619318177442729 0.0002585227240946927 0.0001551136358012712 5.170454492544294e-05 -5.170454492550929e-05 -0.0001551136358051664 -0.0002585227240920987 -0.0003619318177485313 -0.0004653409087283916 0.0004580127028318266 0.000356232103064813 0.0002544515009875651 0.0001526709016889983 5.089029992246835e-05 -5.089029992604203e-05 -0.000152670901683273 -0.0002544515009977253 -0.0003562321030578534 -0.0004580127028376535 0.0004506845013205198 0.0003505323907334923 0.0002503802783365451 0.0001502281671801452 5.007605483549154e-05 -5.007605484202297e-05 -0.000150228167166457 -0.0002503802783569471 -0.0003505323907171263 -0.0004506845013318835 0.0004433563002363334 0.0003448326785646629 0.0002463090543033918 0.0001477854335920587 4.926181102979169e-05 -4.926181103780378e-05 -0.0001477854335751378 -0.0002463090543285171 -0.0003448326785442216 -0.0004433563002499484 0.000436028095359745 0.0003391329630913314 0.0002422378313236595 0.0001453426992240977 4.844756665203017e-05 -4.844756665858283e-05 -0.0001453426992093566 -0.0002422378313451228 -0.0003391329630733879 -0.0004360280953723471 0.0004286998914459044 0.0003334332486783788 0.0002381666075433333 0.000142899964184238 4.763332117286312e-05 -4.763332117662815e-05 -0.0001428999641790167 -0.0002381666075531982 -0.0003334332486721307 -0.0004286998914508832 0.0004213716912080837 0.0003277335364647604 0.0002340953844248342 0.0001404572304673406 4.681907745792454e-05 -4.68190774551695e-05 -0.0001404572304769628 -0.0002340953844138565 -0.0003277335364765006 -0.0004213716912026617 0.0004140434891058587 0.0003220338251710699 0.0002300241620668871 0.0001380144972727261 4.600483284962394e-05 -4.600483283989621e-05 -0.000138014497302804 -0.0002300241620301434 -0.0003220338252068654 -0.0004140434890858289 0.0004067152845596989 0.0003163341114717952 0.0002259529392029468 0.0001355717623752317 4.519058825033616e-05 -4.519058823209466e-05 -0.0001355717624263095 -0.0002259529391374784 -0.0003163341115335942 -0.0004067152845248354 0.0003993870811870776 0.000310634396317013 0.0002218817143013598 0.0001331290274127905 4.437634379542549e-05 -4.437634376985949e-05 -0.0001331290274845828 -0.0002218817142096218 -0.0003106343964032762 -0.0003993870811371135 0.0003920588779297324 0.0003049346827223584 0.0002178104886338638 0.0001306862919416196 4.356209824656395e-05 -4.356209821492173e-05 -0.0001306862920289136 -0.0002178104885215403 -0.0003049346828270182 -0.0003920588778692324 0.000384730673312059 0.0002992349675662652 0.0002137392629426266 0.0001282435565619236 4.274785267740576e-05 -4.274785264277368e-05 -0.00012824355665733 -0.0002137392628195653 -0.0002992349676810866 -0.000384730673245695 0.0003774024687562899 0.0002935352519492273 0.0002096680366244365 0.0001258008221790893 4.193360701418643e-05 -4.193360697987295e-05 -0.0001258008222732633 -0.0002096680365027543 -0.0002935352520626973 -0.0003774024686899497 0.0003700742652854838 0.000287835538581967 0.0002055968129202064 0.0001233580872629413 4.111936194406681e-05 -4.111936191339924e-05 -0.000123358087346082 -0.0002055968128126781 -0.0002878355386816933 -0.0003700742652282296 0.000362746062189743 0.0002821358263572322 0.0002015255899735664 0.0001209153532861717 4.030511755662119e-05 -4.030511753415743e-05 -0.0001209153533496463 -0.0002015255898927617 -0.0002821358264325899 -0.0003627460621462896 0.0003554178591024891 0.0002764361134248411 0.0001974543659351231 0.0001184726207653663 3.949087238446687e-05 -3.949087237187867e-05 -0.0001184726208005704 -0.0001974543658901048 -0.0002764361134662777 -0.0003554178590793692 0.0003480896559662013 0.0002707363993191456 0.0001933831419377129 0.0001160298880247242 3.867662690513076e-05 -3.867662690510073e-05 -0.0001160298880277697 -0.0001933831419359458 -0.0002707363993221406 -0.0003480896559651659 0.0003407614524931306 0.0002650366857825974 0.0001893119183521767 0.0001135871537091197 3.786238331232738e-05 -3.786238332470576e-05 -0.0001135871536777796 -0.0001893119183945321 -0.0002650366857450556 -0.0003407614525166334 0.0003334332499710053 0.000259336973883457 0.0001852406954754737 0.0001111444188609858 3.704813867462422e-05 -3.704813869899789e-05 -0.0001111444187974127 -0.0001852406955600337 -0.0002593369738070595 -0.0003334332500164241 0.0003261050486001318 0.0002536372612656012 0.0001811694714901334 0.0001087016838969645 3.62338935607861e-05 -3.623389359517358e-05 -0.0001087016838050621 -0.0001811694716113218 -0.000253637261155026 -0.0003261050486657315 0.0003187768439826864 0.0002479375460789908 0.0001770982456539253 0.0001062589492759536 3.541964848724404e-05 -3.541964852977283e-05 -0.0001062589491637905 -0.0001770982458021511 -0.0002479375459436553 -0.0003187768440630745 0.0003114486392014986 0.0002422378307158024 0.0001730270212882593 0.0001038162130683029 3.460540326021763e-05 -3.460540330715682e-05 -0.0001038162129450945 -0.0001730270214504868 -0.0002422378305673776 -0.0003114486392896162 0.000304120437176978 0.0002365381177847623 0.0001689557974555897 0.0001013734775946191 3.37911590998604e-05 -3.37911591462386e-05 -0.0001013734774704675 -0.0001689557976180466 -0.0002365381176354436 -0.0003041204372649965 0.0002967922335842425 0.000230838403756646 0.000164884573577064 9.893074344532065e-05 3.297691482050519e-05 -3.297691486268361e-05 -9.89307433325158e-05 -0.0001648845737253049 -0.000230838403621237 -0.000296792233663218 0.0002894640296555294 0.0002251386882366978 0.0001608133490638916 9.648800886270262e-05 3.216266977862881e-05 -3.216266981191781e-05 -9.648800877156739e-05 -0.0001608133491829407 -0.0002251386881279979 -0.0002894640297201101 0.0002821358257299221 0.0002194389742973778 0.0001567421248337441 9.404527477071838e-05 3.134842546140357e-05 -3.134842548331956e-05 -9.404527471110823e-05 -0.0001567421249119231 -0.0002194389742258909 -0.0002821358257717449 0.0002748076219523978 0.0002137392610925006 0.0001526709026926987 9.160254065926362e-05 3.053418117234331e-05 -3.053418117949991e-05 -9.160254063698874e-05 -0.0001526709027198624 -0.000213739261066017 -0.0002748076219680685 0.0002674794196849893 0.0002080395474183282 0.0001485996793993342 8.915980692643261e-05 2.971993658651678e-05 -2.971993657837757e-05 -8.915980694676282e-05 -0.0001485996793719813 -0.0002080395474433085 -0.0002674794196699697 0.0002601512165952655 0.0002023398347475758 0.0001445284549008589 8.671707258159781e-05 2.890569206060992e-05 -2.89056920358585e-05 -8.671707264378858e-05 -0.0001445284548168304 -0.0002023398348226347 -0.0002601512165489252 0.0002528230147057154 0.0001966401220938997 0.0001404572312185402 8.427433823308007e-05 2.809144655018757e-05 -2.809144651245635e-05 -8.427433833361702e-05 -0.0001404572310843047 -0.0001966401222149878 -0.0002528230146335512 0.0002454948127998435 0.0001909404093697022 0.0001363860074925803 8.183160403593669e-05 2.727720106499704e-05 -2.727720101621872e-05 -8.183160416591067e-05 -0.0001363860073188876 -0.0001909404095264945 -0.000245494812706937 0.0002381666088367338 0.0001852406963314715 0.0001323147832297504 7.938886900507118e-05 2.64629564179798e-05 -2.646295636210803e-05 -7.938886915382455e-05 -0.0001323147830333229 -0.0001852406965096388 -0.0002381666087313795 0.00023083840573129 0.0001795409812516749 0.0001282435583880112 7.694613457701468e-05 2.564871119237955e-05 -2.56487111346471e-05 -7.694613473001812e-05 -0.0001282435581864848 -0.0001795409814358024 -0.0002308384056216599 0.0002235102008198802 0.0001738412670640494 0.0001241723329468371 7.450340006076619e-05 2.483446598754856e-05 -2.483446593247673e-05 -7.450340020374163e-05 -0.0001241723327577422 -0.0001738412672368138 -0.000223510200716112 0.0002161819955789362 0.0001681415529182419 0.0001201011084002667 7.206066526003533e-05 2.40202213676099e-05 -2.402022132127118e-05 -7.20606653816343e-05 -0.0001201011082409307 -0.0001681415530641696 -0.0002161819954910889 0.0002088537931555698 0.0001624418387209843 0.000116029885244163 6.961793083945409e-05 2.320597599676687e-05 -2.320597596186638e-05 -6.961793092948214e-05 -0.000116029885124985 -0.0001624418388293543 -0.0002088537930908364 0.0002015255905033164 0.0001567421255105052 0.0001119586616024793 6.717519631507157e-05 2.239173208185731e-05 -2.239173206067641e-05 -6.717519636802772e-05 -0.0001119586615299664 -0.0001567421255752064 -0.000201525590463715 0.0001941973863534479 0.0001510424113694514 0.0001078874369152467 6.473246254907543e-05 2.157748746283788e-05 -2.157748745538415e-05 -6.473246256705132e-05 -0.0001078874368899621 -0.0001510424113915522 -0.000194197386340258 0.0001868691829749292 0.0001453426977701675 0.0001038162129735433 6.2289728708623e-05 2.076324302464359e-05 -2.076324302814166e-05 -6.228972869664077e-05 -0.0001038162129871595 -0.0001453426977562654 -0.000186869182982554 0.0001795409808893664 0.0001396429857936603 9.974499013923662e-05 5.984699419205896e-05 1.994899991328456e-05 -1.994899992542517e-05 -5.984699415823749e-05 -9.974499018216765e-05 -0.0001396429857544895 -0.000179540980912056 0.0001722127773903492 0.0001339432728884842 9.567376783033743e-05 5.740425965169284e-05 1.913475406731571e-05 -1.913475408322029e-05 -5.740425960710497e-05 -9.567376788726287e-05 -0.0001339432728350151 -0.0001722127774202065 0.0001648845730842599 0.0001282435584454275 9.160254212830356e-05 5.496152289778362e-05 1.832050721595951e-05 -1.832050723188836e-05 -5.496152285604507e-05 -9.160254218387043e-05 -0.0001282435583933774 -0.0001648845731147095 0.0001575563692462874 0.0001225438405793217 8.75313087869423e-05 5.251877738138087e-05 1.75062578811975e-05 -1.750625789274429e-05 -5.251877735009921e-05 -8.753130882739696e-05 -0.0001225438405415306 -0.0001575563692676756 0.000150228165126956 0.0001168441139104857 8.346005603906529e-05 5.007601235303689e-05 1.669200057797571e-05 -1.669200058236319e-05 -5.007601233892369e-05 -8.346005605514255e-05 -0.0001168441138949879 -0.0001502281651335531 0.0001428999609124141 0.0001111443674800056 7.93887607631379e-05 4.763320585472749e-05 1.587772551451062e-05 -1.587772551016534e-05 -4.76332058648267e-05 -7.938876075000353e-05 -0.0001111443674917564 -0.0001428999609041254 0.0001355717613218655 0.0001054445796916219 7.53173824669646e-05 4.519031598485014e-05 1.506341545290053e-05 -1.506341543933668e-05 -4.519031601756545e-05 -7.531738242306881e-05 -0.000105444579731318 -0.0001355717612968822 0.0001282435770720568 9.97447139095833e-05 7.124584811788259e-05 4.274727695018437e-05 1.424904574825348e-05 -1.424904572776003e-05 -4.274727700355433e-05 -7.124584804690466e-05 -9.974471397523676e-05 -0.0001282435770320505 0.0001209154344151108 9.404471439821623e-05 6.717406226791471e-05 4.030401027163552e-05 1.34345851764346e-05 -1.343458515026431e-05 -4.030401034268684e-05 -6.717406217338243e-05 -9.404471448516569e-05 -0.0001209154343635967 0.0001135873888668954 8.834453389379297e-05 6.310196469323934e-05 3.786049452241917e-05 1.262003506492684e-05 -1.262003503352445e-05 -3.786049460786274e-05 -6.310196458069069e-05 -8.83445339964682e-05 -0.0001135873888041224 0.0001062595506961808 8.2644222558456e-05 5.902974574357171e-05 3.541700958610957e-05 1.180553095606104e-05 -1.180553092026566e-05 -3.541700968387742e-05 -5.902974561652408e-05 -8.264422267473766e-05 -0.0001062595506256046 9.893211434406397e-05 7.694419996803309e-05 5.495845496240077e-05 3.297478470387117e-05 1.099162338063185e-05 -1.099162334116449e-05 -3.297478481079208e-05 -5.495845482206216e-05 -7.694420009658621e-05 -9.893211426582275e-05 9.160536406451451e-05 7.124595718479821e-05 5.089149819021232e-05 3.053754415068193e-05 1.017992938146169e-05 -1.017992933876438e-05 -3.053754426640188e-05 -5.089149803829376e-05 -7.124595732386874e-05 -9.160536398207385e-05 8.427957902970557e-05 6.555364612956633e-05 4.683795159431762e-05 2.811484249190169e-05 9.374524210871963e-06 -9.37452416507879e-06 -2.811484261686187e-05 -4.68379514298807e-05 -6.555364627997662e-05 -8.427957893940745e-05 7.695459399890712e-05 5.987737310018484e-05 4.281921706465877e-05 2.57285943493166e-05 8.584622361884416e-06 -8.584622311978803e-06 -2.572859448438099e-05 -4.281921688734002e-05 -5.987737326299924e-05 -7.695459390051985e-05 6.962849450922603e-05 5.423930496877721e-05 3.888103815250805e-05 2.342441075674778e-05 7.829199662855223e-06 -7.829199608285761e-06 -2.3424410901007e-05 -3.888103796311386e-05 -5.423930514230732e-05 -6.96284944051978e-05 6.229403859365563e-05 4.86835201352909e-05 3.511170426796329e-05 2.128844805394446e-05 7.143465817547406e-06 -7.143465760031169e-06 -2.128844820728143e-05 -3.511170406645484e-05 -4.868352032021903e-05 -6.229403848344637e-05 5.493080917631067e-05 4.328619903768757e-05 3.166232100379904e-05 1.946395875930524e-05 6.586624788695728e-06 -6.586624728396953e-06 -1.946395891900409e-05 -3.166232079154115e-05 -4.328619923349363e-05 -5.49308090619373e-05 4.748363323944905e-05 3.815290613866083e-05 2.873893354731292e-05 1.815534636921072e-05 6.238721333867026e-06 -6.238721272962685e-06 -1.815534653042754e-05 -2.873893333521344e-05 -3.815290633560946e-05 -4.74836331228042e-05 3.982753092294037e-05 3.332167336523602e-05 2.651322496970038e-05 1.754573794092113e-05 6.213912234608949e-06 -6.213912176228121e-06 -1.754573809728152e-05 -2.651322476496122e-05 -3.33216735546895e-05 -3.982753081114043e-05 3.162925419915151e-05 2.846834846819516e-05 2.463483508877474e-05 1.773157716092167e-05 6.483474937110493e-06 -6.483474884523969e-06 -1.773157730473047e-05 -2.463483489863733e-05 -2.846834864301292e-05 -3.162925409623411e-05 2.228571135980581e-05 2.174027666169601e-05 2.164872757442515e-05 1.753951067406685e-05 7.654456874364843e-06 -7.654456828661579e-06 -1.753951079785488e-05 -2.164872740887507e-05 -2.174027681240571e-05 -2.228571127138824e-05 1.150819334252902e-05 9.523385263936164e-06 1.008963654246984e-05 1.668138238534929e-05 5.780309961483132e-06 -5.780309927369004e-06 -1.668138248355272e-05 -1.008963641262572e-05 -9.523385383575858e-06 -1.150819327267246e-05 1.21173219821474e-06 -8.207978632731533e-06 -2.002990190812479e-05 -1.651749815041516e-05 2.038440058946503e-05 -2.03844005662196e-05 1.651749808610472e-05 2.00299019937089e-05 8.207978553500378e-06 -1.211732151524224e-06 -1.632688351901702e-06 -1.524474282683699e-05 -4.951362265462579e-05 -0.0001088932026011679 -0.0001966636214407848 0.0001966636214510069 0.0001088932025724591 4.951362269120246e-05 1.524474279250701e-05 1.632688372244463e-06 
Gamma_xy 1 1000 float
-0.0006357950063304446 -0.0002704054603392918 -1.105642390811408e-05 0.0001304920746857541 0.0001958557255585133 0.0001958557255581249 0.0001304920746852165 -1.105642390905325e-05 -0.0002704054603402877 -0.0006357950063308234 -6.742803719728629e-05 -0.0002419770743439702 -0.0001593758222124316 -8.161557310286697e-05 -4.051258326258108e-05 -4.051258326237891e-05 -8.161557310091722e-05 -0.0001593758222097892 -0.0002419770743405348 -6.742803719417723e-05 -7.19124647320146e-06 -0.0001008470138912572 -0.0001636945073071469 -0.0001635267789199579 -0.0001556495413957616 -0.0001556495413963886 -0.0001635267789193226 -0.0001636945073070664 -0.0001008470138915631 -7.191246472953889e-06 -8.330263994100882e-06 -7.012890263890751e-05 -0.0001382739124972466 -0.0001795886084667251 -0.0001945873998537879 -0.0001945873998552681 -0.0001795886084670924 -0.0001382739124992319 -7.012890264185167e-05 -8.330263995825061e-06 -1.764060547495027e-05 -7.023502897530732e-05 -0.0001296076116212935 -0.0001751494895255425 -0.000198276352326039 -0.0001982763523266435 -0.000175149489521802 -0.0001296076116173417 -7.023502897062455e-05 -1.764060546865447e-05 -2.482415324610838e-05 -7.695829327041067e-05 -0.0001284184498201208 -0.0001692719558495396 -0.0001914362430771051 -0.0001914362430804174 -0.0001692719558523753 -0.0001284184498269272 -7.69582932796254e-05 -2.482415325281309e-05 -2.919674753872121e-05 -8.270659043526389e-05 -0.00012948333528173 -0.0001651046025027986 -0.0001844178231459166 -0.0001844178231463647 -0.0001651046024966317 -0.0001294833352745458 -8.270659042645965e-05 -2.919674752783281e-05 -3.154711101730314e-05 -8.633969245231858e-05 -0.0001306564240502137 -0.0001627009053087373 -0.000179664964196563 -0.0001796649642003033 -0.000162700905312628 -0.0001306564240587474 -8.633969246377668e-05 -3.154711102607011e-05 -3.269697729704052e-05 -8.831687030780458e-05 -0.0001314555860807135 -0.0001614648234298008 -0.0001769748336918653 -0.0001769748336918621 -0.0001614648234244756 -0.0001314555860740814 -8.831687029957351e-05 -3.269697728742662e-05 -3.321082186010466e-05 -8.928512001623155e-05 -0.0001319065056863676 -0.0001608868130541895 -0.0001756198245703189 -0.0001756198245720084 -0.0001608868130569009 -0.0001319065056913718 -8.928512002289217e-05 -3.321082186580018e-05 -3.341796340697462e-05 -8.971603114108481e-05 -0.0001321326405566605 -0.0001606412646996287 -0.0001750011856662622 -0.0001750011856654703 -0.0001606412646994275 -0.0001321326405556579 -8.971603113959743e-05 -3.341796340627757e-05 -3.349029145638663e-05 -8.988843840769508e-05 -0.0001322354104220794 -0.0001605486771181885 -0.0001747462702690009 -0.0001747462702663464 -0.0001605486771174019 -0.0001322354104185321 -8.988843840277509e-05 -3.34902914538507e-05 -3.350944257290547e-05 -8.994787175246919e-05 -0.0001322775379055314 -0.0001605198445686646 -0.0001746543986264054 -0.0001746543986251503 -0.0001605198445765419 -0.0001322775379139117 -8.994787176242985e-05 -3.350944258643253e-05 -3.351067743837132e-05 -8.996312359240852e-05 -0.0001322926062381156 -0.0001605144056283615 -0.0001746282865269504 -0.0001746282865196391 -0.0001605144056223799 -0.0001322926062237141 -8.996312357288465e-05 -3.351067742443786e-05 -3.35075727273373e-05 -8.996370059207121e-05 -0.0001322968184273805 -0.000160515870787811 -0.0001746251203041719 -0.0001746251203036123 -0.0001605158708031531 -0.0001322968184455962 -8.996370061434907e-05 -3.350757275451068e-05 -3.350453566835655e-05 -8.996087653406922e-05 -0.0001322972772906628 -0.0001605183737016835 -0.0001746280190410614 -0.0001746280190316121 -0.0001605183736905513 -0.0001322972772677087 -8.996087650359547e-05 -3.350453564418197e-05 -3.350250901000402e-05 -8.995823300545973e-05 -0.0001322967653199476 -0.0001605202855539784 -0.0001746313005516223 -0.0001746313005534439 -0.0001605202855723476 -0.0001322967653443412 -8.99582330359157e-05 -3.350250904376132e-05 -3.350136155241708e-05 -8.995648856436365e-05 -0.0001322962060665969 -0.0001605214434520599 -0.000174633595514518 -0.0001746335955069294 -0.0001605214434375553 -0.0001322962060414012 -8.995648853147287e-05 -3.350136152310357e-05 -3.350078270723564e-05 -8.995550970567276e-05 -0.0001322958185013847 -0.0001605220593737107 -0.0001746349261222832 -0.0001746349261274077 -0.0001605220593888227 -0.0001322958185251248 -8.995550973615432e-05 -3.350078273688222e-05 -3.350051758064895e-05 -8.995501761063226e-05 -0.0001322955939623724 -0.0001605223521954049 -0.0001746356093000778 -0.0001746356092978926 -0.0001605223521814178 -0.0001322955939430088 -8.995501758622607e-05 -3.350051755465089e-05 -3.350040907306869e-05 -8.995479523855469e-05 -0.0001322954796321948 -0.0001605224818860315 -0.0001746359285896204 -0.0001746359285968656 -0.0001605224818927777 -0.0001322954796475103 -8.995479525929302e-05 -3.350040908867925e-05 -3.350036803292714e-05 -8.995470589201785e-05 -0.0001322954289628204 -0.0001605225336221812 -0.0001746360631621324 -0.0001746360631658142 -0.0001605225336135983 -0.0001322954289558734 -8.995470588425364e-05 -3.350036801910204e-05 -3.350035454653788e-05 -8.995467187938004e-05 -0.0001322954061604476 -0.0001605225474996634 -0.0001746361112079185 -0.000174636111213916 -0.0001605225474958875 -0.0001322954061619913 -8.995467188301538e-05 -3.350035454320388e-05 -3.350035146772981e-05 -8.995466041270208e-05 -0.0001322953965115836 -0.00016052255162488 -0.0001746361281141793 -0.0001746361281213397 -0.0001605225516255885 -0.0001322953965193205 -8.995466042393608e-05 -3.350035147213749e-05 -3.350035041696757e-05 -8.995465765022388e-05 -0.0001322953934458137 -0.0001605225507568671 -0.000174636130097867 -0.0001746361300991918 -0.0001605225507451515 -0.0001322953934326598 -8.995465763453607e-05 -3.350035039697787e-05 -3.350035487314781e-05 -8.995465965061023e-05 -0.000132295391494875 -0.0001605225492235737 -0.000174636128428945 -0.0001746361284357082 -0.0001605225492345679 -0.0001322953915151456 -8.995465967732963e-05 -3.350035489606523e-05 -3.350035767995365e-05 -8.995466339681323e-05 -0.0001322953925758168 -0.0001605225497142194 -0.0001746361282767774 -0.000174636128271759 -0.0001605225496991075 -0.0001322953925523113 -8.995466336667004e-05 -3.350035765067752e-05 -3.350035798001221e-05 -8.995466403108659e-05 -0.0001322953945767221 -0.0001605225488143305 -0.0001746361268120519 -0.0001746361268155925 -0.0001605225488324462 -0.0001322953946026424 -8.99546640636118e-05 -3.350035801399986e-05 -3.350035849055641e-05 -8.9954664677624e-05 -0.0001322953943446855 -0.0001605225491812163 -0.0001746361258879646 -0.0001746361258783824 -0.0001605225491671128 -0.0001322953943181995 -8.995466464310118e-05 -3.350035846186026e-05 -3.350035596413531e-05 -8.995466346538278e-05 -0.0001322953938782773 -0.0001605225477602789 -0.0001746361241159303 -0.000174636124116339 -0.0001605225477793341 -0.0001322953939018904 -8.995466349399652e-05 -3.350035599744767e-05 -3.350035608021479e-05 -8.995466462385918e-05 -0.0001322953965478412 -0.0001605225490735292 -0.0001746361260235679 -0.000174636126014097 -0.0001605225490643015 -0.0001322953965271151 -8.995466459626628e-05 -3.350035605970004e-05 -3.350036087101145e-05 -8.995466890920408e-05 -0.0001322953985141057 -0.0001605225502729433 -0.0001746361245078617 -0.0001746361245067841 -0.000160522550285397 -0.0001322953985284672 -8.995466892638301e-05 -3.35003608927772e-05 -3.350036040072972e-05 -8.995466702725023e-05 -0.0001322953967028095 -0.0001605225473744058 -0.0001746361211441877 -0.0001746361211396589 -0.000160522547370618 -0.0001322953966935077 -8.99546670148744e-05 -3.350036039209731e-05 -3.350035735888858e-05 -8.995466430900144e-05 -0.0001322953955037397 -0.0001605225481955955 -0.0001746361243503297 -0.0001746361243500899 -0.0001605225481976849 -0.0001322953955059521 -8.995466431157043e-05 -3.35003573625584e-05 -3.350035883823048e-05 -8.995466396235616e-05 -0.0001322953948726008 -0.000160522547808427 -0.0001746361249751274 -0.0001746361249771412 -0.0001605225478098494 -0.0001322953948764076 -8.995466396740006e-05 -3.350035884160647e-05 -3.350035775184621e-05 -8.995466309104288e-05 -0.0001322953936784477 -0.000160522547544289 -0.0001746361252724354 -0.0001746361252736569 -0.0001605225475372356 -0.0001322953936708641 -8.99546630816006e-05 -3.350035773952941e-05 -3.350035541684641e-05 -8.995466428789382e-05 -0.0001322953942738451 -0.0001605225479331384 -0.0001746361250134293 -0.0001746361250195286 -0.0001605225479379547 -0.0001322953942860069 -8.995466430460769e-05 -3.350035542891921e-05 -3.350035840057189e-05 -8.995466675837154e-05 -0.0001322953954757224 -0.0001605225479216179 -0.0001746361259094378 -0.0001746361259101449 -0.0001605225479108411 -0.0001322953954632376 -8.995466674317807e-05 -3.350035838162192e-05 -3.350036143421627e-05 -8.995466609477274e-05 -0.0001322953941187226 -0.0001605225488488471 -0.000174636125936726 -0.0001746361259418965 -0.0001605225488555828 -0.0001322953941320874 -8.995466611238956e-05 -3.350036144849046e-05 -3.350035671168948e-05 -8.9954663006958e-05 -0.0001322953926799829 -0.0001605225465082697 -0.0001746361222694185 -0.000174636122267337 -0.0001605225465009793 -0.0001322953926690975 -8.995466299294062e-05 -3.350035669791896e-05 -3.350035521902528e-05 -8.995466223136949e-05 -0.000132295393104665 -0.0001605225482692803 -0.0001746361269349853 -0.0001746361269344687 -0.0001605225482756636 -0.0001322953931118702 -8.995466223991501e-05 -3.350035523004808e-05 -3.350035992498896e-05 -8.995466609431879e-05 -0.0001322953951442812 -0.0001605225508730176 -0.0001746361283055771 -0.0001746361283002894 -0.0001605225508739533 -0.0001322953951398311 -8.995466608808313e-05 -3.350035992396468e-05 -3.350036007050147e-05 -8.995466747728968e-05 -0.0001322953963128359 -0.0001605225487985623 -0.0001746361243568981 -0.0001746361243497135 -0.0001605225488026077 -0.0001322953963110237 -8.995466747282282e-05 -3.350036007428258e-05 -3.350035660740398e-05 -8.995466432152958e-05 -0.0001322953943710312 -0.000160522547576539 -0.0001746361242439713 -0.000174636124237249 -0.0001605225475856363 -0.0001322953943754585 -8.99546643256612e-05 -3.350035662070099e-05 -3.350035606984893e-05 -8.995466380601082e-05 -0.0001322953960463249 -0.0001605225486046365 -0.0001746361247570771 -0.0001746361247466313 -0.000160522548603715 -0.0001322953960349585 -8.995466378941665e-05 -3.350035606340217e-05 -3.350035805328404e-05 -8.995466416299756e-05 -0.0001322953958587863 -0.0001605225484433342 -0.0001746361244849727 -0.0001746361244808088 -0.0001605225484563158 -0.0001322953958710066 -8.995466417707582e-05 -3.350035807470797e-05 -3.350035677901069e-05 -8.995466426553896e-05 -0.0001322953941786041 -0.0001605225473895651 -0.0001746361236390309 -0.0001746361236310978 -0.0001605225473832376 -0.0001322953941628294 -8.995466424407549e-05 -3.350035676395523e-05 -3.35003556661159e-05 -8.995466311377136e-05 -0.0001322953963596516 -0.0001605225497468673 -0.0001746361262804592 -0.0001746361262821574 -0.0001605225497567529 -0.0001322953963735119 -8.995466313189269e-05 -3.350035568496285e-05 -3.350035779017674e-05 -8.995466296570324e-05 -0.0001322953951568254 -0.0001605225489013729 -0.0001746361263805816 -0.0001746361263800023 -0.0001605225488917036 -0.0001322953951446039 -8.995466295027774e-05 -3.350035777260141e-05 -3.350035940648568e-05 -8.995466579559989e-05 -0.0001322953959417836 -0.0001605225475814589 -0.0001746361251421687 -0.0001746361251501241 -0.0001605225475832582 -0.0001322953959522119 -8.995466581014122e-05 -3.350035941356356e-05 -3.350035727722425e-05 -8.995466495448409e-05 -0.0001322953948538223 -0.0001605225480715214 -0.0001746361247835412 -0.0001746361247917169 -0.0001605225480624053 -0.0001322953948501009 -8.995466495117264e-05 -3.350035726281425e-05 -3.350035726102421e-05 -8.995466416781876e-05 -0.0001322953934588455 -0.0001605225479273604 -0.0001746361253839203 -0.0001746361253954232 -0.0001605225479197144 -0.0001322953934611985 -8.995466417387294e-05 -3.350035725331883e-05 -3.35003572690927e-05 -8.995466423302539e-05 -0.0001322953928577978 -0.0001605225489219026 -0.0001746361267589004 -0.0001746361267723414 -0.0001605225489154775 -0.0001322953928631469 -8.995466424293035e-05 -3.350035726380928e-05 -3.350035810502101e-05 -8.995466431935984e-05 -0.0001322953928330796 -0.0001605225477212497 -0.0001746361256687636 -0.000174636125679859 -0.0001605225477080484 -0.0001322953928276194 -8.995466431530314e-05 -3.350035808623857e-05 -3.35003611670619e-05 -8.995466626761519e-05 -0.0001322953955526514 -0.0001605225485143241 -0.0001746361266714409 -0.0001746361266850824 -0.0001605225485128557 -0.000132295395564818 -8.995466628590629e-05 -3.350036117119968e-05 -3.350035745381695e-05 -8.995466471310551e-05 -0.0001322953945905171 -0.0001605225509913689 -0.0001746361257666038 -0.0001746361257732919 -0.0001605225509770812 -0.0001322953945793328 -8.995466470073441e-05 -3.350035743070247e-05 -3.350035513873156e-05 -8.995466286044923e-05 -0.0001322953943062798 -0.0001605225500793487 -0.0001746361266947681 -0.0001746361267036666 -0.0001605225500836848 -0.0001322953943201186 -8.995466287923187e-05 -3.35003551498257e-05 -3.350035866692995e-05 -8.995466189567937e-05 -0.0001322953926276235 -0.0001605225462089001 -0.0001746361258985922 -0.0001746361258984633 -0.0001605225462000774 -0.0001322953926159856 -8.995466188132794e-05 -3.350035865086207e-05 -3.350035718872329e-05 -8.995466421767103e-05 -0.0001322953941906203 -0.0001605225471869577 -0.0001746361232920385 -0.0001746361232918786 -0.0001605225471939342 -0.0001322953941999309 -8.995466422961334e-05 -3.350035720196443e-05 -3.350035410766637e-05 -8.995466386443234e-05 -0.0001322953940210192 -0.0001605225496787268 -0.0001746361269964718 -0.0001746361269886793 -0.0001605225496784347 -0.000132295394012508 -8.995466385253523e-05 -3.3500354104176e-05 -3.350035654416717e-05 -8.995466073075629e-05 -0.0001322953942750254 -0.0001605225480830304 -0.0001746361285515292 -0.0001746361285416103 -0.0001605225480911754 -0.0001322953942760226 -8.995466073021221e-05 -3.350035655560155e-05 -3.350035707686749e-05 -8.995466333543497e-05 -0.0001322953956136386 -0.0001605225463750278 -0.0001746361260965474 -0.0001746361260835858 -0.0001605225463848541 -0.0001322953956122957 -8.995466332993423e-05 -3.350035708617436e-05 -3.350035773469511e-05 -8.995466430510646e-05 -0.000132295394219561 -0.0001605225473258333 -0.0001746361235909291 -0.0001746361235742433 -0.0001605225473330154 -0.0001322953942123884 -8.995466429250723e-05 -3.350035774111608e-05 -3.350035874225932e-05 -8.995466621462318e-05 -0.0001322953969558067 -0.000160522551151873 -0.0001746361249904683 -0.0001746361249758957 -0.0001605225511677292 -0.0001322953969609589 -8.995466621757433e-05 -3.350035876282834e-05 -3.350036015236561e-05 -8.995466828674745e-05 -0.0001322953966514243 -0.0001605225509663811 -0.0001746361257585558 -0.0001746361257411157 -0.0001605225509709454 -0.0001322953966395488 -8.995466826707598e-05 -3.350036015127691e-05 -3.350036143516139e-05 -8.995466839513839e-05 -0.0001322953954739377 -0.000160522549334815 -0.0001746361228538168 -0.0001746361228439267 -0.0001605225493514184 -0.0001322953954827761 -8.995466840336621e-05 -3.350036145946493e-05 -3.350035906505636e-05 -8.995466710099291e-05 -0.0001322953947198313 -0.0001605225472144071 -0.0001746361223652934 -0.0001746361223528648 -0.0001605225472129052 -0.0001322953947071925 -8.995466708257264e-05 -3.350035905738941e-05 -3.350035708606982e-05 -8.995466547957616e-05 -0.0001322953960862541 -0.0001605225473060154 -0.0001746361228748576 -0.0001746361228727188 -0.0001605225473157976 -0.0001322953960971188 -8.995466549240108e-05 -3.350035710273037e-05 -3.350035527751746e-05 -8.995466335827306e-05 -0.0001322953948862109 -0.0001605225472864159 -0.0001746361223805069 -0.0001746361223793943 -0.0001605225472797399 -0.0001322953948770367 -8.995466334800822e-05 -3.350035526664066e-05 -3.350035499339822e-05 -8.995466311473456e-05 -0.0001322953944323564 -0.000160522546916665 -0.0001746361233820214 -0.0001746361233893753 -0.0001605225469166585 -0.0001322953944402363 -8.995466312549988e-05 -3.350035499568562e-05 -3.350035814323518e-05 -8.995466399172231e-05 -0.0001322953955053043 -0.0001605225469413211 -0.0001746361248511232 -0.000174636124860493 -0.0001605225469313269 -0.0001322953955021932 -8.995466399025685e-05 -3.350035813016603e-05 -3.350036150389277e-05 -8.995466721728869e-05 -0.0001322953951391303 -0.0001605225474266098 -0.0001746361251923839 -0.0001746361252058757 -0.0001605225474190176 -0.0001322953951423293 -8.9954667224665e-05 -3.35003614954424e-05 -3.350036068095484e-05 -8.995466537435769e-05 -0.000132295395395795 -0.0001605225481046793 -0.0001746361241854804 -0.0001746361241998036 -0.0001605225480952682 -0.0001322953953971853 -8.995466537946406e-05 -3.350036067013932e-05 -3.350035765579337e-05 -8.995466459727795e-05 -0.0001322953949030699 -0.0001605225477586116 -0.0001746361245451422 -0.0001746361245573222 -0.0001605225477496709 -0.0001322953949049738 -8.995466460217361e-05 -3.350035764567479e-05 -3.350036026180033e-05 -8.995466825541211e-05 -0.0001322953974077668 -0.0001605225492720122 -0.0001746361233242349 -0.0001746361233347289 -0.0001605225492657578 -0.000132295397409487 -8.995466826060325e-05 -3.350036025587212e-05 -3.350036065266674e-05 -8.995466860865527e-05 -0.0001322953961393318 -0.0001605225466035648 -0.0001746361219415152 -0.0001746361219475353 -0.0001605225465985061 -0.0001322953961396333 -8.995466861083702e-05 -3.350036064673368e-05 -3.350036135119273e-05 -8.995466998240052e-05 -0.0001322953960891742 -0.0001605225450762756 -0.0001746361211167849 -0.0001746361211187235 -0.0001605225450761696 -0.0001322953960907267 -8.99546699833179e-05 -3.350036134962663e-05 -3.350036319626891e-05 -8.995466783649566e-05 -0.0001322953937485103 -0.0001605225459485334 -0.0001746361235207056 -0.0001746361235175811 -0.0001605225459496852 -0.0001322953937480864 -8.995466783543482e-05 -3.35003631986619e-05 -3.350036148332963e-05 -8.99546592248753e-05 -0.0001322953845308351 -0.0001605225495985404 -0.0001746361405394178 -0.000174636140534225 -0.0001605225496028769 -0.0001322953845292813 -8.995465922285636e-05 -3.350036148814844e-05 -3.350034759490563e-05 -8.995462204207398e-05 -0.0001322953602483938 -0.0001605225671141294 -0.0001746361911602782 -0.0001746361911520783 -0.0001605225671191173 -0.0001322953602474219 -8.995462203887236e-05 -3.350034760083311e-05 -3.350030521020059e-05 -8.995452890654513e-05 -0.0001322953070598808 -0.0001605226166264426 -0.0001746363268735808 -0.0001746363268641312 -0.0001605226166316982 -0.0001322953070575465 -8.995452890090911e-05 -3.350030521504713e-05 -3.350019525625225e-05 -8.995430716861928e-05 -0.0001322951949160494 -0.0001605227458042069 -0.0001746366442327733 -0.0001746366442243776 -0.0001605227458098659 -0.0001322951949144282 -8.995430716571982e-05 -3.350019526381061e-05 -3.349992952404344e-05 -8.995382392733368e-05 -0.0001322949798812721 -0.0001605230398786875 -0.0001746373162764578 -0.0001746373162697732 -0.0001605230398856249 -0.0001322949798820096 -8.995382392568443e-05 -3.349992953110577e-05 -3.349935790392055e-05 -8.995287209837986e-05 -0.0001322946121513596 -0.0001605236423129989 -0.0001746386049995676 -0.0001746386049933741 -0.0001605236423159405 -0.0001322946121480131 -8.995287209283638e-05 -3.349935790559441e-05 -3.349824238068598e-05 -8.995120388304866e-05 -0.0001322940979294967 -0.0001605247602801444 -0.0001746407876071799 -0.0001746407876036391 -0.0001605247602873945 -0.0001322940979366436 -8.995120389036795e-05 -3.349824239113234e-05 -3.349630402849793e-05 -8.99487493347743e-05 -0.0001322936871965816 -0.0001605265622083401 -0.0001746437918509754 -0.0001746437918450559 -0.0001605265622047013 -0.000132293687186176 -8.994874932106063e-05 -3.349630401945839e-05 -3.349349790491968e-05 -8.994636423756621e-05 -0.0001322943548325544 -0.0001605288043855511 -0.0001746460729337582 -0.0001746460729332821 -0.0001605288043956955 -0.0001322943548443574 -8.994636425244492e-05 -3.349349792370322e-05 -3.349092498963069e-05 -8.99478583144469e-05 -0.0001322989441411021 -0.0001605297026150577 -0.0001746416643221458 -0.0001746416643151266 -0.0001605297026069609 -0.0001322989441239361 -8.994785829151178e-05 -3.349092497253407e-05 -3.349324633492213e-05 -8.996480945926247e-05 -0.0001323145714436147 -0.000160523142550229 -0.0001746133221294803 -0.0001746133221299013 -0.0001605231425644192 -0.0001323145714608526 -8.996480948077631e-05 -3.349324635903865e-05 -3.351445659360074e-05 -9.002699225047636e-05 -0.0001323572342825091 -0.000160492333182566 -0.0001745180779348688 -0.0001745180779262684 -0.0001604923331722152 -0.000132357234262526 -9.002699222459537e-05 -3.351445657337598e-05 -3.359027578257699e-05 -9.020276110333709e-05 -0.0001324595602263187 -0.0001603968613475906 -0.0001742596359095564 -0.0001742596359100286 -0.0001603968613617379 -0.0001324595602442755 -9.020276112608878e-05 -3.359027580928472e-05 -3.380221733744974e-05 -9.063431754661509e-05 -0.0001326818144223782 -0.000160149108660133 -0.0001736416312592931 -0.000173641631252746 -0.0001601491086524901 -0.0001326818144053984 -9.063431752385969e-05 -3.380221731908806e-05 -3.431796123071937e-05 -9.158811667034117e-05 -0.0001331229632873185 -0.0001595788410124944 -0.0001723012026783753 -0.0001723012026792375 -0.0001595788410214402 -0.0001331229632981263 -9.158811668533948e-05 -3.431796124959374e-05 -3.544149964805569e-05 -9.34962467479917e-05 -0.0001339281615550016 -0.0001584000355511713 -0.0001696431413635055 -0.0001696431413622711 -0.00015840003554586 -0.0001339281615501724 -9.349624674109644e-05 -3.544149963783503e-05 -3.760461613926515e-05 -9.691052421384579e-05 -0.0001352953163959385 -0.0001562639480604813 -0.0001648346853031845 -0.0001648346853074183 -0.0001562639480606221 -0.0001352953163967445 -9.691052421427327e-05 -3.760461613726354e-05 -4.106677302054007e-05 -0.0001020779591280053 -0.000137674164413374 -0.0001530844357616211 -0.0001570057603366714 -0.0001570057603440348 -0.0001530844357603367 -0.0001376741644191378 -0.0001020779591360481 -4.106677302253039e-05 -4.444084737189614e-05 -0.0001081029229172553 -0.0001420290644813112 -0.0001505963230778529 -0.000145739937283519 -0.0001457399372899852 -0.0001505963230659425 -0.0001420290644725788 -0.0001081029229072408 -4.444084735127986e-05 -4.265580023726274e-05 -0.0001078646540625839 -0.0001525628747873001 -0.0001542014105868371 -0.000133624352564662 -0.0001336243525801439 -0.0001542014105894697 -0.0001525628748055768 -0.0001078646540890241 -4.265580025090949e-05 -2.806569191185367e-05 -8.589921912302485e-05 -0.0001488215848648897 -0.0001994555956689856 -0.0001286669969272325 -0.0001286669969351215 -0.0001994555956454196 -0.0001488215848465373 -8.589921910424291e-05 -2.80656918765343e-05 -4.035012724241157e-06 -3.271510539071859e-05 -7.42994532617878e-05 -0.0001531070430797209 -0.0003267524716547691 -0.0003267524716718706 -0.0001531070430851658 -7.42994532852414e-05 -3.271510542175177e-05 -4.035012742072207e-06 
Eps_intensity 1 1000 float
0.002402196853724618 0.001676302205911056 0.00116389987880613 0.0006953753924666667 0.0002634953456964843 0.0002634953457045047 0.0006953753924747084 0.001163899878811976 0.001676302205913586 0.00240219685372266 0.00238287338848198 0.001855750275691675 0.001276009880395848 0.0007524316967857264 0.0002495794103693491 0.0002495794103297935 0.0007524316967489217 0.001276009880365341 0.001855750275668959 0.002382873388469564 0.002346493961042392 0.001866565094523166 0.00133265081333698 0.0007955699962911343 0.000281122999045755 0.0002811229990838013 0.0007955699963267881 0.001332650813366197 0.001866565094540281 0.00234649396104815 0.002334777100249766 0.001843813007097076 0.001331706128832371 0.0008071878856807252 0.0002957007145551817 0.0002957007145186743 0.0008071878856419276 0.001331706128802053 0.001843813007072864 0.002334777100238169 0.002319932432164535 0.001820571694251288 0.00131404762251073 0.0007995347155402036 0.000295415375006531 0.0002954153750108923 0.0007995347155411608 0.001314047622514738 0.001820571694248466 0.002319932432163018 0.002301937177789019 0.001798874790070791 0.00129460467504184 0.0007868089114251791 0.0002897748376812705 0.0002897748377146522 0.0007868089114537823 0.001294604675070913 0.001798874790083582 0.002301937177796415 0.002281041416290835 0.001778518206870145 0.001276764290574748 0.0007744451751081195 0.0002839296006669641 0.0002839296005717266 0.0007744451750062698 0.001276764290499036 0.001778518206808273 0.002281041416265555 0.002258378764052521 0.001758880669599944 0.00126070270758746 0.0007635817763990887 0.0002791613458904871 0.0002791613460467863 0.0007635817765472736 0.001260702707719683 0.001758880669678548 0.002258378764092467 0.0022347503886059 0.001739607604358637 0.001245855642654605 0.0007539725984725357 0.000275391905565643 0.0002753919053453343 0.0007539725982434393 0.001245855642478966 0.001739607604224093 0.002234750388550908 0.00221065049807965 0.001720505094443051 0.001231703056812891 0.0007451477452331063 0.0002722741104780772 0.0002722741107441858 0.0007451477454895166 0.001231703057037236 0.001720505094581424 0.002210650498148499 0.002186340618313143 0.001701477169970824 0.001217904328565801 0.0007367470045041831 0.0002695195110523673 0.0002695195107612846 0.0007367470042038154 0.001217904328332762 0.001701477169796074 0.002186340618241198 0.002161946780580132 0.001682478911812985 0.001204269698275563 0.0007285530755385374 0.0002669479627271063 0.0002669479630052586 0.0007285530758098325 0.001204269698510522 0.001682478911960201 0.002161946780652084 0.002137524024686852 0.00166349098586419 0.00119070429107153 0.0007204513725293475 0.0002644619753977241 0.0002644619751666314 0.0007204513722921182 0.001190704290885363 0.001663490985726559 0.002137524024629325 0.002113093880883214 0.001644505889935883 0.001177164999638334 0.0007123873244388904 0.0002620140431005652 0.0002620140432341606 0.0007123873245717192 0.001177164999751817 0.001644505890007615 0.002113093880916702 0.002088663495978351 0.001625521158222634 0.001163634143965027 0.0007043373763668614 0.0002595831775934244 0.0002595831775864032 0.0007043373763614752 0.001163634143959095 0.001625521158218691 0.002088663495975526 0.002064234527573592 0.00160653623691115 0.001150105406859635 0.0006962924980770912 0.0002571611200694185 0.0002571611199022064 0.0006962924979139313 0.001150105406718763 0.001606536236819946 0.002064234527527214 0.00203980688722446 0.001587551176734084 0.001136577036581927 0.0006882498248236313 0.0002547451633700243 0.0002547451637185418 0.0006882498251844619 0.001136577036866484 0.001587551176940046 0.002039806887310195 0.002015380132295151 0.001568566144117709 0.001123048863234455 0.0006802088038692782 0.0002523347662713034 0.0002523347657151177 0.000680208803315247 0.001123048862763879 0.001568566143809172 0.002015380132146086 0.001990953893687794 0.00154958128092391 0.001109521128131174 0.0006721695947830942 0.0002499300949114791 0.000249930095653325 0.0006721695955473008 0.001109521128743217 0.001549581281359207 0.001990953893874389 0.001966527932644018 0.001530596682897592 0.001095994104720264 0.0006641325029381071 0.0002475314886180416 0.0002475314876991947 0.0006641325020100839 0.001095994103942113 0.001530596682378399 0.001966527932400296 0.001942102119358492 0.001511612408612726 0.001082467990649691 0.0006560977871126369 0.0002451392709446688 0.0002451392719956226 0.0006560977881917237 0.001082467991526783 0.00151161240922514 0.001942102119628267 0.001917676390031307 0.001492628494709926 0.001068942922702136 0.0006480656537049312 0.000242753729519603 0.0002427537283821098 0.000648065652540763 0.001068942921738824 0.001492628494054494 0.001917676389732124 0.001893250715583041 0.001473644965186848 0.001055418988982545 0.0006400362550371825 0.0002403751118927054 0.000240375113064424 0.0006400362562373974 0.001055418989973115 0.001473644965864942 0.001893250715890454 0.001868825091861571 0.00145466184008925 0.001041896259151882 0.0006320097313935881 0.0002380036582813405 0.0002380036571441363 0.0006320097302144127 0.001041896258189528 0.001454661839420418 0.001868825091564958 0.001844399514658368 0.001435679132587636 0.001028374787078513 0.0006239862018653251 0.0002356395912604715 0.0002356395923206766 0.0006239862029498042 0.001028374787987869 0.001435679133197706 0.001844399514943528 0.001819973984178758 0.00141669686602683 0.001014854632414743 0.0006159657944349136 0.0002332831455157727 0.0002332831445999013 0.0006159657934729331 0.001014854631640414 0.001416696865476606 0.001819973983941705 0.001795548500354756 0.001397715054535379 0.001001335847143843 0.0006079486330709359 0.0002309345536395233 0.0002309345543913499 0.000607948633840064 0.001001335847799907 0.001397715054966849 0.001795548500563369 0.001771123068604367 0.001378733720085214 0.0009878184887490635 0.0005999348463841217 0.0002285940586627417 0.0002285940581162329 0.0005999348458027242 0.0009878184882876164 0.001378733719748659 0.001771123068464158 0.001746697690718133 0.001359752879634664 0.0009743026129945073 0.0005919245707289197 0.000226261910261139 0.0002262619106102 0.000591924571087222 0.0009743026133076142 0.00135975287983627 0.00174669769082076 0.001722272370590119 0.00134077255617337 0.0009607882855206125 0.0005839179520632201 0.0002239383705029058 0.0002239383703533358 0.0005839179519010124 0.0009607882853951083 0.001340772556075753 0.001722272370552332 0.00169784710781923 0.001321792769979705 0.0009472755703902023 0.0005759151408451614 0.0002216237103089182 0.000221623710291451 0.0005759151408283208 0.0009472755703827529 0.001321792769973416 0.001697847107821473 0.001673421904671582 0.001302813544019297 0.0009337645373597213 0.000567916299474734 0.0002193182090460578 0.0002193182091988958 0.0005679162996377968 0.0009337645374903707 0.00130281354410916 0.001673421904711384 0.001648996765736159 0.001283834906217346 0.0009202552626650773 0.0005599215984368892 0.000217022159689261 0.0002170221594488798 0.0005599215981891236 0.0009202552624574768 0.001283834906084024 0.001648996765675248 0.001624571691538752 0.001264856879955507 0.0009067478237612777 0.0005519312170503063 0.0002147358675849879 0.0002147358678684329 0.0005519312173555609 0.0009067478240030997 0.001264856880128013 0.001624571691612424 0.001600146687028315 0.00124587949298887 0.0008932423040084708 0.0005439453460245207 0.0002124596449266949 0.0002124596446517451 0.0005439453457373967 0.0008932423037669467 0.001245879492834326 0.001600146686956709 0.001575721756248587 0.001226902777385846 0.0008797387899334091 0.0005359641853327004 0.0002101938194806673 0.000210193819715666 0.0005359641855846299 0.0008797387901343926 0.001226902777527603 0.001575721756310303 0.001551296899890762 0.00120792676225453 0.0008662373766939587 0.0005279879511147416 0.0002079387316922468 0.0002079387315398654 0.0005279879509522167 0.000866237376562308 0.001207926762168814 0.001551296899853944 0.001526872120729575 0.001188951482570221 0.0008527381670335255 0.0005200168694987135 0.0002056947343782382 0.0002056947344461583 0.0005200168695664988 0.0008527381670905408 0.001188951482605085 0.001526872120748303 0.001502447427748825 0.001169976977944775 0.000839241266182741 0.0005120511810940124 0.0002034621945239167 0.0002034621945627192 0.0005120511811335351 0.0008392412662261989 0.001169976977971468 0.001502447427767212 0.001478022825296229 0.001151003283109186 0.0008257467847581017 0.0005040911403454239 0.0002012414917902019 0.0002012414916724336 0.0005040911402094683 0.000825746784651059 0.00115100328302661 0.00147802282526536 0.001453598311935359 0.001132030435438971 0.00081225484489656 0.0004961370205200787 0.0001990330276185039 0.0001990330278106983 0.0004961370207305184 0.0008122548450817275 0.001132030435562358 0.001453598311997612 0.001429173898051797 0.001113058482771487 0.0007987655747324873 0.0004881891097743994 0.0001968372083288355 0.0001968372081031688 0.0004881891095241957 0.0007987655745246109 0.001113058482625025 0.00142917389798901 0.001404749584880911 0.00109408747175625 0.0007852791121961671 0.0004802477169716534 0.0001946544624195641 0.0001946544626497049 0.0004802477172359599 0.0007852791124144108 0.001094087471913548 0.001404749584951638 0.001380325376118128 0.001075117451610356 0.0007717956068593742 0.0004723131723372139 0.000192485237920715 0.0001924852377181371 0.0004723131721221527 0.0007717956066638985 0.001075117451488454 0.001380325376056647 0.001355901282282449 0.001056148473065128 0.0007583152125041046 0.0004643858235369039 0.0001903299943621839 0.0001903299944963296 0.0004643858237088271 0.0007583152126265586 0.001056148473175447 0.001355901282320582 0.00133147730870515 0.00103718059335845 0.0007448380966636607 0.0004564660469598671 0.0001881892138126013 0.0001881892137545005 0.0004564660469166022 0.0007448380965920351 0.001037180593340617 0.001331477308678778 0.001307053460242415 0.001018213877536472 0.0007313644435706463 0.0004485542420725948 0.0001860633926818014 0.0001860633926306754 0.0004485542420441815 0.0007313644435100316 0.00101821387753701 0.001307053460221242 0.001282629742689669 0.0009992483885607414 0.0007178944487361473 0.0004406508417988525 0.0001839530537403501 0.0001839530538826495 0.000440650841987334 0.0007178944488477026 0.0009992483886797968 0.001282629742718439 0.001258206168099723 0.0009802841983094031 0.0007044283213162655 0.0004327563065333226 0.0001818587337274772 0.0001818587334856669 0.0004327563062824047 0.0007044283210671281 0.000980284198183293 0.001258206168019143 0.001233782742142602 0.0009613213869623598 0.000690966289442823 0.0004248711277282223 0.0001797809911154835 0.0001797809914265752 0.0004248711281066937 0.0006909662897199651 0.000961321387189814 0.001233782742223375 0.001209359473706629 0.0009423600365783075 0.0006775085955470515 0.0004169958384623624 0.0001777204101943369 0.000177720409837316 0.0004169958380595198 0.0006775085951850008 0.000942360036359575 0.001209359473592493 0.001184936375666417 0.0009234002347777087 0.000664055502579144 0.0004091310091182687 0.0001756775931110978 0.0001756775934912855 0.0004091310095663366 0.0006640555029382489 0.0009234002350401525 0.001184936375776053 0.001160513456596002 0.0009044420804118771 0.0006506072979448389 0.0004012772553642392 0.0001736531681826937 0.0001736531678274908 0.0004012772549372218 0.0006506072975893088 0.000904442080169407 0.001160513456487073 0.001136090726832952 0.0008854856771345803 0.0006371642878629408 0.0003934352384831215 0.0001716477838767523 0.0001716477842063547 0.0003934352388585304 0.0006371642881932494 0.0008854856773475374 0.001136090726938208 0.001111668200350422 0.0008665311441751817 0.0006237268121379192 0.0003856056756206335 0.0001696621180387233 0.0001696621177912039 0.0003856056752975235 0.0006237268118983364 0.0008665311439816724 0.001111668200280857 0.001087245889362724 0.0008475786045801775 0.0006102952330097316 0.0003777893395427142 0.0001676968673777443 0.000167696867568076 0.0003777893397413558 0.0006102952332199869 0.0008475786046832242 0.001087245889434986 0.001062823809475798 0.0008286281916417585 0.0005968699478911125 0.000369987069913586 0.0001657527612710204 0.000165752761184045 0.0003699870697714206 0.000596869947824052 0.0008286281915442082 0.001062823809462745 0.001038401978072169 0.0008096800568516546 0.0005834513934901244 0.0003621997753082622 0.000163830551499598 0.0001638305515259 0.0003621997753045081 0.0005834513935439344 0.0008096800568327585 0.001038401978098086 0.001013980411793899 0.0007907343690885138 0.0005700400460114708 0.0003544284443642838 0.0001619310172342559 0.0001619310172909368 0.0003544284444020864 0.00057004004609985 0.0007907343690926226 0.001013980411829311 0.0009895591280591092 0.0007717913042748051 0.0005566364255232324 0.0003466741498880129 0.0001600549686515452 0.0001600549685534869 0.0003466741497375989 0.0005566364254469032 0.0007717913041708264 0.000989559128043256 0.0009651381536637373 0.0007528510567521313 0.0005432411028943036 0.0003389380611942385 0.0001582032381822583 0.00015820323831193 0.0003389380613426098 0.0005432411030600764 0.0007528510568248718 0.0009651381537210162 0.0009407175092451593 0.0007339138523932167 0.0005298547091282149 0.0003312214544941823 0.0001563766904881478 0.000156376690348857 0.0003312214543082245 0.0005298547089953485 0.0007339138522741156 0.0009407175092079128 0.0009162972217573642 0.0007149799307640878 0.0005164779389495658 0.000323525722761256 0.0001545762168112654 0.0001545762169223845 0.0003235257229132714 0.0005164779390864193 0.0007149799308486712 0.0009162972218016546 0.0008918773251569914 0.0006960495568174888 0.0005031115582857855 0.000315852392800194 0.0001528027422294713 0.0001528027421372221 0.0003158523926967339 0.0005031115581851221 0.0006960495567568842 0.000891877325123819 0.0008674578450188075 0.0006771230314115319 0.0004897564170011236 0.0003082031352606281 0.0001510572160278756 0.0001510572160471566 0.0003082031353173554 0.0004897564170189055 0.000677123031452627 0.0008674578450197193 0.0008430388223159023 0.0006582006838175347 0.000476413462442373 0.0003005797905782618 0.0001493406158456998 0.0001493406158607759 0.0003005797906363448 0.0004764134624421892 0.0006582006838623257 0.0008430388223079278 0.0008186202968293043 0.0006392828846400261 0.0004630837459751905 0.0002929843803859493 0.0001476539541047203 0.0001476539540036723 0.0002929843802916067 0.0004630837458342436 0.0006392828846025978 0.0008186202967764882 0.0007942023086970262 0.0006203700510704577 0.0004497684441929396 0.0002854191336160023 0.0001459982676994299 0.000145998267833496 0.0002854191338464359 0.0004497684443207385 0.0006203700512249503 0.0007942023087250675 0.0007697849154234045 0.0006014626489306814 0.0004364688778555718 0.0002778865166558904 0.0001443746212378801 0.0001443746210378753 0.0002778865164135665 0.0004364688775785414 0.0006014626488092821 0.0007697849153256505 0.000745368172401872 0.000582561211813913 0.0004231865303404199 0.0002703892540003965 0.0001427841080842923 0.0001427841083065107 0.0002703892543523056 0.0004231865305788047 0.0005825612120427484 0.0007453681724635838 0.0007209521490618847 0.0005636663381504075 0.0004099230774462017 0.0002629303732283495 0.0001412278497554899 0.0001412278495056095 0.0002629303728856247 0.0004099230770973489 0.00056366633796445 0.0007209521489431594 0.0006965369209637349 0.0005447787103962282 0.0003966804124492835 0.0002555132342488741 0.0001397069875040251 0.0001397069877639484 0.0002555132346458155 0.0003966804127539332 0.000544778710647357 0.0006965369210507902 0.000672122573943065 0.0005258991121016675 0.0003834606896838299 0.000248141578625134 0.0001382226909042683 0.0001382226906519147 0.0002481415782425827 0.0003834606893288819 0.0005258991118810173 0.0006721225738270459 0.0006477092087682746 0.0005070284341852398 0.0003702663650900265 0.0002408195847623321 0.0001367761514823541 0.0001367761517358597 0.0002408195851447816 0.0003702663654173008 0.0005070284344198272 0.0006477092088677163 0.000623296937058426 0.0004881677179103903 0.0003571002570166081 0.0002335519237985117 0.0001353685780085111 0.0001353685777768915 0.0002335519234201467 0.0003571002566912406 0.0004881677176802361 0.0006232969369558935 0.0005988858937093655 0.0004693181612994644 0.0003439656033315557 0.0002263438263685846 0.0001340011992082162 0.0001340011994366731 0.0002263438267194476 0.000343965603655941 0.0004693181615090393 0.0005988858938114973 0.0005744762340978919 0.0004504811623030817 0.0003308661504643944 0.0002192011734829497 0.0001326752587642642 0.0001326752585517138 0.0002192011731213939 0.000330866150163315 0.0004504811620742022 0.0005744762340049617 0.0005500681467674017 0.0004316583675680381 0.0003178062481240142 0.0002121305697317611 0.000131392010935592 0.0001313920111413152 0.0002121305700696253 0.0003178062484426949 0.0004316583677693545 0.0005500681468690858 0.0005256618483307136 0.0004128517198317401 0.0003047909778017625 0.000205139464989499 0.0001301527260498961 0.0001301527258447615 0.0002051394646362107 0.0003047909774957991 0.0004128517196044882 0.0005256618482352408 0.0005012576050541983 0.0003940635232471723 0.0002918262988440238 0.0001982362644645222 0.0001289586798105144 0.0001289586800044635 0.0001982362648129369 0.0002918262991630534 0.0003940635234629748 0.000501257605153545 0.0004768557423968204 0.0003752965448372467 0.000278919244804409 0.0001914304650174651 0.0001278111678580698 0.0001278111676550194 0.0001914304646653066 0.0002789192444747399 0.0003752965446102326 0.0004768557422906997 0.0004524566692343396 0.0003565541142785111 0.0002660781549240278 0.0001847328150876376 0.0001267115055625377 0.0001267115057455591 0.0001847328154468695 0.0002660781552395576 0.0003565541145142562 0.0004524566693309236 0.0004280609136626607 0.0003378402823894203 0.0002533129801060502 0.0001781554851489018 0.0001256610449207193 0.000125661044734836 0.0001781554848172867 0.0002533129797690458 0.0003378402821754459 0.0004280609135499489 0.0004036691803737196 0.0003191600123616597 0.0002406356734138229 0.0001717122707281841 0.0001246611753290235 0.0001246611754841923 0.0001717122710576225 0.000240635673693902 0.0003191600125913719 0.0004036691804573347 0.0003792824187819903 0.000300519463970865 0.0002280607536384174 0.0001654188565680408 0.000123713287470935 0.0001237132873290565 0.000165418856308059 0.0002280607533497859 0.0003005194638030618 0.000379282418681392 0.0003549018938967188 0.0002819264216368355 0.0002156061660079219 0.0001592931414645629 0.0001228185599091032 0.0001228185600068286 0.0001592931416945651 0.0002156061661901187 0.0002819264218089338 0.000354901893946583 0.0003305291896904208 0.0002633910295857721 0.0002032947588303977 0.0001533557057749745 0.0001219773039227655 0.000121977303853016 0.0001533557056541791 0.0002032947586654307 0.0002633910295155471 0.0003305291896281986 0.000306165912693171 0.0002449271886622787 0.0001911570051030624 0.0001476304227087274 0.0001211871940577502 0.0001211871940752372 0.0001476304227744686 0.0001911570051172294 0.000244927188720135 0.0003061659126866283 0.0002818126039130427 0.000226555412129528 0.0001792361920501356 0.0001421451394615291 0.0001204390672782374 0.0001204390672918118 0.0001421451395263416 0.0001792361920715046 0.0002265554122045826 0.0002818126039138518 0.0002574656820618942 0.0002083088112115698 0.0001675981197414492 0.0001369318252377753 0.0001197078885935768 0.000119707888530887 0.0001369318251181767 0.0001675981195492342 0.0002083088111196504 0.0002574656819803746 0.0002331102687683448 0.0001902455334180809 0.000156348104232461 0.0001320245108279354 0.0001189351640283991 0.0001189351641108719 0.0001320245110651692 0.0001563481044499905 0.000190245533655248 0.0002331102688408519 0.0002087051747686654 0.0001724735612840276 0.0001456573274927489 0.0001274514265439462 0.0001179986309527068 0.0001179986308386362 0.0001274514262856545 0.0001456573271231951 0.0001724735610496908 0.0002087051746138007 0.0001841557827328784 0.0001551958028550478 0.0001357948001064922 0.0001232167040816503 0.0001166686129367298 0.0001166686130534911 0.0001232167044128243 0.0001357948004533762 0.0001551958032164921 0.0001841557828644387 0.0001592728679894119 0.0001387772099900413 0.0001271447365113265 0.0001192753072292538 0.0001145642480410502 0.0001145642479152822 0.0001192753069254162 0.0001271447360722585 0.0001387772096800724 0.0001592728677875099 0.0001337404273776443 0.0001237863631958019 0.000120164576607719 0.0001155459860755246 0.0001111535365434921 0.0001111535366637235 0.0001155459864019702 0.0001201645769609859 0.0001237863635788725 0.0001337404275328256 0.0001071506420127916 0.0001107724616077557 0.0001152627271037406 0.000112110835975311 0.0001058905460464686 0.000105890545931962 0.0001121108357066025 0.0001152627267308558 0.0001107724613325355 0.000107150641816333 7.923181545007669e-05 9.93483038342563e-05 0.0001125450134599761 0.0001100324458129039 9.864477529118711e-05 9.864477540991942e-05 0.0001100324460759945 0.0001125450137091607 9.934830410031969e-05 7.92318155767765e-05 5.077003956310799e-05 8.500463707237637e-05 0.0001126522280381547 0.0001127583399368359 9.117084161229931e-05 9.117084149561736e-05 0.0001127583397361551 0.0001126522278510975 8.500463693344881e-05 5.077003944490646e-05 2.394634910054006e-05 6.133023274320867e-05 0.0001039737420919892 0.0001411394219818999 9.267240313035296e-05 9.2672403265744e-05 0.0001411394220831173 0.0001039737421730239 6.133023279349979e-05 2.394634914367018e-05 3.663841142480587e-06 2.643791110901574e-05 6.916162606774922e-05 0.0001473324393053471 0.0002900259620539632 0.000290025962066141 0.0001473324392971625 6.916162610958582e-05 2.643791109922456e-05 3.663841133019896e-06 
Sigma_xx 1 1000 float
-0.5585182284939931 -0.4003008475458834 -0.2815531934183121 -0.1673954976149138 -0.05561357082246249 0.05561357082478882 0.1673954976169636 0.2815531934197511 0.4003008475465439 0.5585182284935555 -0.524865393945152 -0.4197618684002476 -0.2931919026053066 -0.1744123596320936 -0.05785891612034522 0.05785891611035413 0.174412359622982 0.293191902597538 0.4197618683947359 0.5248653939420453 -0.5168669729949604 -0.4121459854691215 -0.2965796754610401 -0.1772062995367649 -0.05895763119229572 0.05895763120272801 0.177206299546411 0.2965796754683244 0.412145985474093 0.516866972996364 -0.5134130833918453 -0.4053989111273308 -0.29267370673522 -0.1764115639148673 -0.05883984597786476 0.0588398459671674 0.1764115639054837 0.2926737067266716 0.4053989111219725 0.5134130833885858 -0.5102218777995627 -0.3998926373152579 -0.2879578290414868 -0.1737216598986809 -0.0580577189098409 0.05805771891083399 0.1737216599003049 0.2879578290413326 0.39989263731605 0.5102218777985327 -0.5063019985844789 -0.3952042328767424 -0.283645126471335 -0.1708721219068402 -0.05708019688359159 0.05708019689248267 0.1708721219161202 0.2836451264767587 0.3952042328822084 0.5063019985853671 -0.5017498661279961 -0.3908468509445855 -0.2798763734994473 -0.16832271267077 -0.05618544866608984 0.0561854486379734 0.1683227126468319 0.2798763734769399 0.3908468509316354 0.5017498661199244 -0.496790590768223 -0.3866182145098913 -0.2764818987403834 -0.1660917413970358 -0.05540557787371505 0.05540557791724748 0.1660917414389619 0.2764818987707441 0.3866182145340377 0.4967905907765167 -0.491607259337205 -0.3824320822596304 -0.2733032869971325 -0.1640751562562514 -0.05471173518768015 0.05471173512334439 0.1640751562002756 0.2733032869469861 0.3824320822293755 0.491607259320554 -0.486312630711337 -0.3782570926871939 -0.2702348765468274 -0.1621795823970218 -0.05406853367611606 0.05406853375094126 0.1621795824682283 0.2702348765998905 0.3782570927279705 0.4863126307264047 -0.4809677084009925 -0.374082903478528 -0.2672176672933417 -0.1603446507392757 -0.0534515643727423 0.05345156428784976 0.1603446506648443 0.2672176672277294 0.3740829034382161 0.480967708379706 -0.4756022605334172 -0.3699070541429698 -0.2642220094120094 -0.1585372698587013 -0.0528468410199856 0.0528468410990389 0.1585372699334603 0.2642220094684922 0.3699070541855701 0.4756022605495733 -0.4702295138090687 -0.3657295529462032 -0.261234373222449 -0.1567411710210433 -0.05224729111180938 0.05224729104438314 0.1567411709615296 0.2612343731705891 0.3657295529138092 0.4702295137924341 -0.4648547518719097 -0.3615509421636215 -0.2582491723680521 -0.1549491009859941 -0.05164967153284296 0.05164967157167803 0.1549491010224615 0.258249172395992 0.3615509421841275 0.4648547518796546 -0.4594797920417563 -0.357371702790364 -0.2552643864244181 -0.1531581527894528 -0.05105264067386292 0.05105264067200148 0.1531581527875391 0.2552643864229176 0.3573717027890889 0.4594797920412244 -0.4541050973354577 -0.3531921457589954 -0.2522794371918156 -0.1513673227319612 -0.0504557118537826 0.05045571180684155 0.1513673226878502 0.2522794371579704 0.3531921457335316 0.4541050973247905 -0.4487306823198766 -0.3490124431458434 -0.2492942516927739 -0.1495763527884583 -0.04985874531310039 0.04985874541558145 0.1495763528793699 0.2492942517705582 0.3490124431952255 0.448730682344342 -0.4433564583588681 -0.3448326801859363 -0.2463088907668318 -0.1477852321466676 -0.04926172320300262 0.0492617230430701 0.1477852319977241 0.246308890650525 0.3448326801012839 0.4433564583233452 -0.4379823451406081 -0.3406528950929233 -0.2433234244692465 -0.1459940063768595 -0.04866465852366574 0.04866465874191352 0.1459940065722772 0.2433234246338461 0.3406528952000816 0.4379823451920656 -0.4326082881694179 -0.3364731036941096 -0.2403379035756504 -0.144202721616861 -0.0480675695547019 0.04806756928703308 0.1442027213696793 0.2403379033793431 0.3364731035547936 0.4326082881094061 -0.4272342570134918 -0.332293311293118 -0.2373523561905874 -0.142411405862249 -0.04747046696721016 0.04747046727678691 0.1424114061420561 0.2373523564222951 0.3322933114478968 0.4272342570854259 -0.4218602365552424 -0.3281135193262883 -0.2343667979265091 -0.1406200764984402 -0.04687335849133735 0.04687335815604969 0.1406200761916324 0.2343667976783881 0.3281135191547283 0.4218602364789558 -0.4164862191984341 -0.3239337281334397 -0.2313812348145856 -0.1388287403138831 -0.0462762465686164 0.04627624691447497 0.138828740629554 0.2313812350712819 0.3239337283096526 0.4164862192775686 -0.4111122036152467 -0.3197539377062938 -0.2283956705820885 -0.1370374023804506 -0.04567913432405616 0.04567913398498657 0.1370374020731425 0.228395670328721 0.319753937535854 0.4111122035367792 -0.4057381883752209 -0.3155741470418201 -0.2254101052858639 -0.1352460631858605 -0.04508202101247971 0.04508202132635547 0.1352460634752979 0.2254101055168515 0.3155741472049598 0.4057381884460034 -0.4003641730507328 -0.3113943570999227 -0.2224245407532322 -0.133454724392202 -0.04448490828618393 0.04448490800995972 0.1334547241443096 0.2224245405447067 0.3113943569634874 0.4003641729855649 -0.3949901570491962 -0.307214566582858 -0.2194389762616434 -0.1316633859300677 -0.04388779524544489 0.04388779546901773 0.1316633861385092 0.2194389764248527 0.3072145667017268 0.3949901570990798 -0.3896161411531171 -0.3030347767159415 -0.2164534120647516 -0.1298720475122891 -0.04329068249883938 0.04329068233205333 0.1298720473641399 0.2164534119372351 0.3030347766349655 0.3896161411128171 -0.3842421253513716 -0.2988549865702674 -0.2134678476538534 -0.1280807087441792 -0.04269356955831695 0.04269356966292953 0.1280807088432101 0.2134678477297496 0.2988549866279745 0.3842421253747753 -0.3788681100838701 -0.2946751968169022 -0.2104822836102232 -0.1262893704559379 -0.04209645670353704 0.04209645665704852 0.1262893704154088 0.2104822835733239 0.2946751967947774 0.3788681100718371 -0.3734940946773824 -0.2904954070394615 -0.2074967193604716 -0.1244980317772182 -0.04149934384541663 0.04149934384053929 0.1244980317740475 0.2074967193572267 0.290495407039279 0.3734940946771725 -0.3681200788965587 -0.2863156168427121 -0.20451115487364 -0.1227066930184221 -0.04090223097051994 0.04090223101741351 0.1227066930603673 0.2045111549079353 0.2863156168651608 0.3681200789069954 -0.3627460631705133 -0.2821358270073317 -0.201525590632796 -0.1209153543684319 -0.04030511808125908 0.04030511800852655 0.120915354301329 0.2015255905810455 0.2821358269706908 0.362746063155913 -0.3573720473151685 -0.2779560370129979 -0.1985400263508604 -0.1191240156647895 -0.039708005196002 0.03970800528408074 0.1191240157428544 0.1985400264166418 0.2779560370548014 0.357372047335619 -0.3519980316797685 -0.2737762468044106 -0.1955544621577114 -0.1173326772405104 -0.03911089241382815 0.03911089232921716 0.1173326771622851 0.1955544620976019 0.2737762467614994 0.3519980316627362 -0.3466240160385228 -0.2695964568561077 -0.1925688976943834 -0.1155413384210488 -0.0385137794729415 0.0385137795462581 0.1155413384862246 0.1925688977486389 0.2695964568910144 0.3466240160554116 -0.3412500002558963 -0.2654166664814357 -0.1895833330863408 -0.1137499997076798 -0.03791666663077117 0.0379166665824684 0.1137499996640484 0.18958333305221 0.2654166664585289 0.3412500002465047 -0.3358759840229031 -0.2612368760433328 -0.186597768646367 -0.1119586611141781 -0.0373195537396095 0.03731955376037968 0.1119586611332371 0.1865977686601122 0.2612368760534008 0.3358759840270448 -0.3305019679135777 -0.2570570862655093 -0.1836122045462427 -0.1101673226762719 -0.03672244097961161 0.03672244099038666 0.1101673226882554 0.1836122045546695 0.2570570862743892 0.33050196791683 -0.325127952514405 -0.2528772965392178 -0.1806266403218735 -0.108375984061086 -0.03612532799841734 0.03612532796027875 0.1083759840275406 0.1806266402909591 0.2528772965205874 0.3251279525046885 -0.3197539368278703 -0.2486975064071436 -0.1776410760099403 -0.1065846455852499 -0.03552821520568372 0.03552821526620817 0.1065846456426924 0.1776410760552374 0.2486975064413678 0.3197539368423246 -0.3143799216966855 -0.2445177164105477 -0.1746555116872751 -0.1047933070301408 -0.03493110234113903 0.03493110226891141 0.1047933069644098 0.1746555116319498 0.2445177163734512 0.3143799216797913 -0.3090059058112903 -0.240337926507 -0.1716699472989314 -0.103001968502906 -0.03433398946769086 0.03433398954326595 0.1030019685716719 0.1716699473572331 0.2403379265462965 0.3090059058302896 -0.3036318894439218 -0.2361581367384335 -0.1686843835000099 -0.1012106302815147 -0.03373687680915831 0.0337368767454836 0.1012106302201108 0.1686843834537504 0.2361581367021612 0.303631889430562 -0.2982578738743411 -0.2319783467887006 -0.1656988193232101 -0.09941929172346135 -0.03313976376968082 0.03313976381730182 0.09941929176261549 0.165698819363822 0.2319783468094649 0.2982578738887423 -0.2928838584049653 -0.2277985565483074 -0.1627132546956732 -0.09762795312396037 -0.03254265106738582 0.03254265105212746 0.09762795310261174 0.1627132546886245 0.22779855653238 0.2928838584045427 -0.2875098427158486 -0.223618766554498 -0.1597276901844346 -0.09583661409215878 -0.0319455379214029 0.03194553790963785 0.09583661407355734 0.1597276901834971 0.2236187665413114 0.2875098427182414 -0.2821358266260385 -0.2194389763880719 -0.156742125721459 -0.09404527527886578 -0.03134842497165807 0.03134842502344753 0.09404527531637934 0.1567421257661822 0.2194389764038948 0.282135826642018 -0.27676181105507 -0.2152591860349429 -0.1537565613617615 -0.09225393684862558 -0.03075131234970754 0.03075131227280361 0.09225393676984163 0.153756561312781 0.2152591859877201 0.2767618110428497 -0.2713877951834949 -0.2110793959691942 -0.1507709970946355 -0.09046259818265648 -0.03015419934908823 0.03015419945750415 0.09046259827303206 0.1507709971806413 0.211079396015117 0.2713877952117917 -0.2660137790735544 -0.2068996061354031 -0.1477854328291628 -0.0886712595835004 -0.02955708658998775 0.02955708646943911 0.08867125946783057 0.1477854327451938 0.2068996060689594 0.2660137790496778 -0.260639763553316 -0.2027198161376902 -0.1447998685686174 -0.08687992092136514 -0.02895997366977647 0.02895997380097625 0.0868799210373134 0.1447998686681633 0.2027198162003301 0.2606397635847144 -0.2552657481091041 -0.1985400263904208 -0.1418143046530427 -0.08508858250850387 -0.02836286102904082 0.02836286090312065 0.08508858239374728 0.1418143045602697 0.1985400263270247 0.2552657480810571 -0.2498917324681041 -0.1943602361237187 -0.138828740198382 -0.08329724416155529 -0.02776574810874558 0.02776574822140362 0.08329724426721959 0.1388287402793535 0.1943602361838695 0.2498917324923743 -0.2445177168303149 -0.1901804462656058 -0.1358431761093945 -0.0815059058165329 -0.02716863549534066 0.02716863540195645 0.08150590573779061 0.1358431760355139 0.1901804462250689 0.2445177168064142 -0.2391437008259119 -0.1860006565973084 -0.1328576119437362 -0.07971456701208389 -0.02657152244718926 0.02657152251002678 0.07971456707830962 0.1328576119833299 0.1860006566385072 0.2391437008362115 -0.233769685173725 -0.1818208664203232 -0.1298720474954776 -0.07792322829254639 -0.02597440939660014 0.02597440935798085 0.07792322826839972 0.12987204745839 0.1818208664122877 0.2337696851599027 -0.228395669732298 -0.1776410759136372 -0.1268864829364608 -0.07613188977009568 -0.02537729663439433 0.02537729663801088 0.0761318897854934 0.1268864829298622 0.1776410759281246 0.2283956697276637 -0.2230216538388763 -0.173461286008311 -0.1239009185012809 -0.07434055114371635 -0.02478018381580778 0.02478018383092496 0.0743405511696648 0.1239009185031589 0.1734612860285446 0.2230216538366033 -0.2176476374604127 -0.1692814961968095 -0.1209153541930123 -0.07254921231635242 -0.02418307068671246 0.02418307064572148 0.07254921229004066 0.1209153541540554 0.1692814961874992 0.2176476374461017 -0.2122736217413507 -0.1651017055796303 -0.117929789751206 -0.07075787384015249 -0.02358595771060306 0.02358595775767698 0.07075787389194849 0.1179297897792533 0.1651017056125917 0.2122736217477766 -0.2068996058219587 -0.1609219155745592 -0.1149442254582408 -0.06896653553589109 -0.02298884535562947 0.02298884530132992 0.06896653549217391 0.1149442254132878 0.1609219155529588 0.2068996058068654 -0.201525589806768 -0.1567421258813317 -0.1119586613281529 -0.06717519703043154 -0.02239173240850764 0.02239173245454868 0.06717519707456873 0.1119586613607999 0.1567421259069111 0.2015255898161799 -0.1961515747129224 -0.1525623358876782 -0.1089730971608669 -0.06538385850275714 -0.02179461941335045 0.02179461938052704 0.06538385847068393 0.1089730971377854 0.1525623358686571 0.1961515747061889 -0.1907775590109062 -0.1483825462443885 -0.1059875329670734 -0.06359251981479355 -0.0211975065876839 0.02119750660234149 0.06359251982210909 0.105987532983001 0.1483825462456547 0.1907775590171441 -0.1854035436177394 -0.1442027564467967 -0.1030019689616526 -0.06180118142429726 -0.02060039375754103 0.02060039377076583 0.06180118142628244 0.1030019689786889 0.1442027564426381 0.1854035436249027 -0.180029528450164 -0.1400229663855178 -0.1000164046974453 -0.06000984296649635 -0.02000328092967674 0.02000328089625963 0.06000984292355024 0.1000164046831861 0.1400229663557959 0.1800295284485481 -0.1746555122911854 -0.1358431763317886 -0.09703084004616101 -0.05821850403955516 -0.01940616801729344 0.01940616808244219 0.05821850408395029 0.09703084010493797 0.1358431763486911 0.1746555123119994 -0.1692814962940081 -0.1316633858313926 -0.09404527553724941 -0.05642716536841406 -0.01880905520798053 0.01880905512829687 0.0564271652811416 0.09404527549044546 0.1316633857761635 0.1692814962829382 -0.1639074800289568 -0.127483595628643 -0.09105971100862616 -0.05463582637064565 -0.01821194197696231 0.0182119420815115 0.05463582645131081 0.09105971109589069 0.1274835956656372 0.1639074800583535 -0.1585334641144688 -0.1233038054611431 -0.08807414676274931 -0.0528444879028331 -0.01761482940980364 0.01761482929937537 0.05284448779076532 0.08807414669103403 0.1233038053938809 0.1585334640951634 -0.1531594481619886 -0.11912401519774 -0.08508858235864386 -0.05105314952177979 -0.01701771653888779 0.01701771666140908 0.05105314962385345 0.08508858245481291 0.1191240152489698 0.153159448192956 -0.1477854324123591 -0.1149442255796562 -0.08210301812302366 -0.04926181088355661 -0.0164206036605723 0.01642060353850837 0.04926181076775346 0.08210301803795519 0.1149442255136983 0.1477854323875008 -0.1424114173318091 -0.11076443524445 -0.07911745382348384 -0.04747047239396107 -0.01582349085334801 0.01582349097568916 0.04747047250287496 0.07911745391388832 0.1107644353026347 0.1424114173593293 -0.1370374016624766 -0.1065846455994561 -0.07613188985844704 -0.04567913402478482 -0.01522637802069756 0.01522637789995066 0.0456791339167362 0.07613188976970856 0.1065846455411212 0.1370374016349717 -0.1316633856324696 -0.1024048559922592 -0.07314632592419262 -0.04388779550332383 -0.01462926500500626 0.01462926512077543 0.04388779561120425 0.07314632600548113 0.1024048560519705 0.1316633856560239 -0.1262893692364257 -0.0982250659224447 -0.07016076198772046 -0.04209645767305793 -0.01403215259558707 0.01403215247848546 0.04209645757163729 0.07016076189943238 0.09822506586957239 0.1262893692085016 -0.1209153534385348 -0.09404527619365396 -0.06717519790953767 -0.04030511890445663 -0.01343503957436165 0.01343503968788834 0.04030511901099604 0.06717519798821686 0.0940452762530304 0.1209153534609174 -0.1155413375541843 -0.08986548712448247 -0.064189633688871 -0.0385137797498376 -0.01283792646263085 0.01283792634450194 0.03851377964627992 0.06418963360099231 0.08986548706997646 0.1155413375266482 -0.110167323028322 -0.08568569801387796 -0.06120406776506628 -0.03672243832975581 -0.01224081201588597 0.01224081213462123 0.03672243843812759 0.06120406784965546 0.08568569807248053 0.1101673230531615 -0.1047933127438713 -0.08150590978530128 -0.05821849747324346 -0.03493109053881412 -0.01164369496023181 0.01164369483746189 0.0349310904270055 0.05821849738514358 0.08150590972441753 0.1047933127174082 -0.09941931325056573 -0.07732612164925891 -0.05523291543782189 -0.03313972865774254 -0.01104657153810201 0.01104657166275239 0.03313972876684022 0.05523291553015288 0.07732612170610384 0.09941931327876316 -0.09404533915184347 -0.07314633243789619 -0.05224730771180222 -0.03134833704263491 -0.01044943558455826 0.01044943546274901 0.03134833692751918 0.05224730762790336 0.07314633237317722 0.094045339127745 -0.08867142021179206 -0.06896653638092839 -0.04926164591460815 -0.02955688686640462 -0.009852274998189758 0.009852275116146669 0.02955688696578541 0.04926164600497255 0.06896653643039026 0.08867142024011729 -0.0832976083377981 -0.06478671749234571 -0.04627588281005107 -0.0277653377467002 -0.009255075218683923 0.009255075116446795 0.02776533764638704 0.04627588274310309 0.0647867174344802 0.08329760831973308 -0.07792397931413403 -0.06060683725087444 -0.04328995359365237 -0.02597364984341147 -0.008657824817418561 0.00865782490400705 0.02597364991164781 0.04328995366256754 0.06060683728192521 0.07792397933629723 -0.07255060798098183 -0.05642681168862834 -0.04030381113954164 -0.02418184941973733 -0.008060548617753833 0.008060548563021054 0.0241818493605787 0.04030381110934285 0.05642681165272764 0.07255060797474661 -0.06717745021007981 -0.05224647295496884 -0.03731755607664252 -0.0223902232935355 -0.007463398106318463 0.0074633981321631 0.02239022330470723 0.03731755610197339 0.05224647295341307 0.06717745021926605 -0.06180399055467934 -0.04806552463214996 -0.03433181641201966 -0.02059982011263575 -0.006866876819443988 0.0068668768386589 0.02059982011912705 0.03433181643797843 0.04806552463180973 0.06180399056624491 -0.05642832453083168 -0.04388352468823489 -0.03134868967898288 -0.01881359717702937 -0.006272342020558078 0.006272341964965337 0.01881359711219865 0.03134868964557432 0.0438835246436557 0.05642832452268915 -0.05104505229981544 -0.03970003118291145 -0.02837384475147426 -0.01703881224753311 -0.00568302125942126 0.005683021364365456 0.01703881233002896 0.028373844842159 0.03970003122383215 0.05104505233169011 -0.04564088996068269 -0.03551524831328085 -0.02542078340570662 -0.01529152443646057 -0.005105897577590807 0.005105897440918851 0.0152915242960148 0.0254207833137369 0.03551524822597357 0.04564088993497463 -0.04018643413089008 -0.03133197170948776 -0.02251843422634945 -0.01360423162947765 -0.004554750070212573 0.004554750247020215 0.01360423177583687 0.02251843437150958 0.03133197178471465 0.04018643417962572 -0.03462313453380094 -0.02715959730628561 -0.01972279247877501 -0.01203663755679909 -0.004055041107881776 0.004055040917076554 0.01203663736635966 0.01972279234764439 0.0271595971909961 0.03462313449634132 -0.02884816904751255 -0.02302079701116973 -0.01712637225942908 -0.0106904428440581 -0.003649246689650176 0.003649246898364036 0.01069044301968318 0.01712637242744679 0.02302079710259487 0.02884816910307062 -0.02272035589004455 -0.01894048567638544 -0.01485458189291603 -0.009716796395679917 -0.003418675295990786 0.003418675099315087 0.009716796201894893 0.01485458175669046 0.01894048556046232 0.02272035585074052 -0.0161375547744088 -0.01489726747740238 -0.01294676750497163 -0.009378551404661041 -0.003480050977284797 0.003480051162170736 0.009378551561548907 0.01294676765270783 0.01489726755954036 0.01613755482275097 -0.009396201526481742 -0.01047325922174882 -0.01121680665998837 -0.009853962103202029 -0.00435072322536032 0.004350723078196896 0.0098539619593051 0.01121680655764738 0.01047325913626348 0.009396201496824168 -0.003624369667356245 -0.00554713692654198 -0.007182197376851542 -0.01200692685170403 -0.006067050232810338 0.006067050340828745 0.01200692694416402 0.00718219746251132 0.005547136975303562 0.003624369695287601 -0.0005649576669606404 -0.001302289003461664 -0.002152550600246502 -0.004379649349500953 -0.01190894752835296 0.01190894747400396 0.004379649297295362 0.002152550561707359 0.001302288972815378 0.000564957655411475 
Sigma_yy 1 1000 float
-0.08780426062904742 -0.08076722268149829 -0.06261708390791672 -0.03873132790273 -0.01308210666419431 0.01308210666488967 0.03873132790342538 0.06261708390831359 0.0807672226818191 0.08780426062908744 -0.001455831017308399 -0.02747297024470233 -0.02917264867299205 -0.02054285967343714 -0.007276828650523038 0.007276828647563558 0.02054285967105704 0.02917264867052794 0.02747297024352136 0.001455831016538791 -0.001281139443438431 -0.003558607475659405 -0.008965784674480465 -0.007931233582313794 -0.003065124609776009 0.003065124612937278 0.007931233585982916 0.00896578467622387 0.003558607478101966 0.001281139443712906 0.0004725294835968718 0.0002193499979808696 -0.0008017932071476533 -0.001594009958234092 -0.0007467573748487039 0.0007467573714740902 0.001594009956724509 0.0008017932034479204 -0.0002193499980186884 -0.000472529485010125 0.0003132739440192541 0.0009998112578647035 0.001013183249680439 0.0005842382450797674 0.0001504043324516788 -0.0001504043325220396 -0.0005842382424325206 -0.001013183251821168 -0.000999811255084282 -0.0003132739454197121 0.0002221508171968286 0.0007737960329270455 0.001087623607950144 0.0008744042994199418 0.0003275402353288406 -0.0003275402334443807 -0.0008744042935017251 -0.001087623609780083 -0.0007737960275642364 -0.0002221508186598974 0.0001219814417946501 0.0004782723546578094 0.0007385373592842507 0.0006544729151215027 0.0002569242360038941 -0.0002569242456265435 -0.0006544729179675593 -0.0007385373710055933 -0.0004782723534031096 -0.0001219814468396008 6.244295118510504e-05 0.0002570350223112029 0.0004212890345636587 0.0003898788028293858 0.0001573777922426083 -0.0001573777808292896 -0.0003898787847458627 -0.0004212890319923091 -0.0002570350085263604 -6.244295215055975e-05 2.89427682603346e-05 0.0001252681930393725 0.0002138914441259298 0.0002041242614554936 8.363226648727661e-05 -8.363228784823593e-05 -0.0002041242717686784 -0.0002138914670559729 -0.0001252681943966984 -2.894277739130782e-05 1.224423218787015e-05 5.553893078969451e-05 9.861693456384464e-05 9.654404685352501e-05 4.008471379420102e-05 -4.008469359926094e-05 -9.65440183564154e-05 -9.861692730075653e-05 -5.553891009402188e-05 -1.224423233093821e-05 4.58392959247075e-06 2.214336902603657e-05 4.113155202660039e-05 4.140177476107898e-05 1.741594927226991e-05 -1.741597710202426e-05 -4.140179004814537e-05 -4.113158045994252e-05 -2.214337272747038e-05 -4.583940509633643e-06 1.409795199635532e-06 7.591155942006791e-06 1.509629346031037e-05 1.578256753635408e-05 6.755085139806176e-06 -6.755063414051514e-06 -1.578253873404338e-05 -1.509628423165148e-05 -7.591135609361044e-06 -1.409794555496753e-06 2.532693850880383e-07 1.921418893863862e-06 4.457077428868931e-06 5.010106836893113e-06 2.210548505715368e-06 -2.210570309548167e-06 -5.010119967185124e-06 -4.457098827113752e-06 -1.92142297985794e-06 -2.532772995269456e-07 -8.296634199882996e-08 5.04037711092287e-08 6.686220838491557e-07 1.011789041772157e-06 4.922124704199106e-07 -4.922014650676416e-07 -1.011775487708236e-06 -6.68616594233068e-07 -5.039455089649437e-08 8.296705301260986e-08 -1.298742492503132e-07 -3.765119365945998e-07 -3.806216517425514e-07 -1.953078287830742e-07 -4.539789226065205e-08 4.539754295819601e-08 1.953070897508318e-07 3.806216740750574e-07 3.765113634426687e-07 1.298745137735303e-07 -9.808598198795881e-08 -3.474278153961656e-07 -4.866325059299589e-07 -3.964249750173867e-07 -1.484019486908219e-07 1.483891587179437e-07 3.964088980413077e-07 4.866264650375084e-07 3.474167119736306e-07 9.808497857994127e-08 -5.918992765225339e-08 -2.272658644994144e-07 -3.512157183338772e-07 -3.109631148624461e-07 -1.225843319247078e-07 1.226171968583127e-07 3.10985067854097e-07 3.512462600087021e-07 2.272742779718857e-07 5.920124112210298e-08 -3.090709821368913e-08 -1.26323020682582e-07 -2.066006598740022e-07 -1.905643710175968e-07 -7.702784303834118e-08 7.698260236482788e-08 1.905126500853723e-07 2.065751587576736e-07 1.2628920263549e-07 3.0901550202501e-08 -1.467126590610309e-08 -6.264164406245632e-08 -1.072523157928364e-07 -1.01499671088064e-07 -4.188547149027138e-08 4.19539543448844e-08 1.015506316264516e-07 1.073119166886553e-07 6.26646322766007e-08 1.469217135098439e-08 -6.364200187198302e-09 -2.832805585153402e-08 -5.051252964098138e-08 -4.870653686604776e-08 -2.076956288365204e-08 2.06919172789817e-08 4.862523316855646e-08 5.046295626251673e-08 2.827776369411436e-08 6.351334268550378e-09 -2.373643132857676e-09 -1.165609666135198e-08 -2.157776265224493e-08 -2.103621775855076e-08 -9.451485216934737e-09 9.546434159315961e-09 2.111492535692035e-08 2.165433904898719e-08 1.169622128429855e-08 2.398855204642369e-09 -9.104036986566733e-10 -3.943971457139751e-09 -8.482091059368748e-09 -8.112942847053808e-09 -3.97359497969964e-09 3.87385731612552e-09 8.018259418269081e-09 8.410985765707145e-09 3.889382653653072e-09 8.894327666869333e-10 -1.394560620046449e-10 -8.232408383130124e-10 -2.719861786850037e-09 -2.540904617232255e-09 -1.292022613116622e-09 1.395556410732773e-09 2.636435428010617e-09 2.795913831681956e-09 8.771017700914252e-10 1.624424432706986e-10 9.703381999956267e-11 2.001634739534555e-10 -7.89717381040694e-10 -6.05916767610043e-10 -6.7745601017109e-10 5.740537452126812e-10 5.177634900733523e-10 7.081335448567118e-10 -2.463708946842655e-10 -1.234346373148383e-10 7.071440440418121e-11 1.456459664811671e-11 -6.505885444763979e-11 -1.722880330096449e-10 -2.679444001144188e-10 3.594900024454828e-10 2.662293621319747e-10 1.251081409234734e-10 4.285783085622524e-11 -5.469998386436142e-11 -9.242388400517163e-11 -4.304615408563714e-10 -5.26505649139215e-11 -4.458151200477073e-11 -2.253063177398875e-10 1.389208821953068e-10 -2.08373326250199e-11 -2.188562575953222e-11 4.002378325713466e-10 6.648183768422781e-11 -6.258497717903111e-11 -1.427421510075545e-10 6.65708139951048e-11 -2.443729419576673e-11 3.777497481884623e-11 2.556629911857691e-11 9.675247374809501e-11 -3.055401090203826e-11 1.900790938666662e-10 7.044860134630259e-11 8.506157589753408e-11 -1.293325656924593e-10 4.055337796477828e-10 -1.497891713496506e-11 2.668516345745825e-10 -3.204637748927102e-10 -2.03793793316609e-11 -4.560365903914386e-10 1.160194897188685e-10 -1.0383913114847e-10 2.029986594856135e-10 1.4044575231772e-10 4.980462028633197e-10 3.157292075778962e-10 3.189807111585655e-10 -2.905105366138374e-10 -2.787172726709573e-10 -4.852930952274534e-10 -1.142707869060155e-10 -2.014579526492345e-10 1.355978065502269e-10 2.212504315836177e-10 4.551376395263768e-10 1.128472468940212e-10 5.268093324269799e-10 -5.426936586759958e-10 -1.202659084848926e-10 -4.72843028955071e-10 -2.221304244532473e-10 -1.429098174371098e-10 -2.783934436590734e-11 3.756547327866984e-11 3.836297318566686e-10 -3.967591010522273e-11 3.454923526669057e-10 -3.479294365239899e-10 4.036431290839105e-11 -3.873952268028155e-10 -3.55275258198351e-11 2.63534498159536e-11 5.106015329125469e-11 1.288512996303378e-10 3.261733182631613e-10 1.12880249224046e-11 1.660080674550733e-10 -1.517479865680451e-10 2.478328739229012e-13 -3.14927093348767e-10 -1.233033666572683e-10 -4.761630601583109e-11 3.844568480742764e-10 3.922513868978067e-10 3.319136820557916e-10 2.737429961151713e-10 2.514349188066941e-10 -2.724519427127914e-10 -2.971035870017043e-10 -3.43911093933856e-10 -4.069771428451607e-10 -3.868885543910482e-10 3.029954146954992e-10 4.719749338989474e-10 3.725189156060627e-10 3.707677307578716e-10 1.131768752780434e-10 -8.544310683787097e-11 -3.514231554801556e-10 -3.478005582466344e-10 -4.643205554514807e-10 -2.944981705402483e-10 -7.842776950069724e-11 3.26228068241563e-10 2.221555558156164e-10 6.903633495967684e-11 -1.748987843984866e-10 1.506428276920631e-10 -9.655426481105111e-11 -2.354721755909825e-10 -3.439010730327031e-10 7.588681916365476e-11 8.110874244986766e-11 7.565735779141917e-11 -1.911009945650349e-10 -9.083830725494141e-11 -1.90095653042577e-10 2.128173902017692e-10 1.076454360892188e-10 2.105083900702508e-10 -6.842685793872238e-11 -7.454029718109786e-11 -1.562359256680755e-10 -4.069068127700879e-11 -6.250698308747148e-10 -3.602428318585491e-11 -1.056339047123038e-10 9.112847849087281e-11 2.207791954773923e-11 6.154012688595278e-10 3.28817834225045e-11 1.537052606971511e-10 -5.838690849849317e-10 -1.387410092046124e-10 -3.766457651741524e-10 3.732620270231885e-11 -1.389398154119988e-10 1.443846567236398e-10 -3.034893441804413e-11 3.785340760054934e-10 1.432925141345836e-10 5.838296557878449e-10 -8.355896121011566e-11 8.171553429073774e-11 -1.298328853892723e-10 -2.324963712038784e-11 -2.30075345479158e-10 2.318709432947012e-10 2.985605624856258e-11 1.278725043845367e-10 -7.545101629222367e-11 8.203463904665919e-11 2.976718501055851e-10 3.22460509911642e-10 -1.498158587855844e-10 1.719271061736683e-10 2.702897021770062e-11 -4.023320550614322e-11 -1.782681235711834e-10 1.350139558359125e-10 -3.235525317409848e-10 -3.035821133794905e-10 -6.921718782543785e-11 -4.205015967359923e-11 8.822299628052762e-11 1.537265163136336e-10 1.017415194394205e-10 -8.502577142718014e-11 -1.332507379605675e-10 -7.93558010603021e-11 5.626502537448402e-11 7.078102050829266e-11 -3.909066794986336e-10 -2.1392096772141e-10 1.533507870166096e-10 1.149012393406897e-11 -4.431182189039736e-11 2.181522948475933e-11 -3.006072431052185e-11 -1.721186553619638e-10 2.041666082751737e-10 3.847430711844217e-10 3.223913306278567e-10 7.014729663266948e-11 3.837841093212216e-10 1.519431181010469e-10 2.004361393066061e-10 -1.771575045371224e-10 -1.334302452853064e-10 -3.638785051225358e-10 -6.094117742093162e-11 -3.154986678289742e-10 7.70112369987645e-10 5.161053469423358e-10 6.047121673284852e-10 3.15545331845671e-10 1.84169774258017e-10 -2.01132086886509e-10 -3.405836548421892e-10 -6.10506417633928e-10 -5.34862015931992e-10 -7.697137498435785e-10 4.408314232056831e-10 4.87184760208993e-10 8.276852653449553e-10 2.055125689575122e-10 2.841697091014608e-10 -2.658702776963666e-10 -2.050034479860166e-10 -8.010986576394339e-10 -4.945512403454994e-10 -4.288410932694892e-10 3.39667476587258e-10 2.252506370678782e-10 7.375972197414661e-10 9.3625805118384e-11 3.147778616845237e-10 -3.137308490715059e-10 -1.158246819220416e-10 -7.195294418796367e-10 -2.490067495106231e-10 -3.28802163283115e-10 3.297865335797509e-10 2.325694524577752e-10 4.441196511278453e-10 -4.913222830855703e-13 2.378231971050809e-10 -2.343914256543915e-10 -2.429380073222818e-11 -4.196897300533467e-10 -2.595505747697194e-10 -3.157587118260467e-10 1.40841428493634e-10 -5.184323353600503e-11 1.309401294854133e-10 -1.400365462750404e-10 9.753184712243789e-11 -7.437594778235566e-11 1.303012091821319e-10 -9.044970227315031e-11 3.132939123229069e-11 -1.214474833289237e-10 -1.901372349083916e-10 -3.816528873081357e-10 -3.51152430160838e-10 -1.751880263886738e-10 -1.617912465947582e-10 1.462690365083093e-10 1.308345743544142e-10 3.632283733423864e-10 3.425226380154971e-10 2.010659764129555e-10 -1.92242049635994e-10 -3.02725500405695e-10 -2.859452252709316e-10 -2.569498503444685e-10 -1.770317707894441e-10 2.163034103035954e-10 2.657715704655041e-10 3.354032099776196e-10 2.945625904019252e-10 2.133269837628074e-10 -4.03228495719946e-11 -4.202984574099706e-11 -5.456424696922336e-11 -1.520923495391404e-10 -1.145396647414108e-10 8.331709879485364e-11 1.03426991675924e-10 4.715058865445734e-11 5.518024673288365e-12 4.271963346514437e-11 -6.344718940053476e-11 1.121579817836778e-10 -6.485815735971493e-11 2.919710389176609e-10 -1.763502298119177e-10 2.184795698758613e-10 -2.649314630775266e-10 1.046259498223197e-10 -1.024820810398885e-10 7.795309070744341e-11 -1.201669529667253e-10 -6.691423428943938e-11 -1.696159774395731e-10 6.128881512214933e-10 -3.895834781783486e-10 3.518140358713492e-10 -6.479851421352217e-10 1.421728257697853e-10 4.723647622099499e-11 1.119806539913353e-10 -1.919425077963486e-10 3.505579332518002e-11 -2.203572283370396e-11 5.675397539409567e-10 -1.039116511013218e-10 1.3498581901533e-10 -5.289456428275383e-10 3.700899760959884e-11 -8.751385850104169e-12 1.940529486820431e-10 -5.547331772700622e-11 3.746788121382307e-10 1.717858645073611e-10 4.044569949946689e-10 -1.401848714970115e-10 1.068073992794788e-10 -4.140936109618665e-10 -2.125532348419814e-10 -3.7003241603268e-10 3.831097576199399e-11 4.442554036574451e-10 4.992397473772794e-10 1.447084834127631e-10 3.537070298278181e-10 -1.507838349383984e-10 1.620698450351529e-10 -3.136207801321401e-10 -1.594918174820274e-10 -4.62553535330578e-10 -4.555974869891971e-10 1.240735172847692e-10 2.112810167442561e-10 -2.047797108541788e-10 3.529458713009202e-10 -1.51786352677348e-10 1.308442333279189e-10 -3.355139999689432e-10 1.610437479526618e-10 -1.83917846454275e-10 -1.459055947157673e-10 -2.953597176044348e-10 -1.661463219605683e-11 -1.975211965771787e-10 -5.600206448760821e-11 -2.73070419600669e-10 2.638287646774146e-10 8.77272262766661e-11 1.598515898842377e-10 5.361428966431464e-11 2.745835442021794e-10 2.72722515292549e-11 1.101544015688263e-10 -1.101545558853994e-10 -2.7229869506341e-10 -1.427730450449201e-10 1.371049956817256e-10 3.073965902732361e-10 7.497740354281787e-11 -7.12342061769719e-11 -4.731824390597688e-11 1.504095427505813e-10 -3.258074654386625e-11 -7.094961363821617e-11 -1.369351810825503e-10 5.449740200748571e-11 -7.607394818670518e-11 1.53858723110778e-10 2.664953897382655e-11 5.957762885671554e-11 -1.720774658534758e-10 1.811248683308697e-12 -2.618155679041135e-10 -1.313056596889432e-10 -2.022511686112696e-10 3.811741934450514e-11 -3.131882528832573e-11 2.37839718770801e-10 1.135290326111513e-10 2.956179740525993e-10 -1.409122396856933e-11 -8.600476228342361e-11 -3.269446576850443e-10 -1.740485263856405e-10 -2.112092822863499e-10 -5.180054249320241e-12 -1.593132532941505e-11 2.112083647749001e-10 1.433632746559743e-10 3.361916269372417e-10 7.227573511540469e-11 -1.125028856981048e-10 -3.240493674383229e-10 1.939478301141925e-10 -1.640914663664441e-10 1.353632367418979e-10 -1.231253761355309e-10 1.822330992986845e-10 -1.90129734797024e-10 3.375496045482434e-10 1.11878899744767e-10 -8.317907394516767e-11 -3.342712510622737e-10 3.195934447468895e-10 -2.701197349272163e-11 2.250285574220146e-10 -2.330849543773459e-10 1.291735868498556e-11 -3.205002584621247e-10 3.230692635123377e-10 8.446333828762773e-11 -5.231347789241259e-11 -2.288498976458855e-10 1.880669569797217e-10 2.351345168662393e-11 2.770290130053571e-10 -2.671864211887068e-10 -3.500076012969283e-11 -1.64802388613481e-10 2.127167677959031e-10 6.437968945635827e-11 1.499355770100741e-10 -7.338108563567686e-11 1.79583064007724e-10 -1.601156434401841e-11 1.137789539797661e-10 -1.015106466685939e-10 -5.511011349554081e-12 -1.449403448018147e-10 4.549412516169796e-11 -1.319104632519507e-10 2.809163754300652e-10 1.456791516929821e-10 2.391340831319564e-10 -2.042832648603859e-12 -4.460367379071746e-11 4.530976904934015e-11 -3.94352764455293e-11 -2.051994398707272e-10 -1.890900299885919e-10 -2.609617199997438e-10 2.567258276012785e-10 2.933871690825368e-10 2.966967860175804e-10 -3.075088707949717e-11 6.767524957065575e-12 2.506888931415034e-11 1.134368510556053e-11 -2.358496508851377e-10 -3.275132002386908e-10 -2.273036875678932e-10 3.726813643850454e-10 1.259507104616025e-10 1.841876467722492e-10 -3.580988080398966e-12 -1.000706591666526e-10 8.886669903238973e-11 -5.626150514094405e-11 -1.538930138794625e-10 -1.830274891949686e-10 -3.518837124468834e-10 1.716865919929335e-10 6.549795397676955e-11 -5.428368794154052e-11 1.021748645067058e-10 -7.582800908112143e-11 1.193085698367013e-10 -1.094299153384027e-10 1.220639249554276e-10 -9.240787565022737e-11 -1.400386129123602e-10 -2.069746749058319e-10 3.670296011495415e-12 -1.807661097348923e-10 -1.364215830478603e-11 -1.220669141414276e-10 9.913294971598776e-11 -4.672995095489121e-11 1.943054524778455e-10 -5.59530554920117e-11 2.205094706907369e-10 4.56288010644585e-11 -4.070547082153825e-11 4.612270208369928e-11 -7.185403474499894e-11 -2.423776241397452e-10 2.868121224583766e-10 8.266996534711639e-11 8.947161949803057e-12 3.223299966129809e-11 -2.209719931715723e-11 1.870218752841037e-10 -6.158573633204166e-11 1.156383422070711e-10 -7.57512359294269e-11 -4.016308192044416e-11 8.203699247417138e-12 2.935993827270237e-11 -1.252060551865576e-10 2.7564088167378e-11 -1.857670395913317e-10 -2.017841909829732e-10 -7.205569040753566e-11 -2.569088062989486e-11 4.260827292641599e-11 -1.418006757314483e-11 5.252223647042756e-11 -1.388880376819456e-11 5.837483196663235e-11 8.464891261242353e-11 2.129420248640928e-10 -2.442585590590359e-10 -1.703999663655475e-10 -1.03354589428857e-10 1.084616122954931e-10 5.921232132136507e-11 -9.620596812051605e-11 -1.382401119212018e-10 7.373748558255873e-11 1.559579717329671e-10 2.343296275077068e-10 1.059197332412759e-10 7.692751934753196e-11 5.337426717755626e-11 7.125582140531104e-11 4.79420727202847e-10 -4.473609080926176e-10 -3.145097228021345e-11 -3.843254507727406e-11 -5.039652542787029e-11 -1.038451439523796e-10 2.549491050285694e-10 2.587331021389906e-10 3.263580948355878e-10 -1.785449550948419e-10 1.161333340313948e-10 -1.547628257915905e-10 1.57928095127093e-10 -3.653681167062675e-10 -2.62831600055574e-10 -2.698949524156548e-10 4.697673751884227e-11 -1.021318251496667e-13 -1.046345195456909e-10 -6.338245929657594e-10 -2.847974026021017e-10 3.153510636644427e-10 6.74968898700435e-10 1.160135682096042e-10 2.936609052649119e-11 -4.69608491674629e-11 -3.207205619389393e-11 -1.209893964798107e-09 -2.173533996059403e-09 -2.901047488330758e-09 -1.204925805465777e-09 1.166946838547623e-09 2.876862149247995e-09 2.138270360097791e-09 1.201856208945345e-09 1.910583955185315e-11 -5.80566296364932e-10 -4.343856536064977e-09 -8.000925516279144e-09 -8.781258628288241e-09 -3.47761113622435e-09 3.512266466509522e-09 8.816875063951317e-09 8.02276528005064e-09 4.364846820485906e-09 5.865667789753414e-10 -2.422430305916727e-09 -1.208998915077015e-08 -2.1874082698356e-08 -2.187360418764597e-08 -8.8748772055899e-09 8.839002190981547e-09 2.183783977630785e-08 2.185054229832952e-08 1.206913884478939e-08 2.416314868047368e-09 -6.484359313897024e-09 -2.896262086219633e-08 -5.04886143539051e-08 -4.908065573104186e-08 -2.006179248661056e-08 2.010217164678138e-08 4.910618766829289e-08 5.052597072800418e-08 2.897094118284788e-08 6.498314863463066e-09 -1.478970054481489e-08 -6.267126052974073e-08 -1.057276064977733e-07 -1.00183749910731e-07 -4.061075171278278e-08 4.057871749505402e-08 1.00137473801675e-07 1.057180519837829e-07 6.263740107981759e-08 1.479127238328471e-08 -3.049221324909279e-08 -1.237466709488275e-07 -2.000754412089867e-07 -1.838001615703087e-07 -7.376064131652106e-08 7.380178585192729e-08 1.838143445185702e-07 2.001233476295802e-07 1.237423806265377e-07 3.051204391000138e-08 -5.695062245368548e-08 -2.17791069260375e-07 -3.326105026635096e-07 -2.925290778433096e-07 -1.148513212717544e-07 1.148275586600361e-07 2.924801863099906e-07 3.326151789756126e-07 2.177511210532348e-07 5.695901299694414e-08 -9.264108041990852e-08 -3.222124020133216e-07 -4.420145099343409e-07 -3.52844079334692e-07 -1.306348921408692e-07 1.306687436697525e-07 3.528430413113505e-07 4.42063134964201e-07 3.221961352780481e-07 9.266325616275921e-08 -1.172386004788708e-07 -3.19513621222709e-07 -2.832501343204231e-07 -1.021910695411342e-07 -7.441587143054243e-09 7.433850129042863e-09 1.021497993523513e-07 2.832719491787864e-07 3.194745693245516e-07 1.172539429779674e-07 -5.496883075030478e-08 1.686941649513647e-07 8.627788539530586e-07 1.192725089376154e-06 5.650320260337842e-07 -5.650148792332498e-07 -1.192747196243842e-06 -8.627378326106287e-07 -1.687252271980302e-07 5.498972356830547e-08 3.102201314200089e-07 2.144758859605915e-06 4.804427143979278e-06 5.319314427649268e-06 2.332280558635473e-06 -2.332264719663806e-06 -5.319339971495881e-06 -4.804383180224365e-06 -2.144792051936676e-06 -3.101967961667842e-07 1.513320510060722e-06 7.964675570196273e-06 1.562085053006279e-05 1.621160374084274e-05 6.91431344714784e-06 -6.914319145735946e-06 -1.621165290422496e-05 -1.562082154250992e-05 -7.96472476312269e-06 -1.513301307620775e-06 4.753102085095908e-06 2.263773825755111e-05 4.167496810949374e-05 4.17266922245762e-05 1.751754800177122e-05 -1.75175045132304e-05 -4.172669921285215e-05 -4.167489923734861e-05 -2.263776415796489e-05 -4.753069636483368e-06 1.242150239942979e-05 5.579993577974189e-05 9.833991723993893e-05 9.60012409296088e-05 3.979320658318734e-05 -3.979323493120193e-05 -9.600131679747568e-05 -9.833990049899546e-05 -5.580000265611728e-05 -1.242148586581209e-05 2.884777952132381e-05 0.0001233722754449376 0.000210180352930952 0.0002008014382038579 8.263243244928838e-05 -8.263236614126504e-05 -0.0002008014294298386 -0.0002101802626861796 -0.0001233722959542029 -2.884773973849206e-05 5.945895253850823e-05 0.0002457601586196999 0.0004057276367763395 0.0003831849341866296 0.0001560063610862129 -0.0001560064049288246 -0.0003831850267861594 -0.0004057276294536398 -0.0002457602365352522 -5.945893811452612e-05 0.0001076060887931167 0.0004245290370010057 0.0006949978155053611 0.0006529294937852196 0.0002722866847189158 -0.0002722866092609758 -0.0006529294754969828 -0.0006949977200574308 -0.000424529051253228 -0.0001076060475297073 0.0001423291567999689 0.0005808909600873032 0.0009632891516556345 0.0009859080566987912 0.0004007618973670725 -0.0004007619448007472 -0.0009859081464722347 -0.0009632891506930743 -0.0005808910333241482 -0.0001423291459493477 6.159006683463746e-05 0.00031368062235241 0.000878689814882042 0.001045126926896394 0.0006399652191748262 -0.0006399651536543268 -0.001045126907063402 -0.0008786897341401675 -0.0003136806308671497 -6.159003288011989e-05 -0.0002870579225881383 -0.001046833008458691 -0.001145321958653145 0.0007137154938162359 -3.354877608180692e-05 3.354873943788795e-05 -0.0007137155585900666 0.001145321956516555 0.001046832956492355 0.0002870579290593097 -0.0008207298165996307 -0.003469896377163531 -0.006561237632842917 -0.007235927648602545 0.002664453059839206 -0.00266445302231969 0.007235927662192244 0.006561237677369354 0.003469896374361152 0.0008207298352509512 -0.0005286787375065665 -0.003744530122942637 -0.01153876216409162 -0.02527039937710722 -0.04683868097547855 0.04683868096142271 0.0252703993551296 0.01153876216057675 0.003744530106196155 0.0005286787385172244 
Tau_xy 1 1000 float
-0.05379803899719147 -0.0228804620287093 -0.0009355435614558067 0.01104163708879458 0.01657240754725882 0.01657240754722595 0.01104163708874909 -0.0009355435615352753 -0.02288046202879357 -0.05379803899722352 -0.005705449301308839 -0.02047498321372055 -0.01348564649489806 -0.006905933108704129 -0.003427987814526091 -0.003427987814508985 -0.006905933108539149 -0.01348564649467447 -0.02047498321342987 -0.005705449301045765 -0.0006084900861939697 -0.008533208867721765 -0.01385107369522012 -0.01383688129322721 -0.01317034581041059 -0.01317034581046365 -0.01383688129317345 -0.01385107369521331 -0.008533208867747649 -0.0006084900861730214 -0.0007048684918085362 -0.00593398406944602 -0.01170010028822855 -0.01519595917795366 -0.0164650876799359 -0.01646508768006114 -0.01519595917798474 -0.01170010028839655 -0.005933984069695142 -0.0007048684919544282 -0.001492666617111177 -0.005942963990218312 -0.01096679790641714 -0.01482034142139205 -0.0167772298122033 -0.01677722981225445 -0.01482034142107556 -0.01096679790608276 -0.005942963989822077 -0.001492666616578455 -0.002100505274670709 -0.006511855584419365 -0.01086617652324099 -0.0143230116488072 -0.01619845133729351 -0.01619845133757378 -0.01432301164904714 -0.01086617652381692 -0.006511855585199072 -0.00210050527523803 -0.002470494022507179 -0.006998249959906945 -0.01095628221614638 -0.01397038944254449 -0.01560458503542371 -0.01560458503546163 -0.01397038944202268 -0.01095628221553849 -0.00699824995916197 -0.002470494021585853 -0.002669370932233343 -0.007305666284426957 -0.01105554357347962 -0.01376699967997008 -0.01520242004740148 -0.01520242004771797 -0.01376699968029929 -0.01105554357420171 -0.007305666285396488 -0.002669370932975163 -0.002766667309749582 -0.007472965949121926 -0.01112316497606037 -0.01366240813636776 -0.01497479362008091 -0.01497479362008064 -0.01366240813591717 -0.01112316497549919 -0.007472965948425451 -0.002766667308936098 -0.002810146465085779 -0.007554894770604208 -0.01116131971192341 -0.01361349956612373 -0.01486013900210391 -0.01486013900224686 -0.01361349956635315 -0.01116131971234684 -0.007554894771167799 -0.002810146465567707 -0.002827673826744006 -0.007591356481168714 -0.0111804542009482 -0.01359272239766089 -0.01480779263329911 -0.0148077926332321 -0.01359272239764387 -0.01118045420086336 -0.00759135648104286 -0.002827673826685025 -0.002833793892463484 -0.007605944788343429 -0.01118915011263749 -0.01358488806384672 -0.01478622286891546 -0.01478622286869085 -0.01358488806378016 -0.01118915011233733 -0.007605944787927123 -0.002833793892248905 -0.00283541437155354 -0.00761097376367047 -0.01119271474585266 -0.01358244838657931 -0.014778449114542 -0.0147784491144358 -0.01358244838724585 -0.01119271474656176 -0.007610973764513295 -0.002835414372698137 -0.002835518860169881 -0.007612264303973028 -0.01119398975860978 -0.01358198816855367 -0.01477623962920349 -0.01477623962858485 -0.01358198816804753 -0.01119398975739119 -0.007612264302321009 -0.002835518858990895 -0.002835256153851618 -0.00761231312702141 -0.01119434617462451 -0.013582112143584 -0.01477597171804531 -0.01477597171799796 -0.01358211214488219 -0.01119434617616583 -0.007612313128906459 -0.002835256156150903 -0.002834999171937862 -0.007612074168267395 -0.01119438500151762 -0.01358232392860398 -0.01477621699578212 -0.01477621699498257 -0.01358232392766203 -0.01119438499957535 -0.007612074165688847 -0.00283499916989232 -0.002834827685461878 -0.007611850485077362 -0.01119434168091864 -0.01358248570072125 -0.01477649466206035 -0.01477649466221448 -0.01358248570227556 -0.01119434168298272 -0.007611850487654405 -0.002834827688318266 -0.002834730592896829 -0.007611702878523078 -0.01119429435948128 -0.01358258367671276 -0.01477668885122845 -0.01477668885058633 -0.01358258367548545 -0.01119429435734933 -0.007611702875740012 -0.002834730590416456 -0.00283468161368917 -0.007611620052018464 -0.01119426156550178 -0.01358263579316014 -0.01477680144111627 -0.01477680144154988 -0.01358263579443884 -0.01119426156751056 -0.007611620054597673 -0.002834681616197726 -0.002834659179901065 -0.007611578413207345 -0.0111942425660469 -0.01358266057038042 -0.01477685924846812 -0.01477685924828322 -0.01358266056919689 -0.01119424256440844 -0.007611578411142206 -0.002834659177701229 -0.002834649998490428 -0.007611559597108474 -0.01119423289195495 -0.01358267154420266 -0.01477688626527557 -0.01477688626588863 -0.01358267154477349 -0.01119423289325087 -0.007611559598863255 -0.002834649999811321 -0.002834646525863065 -0.007611552037016895 -0.01119422860454634 -0.01358267592187687 -0.01477689765218044 -0.01477689765249197 -0.01358267592115062 -0.01119422860395852 -0.007611552036359923 -0.00283464652469325 -0.002834645384707052 -0.007611549159024465 -0.0111942266751148 -0.01358267709612536 -0.0147769017175931 -0.01477690171810059 -0.01358267709580587 -0.01119422667524542 -0.007611549159332071 -0.002834645384424943 -0.002834645124192522 -0.007611548188767098 -0.01119422585867246 -0.01358267744518215 -0.01477690314812287 -0.01477690314872875 -0.0135826774452421 -0.01119422585932712 -0.007611548189717668 -0.00283464512456548 -0.002834645035281871 -0.007611547955018944 -0.01119422559926116 -0.01358267737173491 -0.01477690331597336 -0.01477690331608546 -0.01358267737074359 -0.01119422559814814 -0.007611547953691514 -0.002834645033590435 -0.002834645412343276 -0.007611548124282404 -0.01119422543418173 -0.0135826772419947 -0.01477690317475689 -0.01477690317532915 -0.01358267724292497 -0.01119422543589693 -0.007611548126543277 -0.002834645414282442 -0.002834645649842232 -0.007611548441268812 -0.01119422552564604 -0.01358267728351087 -0.01477690316188116 -0.01477690316145653 -0.01358267728223218 -0.01119422552365711 -0.007611548438718234 -0.002834645647365021 -0.002834645675231803 -0.007611548494938096 -0.01119422569495341 -0.01358267720736643 -0.01477690303794285 -0.01477690303824244 -0.0135826772088993 -0.01119422569714666 -0.007611548497690229 -0.00283464567810768 -0.002834645718431696 -0.007611548549645107 -0.01119422567531955 -0.01358267723841061 -0.01477690295975085 -0.01477690295894005 -0.01358267723721723 -0.01119422567307842 -0.007611548546723946 -0.00283464571600356 -0.002834645504657603 -0.007611548447070851 -0.01119422563585423 -0.01358267711817745 -0.01477690280980949 -0.01477690280984407 -0.0135826771197898 -0.01119422563785226 -0.007611548449492013 -0.002834645507476342 -0.002834645514479713 -0.007611548545095776 -0.01119422586174041 -0.01358267722929863 -0.01477690297122498 -0.01477690297042359 -0.01358267722851782 -0.01119422585998666 -0.007611548542760993 -0.002834645512743849 -0.002834645919854815 -0.007611548907701883 -0.01119422602811664 -0.01358267733078751 -0.01477690284297291 -0.01477690284288173 -0.01358267733184128 -0.01119422602933184 -0.007611548909155485 -0.002834645921696533 -0.002834645880061745 -0.007611548748459635 -0.01119422587485311 -0.01358267708552664 -0.01477690255835434 -0.01477690255797114 -0.01358267708520614 -0.01119422587406603 -0.00761154874741245 -0.002834645879331311 -0.002834645622675188 -0.007611548518453968 -0.01119422577339336 -0.01358267715501192 -0.01477690282964328 -0.014776902829623 -0.01358267715518872 -0.01119422577358056 -0.007611548518671344 -0.002834645622985711 -0.002834645747850271 -0.007611548489122445 -0.0111942257199893 -0.01358267712225152 -0.01477690288251078 -0.01477690288268118 -0.01358267712237187 -0.01119422572031141 -0.007611548489549235 -0.002834645748135932 -0.002834645655925449 -0.007611548415395936 -0.01119422561894557 -0.01358267709990137 -0.01477690290766761 -0.01477690290777097 -0.01358267709930455 -0.01119422561830389 -0.007611548414596973 -0.002834645654883258 -0.002834645458348543 -0.007611548516667938 -0.01119422566932535 -0.01358267713280402 -0.01477690288575171 -0.01477690288626781 -0.01358267713321155 -0.01119422567035443 -0.007611548518082188 -0.002834645459370087 -0.002834645710817622 -0.007611548725708361 -0.01119422577102266 -0.01358267713182921 -0.01477690296156781 -0.01477690296162765 -0.01358267713091733 -0.01119422576996625 -0.00761154872442276 -0.002834645709214162 -0.002834645967510607 -0.007611548669557693 -0.01119422565619961 -0.01358267721028707 -0.01477690296387682 -0.01477690296431432 -0.013582677210857 -0.01119422565733047 -0.007611548671048347 -0.002834645968718423 -0.002834645567912187 -0.007611548408281061 -0.01119422553446009 -0.0135826770122382 -0.01477690265356618 -0.01477690265339005 -0.01358267701162132 -0.01119422553353902 -0.007611548407094975 -0.002834645566746989 -0.002834645441609832 -0.007611548342654341 -0.01119422557039473 -0.0135826771612468 -0.01477690304834491 -0.0147769030483012 -0.01358267716178692 -0.0111942255710044 -0.007611548343377423 -0.00283464544254253 -0.002834645839806758 -0.007611548669519282 -0.01119422574297764 -0.01358267738156303 -0.01477690316431806 -0.01477690316387064 -0.0135826773816422 -0.01119422574260109 -0.007611548668991649 -0.002834645839720088 -0.002834645852119354 -0.007611548786539896 -0.01119422584185535 -0.0135826772060322 -0.01477690283019907 -0.01477690282959115 -0.01358267720637449 -0.011194225841702 -0.007611548786161931 -0.002834645852439295 -0.002834645559088029 -0.007611548519514041 -0.0111942256775488 -0.01358267710263022 -0.01477690282064372 -0.01477690282007492 -0.0135826771034 -0.01119422567792341 -0.00761154851986364 -0.00283464556021316 -0.002834645513602602 -0.007611548475893223 -0.01119422581930441 -0.01358267718962309 -0.01477690286406037 -0.0147769028631765 -0.01358267718954511 -0.01119422581834264 -0.007611548474489101 -0.002834645513057107 -0.002834645681431727 -0.007611548506099793 -0.01119422580343576 -0.01358267717597443 -0.01477690284103615 -0.01477690284068382 -0.01358267717707287 -0.01119422580446979 -0.00761154850729103 -0.002834645683244521 -0.002834645573608597 -0.007611548514776374 -0.0111942256612665 -0.01358267708680935 -0.01477690276945646 -0.0147769027687852 -0.01358267708627395 -0.01119422565993172 -0.007611548512960233 -0.002834645572334673 -0.002834645479440576 -0.007611548417319115 -0.01119422584581667 -0.01358267728627339 -0.01477690299296193 -0.01477690299310563 -0.01358267728710986 -0.01119422584698947 -0.007611548418852458 -0.002834645481035318 -0.002834645659168801 -0.007611548404790273 -0.01119422574403907 -0.01358267721473155 -0.01477690300143383 -0.01477690300138481 -0.01358267721391338 -0.01119422574300495 -0.007611548403485039 -0.002834645657681658 -0.002834645795933404 -0.007611548644243067 -0.01119422581045862 -0.01358267710304652 -0.01477690289664505 -0.01477690289731819 -0.01358267710319877 -0.01119422581134101 -0.007611548645473487 -0.002834645796532301 -0.002834645615765128 -0.007611548573071731 -0.01119422571840035 -0.01358267714451335 -0.01477690286629964 -0.01477690286699143 -0.01358267714374198 -0.01119422571808546 -0.007611548572791531 -0.002834645614545821 -0.002834645614394356 -0.007611548506507741 -0.01119422560036385 -0.01358267713231511 -0.01477690291710095 -0.01477690291807427 -0.01358267713166814 -0.01119422560056295 -0.007611548507020017 -0.002834645613742363 -0.002834645615077075 -0.007611548512025225 -0.01119422554950597 -0.01358267721646868 -0.01477690303344542 -0.01477690303458274 -0.01358267721592502 -0.01119422554995858 -0.007611548512863337 -0.002834645614630016 -0.00283464568580947 -0.007611548519330448 -0.01119422554741443 -0.01358267711487498 -0.01477690294120308 -0.01477690294214191 -0.01358267711375794 -0.01119422554695241 -0.007611548518987188 -0.002834645684220187 -0.002834645944905238 -0.007611548684182823 -0.01119422577753204 -0.01358267718198127 -0.014776903026045 -0.01477690302719928 -0.01358267718185702 -0.01119422577856152 -0.007611548685730532 -0.002834645945255357 -0.002834645630707588 -0.007611548552647389 -0.01119422569612068 -0.01358267739157737 -0.01477690294948186 -0.01477690295004778 -0.01358267739036841 -0.01119422569517431 -0.007611548551600604 -0.002834645628751747 -0.002834645434815747 -0.007611548395884165 -0.01119422567206983 -0.01358267731440643 -0.01477690302801884 -0.01477690302877179 -0.01358267731477333 -0.0111942256732408 -0.007611548397473466 -0.002834645435754482 -0.002834645733355611 -0.007611548314249792 -0.01119422553002968 -0.01358267698690693 -0.01477690296065011 -0.0147769029606392 -0.01358267698616039 -0.01119422552904493 -0.007611548313035441 -0.002834645731996021 -0.002834645608276586 -0.00761154851072601 -0.01119422566228326 -0.01358267706966565 -0.01477690274009557 -0.01477690274008204 -0.01358267707025597 -0.01119422566307108 -0.007611548511736514 -0.002834645609396991 -0.002834645347571769 -0.007611548480836582 -0.0111942256479324 -0.01358267728050765 -0.01477690305354761 -0.01477690305288825 -0.01358267728048294 -0.01119422564721221 -0.007611548479829903 -0.002834645347276431 -0.002834645553737222 -0.007611548215679379 -0.01119422566942523 -0.01358267714548719 -0.01477690318512939 -0.0147769031842901 -0.01358267714617638 -0.0111942256695096 -0.007611548215633341 -0.002834645554704746 -0.002834645598811864 -0.007611548436075267 -0.01119422578269249 -0.01358267700096389 -0.01477690297740016 -0.01477690297630341 -0.01358267700179534 -0.01119422578257887 -0.00761154843560982 -0.002834645599599369 -0.002834645654474201 -0.007611548518124392 -0.01119422566473208 -0.01358267708141666 -0.01477690276538631 -0.01477690276397444 -0.01358267708202438 -0.01119422566412517 -0.007611548517058304 -0.002834645655017514 -0.002834645739729635 -0.007611548679698884 -0.01119422589626057 -0.01358267740515849 -0.01477690288380885 -0.01477690288257579 -0.01358267740650016 -0.01119422589669652 -0.007611548679948597 -0.00283464574147009 -0.00283464585904632 -0.007611548855032476 -0.01119422587050513 -0.01358267738946302 -0.01477690294880087 -0.01477690294732517 -0.01358267738984922 -0.01119422586950028 -0.007611548853367968 -0.0028346458589542 -0.002834645967590579 -0.007611548864204017 -0.01119422577087165 -0.01358267725140742 -0.01477690270301527 -0.01477690270217842 -0.01358267725281232 -0.01119422577161952 -0.007611548864900218 -0.002834645969647033 -0.00283464576704323 -0.007611548754699399 -0.01119422570706265 -0.0135826770719883 -0.01477690266167868 -0.01477690266062702 -0.01358267707186121 -0.01119422570599321 -0.007611548753140762 -0.002834645766394489 -0.002834645599590523 -0.007611548617502598 -0.01119422582268304 -0.01358267707973976 -0.01477690270479565 -0.01477690270461466 -0.01358267708056749 -0.01119422582360236 -0.007611548618587784 -0.002834645601000262 -0.002834645446559169 -0.00761154843800772 -0.01119422572114092 -0.01358267707808135 -0.01477690266296597 -0.01477690266287182 -0.01358267707751645 -0.01119422572036464 -0.007611548437139157 -0.002834645445638826 -0.00283464542251831 -0.007611548417400617 -0.01119422568273785 -0.01358267704679473 -0.0147769027477095 -0.01477690274833176 -0.01358267704679418 -0.01119422568340461 -0.007611548418311528 -0.00283464542271186 -0.002834645689042977 -0.007611548491607272 -0.01119422577352575 -0.01358267704888102 -0.01477690287201812 -0.01477690287281094 -0.01358267704803535 -0.0111942257732625 -0.007611548491483272 -0.002834645687937125 -0.002834645973406312 -0.007611548764539812 -0.01119422574254179 -0.0135826770899439 -0.01477690290089402 -0.01477690290203563 -0.01358267708930149 -0.01119422574281248 -0.007611548765163962 -0.00283464597269128 -0.002834645903773102 -0.007611548608599496 -0.01119422576425957 -0.01358267714731902 -0.0147769028156945 -0.01477690281690646 -0.01358267714652269 -0.01119422576437722 -0.007611548609031574 -0.002834645902857942 -0.002834645647797901 -0.007611548542846596 -0.01119422572256745 -0.01358267711803637 -0.01477690284612742 -0.01477690284715803 -0.01358267711727984 -0.01119422572272855 -0.007611548543260844 -0.002834645646941713 -0.002834645868306182 -0.007611548852381024 -0.01119422593450335 -0.01358267724609334 -0.01477690274281987 -0.01477690274370783 -0.01358267724556412 -0.0111942259346489 -0.007611548852820275 -0.002834645867804564 -0.002834645901379493 -0.00761154888227083 -0.01119422582717423 -0.01358267702030164 -0.01477690262582052 -0.01477690262632991 -0.01358267701987359 -0.01119422582719974 -0.00761154888245544 -0.002834645900877465 -0.002834645960485539 -0.007611548998510813 -0.01119422582293012 -0.01358267689106947 -0.01477690255603564 -0.01477690255619968 -0.01358267689106051 -0.01119422582306149 -0.007611548998588438 -0.002834645960353022 -0.002834646116607369 -0.007611548816934248 -0.01119422562487395 -0.0135826769648759 -0.01477690275944432 -0.01477690275917993 -0.01358267696497336 -0.01119422562483808 -0.007611548816844485 -0.002834646116809853 -0.002834645971666353 -0.007611548088258679 -0.01119422484491681 -0.01358267727372265 -0.0147769041994892 -0.0147769041990498 -0.01358267727408958 -0.01119422484478534 -0.007611548088087845 -0.002834645972074099 -0.002834644796492015 -0.007611544942021644 -0.0111942227902487 -0.01358267875581095 -0.01477690848279277 -0.01477690848209893 -0.013582678756233 -0.01119422279016647 -0.007611544941750738 -0.00283464479699357 -0.002834641210093896 -0.00761153706132305 -0.01119421828968222 -0.01358268294531438 -0.01477691996622606 -0.01477691996542648 -0.01358268294575908 -0.0111942182894847 -0.007611537060846155 -0.002834641210503988 -0.002834631906298267 -0.007611518298883169 -0.0111942088005888 -0.01358269387574058 -0.01477694681969621 -0.0147769468189858 -0.01358269387621942 -0.01119420880045162 -0.007611518298637831 -0.002834631906937821 -0.002834609421265214 -0.007611477409235927 -0.01119419060533841 -0.01358271875896587 -0.01477700368493104 -0.01477700368436543 -0.01358271875955288 -0.01119419060540081 -0.007611477409096375 -0.002834609421862796 -0.002834561053408662 -0.007611396869862911 -0.01119415948973043 -0.01358276973417683 -0.01477711273073264 -0.01477711273020858 -0.01358276973442573 -0.01119415948944726 -0.007611396869393847 -0.002834561053550296 -0.002834466662981121 -0.00761125571318104 -0.01119411597864972 -0.01358286433139683 -0.01477729741291522 -0.01477729741261562 -0.01358286433201031 -0.01119411597925446 -0.007611255713800364 -0.002834466663865044 -0.002834302648565209 -0.007611048020634748 -0.01119408122432613 -0.01358301680224416 -0.01477755161815946 -0.01477755161765857 -0.01358301680193626 -0.01119408122344566 -0.007611048019474361 -0.002834302647800325 -0.002834065207339357 -0.007610846204717141 -0.01119413771660076 -0.01358320652493124 -0.01477774463285646 -0.01477774463281617 -0.01358320652578962 -0.01119413771759947 -0.007610846205976109 -0.002834065208928734 -0.002833847499122597 -0.007610972626607045 -0.01119452604270864 -0.01358328252896642 -0.01477737159648925 -0.01477737159589533 -0.0135832825282813 -0.01119452604125613 -0.007610972624666382 -0.002833847497675959 -0.002834043920647257 -0.007612406954245286 -0.01119584835292124 -0.01358272744655784 -0.01477497341095603 -0.01477497341099165 -0.01358272744775855 -0.01119584835437984 -0.007612406956065687 -0.002834043922687886 -0.002835838634843139 -0.007617668575040307 -0.01119945828544308 -0.01358012050006328 -0.01476691428679659 -0.01476691428606887 -0.01358012049918744 -0.0111994582837522 -0.007617668572850378 -0.002835838633131814 -0.002842254104679591 -0.007632541324128523 -0.01120811663453466 -0.01357204211402689 -0.014745046115424 -0.01474504611546396 -0.01357204211522398 -0.01120811663605408 -0.007632541326053665 -0.002842254106939476 -0.002860187620861132 -0.007669057638559738 -0.01122692275881662 -0.01355107842508817 -0.01469275341424788 -0.01469275341369389 -0.01355107842444147 -0.01122692275737986 -0.007669057636634281 -0.002860187619307451 -0.002903827488753177 -0.007749763718259637 -0.01126425073969618 -0.01350282500874953 -0.01457933253432406 -0.01457933253439702 -0.01350282500950648 -0.01126425074061069 -0.007749763719528725 -0.002903827490350239 -0.00299889612406625 -0.00791122087867622 -0.01133238290080783 -0.01340307993125296 -0.01435441965383508 -0.01435441965373064 -0.01340307993080354 -0.0113323829003992 -0.007911220878092776 -0.002998896123201425 -0.00318192905793782 -0.008200121279633104 -0.01144806523350249 -0.01322233406665611 -0.01394755029488484 -0.01394755029524309 -0.01322233406666802 -0.01144806523357069 -0.008200121279669277 -0.003181929057768453 -0.003474880794045698 -0.008637365772369683 -0.01164935237343934 -0.01295329841059871 -0.01328510279771835 -0.01328510279834141 -0.01295329841049003 -0.01164935237392705 -0.008637365773050222 -0.00347488079421411 -0.003760379393006597 -0.009147170400690833 -0.01201784391764941 -0.01274276579889524 -0.01233184084706699 -0.01233184084761413 -0.01274276579788744 -0.01201784391691051 -0.009147170399843451 -0.003760379391262142 -0.003609336943153001 -0.009127009189910943 -0.01290916632815616 -0.01304781166504006 -0.01130667598624063 -0.01130667598755064 -0.01304781166526282 -0.01290916632970266 -0.009127009192148195 -0.003609336944307726 -0.002374789315618388 -0.007268395464255948 -0.01259259564241375 -0.01687701194122186 -0.01088720743230429 -0.01088720743297182 -0.01687701193922781 -0.01259259564086085 -0.007268395462666707 -0.002374789312629826 -0.0003414241535896364 -0.002768201225368496 -0.006286876814458968 -0.01295521133751485 -0.02764828606309585 -0.0276482860645429 -0.01295521133797557 -0.006286876816443503 -0.002768201227994381 -0.0003414241550984175 
Sigma_intensity 1 1000 float
0.528483307819416 0.3687864853004324 0.2560579733373486 0.1529825863426667 0.05796897605322655 0.05796897605499104 0.1529825863444358 0.2560579733386347 0.368786485300989 0.5284833078189851 0.5242321454660357 0.4082650606521685 0.2807221736870865 0.1655349732928598 0.05490747028125679 0.05490747027255456 0.1655349732847628 0.280722173680375 0.4082650606471709 0.5242321454633041 0.5162286714293262 0.4106443207950966 0.2931831789341355 0.1750253991840496 0.06184705979006611 0.06184705979843629 0.1750253991918934 0.2931831789405633 0.4106443207988618 0.5162286714305929 0.5136509620549484 0.4056388615613568 0.2929753483431215 0.1775813348497595 0.06505415720213996 0.06505415719410834 0.1775813348412241 0.2929753483364516 0.4056388615560301 0.5136509620523971 0.5103851350761978 0.4005257727352834 0.2890904769523606 0.1758976374188448 0.06499138250143682 0.06499138250239632 0.1758976374190554 0.2890904769532424 0.4005257727346626 0.5103851350758639 0.5064261791135841 0.3957524538155739 0.2848130285092048 0.1730979605135394 0.06375046428987952 0.06375046429722347 0.1730979605198321 0.2848130285156008 0.395752453818388 0.5064261791152113 0.5018291115839838 0.391274005511432 0.2808881439264446 0.1703779385237863 0.06246451214673211 0.06246451212577984 0.1703779385013794 0.2808881439097879 0.39127400549782 0.5018291115784221 0.4968433280915547 0.3869537473119878 0.2773545956692411 0.1679879908077995 0.06141549609590717 0.06141549613029299 0.1679879908404002 0.2773545956983302 0.3869537473292806 0.4968433281003428 0.4916450854932981 0.3827136729589002 0.2740882413840131 0.1658739716639579 0.06058621922444147 0.06058621917597354 0.1658739716135566 0.2740882413453724 0.3827136729293005 0.4916450854811998 0.4863431095775229 0.3785111207774712 0.2709746724988361 0.1639325039512834 0.05990030430517699 0.05990030436372087 0.1639325040076937 0.270974672548192 0.3785111208079132 0.4863431095926698 0.4809949360288915 0.3743249773935812 0.2679389522844762 0.1620843409909203 0.0592942924315208 0.05929429236748262 0.1620843409248394 0.2679389522332076 0.3743249773551363 0.4809949360130635 0.4756282917276291 0.3701453605988567 0.2649393336206238 0.1602816766184782 0.05872855179996339 0.05872855186115689 0.1602816766781631 0.2649393336723149 0.3701453606312443 0.4756282917434586 0.4702552854311074 0.3659680168901217 0.2619549440357367 0.1584993019564565 0.05818163458749932 0.05818163453665891 0.158499301904266 0.26195494399478 0.365968016859843 0.4702552854184515 0.4648806537943071 0.3617912957858943 0.2589762999204335 0.1567252113765559 0.05764308948212434 0.05764308951151535 0.1567252114057782 0.2589762999453998 0.3617912958016753 0.4648806538016745 0.4595059691152372 0.3576146548089795 0.255999511672306 0.1549542228007095 0.05710829907055338 0.0571082990690087 0.1549542227995245 0.2559995116710008 0.3576146548081121 0.4595059691146156 0.4541315960661902 0.3534379721204531 0.2530231895091197 0.1531843495769601 0.05657544641527207 0.0565754463784854 0.1531843495410649 0.2530231894781279 0.3534379721003882 0.4541315960559871 0.4487575151893812 0.3492612588814985 0.250046948048024 0.1514149614611989 0.05604393594140535 0.05604393601807921 0.1514149615405816 0.2500469481106265 0.3492612589268102 0.4487575152082429 0.4433836291049333 0.345084551705896 0.2470707499115801 0.1496459368512412 0.05551364857968673 0.05551364845732588 0.1496459367293543 0.2470707498080534 0.3450845516380178 0.4433836290721388 0.4380098566113147 0.3409078818032601 0.2440946481888582 0.1478773108522807 0.05498462088052539 0.0549846210437315 0.1478773110204062 0.2440946483235078 0.3409078818990255 0.4380098566523656 0.4326361451816839 0.3367312702374702 0.2411187030384582 0.1461091506463836 0.05445692749596916 0.05445692729382284 0.1461091504422184 0.2411187028672648 0.3367312701232478 0.4326361451280652 0.4272624662588683 0.3325547298947997 0.2381429579429321 0.1443415131647801 0.05393063960782713 0.05393063983903697 0.1443415134021792 0.2381429581358922 0.3325547300295308 0.4272624663182187 0.4218888058068876 0.3283782688361837 0.2351674429944699 0.1425744438150849 0.05340582049431267 0.05340582024406415 0.1425744435589679 0.2351674427825413 0.3283782686919886 0.4218888057410673 0.4165151574282691 0.3242018923411066 0.23219217757616 0.1408079761081802 0.05288252461639519 0.05288252487417327 0.1408079763722274 0.2321921777940853 0.3242018924902872 0.4165151574958998 0.4111415202095456 0.3200256048196351 0.229217177013414 0.1390421409065894 0.0523608048218949 0.05236080457171 0.1390421406471708 0.2292171768016961 0.3200256046724919 0.4111415201442908 0.4057678932248409 0.3158494091692798 0.2262424531572728 0.1372769644103715 0.05184071007730373 0.05184071031054886 0.1372769646489569 0.2262424533573313 0.3158494093034952 0.4057678932875762 0.4003942765193267 0.3116733105259026 0.2232680191312435 0.135512474775681 0.05132229201346999 0.05132229181197829 0.1355124745640453 0.2232680189608911 0.3116733104048534 0.400394276467175 0.3950206700780463 0.3074973119977834 0.2202938863716454 0.1337486992756059 0.05080560180069513 0.05080560196609697 0.1337486994448141 0.2202938865159795 0.3074973120927068 0.3950206701239413 0.3896470750929607 0.303321418418747 0.217320067524794 0.1319856662045068 0.05029069290580318 0.05029069278557123 0.1319856660765993 0.2173200674232756 0.303321418344705 0.3896470750621147 0.3842734919579893 0.2991456335196261 0.2143465748587916 0.1302234055603623 0.04977762025745057 0.04977762033424401 0.1302234056391888 0.2143465749276751 0.2991456335639793 0.3842734919805671 0.3788999215298262 0.2949699623581414 0.2113734228145348 0.1284619494539084 0.04926644151063928 0.04926644147773388 0.1284619494182227 0.2113734227869238 0.2949699623366657 0.3788999215215131 0.3735263637202305 0.290794409395535 0.2084006254858445 0.1267013309859355 0.04875721626796199 0.04875721626411921 0.1267013309822306 0.2084006254842056 0.2907944093941515 0.373526363720724 0.368152819027748 0.2866189796842454 0.2054281982191387 0.1249415858844415 0.04825000599013272 0.04825000602375707 0.1249415859203153 0.2054281982478816 0.2866189797040151 0.3681528190365045 0.362779288461955 0.2824436793678161 0.202456157786317 0.1231827516561156 0.04774487513163742 0.04774487507875354 0.1231827516016072 0.2024561577406449 0.2824436793384854 0.3627792884485545 0.3574057721385255 0.2782685135902115 0.1994845212274811 0.1214248677510674 0.04724189086869733 0.04724189093105524 0.1214248678182234 0.1994845212806819 0.2782685136281629 0.3574057721547332 0.3520322711462293 0.2740934884575513 0.1965133068818636 0.1196679761253946 0.04674112188387287 0.04674112182338392 0.1196679760622273 0.1965133068287283 0.2740934884235516 0.3520322711304759 0.3466587863746891 0.2699186110248862 0.19354253378535 0.1179121207731941 0.04624264028574682 0.04624264033744653 0.1179121208286186 0.1935425338295664 0.2699186110560728 0.3466587863882667 0.3412853179759676 0.2657438876959966 0.1905722228726709 0.1161573492452432 0.0457465209722943 0.04574652093877039 0.1161573492094877 0.1905722228437078 0.2657438876771391 0.3412853179678677 0.3359118665605064 0.2615693261654487 0.1876023967473756 0.114403711289717 0.0452528415632124 0.04525284157815482 0.1144037113046297 0.187602396759919 0.2615693261731188 0.3359118665646267 0.3305384341047415 0.2573949351478505 0.184633078560203 0.1126512598406827 0.04476168279526167 0.04476168280379823 0.1126512598493777 0.1846330785697637 0.2573949351537229 0.3305384341087866 0.3251650215651703 0.2532207222840209 0.1816642926467824 0.1109000508759933 0.04427312819384441 0.04427312816793538 0.110900050846083 0.181664292623233 0.2532207222658541 0.3251650215583792 0.319791628625779 0.2490466957965737 0.1786960658772432 0.1091501445144173 0.04378726607607086 0.04378726611835364 0.109150144560714 0.17869606591798 0.2490466958237189 0.3197916286394745 0.3144182575713953 0.2448728662097272 0.1757284264411472 0.1074016041503679 0.04330418583234381 0.04330418578269712 0.1074016040953231 0.1757284263954144 0.2448728661775054 0.3144182575575823 0.3090449086738004 0.2406992437863751 0.1727614046831568 0.1056544977337637 0.0428239817323041 0.04282398178293508 0.1056544977919112 0.1727614047311704 0.2406992438209806 0.3090449086893603 0.3036715827459882 0.2365258393542783 0.1697950335090623 0.1039088979141871 0.0423467523425573 0.04234675229799015 0.1039088978668736 0.1697950334660577 0.2365258393274599 0.3036715827324624 0.2982982821021387 0.2323526640743281 0.166829346750903 0.1021648811781189 0.04187259875968045 0.04187259878919251 0.102164881215942 0.1668293467778429 0.2323526640985983 0.2982982821105281 0.2929250079151329 0.228179730538859 0.1638643812660054 0.1004225303311708 0.04140162703877229 0.04140162702599012 0.1004225303216525 0.1638643812502477 0.2281797305349356 0.2929250079093311 0.2875517612533313 0.2240070530580239 0.1609001775855422 0.09868193325597086 0.0409339463899963 0.04093394637874859 0.09868193324971992 0.160900177572207 0.2240070530581423 0.2875517612486732 0.2821785433917272 0.2198346454833631 0.1579367787219524 0.09694318519574754 0.04046967182287703 0.04046967185418289 0.09694318523721347 0.1579367787464946 0.2198346455095553 0.2821785433980567 0.276805356981939 0.2156625236280687 0.1549742306895784 0.09520638743733098 0.04000892142004499 0.04000892136684672 0.09520638738212904 0.1549742306347682 0.2156625236003245 0.2768053569642114 0.2714322032713725 0.2114907051317192 0.1520125836774211 0.0934716481002089 0.03955181804540636 0.03955181811384655 0.0934716481834726 0.1520125837383923 0.2114907051817591 0.2714322032891426 0.2660590842154583 0.2073192080472276 0.1490518910203513 0.09173908446171973 0.03909849024275411 0.03909849016420951 0.09173908437309435 0.1490518909407002 0.2073192079991065 0.2660590841903486 0.2606860026466117 0.2031480516510959 0.1460922105674117 0.0900088220060191 0.03864907048444152 0.0386490705680828 0.09000882210459406 0.1460922106464148 0.2031480517088335 0.2606860026707316 0.2553129604511203 0.198977257690613 0.1431336055478646 0.08828099618013262 0.0382036970001926 0.03820369692204799 0.08828099608618881 0.1431336054696479 0.1989772576372695 0.255312960427156 0.2499399599032494 0.1948068489696076 0.140176143329847 0.08655575246628672 0.0377625124528855 0.03776251252539803 0.08655575254887668 0.1401761434025149 0.1948068490164582 0.2499399599264058 0.2445670040770929 0.19063685171854 0.1372198986703422 0.08483324863653938 0.03732566596851912 0.03732566591406487 0.08483324856545517 0.137219898617634 0.1906368516759679 0.2445670040617886 0.2391940956597993 0.186467293007639 0.1342649512621409 0.08311365469939712 0.03689331082310374 0.03689331086497673 0.08311365474309829 0.1342649513083971 0.1864672930303093 0.239194095675697 0.2338212380846755 0.1822982021611869 0.1313113885360447 0.08139715538098893 0.03646560747962449 0.0364656074604899 0.08139715534971254 0.1313113885212914 0.1822982021397258 0.2338212380818039 0.2284484351758772 0.178129612507364 0.1283593065678274 0.07968395056781767 0.03604272132991157 0.03604272133569801 0.07968395056699178 0.1283593065796656 0.1781296125032069 0.228448435181579 0.2230756905946577 0.173961561199473 0.1254088101225236 0.07797425776014244 0.03562482379153631 0.0356248238040061 0.07797425776845901 0.125408810141967 0.173961561200377 0.2230756906024485 0.217703008173004 0.1697940869404571 0.1224600136151111 0.07626831297536282 0.03521209310333994 0.03521209308176712 0.07626831294227177 0.1224600135983187 0.1697940869175818 0.2177030081695163 0.2123303938060222 0.1656272324854689 0.1195130426367468 0.07456637346273247 0.03480471240009683 0.03480471242862461 0.07456637349537416 0.1195130426732168 0.1656272325014718 0.2123303938186236 0.206957852033935 0.1614610475265077 0.1165680360082073 0.0728687199887201 0.03440287190739251 0.03440287187674854 0.07286871994780938 0.1165680359789767 0.1614610475003054 0.2069578520257408 0.2015853887866201 0.1572955847680993 0.1136251465689045 0.07117565900747633 0.03400676769847839 0.03400676772292458 0.0711756590409197 0.1136251465990123 0.1572955847867077 0.201585388796364 0.1962130115345381 0.1531309024998475 0.1106845428228728 0.06948752641604268 0.03361660329048369 0.03361660327018887 0.06948752639328147 0.1106845428007269 0.1531309024865145 0.1962130115272402 0.1908407259041376 0.148967066910537 0.1077464117402472 0.06780468975733818 0.03323258752613264 0.03323258753037445 0.0678046897698182 0.1077464117441592 0.148967066919578 0.1908407259043383 0.1854685409094985 0.1448041504398576 0.1048109617373221 0.0661275539272176 0.03285493548605395 0.03285493548937071 0.06612755393999585 0.1048109617372816 0.1448041504497116 0.1854685409077441 0.180096465302447 0.1406422346208057 0.1018784241145419 0.06445656368490886 0.03248386990303847 0.03248386988080791 0.06445656366415346 0.1018784240835336 0.1406422346125715 0.1800964652908274 0.1747245079133458 0.1364814112355007 0.09894905772244672 0.06279220939552051 0.03211961889387458 0.03211961892336911 0.0627922094462159 0.09894905775056247 0.1364814112694891 0.1747245079195149 0.169352681393149 0.1323217827647499 0.09602315312822579 0.06113503366429588 0.03176241667233363 0.03176241662833257 0.06113503361098464 0.0960231530672791 0.1323217827380421 0.1693526813716431 0.1639809979284118 0.1281634665990609 0.09310103667489239 0.05948563588008722 0.0314125037785443 0.03141250382743236 0.05948563595750723 0.09310103672733702 0.1281634666494046 0.1639809979419884 0.1586094727936146 0.1240065943930897 0.09018307703816437 0.05784468211023688 0.03107012694620778 0.03107012689123409 0.05784468203483743 0.09018307696141675 0.124006594352179 0.1586094727674951 0.1532381226120217 0.1198513162871702 0.08726969073884237 0.05621291153475231 0.03073553725088553 0.03073553730806865 0.05621291162207942 0.0872696908058653 0.1198513163424185 0.1532381226311738 0.1478669662674743 0.1156978046623668 0.08436135173044258 0.05459114729752948 0.03040899199893903 0.03040899194342124 0.05459114721336818 0.08436135165235401 0.1156978046138238 0.1478669662419501 0.1424960259290204 0.1115462555207528 0.08145860031980584 0.05298030864771307 0.0300907533261179 0.03009075338188914 0.05298030873185195 0.08145860039180618 0.111546255572362 0.1424960259508976 0.1371253261528537 0.1073968979402859 0.07856205654365378 0.05138142323567257 0.02978108716187244 0.02978108711091612 0.05138142315243228 0.07856205647207294 0.1073968978896519 0.1371253261302966 0.1317548966160604 0.1032499954858822 0.07567243273294225 0.04979564180108861 0.02948026382580756 0.02948026387606809 0.04979564187827847 0.07567243280430702 0.1032499955319886 0.1317548966385294 0.1263847715015362 0.09910585570667797 0.07279055310216677 0.04822425816624892 0.02918855692813812 0.02918855688137704 0.04822425808670665 0.07279055303592931 0.09910585565632449 0.1263847714810916 0.1210149922888284 0.0949648408649684 0.06991737458728313 0.04666872534098744 0.02890624240583025 0.02890624245108934 0.04666872541531756 0.06991737465739288 0.094964840909258 0.1210149923111989 0.115645606632757 0.09082737836298281 0.06705401511638774 0.04513068229768979 0.02863359973097715 0.02863359968584753 0.04513068221996636 0.06705401504907579 0.0908273783129874 0.115645606611753 0.1102766731119236 0.0866939751143779 0.06420178574568523 0.04361197818219487 0.02837090955831317 0.02837090960098197 0.04361197825884611 0.06420178581587174 0.08669397516185447 0.1102766731337799 0.1049082633273005 0.08256523986419428 0.06136223385696998 0.04211470230384232 0.02811845692877536 0.02811845688410426 0.04211470222636745 0.06136223378444276 0.08256523981425118 0.1049082633039539 0.09954046723155471 0.07844190514127243 0.0585371940832861 0.04064121931928027 0.0278765312237583 0.027876531264023 0.04064121939831129 0.05853719415270268 0.07844190519313637 0.09954046725280319 0.09417340100578535 0.07432486212567246 0.05572885562333104 0.0391942067327584 0.02764542988255824 0.02764542984166391 0.03919420665980307 0.05572885554919007 0.07432486207859811 0.09417340098098877 0.08880721968221832 0.07021520271956513 0.05293984815104104 0.0377766995602005 0.02742545857238517 0.02742545860652231 0.03777669963267695 0.05293984821265845 0.07021520277010182 0.08880721970061363 0.08344213213203787 0.0661142820735903 0.05017336580045183 0.03639214844496898 0.02721692324360569 0.02721692321239243 0.03639214838777298 0.05017336573695289 0.06611428203667359 0.08344213210990623 0.07807841665727813 0.06202381276010382 0.04743335652174283 0.03504449112220383 0.0270200831800027 0.02702008320150229 0.03504449117280432 0.04743335656182611 0.06202381279796543 0.07807841666824826 0.07271642173189258 0.05794602650886985 0.0447248469426875 0.03373825527049439 0.0268350068630084 0.02683500684766352 0.03373825524391941 0.04472484690639475 0.05794602649342036 0.07271642171820369 0.06735650079249762 0.0538839815057013 0.04205454112267373 0.03247869299592004 0.02666118269270503 0.02666118269655219 0.03247869301038309 0.04205454112579048 0.05388398151842971 0.06735650079105823 0.06199877286086939 0.04984219066849617 0.03943196225102984 0.03127193068153639 0.02649659480121223 0.0264965948041986 0.03127193069579515 0.039431962255731 0.04984219068500817 0.0619987728610474 0.05664245005361673 0.04582793846654535 0.03687158634311883 0.03012500155231056 0.0263357354905869 0.02633573547679513 0.03012500152599889 0.03687158630083152 0.04582793844632308 0.05664245003568241 0.05128425912903585 0.04185401735197781 0.03439658293114142 0.02904539238214578 0.02616573608624781 0.02616573610439183 0.02904539243433722 0.03439658297899792 0.04185401740415457 0.05128425914498743 0.0459151384491064 0.03794418348248606 0.03204461204840475 0.02803931383966817 0.02595969880959549 0.02595969878449997 0.02803931378284399 0.03204461196710292 0.03794418343093198 0.04591513841503615 0.04051427220123326 0.03414307662811051 0.02987485602342828 0.02710767489796307 0.02566709484608055 0.02566709487176803 0.02710767497082136 0.02987485609974276 0.03414307670762827 0.04051427223017651 0.03504003095767061 0.03053098619780909 0.02797184203249183 0.02624056759043584 0.02520413456903105 0.02520413454136209 0.02624056752359157 0.02797184193589687 0.03053098612961592 0.03504003091325218 0.02942289402308174 0.02723299990307643 0.02643620685369819 0.02542011693661542 0.02445377803956826 0.02445377806601918 0.02542011700843344 0.02643620693141689 0.02723299998735194 0.02942289405722162 0.02357314124281415 0.02436994155370625 0.02535779996282294 0.02466438391456842 0.0232959201302231 0.02329592010503163 0.02466438385545255 0.02535779988078829 0.0243699414931578 0.02357314119959326 0.01743099939901687 0.02185662684353638 0.02475990296119474 0.02420713807883885 0.02170185056406116 0.02170185059018227 0.0242071381367188 0.02475990301601536 0.02185662690207033 0.01743099942689083 0.01116940870388376 0.0187010201559228 0.02478349016839403 0.0248068347861039 0.02005758515470585 0.02005758512903582 0.02480683474195412 0.02478349012724144 0.01870102012535874 0.01116940867787942 0.005268196802118813 0.01349265120350591 0.02287422326023763 0.03105067283601797 0.02038792868867765 0.02038792871846368 0.03105067285828581 0.02287422327806525 0.01349265121456995 0.005268196811607439 0.0008060450513457292 0.005816340443983463 0.01521555773490483 0.03241313664717637 0.0638057116518719 0.06380571165455101 0.03241313664537575 0.01521555774410888 0.005816340441829403 0.0008060450492643771 
POINT_DATA 1111
SCALARS NodeID int 1
LOOKUP_TABLE my_table
0
1
2
3
4
5
6
7
8
9
10
11
12
13
14
15
16
17
18
19
20
21
22
23
24
25
26
27
28
29
30
31
32
33
34
35
36
37
38
39
40
41
42
43
44
45
46
47
48
49
50
51
52
53
54
55
56
57
58
59
60
61
62
63
64
65
66
67
68
69
70
71
72
73
74
75
76
77
78
79
80
81
82
83
84
85
86
87
88
89
90
91
92
93
94
95
96
97
98
99
100
101
102
103
104
105
106
107
108
109
110
111
112
113
114
115
116
117
118
119
120
121
122
123
124
125
126
127
128
129
130
131
132
133
134
135
136
137
138
139
140
141
142
143
144
145
146
147
148
149
150
151
152
153
154
155
156
157
158
159
160
161
162
163
164
165
166
167
168
169
170
171
172
173
174
175
176
177
178
179
180
181
182
183
184
185
186
187
188
189
190
191
192
193
194
195
196
197
198
199
200
201
202
203
204
205
206
207
208
209
210
211
212
213
214
215
216
217
218
219
220
221
222
223
224
225
226
227
228
229
230
231
232
233
234
235
236
237
238
239
240
241
242
243
244
245
246
247
248
249
250
251
252
253
254
255
256
257
258
259
260
261
262
263
264
265
266
267
268
269
270
271
272
273
274
275
276
277
278
279
280
281
282
283
284
285
286
287
288
289
290
291
292
293
294
295
296
297
298
299
300
301
302
303
304
305
306
307
308
309
310
311
312
313
314
315
316
317
318
319
320
321
322
323
324
325
326
327
328
329
330
331
332
333
334
335
336
337
338
339
340
341
342
343
344
345
346
347
348
349
350
351
352
353
354
355
356
357
358
359
360
361
362
363
364
365
366
367
368
369
370
371
372
373
374
375
376
377
378
379
380
381
382
383
384
385
386
387
388
389
390
391
392
393
394
395
396
397
398
399
400
401
402
403
404
405
406
407
408
409
410
411
412
413
414
415
416
417
418
419
420
421
422
423
424
425
426
427
428
429
430
431
432
433
434
435
436
437
438
439
440
441
442
443
444
445
446
447
448
449
450
451
452
453
454
455
456
457
458
459
460
461
462
463
464
465
466
467
468
469
470
471
472
473
474
475
476
477
478
479
480
481
482
483
484
485
486
487
488
489
490
491
492
493
494
495
496
497
498
499
500
501
502
503
504
505
506
507
508
509
510
511
512
513
514
515
516
517
518
519
520
521
522
523
524
525
526
527
528
529
530
531
532
533
534
535
536
537
538
539
540
541
542
543
544
545
546
547
548
549
550
551
552
553
554
555
556
557
558
559
560
561
562
563
564
565
566
567
568
569
570
571
572
573
574
575
576
577
578
579
580
581
582
583
584
585
586
587
588
589
590
591
592
593
594
595
596
597
598
599
600
601
602
603
604
605
606
607
608
609
610
611
612
613
614
615
616
617
618
619
620
621
622
623
624
625
626
627
628
629
630
631
632
633
634
635
636
637
638
639
640
641
642
643
644
645
646
647
648
649
650
651
652
653
654
655
656
657
658
659
660
661
662
663
664
665
666
667
668
669
670
671
672
673
674
675
676
677
678
679
680
681
682
683
684
685
686
687
688
689
690
691
692
693
694
695
696
697
698
699
700
701
702
703
704
705
706
707
708
709
710
711
712
713
714
715
716
717
718
719
720
721
722
723
724
725
726
727
728
729
730
731
732
733
734
735
736
737
738
739
740
741
742
743
744
745
746
747
748
749
750
751
752
753
754
755
756
757
758
759
760
761
762
763
764
765
766
767
768
769
770
771
772
773
774
775
776
777
778
779
780
781
782
783
784
785
786
787
788
789
790
791
792
793
794
795
796
797
798
799
800
801
802
803
804
805
806
807
808
809
810
811
812
813
814
815
816
817
818
819
820
821
822
823
824
825
826
827
828
829
830
831
832
833
834
835
836
837
838
839
840
841
842
843
844
845
846
847
848
849
850
851
852
853
854
855
856
857
858
859
860
861
862
863
864
865
866
867
868
869
870
871
872
873
874
875
876
877
878
879
880
881
882
883
884
885
886
887
888
889
890
891
892
893
894
895
896
897
898
899
900
901
902
903
904
905
906
907
908
909
910
911
912
913
914
915
916
917
918
919
920
921
922
923
924
925
926
927
928
929
930
931
932
933
934
935
936
937
938
939
940
941
942
943
944
945
946
947
948
949
950
951
952
953
954
955
956
957
958
959
960
961
962
963
964
965
966
967
968
969
970
971
972
973
974
975
976
977
978
979
980
981
982
983
984
985
986
987
988
989
990
991
992
993
994
995
996
997
998
999
1000
1001
1002
1003
1004
1005
1006
1007
1008
1009
1010
1011
1012
1013
1014
1015
1016
1017
1018
1019
1020
1021
1022
1023
1024
1025
1026
1027
1028
1029
1030
1031
1032
1033
1034
1035
1036
1037
1038
1039
1040
1041
1042
1043
1044
1045
1046
1047
1048
1049
1050
1051
1052
1053
1054
1055
1056
1057
1058
1059
1060
1061
1062
1063
1064
1065
1066
1067
1068
1069
1070
1071
1072
1073
1074
1075
1076
1077
1078
1079
1080
1081
1082
1083
1084
1085
1086
1087
1088
1089
1090
1091
1092
1093
1094
1095
1096
1097
1098
1099
1100
1101
1102
1103
1104
1105
1106
1107
1108
1109
1110
FIELD FieldData2 1
Displacement 3 1111 float
0 0 0 0 0 0 0 0 0 0 0 0 0 0 0 0 0 0 0 0 0 0 0 0 0 0 0 0 0 0 0 0 0 -2.861701612631287e-05 -1.441015971752057e-05 0 -1.976270662871248e-05 -7.160049906688709e-06 0 -1.442553707505424e-05 -3.585228853755371e-06 0 -9.462469129121862e-06 -1.598967570339289e-06 0 -4.698994438523124e-06 -5.54665626544365e-07 0 5.001587456382768e-17 -2.27214300858507e-07 0 4.698994438615614e-06 -5.546656265445956e-07 0 9.462469129196749e-06 -1.598967570332206e-06 0 1.442553707509934e-05 -3.585228853751455e-06 0 1.976270662871868e-05 -7.160049906673642e-06 0 2.86170161262658e-05 -1.441015971748994e-05 0 -5.450566531807104e-05 -2.583070453739639e-05 0 -4.154938876785972e-05 -1.889865187857033e-05 0 -3.004976196561944e-05 -1.352296472465168e-05 0 -1.96964358752302e-05 -1.016514218001323e-05 0 -9.760436940602272e-06 -8.320276104154432e-06 0 -1.606813991764929e-16 -7.73128686751479e-06 0 9.76043694028859e-06 -8.320276104150766e-06 0 1.969643587494785e-05 -1.016514217998476e-05 0 3.004976196538276e-05 -1.352296472463219e-05 0 4.154938876767885e-05 -1.889865187851904e-05 0 5.450566531794959e-05 -2.583070453734592e-05 0 -8.018796825842821e-05 -4.112261298355815e-05 0 -6.28200522967688e-05 -3.407476087374332e-05 0 -4.614986236638522e-05 -2.85336127399277e-05 0 -3.031360275252769e-05 -2.461797001512692e-05 0 -1.50366272871294e-05 -2.235095824746611e-05 0 6.072775736416655e-17 -2.161065977975005e-05 0 1.503662728723507e-05 -2.23509582474669e-05 0 3.031360275260282e-05 -2.461797001508205e-05 0 4.614986236640571e-05 -2.853361273991402e-05 0 6.282005229671612e-05 -3.407476087367498e-05 0 8.018796825829869e-05 -4.112261298350232e-05 0 -0.0001059339457783214 -6.095112118906534e-05 0 -8.376087861659606e-05 -5.395384107150284e-05 0 -6.206946478535116e-05 -4.841871435657481e-05 0 -4.097883385838681e-05 -4.442523718924663e-05 0 -2.036533808376092e-05 -4.202593448270506e-05 0 -1.632188287531062e-16 -4.122939691237468e-05 0 2.036533808343404e-05 -4.202593448271928e-05 0 4.097883385808261e-05 -4.442523718918782e-05 0 6.206946478507477e-05 -4.841871435658797e-05 0 8.376087861635418e-05 -5.395384107142794e-05 0 0.0001059339457781233 -6.09511211890175e-05 0 -0.0001316240341550654 -8.576903799659072e-05 0 -0.0001044631411473765 -7.882269654289068e-05 0 -7.77483459538996e-05 -7.33607684894149e-05 0 -5.150556941860116e-05 -6.940874275109523e-05 0 -2.564741446647427e-05 -6.701706943812009e-05 0 -1.386340289053852e-16 -6.621654155341377e-05 0 2.564741446619042e-05 -6.701706943813939e-05 0 5.150556941832938e-05 -6.940874275099123e-05 0 7.774834595363518e-05 -7.336076848942936e-05 0 0.0001044631411471188 -7.882269654276207e-05 0 0.0001316240341548276 -8.576903799653432e-05 0 -0.0001571647342874653 -0.0001156699906046634 0 -0.0001249559540903981 -0.0001087879002044961 0 -9.320429407329798e-05 -0.0001034011859037946 0 -6.186520434954096e-05 -9.951856059217334e-05 0 -3.084545618977683e-05 -9.717059382592374e-05 0 5.573281415295441e-17 -9.638461268332038e-05 0 3.084545618986114e-05 -9.717059382597558e-05 0 6.186520434958325e-05 -9.951856059206352e-05 0 9.320429407326246e-05 -0.0001034011859038806 0 0.0001249559540902622 -0.0001087879002043867 0 0.0001571647342872265 -0.000115669990604639 0 -0.0001824954191967312 -0.0001506584455462009 0 -0.0001452422201411809 -0.0001438453594663506 0 -0.0001084626037180592 -0.0001385291348908673 0 -7.207034331452818e-05 -0.0001347116284380234 0 -3.596023127436293e-05 -0.0001324094782300591 0 -5.300820327031227e-16 -0.0001316397722057688 0 3.596023127332527e-05 -0.0001324094782301153 0 7.207034331359388e-05 -0.0001347116284378471 0 0.0001084626037172738 -0.0001385291348909471 0 0.0001452422201405833 -0.0001438453594661587 0 0.0001824954191963578 -0.0001506584455461625 0 -0.0002075832710395952 -0.0001906968949534868 0 -0.000165318852266824 -0.0001839554701077323 0 -0.0001235400920484691 -0.0001787041947400086 0 -8.213906275236843e-05 -0.0001749429867695181 0 -4.1001394112694e-05 -0.0001726799186845787 0 4.020995099856266e-16 -0.0001719242564221094 0 4.10013941134382e-05 -0.0001726799186846723 0 8.213906275297054e-05 -0.0001749429867693436 0 0.0001235400920488373 -0.0001787041947401723 0 0.0001653188522668921 -0.0001839554701075733 0 0.0002075832710393365 -0.0001906968949534882 0 -0.0002324118315121985 -0.0002357342908716108 0 -0.0001851826501731009 -0.0002290656138474178 0 -0.0001384462634801506 -0.0002238755353177844 0 -9.208447808708427e-05 -0.0002201635726025235 0 -4.597746909931342e-05 -0.0002179333069476146 0 -9.445048820445221e-16 -0.0002171892280443757 0 4.59774690974847e-05 -0.0002179333069477084 0 9.208447808545186e-05 -0.0002201635726022963 0 0.0001384462634788199 -0.000223875535317936 0 0.0001851826501721544 -0.0002290656138471904 0 0.0002324118315116897 -0.000235734290871599 0 -0.0002569735610338807 -0.0002857154388115529 0 -0.0002048314937406 -0.0002791199309770561 0 -0.0001531859430368725 -0.0002739888579851488 0 -0.0001019142950419256 -0.0002703218134368997 0 -5.089388356366094e-05 -0.0002681202228403578 0 6.526252846645926e-16 -0.0002673860613057214 0 5.089388356488948e-05 -0.000268120222840469 0 0.0001019142950429321 -0.0002703218134366835 0 0.0001531859430375288 -0.0002739888579853411 0 0.000204831493740809 -0.0002791199309768581 0 0.00025697356103359 -0.0002857154388115636 0 -0.0002812653120989556 -0.0003405845568272095 0 -0.0002242642048191497 -0.0003340623468026254 0 -0.0001677613725482534 -0.000328989145757025 0 -0.0001116325025086311 -0.000325364696510726 0 -5.575359166711039e-05 -0.0003231894873803094 0 -1.127364570405898e-15 -0.0003224642957093916 0 5.575359166494042e-05 -0.0003231894873804129 0 0.0001116325025066865 -0.0003253646965105167 0 0.0001677613725466715 -0.0003289891457572027 0 0.0002242642048180331 -0.0003340623468024303 0 0.0002812653120983531 -0.0003405845568272177 0 -0.0003052859260278068 -0.0004002862165841757 0 -0.00024348019847866 -0.0003938373277037394 0 -0.000182173499933266 -0.0003888214644403551 0 -0.0001212409695145319 -0.0003852384864941938 0 -6.05580341729334e-05 -0.0003830885171223243 0 5.567754402792799e-16 -0.0003823718172122298 0 6.055803417398928e-05 -0.0003830885171224018 0 0.0001212409695153722 -0.0003852384864940046 0 0.0001821734999337822 -0.0003888214644404804 0 0.0002434801984787634 -0.0003938373277035509 0 0.0003052859260274355 -0.0004002862165841661 0 -0.0003290350579342961 -0.0004647654414770238 0 -0.0002624792110985238 -0.0004583898660472687 0 -0.0001964226808926632 -0.0004534311122831299 0 -0.0001307404894956508 -0.0004498891112252763 0 -6.530784819664125e-05 -0.0004477638659232232 0 -8.59105394956243e-16 -0.0004470554387531315 0 6.53078481949939e-05 -0.0004477638659232889 0 0.0001307404894941421 -0.0004498891112251794 0 0.0001964226808913976 -0.0004534311122832494 0 0.0002624792110975757 -0.00045838986604719 0 0.0003290350579336801 -0.0004647654414770322 0 -0.0003525126540556489 -0.0005339675801248333 0 -0.0002812611356118989 -0.0005276653062277491 0 -0.0002105090252233566 -0.0005227635751689008 0 -0.0001401313608881099 -0.0005192623561965271 0 -7.000328630624634e-05 -0.0005171616249454128 0 -3.437883143214079e-17 -0.000516461379963475 0 7.000328630617987e-05 -0.0005171616249454056 0 0.000140131360887966 -0.0005192623561964447 0 0.0002105090252231165 -0.0005227635751688648 0 0.0002812611356115379 -0.0005276653062276322 0 0.0003525126540551305 -0.0005339675801247758 0 -0.0003757187420863369 -0.0006078381727321328 0 -0.0002998259342248001 -0.0006016091913802826 0 -0.0002244325529592538 -0.000596764455682297 0 -0.0001494136760829329 -0.0005933039532632457 0 -7.464443422025097e-05 -0.0005912276617389956 0 -7.476307727047492e-17 -0.0005905355661023636 0 7.464443422010558e-05 -0.0005912276617389836 0 0.0001494136760827141 -0.0005933039532633237 0 0.0002244325529589516 -0.0005967644556822855 0 0.0002998259342244009 -0.0006016091913803691 0 0.000375718742085801 -0.0006078381727321212 0 -0.0003986533585498632 -0.000686322859389529 0 -0.0003181735966621522 -0.0006801671651855013 0 -0.0002381932579337791 -0.0006753794194016793 0 -0.000158587452126777 -0.0006719596177729997 0 -7.923131306772219e-05 -0.0006699077456250121 0 -1.076084206348286e-15 -0.0006692237898839907 0 7.923131306566089e-05 -0.0006699077456249063 0 0.0001585874521249024 -0.0006719596177730622 0 0.0002381932579322206 -0.0006753794194014572 0 0.0003181735966609973 -0.0006801671651854959 0 0.0003986533585491408 -0.0006863228593894218 0 -0.0004213165299123042 -0.0007693673272049868 0 -0.0003363041220781564 -0.0007632849172721024 0 -0.0002517911302419644 -0.0007585541625397528 0 -0.0001676526840302334 -0.0007551750619600585 0 -8.37639229369498e-05 -0.0007531476073013714 0 1.078719694124662e-15 -0.0007524717902233386 0 8.376392293899903e-05 -0.0007531476073012847 0 0.0001676526840319143 -0.0007551750619602875 0 0.0002517911302430888 -0.0007585541625396115 0 0.0003363041220785784 -0.0007632849172723265 0 0.0004213165299119205 -0.0007693673272049518 0 -0.0004437082717908715 -0.0008569172832146062 0 -0.000354217511934747 -0.000850908156183803 0 -0.0002652261624116492 -0.000846234394758629 0 -0.0001766093635684243 -0.0008428959989174697 0 -8.824225930579121e-05 -0.0008408929645689176 0 -2.320732425400089e-15 -0.0008402252871075813 0 8.824225930133388e-05 -0.000840892964568755 0 0.000176609363564482 -0.0008428959989176311 0 0.000265226162408519 -0.000846234394758307 0 0.0003542175119326503 -0.0008509081561838812 0 0.0004437082717899285 -0.0008569172832144789 0 -0.0004658285924103254 -0.0009489184421288032 0 -0.0003719137677461321 -0.0009429825974440687 0 -0.0002784983499003032 -0.0009383658310614036 0 -0.0001854574844700931 -0.0009350681432581578 0 -9.266631803384589e-05 -0.000933089532114584 0 2.277205247321475e-15 -0.0009324299954239542 0 9.266631803816569e-05 -0.0009330895321144735 0 0.0001854574844737491 -0.0009350681432584205 0 0.0002784983499029129 -0.000938365831061221 0 0.0003719137677474101 -0.0009429825974443189 0 0.0004658285924101155 -0.0009489184421287623 0 -0.0004876774956596748 -0.001045316521161894 0 -0.0003893928905204335 -0.001039453958566026 0 -0.0002916076903256102 -0.001034894188332311 0 -0.0001941970429922307 -0.001031637210630088 0 -9.703609651215367e-05 -0.001029683024702887 0 -3.399836641253322e-15 -0.00102903162956653 0 9.703609650561165e-05 -0.001029683024702756 0 0.0001941970429864949 -0.001031637210630233 0 0.0002916076903211177 -0.001034894188332055 0 0.0003893928905175203 -0.001039453958566109 0 0.0004876774956585514 -0.001045316521161801 0 -0.0005092549831937325 -0.001146057237985919 0 -0.0004066548808319574 -0.001140267957424478 0 -0.0003045541825410216 -0.001135765183864389 0 -0.0002028280371147518 -0.001132548917450303 0 -0.0001013515932579401 -0.00113061915785728 0 3.135279156024485e-15 -0.001129975904753757 0 0.0001013515932638817 -0.001130619157857223 0 0.0002028280371198228 -0.001132548917450445 0 0.0003045541825446982 -0.001135765183864291 0 0.0004066548808338515 -0.001140267957424615 0 0.0005092549831936537 -0.001146057237985902 0 -0.0005305610556189649 -0.001251086310154271 0 -0.0004236997389778269 -0.001245370311619697 0 -0.0003173378260445246 -0.001240924535011248 0 -0.0002113504659186927 -0.001237748980434802 0 -0.0001056128075507771 -0.001235843647769952 0 -3.960302792189452e-15 -0.00123520853691222 0 0.0001056128075431493 -0.001235843647769933 0 0.0002113504659120238 -0.001237748980434823 0 0.0003173378260393239 -0.001240924535011207 0 0.0004236997389744907 -0.001245370311619705 0 0.0005305610556177533 -0.001251086310154259 0 -0.0005515957130715677 -0.001360349455007243 0 -0.0004405274650849148 -0.001354706738485447 0 -0.0003299586206543884 -0.001350317958946915 0 -0.0002197643289450677 -0.001347183116457496 0 -0.0001098197390290941 -0.00134530221098114 0 3.355770415272329e-15 -0.001344675242504458 0 0.0001098197390354522 -0.00134530221098118 0 0.0002197643289505048 -0.00134718311645742 0 0.0003299586206583435 -0.001350317958946988 0 0.0004405274650869731 -0.00135470673848538 0 0.0005515957130715288 -0.001360349455007265 0 -0.0005723589556230742 -0.001473792389699068 0 -0.0004571380592283498 -0.001468222955204354 0 -0.0003424165663078935 -0.001463891172787244 0 -0.0002280696260502146 -0.001460797042514398 0 -0.0001139723875783722 -0.001458940564344552 0 -3.804202089356399e-15 -0.001458321738310347 0 0.0001139723875710458 -0.001458940564344664 0 0.0002280696260438033 -0.001460797042514258 0 0.0003424165663028887 -0.00146389117278746 0 0.0004571380592251337 -0.001468222955204261 0 0.0005723589556218963 -0.001473792389699145 0 -0.0005928507833037743 -0.001591360831337896 0 -0.000473531521401871 -0.001585864678870493 0 -0.0003547116629567533 -0.001581589893639684 0 -0.0002362663571528409 -0.001578536475592466 0 -0.0001180707531243072 -0.001576704424781997 0 2.849318754303045e-15 -0.001576093741176584 0 0.0001180707531297113 -0.001576704424782123 0 0.0002362663571574496 -0.001578536475592198 0 0.0003547116629600896 -0.001581589893639899 0 0.0004735315214035785 -0.001585864678870247 0 0.0005928507833036709 -0.001591360831337954 0 -0.000613071196082448 -0.001713000497045247 0 -0.0004897078516252888 -0.001707577626619668 0 -0.0003668439106397705 -0.001703359838514158 0 -0.0002443545222641361 -0.001700347132727437 0 -0.0001221148356838145 -0.001698539509240353 0 -2.969936785385071e-15 -0.001697936968094808 0 0.0001221148356781017 -0.001698539509240547 0 0.0002443545222591101 -0.001700347132727211 0 0.0003668439106358176 -0.001703359838514537 0 0.0004897078516227065 -0.001707577626619535 0 0.0006130711960814175 -0.001713000497045391 0 -0.0006330201939150199 -0.001838657103850824 0 -0.0005056670498863916 -0.001833307515453478 0 -0.0003788133093368527 -0.001829146724483341 0 -0.000252334121410837 -0.00182617473091142 0 -0.0001261046352573624 -0.001824391534784451 0 1.780040993317604e-15 -0.001823797136056233 0 0.000126104635260747 -0.001824391534784596 0 0.0002523341214136906 -0.001826174730911096 0 0.0003788133093388752 -0.00182914672448359 0 0.0005056670498873491 -0.001833307515453178 0 0.0006330201939147699 -0.001838657103850893 0 -0.0006526977767986985 -0.001968276368729783 0 -0.0005214091162007707 -0.001963000062360675 0 -0.0003906198590840319 -0.001958896268523044 0 -0.0002602051545896952 -0.001955964987183605 0 -0.0001300401518519401 -0.001954206218379783 0 -1.723582839686383e-15 -0.001953619962106501 0 0.0001300401518486318 -0.001954206218379963 0 0.0002602051545867379 -0.001955964987183428 0 0.0003906198590816501 -0.001958896268523408 0 0.0005214091161991341 -0.001963000062360591 0 0.0006526977767978912 -0.001968276368729938 0 -0.0006721039447480407 -0.002101804008692675 0 -0.0005369340505616348 -0.002096600984351928 0 -0.0004022635598697496 -0.002092554187633966 0 -0.0002679676217860925 -0.002089663618537569 0 -0.0001339213854590788 -0.002087929277074211 0 5.050714548728214e-16 -0.002087351163239631 0 0.000133921385460047 -0.002087929277074296 0 0.0002679676217868522 -0.002089663618537347 0 0.0004022635598702029 -0.002092554187634115 0 0.0005369340505616953 -0.00209660098435172 0 0.0006721039447476219 -0.002101804008692727 0 -0.0006912386977797837 -0.002239185740722273 0 -0.00055224185299576 -0.002234055998412042 0 -0.0004137444116977404 -0.002230066198833065 0 -0.0002756215230259893 -0.002227216341971444 0 -0.0001377483360818904 -0.002225506427866654 0 -4.633236009718061e-16 -0.002224936456470518 0 0.0001377483360810024 -0.002225506427866745 0 0.0002756215230251231 -0.002227216341971411 0 0.0004137444116969481 -0.002230066198833265 0 0.0005522418529950788 -0.002234055998412074 0 0.0006912386977792121 -0.002239185740722382 0 -0.0007101020358958311 -0.002380367281859567 0 -0.0005673325234859881 -0.002375310821590218 0 -0.0004250624145757607 -0.002371378019155613 0 -0.0002831668582821109 -0.002368568874545254 0 -0.0001415210037135247 -0.002366883387786999 0 -5.620933953797815e-16 -0.002366321558865033 0 0.0001415210037124574 -0.002366883387786997 0 0.000283166858281117 -0.002368568874545225 0 0.0004250624145749037 -0.002371378019155605 0 0.0005673325234852993 -0.002375310821590186 0 0.0007101020358952886 -0.002380367281859587 0 -0.0007286939590786905 -0.002525294349192001 0 -0.0005822060620223902 -0.002520311170941348 0 -0.0004362175684831194 -0.002516435365632166 0 -0.0002906036275539787 -0.002513666933261774 0 -0.0001452393883527303 -0.002512005873845773 0 4.323919606363185e-16 -0.002511452187362543 0 0.0001452393883535482 -0.002512005873845759 0 0.0002906036275545984 -0.002513666933261881 0 0.00043621756848346 -0.002516435365632167 0 0.0005822060620223932 -0.002520311170941481 0 0.000728693959078311 -0.002525294349192055 0 -0.0007470144673134499 -0.002673912659656858 0 -0.0005968624686317989 -0.002669002763422457 0 -0.0004472098734305295 -0.002665183955232143 0 -0.0002979318308549659 -0.002662456235100558 0 -0.0001489034900017936 -0.002660819603008898 0 -1.112469887214582e-15 -0.002660274058976145 0 0.0001489034899996623 -0.00266081960300884 0 0.0002979318308530715 -0.002662456235100672 0 0.0004472098734290068 -0.002665183955232043 0 0.000596862468630736 -0.002669002763422564 0 0.0007470144673128754 -0.00267391265965687 0 -0.0007650635606033117 -0.002826167930198989 0 -0.0006113017432879433 -0.002821331316024523 0 -0.0004580393294248024 -0.002817569504980666 0 -0.0003051514681754762 -0.002814882497086999 0 -0.0001525133086609214 -0.002813270292354095 0 7.467111841207036e-16 -0.002812732890780304 0 0.0001525133086623225 -0.002813270292354034 0 0.0003051514681766186 -0.002814882497087136 0 0.000458039329425549 -0.002817569504980565 0 0.0006113017432882027 -0.002821331316024658 0 0.0007650635606030422 -0.002826167930199006 0 -0.0007828412389722818 -0.002982005877923119 0 -0.0006255238859786315 -0.002977242545786177 0 -0.0004687059364525032 -0.00297353773188753 0 -0.0003122625395318079 -0.00297089143624761 0 -0.000156068844328337 -0.002969303658867679 0 -1.052034598876808e-15 -0.002968774399755176 0 0.0001560688443263053 -0.002969303658867639 0 0.0003122625395300223 -0.002970891436247741 0 0.0004687059364510765 -0.002973537731887473 0 0.0006255238859776451 -0.002977242545786321 0 0.000782841238971779 -0.002982005877923149 0 -0.0008003475024141249 -0.003141372219836907 0 -0.0006395288967243206 -0.003136682169710879 0 -0.0004792096945139782 -0.003133034352961118 0 -0.0003192650448918832 -0.003130428769590381 0 -0.0001595700970040615 -0.003128865419567086 0 4.98498702421211e-16 -0.003128344302893062 0 0.0001595700970049741 -0.003128865419567058 0 0.0003192650448926199 -0.003130428769590429 0 0.0004792096945144322 -0.003133034352961068 0 0.0006395288967244295 -0.003136682169710922 0 0.0008003475024138831 -0.003141372219836925 0 -0.000817582350916811 -0.00330421267289897 0 -0.0006533167755133641 -0.003299595904850405 0 -0.0004895506035857735 -0.003296005085245282 0 -0.0003261589842654351 -0.003293440214134127 0 -0.0001630170666938616 -0.003291901291441397 0 -5.269044208925858e-16 -0.003291388317216913 0 0.0001630170666928295 -0.003291901291441429 0 0.0003261589842645304 -0.003293440214134162 0 0.0004895506035850298 -0.003296005085245366 0 0.0006533167755128014 -0.003299595904850484 0 0.0008175823509164562 -0.00330421267289905 0 -0.0008345457844583456 -0.003470472954232813 0 -0.0006668875223216242 -0.003465929468224742 0 -0.0004997286636867597 -0.003462395645768567 0 -0.0003329443576674828 -0.003459871486859971 0 -0.0001664097533941208 -0.00345835699151892 0 -7.931306726242867e-17 -0.003457852159744955 0 0.0001664097533939332 -0.003458356991518959 0 0.0003329443576672759 -0.003459871486859891 0 0.0004997286636865163 -0.003462395645768642 0 0.0006668875223213523 -0.00346592946822468 0 0.0008345457844580777 -0.003470472954232867 0 -0.0008512378030355833 -0.003640098780844043 0 -0.0006802411371887966 -0.003635628576825704 0 -0.0005097438748459532 -0.003632151751467208 0 -0.0003396211650998613 -0.003629668304809073 0 -0.0001697481571134964 -0.003628178236806522 0 1.519322368494029e-16 -0.003627681547483777 0 0.000169748157113777 -0.003628178236806613 0 0.0003396211651000956 -0.00362966830480901 0 0.0005097438748460883 -0.003632151751467398 0 0.0006802411371887826 -0.003635628576825702 0 0.0008512378030353947 -0.003640098780844152 0 -0.0008676584066837481 -0.003813035869589968 0 -0.0006933776201409686 -0.003808638947603579 0 -0.0005195962370425044 -0.003805219119390781 0 -0.000346189406564849 -0.003802776384962848 0 -0.0001730322778405691 -0.003801310744293558 0 -6.414233393657215e-16 -0.003800822197395706 0 0.0001730322778393294 -0.003801310744293627 0 0.000346189406563727 -0.003802776384962732 0 0.0005195962370415891 -0.003805219119390914 0 0.0006933776201403412 -0.003808638947603493 0 0.0008676584066834509 -0.003813035869590042 0 -0.0008838075954171958 -0.003989229937530725 0 -0.0007062969711172577 -0.003984906297609919 0 -0.0005292857502838999 -0.003981543466560891 0 -0.000352649082054036 -0.003979141444362351 0 -0.0001762621155905973 -0.00397770023104716 0 6.407873635575833e-16 -0.00397721982661197 0 0.0001762621155918395 -0.003977700231047222 0 0.0003526490820550957 -0.003979141444362304 0 0.000529285750284679 -0.003981543466561025 0 0.0007062969711176594 -0.003984906297609914 0 0.000883807595417141 -0.003989229937530813 0 -0.0008996853692575454 -0.004168626701828488 0 -0.0007189991901477636 -0.004164376343920374 0 -0.0005388124145576094 -0.004161070509995833 0 -0.0003590001915742608 -0.004158709200043505 0 -0.0001794376703461531 -0.00415729241407501 0 -8.802503348068079e-16 -0.00415682015208674 0 0.0001794376703444848 -0.00415729241407502 0 0.000359000191572762 -0.004158709200043516 0 0.0005388124145564295 -0.004161070509995858 0 0.000718999190147018 -0.00416437634392041 0 0.0008996853692572702 -0.004168626701828528 0 -0.0009152917281476199 -0.004351171879437197 0 -0.0007314842772493261 -0.00434699480352115 0 -0.0005481762298676874 -0.004343745966716396 0 -0.000365242735120007 -0.004341425368980228 0 -0.0001825589421229968 -0.004340033010339376 0 7.069243879440367e-16 -0.004339568890778489 0 0.0001825589421243897 -0.004340033010339313 0 0.0003652427351211935 -0.004341425368980356 0 0.0005481762298685795 -0.004343745966716293 0 0.0007314842772498297 -0.004346994803521271 0 0.0009152917281476347 -0.004351171879437208 0 -0.0009306266720509287 -0.004536811187249205 0 -0.0007437522324073768 -0.004532707393383135 0 -0.0005573771962453881 -0.004529515553684469 0 -0.0003713767127133448 -0.004527235668179299 0 -0.0001856259309274933 -0.004525867736874697 0 -6.518964473014358e-16 -0.004525411759778592 0 0.0001856259309262779 -0.004525867736874567 0 0.0003713767127122403 -0.00452723566817958 0 0.0005573771962445238 -0.004529515553684247 0 0.0007437522324068508 -0.004532707393383407 0 0.0009306266720507477 -0.004536811187249187 0 -0.0009456902010258197 -0.004725490342316665 0 -0.0007558030556149032 -0.004721459830491541 0 -0.0005664153136683032 -0.004718324987960773 0 -0.0003774021243423857 -0.004716085814681883 0 -0.0001886386367334629 -0.004714742310738981 0 3.23864237969145e-16 -0.004714294476070078 0 0.0001886386367341261 -0.004714742310738746 0 0.0003774021243429482 -0.004716085814682259 0 0.0005664153136687389 -0.004718324987960342 0 0.0007558030556151658 -0.004721459830491855 0 0.0009456902010258323 -0.004725490342316572 0 -0.0009604823150998004 -0.004917155061709439 0 -0.0007676367468597285 -0.004913197831910822 0 -0.0005752905821158308 -0.00491011998651525 0 -0.0003833189699782173 -0.004907921525508113 0 -0.0001915970595659993 -0.004906602448902759 0 -3.239475938240967e-17 -0.004906162756695753 0 0.0001915970595659593 -0.004906602448902482 0 0.0003833189699781476 -0.004907921525508661 0 0.0005752905821157653 -0.00491011998651477 0 0.0007676367468596923 -0.004913197831911323 0 0.000960482315099777 -0.004917155061709349 0 -0.0009750030142275867 -0.005111751062406914 0 -0.0007792533061696499 -0.005107867114646936 0 -0.0005840030015899338 -0.005104846266388061 0 -0.0003891272496239023 -0.00510268851762252 0 -0.0001945011993832243 -0.00510139386838904 0 -3.300608981070156e-16 -0.005100962318631114 0 0.0001945011993826166 -0.005101393868388683 0 0.0003891272496233854 -0.005102688517623083 0 0.0005840030015895643 -0.005104846266387403 0 0.0007792533061694547 -0.00510786711464739 0 0.0009750030142275572 -0.005111751062406748 0 -0.0009892522983941429 -0.005309224061403561 0 -0.0007906527335183927 -0.005305413395697296 0 -0.0005925525720932381 -0.005302449544604845 0 -0.0003948269632806653 -0.005300332508111531 0 -0.000197351056202539 -0.005299062286213769 0 7.194349557045358e-16 -0.005298638878918145 0 0.0001973510562039089 -0.00529906228621343 0 0.0003948269632818466 -0.005300332508112175 0 0.0005925525720941319 -0.005302449544604244 0 0.0007906527335189322 -0.005305413395697877 0 0.0009892522983943025 -0.00530922406140343 0 -0.001003230167650565 -0.005509519775776841 0 -0.0008018350288981548 -0.00550578239210798 0 -0.0006009392936153348 -0.005502875538161449 0 -0.0004004181109636972 -0.005500799213922274 0 -0.0002001466300464224 -0.005499553419376454 0 -9.580759739295433e-16 -0.005499138154531794 0 0.0002001466300445794 -0.005499553419376108 0 0.0004004181109621389 -0.005500799213922828 0 0.0006009392936141862 -0.005502875538160815 0 0.0008018350288975109 -0.005505782392108436 0 0.001003230167650499 -0.005509519775776683 0 -0.001016936621966154 -0.005712583922553544 0 -0.0008128001923212767 -0.005708919820916695 0 -0.0006091631661811563 -0.005706069964091587 0 -0.0004059006926714076 -0.005704034352072358 0 -0.0002028879208937639 -0.005702812984872918 0 1.294432295635439e-15 -0.005702405862478697 0 0.0002028879208962008 -0.005702812984872651 0 0.0004059006926735448 -0.005704034352072853 0 0.0006091631661827822 -0.00570606996409112 0 0.0008128001923222557 -0.005708919820917134 0 0.001016936621966463 -0.005712583922553451 0 -0.001030371661306227 -0.005918362218684431 0 -0.0008235482238049729 -0.005914771399077486 0 -0.0006172241897995323 -0.005911978539375448 0 -0.0004112747083996492 -0.005909983639595206 0 -0.0002055749287598743 -0.005908786699728921 0 -1.288332612583693e-15 -0.00590838771977201 0 0.0002055749287573694 -0.005908786699728738 0 0.0004112747083975401 -0.005909983639595529 0 0.0006172241897979732 -0.005911978539375117 0 0.0008235482238040923 -0.005914771399077754 0 0.001030371661306159 -0.005918362218684361 0 -0.001043535285719897 -0.006126800381177214 0 -0.0008340791233489648 -0.00612328284360211 0 -0.0006251223644529348 -0.006120546981035651 0 -0.0004165401581598067 -0.006118592793497192 0 -0.0002082076536368947 -0.006117420280948169 0 1.471013582138718e-15 -0.006117029443457392 0 0.0002082076536396494 -0.006117420280948102 0 0.0004165401581622412 -0.006118592793497322 0 0.0006251223644547972 -0.006120546981035538 0 0.0008340791233500934 -0.006123282843602227 0 0.001043535285720279 -0.006126800381177207 0 -0.001056427495219475 -0.006337844127056198 0 -0.0008443928909469373 -0.006334399871511978 0 -0.0006328576901613573 -0.006331721006092054 0 -0.0004216970419606712 -0.00632980753079176 0 -0.0002107860955353366 -0.006328659445580287 0 -1.19307328096571e-15 -0.006328276750532962 0 0.0002107860955330023 -0.006328659445580354 0 0.0004216970419587195 -0.006329807530791689 0 0.0006328576901599207 -0.006331721006092193 0 0.0008443928909461385 -0.006334399871511946 0 0.001056427495219458 -0.00633784412705627 0 -0.001069048289786769 -0.006551439173348222 0 -0.0008544895265987819 -0.00654806819984258 0 -0.0006404301668853524 -0.006545446331546851 0 -0.0004267453597995643 -0.0065435735684801 0 -0.0002133102544538813 -0.00654244991061739 0 1.208784765597927e-15 -0.006542075357998468 0 0.0002133102544561375 -0.00654244991061757 0 0.0004267453598015754 -0.00654357356847979 0 0.0006404301668869058 -0.006545446331547177 0 0.0008544895265997438 -0.006548068199842324 0 0.00106904828978714 -0.006551439173348332 0 -0.001081397669431374 -0.006767531237113202 0 -0.0008643690303008739 -0.006764233545619427 0 -0.0006478397946721704 -0.006761668674437489 0 -0.00043168511166374 -0.006759836623594733 0 -0.0002157801304022393 -0.006758737393080226 0 -7.318870957131072e-16 -0.006758370982925658 0 0.0002157801304007977 -0.006758737393080539 0 0.0004316851116625533 -0.00675983662359427 0 0.0006478397946713169 -0.006761668674438086 0 0.0008643690303004306 -0.006764233545619083 0 0.001081397669431446 -0.006767531237113406 0 -0.001093475634113027 -0.0069860660352667 0 -0.0008740314020700567 -0.006982841625788475 0 -0.0006550865735163587 -0.006980333751745105 0 -0.000436516297545656 -0.006978542413158061 0 -0.00021819572334925 -0.006977467609994632 0 6.467038899540853e-16 -0.006977109342277989 0 0.000218195723350456 -0.006977467609995013 0 0.0004365162975467492 -0.006978542413157387 0 0.0006550865735172282 -0.006980333751745799 0 0.0008740314020706351 -0.006982841625787905 0 0.001093475634113322 -0.0069860660352669 0 -0.001105282183849899 -0.007206989284777216 0 -0.0008834766418978157 -0.007203838157375787 0 -0.0006621705033689367 -0.007201387280497578 0 -0.0004412389174598091 -0.007199636654171543 0 -0.0002205570332894996 -0.007198586278349452 0 -1.095846879031491e-16 -0.007198236153096351 0 0.0002205570332892784 -0.007198586278349922 0 0.0004412389174596589 -0.007199636654170825 0 0.000662170503368871 -0.007201387280498455 0 0.0008834766418978525 -0.007203838157375223 0 0.001105282183850075 -0.007206989284777488 0 -0.001116817318705626 -0.007430246702814839 0 -0.0008927047497369693 -0.007427168857432239 0 -0.0006690915842487514 -0.007424774977696132 0 -0.0004458529713870128 -0.007423065063596403 0 -0.0002228640602489589 -0.007422039115157128 0 3.405009109068399e-17 -0.007421697132345024 0 0.0002228640602490314 -0.007422039115157598 0 0.0004458529713871037 -0.007423065063595598 0 0.0006690915842488722 -0.007424774977696978 0 0.0008927047497371274 -0.007427168857431559 0 0.001116817318705826 -0.007430246702815085 0 -0.001128081038613728 -0.007655784006350514 0 -0.0009017157256331453 -0.007652779442989577 0 -0.0006758498161745169 -0.007650442560369993 0 -0.0004503584593219958 -0.007648773358520614 0 -0.0002251168042287056 -0.007647771837408 0 4.1927922560773e-16 -0.00764743799703811 0 0.0002251168042295364 -0.007647771837408464 0 0.0004503584593227301 -0.007648773358519876 0 0.0006758498161751245 -0.007650442560370861 0 0.0009017157256335946 -0.007652779442988993 0 0.001128081038613977 -0.007655784006350769 0 -0.001139073343514558 -0.007883546912315839 0 -0.0009105095695964546 -0.007880615631005092 0 -0.0006824451991373019 -0.007878335745549548 0 -0.0004547553812839133 -0.007876707255927389 0 -0.0002273152652009037 -0.007875730162171099 0 -3.882189064304116e-16 -0.007875404464244581 0 0.0002273152652002115 -0.007875730162171484 0 0.000454755381283317 -0.007876707255926724 0 0.0006824451991369068 -0.007878335745550248 0 0.0009105095695963239 -0.007880615631004544 0 0.001139073343514677 -0.007883546912316035 0 -0.001149794233506072 -0.008113481137788439 0 -0.0009190862815814772 -0.008110623138506075 0 -0.0006888777331069235 -0.008108400250196887 0 -0.0004590437372880928 -0.008106812472837769 0 -0.0002294594431766765 -0.008105859806416805 0 6.538672655591692e-16 -0.008105542250947751 0 0.0002294594431779942 -0.008105859806417088 0 0.0004590437372892249 -0.008106812472837279 0 0.0006888777331078348 -0.008108400250197415 0 0.0009190862815821146 -0.00811062313850568 0 0.001149794233506341 -0.008113481137788592 0 -0.001160243708560159 -0.008345532399776636 0 -0.0009274458615997681 -0.008342747682544402 0 -0.0006951474181319486 -0.008340581791367643 0 -0.0004632235272999793 -0.008339034726230087 0 -0.0002315493382077472 -0.008338106487155637 0 -4.641046993957226e-16 -0.008337797074115463 0 0.0002315493382069403 -0.008338106487155793 0 0.0004632235272992617 -0.008339034726229823 0 0.0006951474181314598 -0.008340581791367926 0 0.0009274458615995896 -0.008342747682544178 0 0.001160243708560247 -0.008345532399776702 0 -0.001170421768637791 -0.008579646415298705 0 -0.0009355883096833192 -0.008576934980091893 0 -0.0007012542542105899 -0.008574826086046804 0 -0.0004672947513473685 -0.008573319733130509 0 -0.0002335849502495582 -0.008572415921391775 0 5.182124894541372e-16 -0.008572114650808503 0 0.0002335849502506386 -0.008572415921391765 0 0.0004672947513482814 -0.008573319733130476 0 0.0007012542542113345 -0.008574826086046773 0 0.0009355883096838645 -0.008576934980091842 0 0.001170421768638028 -0.008579646415298682 0 -0.001180328413831951 -0.008815768901357164 0 -0.0009435136258244291 -0.008813130748170275 0 -0.0007071982413228799 -0.008811078851266994 0 -0.0004712574094402371 -0.008809613210595301 0 -0.0002355662792925672 -0.008808733826195504 0 -1.872887771770886e-16 -0.008808440698047043 0 0.0002355662792922944 -0.008808733826195347 0 0.0004712574094399719 -0.00880961321059557 0 0.0007071982413227291 -0.00881107885126671 0 0.000943513625824446 -0.008813130748170505 0 0.001180328413832069 -0.008815768901357064 0 -0.001189963644076944 -0.009053845574963209 0 -0.0009512218100335462 -0.009051280703818197 0 -0.0007129793794933749 -0.009049285804026528 0 -0.0004751115015446051 -0.009047860875600208 0 -0.0002374933253538216 -0.009047005918548377 0 8.601531690547602e-17 -0.009046720932855629 0 0.0002374933253540663 -0.009047005918548045 0 0.0004751115015448009 -0.009047860875600703 0 0.0007129793794935767 -0.009049285804025902 0 0.0009512218100337657 -0.009051280703818563 0 0.001189963644077097 -0.009053845574962987 0 -0.001199327459406775 -0.009293822153149984 0 -0.0009587128623094172 -0.009291330564000881 0 -0.000718597668710666 -0.009289392661350671 0 -0.0004788570276923619 -0.00928800844515262 0 -0.0002393660884260188 -0.009287177915439789 0 3.127666046891745e-16 -0.009286901072201533 0 0.0002393660884266776 -0.009287177915439366 0 0.000478857027692911 -0.00928800844515338 0 0.0007185976687111187 -0.009289392661349866 0 0.0009587128623097683 -0.009291330564001506 0 0.001199327459406956 -0.009293822153149752 0 -0.001208419859844617 -0.009535644352866801 0 -0.0009659867826474335 -0.009533226045759909 0 -0.0007240531089571246 -0.009531345140222726 0 -0.0004824939878794656 -0.009530001636270926 0 -0.0002411845685085408 -0.009529195533903039 0 -4.648001256255432e-16 -0.009528926833119997 0 0.0002411845685076976 -0.009529195533902489 0 0.0004824939878787437 -0.009530001636271794 0 0.0007240531089566265 -0.009531345140221687 0 0.0009659867826472172 -0.009533226045760578 0 0.001208419859844674 -0.009535644352866473 0 -0.00121724084530706 -0.009779257891152937 0 -0.0009730435710366449 -0.009776912866083095 0 -0.0007293457002424409 -0.009775088957693646 0 -0.0004860223820609829 -0.00977378616598085 0 -0.0002429487656025079 -0.009773004490968636 0 8.366030391724727e-16 -0.009772743932623318 0 0.0002429487656041164 -0.009773004490968067 0 0.0004860223820623747 -0.009773786165981837 0 0.0007293457002435131 -0.009775088957692609 0 0.0009730435710373256 -0.00977691286608391 0 0.001217240845307311 -0.009779257891152641 0 -0.001225790415845269 -0.01002460848502881 0 -0.0009798832274444194 -0.01002233674198403 0 -0.0007344754425500461 -0.01002056983074845 0 -0.0004894422102617871 -0.01001930775129349 0 -0.0002446586797078254 -0.01001855050361416 0 -9.330722540912926e-16 -0.01001829808773564 0 0.0002446586797060349 -0.01001855050361358 0 0.0004894422102602762 -0.01001930775129441 0 0.00073447544254894 -0.01002056983074737 0 0.0009798832274438142 -0.01002233674198479 0 0.001225790415845232 -0.0100246084850285 0 -0.001234068571390807 -0.01027164185148489 0 -0.0009865057519061957 -0.01026944339051328 0 -0.0007394423358744783 -0.01026773347640759 0 -0.0004927534724821131 -0.01026651210920362 0 -0.0002463143107967083 -0.01026577928888173 0 1.203124688347516e-15 -0.01026553501544051 0 0.000246314310798964 -0.01026577928888122 0 0.000492753472484087 -0.01026651210920447 0 0.0007394423358759721 -0.01026773347640667 0 0.0009865057519070875 -0.01026944339051399 0 0.001234068571391083 -0.01027164185148462 0 -0.001242075312004137 -0.0105203037076006 0 -0.0009929111443885358 -0.01051817852866064 0 -0.000744246380252342 -0.01051652561170797 0 -0.0004959561687141146 -0.01051534495674393 0 -0.0002479156589191377 -0.01051463656376062 0 -1.202399542308979e-15 -0.01051440043277449 0 0.0002479156589167909 -0.01051463656376021 0 0.0004959561687121495 -0.01051534495674459 0 0.0007442463802508861 -0.01051652561170721 0 0.0009929111443876884 -0.01051817852866117 0 0.001242075312004028 -0.01052030370760037 0 -0.001249810637672917 -0.01077053977039272 0 -0.0009990994049175453 -0.01076848787346958 0 -0.0007488875756492898 -0.01076689195364783 0 -0.0004990502989873924 -0.01076575201090698 0 -0.0002494627240549711 -0.0107650680452735 0 1.342440796050621e-15 -0.0107648400567397 0 0.0002494627240574612 -0.01076506804527322 0 0.000499050298989575 -0.01076575201090743 0 0.0007488875756509268 -0.01076689195364731 0 0.0009990994049184931 -0.01076848787346994 0 0.001249810637673186 -0.01077053977039255 0 -0.001257274548384179 -0.01102229575679039 0 -0.001005070533521598 -0.01102031714190348 0 -0.0007533659220962532 -0.01101877821921502 0 -0.0005020358632820393 -0.01101767898872382 0 -0.0002509555062022178 -0.011017019450431 0 -1.27658886407639e-15 -0.01101679960432317 0 0.0002509555061997208 -0.01101701945043087 0 0.0005020358632799467 -0.01101767898872403 0 0.000753365922094693 -0.01101877821921475 0 0.001005070533520675 -0.01102031714190363 0 0.001257274548384025 -0.0110222957567903 0 -0.001264467044232809 -0.01127551738381518 0 -0.001010824530152174 -0.01127361205097502 0 -0.0007576814195768437 -0.01127213012543609 0 -0.0005049128616028828 -0.01127107160718898 0 -0.0002523940053728964 -0.01127043649623082 0 1.302558472776348e-15 -0.01127022479258939 0 0.0002523940053753174 -0.0112704364962308 0 0.0005049128616049903 -0.01127107160718898 0 0.0007576814195784108 -0.01127213012543606 0 0.00101082453015307 -0.01127361205097501 0 0.001264467044233034 -0.01127551738381515 0 -0.001271388125125654 -0.01153015036858136 0 -0.001016361394858347 -0.01152831831776202 0 -0.0007618340681023379 -0.01152689338934555 0 -0.0005076812939707922 -0.01152587558333319 0 -0.0002537782215556527 -0.01152526489971718 0 -1.255750415330137e-15 -0.01152506133849812 0 0.0002537782215532223 -0.01152526489971727 0 0.0005076812939687407 -0.01152587558333303 0 0.0007618340681008048 -0.01152689338934569 0 0.001016361394857434 -0.01152831831776188 0 0.001271388125125459 -0.01153015036858139 0 -0.001278037791056599 -0.01178614042802732 0 -0.001021681127624152 -0.01178438165922887 0 -0.0007658238677015637 -0.01178301372792947 0 -0.0005103411603661304 -0.01178203663413904 0 -0.000255108154753469 -0.0117814503778712 0 1.212198429432799e-15 -0.011781254959092 0 0.0002551081547557528 -0.01178145037787135 0 0.0005103411603680864 -0.01178203663413876 0 0.0007658238677030056 -0.01178301372792974 0 0.001021681127624968 -0.01178438165922864 0 0.001278037791056759 -0.01178614042802737 0 -0.001284416042000445 -0.01204343327911472 0 -0.001026783728436026 -0.01204174779236536 0 -0.0007696508183442414 -0.012040436858207 0 -0.000512892460822146 -0.01203950047664082 0 -0.0002563838049901347 -0.01203893864771562 0 -1.25182664225563e-15 -0.01203875137141348 0 0.0002563838049877545 -0.01203893864771579 0 0.0005128924608201082 -0.01203950047664053 0 0.000769650818342715 -0.01204043685820731 0 0.001026783728435115 -0.0120417477923651 0 0.0012844160420002 -0.01204343327911478 0 -0.001290522877994851 -0.01230197463885733 0 -0.001031669197300949 -0.012300362434145 0 -0.0007733149200423743 -0.01229910849713445 0 -0.0005153351952947537 -0.01229821282785806 0 -0.0002576051722188278 -0.01229767542632529 0 1.175652210753619e-15 -0.01229749629248311 0 0.0002576051722210801 -0.01229767542632543 0 0.0005153351952966468 -0.01229821282785781 0 0.0007733149200437594 -0.01229910849713471 0 0.001031669197301727 -0.01230036243414478 0 0.001290522877994952 -0.01230197463885739 0 -0.001296358298996132 -0.01256171022416818 0 -0.001036337534258265 -0.01256017130149558 0 -0.0007768161727906508 -0.01255897436169455 0 -0.0005176693637316417 -0.0125581194047952 0 -0.000258772256407351 -0.01255760643078034 0 -1.315132715781731e-15 -0.0125574354394649 0 0.0002587722564048816 -0.01255760643078043 0 0.0005176693637295017 -0.01255811940479505 0 0.0007768161727890418 -0.0125589743616947 0 0.001036337534257301 -0.01256017130149547 0 0.001296358298995825 -0.01256171022416821 0 -0.001301922305070059 -0.01282258575185031 0 -0.001040788739352897 -0.01282112011122038 0 -0.000780154576487903 -0.01281998016874321 0 -0.0005198949659766429 -0.01281916592452178 0 -0.0002598850574073841 -0.01281867737828959 0 1.20871457692754e-15 -0.01281851452959348 0 0.000259885057409716 -0.01281867737828959 0 0.0005198949659785823 -0.01281916592452176 0 0.0007801545764893091 -0.01281998016874322 0 0.001040788739353673 -0.01282112011122036 0 0.001301922305070107 -0.01282258575185029 0 -0.001307214896439347 -0.01308454693860364 0 -0.001045022812712439 -0.01308315458001532 0 -0.0007833301309609332 -0.01308207163514289 0 -0.0005220120015864325 -0.01308129810414905 0 -0.0002609435748863884 -0.01308083398626415 0 -1.402317474773427e-15 -0.01308067928044997 0 0.0002609435748837599 -0.01308083398626405 0 0.0005220120015841433 -0.01308129810414918 0 0.000783330130959201 -0.01308207163514273 0 0.001045022812711388 -0.01308315458001542 0 0.001307214896438984 -0.01308454693860356 0 -0.001312236073734885 -0.01334753950099877 0 -0.001049039754626471 -0.01334622042436064 0 -0.0007863428356796719 -0.01334519447763925 0 -0.0005240204696214425 -0.01334446166098375 0 -0.0002619478081180643 -0.01334402197254896 0 1.222358729551795e-15 -0.01334387541005408 0 0.0002619478081204172 -0.01334402197254879 0 0.0005240204696233936 -0.01334446166098401 0 0.0007863428356810745 -0.01334519447763893 0 0.001049039754627225 -0.01334622042436087 0 0.001312236073734898 -0.01334753950099866 0 -0.001316985838594612 -0.01361150915545316 0 -0.001052839565649919 -0.01361026336054984 0 -0.0007891926895322711 -0.01360929441299304 0 -0.0005259203681318906 -0.01360860231268619 0 -0.0002628977556973898 -0.01360818705558197 0 -1.391474272758945e-15 -0.01360804863716188 0 0.0002628977556947704 -0.01360818705558174 0 0.0005259203681296109 -0.01360860231268659 0 0.0007891926895305379 -0.0136092944129926 0 0.001052839565648849 -0.01361026336055017 0 0.001316985838594217 -0.01361150915545302 0 -0.001321464194855515 -0.01387640161899389 0 -0.001056422246758483 -0.0138752291052089 0 -0.0007918796901743371 -0.01387431715847773 0 -0.000527711693480004 -0.01387366577753923 0 -0.0002637934150516722 -0.01387327495443801 0 1.073063182512461e-15 -0.01387314468115457 0 0.0002637934150537251 -0.01387327495443772 0 0.0005277116934817001 -0.01387366577753973 0 0.0007918796901755367 -0.01387431715847718 0 0.001056422246759093 -0.01387522910520931 0 0.001321464194855473 -0.01387640161899373 0 -0.001325671150571462 -0.01414216261118651 0 -0.001059787799338228 -0.01414106337719416 0 -0.000794403833245049 -0.01414020843324746 0 -0.0005293944397753739 -0.0141395977748921 0 -0.000264634782391573 -0.01413923138810288 0 -1.14320189727504e-15 -0.01413910926068502 0 0.0002646347823894122 -0.01413923138810255 0 0.0005293944397734975 -0.01413959777489271 0 0.0007944038332436074 -0.01414020843324688 0 0.001059787799337308 -0.01414106337719468 0 0.001325671150571079 -0.01414216261118634 0 -0.001329606720896948 -0.01440873785950368 0 -0.001062936224605633 -0.01440771190248211 0 -0.0007967651116673849 -0.01440691396197764 0 -0.0005309685996247924 -0.01440634402541812 0 -0.0002654218538139897 -0.01440600207201563 0 6.415716013087192e-16 -0.01440588808881436 0 0.0002654218538152078 -0.01440600207201524 0 0.0005309685996257688 -0.01440634402541876 0 0.0007967651116680296 -0.01440691396197692 0 0.001062936224605893 -0.01440771190248261 0 0.001329606720896795 -0.01440873785950346 0 -0.001333270930965016 -0.01467607311165446 0 -0.001065867521156602 -0.01467512042638916 0 -0.00079896351655592 -0.01467437948289427 0 -0.0005324341698421209 -0.01467385025035454 0 -0.0002661546307568808 -0.01467353270806296 0 -5.834840671048221e-16 -0.01467342685879662 0 0.0002661546307557843 -0.01467353270806257 0 0.0005324341698411594 -0.01467385025035527 0 0.0007989635165551624 -0.01467437948289356 0 0.001065867521156066 -0.0146751204263898 0 0.001333270930964674 -0.01467607311165427 0 -0.001336663813835629 -0.01494411416224421 0 -0.001068581677715027 -0.01494323474022822 0 -0.0008009990439577869 -0.01494255076457941 0 -0.0005337911710684628 -0.01494206216715534 0 -0.0002668331369042717 -0.0149417689585639 0 -9.490613125604243e-17 -0.01494167120924261 0 0.00026683313690408 -0.01494176895856343 0 0.0005337911710682151 -0.01494206216715606 0 0.0008009990439574999 -0.01494255076457854 0 0.001068581677714726 -0.01494323474022878 0 0.001336663813835318 -0.01494411416224394 0 -0.001339785389644842 -0.01521280690388347 0 -0.001071078654962244 -0.01521200073431886 0 -0.0008028717183523708 -0.01521137363704507 0 -0.0005350397019229845 -0.01521092547543726 0 -0.0002674574620412921 -0.01521065638717886 0 2.33602385098986e-16 -0.01521056664601594 0 0.0002674574620417583 -0.01521065638717841 0 0.0005350397019233657 -0.01521092547543812 0 0.0008028717183526159 -0.01521137363704423 0 0.001071078654962285 -0.0152120007343196 0 0.001339785389644603 -0.01521280690388322 0 -0.001342635589282383 -0.01548209741466643 0 -0.001073358344281701 -0.01548136449235105 0 -0.0008045816575866328 -0.01548079404216283 0 -0.0005361800695918264 -0.01548038581942935 0 -0.0002680278635231913 -0.01548014033580076 0 -1.011930951938222e-15 -0.01548005838451645 0 0.0002680278635212501 -0.01548014033580021 0 0.000536180069590062 -0.01548038581943018 0 0.0008045816575851958 -0.01548079404216181 0 0.001073358344280713 -0.0154813644923517 0 0.00134263558928191 -0.01548209741466609 0 -0.001345214039215112 -0.01575193208052236 0 -0.001075420483279012 -0.01575127243294755 0 -0.0008061292297260839 -0.0157507580970364 0 -0.0005372130744743667 -0.01575038869900683 0 -0.0002685449795729419 -0.01575016569442029 0 1.11848276208178e-15 -0.01575009106171135 0 0.0002685449795750942 -0.01575016569441975 0 0.0005372130744761991 -0.0157503886990078 0 0.0008061292297274161 -0.01575075809703543 0 0.001075420483279682 -0.01575127243294839 0 0.001345214039214994 -0.0157519320805221 0 -0.001347519532323876 -0.0160222576892603 0 -0.001077264500753103 -0.01602167145606324 0 -0.0008075153930059946 -0.01602121212157169 0 -0.0005381405735018085 -0.0160208792855159 0 -0.0002690102373462944 -0.01602067652114136 0 -1.853085904888864e-15 -0.01602060828453396 0 0.0002690102373427383 -0.01602067652114076 0 0.0005381405734986508 -0.01602087928551685 0 0.0008075153930034996 -0.01602121212157055 0 0.001077264500751487 -0.016021671456064 0 0.001347519532323257 -0.01602225768925995 0 -0.00134954886515878 -0.01629302125869731 0 -0.001078889266869539 -0.01629250887571085 0 -0.0008087423526524784 -0.01629210248622165 0 -0.0005389664764309818 -0.01629180207585736 0 -0.0002694265591499337 -0.01629161556105671 0 1.791009347907808e-15 -0.01629155206516834 0 0.0002694265591533545 -0.01629161556105611 0 0.0005389664764339134 -0.0162918020758584 0 0.0008087423526546293 -0.01629210248622054 0 0.001078889266870675 -0.01629250887571175 0 0.001349548865158754 -0.01629302125869704 0 -0.001351294538574173 -0.01656416880909801 0 -0.001080292772746834 -0.01656373151941969 0 -0.0008098146036255355 -0.01656337485078613 0 -0.0005396982718915435 -0.01656310048247947 0 -0.0002697994539654678 -0.01656292389035275 0 -2.330081467448608e-15 -0.01656286261181444 0 0.0002697994539609806 -0.01656292389035214 0 0.0005396982718875959 -0.01656310048248047 0 0.0008098146036224451 -0.01656337485078503 0 0.001080292772744855 -0.01656373151942053 0 0.001351294538573463 -0.01656416880909771 0 -0.001352741063829301 -0.01683564138420578 0 -0.00108147174302572 -0.01683528212326564 0 -0.000810740011139583 -0.0168349723584319 0 -0.0005403487617960487 -0.01683471646223915 0 -0.0002701386296693437 -0.01683454213960706 0 1.994392572964094e-15 -0.01683447913990067 0 0.0002701386296731237 -0.0168345421396065 0 0.0005403487617993012 -0.01683471646224011 0 0.0008107400111419637 -0.01683497235843084 0 0.00108147174302697 -0.01683528212326643 0 0.001352741063829287 -0.01683564138420548 0 -0.001353860900676303 -0.01710736355688673 0 -0.001082421274782089 -0.01710709023274289 0 -0.000811528184198161 -0.01710683063060726 0 -0.0005409372767955081 -0.01710659383009823 0 -0.0002704603481983106 -0.01710641352118711 0 -2.238812952712249e-15 -0.01710634685139476 0 0.000270460348193971 -0.01710641352118662 0 0.0005409372767917117 -0.0171065938300991 0 0.0008115281841951803 -0.01710683063060635 0 0.001082421274780159 -0.01710709023274362 0 0.001353860900675601 -0.0171073635568865 0 -0.001354620444829244 -0.01737922230329579 0 -0.001083130460792281 -0.01737904991321244 0 -0.0008121818501574332 -0.01737887470981483 0 -0.0005414845539680027 -0.01737867853577238 0 -0.0002707941700697004 -0.01737850805447002 0 1.60219564218001e-15 -0.01737842163512489 0 0.0002707941700726997 -0.0173785080544696 0 0.0005414845539705892 -0.01737867853577308 0 0.0008121818501592984 -0.01737887470981401 0 0.001083130460793205 -0.01737904991321299 0 0.001354620444829157 -0.01737922230329554 0 -0.001355011050893727 -0.01765104895760652 0 -0.001083586226014134 -0.01765099118382302 0 -0.0008126496494191443 -0.01765097591951535 0 -0.0005420052283492364 -0.01765097030082695 0 -0.0002711887753931346 -0.01765080715448159 0 -1.557760673851214e-15 -0.01765077796762749 0 0.0002711887753900747 -0.01765080715448133 0 0.000542005228346567 -0.01765097030082752 0 0.0008126496494170199 -0.01765097591951484 0 0.001083586226012693 -0.01765099118382352 0 0.001355011050893132 -0.01765104895760642 0 -0.00135511250965867 -0.01792265668940309 0 -0.001083791871860317 -0.01792269022854263 0 -0.000812853655210543 -0.01792286965242296 0 -0.0005422752067475646 -0.01792327586914952 0 -0.0002718129923181811 -0.01792376936545789 0 6.922257095625611e-16 -0.01792339086430019 0 0.0002718129923194179 -0.01792376936545769 0 0.0005422752067486336 -0.01792327586914978 0 0.0008128536552112534 -0.01792286965242259 0 0.001083791871860551 -0.01792269022854283 0 0.001355112509658431 -0.01792265668940296 0 -0.001355110433269266 -0.01819401434255686 0 -0.001083830889526603 -0.01819401345718436 0 -0.0008128309039048551 -0.01819413892816056 0 -0.0005421789509578906 -0.01819472298388709 0 -0.0002716182053384341 -0.01819640735163075 0 -4.829086908220382e-16 -0.01820071912521725 0 0.0002716182053374637 -0.01819640735163074 0 0.0005421789509570202 -0.0181947229838872 0 0.0008128309039040971 -0.01819413892816056 0 0.001083830889525975 -0.01819401345718447 0 0.001355110433268811 -0.01819401434255689 0 