<?xml version="1.0"?>
<VTKFile type="UnstructuredGrid" version="1.0" byte_order="LittleEndian" header_type="UInt64" >
	<UnstructuredGrid>
		<Piece NumberOfPoints="3237" NumberOfCells="6212" >
			<PointData>
			</PointData>
			<CellData>
			</CellData>
			<Points>
				<DataArray type="Float64" Name="Points" NumberOfComponents="3" format="ascii" >
2.0213 0.0207995 0 0 2 0 0.0207982 2.02131 0
2 -3.48787e-16 0 2.03333 -3.42353e-16 0 2.02561 0.0465409 0
1.09799 1.67161 0 0 2.76667 0 0 2.1 0
0 2.26667 0 2.06667 -3.3592e-16 0 2.9 -1.75086e-16 0
2.56667 -2.3942e-16 0 0.046535 2.02561 0 2.96667 -1.6222e-16 0
0 2.9 0 0.0260716 2.04775 0 2.91745 0.700114 0
2.04775 0.0260867 0 2.1 -3.29487e-16 0 2.83333 -1.87953e-16 0
2.02679 0.0782947 0 2.7 -2.13686e-16 0 0.0782842 2.02681 0
2.46667 -2.5872e-16 0 0 2.56667 0 0.0292003 2.08074 0
0 2.03333 0 2.4 -2.71587e-16 0 2.08075 0.0292366 0
2.16667 -3.1662e-16 0 0.0598937 2.05881 0 0 2.36667 0
2.05881 0.0599437 0 0 2.4 0 2.02508 0.110721 0
0 2.53333 0 2.97679 0.375893 0 2.33333 -2.84453e-16 0
2.2 -3.10187e-16 0 0.11071 2.02511 0 2.13333 -3.23053e-16 0
2.23333 -3.03753e-16 0 0.0298222 2.11498 0 2.11501 0.0298799 0
0.0956103 2.05414 0 2.05411 0.0956816 0 0.0594088 2.0962 0
2.09624 0.0595107 0 1.23456 2.73417 0 2.02307 0.142688 0
0.142688 2.02312 0 0 2.86667 0 0 2.5 0
0.084136 2.0804 0 2.08042 0.0842567 0 2.26667 -2.9732e-16 0
0.0300126 2.14885 0 2.14892 0.0300816 0 0.12794 2.0523 0
2.05225 0.128026 0 0.0603047 2.13069 0 2.13081 0.0604467 0
0.112683 2.08131 0 0 2.2 0 2.08132 0.112851 0
2.02061 0.174568 0 0.174595 2.02068 0 2.3414 1.87555 0
0 2.83333 0 0.0930843 2.11152 0 2.11163 0.093296 0
0 2.93333 0 2.3 -2.90887e-16 0 2.05009 0.160461 0
0.160384 2.05019 0 0.0300077 2.18249 0 2.1826 0.0300724 0
0.0599347 2.16487 0 2.16508 0.0600822 0 2.01765 0.206372 0
0.206448 2.01773 0 0.145546 2.07987 0 2.07981 0.145756 0
0 2.13333 0 0 2.3 0 2.21902 2.0189 0
0 2.6 0 0 2.43333 0 0 2.73333 0
0.089556 2.14768 0 2.36667 -2.7802e-16 0 2.14796 0.0898141 0
0.129754 2.10955 0 2.10965 0.130087 0 2.04736 0.192868 0
0.192844 2.04752 0 0.0300726 2.21598 0 2.21613 0.0301132 0
2.01418 0.238088 0 0.238215 2.01425 0 0.178672 2.07758 0
0.115724 2.13471 0 0 2.06667 0 2.07741 0.178863 0
2.13501 0.116093 0 0 2.46667 0 0.060022 2.19849 0
0 2.96667 0 0 2.23333 0 0 2.7 0
2.43333 -2.65153e-16 0 2.19879 0.060135 0 0.0896932 2.18093 0
2.0441 0.225159 0 0.225221 2.04427 0 2.18139 0.0899218 0
0.163813 2.10817 0 2.10815 0.16424 0 0.0301656 2.24944 0
2.2496 0.0301734 0 2.01022 0.269726 0 0 2.8 0
0 2.63333 0 0 2.33333 0 0.269888 2.01025 0
0 2.16667 0 1.06046 2.80636 0 0.118581 2.16326 0
2.16383 0.119005 0 0.147644 2.14155 0 2.14196 0.148262 0
2.5 -2.52287e-16 0 2.07427 0.211793 0 0.211714 2.07457 0
0.0602397 2.23207 0 2.23243 0.0602751 0 2.04035 0.257339 0
0.257469 2.04046 0 0.197701 2.10509 0 2.10474 0.198056 0
0.0901781 2.2145 0 2.21513 0.0902915 0 2.00576 0.301287 0
0.301466 2.00575 0 0.0302506 2.28289 0 2.28304 0.0302272 0
0.119867 2.19662 0 2.07072 0.24452 0 0.244587 2.07098 0
1.31983 2.69402 0 2.19754 0.120163 0 0.183533 2.13528 0
2.13531 0.184391 0 0.14897 2.17794 0 2.53333 -2.45853e-16 0
0.0604357 2.26565 0 2.26601 0.0603925 0 2.17911 0.149706 0
2.03611 0.289427 0 0.289591 2.03613 0 2.10129 0.231294 0
0.231214 2.10184 0 2.0008 0.332767 0 0.332943 2.00076 0
0.0905614 2.24824 0 2.2489 0.0904987 0 0.17308 2.16176 0
2.16266 0.174254 0 2.06671 0.277137 0 0.277277 2.06678 0
0.0303246 2.31631 0 2.31645 0.030276 0 0.217211 2.13296 0
2.13194 0.217726 0 0.120674 2.23056 0 1.72508 2.45435 0
2.23168 0.120657 0 2.6 -2.32986e-16 0 2.03137 0.321427 0
0.321591 2.03131 0 0.0605929 2.29918 0 2.29951 0.0604841 0
0.151072 2.21231 0 1.99534 0.36416 0 0.364327 1.99528 0
1.94845 2.28112 0 2.09753 0.264413 0 0.264552 2.09778 0
2.21406 0.15133 0 0.201715 2.16202 0 2.16234 0.20375 0
0.183539 2.192 0 0.0908148 2.28193 0 2.28255 0.0906179 0
2.0622 0.309667 0 0.309805 2.06211 0 2.19456 0.185163 0
0.0303922 2.3497 0 2.34983 0.030331 0 0.515958 2.95569 0
2.12848 0.25124 0 0.251431 2.12942 0 2.02611 0.353331 0
2.89396 0.791385 0 2.69417 1.31953 0 1.72156 1.01786 0
0.851448 1.80968 0 2.1545 2.08761 0 0.353474 2.02601 0
2.63333 -2.26553e-16 0 0.12102 2.26454 0 2.26559 0.120684 0
1.98939 0.395452 0 0.395617 1.98932 0 2.09329 0.297473 0
0.29761 2.09313 0 0.0607315 2.33266 0 2.33295 0.0605918 0
2.15938 0.237569 0 0.151323 2.24699 0 2.99115 0.235302 0
2.99697 0.141246 0 0.700429 2.91737 0 0.141438 2.99696 0
0.237606 2.1639 0 2.24877 0.150818 0 2.05716 0.342099 0
0.342199 2.057 0 0.0910181 2.31555 0 2.31606 0.0907496 0
0.235586 2.99113 0 0.215281 2.18613 0 2.02035 0.38513 0
2.99975 0.0470709 0 0.385264 2.02024 0 0.182004 2.22948 0
2.1246 0.284807 0 0.285111 2.12435 0 2.94727 0.561962 0
2.66667 -2.2012e-16 0 1.98294 0.426638 0 0.426802 1.98287 0
2.23262 0.181357 0 2.19016 0.223341 0 0.0304554 2.38308 0
0.971791 2.83834 0 2.38319 0.0303896 0 0.469496 2.96345 0
0.12126 2.29833 0 2.29917 0.120769 0 0.330491 2.08818 0
2.08849 0.330453 0 0.0608602 2.36611 0 2.36635 0.0607134 0
0.212568 2.21413 0 2.15603 0.271578 0 0.374482 2.05141 0
2.05159 0.374416 0 0.27278 2.15544 0 2.95575 0.515613 0
1.76343 2.42695 0 2.37058 1.83853 0 1.27735 2.71443 0
0.151469 2.28105 0 2.28241 0.150596 0 2.01408 0.416818 0
0.416954 2.01398 0 2.22086 0.212273 0 2.6731 1.36169 0
1.97599 0.457713 0 0.457877 1.97593 0 0.318364 2.11948 0
1.01625 2.8227 0 2.12012 0.318364 0 0.0912173 2.34906 0
2.34949 0.0909421 0 0.240943 2.1985 0 2.1872 0.257676 0
2.78946 1.1041 0 2.73333 -2.07253e-16 0 0.181666 2.26388 0
1.98404 2.25023 0 2.18703 2.05351 0 1.98035 0.281672 0
1.52715 2.58213 0 2.26611 0.180076 0 0.0305178 2.41644 0
2.53306 1.60724 0 2.41655 0.0304525 0 0.363261 2.08279 0
2.08312 0.363312 0 0.26377 2.18253 0 0.12151 2.33194 0
2.33261 0.121017 0 0.406681 2.04535 0 2.04551 0.406613 0
0.305857 2.15071 0 2.15205 0.305748 0 0.746153 2.90598 0
2.88114 0.83673 0 0.188561 2.99442 0 2.99443 0.188322 0
2.0073 0.448394 0 0.448536 2.00722 0 0.211767 2.2473 0
0.060991 2.39951 0 0.0942876 2.99874 0 2.39973 0.0608464 0
1.96856 0.488676 0 0.488841 1.9685 0 2.99874 0.0941577 0
2.25127 0.208333 0 2.21657 0.243567 0 0.151718 2.31477 0
2.31575 0.150843 0 0.351589 2.11434 0 0 2.66667 0
2.76667 -2.0082e-16 0 2.97052 0.422575 0 2.90606 0.745842 0
2.82281 1.01595 0 2.11496 0.351811 0 0.241784 2.23112 0
0.0914151 2.38252 0 2.71457 1.27705 0 2.38288 0.0911564 0
0.395962 2.07695 0 2.07722 0.396028 0 0.292763 2.18141 0
2.5823 1.52686 0 2.1843 0.292363 0 2.42715 1.76315 0
0.181788 2.29761 0 2.29899 0.180253 0 0.438776 2.03879 0
2.03891 0.438689 0 0.0305787 2.44979 0 2.4499 0.030516 0
2.23985 0.231738 0 2.00003 0.479853 0 0.48 1.99995 0
1.96064 0.519519 0 0.519686 1.96058 0 0.274647 2.21318 0
2.25046 1.98378 0 0.339418 2.14594 0 2.05376 2.18679 0
0.12178 2.36547 0 2.366 0.121332 0 2.14717 0.339887 0
0.211591 2.28068 0 2.28243 0.208838 0 2.21656 0.277496 0
1.8388 2.37037 0 1.60753 2.53288 0 1.36199 2.67295 0
1.1044 2.78934 0 0.837035 2.88105 0 0.5623 2.9472 0
0.061114 2.43289 0 2.43311 0.0609833 0 0.384772 2.10874 0
2.8 -1.94386e-16 0 0.282541 2.98708 0 2.10922 0.385075 0
0.152059 2.34834 0 2.34908 0.1513 0 0.428576 2.07061 0
2.0708 0.428606 0 2.26561 0.235534 0 0.326617 2.17746 0
1.54111 1.27472 0 0.927096 2.85328 0 1.19146 2.75324 0
2.24481 0.25888 0 0.654541 2.92804 0 2.0318 0.470648 0
1.44528 2.62884 0 1.68631 2.48114 0 0.55786 1.92075 0
1.91237 2.31144 0 0.470753 2.03171 0 0.240895 2.26424 0
1.95223 0.550237 0 0.550405 1.95217 0 1.99226 0.511193 0
0.511347 1.99219 0 2.17992 0.327452 0 0.091609 2.41595 0
2.41628 0.091383 0 2.33211 0.180932 0 0.182187 2.33115 0
0.0306414 2.48314 0 2.48326 0.0305778 0 0.373079 2.14067 0
2.14154 0.373773 0 0.269765 2.24916 0 0.122058 2.39893 0
2.39941 0.121681 0 0.312817 2.20898 0 0.41791 2.10265 0
2.10296 0.418159 0 2.31502 0.210078 0 2.12144 2.1212 0
0.212029 2.31393 0 2.21388 0.314144 0 2.31166 1.91211 0
2.48133 1.68603 0 2.86667 -1.8152e-16 0 0.461082 2.06375 0
0.0612383 2.46625 0 2.06387 0.46106 0 2.46649 0.0611111 0
1.94334 0.580824 0 0.580993 1.94328 0 2.02419 0.502486 0
1.984 0.542411 0 0.502611 2.02411 0 0.542573 1.98393 0
0.152434 2.38185 0 2.38247 0.15181 0 0.360824 2.17271 0
2.29739 0.238545 0 2.17427 0.36216 0 0.241278 2.29679 0
0.0917982 2.44934 0 2.44968 0.0915996 0 0.300507 2.24022 0
2.25237 0.298162 0 0.406745 2.13488 0 2.27776 0.266686 0
2.1354 0.407378 0 2.36544 0.181685 0 0.0306973 2.51648 0
2.51662 0.0306317 0 0.182697 2.36467 0 1.93397 0.611273 0
0.611443 1.93391 0 0.450955 2.09603 0 2.09621 0.451099 0
0.269022 2.28008 0 1.97525 0.573498 0 0.573664 1.97518 0
2.629 1.44499 0 0.49346 2.05634 0 2.05643 0.493395 0
0.347878 2.20476 0 2.01609 0.534206 0 0.534346 2.01601 0
0.12232 2.43238 0 2.43282 0.12201 0 2.20765 0.350358 0
2.34823 0.211209 0 0.212765 2.34735 0 2.93333 -1.68653e-16 0
0.28185 1.98033 0 0.0613536 2.49961 0 2.49988 0.0612333 0
0.395028 2.16727 0 2.1681 0.396322 0 2.75337 1.19116 0
0.291586 2.26584 0 0.152795 2.41535 0 2.4159 0.1523 0
1.92413 0.641575 0 0.641744 1.92406 0 0.440338 2.12853 0
2.3307 0.240381 0 2.12879 0.440785 0 0.334377 2.23667 0
0.242492 2.32983 0 1.966 0.604448 0 0.604617 1.96593 0
0.0919725 2.48272 0 2.48309 0.0917953 0 0.48387 2.08884 0
3 -1.55786e-16 0 2.08895 0.483919 0 2.00748 0.565797 0
0.565954 2.00741 0 2.04849 0.525613 0 0.525715 2.04841 0
2.24225 0.33893 0 0.0307528 2.54983 0 2.54999 0.0306789 0
2.31253 0.269448 0 2.39888 0.182405 0 0.183195 2.39821 0
0.382713 2.19982 0 0.271544 2.31183 0 2.20108 0.38514 0
0.12256 2.4658 0 1.9138 0.671719 0 2.46626 0.122309 0
0.671888 1.91373 0 2.85338 0.926792 0 0.319737 2.26732 0
2.29361 0.299373 0 0.429199 2.16123 0 0.298901 2.29239 0
2.16159 0.430162 0 2.38169 0.212237 0 0.213479 2.38093 0
0 3 0 1.95627 0.635253 0 0.0614583 2.53297 0
0.635425 1.9562 0 2.53327 0.061335 0 0.473819 2.1216 0
2.12172 0.474068 0 1.99837 0.597253 0 2.98232 0.329096 0
0.597419 1.9983 0 0.516659 2.0811 0 2.08117 0.51663 0
2.04005 0.557712 0 0.557841 2.03996 0 0.153114 2.44881 0
2.44936 0.15274 0 0.369686 2.23258 0 2.36428 0.241774 0
0.243605 2.36341 0 2.27772 0.331625 0 1.90301 0.701698 0
0.701866 1.90294 0 0.0921272 2.5161 0 2.51651 0.0919705 0
2.2343 0.374258 0 0.417488 2.19412 0 0.0308062 2.58318 0
2.58336 0.0307242 0 1.94606 0.665906 0 0.666076 1.94598 0
2.19454 0.419309 0 2.43236 0.183026 0 2.93805 0.608169 0
0.183628 2.43175 0 2.34658 0.271064 0 0.273589 2.34543 0
0.463263 2.15459 0 1.98877 0.628567 0 0.355452 2.26589 0
0.628737 1.98868 0 2.15471 0.463858 0 0.122767 2.49921 0
2.4997 0.122566 0 0.507154 2.11407 0 2.03108 0.589678 0
0.589834 2.031 0 2.11414 0.507255 0 2.07291 0.549233 0
0.549315 2.07282 0 1.89175 0.731504 0 0.731671 1.89167 0
0.0615601 2.56634 0 2.56667 0.0614272 0 2.41523 0.21313 0
2.32881 0.300335 0 0.214076 2.41456 0 0.303859 2.32625 0
0.40518 2.22725 0 0.337475 2.30276 0 2.26725 0.364873 0
2.98711 0.28223 0 1.93536 0.696393 0 2.83844 0.971487 0
0.696566 1.93528 0 0.153383 2.48228 0 2.48284 0.153107 0
2.22748 0.408401 0 2.3979 0.242972 0 1.97867 0.659734 0
0.452164 2.18778 0 0.659907 1.97858 0 0.244436 2.39717 0
2.31214 0.32973 0 0.0922714 2.54949 0 2.54995 0.0921153 0
2.18782 0.453318 0 1.88002 0.761129 0 0.761296 1.87994 0
2.0216 0.621506 0 0.376239 2.97675 0 0.621672 2.02152 0
0.49717 2.14731 0 2.14734 0.497488 0 0.0308603 2.61654 0
2.61673 0.0307646 0 2.0641 0.581712 0 0.581842 2.06403 0
0.540358 2.10599 0 2.10605 0.54035 0 0.183978 2.46528 0
2.46589 0.183565 0 2.38035 0.272519 0 0.39224 2.26075 0
1.92418 0.726712 0 0.726882 1.9241 0 0.274726 2.37953 0
0.122949 2.53262 0 2.53317 0.122781 0 2.25989 0.397776 0
2.29851 0.358577 0 1.86782 0.790568 0 0.790733 1.86774 0
1.96807 0.690736 0 0.69091 1.96798 0 0.0616584 2.59972 0
2.60008 0.0615077 0 0.440508 2.2212 0 0.0471361 2.99975 0
2.60597 1.48611 0 2.44881 0.213887 0 0.214544 2.44818 0
2.36266 0.301755 0 2.22095 0.442485 0 0.305127 2.36151 0
2.01163 0.653192 0 0.65336 2.01153 0 0.486684 2.1808 0
0.153603 2.51573 0 2.18072 0.487326 0 2.51633 0.153405 0
2.05477 0.614058 0 0.614212 2.05469 0 1.91253 0.756852 0
0.757022 1.91245 0 0.378905 2.29492 0 2.39916 1.80107 0
0.530937 2.13945 0 2.13945 0.531058 0 2.09744 0.573344 0
0.573424 2.09737 0 2.43156 0.244016 0 0.0924047 2.58289 0
2.58339 0.0922357 0 0.245055 2.43092 0 2.34516 0.330489 0
0.336314 2.34335 0 1.85516 0.819816 0 0.819979 1.85508 0
1.957 0.721574 0 0.721748 1.9569 0 0.0309202 2.64991 0
2.6501 0.0308029 0 2.29044 0.387892 0 1.56754 2.55782 0
0.184251 2.49881 0 0.42829 2.25485 0 2.49943 0.183972 0
2.25381 0.431369 0 2.41408 0.273879 0 2.28134 1.94819 0
2.00115 0.684715 0 0.684893 2.00106 0 0.275494 2.41348 0
2.32861 0.357721 0 0.123114 2.56604 0 1.90041 0.786803 0
0.786973 1.90032 0 2.56664 0.122956 0 0.475651 2.21451 0
2.21419 0.476755 0 1.84205 0.848861 0 0.849024 1.84197 0
2.04494 0.646266 0 0.646429 2.04484 0 0.061761 2.63311 0
2.63349 0.0615774 0 0.521026 2.17317 0 2.17309 0.521342 0
0.214904 2.48181 0 2.48243 0.214462 0 2.08827 0.606212 0
0.606341 2.0882 0 0.368989 2.329 0 0.564563 2.13102 0
2.13105 0.564557 0 2.39634 0.303392 0 1.94543 0.752234 0
0.752405 1.94533 0 0.305865 2.39588 0 0.153791 2.54918 0
2.54984 0.153645 0 2.31482 0.379563 0 2.80648 1.06015 0
1.87582 2.34119 0 0.415681 2.28873 0 1.88781 0.816562 0
0.816731 1.88772 0 2.28586 0.419778 0 1.82849 0.877697 0
0.877858 1.8284 0 1.99017 0.716076 0 0.716251 1.99007 0
0.0925364 2.6163 0 2.61683 0.0923381 0 2.65137 1.40351 0
2.46525 0.244835 0 0.24555 2.46468 0 2.37841 0.332474 0
0.464048 2.24842 0 0.336185 2.37837 0 0.0309889 2.6833 0
2.68349 0.0308588 0 2.2476 0.465709 0 2.03459 0.678322 0
0.678493 2.03448 0 0.184449 2.53231 0 2.53298 0.184288 0
1.93338 0.782705 0 0.782879 1.93329 0 0.510597 2.20715 0
2.20689 0.511168 0 2.07857 0.638944 0 0.6391 2.07849 0
2.36013 0.360766 0 0.555225 2.16495 0 2.77176 1.14777 0
1.40381 2.65122 0 2.16492 0.555332 0 2.12208 0.59795 0
0.598039 2.12203 0 1.81447 0.906316 0 2.44784 0.275033 0
0.906476 1.81439 0 0.791694 2.89387 0 1.87475 0.846123 0
0.846289 1.87466 0 0.123263 2.59949 0 0.276129 2.44736 0
2.60013 0.123093 0 2.31596 0.406611 0 0.403329 2.3221 0
1.9787 0.747263 0 0.747437 1.9786 0 0.0618736 2.66654 0
2.66691 0.0616591 0 0.366004 2.36196 0 2.34059 0.387015 0
0.215133 2.51542 0 2.51607 0.214891 0 0.451911 2.28256 0
2.43015 0.304947 0 1.92085 0.812983 0 2.28079 0.453969 0
1.4864 2.60581 0 0.882173 2.86752 0 0.813157 1.92075 0
2.02371 0.710208 0 0.710389 2.02361 0 0.306571 2.42985 0
1.80001 0.93471 0 0.934869 1.79992 0 0.153958 2.58265 0
2.58335 0.153837 0 1.86123 0.875476 0 2.558 1.56725 0
0.875642 1.86114 0 0.499622 2.24137 0 2.06836 0.671536 0
0.6717 2.06825 0 2.24078 0.500468 0 0.0926636 2.64975 0
2.65027 0.0924261 0 0.245879 2.49845 0 2.49903 0.245466 0
2.11255 0.631217 0 0.631353 2.11247 0 0.545386 2.19917 0
2.19902 0.545639 0 2.41214 0.334482 0 1.96673 0.778261 0
0.778439 1.96663 0 2.15617 0.589251 0 0.589289 2.15617 0
2.9635 0.469147 0 2.01915 2.21879 0 1.80134 2.39896 0
0.0310775 2.71673 0 2.71689 0.0309309 0 0.391817 2.3488 0
0.336796 2.41229 0 1.78511 0.962875 0 0.963033 1.78502 0
0.184615 2.56579 0 2.56651 0.184523 0 1.90785 0.843064 0
0.843234 1.90775 0 1.84725 0.904613 0 0.904776 1.84716 0
2.31393 0.440896 0 0.439226 2.31702 0 2.01234 0.741928 0
0.742102 2.01222 0 0.123404 2.63295 0 2.39368 0.363694 0
2.86761 0.88187 0 2.50751 1.64684 0 2.6336 0.123194 0
0.422923 2.97047 0 2.48174 0.275957 0 0.276657 2.48129 0
0.366669 2.39488 0 1.76976 0.990806 0 0.0620296 2.7 0
0.990963 1.76966 0 2.70034 0.0617866 0 2.05761 0.70396 0
0.70414 2.0575 0 0.488056 2.27577 0 0.215247 2.54897 0
2.27468 0.489104 0 2.54965 0.215148 0 1.95427 0.809067 0
0.809245 1.95417 0 2.374 0.392975 0 1.83282 0.933526 0
0.933689 1.83272 0 2.10247 0.664343 0 0.664503 2.10237 0
2.34992 0.424393 0 1.89438 0.87294 0 0.873108 1.89427 0
0.535016 2.23366 0 2.2333 0.535418 0 2.46409 0.306255 0
0.154123 2.61616 0 0.30732 2.46383 0 2.61688 0.15398 0
2.14683 0.623062 0 0.623171 2.14679 0 0.58005 2.19061 0
2.19053 0.580088 0 1.75397 1.01849 0 1.01865 1.75388 0
0.395777 2.37712 0 0.424986 2.35379 0 2.00047 0.773463 0
0.77364 2.00035 0 0.0928361 2.6832 0 2.68371 0.0925545 0
0.245983 2.53217 0 2.53278 0.245801 0 0.0311679 2.75021 0
2.75034 0.0310215 0 1.81793 0.962207 0 0.962369 1.81783 0
2.44608 0.336211 0 1.94133 0.839674 0 0.83985 1.94123 0
0.337668 2.44614 0 2.04635 0.736218 0 0.736395 2.04622 0
0.184805 2.59931 0 1.88044 0.902601 0 0.902769 1.88034 0
2.60005 0.184741 0 1.73776 1.04593 0 1.04608 1.73766 0
2.30851 0.476824 0 0.475887 2.31027 0 0.123524 2.66642 0
2.66706 0.123268 0 2.09186 0.697319 0 0.697492 2.09174 0
0.276931 2.51527 0 0.329433 2.98229 0 2.51577 0.276578 0
0.524059 2.26838 0 2.26771 0.524568 0 2.42779 0.365753 0
1.98808 0.804801 0 0.804984 1.98797 0 1.80259 0.990654 0
0.990815 1.80249 0 2.13691 0.656737 0 0.656887 2.13684 0
1.72112 1.07311 0 1.07326 1.72102 0 0.0622237 2.73355 0
2.73384 0.0619622 0 0.367561 2.42841 0 0.570275 2.22532 0
2.22513 0.570415 0 2.18142 0.614455 0 0.614527 2.18142 0
0.215366 2.58243 0 2.58314 0.21534 0 1.92791 0.870075 0
1.86604 0.93204 0 0.870248 1.9278 0 0.932204 1.86593 0
0.736122 1.85962 0 1.22582 1.58029 0 1.68874 1.07145 0
0.436241 1.95205 0 0.587957 1.91173 0 2.40929 0.395439 0
0.879772 1.79607 0 1.12412 1.65415 0 1.36915 1.45789 0
1.56095 1.25035 0 1.73735 0.990684 0 0.250711 1.98451 0
1.99983 0.0313707 0 1.83562 0.794013 0 1.89233 0.647544 0
0.154226 2.64969 0 0.706825 1.87096 0 1.79615 0.879615 0
0.990836 1.73726 0 1.63639 1.14984 0 1.25049 1.56084 0
1.95872 0.405383 0 1.45801 1.36902 0 0.405559 1.95868 0
0.125557 1.99629 0 1.9941 0.156856 0 1.99798 0.0941337 0
0.0627765 1.99916 0 0.647711 1.89228 0 0.935755 1.76754 0
1.17555 1.61801 0 1.41428 1.41415 0 2.03457 0.768296 0
1.34607 1.47922 0 1.84788 0.765075 0 1.59945 1.20069 0
1.76762 0.935601 0 1.87103 0.70666 0 0.343872 1.97048 0
0.188267 1.9914 0 0.497291 1.93736 0 0.794174 1.83555 0
1.04493 1.70527 0 1.92934 0.527469 0 1.94499 0.466649 0
1.98822 0.219396 0 1.29892 1.52078 0 1.5003 1.32253 0
1.91178 0.587788 0 1.6717 1.09785 0 1.97051 0.343694 0
1.82291 0.822753 0 1.99916 0.0627517 0 0.963414 1.75262 0
1.01801 1.72148 0 1.65425 1.12398 0 1.7821 0.907721 0
1.27486 1.541 0 1.20083 1.59935 0 0.765237 1.84781 0
0.768473 2.03444 0 1.47934 1.34594 0 1.43632 1.39175 0
1.88191 0.677186 0 1.61812 1.17541 0 2.65041 0.154039 0
0.0313831 1.99983 0 0.0941708 1.99798 0 0.156925 1.99409 0
1.80975 0.85129 0 2.49832 0.307356 0 1.70405 1.10002 0
1.90229 0.617742 0 0.677352 1.88185 0 1.10017 1.70395 0
0.312898 1.97565 0 2.3422 0.463611 0 0.307968 2.49801 0
0.466822 1.94495 0 0.61791 1.90224 0 0.907877 1.78202 0
1.14998 1.63628 0 1.78681 1.01886 0 1.39188 1.4362 0
1.01902 1.78671 0 0.397318 2.4108 0 1.5804 1.22568 0
1.96486 0.37459 0 1.98453 0.25056 0 1.7527 0.96326 0
2.7343 1.23426 0 1.9374 0.497119 0 1.99629 0.125507 0
1.85968 0.735959 0 2.92811 0.654219 0 2.45454 1.72481 0
0.374767 1.96482 0 0.219519 1.9882 0 1.64712 2.50732 0
0.608497 2.93799 0 0.52764 1.92929 0 0.822913 1.82284 0
1.0716 1.68865 0 1.95209 0.436067 0 1.97568 0.312718 0
1.99141 0.18817 0 1.32266 1.50018 0 1.5209 1.29879 0
1.9208 0.55769 0 1.70536 1.04479 0 0.463362 2.34449 0
0.0930973 2.71674 0 2.71718 0.0927831 0 0.245866 2.5657 0
2.08071 0.730123 0 0.730302 2.08058 0 1.9752 0.835942 0
2.56635 0.245844 0 0.836122 1.97509 0 2.39002 0.426311 0
1.85117 0.961244 0 0.961412 1.85107 0 1.68656 1.12666 0
1.12681 1.68646 0 2.78385 0.031102 0 0.0312472 2.78375 0
1.14807 2.77163 0 2.30225 0.512929 0 1.91402 0.900268 0
0.900438 1.91391 0 0.512453 2.30328 0 2.48026 0.3378 0
0.427574 2.39223 0 0.185021 2.63292 0 2.12645 0.690266 0
0.690431 2.12633 0 1.77059 1.04681 0 2.08786 2.15426 0
1.04697 1.77049 0 0.338719 2.48021 0 2.63367 0.184923 0
2.25995 0.560158 0 0.55995 2.26032 0 2.17169 0.648697 0
0.648827 2.17164 0 1.66865 1.15302 0 1.15317 1.66855 0
2.21628 0.60536 0 0.605395 2.21638 0 2.02227 0.800176 0
0.80036 2.02215 0 0.123733 2.69986 0 2.70044 0.123423 0
0.276713 2.54919 0 2.54974 0.276618 0 1.83584 0.990213 0
0.990379 1.83574 0 2.46178 0.367686 0 2.37227 0.453031 0
1.75393 1.07451 0 1.07467 1.75383 0 2.76746 0.0621609 0
0.062423 2.76723 0 1.96184 0.866876 0 0.867055 1.96172 0
1.65034 1.1791 0 1.17925 1.65023 0 0.368865 2.46209 0
1.89966 0.93024 0 0.930407 1.89954 0 0.215707 2.61594 0
0.453523 2.37451 0 2.61667 0.215693 0 2.06904 0.762747 0
0.762928 2.0689 0 2.33683 0.500255 0 1.63161 1.20489 0
1.20504 1.6315 0 0.154227 2.68314 0 0.50002 2.33819 0
2.68381 0.153981 0 1.73684 1.10194 0 1.10209 1.73673 0
1.82006 1.01894 0 1.0191 1.81996 0 2.44335 0.396571 0
2.53288 0.307963 0 0.308213 2.53248 0 2.11543 0.723628 0
0.723807 2.1153 0 2.00946 0.831856 0 0.832041 2.00934 0
0.397859 2.44413 0 1.61248 1.23038 0 1.23053 1.61237 0
0.0934825 2.75044 0 2.75081 0.0931485 0 2.29499 0.549207 0
0.549009 2.29559 0 0.245886 2.5989 0 2.16137 0.682787 0
0.682948 2.16128 0 1.88482 0.959976 0 0.960147 1.88471 0
2.59956 0.245903 0 1.948 0.897604 0 0.897776 1.94787 0
2.25142 0.595726 0 0.595723 2.25162 0 2.20678 0.640191 0
0.640301 2.20677 0 2.81744 0.0311515 0 0.0312891 2.81737 0
1.71932 1.12909 0 1.12925 1.71921 0 1.59296 1.25557 0
1.25571 1.59284 0 0.184988 2.66663 0 1.80384 1.04742 0
1.04758 1.80373 0 2.42653 0.427048 0 2.66735 0.184838 0
2.05684 0.795181 0 0.795362 2.0567 0 2.51499 0.339244 0
0.339733 2.5148 0 1.57304 1.28044 0 1.28059 1.57292 0
0.428168 2.42774 0 2.37133 0.486034 0 0.124225 2.7334 0
2.73389 0.123879 0 1.70137 1.15597 0 1.15613 1.70126 0
1.55273 1.305 0 1.30515 1.55261 0 0.486226 2.37284 0
0.275946 2.58254 0 1.86951 0.989474 0 2.58311 0.275946 0
0.989645 1.8694 0 1.99616 0.863332 0 0.863515 1.99604 0
2.10387 0.756809 0 0.756992 2.10373 0 1.53203 1.32924 0
1.32938 1.53191 0 1.93368 0.928112 0 0.928284 1.93355 0
2.8012 0.0623106 0 0.0625605 2.80104 0 1.78718 1.07564 0
1.0758 1.78707 0 1.51096 1.35315 0 1.35329 1.51084 0
2.49615 0.369809 0 2.40786 0.464807 0 0.216216 2.64989 0
0.370523 2.49623 0 1.683 1.18257 0 1.18272 1.68289 0
2.6506 0.216169 0 1.48951 1.37673 0 1.37687 1.48939 0
2.33027 0.537397 0 0.537316 2.3311 0 0.465468 2.40922 0
1.4677 1.39997 0 1.4001 1.46757 0 2.1505 0.716719 0
0.716897 2.15037 0 1.44552 1.42286 0 1.42299 1.44539 0
0.154387 2.71634 0 2.71693 0.154081 0 2.04411 0.827408 0
0.827597 2.04398 0 2.19664 0.67487 0 0.675018 2.19656 0
2.28684 0.585484 0 0.585461 2.28716 0 1.85374 1.01873 0
1.0189 1.85363 0 1.66422 1.20887 0 1.20902 1.66411 0
0.307257 2.56695 0 1.77007 1.10359 0 1.10376 1.76996 0
2.56739 0.307199 0 2.24217 0.631184 0 0.631277 2.24223 0
2.47682 0.399736 0 0.400587 2.4772 0 1.98236 0.894597 0
0.894775 1.98223 0 2.78466 0.0934647 0 0.0937976 2.78439 0
1.91888 0.958391 0 0.958563 1.91876 0 0.246891 2.63224 0
2.6329 0.24692 0 1.64503 1.23488 0 1.23503 1.64491 0
2.85111 0.031115 0 0.0312346 2.85106 0 2.09177 0.789801 0
0.789984 2.09162 0 1.75252 1.13128 0 1.13144 1.75241 0
0.184433 2.69995 0 2.45756 0.423445 0 2.70061 0.184212 0
1.83751 1.04773 0 1.0479 1.8374 0 1.62543 1.26058 0
1.26073 1.62531 0 0.424353 2.45826 0 2.36593 0.524457 0
2.55084 0.34036 0 0.340533 2.55055 0 0.524566 2.36688 0
2.13906 0.750468 0 0.750654 2.13891 0 2.03087 0.85943 0
0.859617 2.03074 0 0.275473 2.61457 0 1.60543 1.28597 0
1.28611 1.60531 0 0.125035 2.76738 0 2.76776 0.124673 0
2.61515 0.275527 0 1.90359 0.988425 0 0.988599 1.90347 0
1.73453 1.15867 0 1.15884 1.73442 0 1.96809 0.92565 0
0.925824 1.96796 0 2.1859 0.709378 0 0.709558 2.1858 0
1.58503 1.31103 0 1.31118 1.5849 0 2.32255 0.57454 0
2.83515 0.0624148 0 0.0626495 2.83504 0 0.574561 2.32301 0
1.82085 1.07649 0 1.07666 1.82073 0 2.23224 0.666482 0
0.666626 2.2322 0 0.215745 2.68424 0 2.27787 0.621632 0
1.56424 1.33578 0 1.33593 1.56411 0 2.6849 0.215632 0
0.621717 2.27801 0 2.53125 0.371827 0 0.372184 2.53116 0
1.71612 1.18579 0 1.18595 1.716 0 2.07913 0.822586 0
0.822776 2.07899 0 1.54306 1.3602 0 1.36034 1.54293 0
2.45076 0.455419 0 0.155541 2.74966 0 2.75016 0.155201 0
1.5215 1.38428 0 1.38442 1.52136 0 0.30439 2.5999 0
1.88783 1.01822 0 1.01839 1.88771 0 0.456124 2.45155 0
2.60037 0.30441 0 1.49956 1.40802 0 1.40816 1.49943 0
2.40254 0.509777 0 1.47725 1.43141 0 1.43155 1.47712 0
2.01712 0.891241 0 0.891426 2.01699 0 1.80372 1.10498 0
1.10515 1.80361 0 1.45458 1.45444 0 0.510105 2.40346 0
1.69729 1.21262 0 1.21277 1.69716 0 1.95334 0.956475 0
0.956647 1.9532 0 2.12707 0.784025 0 0.784212 2.12691 0
2.81865 0.0935996 0 0.0939189 2.81846 0 2.51154 0.402207 0
0.402727 2.51168 0 0.24889 2.66739 0 2.668 0.248873 0
2.88464 0.0308379 0 0.0309391 2.88461 0 1.67803 1.23914 0
1.2393 1.67791 0 0.184065 2.73203 0 2.7326 0.18379 0
2.17461 0.743712 0 0.743899 2.17446 0 1.78616 1.13319 0
1.13336 1.78604 0 1.87161 1.04776 0 1.04793 1.87149 0
2.35867 0.562789 0 0.562905 2.35923 0 2.06596 0.855163 0
0.855353 2.06582 0 2.4901 0.438239 0 1.65837 1.26536 0
0.438825 2.49049 0 1.26552 1.65824 0 0.337659 2.58698 0
2.22166 0.701594 0 0.701766 2.22156 0 2.58731 0.337612 0
1.93808 0.987054 0 0.987233 1.93795 0 2.31389 0.611483 0
0.279119 2.64679 0 0.611582 2.31411 0 2.0029 0.922842 0
0.923017 2.00275 0 2.64734 0.279167 0 2.80205 0.124958 0
0.125322 2.80177 0 2.26816 0.657595 0 0.657737 2.26817 0
1.76814 1.16112 0 1.16129 1.76802 0 1.63829 1.29127 0
1.29143 1.63816 0 2.8694 0.0623069 0 0.0625087 2.86933 0
1.85494 1.07705 0 1.07722 1.85482 0 0.213102 2.71736 0
2.11453 0.817382 0 0.817571 2.11437 0 2.44131 0.495863 0
2.71795 0.21291 0 0.496347 2.44202 0 0.300536 2.62701 0
1.6178 1.31686 0 1.31701 1.61767 0 2.6275 0.300585 0
1.74968 1.18876 0 1.18893 1.74956 0 1.59691 1.34212 0
1.34227 1.59678 0 1.92234 1.01739 0 1.01757 1.92221 0
2.05227 0.887526 0 0.887716 2.05213 0 0.157802 2.78457 0
2.78493 0.157442 0 2.16273 0.777846 0 0.778036 2.16256 0
2.57098 0.377887 0 0.378033 2.57082 0 1.57563 1.36705 0
1.98818 0.954216 0 1.3672 1.5755 0 0.954391 1.98803 0
2.39541 0.550168 0 1.83781 1.10607 0 1.10625 1.83769 0
0.550418 2.39602 0 1.55396 1.39164 0 1.39179 1.55382 0
2.85306 0.0940424 0 0.0943311 2.85293 0 1.7308 1.21612 0
1.21628 1.73067 0 2.2105 0.736525 0 2.54274 0.401104 0
0.736713 2.21036 0 1.5319 1.41589 0 1.41604 1.53176 0
0.401404 2.54274 0 2.91748 0.030711 0 0.0307933 2.91746 0
1.50947 1.4398 0 1.43994 1.50933 0 0.246789 2.70422 0
1.48666 1.46333 0 1.46348 1.48652 0 2.70477 0.246698 0
2.35029 0.60069 0 0.600834 2.35058 0 2.25776 0.693348 0
0.18769 2.76424 0 0.693521 2.25769 0 2.76468 0.187378 0
2.10144 0.850521 0 0.850711 2.10128 0 2.30442 0.648175 0
0.648325 2.30448 0 1.90612 1.04747 0 1.04765 1.906 0
0.329352 2.62126 0 2.62162 0.329354 0 1.71149 1.24317 0
1.24333 1.71136 0 1.82022 1.13483 0 1.135 1.8201 0
2.0381 0.91968 0 0.919859 2.03794 0 1.97297 0.985353 0
0.98553 1.97283 0 2.48105 0.483018 0 2.83576 0.124437 0
0.124783 2.83557 0 0.209204 2.74462 0 2.74512 0.208957 0
0.483482 2.48148 0 1.69175 1.26992 0 1.27008 1.69163 0
2.15029 0.811776 0 0.811967 2.15012 0 2.53209 0.43241 0
0.432746 2.5322 0 2.90318 0.0609082 0 0.0610751 2.90314 0
1.80218 1.1633 0 1.16347 1.80205 0 0.288519 2.68694 0
1.88944 1.0773 0 1.07748 1.88931 0 2.6874 0.288508 0
2.43325 0.53725 0 0.314348 2.65255 0 1.6716 1.29636 0
1.29651 1.67147 0 2.65297 0.31439 0 0.537606 2.43377 0
2.19874 0.771251 0 0.771444 2.19858 0 2.08782 0.883446 0
0.883636 2.08766 0 1.65104 1.32247 0 1.32263 1.6509 0
1.95725 1.01624 0 1.01642 1.95711 0 1.78369 1.19147 0
1.19164 1.78356 0 2.02343 0.95161 0 0.951786 2.02326 0
2.38716 0.589251 0 0.589458 2.3875 0 2.24673 0.728889 0
2.82048 0.156163 0 0.729076 2.2466 0 0.156524 2.82023 0
1.63005 1.34825 0 1.34841 1.62992 0 0.366285 2.61233 0
2.61258 0.366283 0 1.87231 1.10687 0 1.10705 1.87218 0
2.34103 0.638198 0 2.2942 0.68461 0 0.68479 2.29416 0
0.638371 2.34114 0 0.238313 2.73906 0 2.73952 0.238122 0
2.88926 0.0945584 0 0.0948012 2.88918 0 1.60866 1.3737 0
1.37386 1.60853 0 2.1373 0.845495 0 0.845687 2.13713 0
2.95173 0.0347745 0 0.0348458 2.95173 0 1.76475 1.21936 0
1.21953 1.76462 0 1.58689 1.39882 0 1.39897 1.58675 0
1.94105 1.04687 0 1.04705 1.94091 0 2.56777 0.421073 0
1.56472 1.42358 0 1.42374 1.56457 0 0.42125 2.56775 0
2.52069 0.471214 0 0.471557 2.52089 0 1.44815 1.54201 0
1.54216 1.448 0 2.07368 0.916153 0 0.916342 2.07352 0
1.85471 1.13617 0 1.13635 1.85458 0 1.51922 1.47206 0
1.47221 1.51907 0 1.4959 1.49575 0 2.00826 0.983307 0
0.983481 2.00809 0 1.74539 1.24695 0 1.24711 1.74525 0
2.18641 0.805767 0 0.805961 2.18623 0 0.196629 2.80409 0
2.8044 0.1963 0 2.472 0.524614 0 0.222849 2.77043 0
2.77083 0.222585 0 0.524983 2.47236 0 2.93198 0.0577591 0
0.0578906 2.93196 0 2.8701 0.126985 0 0.12729 2.86997 0
1.7256 1.27424 0 1.2744 1.72546 0 2.23511 0.764227 0
0.764422 2.23495 0 2.42478 0.577407 0 0.3528 2.6487 0
2.64899 0.352841 0 0.577669 2.42507 0 1.92436 1.07724 0
1.07742 1.92423 0 1.83666 1.16519 0 1.16537 1.83653 0
2.12374 0.878987 0 0.879179 2.12357 0 2.28332 0.720797 0
0.720988 2.2832 0 0.276165 2.73032 0 2.37805 0.627665 0
2.73074 0.276059 0 0.627871 2.37819 0 1.70538 1.30121 0
1.30137 1.70524 0 2.331 0.675368 0 2.85016 0.150929 0
0.675561 2.33099 0 0.151273 2.84998 0 0.406779 2.60412 0
2.60423 0.406723 0 1.99257 1.01475 0 1.01493 1.99242 0
2.05906 0.948646 0 0.948822 2.05888 0 1.81813 1.19391 0
1.19408 1.81799 0 1.68473 1.32785 0 1.32802 1.68459 0
2.17352 0.840069 0 0.840263 2.17334 0 1.90723 1.10736 0
1.10754 1.90709 0 0.335717 2.68458 0 2.9263 0.0892927 0
2.6849 0.335742 0 0.0894917 2.92626 0 1.66366 1.35416 0
1.35433 1.66352 0 2.5594 0.460279 0 0.460467 2.55944 0
2.51111 0.512432 0 1.79914 1.22233 0 1.22251 1.79901 0
0.512751 2.51131 0 1.64217 1.38014 0 2.10966 0.912258 0
1.3803 1.64203 0 0.912452 2.1095 0 1.97638 1.04594 0
1.04612 1.97623 0 2.2229 0.799341 0 0.799538 2.22271 0
2.04393 0.980904 0 0.98108 2.04375 0 1.62029 1.40578 0
1.40594 1.62015 0 2.46307 0.565395 0 1.88962 1.13721 0
1.13739 1.88948 0 0.5657 2.46329 0 0.26173 2.76734 0
2.7677 0.261528 0 1.59801 1.43108 0 1.43124 1.59786 0
2.27183 0.756762 0 0.756959 2.27167 0 2.84554 0.182952 0
0.183306 2.84534 0 1.77973 1.25047 0 1.25063 1.77958 0
1.45617 1.57517 0 1.57533 1.45602 0 2.9612 0.0731092 0
0.0732468 2.96119 0 2.41565 0.616715 0 0.616964 2.41579 0
1.48075 1.5521 0 1.55226 1.4806 0 0.392995 2.64202 0
2.32026 0.712233 0 0.71244 2.32017 0 2.64218 0.393007 0
1.5288 1.50481 0 1.50497 1.52865 0 2.36816 0.665618 0
0.66583 2.36818 0 2.16005 0.874141 0 0.874335 2.15987 0
0.318559 2.72271 0 2.72303 0.318514 0 1.95971 1.07687 0
1.07705 1.95956 0 2.91349 0.133827 0 0.1341 2.91342 0
1.75988 1.27829 0 1.27846 1.75973 0 1.87154 1.16678 0
1.16697 1.87141 0 2.09508 0.945316 0 0.945496 2.09489 0
2.02829 1.01292 0 1.0131 2.02812 0 0.243499 2.80319 0
2.80347 0.243217 0 2.8789 0.164117 0 0.164451 2.87878 0
2.59697 0.447702 0 0.447781 2.59692 0 2.2101 0.834234 0
0.83443 2.2099 0 1.7396 1.3058 0 1.30597 1.73945 0
2.55006 0.500563 0 1.853 1.19606 0 1.19624 1.85286 0
0.500789 2.55014 0 1.94255 1.10754 0 1.10772 1.94241 0
1.71888 1.33299 0 1.33316 1.71873 0 2.25973 0.79249 0
0.792689 2.25954 0 2.50182 0.553409 0 0.553696 2.50194 0
2.14603 0.907989 0 0.908182 2.14585 0 0.378023 2.67936 0
2.67955 0.378048 0 2.01212 1.04467 0 1.04485 2.01196 0
1.69772 1.35984 0 1.36001 1.69759 0 2.45374 0.6054 0
2.3089 0.748846 0 0.749041 2.30873 0 0.978319 2.0798 0
2.07999 0.978142 0 0.605673 2.45384 0 1.83398 1.22503 0
1.22521 1.83384 0 2.8408 0.224373 0 0.224706 2.8406 0
2.40585 0.655455 0 2.35758 0.703201 0 0.703418 2.3575 0
0.303054 2.76161 0 0.655698 2.40586 0 2.76188 0.302916 0
1.67614 1.38635 0 1.38652 1.676 0 1.92494 1.13794 0
1.13813 1.9248 0 2.19673 0.868902 0 0.869097 2.19654 0
0.434108 2.63467 0 2.63475 0.434085 0 1.65415 1.41252 0
1.41269 1.654 0 1.8145 1.2537 0 1.25388 1.81436 0
2.9587 0.115614 0 0.115818 2.95867 0 1.63176 1.43835 0
1.43852 1.63162 0 1.99545 1.07616 0 1.07634 1.9953 0
1.60897 1.46383 0 1.46399 1.60881 0 2.13148 0.941611 0
0.941802 2.1313 0 1.48909 1.58561 0 1.58578 1.48894 0
1.90685 1.16807 0 1.16826 1.90671 0 0.362001 2.71712 0
1.0109 2.0642 0 2.06439 1.01073 0 2.58857 0.488371 0
2.71732 0.361983 0 2.24704 0.827985 0 0.828183 2.24683 0
0.488503 2.58857 0 1.56218 1.51368 0 1.51384 1.56203 0
1.5382 1.53804 0 1.7946 1.28208 0 1.28224 1.79444 0
2.87842 0.205869 0 2.54071 0.54144 0 0.20621 2.8783 0
0.541693 2.54078 0 0.286464 2.79938 0 2.79961 0.286241 0
2.29692 0.785202 0 0.785403 2.29672 0 1.77426 1.31014 0
1.31031 1.7741 0 2.49231 0.593902 0 0.594158 2.49234 0
1.97829 1.10739 0 1.10757 1.97814 0 1.88829 1.19791 0
1.1981 1.88815 0 2.18277 0.90333 0 0.903525 2.18258 0
2.34632 0.740469 0 0.74068 2.34617 0 2.44394 0.644872 0
0.645137 2.44393 0 2.39537 0.693761 0 0.693999 2.39529 0
0.41982 2.67271 0 2.6728 0.419814 0 1.75347 1.33788 0
1.33804 1.75332 0 2.04825 1.04305 0 1.04324 2.04809 0
0.975189 2.11624 0 2.11644 0.975012 0 2.91566 0.184179 0
0.184492 2.91559 0 1.86924 1.22744 0 1.22762 1.8691 0
1.73225 1.36528 0 2.23377 0.863252 0 0.86345 2.23356 0
1.36545 1.7321 0 0.345865 2.75559 0 2.75578 0.345771 0
1.96067 1.13835 0 1.13854 1.96052 0 0.475432 2.62682 0
2.62687 0.475369 0 2.83732 0.268291 0 0.268579 2.83715 0
1.71057 1.39233 0 1.3925 1.71043 0 0.821512 2.28412 0
2.28433 0.821311 0 2.16827 0.937528 0 0.937724 2.16809 0
1.84972 1.25667 0 1.25685 1.84958 0 2.0316 1.07511 0
1.0753 2.03144 0 2.57955 0.529302 0 1.68847 1.41903 0
1.41921 1.68833 0 0.529484 2.57956 0 2.95547 0.16207 0
0.162326 2.95543 0 1.00835 2.10068 0 2.10088 1.00817 0
1.66598 1.4454 0 1.44557 1.66582 0 1.94258 1.16905 0
1.16923 1.94243 0 2.53118 0.582249 0 0.582475 2.53115 0
2.33445 0.77747 0 0.777675 2.33425 0 0.40474 2.7109 0
2.711 0.404711 0 1.64307 1.47141 0 1.47158 1.64291 0
1.82975 1.28558 0 1.28576 1.8296 0 2.4824 0.633936 0
0.634218 2.48239 0 2.38424 0.73171 0 0.731945 2.3841 0
1.49722 1.61958 0 1.61976 1.49707 0 2.43353 0.68388 0
0.684135 2.43344 0 1.5225 1.59587 0 1.59604 1.52235 0
2.21989 0.898273 0 0.898471 2.21969 0 1.57191 1.54724 0
1.54741 1.57176 0 0.329517 2.7942 0 2.79435 0.32934 0
2.87551 0.249651 0 0.249977 2.87541 0 2.01445 1.10691 0
1.10709 2.01429 0 1.924 1.19945 0 1.80935 1.3142 0
1.31437 1.80919 0 1.19964 1.92385 0 0.461662 2.66521 0
2.66528 0.461632 0 0.971688 2.15307 0 2.15328 0.971506 0
2.08479 1.04108 0 1.04126 2.0846 0 0.857381 2.27093 0
2.27114 0.857181 0 1.7885 1.34249 0 1.34266 1.78835 0
2.61831 0.516692 0 0.516826 2.6183 0 1.90493 1.22955 0
1.22973 1.90478 0 0.389065 2.74944 0 2.74954 0.388985 0
1.99681 1.13843 0 1.13862 1.99665 0 0.814408 2.32175 0
2.32196 0.814203 0 1.76721 1.37045 0 1.37062 1.76705 0
2.91408 0.229976 0 0.230301 2.91402 0 2.20546 0.933061 0
0.933257 2.20526 0 2.57017 0.570354 0 0.570558 2.57013 0
2.83286 0.312145 0 0.312392 2.83274 0 2.06816 1.07371 0
1.0739 2.06798 0 2.37247 0.769352 0 0.76956 2.37225 0
1.00543 2.13755 0 2.13775 1.00525 0 2.52123 0.622731 0
1.74546 1.39806 0 1.39824 1.74531 0 0.622982 2.52116 0
1.88537 1.25933 0 1.25952 1.88522 0 2.42249 0.722503 0
0.722748 2.42234 0 2.47204 0.673595 0 0.67386 2.47195 0
1.72327 1.42531 0 1.97871 1.16969 0 1.42549 1.72311 0
1.16988 1.97855 0 0.447242 2.70383 0 2.70389 0.447194 0
0.893014 2.25717 0 2.25738 0.892813 0 1.70065 1.45221 0
1.45238 1.70049 0 1.86534 1.2888 0 1.28899 1.8652 0
2.95356 0.209245 0 0.209539 2.95352 0 1.67763 1.47877 0
1.47894 1.67747 0 2.05102 1.10608 0 1.10627 2.05084 0
0.372972 2.78832 0 2.78841 0.372822 0 0.967805 2.19028 0
2.19049 0.967615 0 2.6571 0.503452 0 0.503566 2.65708 0
1.50513 1.65403 0 1.6542 1.50497 0 0.850892 2.30865 0
2.30888 0.850689 0 1.03891 2.1215 0 2.12171 1.03874 0
1.96012 1.20067 0 1.20085 1.95996 0 1.53095 1.63018 0
1.63036 1.53079 0 2.87159 0.294129 0 0.294425 2.87151 0
1.5564 1.60594 0 1.60611 1.55623 0 1.58146 1.58129 0
1.84488 1.31798 0 1.31815 1.84472 0 2.6092 0.558073 0
0.558261 2.60917 0 0.806906 2.35981 0 2.36004 0.806697 0
1.82397 1.34683 0 1.347 1.82381 0 2.56032 0.611247 0
0.611458 2.56021 0 0.928394 2.24281 0 2.24301 0.928194 0
2.03337 1.13818 0 1.13836 2.0332 0 0.432191 2.7427 0
2.74274 0.432099 0 2.41084 0.760798 0 0.761025 2.41063 0
1.94104 1.23134 0 1.23153 1.94088 0 2.51088 0.66294 0
0.663204 2.51078 0 2.46109 0.712867 0 0.713123 2.46094 0
1.00213 2.1748 0 2.17501 1.00194 0 2.10511 1.07196 0
1.07214 2.10493 0 1.80261 1.37534 0 1.37552 1.80245 0
2.82745 0.356123 0 0.356342 2.82739 0 2.91075 0.275304 0
0.275623 2.9107 0 0.887133 2.29498 0 2.29521 0.886932 0
1.92145 1.26169 0 1.26188 1.92129 0 2.69605 0.489585 0
0.48969 2.69602 0 1.7808 1.40352 0 1.4037 1.78063 0
2.01525 1.17001 0 1.17019 2.01509 0 1.75851 1.43133 0
1.43151 1.75835 0 0.844013 2.34682 0 2.34706 0.843806 0
0.963536 2.22789 0 2.22809 0.963337 0 2.64832 0.545301 0
0.545473 2.6483 0 2.08798 1.10491 0 1.10509 2.0878 0
1.90138 1.29173 0 1.29192 1.90122 0 1.73579 1.45878 0
1.45896 1.73563 0 2.78188 0.416437 0 0.416587 2.78185 0
1.0362 2.15879 0 2.159 1.03602 0 0.798983 2.39825 0
2.39849 0.79877 0 2.59958 0.599403 0 0.599592 2.59947 0
1.99664 1.20155 0 1.20174 1.99648 0 1.71265 1.48588 0
1.48605 1.71248 0 2.95052 0.255641 0 0.255953 2.95049 0
2.86672 0.338747 0 0.339021 2.86667 0 1.6891 1.51263 0
1.5128 1.68893 0 2.55 0.65192 0 0.65218 2.54989 0
2.44952 0.751801 0 0.752046 2.44933 0 1.88084 1.32146 0
1.32164 1.88068 0 2.5 0.70282 0 0.70308 2.49985 0
1.53917 1.66496 0 1.66514 1.539 0 2.28092 0.92292 0
0.923128 2.28073 0 1.56516 1.64058 0 1.64076 1.565 0
1.59077 1.6158 0 1.61598 1.59061 0 2.73523 0.475103 0
0.475225 2.7352 0 2.07034 1.13758 0 1.13777 2.07016 0
1.97754 1.2328 0 1.233 1.97739 0 1.85987 1.35087 0
1.35105 1.85971 0 0.998437 2.21243 0 2.21266 0.998252 0
1.07002 2.14226 0 2.14246 1.06984 0 0.880867 2.33324 0
2.33347 0.88066 0 2.68759 0.531959 0 0.532122 2.68757 0
2.8213 0.400235 0 0.400443 2.82127 0 1.83844 1.37996 0
1.38014 1.83828 0 1.95795 1.26375 0 1.26393 1.95778 0
2.90633 0.320646 0 2.0522 1.16998 0 1.17017 2.05202 0
0.320953 2.90629 0 0.836707 2.38535 0 2.38559 0.836497 0
2.63896 0.587098 0 0.958866 2.26586 0 0.587281 2.63887 0
2.26608 0.958667 0 1.81655 1.4087 0 1.40889 1.8164 0
0.790639 2.43707 0 2.43733 0.790427 0 2.12535 1.10337 0
1.10356 2.12516 0 2.58938 0.640537 0 0.640766 2.58925 0
1.03311 2.19647 0 2.19669 1.03292 0 1.79421 1.43709 0
1.43726 1.79403 0 2.48854 0.742377 0 0.742634 2.48835 0
2.53922 0.69237 0 0.692629 2.53906 0 2.77468 0.460024 0
0.460193 2.77468 0 1.93783 1.29435 0 1.29454 1.93767 0
2.03358 1.20211 0 1.2023 2.03342 0 1.77139 1.4651 0
1.46528 1.77122 0 2.31928 0.917262 0 0.917476 2.31908 0
2.86098 0.383442 0 1.74813 1.49274 0 1.49293 1.74797 0
0.383703 2.86097 0 1.91724 1.32464 0 1.32483 1.91709 0
2.94641 0.301801 0 2.72706 0.518033 0 0.302121 2.94638 0
0.518211 2.72706 0 1.52021 1.72428 0 1.72447 1.52004 0
2.10772 1.13663 0 1.13682 2.10753 0 0.994363 2.25045 0
2.25067 0.994169 0 0.874179 2.37186 0 2.3721 0.87397 0
1.54715 1.7002 0 1.70038 1.54698 0 1.06751 2.17996 0
2.18017 1.06733 0 2.01447 1.23394 0 1.23413 2.01431 0
1.57369 1.6757 0 1.67587 1.57352 0 1.59985 1.65077 0
1.65095 1.59968 0 1.89621 1.35463 0 1.3548 1.89603 0
1.62562 1.62544 0 2.67852 0.574279 0 0.574478 2.67846 0
0.828967 2.42422 0 2.42447 0.828754 0 2.81443 0.444381 0
0.444599 2.81444 0 2.62898 0.62874 0 0.628949 2.62885 0
0.953823 2.30429 0 2.3045 0.953617 0 0.781855 2.4762 0
2.47646 0.781637 0 1.87471 1.38428 0 1.38446 1.87454 0
2.08956 1.16961 0 1.1698 2.08938 0 2.5787 0.681513 0
1.99486 1.26547 0 0.681764 2.57855 0 1.26566 1.99469 0
2.52786 0.732528 0 0.732783 2.52766 0 2.90099 0.366007 0
0.366306 2.90098 0 1.02963 2.23453 0 2.23475 1.02944 0
1.10166 2.16291 0 2.16312 1.10147 0 1.85275 1.41359 0
1.41378 1.85259 0 2.76681 0.503541 0 0.503739 2.7668 0
0.911401 2.35778 0 2.35801 0.911192 0 1.97472 1.29666 0
1.29685 1.97455 0 1.83034 1.44256 0 1.44274 1.83017 0
2.07094 1.20232 0 1.20251 2.07076 0 2.71827 0.560906 0
0.561127 2.71824 0 0.867063 2.41083 0 2.41108 0.866852 0
1.80743 1.47114 0 1.47132 1.80726 0 0.989921 2.28893 0
2.28917 0.989729 0 2.85448 0.428171 0 0.428433 2.85448 0
1.13551 2.1453 0 2.1455 1.13532 0 1.95408 1.32753 0
1.32772 1.95392 0 1.06463 2.21806 0 2.21828 1.06444 0
1.78407 1.49935 0 1.49954 1.7839 0 2.66879 0.616458 0
0.616679 2.66868 0 2.94142 0.347898 0 0.820801 2.46344 0
2.46371 0.820587 0 0.348221 2.94139 0 2.05181 1.23473 0
1.23493 2.05163 0 1.76028 1.5272 0 1.52738 1.76011 0
2.61844 0.670219 0 0.670472 2.6183 0 2.51589 0.772401 0
0.772643 2.51567 0 2.56746 0.722249 0 0.722504 2.56728 0
1.55487 1.7359 0 1.73609 1.5547 0 1.93297 1.35807 0
1.35826 1.9328 0 2.34328 0.948149 0 0.948372 2.3431 0
2.80687 0.48849 0 0.488723 2.80687 0 1.58199 1.71128 0
1.71145 1.58181 0 1.60869 1.68621 0 1.6864 1.60852 0
1.63501 1.66074 0 1.66093 1.63485 0 2.12735 1.16889 0
1.16908 2.12716 0 2.03217 1.26685 0 1.02579 2.27306 0
1.26704 2.03201 0 2.27329 1.02559 0 1.91142 1.38831 0
1.38849 1.91125 0 1.09937 2.20104 0 2.20126 1.09918 0
0.904904 2.39684 0 2.39709 0.904696 0 2.89486 0.411367 0
0.411663 2.89485 0 2.7583 0.546988 0 0.547221 2.75828 0
1.88939 1.4182 0 1.41838 1.88922 0 0.859515 2.45014 0
2.4504 0.859299 0 2.01203 1.29864 0 1.29883 2.01184 0
2.10869 1.20218 0 1.20237 2.10851 0 2.70883 0.603669 0
0.603897 2.70874 0 0.985076 2.3278 0 2.32803 0.984877 0
1.8669 1.44773 0 1.44793 1.86673 0 0.812199 2.50301 0
2.50331 0.811995 0 2.65844 0.65848 0 0.65873 2.65831 0
2.84724 0.472876 0 0.473144 2.84724 0 1.13383 2.18346 0
2.18366 1.13364 0 1.0614 2.25665 0 2.25686 1.06121 0
2.55563 0.762726 0 0.76298 2.55543 0 2.60735 0.711529 0
0.711782 2.60717 0 1.84393 1.47691 0 1.47709 1.84375 0
1.99135 1.33009 0 1.33028 1.99118 0 2.08956 1.23519 0
1.23538 2.08937 0 2.38244 0.942268 0 0.942498 2.38226 0
2.93561 0.393945 0 0.39427 2.93559 0 1.82047 1.50569 0
1.50587 1.8203 0 2.79863 0.532525 0 0.532775 2.79861 0
1.79656 1.5341 0 1.53429 1.7964 0 1.97018 1.36122 0
1.36141 1.97002 0 1.168 2.16534 0 2.16554 1.16781 0
1.02155 2.31198 0 2.31221 1.02135 0 1.56233 1.77206 0
1.77225 1.56216 0 0.897977 2.43625 0 2.4365 0.897763 0
1.09674 2.23964 0 2.23987 1.09655 0 1.59001 1.74731 0
1.7475 1.58985 0 2.0699 1.26789 0 1.26808 2.06973 0
2.74913 0.590336 0 0.590592 2.74907 0 1.61729 1.72212 0
1.7223 1.61711 0 1.64418 1.69651 0 1.94856 1.39203 0
1.39221 1.94838 0 1.69669 1.64401 0 1.67066 1.67048 0
2.88795 0.456694 0 0.456995 2.88795 0 0.85153 2.4898 0
2.49005 0.851306 0 2.69872 0.646262 0 0.646513 2.6986 0
0.803164 2.54291 0 2.54319 0.802945 0 2.36726 0.979609 0
0.979823 2.36705 0 2.64752 0.700352 0 0.700597 2.64734 0
1.20188 2.14668 0 2.14688 1.20169 0 1.92647 1.4225 0
1.42268 1.92629 0 2.59566 0.752602 0 0.752856 2.59546 0
2.04974 1.30028 0 1.30048 2.04957 0 1.05777 2.2956 0
2.29582 1.05757 0 1.13179 2.22208 0 2.22229 1.1316 0
2.8393 0.517515 0 0.51779 2.83927 0 1.9039 1.45262 0
1.45281 1.90373 0 0.93619 2.42176 0 2.42199 0.935975 0
2.02904 1.33233 0 1.33252 2.02886 0 2.12772 1.23529 0
1.23548 2.12753 0 1.88086 1.48238 0 1.48257 1.88068 0
2.78972 0.576458 0 0.576742 2.78968 0 2.92903 0.43993 0
0.440256 2.92901 0 0.890614 2.47601 0 2.47626 0.890395 0
1.0169 2.35126 0 2.3515 1.0167 0 1.51193 1.85714 0
1.85732 1.51175 0 1.16659 2.20401 0 2.2042 1.16639 0
2.00783 1.36405 0 2.73927 0.633529 0 1.36424 2.00766 0
0.633793 2.73917 0 1.09372 2.27866 0 2.27888 1.09353 0
0.843096 2.52979 0 2.53007 0.842884 0 1.83331 1.54074 0
1.54092 1.83314 0 2.68798 0.688695 0 0.688952 2.68783 0
2.10805 1.26859 0 1.26878 2.10787 0 2.58336 0.793431 0
0.793677 2.58313 0 1.56953 1.80868 0 1.80886 1.56935 0
2.636 0.742019 0 0.742276 2.63581 0 2.88032 0.501954 0
0.502258 2.88029 0 2.40684 0.973918 0 0.974151 2.40667 0
1.59778 1.78381 0 1.784 1.59761 0 1.98613 1.39543 0
1.39562 1.98596 0 1.62564 1.7585 0 1.75868 1.62546 0
1.65309 1.73275 0 1.73294 1.65292 0 1.20108 2.18537 0
2.18558 1.20089 0 1.68014 1.70658 0 1.70677 1.67997 0
1.05374 2.33494 0 2.33517 1.05354 0 2.08787 1.30158 0
1.30178 2.08769 0 1.96398 1.42649 0 1.42668 1.9638 0
2.83066 0.562057 0 1.12938 2.26111 0 2.26134 1.1292 0
0.562351 2.83062 0 0.929453 2.46162 0 2.46187 0.929238 0
1.94134 1.4572 0 1.45739 1.94117 0 2.78014 0.620275 0
0.620552 2.78005 0 0.882808 2.51611 0 2.51635 0.882579 0
2.06715 1.33424 0 1.33443 2.06697 0 1.23527 2.16619 0
2.1664 1.23509 0 1.01184 2.39093 0 2.39116 1.01163 0
2.92171 0.485834 0 0.486161 2.92168 0 2.72875 0.676556 0
0.834229 2.57014 0 2.57042 0.834012 0 0.676831 2.72863 0
1.91822 1.48755 0 1.48774 1.91806 0 2.67664 0.730965 0
1.16479 2.24306 0 2.24325 1.16459 0 2.62385 0.783461 0
0.731224 2.67646 0 0.783718 2.62365 0 1.09031 2.31806 0
2.31827 1.09011 0 1.5177 1.89443 0 1.89462 1.51752 0
2.04591 1.36655 0 1.36675 2.04574 0 2.44682 0.967813 0
0.968045 2.44663 0 2.14668 1.26897 0 1.26916 2.14649 0
2.87196 0.547119 0 0.547427 2.87192 0 1.87052 1.54709 0
1.54728 1.87034 0 1.84595 1.57628 0 1.57648 1.84578 0
2.02416 1.39852 0 1.39872 2.02399 0 1.0493 2.37467 0
2.37489 1.04909 0 1.19991 2.22446 0 2.22465 1.1997 0
0.922275 2.50182 0 2.50206 0.922053 0 1.60529 1.82077 0
1.82096 1.60511 0 2.82134 0.606487 0 0.606787 2.82127 0
1.12659 2.30055 0 2.3008 1.12641 0 1.63372 1.79534 0
1.79553 1.63354 0 2.12648 1.30257 0 1.30276 2.1263 0
1.66175 1.76946 0 1.76965 1.66158 0 0.87455 2.55654 0
2.5568 0.874325 0 2.00194 1.43017 0 1.43036 2.00175 0
1.68938 1.74315 0 1.74334 1.6892 0 1.71659 1.7164 0
2.76986 0.663917 0 0.664201 2.76975 0 0.8249 2.61081 0
2.61107 0.82467 0 2.71761 0.719428 0 0.719689 2.71744 0
2.43117 1.00614 0 1.00637 2.43099 0 2.66466 0.773021 0
0.773287 2.66448 0 1.23471 2.20528 0 2.2055 1.23452 0
1.97924 1.46148 0 1.46167 1.97906 0 2.10576 1.33584 0
1.33603 2.10558 0 2.91366 0.53164 0 0.531966 2.91361 0
1.0865 2.35784 0 2.35805 1.08629 0 1.1626 2.2825 0
2.28272 1.1624 0 1.95604 1.49241 0 1.49261 1.95586 0
2.48715 0.961274 0 0.961496 2.48693 0 2.86292 0.592174 0
2.08451 1.36878 0 1.36897 2.08433 0 0.592486 2.86285 0
1.2692 2.18556 0 2.18577 1.26902 0 1.93236 1.52299 0
1.52317 1.93218 0 0.914653 2.54238 0 2.54262 0.914425 0
1.04443 2.41476 0 2.41499 1.04423 0 2.81132 0.650759 0
0.651055 2.81122 0 1.55334 1.90799 0 1.90818 1.55316 0
2.26413 1.19814 0 1.19834 2.26393 0 0.865849 2.59735 0
2.59761 0.865623 0 2.06271 1.40135 0 1.40155 2.06253 0
1.1234 2.34039 0 2.34064 1.12321 0 2.75892 0.707394 0
0.707678 2.75879 0 1.88352 1.58295 0 1.58313 1.88334 0
2.65204 0.814854 0 0.815103 2.65182 0 2.70582 0.762104 0
0.76237 2.70564 0 2.16553 1.3032 0 1.3034 2.16535 0
1.85839 1.61234 0 1.61253 1.85822 0 2.47158 1.00022 0
1.00046 2.47142 0 2.04041 1.43358 0 1.43378 2.04023 0
1.83284 1.64136 0 1.64155 1.83267 0 1.67016 1.80665 0
1.80683 1.66997 0 1.69836 1.7802 0 1.78039 1.69818 0
1.23377 2.2448 0 2.24501 1.23358 0 1.72615 1.75331 0
1.7535 1.72597 0 2.90488 0.577331 0 0.577655 2.90482 0
1.08226 2.398 0 2.39822 1.08205 0 2.14479 1.33709 0
1.33729 2.14461 0 0.954509 2.5276 0 1.16003 2.32237 0
2.52783 0.954286 0 2.3226 1.15984 0 2.01765 1.46549 0
1.46569 2.01747 0 2.85315 0.637081 0 0.637391 2.85307 0
0.90658 2.5833 0 2.58352 0.906342 0 1.99439 1.49704 0
1.49723 1.99421 0 1.26888 2.22508 0 2.22529 1.26869 0
2.12352 1.37064 0 1.37084 2.12334 0 2.45547 1.03894 0
1.03916 2.45526 0 2.80061 0.694865 0 0.695158 2.80049 0
0.856692 2.63852 0 2.63876 0.856457 0 2.74734 0.750705 0
0.750969 2.74717 0 2.69337 0.804567 0 1.9706 1.52819 0
1.52838 1.97043 0 0.804835 2.69319 0 1.19638 2.30382 0
2.30401 1.19618 0 1.11981 2.38064 0 2.38086 1.11961 0
1.55915 1.94615 0 1.94636 1.55898 0 2.10171 1.40385 0
1.40404 2.10151 0 2.51238 0.993879 0 0.994119 2.5122 0
1.30368 2.20482 0 2.20502 1.30349 0 1.58956 1.92143 0
1.92163 1.58938 0 1.89639 1.61937 0 1.61956 1.89622 0
2.07936 1.43669 0 1.43687 2.07916 0 0.947075 2.56863 0
2.56886 0.946843 0 2.89539 0.622885 0 1.07761 2.43855 0
2.43877 1.0774 0 0.623205 2.89532 0 2.28491 1.23224 0
1.23245 2.28472 0 1.87069 1.64895 0 1.64918 1.87055 0
1.15707 2.36265 0 2.36288 1.15687 0 2.18425 1.33799 0
1.33819 2.18407 0 1.84456 1.67816 0 1.67836 1.84439 0
2.62481 0.897811 0 0.898056 2.6246 0 2.84269 0.681828 0
0.682134 2.84259 0 1.70714 1.81778 0 1.81798 1.70696 0
2.0565 1.46918 0 1.46938 2.05634 0 1.73552 1.79076 0
1.79095 1.73534 0 1.76347 1.76329 0 2.68027 0.846813 0
0.847063 2.68006 0 2.78923 0.738806 0 0.739094 2.7891 0
2.73507 0.7938 0 0.794074 2.7349 0 2.49632 1.03322 0
1.03346 2.49615 0 1.26819 2.26502 0 2.26523 1.268 0
2.03318 1.50134 0 1.50154 2.03302 0 2.16296 1.37216 0
1.37236 2.16278 0 1.1158 2.42126 0 2.42147 1.11559 0
1.19404 2.34411 0 2.34432 1.19383 0 2.55356 0.987093 0
0.987326 2.55334 0 2.00935 1.53312 0 1.5333 2.00916 0
2.14114 1.406 0 1.40619 2.14095 0 1.30362 2.24476 0
2.24496 1.30342 0 1.56467 1.98479 0 1.98499 1.56449 0
2.61027 0.93895 0 0.939187 2.61005 0 2.88519 0.668281 0
2.4797 1.07232 0 1.07254 2.47949 0 0.668595 2.8851 0
1.59568 1.95997 0 1.96017 1.5955 0 2.32523 1.23053 0
1.23073 2.32503 0 2.66649 0.888821 0 0.889068 2.66628 0
1.1537 2.40334 0 2.40358 1.1535 0 2.83154 0.726412 0
0.726707 2.83142 0 1.43964 2.11855 0 2.11875 1.43946 0
2.72214 0.836686 0 0.836962 2.72197 0 2.77718 0.782554 0
0.782829 2.77702 0 1.6263 1.93467 0 1.93486 1.62611 0
2.22415 1.33852 0 1.33873 2.22396 0 2.5376 1.02708 0
1.02732 2.53743 0 1.90904 1.6563 0 1.65652 1.9089 0
2.09583 1.47255 0 1.47275 2.09565 0 1.88277 1.68608 0
1.6863 1.88262 0 1.85606 1.71548 0 1.71567 1.85587 0
2.30558 1.26692 0 1.26713 2.30538 0 1.74464 1.8287 0
1.82889 1.74445 0 2.46248 1.11115 0 1.11137 2.46228 0
1.80127 1.77299 0 1.77319 1.80109 0 2.59509 0.979852 0
0.980088 2.59488 0 2.20284 1.37332 0 1.37353 2.20266 0
1.1913 2.38483 0 2.38506 1.1911 0 2.07244 1.50532 0
1.50552 2.07227 0 2.65206 0.930599 0 0.930857 2.65188 0
2.04855 1.53772 0 1.53792 2.04837 0 2.87427 0.713514 0
0.713823 2.87418 0 2.52103 1.06681 0 1.06704 2.52085 0
1.30318 2.28513 0 2.28533 1.30298 0 2.70855 0.87936 0
0.879616 2.70836 0 2.18099 1.40778 0 1.40799 2.18081 0
2.8197 0.770813 0 0.771104 2.81957 0 2.76443 0.826088 0
0.826373 2.76429 0 1.5699 2.02392 0 2.02411 1.56971 0
2.36596 1.22841 0 1.22863 2.36577 0 1.14992 2.44445 0
2.44466 1.14971 0 2.57926 1.02049 0 1.02074 2.57908 0
1.6015 1.99899 0 1.99918 1.60132 0 1.44207 2.15839 0
2.15859 1.44189 0 2.2645 1.33871 0 1.33891 2.26431 0
1.63273 1.97359 0 1.9738 1.63256 0 2.63702 0.972154 0
0.972399 2.63682 0 2.50389 1.10629 0 1.10652 2.5037 0
1.94788 1.66336 0 1.66356 1.94771 0 2.13563 1.47561 0
1.4758 2.13543 0 2.34634 1.26545 0 1.26566 2.34615 0
1.18817 2.42598 0 2.4262 1.18796 0 1.92147 1.69374 0
1.69398 1.92135 0 2.69428 0.921792 0 0.92206 2.69411 0
2.24317 1.37413 0 1.37434 2.24298 0 1.89463 1.72373 0
1.72394 1.89447 0 1.75349 1.86714 0 1.86733 1.75331 0
2.86265 0.758575 0 2.75102 0.869421 0 2.11215 1.50897 0
1.50919 2.11199 0 0.869694 2.75086 0 0.758876 2.86254 0
1.83956 1.78245 0 1.78264 1.83938 0 1.81134 1.81116 0
2.80715 0.815009 0 0.815298 2.80702 0 2.56279 1.06087 0
1.06112 2.56262 0 2.32613 1.30216 0 1.30237 2.32594 0
2.0882 1.542 0 1.54221 2.08803 0 2.2213 1.40922 0
1.40942 2.22111 0 2.48614 1.14549 0 1.14572 2.48595 0
2.40715 1.22591 0 1.22613 2.40694 0 2.62133 1.01346 0
1.01371 2.62115 0 1.57482 2.06352 0 2.06372 1.57463 0
2.19888 1.44396 0 1.44416 2.19869 0 2.67937 0.964004 0
2.30532 1.33853 0 1.33874 2.30513 0 0.964262 2.67919 0
1.60703 2.03849 0 2.03869 1.60684 0 2.54573 1.101 0
1.10124 2.54554 0 2.73693 0.912522 0 0.912793 2.73676 0
2.38754 1.26358 0 1.2638 2.38735 0 1.63887 2.013 0
2.01319 1.63869 0 2.46778 1.18441 0 1.18463 2.46756 0
2.79393 0.859005 0 0.859292 2.7938 0 2.85032 0.803444 0
1.47851 2.17568 0 2.17588 1.47832 0 0.803742 2.85021 0
1.98721 1.67013 0 1.67032 1.98701 0 2.28395 1.37457 0
1.37478 2.28376 0 2.60498 1.0545 0 1.05475 2.60481 0
1.96069 1.70113 0 1.70136 1.96055 0 2.15235 1.51231 0
1.51252 2.15218 0 1.9337 1.73171 0 1.73194 1.93356 0
1.90627 1.7619 0 1.76209 1.90608 0 2.36737 1.30095 0
1.30116 2.36718 0 2.52806 1.14086 0 1.1411 2.52787 0
1.79184 1.87818 0 1.87836 1.79165 0 2.66382 1.00598 0
1.00623 2.66364 0 1.84999 1.82096 0 1.82116 1.84981 0
2.44877 1.22301 0 1.22323 2.44856 0 2.26206 1.4103 0
1.41051 2.26188 0 2.12833 1.54595 0 1.54616 2.12815 0
2.72216 0.955394 0 0.955671 2.72201 0 2.10378 1.57922 0
1.57942 2.1036 0 2.78002 0.90278 0 0.903063 2.77988 0
2.588 1.09528 0 1.09553 2.58783 0 2.34657 1.33797 0
1.33818 2.34638 0 2.23963 1.44568 0 1.44589 2.23944 0
2.8373 0.848108 0 0.848404 2.83718 0 2.50977 1.18044 0
1.18067 2.50958 0 1.61226 2.0785 0 2.07869 1.61207 0
2.42918 1.26132 0 1.26155 2.429 0 2.6476 1.04769 0
1.04795 2.64744 0 2.2166 1.48068 0 1.48089 2.21641 0
1.64471 2.05289 0 2.05308 1.64452 0 2.3252 1.37465 0
1.37487 2.32501 0 1.67678 2.02681 0 2.02701 1.6766 0
2.70675 0.998036 0 0.998304 2.70659 0 2.57041 1.1358 0
1.13605 2.57024 0 2.19302 1.51531 0 1.51552 2.19284 0
2.0004 1.70823 0 2.40903 1.29934 0 1.29956 2.40885 0
1.70844 2.00023 0 2.49084 1.21971 0 1.21993 2.49064 0
2.76542 0.946329 0 0.946612 2.76528 0 1.97328 1.73943 0
1.73967 1.97315 0 2.30329 1.41102 0 1.41123 2.30311 0
1.94572 1.77023 0 1.77044 1.94555 0 2.82357 0.892563 0
0.892857 2.82345 0 1.80078 1.91748 0 1.91769 1.8006 0
2.16894 1.54959 0 1.5498 2.16876 0 1.88915 1.83051 0
1.83071 1.88897 0 1.86018 1.85999 0 2.63073 1.08913 0
1.0894 2.63057 0 2.38829 1.33703 0 1.33725 2.3881 0
2.14433 1.58348 0 1.5837 2.14416 0 2.28083 1.44704 0
1.44726 2.28064 0 2.5522 1.17604 0 1.17629 2.55203 0
2.47129 1.25867 0 1.2589 2.4711 0 2.69067 1.04043 0
1.0407 2.69052 0 2.11918 1.61699 0 1.61718 2.11898 0
2.75015 0.989643 0 0.989927 2.75001 0 2.2578 1.48271 0
1.48292 2.25761 0 2.36693 1.37437 0 1.37459 2.36674 0
1.65026 2.09328 0 2.09348 1.65006 0 2.61323 1.13032 0
1.13058 2.61306 0 2.80915 0.936795 0 0.937089 2.80903 0
2.45117 1.29734 0 1.29757 2.45098 0 2.53336 1.21599 0
1.21623 2.53317 0 1.68295 2.0671 0 2.0673 1.68276 0
2.23419 1.51798 0 1.51819 2.23399 0 2.04061 1.71504 0
1.71524 2.04042 0 2.34499 1.41137 0 1.41159 2.34481 0
2.67392 1.08255 0 1.08282 2.67377 0 2.01339 1.74687 0
1.7471 2.01323 0 2.21003 1.55288 0 1.5531 2.20986 0
1.98568 1.77828 0 1.77852 1.98554 0 2.43046 1.33569 0
1.33593 2.43027 0 2.5951 1.17123 0 1.95751 1.80927 0
1.17149 2.59494 0 1.80947 1.95732 0 2.73422 1.03272 0
1.033 2.73407 0 1.92885 1.83982 0 1.84001 1.92866 0
1.89972 1.86991 0 1.87011 1.89953 0 2.51387 1.25562 0
1.25586 2.51369 0 2.32252 1.44805 0 1.44827 2.32233 0
2.18537 1.58743 0 1.58765 2.18519 0 2.79404 0.980796 0
0.981089 2.79392 0 2.65653 1.12442 0 1.12468 2.65637 0
2.16016 1.62158 0 1.62179 2.15998 0 2.40912 1.3737 0
1.37393 2.40894 0 2.29948 1.48437 0 1.48459 2.29929 0
2.57634 1.21185 0 1.21211 2.57617 0 2.49378 1.29495 0
1.29519 2.4936 0 2.13439 1.6553 0 1.65551 2.1342 0
2.7176 1.07553 0 1.07581 2.71746 0 2.27584 1.52031 0
1.52052 2.27565 0 2.1081 1.68862 0 1.68882 2.10791 0
2.3872 1.41137 0 1.4116 2.38701 0 1.72175 2.08113 0
2.08133 1.72155 0 2.77825 1.02456 0 1.02485 2.77813 0
2.63849 1.166 0 1.16627 2.63833 0 2.4731 1.33397 0
1.33421 2.47292 0 2.25164 1.55586 0 1.55608 2.25145 0
2.05401 1.75403 0 1.75425 2.05383 0 2.55693 1.25217 0
1.25242 2.55675 0 2.02617 1.78606 0 1.78631 2.02603 0
2.36469 1.44869 0 1.44893 2.36452 0 1.99787 1.81768 0
1.8179 1.99769 0 1.96907 1.84886 0 1.84906 1.96887 0
2.22691 1.59105 0 1.59127 2.22673 0 2.70032 1.11808 0
1.11836 2.70017 0 1.93979 1.87958 0 1.87978 1.9396 0
1.91004 1.90984 0 2.45181 1.37266 0 1.3729 2.45163 0
2.61981 1.2073 0 2.34164 1.48568 0 1.48591 2.34146 0
1.20757 2.61965 0 2.20165 1.62585 0 1.62607 2.20146 0
2.53689 1.29217 0 1.29242 2.53671 0 2.76178 1.06806 0
1.06836 2.76165 0 2.17581 1.66023 0 1.66045 2.17562 0
2.318 1.52229 0 1.5225 2.3178 0 2.42989 1.411 0
1.41123 2.42971 0 2.68239 1.16035 0 1.16063 2.68224 0
2.14944 1.6942 0 1.69441 2.14924 0 2.51624 1.33186 0
1.33211 2.51607 0 2.60048 1.2483 0 1.24857 2.60032 0
2.12256 1.72776 0 1.72797 2.12236 0 2.29376 1.5585 0
1.55872 2.29356 0 2.09516 1.7609 0 1.76111 2.09496 0
2.74463 1.11131 0 1.1116 2.74449 0 2.40739 1.44898 0
1.44922 2.40721 0 2.06721 1.79359 0 1.79382 2.06705 0
2.26897 1.59434 0 1.59457 2.26879 0 2.03876 1.82583 0
1.82607 2.0386 0 2.66379 1.20234 0 2.49499 1.37123 0
1.37148 2.49481 0 1.20262 2.66364 0 2.00984 1.85765 0
1.85785 2.00964 0 1.88921 1.98022 0 1.98042 1.88901 0
2.58051 1.28899 0 1.28925 2.58034 0 1.9201 1.9503 0
1.95051 1.9199 0 2.38431 1.48663 0 1.48687 2.38414 0
2.24365 1.6298 0 1.63002 2.24346 0 2.7268 1.15427 0
1.15456 2.72666 0 2.21776 1.66485 0 1.66508 2.21758 0
2.4731 1.41025 0 1.4105 2.47292 0 2.36066 1.52391 0
1.52415 2.36047 0 2.64455 1.24403 0 1.24431 2.64439 0
2.5599 1.32936 0 1.32963 2.55974 0 2.19131 1.69948 0
1.69969 2.19112 0 2.3364 1.56081 0 1.56103 2.3362 0
2.16433 1.73368 0 1.7339 2.16413 0 2.45061 1.44892 0
1.44916 2.45043 0 2.13683 1.76748 0 1.7677 2.13664 0
2.70831 1.19696 0 1.19725 2.70816 0 2.53869 1.36942 0
1.36967 2.53851 0 2.31157 1.59731 0 1.59754 2.31139 0
2.1088 1.80084 0 1.80106 2.10862 0 2.62465 1.28541 0
1.28569 2.62449 0 2.08023 1.83373 0 1.83396 2.08005 0
2.42752 1.48723 0 1.48748 2.42734 0 2.05116 1.86618 0
1.8664 2.05097 0 2.28619 1.63343 0 1.63367 2.286 0
2.0216 1.89818 0 1.89839 2.02139 0 1.92993 1.99133 0
1.99154 1.92972 0 1.96098 1.96078 0 2.51683 1.40912 0
1.40939 2.51666 0 2.68915 1.23935 0 1.23964 2.689 0
2.40385 1.52519 0 1.52544 2.40367 0 2.26025 1.66916 0
1.66939 2.26006 0 2.6041 1.32648 0 1.32675 2.60394 0
2.23373 1.70445 0 1.70468 2.23354 0 2.37958 1.56277 0
1.56301 2.37939 0 2.49436 1.44848 0 1.44874 2.49419 0
2.20666 1.73932 0 1.73955 2.20646 0 2.58293 1.36722 0
1.36749 2.58276 0 2.66933 1.28143 0 1.28172 2.66918 0
2.17906 1.77377 0 1.774 2.17887 0 2.35472 1.59995 0
1.60019 2.35452 0 2.15093 1.8078 0 1.80802 2.15074 0
2.47128 1.48749 0 1.48774 2.4711 0 2.12226 1.84136 0
1.84159 2.12208 0 2.32928 1.63674 0 1.63699 2.32909 0
2.09305 1.87446 0 1.8747 2.09287 0 2.56111 1.40763 0
1.4079 2.56094 0 2.06336 1.90712 0 1.90733 2.06315 0
2.64885 1.3232 0 1.32349 2.6487 0 2.03315 1.93931 0
1.93952 2.03294 0 2.00244 1.97101 0 1.97123 2.00223 0
2.44759 1.52613 0 1.52639 2.44742 0 2.30328 1.67315 0
1.67338 2.30309 0 2.2767 1.70912 0 1.70936 2.27652 0
2.53866 1.44768 0 1.44796 2.5385 0 2.42331 1.5644 0
1.56465 2.42312 0 2.62772 1.36465 0 1.36493 2.62756 0
2.24956 1.74467 0 1.74491 2.24937 0 2.39842 1.60227 0
1.60251 2.39823 0 2.22187 1.77979 0 1.78002 2.22167 0
2.51559 1.48739 0 1.48765 2.51542 0 2.19364 1.81448 0
1.81471 2.19344 0 2.60595 1.40576 0 1.40604 2.60579 0
2.37294 1.63974 0 1.64 2.37276 0 2.16486 1.84872 0
1.84895 2.16467 0 2.13554 1.88249 0 1.88274 2.13536 0
2.4919 1.52672 0 1.52699 2.49173 0 2.10571 1.91581 0
1.91604 2.10551 0 2.34689 1.67682 0 1.67707 2.34669 0
2.07536 1.94866 0 1.94888 2.07514 0 2.04449 1.98102 0
1.98124 2.04428 0 2.01312 2.01291 0 2.58354 1.44652 0
1.4468 2.58337 0 2.46761 1.56568 0 1.56595 2.46743 0
2.32026 1.71349 0 1.71373 2.32006 0 2.29304 1.74972 0
1.74997 2.29285 0 2.4427 1.60425 0 1.60452 2.44252 0
2.56049 1.48693 0 1.4872 2.56032 0 2.26527 1.78553 0
1.78577 2.26507 0 2.23693 1.82089 0 1.82114 2.23674 0
2.41719 1.64243 0 1.64269 2.417 0 2.5368 1.52697 0
2.20806 1.85582 0 1.52724 2.53663 0 1.85606 2.20786 0
2.17863 1.89027 0 1.89051 2.17843 0 2.39109 1.6802 0
1.68046 2.3909 0 2.14866 1.92426 0 1.9245 2.14846 0
2.11817 1.95778 0 1.95801 2.11796 0 2.08716 1.99082 0
1.99104 2.08694 0 2.05562 2.02336 0 2.02359 2.05541 0
2.5125 1.56663 0 1.56691 2.51232 0 2.3644 1.71756 0
1.71781 2.3642 0 2.33712 1.75449 0 1.75474 2.33693 0
2.48758 1.60591 0 1.60619 2.48739 0 2.30927 1.79099 0
1.79124 2.30907 0 2.46204 1.64479 0 1.64506 2.46185 0
2.28085 1.82704 0 1.82729 2.28065 0 2.25187 1.86265 0
1.8629 2.25166 0 2.4359 1.68327 0 1.68354 2.43571 0
2.22233 1.8978 0 1.89805 2.22212 0 2.19224 1.93248 0
1.93272 2.19203 0 2.16161 1.96667 0 1.96692 2.1614 0
2.40916 1.72133 0 1.7216 2.40896 0 2.13046 2.0004 0
2.00063 2.13023 0 2.09877 2.03361 0 2.03385 2.09854 0
2.06657 2.06634 0 2.38182 1.75897 0 1.75923 2.38162 0
2.3539 1.79617 0 1.79643 2.35369 0 2.32539 1.83292 0
1.83318 2.32518 0 2.29631 1.86923 0 1.86949 2.2961 0
2.26667 1.90508 0 1.90533 2.26645 0 2.23646 1.94045 0
1.9407 2.23625 0 2.2057 1.97534 0 1.97559 2.20548 0
2.1744 2.00975 0 2.01 2.17418 0 2.14256 2.04366 0
2.0439 2.14234 0 2.1102 2.07707 0 2.07731 2.10996 0

				</DataArray>
			</Points>
			<Cells>
				<DataArray type="Int64" Name="connectivity" format="ascii" >
906 3 0 1 960 2
3 4 0 27 1 2
906 0 5 2 960 13
27 2 16 0 4 18
946 906 5 960 921 13
103 27 16 4 10 18
2 13 16 5 0 18
21 946 5 921 23 13
26 103 16 10 29 18
920 946 21 921 961 23
31 16 13 18 33 5
8 103 26 10 19 29
13 23 31 21 5 33
26 16 31 18 29 33
920 21 35 23 961 40
986 920 35 961 918 40
8 26 43 29 19 44
23 45 31 46 21 33
84 8 43 19 41 44
47 26 31 29 48 33
23 40 45 35 21 46
43 26 47 29 44 48
986 35 50 40 918 51
45 54 31 33 55 46
919 986 50 918 962 51
47 31 54 33 48 55
84 43 57 44 41 58
45 40 59 35 46 60
126 84 57 41 30 58
50 35 60 40 51 59
43 47 61 48 44 62
45 63 54 65 46 55
66 919 50 51 962 67
57 43 61 44 58 62
45 59 63 60 46 65
47 54 70 55 48 71
999 919 66 962 933 67
61 47 70 48 62 71
50 60 74 59 51 75
126 57 76 58 30 77
54 63 70 65 55 71
66 50 74 51 67 75
64 126 76 30 39 77
57 61 78 62 58 79
80 999 66 933 81 67
63 59 82 60 65 83
939 999 80 933 991 81
76 57 78 59 75 82
74 60 83 58 77 79
61 70 90 71 62 92
63 93 70 94 65 71
95 66 74 75 67 96
78 61 90 62 79 92
64 76 97 63 82 93
77 39 98 80 66 95
83 65 94 67 81 96
109 64 97 39 42 98
99 939 80 991 100 81
82 75 101 102 90 70
104 74 83 92 105 71
93 102 70 982 939 99
991 905 100 105 94 71
76 78 107 79 77 112
95 74 104 75 96 101
97 76 107 77 98 112
78 90 113 114 80 95
81 115 96 92 79 116
93 82 117 83 94 118
99 80 114 81 100 115
82 101 117 107 78 113
104 83 118 79 112 116
109 97 119 98 42 120
982 99 121 100 905 125
128 90 102 92 129 105
284 982 121 905 456 125
93 130 102 9 109 119
42 56 120 131 94 105
133 95 104 96 134 101
113 90 128 92 116 129
114 95 133 96 115 134
97 107 135 112 98 136
93 117 130 118 94 131
119 97 135 98 120 136
99 114 137 115 100 138
128 102 130 105 129 131
121 99 137 100 125 138
117 101 139 140 104 118
107 113 141 116 112 142
133 104 140 101 134 139
284 121 143 456 144 125
135 107 141 112 136 142
998 284 143 456 969 144
9 119 145 120 56 146
113 128 147 114 133 148
134 115 149 129 116 151
85 9 145 56 73 146
130 117 152 137 114 148
118 131 153 115 138 149
141 113 147 117 139 152
116 142 151 140 118 153
154 128 130 119 135 156
136 120 157 129 158 131
121 137 159 138 125 160
143 121 159 125 144 160
145 119 156 120 146 157
161 133 140 134 162 139
147 128 154 998 143 163
129 151 158 969 164 144
148 133 161 134 149 162
135 141 165 944 998 163
969 932 164 142 136 166
152 167 130 153 131 168
167 154 130 158 168 131
137 148 169 156 135 165
149 138 170 136 157 166
85 145 171 146 73 172
159 137 169 138 160 170
139 173 152 174 140 153
141 147 175 151 142 177
124 85 171 73 38 172
161 140 174 143 159 179
144 180 160 139 162 173
163 143 179 144 164 180
165 141 175 142 166 177
145 156 181 157 146 182
147 154 183 944 163 184
164 932 185 148 161 187
162 149 188 158 151 189
981 944 184 932 990 185
152 190 167 171 145 181
146 172 182 169 148 187
149 170 188 153 168 191
175 147 183 152 173 190
151 177 189 174 153 191
192 154 167 156 165 193
166 157 194 159 169 195
170 160 196 158 197 168
179 159 195 160 180 196
181 156 193 157 182 194
124 171 198 172 38 199
161 174 201 173 162 202
163 179 203 183 154 192
180 164 209 184 163 203
164 185 209 158 189 197
167 190 192 187 161 201
165 175 211 162 188 202
177 166 212 32 124 198
38 91 199 191 168 197
213 981 184 990 214 185
915 981 213 990 917 214
169 187 215 193 165 211
188 170 216 166 194 212
171 181 217 182 172 218
195 169 215 170 196 216
219 174 191 175 183 220
173 225 190 189 177 226
198 171 217 172 199 218
179 195 227 196 180 228
201 174 219 203 179 227
180 209 228 173 202 225
211 175 220 177 212 226
181 193 229 194 182 230
190 232 192 233 184 203
209 185 235 213 184 233
185 214 235 183 192 236
187 201 237 202 188 238
241 915 213 917 242 214
197 189 243 244 191 197
217 181 229 32 198 245
182 218 230 199 91 247
997 915 241 215 187 237
917 897 242 188 216 238
190 225 232 220 183 236
219 191 244 193 211 249
189 226 243 212 194 250
34 32 245 91 28 247
216 196 251 195 215 252
196 228 251 227 195 252
229 193 249 194 230 250
198 217 253 218 199 254
255 192 232 201 219 256
228 209 257 203 227 258
225 202 259 209 235 257
233 203 258 236 192 255
211 220 264 237 201 256
202 238 259 226 212 265
245 198 253 199 247 254
213 233 266 235 214 267
241 213 266 214 242 267
197 268 244 197 243 268
997 241 270 242 897 271
938 997 270 897 972 271
249 211 264 238 216 272
215 237 274 212 250 265
217 229 275 230 218 276
232 225 277 216 251 272
252 215 274 219 244 278
220 236 281 243 226 286
34 245 287 247 28 289
253 217 275 218 254 276
251 228 290 227 252 291
255 232 277 256 219 278
228 257 290 258 227 291
225 259 292 264 220 281
226 265 286 229 249 293
88 34 287 28 111 289
250 230 294 257 235 295
233 258 296 225 292 277
235 267 295 266 233 296
259 238 297 237 256 298
303 241 266 267 242 304
236 255 305 270 241 303
242 271 304 275 229 293
230 276 294 245 253 306
254 247 308 938 270 309
271 972 310 985 938 309
972 934 310 238 272 297
274 237 298 268 243 312
244 268 313 281 236 305
278 244 313 249 264 314
265 250 315 243 286 312
287 245 306 247 289 308
272 251 316 252 274 322
251 290 316 291 252 322
277 323 255 293 249 314
250 294 315 253 275 324
276 254 326 290 257 327
258 291 328 292 259 329
256 278 331 257 295 327
296 258 328 264 281 333
286 265 334 305 255 323
259 297 329 295 267 335
266 296 336 88 287 337
289 111 338 306 253 324
254 308 326 298 256 331
303 266 336 267 304 335
268 312 339 268 339 313
270 303 340 304 271 341
309 270 340 271 310 341
937 985 342 934 994 343
985 309 342 310 934 343
292 344 277 314 264 333
265 315 334 297 272 346
106 88 337 111 24 338
275 293 348 294 276 349
274 298 350 272 316 346
322 274 350 281 305 351
312 286 352 353 278 313
277 344 323 324 275 348
287 306 360 308 289 361
276 326 349 316 290 362
291 322 365 292 329 344
290 327 362 328 291 365
331 278 353 286 334 352
333 281 351 293 314 366
315 294 367 337 287 360
289 338 361 327 295 368
296 328 369 295 335 368
336 296 369 339 312 370
329 297 371 375 313 339
303 336 377 335 304 382
305 323 383 1002 937 384
340 303 377 994 380 385
304 341 382 937 342 384
343 994 385 309 340 386
341 310 387 342 309 386
348 293 366 310 343 387
294 349 367 298 331 388
306 324 389 326 308 390
297 346 371 312 352 370
350 298 388 351 305 383
313 375 353 334 315 391
314 333 392 106 337 393
338 24 394 360 306 389
308 361 390 346 316 395
322 350 396 316 362 395
365 322 396 339 370 375
397 323 344 315 367 391
366 314 392 53 106 393
24 132 394 324 348 398
349 326 399 344 329 400
362 327 401 328 365 402
327 368 401 369 328 402
352 334 403 383 323 397
333 351 405 331 353 406
329 371 400 368 335 410
337 360 411 336 369 412
361 338 413 942 1002 414
389 324 398 380 898 415
326 390 399 335 382 410
377 336 412 1002 384 414
385 380 415 340 377 416
384 342 417 382 341 418
343 385 419 386 340 416
342 386 417 341 387 418
387 343 419 388 331 406
334 391 403 392 333 405
393 337 411 338 394 413
348 366 420 367 349 421
371 346 422 370 352 423
350 388 424 346 395 422
351 383 425 396 350 424
398 348 420 360 389 426
349 399 421 390 361 427
397 344 428 375 429 353
395 362 430 375 370 431
344 400 428 352 403 423
365 396 432 362 401 430
405 351 425 402 365 432
391 367 433 53 393 434
394 132 435 366 392 436
411 360 426 361 413 427
966 942 437 898 973 438
401 368 439 369 402 440
942 414 437 415 898 438
368 410 439 412 369 440
406 353 429 383 397 441
414 384 442 385 415 443
410 382 445 377 412 446
384 417 442 419 385 443
400 371 447 416 377 446
382 418 445 417 386 448
387 419 449 386 416 448
36 53 434 132 155 435
418 387 449 370 423 431
367 421 433 420 366 436
389 398 450 399 390 451
371 422 447 425 383 441
388 406 452 403 391 453
375 431 429 392 405 454
424 388 452 393 411 457
413 394 458 426 389 450
390 427 451 422 395 459
396 424 460 428 462 397
395 430 459 391 433 453
436 392 454 434 393 457
394 435 458 432 396 460
398 420 463 421 399 464
441 397 462 908 966 465
973 922 466 966 437 465
430 401 467 438 973 466
423 403 468 402 432 469
400 470 428 405 425 471
401 439 467 440 402 469
437 414 472 415 438 473
411 426 474 414 442 472
443 415 473 427 413 475
450 398 463 399 451 464
439 410 476 412 440 478
400 447 470 410 445 476
446 412 478 442 417 479
419 443 480 417 448 479
449 419 480 416 446 481
445 418 482 448 416 481
418 449 482 403 453 468
454 405 471 429 483 406
36 434 484 435 155 485
431 423 486 433 421 487
420 436 488 457 411 474
413 458 475 452 406 483
447 422 489 425 441 490
422 459 489 25 36 484
424 452 491 155 12 485
421 464 487 463 420 488
426 450 492 957 908 493
451 427 494 922 967 495
428 497 462 460 424 491
431 498 429 423 468 486
908 465 493 922 495 466
471 425 490 459 430 499
500 441 462 428 470 497
501 432 460 453 433 502
430 467 499 436 454 503
465 437 505 434 457 506
438 466 507 458 435 508
469 432 501 474 426 492
427 475 494 505 437 472
473 438 507 467 439 509
440 469 510 472 442 511
443 473 513 439 476 509
478 440 510 442 479 511
480 443 513 431 486 498
476 445 514 446 478 515
479 448 516 449 480 517
445 482 514 481 446 515
448 481 516 484 434 506
482 449 517 433 487 502
435 485 508 488 436 503
490 441 500 450 463 518
464 451 519 470 447 520
497 500 462 468 453 521
447 489 520 454 471 522
429 523 483 931 957 524
967 910 525 457 474 526
475 458 527 492 450 518
451 494 519 452 483 528
524 957 493 967 525 495
491 452 528 498 523 429
489 459 529 453 502 521
25 484 530 485 12 531
503 454 522 493 465 532
466 495 533 506 457 526
458 508 527 459 499 529
460 491 534 487 464 535
463 488 537 465 505 532
507 466 533 501 460 534
486 468 538 471 490 539
499 467 540 505 472 541
470 542 497 473 507 543
469 501 544 87 25 530
12 178 531 467 509 540
472 511 541 513 473 543
510 469 544 474 492 545
518 463 537 464 519 535
494 475 546 509 476 547
511 479 548 480 513 549
478 510 550 476 514 547
479 516 548 517 480 549
515 478 550 516 481 551
514 482 552 481 515 551
482 517 552 470 520 542
468 521 538 987 931 553
910 894 554 522 471 539
484 506 555 508 485 556
502 487 557 498 486 558
488 503 559 490 500 560
526 474 545 475 527 546
931 524 553 525 910 554
520 489 561 562 500 497
528 483 563 524 493 565
495 525 567 530 484 555
563 483 523 485 531 556
487 535 557 537 488 559
492 518 568 489 529 561
519 494 569 486 538 558
493 532 565 533 495 567
491 528 570 539 490 560
534 491 570 521 502 571
532 505 572 529 499 573
507 533 574 503 522 575
498 576 523 506 526 577
527 508 578 545 492 568
501 534 579 494 546 569
505 541 572 543 507 574
499 540 573 497 542 562
928 987 580 894 953 581
544 501 579 541 511 582
513 543 584 540 509 585
510 544 586 511 548 582
549 513 584 987 553 580
554 894 581 509 547 585
87 530 587 531 178 588
560 500 562 550 510 586
502 557 571 498 558 576
555 506 577 548 516 589
517 549 590 559 503 575
508 556 578 547 514 591
515 550 592 516 551 589
552 517 590 514 552 591
551 515 592 518 537 593
535 519 594 538 521 595
542 520 596 553 524 597
525 554 598 522 539 599
123 87 587 178 210 588
526 545 600 546 527 601
568 518 593 597 524 565
519 569 594 567 525 598
520 561 596 528 563 602
603 563 523 521 571 595
907 928 604 953 935 605
570 528 602 565 532 606
533 567 607 575 522 599
530 555 608 556 531 609
577 526 600 561 529 610
557 535 613 527 578 601
537 559 614 603 523 576
532 572 606 574 533 607
558 538 615 928 580 604
581 953 605 616 534 570
529 573 610 539 560 617
579 534 616 572 541 618
543 574 619 587 530 608
531 588 609 541 582 618
573 540 620 584 543 619
545 568 621 593 537 614
535 594 613 544 579 622
569 546 623 540 585 620
586 544 622 582 548 624
549 584 625 580 553 626
554 581 627 538 595 615
542 628 562 548 589 624
590 549 625 585 547 630
550 586 631 547 591 630
592 550 631 589 551 632
552 590 633 591 552 633
551 592 632 599 539 617
553 597 626 598 554 627
571 557 634 555 577 635
578 556 636 559 575 637
576 558 638 600 545 621
546 601 623 542 596 628
639 560 562 945 907 640
935 995 641 597 565 642
567 598 643 123 587 644
588 210 645 907 604 640
605 935 641 608 555 635
556 609 636 557 613 634
614 559 637 646 563 603
568 593 648 602 563 646
596 561 649 594 569 650
565 606 642 558 615 638
607 567 643 617 560 639
561 610 649 570 602 651
317 123 644 210 240 645
595 571 652 606 572 654
574 607 655 616 570 651
575 599 656 576 657 603
577 600 658 604 580 659
581 605 660 601 578 661
621 568 648 569 623 650
572 618 654 619 574 655
610 573 662 579 616 663
573 620 662 963 945 664
580 626 659 995 207 665
627 581 660 618 582 666
584 619 667 622 579 663
582 624 666 625 584 667
587 608 668 576 638 657
609 588 669 571 634 652
620 585 670 635 577 658
637 575 656 578 636 661
586 622 671 593 614 672
613 594 673 585 630 670
624 589 674 590 625 675
631 586 671 589 632 674
633 590 675 945 640 664
641 995 665 562 628 676
630 591 677 592 631 678
591 633 677 632 592 678
615 595 679 562 676 639
626 597 680 598 627 681
599 617 682 644 587 668
588 645 669 597 642 680
643 598 681 600 621 683
648 593 672 623 601 684
594 650 673 685 646 603
628 596 688 640 604 689
685 603 657 605 641 690
596 649 688 595 652 679
602 646 691 911 963 692
207 900 693 642 606 694
607 643 695 656 599 682
608 635 696 636 609 697
658 600 683 634 613 699
651 602 691 614 637 700
601 661 684 604 659 689
660 605 690 606 654 694
638 615 701 655 607 695
649 610 702 963 664 692
207 693 665 617 639 703
317 644 704 645 240 705
706 616 651 654 618 707
619 655 708 610 662 702
668 608 696 609 669 697
663 616 706 618 666 707
667 619 708 621 648 709
672 614 700 613 673 699
650 623 710 659 626 711
627 660 712 615 679 701
662 620 713 622 663 714
666 624 715 625 667 716
620 670 713 671 622 714
624 674 715 110 317 704
240 22 705 675 625 716
657 638 717 682 617 703
626 680 711 681 627 712
670 630 718 631 671 721
674 632 722 633 675 723
630 677 718 678 631 721
950 911 724 652 634 725
632 678 722 677 633 723
900 974 726 664 640 728
641 665 729 635 658 730
637 656 731 661 636 732
683 621 709 623 684 710
733 646 685 676 628 734
640 689 728 690 641 729
680 642 735 643 681 736
724 911 692 900 726 693
628 688 734 644 668 737
669 645 738 739 639 676
691 646 733 696 635 730
638 701 717 636 697 732
685 657 740 634 699 725
700 637 731 648 672 741
642 694 735 695 643 736
673 650 742 688 649 743
703 639 739 679 652 744
704 644 737 645 705 738
689 659 745 746 651 691
660 690 749 694 654 750
655 695 751 656 682 752
930 950 753 974 923 754
658 683 755 649 702 743
684 661 756 709 648 741
650 710 742 654 707 750
708 655 751 706 651 746
692 664 757 665 693 759
657 717 740 659 711 745
712 660 749 702 662 760
707 666 761 667 708 762
740 733 685 950 724 753
663 706 763 974 754 726
652 725 744 668 696 764
697 669 765 757 664 728
730 658 755 666 715 761
729 665 759 716 667 762
731 656 752 662 713 760
661 732 756 714 663 763
672 700 766 699 673 767
715 674 768 675 716 769
713 670 770 671 714 771
701 679 772 674 722 768
723 675 769 711 680 773
670 718 770 681 712 774
721 671 771 722 678 775
677 723 776 718 677 776
678 721 775 110 704 780
705 22 781 676 734 782
682 703 783 737 668 764
669 738 765 739 676 782
983 930 784 923 947 785
680 735 773 736 681 774
683 709 786 741 672 766
710 684 787 673 742 767
728 689 788 690 729 789
724 692 790 693 726 791
89 110 780 22 280 781
679 744 772 691 733 792
930 753 784 734 688 793
754 923 785 735 694 794
695 736 795 752 682 783
696 730 796 689 745 788
717 701 797 732 697 800
749 690 789 755 683 786
725 699 802 700 731 803
684 756 787 694 750 794
751 695 795 790 692 757
759 693 791 688 743 793
746 691 792 703 739 804
904 983 805 704 737 806
947 912 807 738 705 808
764 696 796 750 707 809
708 751 810 697 765 800
743 702 811 709 741 812
706 746 813 699 767 802
766 700 803 742 710 814
745 711 815 712 749 816
707 761 809 762 708 810
701 772 797 717 817 740
702 760 811 763 706 813
753 724 818 726 754 819
780 704 806 761 715 820
705 781 808 716 762 821
711 773 815 740 822 733
983 784 805 774 712 816
785 947 807 757 728 823
729 759 824 783 703 804
760 713 825 714 763 826
715 768 820 769 716 821
744 725 827 730 755 828
713 770 825 731 752 829
756 732 830 786 709 812
771 714 826 710 787 814
768 722 831 723 769 832
722 775 831 770 718 833
776 723 832 721 771 834
775 721 834 718 776 833
818 724 790 728 788 823
791 726 819 789 729 824
206 904 835 912 948 836
837 739 782 734 838 782
773 735 839 736 774 840
717 797 817 737 764 841
765 738 842 796 730 828
732 800 830 725 802 827
792 733 822 803 731 829
741 766 843 767 742 844
735 794 839 795 736 840
734 793 838 835 904 805
912 836 807 804 739 837
89 780 845 781 280 846
784 753 847 754 785 848
772 744 849 788 745 850
749 789 851 806 737 841
738 808 842 817 822 740
752 783 852 794 750 853
751 795 854 755 786 855
790 757 856 759 791 857
812 741 843 787 756 858
1003 206 859 948 936 860
742 814 844 861 746 792
793 743 862 750 809 853
745 815 850 810 751 854
816 749 851 753 818 847
280 318 846 7 89 845
819 754 848 813 746 861
743 811 862 757 823 856
824 759 857 744 827 849
764 796 863 800 765 864
809 761 865 762 810 866
828 755 855 829 752 852
838 837 782 756 830 858
766 803 867 802 767 869
859 206 835 948 860 836
761 820 865 821 762 866
811 760 870 763 813 871
797 772 872 815 773 873
774 816 874 805 784 875
785 807 876 760 825 870
826 763 871 820 768 877
769 821 878 896 1003 879
936 996 880 780 806 881
808 781 882 783 804 883
768 831 877 832 769 878
841 764 863 825 770 884
771 826 885 765 842 864
770 833 884 834 771 885
831 775 886 776 832 887
773 839 873 775 834 886
840 774 874 833 776 887
786 812 888 814 787 889
843 766 867 767 844 869
823 788 890 818 790 891
789 824 892 791 819 893
784 847 875 848 785 876
772 849 872 845 780 881
781 846 882 879 1003 859
936 880 860 852 783 883
817 797 899 788 850 890
851 789 892 796 828 909
839 794 926 795 840 954
830 800 959 855 786 888
891 790 856 857 791 893
827 802 964 943 896 965
996 6 968 787 858 889
970 792 822 803 829 971
835 805 976 807 836 978
794 853 926 854 795 954
804 837 979 838 793 1004
861 792 970 806 841 1005
842 808 1006 863 796 909
793 862 1004 800 864 959
812 843 1007 853 809 1008
810 854 1009 850 815 1010
844 814 1011 797 872 899
816 851 1012 802 869 964
867 803 971 817 1013 822
896 879 965 996 968 880
847 818 1014 819 848 1015
805 875 976 876 807 978
949 943 1016 6 901 1017
809 865 1008 866 810 1009
846 318 1018 7 845 1019
813 861 1021 856 823 1022
824 857 1023 883 804 979
862 811 1024 815 873 1010
874 816 1012 881 806 1005
808 882 1006 849 827 1025
871 813 1021 1026 837 838
811 870 1024 828 855 1027
865 820 1028 821 866 1029
859 835 1030 888 812 1007
836 860 1032 829 852 1033
858 830 1034 814 889 1011
818 891 1014 893 819 1015
820 877 1028 878 821 1029
1022 823 890 892 824 1023
826 871 1035 870 825 1036
318 363 1018 122 7 1019
877 831 1037 832 878 1038
885 826 1035 825 884 1036
913 949 1039 831 886 1037
901 975 1040 887 832 1038
943 965 1016 968 6 1017
834 885 1041 817 899 1013
884 833 1042 886 834 1041
833 887 1042 873 839 1043
840 874 1044 841 863 1045
864 842 1046 909 828 1027
830 959 1034 827 964 1025
1030 835 976 978 836 1032
971 829 1033 843 867 1047
869 844 1048 839 926 1043
954 840 1044 875 847 1049
848 876 1050 979 837 1026
872 849 1051 970 822 1052
879 859 1053 860 880 1054
882 846 1055 845 881 1056
890 850 1057 851 892 1058
958 913 1059 975 924 1060
1005 841 1045 842 1006 1046
852 883 1061 891 856 1062
857 893 1063 949 1016 1039
1017 901 1040 855 888 1064
838 1004 1065 1007 843 1047
889 858 1066 822 1013 1052
844 1011 1048 926 853 1067
854 954 1068 847 1014 1049
1015 848 1050 850 1010 1057
1012 851 1058 853 1008 1067
1009 854 1068 846 1018 1055
1019 845 1056 1026 838 1065
1062 856 1022 1023 857 1063
1069 861 970 1053 859 1030
1032 860 1054 849 1025 1051
929 958 1070 924 952 1071
863 909 1072 862 1073 1004
959 864 1074 1033 852 1061
1027 855 1064 858 1034 1066
965 879 1075 880 968 1076
913 1039 1059 1040 975 1060
1021 861 1069 976 875 1077
876 978 1078 899 872 1079
964 869 1080 867 971 1081
1008 865 1082 866 1009 1083
862 1024 1073 865 1028 1082
1029 866 1083 1010 873 1084
874 1012 1085 883 979 1086
980 929 1087 952 895 1088
881 1005 1089 1006 882 1090
1045 863 1072 871 1021 1091
864 1046 1074 1024 870 1092
888 1007 1093 1028 877 1094
878 1029 1095 1014 891 1096
893 1015 1097 1011 889 1098
1035 871 1091 873 1043 1084
1044 874 1085 870 1036 1092
1022 890 1099 892 1023 1100
877 1037 1094 875 1049 1077
1038 878 1095 1050 876 1078
1047 867 1081 1070 958 1059
869 1048 1080 924 1071 1060
1075 879 1053 1054 880 1076
885 1035 1101 872 1051 1079
1036 884 1102 1037 886 1103
887 1038 1104 1018 363 1105
122 1019 1106 1041 885 1101
886 1041 1103 884 1042 1102
1042 887 1104 1016 965 1107
968 1017 1108 903 980 1109
895 914 1110 1061 883 1086
1056 881 1089 882 1055 1090
890 1057 1099 1058 892 1100
891 1062 1096 1063 893 1097
909 1027 1111 1064 888 1093
1030 976 1112 978 1032 1113
1013 899 1114 1034 959 1115
889 1066 1098 1043 926 1116
954 1044 1117 1025 964 1118
971 1033 1119 1087 929 1070
952 1088 1071 372 903 1120
914 951 1121 363 20 1105
69 122 1106 979 1026 1122
926 1067 1116 1068 954 1117
1123 970 1052 1005 1045 1124
1107 965 1075 1076 968 1108
1046 1006 1125 1039 1016 1126
1017 1040 1127 1072 909 1111
1001 372 1128 951 940 1129
959 1074 1115 1004 1130 1065
1112 976 1077 1007 1047 1131
1078 978 1113 1049 1014 1132
980 1087 1109 895 1110 1088
1048 1011 1133 1015 1050 1134
899 1079 1114 1057 1010 1135
1012 1058 1136 1069 970 1123
964 1080 1118 1081 971 1119
1067 1008 1137 1009 1068 1138
941 1001 1139 940 1000 1140
1004 1073 1130 1062 1022 1141
1086 979 1122 1023 1063 1142
1055 1018 1143 1019 1056 1144
1053 1030 1145 1032 1054 1146
1008 1082 1137 1083 1009 1138
1089 1005 1124 1006 1090 1125
1010 1084 1135 1085 1012 1136
955 941 1147 1000 927 1148
903 1109 1120 1110 914 1121
1051 1025 1149 1052 1013 1150
1093 1007 1131 1027 1064 1151
1014 1096 1132 1097 1015 1134
1033 1061 1152 1059 1039 1153
1011 1098 1133 1040 1060 1154
1066 1034 1155 916 955 1156
927 902 1157 1016 1107 1126
1108 1017 1127 1021 1069 1158
1141 1022 1099 1100 1023 1142
1073 1024 1159 1026 1065 1160
956 916 1161 902 977 1162
1082 1028 1163 1029 1083 1164
925 956 1165 977 925 1166
1091 1021 1158 372 1120 1128
1018 1105 1143 1121 951 1129
1106 1019 1144 1028 1094 1163
1095 1029 1164 1024 1092 1159
1145 1030 1112 1113 1032 1146
1045 1072 1167 1074 1046 1168
1084 1043 1169 1044 1085 1170
1111 1027 1151 1094 1037 1171
1038 1095 1172 1035 1091 1173
1092 1036 1174 1077 1049 1175
1034 1115 1155 1050 1078 1176
1025 1118 1149 1139 1001 1128
940 1140 1129 1037 1103 1171
1070 1059 1177 1104 1038 1172
1060 1071 1178 1101 1035 1173
1119 1033 1152 1036 1102 1174
1047 1081 1179 1075 1053 1180
1054 1076 1181 1080 1048 1182
1103 1041 1183 1041 1101 1183
1042 1104 1184 1013 1114 1150
1102 1042 1184 1153 1039 1126
1127 1040 1154 1079 1051 1185
1043 1116 1169 1117 1044 1170
1147 941 1139 1000 1148 1140
1122 1026 1160 1061 1086 1186
1099 1057 1187 1058 1100 1188
1090 1055 1189 1056 1089 1190
1124 1045 1167 1096 1062 1191
1063 1097 1192 1046 1125 1168
1123 1052 1150 1064 1093 1193
955 1147 1156 1148 927 1157
1049 1132 1175 1098 1066 1194
1134 1050 1176 1131 1047 1179
1087 1070 1195 1071 1088 1196
1048 1133 1182 1161 916 1156
1157 902 1162 1065 1130 1160
956 1161 1165 977 1166 1162
1105 20 1197 69 1106 1198
1180 1053 1145 1146 1054 1181
1057 1135 1187 1166 925 1165
1136 1058 1188 1116 1067 1199
1068 1117 1200 1177 1059 1153
1154 1060 1178 1062 1141 1191
1142 1063 1192 1107 1075 1201
1076 1108 1202 1055 1143 1189
1144 1056 1190 1051 1149 1185
1072 1111 1203 1067 1137 1199
1138 1068 1200 1114 1079 1204
1115 1074 1205 1152 1061 1186
1112 1077 1206 1078 1113 1207
1151 1064 1193 1109 1087 1208
1088 1110 1209 1066 1155 1194
1086 1122 1210 20 409 1197
52 69 1198 1069 1123 1211
1118 1080 1212 1081 1119 1213
1130 1073 1214 1137 1082 1215
1083 1138 1216 1195 1070 1177
1178 1071 1196 1135 1084 1217
1085 1136 1218 1167 1072 1203
1093 1131 1219 1120 1109 1220
1110 1121 1221 1074 1168 1205
1089 1124 1222 1125 1090 1223
1158 1069 1211 1133 1098 1224
1132 1096 1225 1082 1163 1215
1164 1083 1216 1097 1134 1226
1201 1075 1180 1181 1076 1202
1077 1175 1206 1176 1078 1207
1079 1185 1204 1073 1159 1214
1126 1107 1227 1108 1127 1228
1141 1099 1229 1100 1142 1230
1186 1086 1210 1084 1169 1217
1170 1085 1218 1179 1081 1213
1080 1182 1212 1163 1094 1231
1095 1164 1232 1128 1120 1233
1121 1129 1234 1208 1087 1195
1196 1088 1209 1091 1158 1235
1143 1105 1236 1106 1144 1237
1159 1092 1238 1094 1171 1231
1172 1095 1232 1145 1112 1239
1113 1146 1240 1173 1091 1235
1193 1093 1219 1096 1191 1225
1192 1097 1226 1090 1189 1223
1190 1089 1222 1092 1174 1238
1098 1194 1224 1229 1099 1187
1188 1100 1230 1171 1103 1241
1104 1172 1242 1111 1151 1243
1101 1173 1244 1139 1128 1245
1103 1183 1241 1129 1140 1246
1184 1104 1242 1155 1115 1247
1174 1102 1248 1183 1101 1244
1102 1184 1248 1149 1118 1249
1119 1152 1250 1153 1126 1251
1127 1154 1252 1169 1116 1253
1117 1170 1254 1107 1201 1227
1202 1108 1228 1220 1109 1208
1209 1110 1221 1105 1197 1236
1198 1106 1237 1147 1139 1255
1140 1148 1256 1150 1114 1257
1124 1167 1258 1239 1112 1206
1207 1113 1240 1168 1125 1259
1116 1199 1253 1200 1117 1254
1203 1111 1243 1156 1147 1260
1148 1157 1261 1131 1179 1262
1175 1132 1263 1115 1205 1247
1134 1176 1264 1122 1160 1265
1182 1133 1266 1114 1204 1257
1120 1220 1233 1221 1121 1234
1161 1156 1267 1157 1162 1268
1269 1123 1150 1165 1161 1270
1162 1166 1271 1187 1135 1272
1136 1188 1273 1180 1145 1274
1146 1181 1275 1166 1165 1276
1210 1122 1265 1130 1277 1160
1118 1212 1249 1177 1153 1278
1154 1178 1279 1191 1141 1280
1213 1119 1250 1142 1192 1281
1126 1227 1251 1228 1127 1252
1219 1131 1262 1199 1137 1282
1138 1200 1283 1245 1128 1233
1234 1129 1246 1189 1143 1284
1144 1190 1285 1133 1224 1266
1222 1124 1258 1125 1223 1259
1185 1149 1286 1132 1225 1263
1226 1134 1264 1135 1217 1272
1218 1136 1273 1152 1186 1287
1211 1123 1269 1137 1215 1282
1216 1138 1283 1151 1193 1288
1194 1155 1289 1130 1214 1277
1197 409 1290 52 1198 1291
1255 1139 1245 1246 1140 1256
1280 1141 1229 1230 1142 1281
1274 1145 1239 1240 1146 1275
1195 1177 1292 1178 1196 1293
1167 1203 1294 1205 1168 1295
1260 1147 1255 1256 1148 1261
1143 1236 1284 1237 1144 1285
1215 1163 1296 1164 1216 1297
1201 1180 1298 1181 1202 1299
1206 1175 1300 1176 1207 1301
1278 1153 1251 1252 1154 1279
1158 1211 1302 1267 1156 1260
1261 1157 1268 1163 1231 1296
1232 1164 1297 1214 1159 1303
409 11 1290 15 52 1291
1243 1151 1288 1149 1249 1286
1217 1169 1304 1170 1218 1305
1270 1161 1267 1162 1271 1268
1155 1247 1289 1250 1152 1287
1204 1185 1306 1276 1165 1270
1271 1166 1276 1235 1158 1302
1159 1238 1303 1208 1195 1307
1186 1210 1308 1196 1209 1309
1179 1213 1310 1231 1171 1311
1172 1232 1312 1212 1182 1313
1258 1167 1294 1168 1259 1295
1171 1241 1311 1242 1172 1312
1169 1253 1304 1225 1191 1314
1254 1170 1305 1192 1226 1315
1173 1235 1316 1193 1219 1317
1238 1174 1318 1229 1187 1319
1188 1230 1320 1224 1194 1321
1244 1173 1316 1223 1189 1322
1190 1222 1323 1241 1183 1324
1175 1263 1300 1174 1248 1318
1264 1176 1301 1184 1242 1325
1183 1244 1324 1248 1184 1325
1292 1177 1278 1279 1178 1293
1298 1180 1274 1275 1181 1299
1262 1179 1310 1182 1266 1313
1227 1201 1326 1202 1228 1327
1220 1208 1328 1209 1221 1329
1187 1272 1319 1273 1188 1320
1236 1197 1330 1198 1237 1331
1191 1280 1314 1281 1192 1315
1239 1206 1332 1207 1240 1333
1203 1243 1334 1253 1199 1335
1200 1254 1336 1257 1204 1306
1257 1337 1150 1247 1205 1338
1189 1284 1322 1285 1190 1323
1185 1286 1306 1210 1265 1308
1339 1265 1160 1307 1195 1292
1293 1196 1309 1288 1193 1317
1287 1186 1308 1219 1262 1340
1233 1220 1341 1337 1269 1150
1221 1234 1342 1194 1289 1321
1266 1224 1343 1199 1282 1335
1283 1200 1336 1277 1339 1160
1197 1290 1330 1291 1198 1331
1294 1203 1334 1205 1295 1338
1201 1298 1326 1299 1202 1327
1251 1227 1344 1228 1252 1345
1245 1233 1346 1234 1246 1347
1332 1206 1300 1301 1207 1333
1263 1225 1348 1226 1264 1349
1272 1217 1350 1218 1273 1351
1328 1208 1307 1309 1209 1329
1222 1258 1352 1259 1223 1353
1282 1215 1354 1216 1283 1355
1249 1212 1356 1213 1250 1357
1317 1219 1340 1321 1343 1224
1255 1245 1358 1280 1229 1359
1246 1256 1360 1230 1281 1361
1362 1211 1269 1215 1296 1354
1297 1216 1355 1274 1239 1363
1240 1275 1364 1217 1304 1350
1305 1218 1351 1214 1365 1277
1260 1255 1366 1256 1261 1367
1341 1220 1328 1329 1221 1342
1225 1314 1348 1284 1236 1368
1315 1226 1349 1237 1285 1369
1302 1211 1362 1278 1251 1370
1252 1279 1371 1214 1303 1365
1296 1231 1372 1373 1286 1249
1232 1297 1374 1227 1326 1344
1327 1228 1345 1267 1260 1375
1261 1268 1376 1223 1322 1353
1323 1222 1352 1359 1229 1319
1287 1377 1250 1320 1230 1361
1290 11 1378 15 1291 1379
1310 1213 1357 1212 1313 1356
1270 1267 1380 1268 1271 1381
1231 1311 1372 1312 1232 1374
1243 1288 1382 1276 1270 1383
1271 1276 1384 1289 1247 1385
1235 1302 1386 1233 1341 1346
1342 1234 1347 1303 1238 1387
1311 1241 1388 1363 1239 1332
1258 1294 1389 1333 1240 1364
1242 1312 1390 1316 1235 1386
1259 1391 1295 1238 1318 1387
1304 1253 1392 1254 1305 1393
1241 1324 1388 1325 1242 1390
1236 1330 1368 1331 1237 1369
1244 1316 1394 1324 1244 1394
1318 1248 1395 1248 1325 1395
1300 1263 1396 1264 1301 1397
1262 1310 1398 1313 1266 1399
1334 1243 1382 11 455 1378
72 15 1379 1358 1245 1346
1292 1278 1400 1347 1246 1360
1279 1293 1401 1340 1262 1398
1247 1338 1385 1298 1274 1402
1275 1299 1403 1399 1266 1343
1253 1335 1392 1336 1254 1393
1370 1251 1344 1345 1252 1371
1366 1255 1358 1360 1256 1367
1319 1272 1404 1273 1320 1405
1314 1280 1406 1281 1315 1407
1373 1249 1356 1250 1377 1357
1408 1257 1306 1375 1260 1366
1367 1261 1376 1263 1348 1396
1322 1284 1409 1352 1258 1389
1349 1264 1397 1259 1353 1391
1285 1323 1410 1294 1334 1411
1338 1295 1412 1265 1413 1308
1307 1292 1414 1293 1309 1415
1380 1267 1375 1376 1268 1381
1335 1282 1416 1283 1336 1417
1272 1350 1404 1351 1273 1405
1418 1306 1286 1408 1337 1257
1402 1274 1363 1364 1275 1403
1383 1270 1380 1381 1271 1384
1419 1287 1308 1384 1276 1383
1280 1359 1406 1361 1281 1407
1339 1413 1265 1330 1290 1420
1400 1278 1370 1371 1279 1401
1291 1331 1421 1282 1354 1416
1355 1283 1417 1326 1298 1422
1299 1327 1423 1288 1317 1424
1332 1300 1425 1301 1333 1426
1321 1289 1427 1284 1368 1409
1337 1428 1269 1369 1285 1410
1340 1429 1317 1328 1307 1430
1309 1329 1431 1389 1294 1411
1432 1343 1321 1373 1418 1286
1295 1391 1412 1433 1339 1277
1419 1377 1287 1290 1378 1420
1379 1291 1421 1269 1428 1362
1354 1296 1434 1297 1355 1435
1433 1277 1365 1350 1304 1436
1305 1351 1437 1414 1292 1400
1401 1293 1415 1296 1372 1434
1374 1297 1435 1341 1328 1438
1329 1342 1439 1348 1314 1440
1315 1349 1441 1300 1396 1425
1397 1301 1426 1422 1298 1402
1403 1299 1423 1382 1288 1424
1344 1326 1442 1327 1345 1443
1359 1319 1444 1320 1361 1445
1446 1302 1362 1289 1385 1427
1304 1392 1436 1393 1305 1437
1340 1398 1429 1303 1447 1365
1372 1311 1448 1353 1322 1449
1312 1374 1450 1323 1352 1451
1432 1399 1343 1386 1302 1446
1311 1388 1448 1390 1312 1450
1303 1387 1447 1346 1341 1452
1342 1347 1453 1357 1454 1310
1455 1356 1313 1430 1307 1414
1415 1309 1431 1454 1398 1310
1399 1455 1313 1363 1332 1456
1333 1364 1457 1316 1386 1458
1388 1324 1459 1325 1390 1460
1387 1318 1461 1314 1406 1440
1407 1315 1441 1324 1394 1459
1394 1316 1458 1395 1325 1460
1318 1395 1461 1444 1319 1404
1405 1320 1445 1462 1334 1382
1385 1338 1463 1411 1334 1462
1463 1338 1412 1368 1330 1464
1331 1369 1465 1322 1409 1449
1358 1346 1466 1347 1360 1467
1410 1323 1451 1392 1335 1468
1336 1393 1469 1378 455 1470
72 1379 1471 1429 1424 1317
1370 1344 1472 1345 1371 1473
1432 1321 1427 1326 1422 1442
1423 1327 1443 1438 1328 1430
1431 1329 1439 1366 1358 1474
1360 1367 1475 1335 1416 1468
1417 1336 1469 1456 1332 1425
1426 1333 1457 1330 1420 1464
1421 1331 1465 1396 1348 1476
1349 1397 1477 1478 1373 1356
1375 1366 1479 1367 1376 1480
1377 1481 1357 1306 1482 1408
1418 1482 1306 1341 1438 1452
455 14 1470 1439 1342 1453
108 72 1471 1483 1419 1308
1483 1308 1413 1376 1381 1484
1380 1375 1485 1404 1350 1486
1351 1405 1487 1402 1363 1488
1364 1403 1489 1383 1380 1490
1381 1384 1491 1384 1383 1492
1406 1359 1493 1361 1407 1494
1400 1370 1495 1371 1401 1496
1416 1354 1497 1355 1417 1498
1352 1389 1499 1391 1353 1500
1478 1418 1373 1344 1442 1472
1443 1345 1473 1408 1501 1337
1419 1481 1377 1411 1502 1389
1391 1503 1412 1466 1346 1452
1453 1347 1467 1504 1413 1339
1350 1436 1486 1437 1351 1487
1348 1440 1476 1441 1349 1477
1420 1378 1505 1421 1506 1379
1354 1434 1497 1435 1355 1498
1337 1501 1428 1368 1507 1409
1369 1410 1508 1504 1339 1433
1493 1359 1444 1445 1361 1494
1474 1358 1466 1467 1360 1475
1488 1363 1456 1457 1364 1489
1414 1400 1509 1401 1415 1510
1434 1372 1511 1374 1435 1512
1428 1513 1362 1514 1429 1398
1479 1366 1474 1475 1367 1480
1353 1449 1500 1451 1352 1499
1399 1432 1515 1516 1433 1365
1425 1396 1517 1372 1448 1511
1397 1426 1518 1450 1374 1512
1422 1402 1519 1403 1423 1520
1495 1370 1472 1473 1371 1496
1362 1513 1446 1378 1470 1505
1411 1462 1502 1506 1471 1379
1503 1463 1412 1436 1392 1521
1393 1437 1522 1516 1365 1447
1485 1375 1479 1480 1376 1484
1464 1507 1368 1508 1465 1369
1381 1491 1484 1490 1380 1485
1514 1398 1454 1448 1388 1523
1390 1450 1524 1515 1455 1399
1492 1383 1490 1491 1384 1492
1424 1525 1382 1526 1386 1446
1388 1459 1523 1527 1427 1385
1460 1390 1524 1387 1528 1447
1382 1525 1462 1385 1463 1527
1458 1386 1526 1430 1414 1529
1415 1431 1530 1387 1461 1528
1392 1468 1521 1469 1393 1522
1459 1394 1531 1449 1409 1532
1394 1458 1531 1395 1460 1533
1410 1451 1534 1535 1454 1357
1455 1536 1356 1461 1395 1533
1440 1406 1537 1407 1441 1538
1444 1404 1539 1405 1445 1540
1396 1476 1517 1477 1397 1518
1389 1502 1499 1500 1503 1391
1509 1400 1495 1496 1401 1510
1519 1402 1488 1489 1403 1520
1356 1536 1478 1535 1357 1481
1442 1422 1541 1423 1443 1542
1438 1430 1543 1431 1439 1544
1539 1404 1486 1487 1405 1540
1406 1493 1537 1494 1407 1538
1507 1532 1409 1468 1416 1545
1417 1469 1546 1410 1534 1508
1456 1425 1547 1426 1457 1548
1549 1424 1429 1420 1550 1464
1427 1551 1432 1552 1421 1465
1416 1497 1545 1498 1417 1546
1529 1414 1509 1510 1415 1530
1505 1550 1420 1452 1438 1553
1439 1453 1554 1552 1506 1421
1478 1555 1418 1556 1481 1419
1418 1555 1482 1556 1419 1483
1422 1519 1541 1520 1423 1542
1482 1557 1408 1472 1442 1558
1443 1473 1559 1560 1483 1413
1547 1425 1517 1466 1452 1561
1486 1436 1562 1453 1467 1563
1518 1426 1548 1437 1487 1564
1476 1440 1565 1441 1477 1566
1408 1557 1501 1497 1434 1567
1435 1498 1568 1560 1413 1504
1543 1430 1529 1530 1431 1544
1514 1549 1429 1432 1551 1515
1493 1444 1569 1445 1494 1570
1434 1511 1567 1512 1435 1568
1474 1466 1571 1467 1475 1572
1501 1573 1428 1436 1521 1562
1522 1437 1564 1488 1456 1574
1457 1489 1575 1576 1504 1433
1577 1502 1462 1470 14 234
108 1471 611 1578 1463 1503
1428 1573 1513 1479 1474 1579
1576 1433 1516 1440 1537 1565
1475 1480 1580 1538 1441 1566
1511 1448 1581 1450 1512 1582
1438 1543 1553 1544 1439 1554
1583 1500 1449 1499 1584 1451
1532 1583 1449 1495 1472 1585
1584 1534 1451 1473 1496 1586
1569 1444 1539 1540 1445 1570
1448 1523 1581 1524 1450 1582
1442 1541 1558 1542 1443 1559
1480 1484 1587 1485 1479 1588
1589 1505 1470 1506 1590 1471
1513 1591 1446 1592 1516 1447
1525 1577 1462 14 477 234
504 108 611 1578 1527 1463
1484 1491 1593 1490 1485 1594
1446 1591 1526 1595 1514 1454
1523 1459 1596 1460 1524 1597
1592 1447 1528 1515 1598 1455
1492 1490 1599 1491 1492 1600
1459 1531 1596 1533 1460 1597
1452 1553 1561 1554 1453 1563
1601 1458 1526 1531 1458 1601
1461 1602 1528 1521 1468 1603
1469 1522 1604 1461 1533 1602
1574 1456 1547 1548 1457 1575
1605 1525 1424 1527 1606 1427
1595 1454 1535 1455 1598 1536
1517 1476 1607 1477 1518 1608
1464 1609 1507 1610 1465 1508
1509 1495 1611 1496 1510 1612
1468 1545 1603 1546 1469 1604
1571 1466 1561 1563 1467 1572
1519 1488 1613 1489 1520 1614
1585 1472 1558 1559 1473 1586
1605 1424 1549 1539 1486 1615
1487 1540 1616 1427 1606 1551
1589 1550 1505 1552 1590 1506
1537 1493 1617 1494 1538 1618
1502 1619 1499 1500 1620 1503
1579 1474 1571 1572 1475 1580
1621 1532 1507 1508 1534 1622
1536 1623 1478 1624 1535 1481
1550 1609 1464 1476 1565 1607
1566 1477 1608 1610 1552 1465
1588 1479 1579 1580 1480 1587
1545 1497 1625 1498 1546 1626
1529 1509 1627 1510 1530 1628
1486 1562 1615 1564 1487 1616
1478 1623 1555 1624 1481 1556
1587 1484 1593 1594 1485 1588
1613 1488 1574 1575 1489 1614
1493 1569 1617 1570 1494 1618
1599 1490 1594 1593 1491 1600
1497 1567 1625 1568 1498 1626
1600 1492 1599 1611 1495 1585
1586 1496 1612 1555 1629 1482
1541 1519 1630 1520 1542 1631
1632 1556 1483 1482 1629 1557
1547 1517 1633 1518 1548 1634
1632 1483 1560 234 1589 1470
1471 1590 611 1577 1619 1502
1620 1578 1503 1543 1529 1635
1530 1544 1636 1621 1583 1532
1584 1622 1534 1567 1511 1637
1512 1568 1638 1557 1639 1501
1640 1560 1504 1562 1521 1641
1522 1564 1642 1643 1549 1514
1551 1644 1515 1511 1581 1637
1582 1512 1638 1501 1639 1573
1640 1504 1576 1627 1509 1611
1612 1510 1628 1565 1537 1645
1538 1566 1646 1609 1621 1507
1553 1543 1647 1508 1622 1610
1544 1554 1648 1517 1607 1633
1608 1518 1634 1519 1613 1630
1614 1520 1631 1573 1649 1513
1581 1523 1650 1524 1582 1651
1540 1570 1652 1569 1539 1653
1521 1603 1641 1604 1522 1642
1654 1576 1516 1558 1541 1655
1542 1559 1656 1513 1649 1591
1643 1514 1595 1523 1596 1650
1583 1657 1500 1597 1524 1651
1515 1644 1598 1658 1584 1499
1654 1516 1592 1591 1659 1526
1596 1531 1660 1533 1597 1661
1662 1577 1525 1663 1592 1528
1526 1659 1601 1578 1664 1527
1660 1531 1601 1533 1661 1602
1663 1528 1602 1561 1553 1665
1554 1563 1666 1635 1529 1627
1628 1530 1636 1574 1547 1667
1548 1575 1668 1537 1617 1645
1618 1538 1646 1616 1540 1652
1653 1539 1615 1662 1525 1605
1500 1657 1620 1658 1499 1619
1527 1664 1606 1603 1545 1669
1546 1604 1670 1671 1595 1535
1598 1672 1536 1571 1561 1673
1563 1572 1674 1585 1558 1675
1559 1586 1676 1541 1630 1655
1631 1542 1656 1647 1543 1635
1636 1544 1648 1545 1625 1669
1626 1546 1670 1589 1677 1550
1671 1535 1624 1536 1672 1623
1678 1590 1552 1579 1571 1679
1572 1580 1680 1667 1547 1633
1634 1548 1668 1607 1565 1681
1566 1608 1682 1588 1579 1683
1580 1587 1684 1615 1562 1685
1564 1616 1686 1550 1677 1609
1678 1552 1610 1553 1647 1665
1648 1554 1666 1587 1593 1687
1594 1588 1688 1613 1574 1689
1575 1614 1690 1691 1605 1549
1570 1618 1692 1617 1569 1693
1623 1694 1555 1606 1695 1551
1625 1567 1696 1568 1626 1697
1698 1624 1556 1599 1594 1699
1593 1600 1700 1600 1599 1701
1611 1585 1702 1586 1612 1703
1555 1694 1629 1698 1556 1632
1558 1655 1675 1656 1559 1676
1562 1641 1685 1642 1564 1686
1567 1637 1696 1638 1568 1697
1565 1645 1681 1646 1566 1682
1561 1665 1673 1666 1563 1674
1621 1704 1583 1629 1705 1557
1706 1622 1584 1691 1549 1643
1707 1632 1560 1551 1695 1644
1570 1692 1652 1693 1569 1653
1557 1705 1639 1708 1619 1577
1620 1709 1578 1707 1560 1640
1679 1571 1673 1674 1572 1680
1637 1581 1710 1582 1638 1711
1689 1574 1667 1668 1575 1690
1627 1611 1712 1612 1628 1713
1581 1650 1710 1651 1582 1711
1639 1714 1573 1715 1640 1576
1683 1579 1679 1680 1580 1684
1633 1607 1716 1608 1634 1717
1630 1613 1718 1614 1631 1719
1573 1714 1649 234 311 1589
1641 1603 1720 1604 1642 1721
307 611 1590 1715 1576 1654
1702 1585 1675 1676 1586 1703
1650 1596 1722 1597 1651 1723
1583 1704 1657 1706 1584 1658
1684 1587 1687 1688 1588 1683
1708 1577 1662 1578 1709 1664
1722 1596 1660 1649 1724 1591
1597 1723 1661 1725 1654 1592
1591 1724 1659 1725 1592 1663
1687 1593 1700 1699 1594 1688
1601 1726 1660 1727 1602 1661
1659 1726 1601 1727 1663 1602
1728 1643 1595 1644 1729 1598
1701 1599 1699 1700 1600 1701
1603 1669 1720 1670 1604 1721
1635 1627 1730 1628 1636 1731
1645 1617 1732 1618 1646 1733
1616 1652 1734 1653 1615 1735
1609 1736 1621 1737 1610 1622
1607 1681 1716 1682 1608 1717
1728 1595 1671 1598 1729 1672
1712 1611 1702 1703 1612 1713
1718 1613 1689 1690 1614 1719
1589 311 1677 307 1590 1678
1655 1630 1738 1631 1656 1739
1686 1616 1734 1735 1615 1685
1647 1635 1740 1669 1625 1741
1626 1670 1742 1636 1648 1743
1744 1662 1605 1617 1693 1732
1692 1618 1733 1664 1745 1606
1667 1633 1746 1634 1668 1747
1748 1671 1624 1672 1749 1623
1697 1626 1742 1625 1696 1741
1657 1750 1620 1751 1658 1619
1730 1627 1712 1713 1628 1731
1744 1605 1691 1606 1745 1695
1665 1647 1752 1648 1666 1753
1623 1749 1694 1748 1624 1698
1621 1736 1704 1737 1622 1706
1630 1718 1738 1719 1631 1739
1638 1697 1754 1696 1637 1755
1685 1641 1756 1642 1686 1757
1675 1655 1758 1656 1676 1759
1746 1633 1716 1717 1634 1747
1681 1645 1760 1646 1682 1761
1694 1762 1629 1673 1665 1763
1666 1674 1764 1765 1698 1632
1620 1750 1709 1751 1619 1708
1677 1766 1609 1767 1678 1610
1637 1710 1755 1711 1638 1754
1740 1635 1730 1731 1636 1743
1629 1762 1705 1652 1692 1768
1693 1653 1769 1765 1632 1707
1641 1720 1756 1721 1642 1757
1679 1673 1770 1674 1680 1771
1689 1667 1772 1668 1690 1773
1705 1774 1639 1775 1707 1640
1710 1650 1776 1651 1711 1777
1778 1691 1643 1695 1779 1644
1645 1732 1760 1639 1774 1714
1733 1646 1761 1775 1640 1715
1776 1650 1722 1651 1777 1723
1683 1679 1780 1680 1684 1781
1647 1740 1752 1743 1648 1753
1652 1768 1734 1769 1653 1735
1702 1675 1782 1676 1703 1783
1714 1784 1649 1655 1738 1758
1739 1656 1759 1785 1715 1654
1660 1786 1722 1787 1661 1723
1649 1784 1724 1684 1687 1788
1688 1683 1789 1609 1766 1736
1785 1654 1725 1767 1610 1737
1778 1643 1728 1726 1786 1660
1644 1779 1729 1787 1727 1661
1724 1790 1659 1659 1790 1726
1791 1725 1663 1791 1663 1727
1687 1700 1792 1699 1688 1793
1720 1669 1794 1670 1721 1795
1701 1699 1796 1700 1701 1797
1665 1752 1763 1753 1666 1764
1772 1667 1746 1668 1773 1747
1798 1708 1662 1709 1799 1664
1704 1800 1657 1801 1706 1658
1716 1681 1802 1682 1717 1803
1742 1670 1795 1669 1741 1794
1718 1689 1804 1712 1702 1805
1703 1713 1806 1690 1719 1807
1770 1673 1763 1764 1674 1771
1808 1728 1671 1729 1809 1672
1686 1734 1810 1735 1685 1811
1798 1662 1744 1675 1758 1782
1759 1676 1783 1664 1799 1745
1732 1693 1812 1692 1733 1813
1657 1800 1750 1780 1679 1770
1771 1680 1781 1801 1658 1751
1808 1671 1748 1672 1809 1749
1681 1760 1802 1761 1682 1803
1697 1742 1814 1741 1696 1815
1757 1686 1810 1685 1756 1811
1781 1684 1788 1789 1683 1780
311 222 1677 224 307 1678
1730 1712 1816 1713 1731 1817
1754 1697 1814 1696 1755 1815
1788 1687 1792 1793 1688 1789
1768 1692 1813 1804 1689 1772
1693 1769 1812 1773 1690 1807
1796 1699 1793 1792 1700 1797
1749 1818 1694 1819 1748 1698
1797 1701 1796 1805 1702 1782
1783 1703 1806 1738 1718 1820
1719 1739 1821 1822 1744 1691
1745 1823 1695 1746 1716 1824
1717 1747 1825 1694 1818 1762
1819 1698 1765 1711 1754 1826
1755 1710 1827 1740 1730 1828
1731 1743 1829 1736 1830 1704
1831 1737 1706 1677 222 1766
1711 1826 1777 1827 1710 1776
1756 1720 1832 1721 1757 1833
224 1678 1767 1762 1834 1705
1835 1765 1707 1822 1691 1778
1695 1823 1779 1705 1834 1774
1750 1836 1709 1837 1751 1708
1835 1707 1775 1816 1712 1805
1713 1817 1806 1760 1732 1838
1733 1761 1839 1722 1840 1776
1841 1723 1777 1716 1802 1824
1803 1717 1825 1720 1794 1832
1795 1721 1833 1734 1768 1842
1769 1735 1843 1774 1844 1714
1752 1740 1845 1743 1753 1846
1718 1804 1820 1807 1719 1821
1847 1775 1715 1786 1840 1722
1841 1787 1723 1714 1844 1784
1847 1715 1785 1758 1738 1848
1739 1759 1849 1726 1850 1786
1851 1727 1787 1784 1852 1724
1853 1785 1725 1790 1850 1726
1724 1852 1790 1851 1791 1727
1853 1725 1791 1704 1830 1800
1831 1706 1801 1709 1836 1799
1837 1708 1798 1763 1752 1854
1732 1812 1838 1772 1746 1855
1753 1764 1856 1813 1733 1839
1810 1734 1842 1747 1773 1857
1843 1735 1811 1858 1778 1728
1779 1859 1729 1828 1730 1816
1817 1731 1829 1742 1795 1860
1794 1741 1861 1858 1728 1808
1729 1859 1809 1770 1763 1862
1764 1771 1863 1814 1742 1860
1741 1815 1861 1738 1820 1848
1782 1758 1864 1821 1739 1849
1759 1783 1865 1845 1740 1828
1829 1743 1846 1766 1866 1736
1867 1767 1737 1780 1770 1868
1771 1781 1869 1855 1746 1824
1825 1747 1857 1802 1760 1870
1761 1803 1871 1872 1798 1744
1799 1873 1745 1757 1810 1874
1811 1756 1875 1809 1876 1749
1877 1808 1748 1781 1788 1878
1789 1780 1879 1754 1814 1880
1815 1755 1881 1752 1845 1854
1846 1753 1856 1768 1813 1882
1812 1769 1883 1804 1772 1884
1773 1807 1885 1788 1792 1886
1793 1789 1887 1800 1888 1750
1889 1801 1751 1749 1876 1818
1877 1748 1819 1792 1797 1890
1796 1793 1891 1797 1796 1892
1872 1744 1822 1745 1873 1823
1754 1880 1826 1881 1755 1827
1805 1782 1893 1783 1806 1894
1833 1757 1874 1756 1832 1875
1758 1848 1864 1849 1759 1865
1760 1838 1870 1839 1761 1871
1736 1866 1830 1867 1737 1831
1763 1854 1862 1856 1764 1863
1818 1895 1762 1896 1819 1765
1768 1882 1842 1883 1769 1843
1897 1777 1826 1776 1898 1827
1750 1888 1836 1762 1895 1834
1889 1751 1837 1896 1765 1835
1897 1841 1777 1840 1898 1776
1868 1770 1862 1863 1771 1869
1884 1772 1855 1773 1885 1857
1816 1805 1899 1806 1817 1900
1834 1901 1774 1902 1835 1775
1795 1833 1903 1832 1794 1904
1824 1802 1905 1803 1825 1906
1774 1901 1844 1907 1822 1778
1823 1908 1779 1786 1909 1840
1902 1775 1847 1910 1787 1841
1879 1780 1868 1869 1781 1878
1820 1804 1911 1807 1821 1912
1893 1782 1864 1865 1783 1894
1850 1909 1786 1910 1851 1787
1844 1913 1784 1914 1847 1785
1784 1913 1852 1790 1915 1850
1914 1785 1853 1916 1791 1851
1852 1915 1790 1878 1788 1886
1887 1789 1879 1916 1853 1791
222 302 1766 301 224 1767
1860 1795 1903 1794 1861 1904
1907 1778 1858 1779 1908 1859
1886 1792 1890 1891 1793 1887
1892 1796 1891 1890 1797 1892
1810 1842 1917 1843 1811 1918
1838 1812 1919 1813 1839 1920
1828 1816 1921 1817 1829 1922
1802 1870 1905 1871 1803 1906
1836 1923 1799 1924 1837 1798
1830 1925 1800 1926 1831 1801
1911 1804 1884 1885 1807 1912
1899 1805 1893 1806 1900 1894
1874 1810 1917 1918 1811 1875
1814 1860 1927 1861 1815 1928
1848 1820 1929 1821 1849 1930
1766 302 1866 1882 1813 1920
1812 1883 1919 1859 1931 1809
1932 1858 1808 301 1767 1867
1845 1828 1933 1829 1846 1934
1799 1923 1873 1924 1798 1872
1855 1824 1935 1825 1857 1936
1814 1927 1880 1928 1815 1881
1809 1931 1876 1932 1808 1877
1800 1925 1888 1926 1801 1889
1921 1816 1899 1900 1817 1922
1854 1845 1937 1846 1856 1938
1939 1826 1880 1827 1940 1881
1833 1874 1941 1875 1832 1942
1876 1943 1818 1944 1877 1819
1820 1911 1929 1912 1821 1930
1870 1838 1945 1839 1871 1946
1864 1848 1947 1935 1824 1905
1849 1865 1948 1906 1825 1936
1939 1897 1826 1898 1940 1827
1818 1943 1895 1862 1854 1949
1856 1863 1950 1944 1819 1896
1873 1951 1823 1952 1872 1822
1842 1882 1953 1883 1843 1954
1933 1828 1921 1922 1829 1934
1903 1833 1941 1832 1904 1942
1955 1841 1897 1840 1956 1898
1895 1957 1834 1958 1896 1835
1884 1855 1959 1857 1885 1960
1868 1862 1961 1863 1869 1962
1955 1910 1841 1909 1956 1840
1834 1957 1901 1958 1835 1902
1823 1951 1908 1838 1919 1945
1952 1822 1907 1920 1839 1946
1866 1963 1830 1964 1867 1831
1842 1953 1917 1954 1843 1918
1888 1965 1836 1966 1889 1837
1879 1868 1967 1869 1878 1968
1901 1969 1844 1845 1933 1937
1934 1846 1938 1970 1902 1847
1850 1971 1909 1972 1851 1910
1893 1864 1973 1865 1894 1974
1844 1969 1913 1970 1847 1914
1915 1971 1850 1972 1916 1851
1848 1929 1947 1930 1849 1948
1913 1975 1852 1852 1975 1915
1976 1914 1853 1976 1853 1916
1878 1886 1977 1887 1879 1978
1904 1861 1979 1860 1903 1980
1886 1890 1981 1891 1887 1982
1890 1892 1983 1892 1891 1984
1959 1855 1935 1857 1960 1936
1854 1937 1949 1938 1856 1950
1836 1965 1923 1966 1837 1924
1860 1980 1927 1979 1861 1928
1908 1985 1859 1830 1963 1925
1986 1907 1858 1905 1870 1987
1871 1906 1988 1964 1831 1926
1911 1884 1989 1885 1912 1990
1899 1893 1991 1894 1900 1992
1874 1917 1993 1961 1862 1949
1918 1875 1994 1950 1863 1962
1859 1985 1931 1986 1858 1932
1864 1947 1973 1948 1865 1974
1882 1920 1995 1919 1883 1996
1997 1880 1927 1881 1998 1928
1967 1868 1961 1962 1869 1968
1870 1945 1987 1946 1871 1988
1941 1874 1993 1875 1942 1994
1997 1939 1880 1940 1998 1881
1968 1878 1977 1978 1879 1967
1931 1999 1876 2000 1932 1877
1923 2001 1873 2002 1924 1872
1921 1899 2003 1900 1922 2004
1882 1995 1953 1996 1883 1954
1989 1884 1959 1960 1885 1990
1977 1886 1981 1982 1887 1978
302 221 1866 231 301 1867
1876 1999 1943 2000 1877 1944
1981 1890 1983 1984 1891 1982
1983 1892 1984 1991 1893 1973
1974 1894 1992 1929 1911 2005
1912 1930 2006 1925 2007 1888
1935 1905 2008 1906 1936 2009
2010 1926 1889 2011 1897 1939
1898 2012 1940 1873 2001 1951
2002 1872 1952 2011 1955 1897
1956 2012 1898 1943 2013 1895
1903 1941 2014 2015 1944 1896
1942 1904 2016 1933 1921 2017
1922 1934 2018 1895 2013 1957
2015 1896 1958 1866 221 1963
231 1867 1964 2019 1910 1955
1909 2020 1956 1888 2007 1965
1945 1919 2021 1920 1946 2022
2010 1889 1966 1903 2014 1980
2016 1904 1979 2003 1899 1991
1900 2004 1992 1957 2023 1901
1971 2020 1909 2019 1972 1910
2024 1958 1902 1917 1953 2025
1954 1918 2026 1905 1987 2008
1988 1906 2009 1901 2023 1969
2024 1902 1970 1911 1989 2005
1990 1912 2006 1937 1933 2027
1934 1938 2028 1915 2029 1971
2030 1916 1972 1969 2031 1913
1975 2029 1915 2032 1970 1914
1951 2033 1908 2030 1976 1916
2034 1952 1907 1913 2031 1975
1947 1929 2035 1930 1948 2036
2032 1914 1976 1993 1917 2025
2026 1918 1994 1995 1920 2022
1919 1996 2021 1959 1935 2037
1936 1960 2038 1908 2033 1985
2034 1907 1986 1949 1937 2039
1938 1950 2040 2017 1921 2003
2004 1922 2018 1928 2041 1979
2042 1927 1980 2042 1997 1927
1998 2041 1928 1965 2043 1923
1961 1949 2044 1950 1962 2045
2046 1966 1924 1929 2005 2035
2006 1930 2036 1973 1947 2047
1948 1974 2048 1963 2049 1925
2027 1933 2017 2018 1934 2028
1985 2050 1931 2051 1964 1926
2052 1986 1932 2037 1935 2008
1936 2038 2009 1962 1968 2053
1967 1961 2054 1987 1945 2055
1946 1988 2056 1941 1993 2057
1994 1942 2058 1923 2043 2001
2046 1924 2002 1931 2050 1999
2052 1932 2000 1997 2059 1939
1940 2060 1998 1968 1977 2061
1978 1967 2062 1953 1995 2063
1996 1954 2064 1989 1959 2065
1960 1990 2066 1937 2027 2039
2028 1938 2040 2059 2011 1939
2012 2060 1940 1977 1981 2067
1982 1978 2068 1941 2057 2014
2058 1942 2016 1925 2049 2007
2051 1926 2010 1981 1983 2069
1984 1982 2070 1991 1973 2071
1974 1992 2072 1983 1984 2073
1945 2021 2055 2022 1946 2056
1999 2074 1943 2075 2000 1944
1947 2035 2047 2036 1948 2048
1949 2039 2044 2040 1950 2045
1953 2063 2025 2064 1954 2026
2076 1955 2011 1943 2074 2013
1956 2077 2012 2075 1944 2015
2076 2019 1955 2020 2077 1956
2001 2078 1951 2079 2002 1952
2065 1959 2037 1960 2066 2038
2013 2080 1957 2081 2015 1958
2054 1961 2044 2045 1962 2053
1957 2080 2023 2082 1980 2014
1979 2083 2016 2081 1958 2024
2084 1972 2019 1971 2085 2020
2003 1991 2086 1992 2004 2087
2008 1987 2088 1988 2009 2089
2029 2085 1971 2084 2030 1972
1951 2078 2033 2023 2090 1969
2079 1952 2034 2005 1989 2091
2092 2024 1970 1990 2006 2093
2053 1968 2061 2062 1967 2054
1969 2090 2031 2092 1970 2032
1975 2094 2029 2095 1976 2030
2031 2094 1975 2071 1973 2047
2095 2032 1976 2048 1974 2072
2041 2083 1979 2082 2042 1980
2007 2096 1965 2097 2010 1966
2061 1977 2067 2068 1978 2062
221 564 1963 364 231 1964
1993 2025 2098 2026 1994 2099
1995 2022 2100 2021 1996 2101
2067 1981 2069 2070 1982 2068
2069 1983 2073 2073 1984 2070
2017 2003 2102 2004 2018 2103
1987 2055 2088 2056 1988 2089
2033 2104 1985 2105 2034 1986
1965 2096 2043 2097 1966 2046
2091 1989 2065 2066 1990 2093
2042 2106 1997 1993 2098 2057
1998 2107 2041 2099 1994 2058
2086 1991 2071 1992 2087 2072
1963 564 2049 2063 1995 2100
1996 2064 2101 364 1964 2051
2035 2005 2108 2006 2036 2109
1985 2104 2050 2105 1986 2052
2106 2059 1997 2060 2107 1998
2027 2017 2110 2018 2028 2111
2037 2008 2112 2009 2038 2113
2102 2003 2086 2004 2103 2087
2050 2114 1999 2115 2052 2000
2116 2011 2059 2012 2117 2060
2039 2027 2118 2028 2040 2119
2120 2014 2057 2016 2121 2058
2043 2122 2001 2123 2046 2002
1999 2114 2074 2115 2000 2075
2116 2076 2011 2077 2117 2012
2005 2091 2108 2093 2006 2109
2022 2056 2124 2055 2021 2125
2112 2008 2088 2089 2009 2113
2047 2035 2126 2036 2048 2127
2025 2063 2128 2064 2026 2129
2044 2039 2130 2040 2045 2131
2120 2082 2014 2083 2121 2016
2001 2122 2078 2123 2002 2079
2074 2132 2013 2133 2075 2015
2049 2134 2007 2110 2017 2102
2103 2018 2111 2135 2019 2076
2020 2136 2077 2137 2051 2010
2013 2132 2080 2133 2015 2081
2135 2084 2019 2085 2136 2020
2065 2037 2138 2038 2066 2139
2054 2044 2140 2045 2053 2141
2100 2022 2124 2021 2101 2125
2080 2142 2023 2025 2128 2098
2129 2026 2099 2143 2081 2024
2029 2144 2085 2145 2030 2084
2023 2142 2090 2143 2024 2092
2094 2144 2029 2145 2095 2030
2090 2146 2031 2031 2146 2094
2147 2092 2032 2147 2032 2095
2053 2061 2148 2062 2054 2149
2027 2110 2118 2111 2028 2119
2007 2134 2096 2071 2047 2150
2048 2072 2151 2137 2010 2097
2035 2108 2126 2109 2036 2127
2041 2152 2083 2153 2042 2082
2078 2154 2033 2155 2079 2034
2061 2067 2156 2068 2062 2157
2067 2069 2158 2070 2068 2159
2138 2037 2112 2038 2139 2113
2107 2152 2041 2153 2106 2042
2069 2073 2160 2073 2070 2161
2039 2118 2130 2119 2040 2131
2088 2055 2162 2056 2089 2163
2033 2154 2104 2155 2034 2105
2091 2065 2164 2165 2057 2098
2066 2093 2166 2058 2167 2099
2086 2071 2168 2072 2087 2169
2140 2044 2130 2131 2045 2141
2063 2100 2170 2101 2064 2171
2047 2126 2150 2127 2048 2151
2106 2172 2059 2060 2173 2107
2096 2174 2043 2175 2097 2046
2104 2176 2050 2177 2105 2052
2124 2056 2163 2055 2125 2162
2165 2120 2057 2121 2167 2058
2141 2053 2148 2149 2054 2140
2172 2116 2059 2117 2173 2060
564 512 2049 2050 2176 2114
868 364 2051 2177 2052 2115
2063 2170 2128 2171 2064 2129
2148 2061 2156 2157 2062 2149
2102 2086 2178 2087 2103 2179
2043 2174 2122 2164 2065 2138
2066 2166 2139 2175 2046 2123
2156 2067 2158 2159 2068 2157
2180 2076 2116 2077 2181 2117
2158 2069 2160 2161 2070 2159
2168 2071 2150 2151 2072 2169
2108 2091 2182 2093 2109 2183
2073 2161 2160 2112 2088 2184
2089 2113 2185 2114 2186 2074
2187 2115 2075 2180 2135 2076
2136 2181 2077 2049 512 2134
868 2051 2137 2188 2082 2120
2083 2189 2121 2074 2186 2132
2187 2075 2133 2110 2102 2190
2103 2111 2191 2192 2084 2135
2085 2193 2136 2132 2194 2080
2195 2133 2081 2192 2145 2084
2122 2196 2078 2144 2193 2085
2197 2123 2079 2188 2153 2082
2152 2189 2083 2100 2124 2198
2125 2101 2199 2080 2194 2142
2195 2081 2143 2200 2098 2128
2099 2201 2129 2088 2162 2184
2163 2089 2185 2178 2086 2168
2087 2179 2169 2094 2202 2144
2203 2095 2145 2142 2204 2090
2205 2143 2092 2146 2202 2094
2203 2147 2095 2090 2204 2146
2205 2092 2147 2091 2164 2182
2166 2093 2183 2118 2110 2206
2111 2119 2207 2078 2196 2154
2126 2108 2208 2109 2127 2209
2197 2079 2155 2200 2165 2098
2167 2201 2099 2170 2100 2198
2101 2171 2199 2138 2112 2210
2113 2139 2211 2107 2212 2152
2213 2106 2153 2134 2214 2096
2215 2137 2097 2130 2118 2216
2119 2131 2217 2190 2102 2178
2103 2191 2179 2213 2172 2106
2173 2212 2107 2154 2218 2104
2219 2155 2105 2140 2130 2220
2131 2141 2221 2096 2214 2174
2108 2182 2208 2183 2109 2209
2215 2097 2175 2150 2126 2222
2127 2151 2223 2104 2218 2176
2219 2105 2177 2206 2110 2190
2191 2111 2207 2210 2112 2184
2113 2211 2185 2124 2163 2224
2162 2125 2225 2165 2226 2120
2121 2227 2167 2141 2148 2228
2149 2140 2229 2230 2116 2172
2117 2231 2173 2232 2128 2170
2233 2171 2129 2148 2156 2234
2157 2149 2235 2230 2180 2116
2181 2231 2117 2164 2138 2236
2139 2166 2237 2176 2238 2114
2239 2177 2115 2226 2188 2120
2189 2227 2121 2118 2206 2216
2207 2119 2217 2156 2158 2240
2159 2157 2241 2114 2238 2186
2158 2160 2242 2168 2150 2243
2151 2169 2244 2161 2159 2245
2198 2124 2224 2125 2199 2225
2239 2115 2187 2160 2161 2246
2174 2247 2122 2248 2175 2123
2126 2208 2222 2209 2127 2223
2249 2135 2180 2136 2250 2181
2232 2200 2128 2201 2233 2129
2130 2216 2220 2217 2131 2221
2249 2192 2135 2193 2250 2136
2186 2251 2132 2252 2187 2133
2132 2251 2194 2122 2247 2196
2252 2133 2195 2248 2123 2197
2236 2138 2210 2139 2237 2211
2253 2145 2192 2144 2254 2193
2152 2255 2189 2256 2153 2188
2221 2141 2228 2229 2140 2220
2202 2254 2144 2253 2203 2145
512 37 2134 2194 2257 2142
2258 2195 2143 583 868 2137
2142 2257 2204 2258 2143 2205
2163 2185 2259 2184 2162 2260
2178 2168 2261 2169 2179 2262
2146 2263 2202 2264 2147 2203
2204 2263 2146 2264 2205 2147
2182 2164 2265 2166 2183 2266
2228 2148 2234 2235 2149 2229
2212 2255 2152 2243 2150 2222
2223 2151 2244 2256 2213 2153
2234 2156 2240 2241 2157 2235
2200 2267 2165 2167 2268 2201
2134 37 2214 2198 2269 2170
2270 2199 2171 2196 2271 2154
583 2137 2215 2272 2197 2155
2240 2158 2242 2245 2159 2241
2160 2246 2242 2246 2161 2245
2224 2163 2259 2162 2225 2260
2190 2178 2273 2179 2191 2274
2154 2271 2218 2272 2155 2219
2275 2172 2213 2173 2276 2212
2267 2226 2165 2227 2268 2167
2265 2164 2236 2237 2166 2266
2261 2168 2243 2169 2262 2244
2269 2232 2170 2233 2270 2171
2208 2182 2277 2183 2209 2278
2275 2230 2172 2231 2276 2173
2210 2184 2279 2185 2211 2280
2206 2190 2281 2191 2207 2282
2218 2283 2176 2284 2219 2177
2214 2285 2174 2286 2215 2175
2287 2180 2230 2181 2288 2231
2176 2283 2238 2284 2177 2239
2273 2178 2261 2179 2274 2262
2289 2188 2226 2189 2290 2227
2207 2217 2291 2216 2206 2292
2287 2249 2180 2250 2288 2181
2174 2285 2247 2286 2175 2248
2224 2293 2198 2294 2225 2199
2182 2265 2277 2266 2183 2278
2259 2185 2280 2279 2184 2260
2222 2208 2295 2238 2296 2186
2209 2223 2297 2298 2239 2187
2299 2200 2232 2201 2300 2233
2289 2256 2188 2255 2290 2189
2301 2192 2249 2193 2302 2250
2186 2296 2251 2298 2187 2252
2220 2216 2303 2217 2221 2304
2301 2253 2192 2281 2190 2273
2254 2302 2193 2274 2191 2282
2251 2305 2194 2306 2252 2195
2236 2210 2307 2211 2237 2308
2202 2309 2254 2310 2203 2253
2194 2305 2257 2306 2195 2258
2293 2269 2198 2270 2294 2199
2221 2228 2311 2229 2220 2312
2263 2309 2202 2310 2264 2203
2299 2267 2200 2268 2300 2201
2257 2313 2204 2314 2258 2205
2204 2313 2263 2314 2205 2264
2247 2315 2196 2316 2248 2197
2212 2317 2255 2318 2213 2256
2206 2281 2292 2282 2207 2291
2228 2234 2319 2235 2229 2320
2243 2222 2321 2223 2244 2322
2208 2277 2295 2278 2209 2297
2196 2315 2271 2316 2197 2272
2234 2240 2323 2241 2235 2324
2276 2317 2212 2318 2275 2213
2307 2210 2279 2211 2308 2280
2240 2242 2325 2245 2241 2326
2259 2327 2224 2328 2260 2225
2242 2246 2329 2246 2245 2330
2216 2292 2303 2291 2217 2304
37 319 2214 2267 2331 2226
2227 2332 2268 801 583 2215
2265 2236 2333 2237 2266 2334
2261 2243 2335 2244 2262 2336
2271 2337 2218 2338 2232 2269
2233 2339 2270 2340 2272 2219
2220 2303 2312 2304 2221 2311
2341 2230 2275 2231 2342 2276
2222 2295 2321 2297 2223 2322
2218 2337 2283 2331 2289 2226
2327 2293 2224 2294 2328 2225
2290 2332 2227 2340 2219 2284
2214 319 2285 2341 2287 2230
2288 2342 2231 801 2215 2286
2311 2228 2319 2320 2229 2312
2338 2299 2232 2300 2339 2233
2319 2234 2323 2324 2235 2320
2333 2236 2307 2237 2334 2308
2273 2261 2343 2262 2274 2344
2283 2345 2238 2346 2284 2239
2347 2249 2287 2250 2348 2288
2323 2240 2325 2326 2241 2324
2335 2243 2321 2322 2244 2336
2238 2345 2296 2277 2265 2349
2266 2278 2350 2280 2351 2259
2352 2279 2260 2347 2301 2249
2346 2239 2298 2302 2348 2250
2242 2329 2325 2330 2245 2326
2246 2330 2329 2353 2256 2289
2255 2354 2290 2285 2355 2247
2356 2286 2248 2296 2357 2251
2358 2253 2301 2254 2359 2302
2360 2298 2252 2281 2273 2361
2274 2282 2362 2251 2357 2305
2358 2310 2253 2309 2359 2254
2360 2252 2306 2317 2354 2255
2353 2318 2256 2305 2363 2257
2293 2364 2269 2365 2294 2270
2263 2366 2309 2367 2306 2258
2368 2264 2310 2257 2363 2313
2313 2366 2263 2367 2258 2314
2368 2314 2264 2369 2267 2299
2268 2370 2300 2247 2355 2315
2356 2248 2316 2351 2327 2259
2328 2352 2260 2343 2261 2335
2262 2344 2336 2349 2265 2333
2334 2266 2350 2282 2291 2371
2292 2281 2372 2295 2277 2373
2278 2297 2374 2369 2331 2267
2332 2370 2268 2364 2338 2269
2339 2365 2270 2276 2375 2317
2376 2275 2318 2377 2307 2279
2308 2378 2280 2315 2379 2271
2380 2316 2272 2303 2292 2381
2291 2304 2382 2361 2273 2343
2274 2362 2344 2376 2341 2275
2342 2375 2276 2271 2379 2337
2380 2272 2340 2312 2303 2383
2304 2311 2384 2277 2349 2373
2350 2278 2374 2321 2295 2385
2297 2322 2386 2378 2351 2280
2352 2377 2279 2331 2387 2289
2290 2388 2332 2372 2281 2361
2362 2282 2371 2389 2293 2327
2390 2328 2294 2391 2287 2341
2288 2392 2342 2311 2319 2393
2320 2312 2394 2337 2395 2283
2396 2340 2284 2391 2347 2287
2348 2392 2288 2397 2299 2338
2300 2398 2339 2283 2395 2345
319 777 2285 2319 2323 2399
2324 2320 2400 2387 2353 2289
2354 2388 2290 2396 2284 2346
2401 2333 2307 2334 2402 2308
248 801 2286 2371 2291 2382
2292 2372 2381 2323 2325 2403
2326 2324 2404 2365 2390 2294
2389 2364 2293 2405 2301 2347
2302 2406 2348 2335 2321 2407
2322 2336 2408 2325 2329 2409
2330 2326 2410 2329 2330 2411
2345 2412 2296 2295 2373 2385
2374 2297 2386 2413 2346 2298
2397 2369 2299 2370 2398 2300
2405 2358 2301 2359 2406 2302
2285 777 2355 248 2286 2356
2296 2412 2357 2413 2298 2360
2303 2381 2383 2382 2304 2384
2414 2310 2358 2309 2415 2359
2357 2416 2305 2417 2360 2306
2366 2415 2309 2414 2368 2310
2317 2418 2354 2419 2318 2353
2305 2416 2363 2377 2401 2307
2402 2378 2308 2417 2306 2367
2313 2420 2366 2421 2314 2368
2363 2420 2313 2421 2367 2314
2394 2312 2383 2384 2311 2393
2422 2327 2351 2328 2423 2352
2343 2335 2424 2336 2344 2425
2426 2349 2333 2350 2427 2334
2375 2418 2317 2419 2376 2318
2355 2428 2315 2429 2356 2316
2407 2321 2385 2386 2322 2408
2393 2319 2399 2400 2320 2394
2369 2430 2331 2332 2431 2370
2364 2432 2338 2339 2433 2365
2399 2323 2403 2404 2324 2400
2315 2428 2379 2429 2316 2380
2325 2409 2403 2410 2326 2404
2422 2389 2327 2390 2423 2328
2329 2411 2409 2411 2330 2410
2361 2343 2434 2344 2362 2435
2342 2436 2375 2437 2341 2376
2430 2387 2331 2388 2431 2332
2401 2426 2333 2427 2402 2334
2432 2397 2338 2398 2433 2339
2424 2335 2407 2336 2425 2408
2437 2391 2341 2392 2436 2342
2379 2438 2337 2439 2373 2349
2374 2440 2350 2441 2380 2340
2442 2351 2378 2352 2443 2377
2372 2361 2444 2362 2371 2445
2337 2438 2395 2441 2340 2396
2446 2347 2391 2348 2447 2392
2448 2353 2387 2354 2449 2388
2446 2405 2347 2406 2447 2348
2434 2343 2424 2344 2435 2425
2395 2450 2345 2451 2396 2346
2371 2382 2452 2381 2372 2453
2454 2390 2365 2389 2455 2364
2442 2422 2351 2426 2439 2349
2345 2450 2412 2423 2443 2352
2440 2427 2350 2451 2346 2413
2456 2358 2405 2359 2457 2406
2458 2385 2373 2386 2459 2374
2460 2369 2397 2418 2449 2354
2448 2419 2353 2370 2461 2398
2456 2414 2358 2415 2457 2359
2412 2462 2357 2463 2413 2360
2383 2381 2464 2382 2384 2465
2357 2462 2416 2463 2360 2417
2444 2361 2434 2362 2445 2435
2366 2466 2415 2467 2368 2414
777 260 2355 2420 2466 2366
2467 2421 2368 200 248 2356
2416 2468 2363 2469 2417 2367
2363 2468 2420 2377 2470 2401
2469 2367 2421 2402 2471 2378
2455 2432 2364 2433 2454 2365
2460 2430 2369 2431 2461 2370
2394 2383 2472 2384 2393 2473
2375 2474 2418 2475 2376 2419
2355 260 2428 200 2356 2429
2476 2407 2385 2445 2371 2452
2408 2477 2386 2372 2444 2453
2400 2394 2478 2393 2399 2479
2439 2458 2373 2459 2440 2374
2436 2474 2375 2475 2437 2376
2399 2403 2480 2404 2400 2481
2471 2442 2378 2443 2470 2377
2403 2409 2482 2410 2404 2483
2484 2389 2422 2390 2485 2423
2409 2411 2486 2411 2410 2487
2381 2453 2464 2452 2382 2465
2428 2488 2379 2489 2429 2380
2430 2490 2387 2388 2491 2431
2492 2426 2401 2427 2493 2402
2494 2391 2437 2495 2397 2432
2392 2496 2436 2398 2497 2433
2498 2424 2407 2425 2499 2408
2379 2488 2438 2489 2380 2441
2383 2464 2472 2465 2384 2473
2458 2476 2385 2477 2459 2386
2494 2446 2391 2447 2496 2392
2490 2448 2387 2449 2491 2388
2454 2485 2390 2484 2455 2389
2478 2394 2472 2473 2393 2479
2438 2500 2395 2495 2460 2397
2461 2497 2398 2501 2441 2396
2502 2405 2446 2406 2503 2447
2470 2492 2401 2493 2471 2402
2481 2400 2478 2479 2399 2480
2395 2500 2450 2504 2434 2424
2435 2505 2425 2501 2396 2451
2502 2456 2405 2457 2503 2406
2480 2403 2482 2483 2404 2481
2506 2422 2442 2423 2507 2443
2508 2439 2426 2440 2509 2427
2476 2498 2407 2499 2477 2408
2409 2486 2482 2487 2410 2483
2418 2510 2449 2511 2419 2448
2450 2512 2412 2513 2451 2413
2411 2487 2486 2514 2414 2456
2415 2515 2457 2412 2512 2462
2513 2413 2463 2466 2515 2415
2514 2467 2414 2462 2516 2416
2517 2463 2417 2420 2518 2466
2519 2444 2434 2445 2520 2435
2521 2421 2467 2416 2516 2468
2517 2417 2469 2474 2510 2418
2468 2518 2420 2511 2475 2419
2521 2469 2421 2455 2522 2432
2433 2523 2454 2524 2430 2460
2431 2525 2461 2506 2484 2422
2485 2507 2423 2498 2504 2424
2505 2499 2425 2492 2508 2426
2509 2493 2427 2452 2526 2445
2527 2453 2444 2439 2528 2458
2529 2440 2459 2524 2490 2430
2491 2525 2431 260 239 2428
2436 2530 2474 2531 2437 2475
359 200 2429 2522 2495 2432
2497 2523 2433 2532 2442 2471
2443 2533 2470 2428 239 2488
2496 2530 2436 2531 2494 2437
359 2429 2489 2504 2519 2434
2520 2505 2435 2465 2534 2452
2535 2464 2453 2536 2472 2464
2508 2528 2439 2473 2537 2465
2529 2509 2440 2458 2538 2476
2539 2459 2477 2540 2446 2494
2447 2541 2496 2488 2542 2438
2490 2543 2448 2449 2544 2491
2545 2489 2441 2532 2506 2442
2507 2533 2443 2546 2485 2454
2547 2455 2484 2526 2520 2445
2519 2527 2444 2503 2541 2447
2540 2502 2446 2438 2542 2500
2545 2441 2501 2548 2478 2472
2479 2549 2473 2550 2460 2495
2461 2551 2497 2543 2511 2448
2510 2544 2449 2552 2492 2470
2493 2553 2471 2554 2481 2478
2480 2555 2479 2457 2556 2503
2557 2456 2502 2500 2558 2450
2559 2501 2451 2534 2526 2452
2527 2535 2453 2523 2546 2454
2547 2522 2455 2482 2560 2480
2561 2483 2481 2557 2514 2456
2515 2556 2457 2450 2558 2512
2559 2451 2513 2476 2562 2498
2499 2563 2477 2550 2524 2460
2525 2551 2461 2564 2482 2486
2565 2487 2483 2539 2529 2459
2528 2538 2458 2566 2486 2487
2466 2567 2515 2568 2467 2514
2512 2569 2462 2570 2513 2463
2518 2567 2466 2568 2521 2467
2462 2569 2516 2570 2463 2517
2535 2536 2464 2537 2534 2465
2468 2571 2518 2516 2571 2468
2572 2469 2521 2572 2517 2469
2474 2573 2510 2574 2475 2511
2533 2552 2470 2553 2532 2471
2575 2484 2506 2485 2576 2507
2536 2548 2472 2549 2537 2473
2530 2573 2474 2574 2531 2475
2577 2504 2498 2505 2578 2499
2579 2508 2492 2509 2580 2493
2538 2562 2476 2563 2539 2477
2548 2554 2478 2555 2549 2479
2524 2581 2490 2491 2582 2525
2522 2583 2495 2497 2584 2523
2554 2561 2481 2560 2555 2480
2575 2547 2484 2546 2576 2485
2496 2585 2530 2586 2494 2531
2564 2560 2482 2561 2565 2483
2566 2564 2486 2565 2566 2487
2504 2587 2519 2588 2505 2520
2544 2582 2491 2581 2543 2490
239 536 2488 993 359 2489
2541 2585 2496 2586 2540 2494
2552 2579 2492 2580 2553 2493
2583 2550 2495 2551 2584 2497
2562 2577 2498 2578 2563 2499
2488 536 2542 2508 2589 2528
2590 2509 2529 993 2489 2545
2591 2506 2532 2507 2592 2533
2526 2593 2520 2519 2594 2527
2503 2595 2541 2596 2502 2540
2556 2595 2503 2596 2557 2502
2542 2597 2500 2510 2598 2544
2599 2511 2543 2600 2545 2501
2500 2597 2558 2577 2587 2504
2588 2578 2505 2600 2501 2559
2534 2601 2526 2602 2535 2527
2603 2546 2523 2547 2604 2522
2515 2605 2556 2606 2514 2557
2591 2575 2506 2576 2592 2507
2573 2598 2510 2599 2574 2511
2579 2589 2508 2590 2580 2509
2607 2524 2550 2525 2608 2551
2567 2605 2515 2606 2568 2514
2558 2609 2512 2610 2559 2513
2611 2529 2539 2528 2612 2538
2512 2609 2569 2610 2513 2570
2518 2613 2567 2614 2521 2568
2571 2613 2518 2569 2615 2516
2614 2572 2521 2616 2570 2517
2516 2615 2571 2616 2517 2572
2537 2617 2534 2535 2618 2536
2593 2588 2520 2587 2594 2519
2533 2619 2552 2553 2620 2532
2584 2603 2523 2604 2583 2522
2607 2581 2524 2582 2608 2525
2530 2621 2573 2622 2531 2574
2536 2623 2548 2549 2624 2537
2538 2625 2562 2563 2626 2539
2601 2593 2526 2594 2602 2527
2611 2590 2529 2589 2612 2528
2548 2627 2554 2628 2549 2555
2585 2621 2530 2622 2586 2531
2629 2561 2554 2630 2555 2560
2592 2619 2533 2620 2591 2532
2546 2631 2576 2632 2547 2575
2564 2633 2560 2634 2565 2561
2544 2635 2582 2581 2636 2543
2637 2566 2565 2566 2638 2564
2617 2601 2534 2602 2618 2535
2541 2639 2585 2640 2540 2586
2641 2579 2552 2580 2642 2553
2643 2550 2583 2551 2644 2584
2645 2577 2562 2578 2646 2563
2595 2639 2541 2640 2596 2540
2598 2635 2544 2636 2599 2543
2618 2623 2536 2624 2617 2537
2626 2611 2539 2612 2625 2538
2603 2631 2546 2632 2604 2547
536 988 2542 376 993 2545
2643 2607 2550 2608 2644 2551
2623 2627 2548 2628 2624 2549
2542 988 2597 2556 2647 2595
2648 2557 2596 376 2545 2600
2605 2647 2556 2648 2606 2557
2619 2641 2552 2642 2620 2553
2627 2629 2554 2630 2628 2555
2577 2649 2587 2650 2578 2588
2597 2651 2558 2652 2600 2559
2573 2653 2598 2654 2574 2599
2633 2630 2560 2629 2634 2561
2655 2575 2591 2576 2656 2592
2558 2651 2609 2567 2657 2605
2658 2568 2606 2652 2559 2610
2659 2589 2579 2590 2660 2580
2625 2645 2562 2646 2626 2563
2613 2657 2567 2634 2637 2565
2638 2633 2564 2658 2614 2568
2637 2638 2566 2609 2661 2569
2662 2610 2570 2571 2663 2613
2569 2661 2615 2664 2572 2614
2662 2570 2616 2615 2663 2571
2664 2616 2572 2621 2653 2573
2654 2622 2574 2665 2588 2593
2587 2666 2594 2584 2667 2603
2604 2668 2583 2669 2581 2607
2582 2670 2608 2655 2632 2575
2631 2656 2576 2645 2649 2577
2650 2646 2578 2641 2659 2579
2660 2642 2580 2635 2670 2582
2585 2671 2621 2669 2636 2581
2672 2586 2622 2601 2673 2593
2674 2602 2594 2675 2590 2611
2589 2676 2612 2668 2643 2583
2644 2667 2584 2592 2677 2619
2678 2591 2620 2639 2671 2585
2672 2640 2586 2665 2650 2588
2649 2666 2587 2617 2679 2601
2680 2618 2602 2595 2681 2639
2682 2596 2640 2598 2683 2635
2636 2684 2599 2659 2676 2589
2675 2660 2590 2618 2685 2623
2624 2686 2617 2612 2687 2625
2688 2611 2626 2656 2677 2592
2678 2655 2591 2603 2689 2631
2690 2604 2632 2647 2681 2595
2682 2648 2596 2673 2665 2593
2666 2674 2594 2691 2607 2643
2608 2692 2644 2623 2693 2627
2694 2624 2628 2653 2683 2598
2684 2654 2599 988 17 2597
2605 2695 2647 223 376 2600
2696 2606 2648 2697 2641 2619
2642 2698 2620 2699 2629 2627
2597 17 2651 2700 2628 2630
2657 2695 2605 2696 2658 2606
223 2600 2652 2667 2689 2603
2690 2668 2604 2679 2673 2601
2674 2680 2602 2633 2701 2630
2702 2634 2629 2691 2669 2607
2670 2692 2608 2651 2703 2609
2613 2704 2657 2625 2705 2645
2646 2706 2626 2707 2614 2658
2708 2652 2610 2709 2637 2634
2638 2710 2633 2609 2703 2661
2663 2704 2613 2688 2675 2611
2676 2687 2612 2707 2664 2614
2708 2610 2662 2711 2638 2637
2661 2712 2615 2615 2712 2663
2713 2616 2664 2713 2662 2616
2621 2714 2653 2715 2622 2654
2680 2685 2618 2686 2679 2617
2677 2697 2619 2698 2678 2620
2671 2714 2621 2715 2672 2622
2631 2716 2656 2717 2632 2655
2685 2693 2623 2694 2686 2624
2718 2649 2645 2650 2719 2646
2720 2659 2641 2660 2721 2642
2635 2722 2670 2669 2723 2636
2687 2705 2625 2706 2688 2626
2693 2699 2627 2700 2694 2628
2644 2724 2667 2725 2643 2668
2639 2726 2671 2727 2640 2672
2699 2702 2629 2701 2700 2630
2689 2716 2631 2717 2690 2632
2683 2722 2635 2723 2684 2636
2710 2701 2633 2702 2709 2634
2728 2650 2665 2649 2729 2666
2709 2711 2637 2711 2710 2638
2681 2726 2639 2727 2682 2640
2725 2691 2643 2692 2724 2644
2697 2720 2641 2721 2698 2642
2705 2718 2645 2719 2706 2646
2659 2730 2676 2731 2660 2675
2647 2732 2681 2656 2733 2677
2734 2655 2678 2735 2648 2682
2673 2736 2665 2666 2737 2674
2695 2732 2647 2735 2696 2648
2653 2738 2683 2739 2654 2684
2657 2740 2695 2741 2658 2696
2718 2729 2649 2728 2719 2650
17 320 2651 2667 2742 2689
2690 2743 2668 2704 2740 2657
299 223 2652 2741 2707 2658
2714 2738 2653 2739 2715 2654
2679 2744 2673 2745 2680 2674
2716 2733 2656 2734 2717 2655
2670 2746 2692 2747 2669 2691
2651 320 2703 299 2652 2708
2720 2730 2659 2731 2721 2660
2663 2748 2704 2749 2664 2707
2703 2750 2661 2712 2748 2663
2751 2675 2688 2676 2752 2687
2753 2708 2662 2749 2713 2664
2661 2750 2712 2753 2662 2713
2680 2754 2685 2686 2755 2679
2736 2728 2665 2729 2737 2666
2722 2746 2670 2747 2723 2669
2724 2742 2667 2743 2725 2668
2677 2756 2697 2698 2757 2678
2671 2758 2714 2759 2672 2715
2685 2760 2693 2694 2761 2686
2726 2758 2671 2759 2727 2672
2687 2762 2705 2706 2763 2688
2751 2731 2675 2730 2752 2676
2744 2736 2673 2737 2745 2674
2693 2764 2699 2765 2694 2700
2733 2756 2677 2757 2734 2678
2766 2702 2699 2767 2700 2701
2689 2768 2716 2769 2690 2717
2683 2770 2722 2723 2771 2684
2710 2772 2701 2702 2773 2709
2681 2774 2726 2775 2682 2727
2776 2711 2709 2711 2777 2710
2755 2744 2679 2745 2754 2680
2692 2778 2724 2779 2691 2725
2780 2720 2697 2721 2781 2698
2732 2774 2681 2775 2735 2682
2782 2718 2705 2719 2783 2706
2738 2770 2683 2771 2739 2684
2752 2762 2687 2763 2751 2688
2754 2760 2685 2761 2755 2686
2742 2768 2689 2769 2743 2690
2695 2784 2732 2785 2696 2735
2779 2747 2691 2746 2778 2692
2760 2764 2693 2765 2761 2694
2740 2784 2695 2785 2741 2696
2756 2780 2697 2781 2757 2698
2718 2786 2729 2787 2719 2728
2764 2766 2699 2767 2765 2700
2704 2788 2740 2789 2707 2741
2714 2790 2738 2791 2715 2739
2748 2788 2704 2789 2749 2707
2716 2792 2733 2793 2717 2734
320 204 2703 2720 2794 2730
2731 2795 2721 2772 2767 2701
2766 2773 2702 727 299 2708
2762 2782 2705 2783 2763 2706
2703 204 2750 2712 2796 2748
727 2708 2753 2797 2713 2749
2750 2796 2712 2797 2753 2713
2773 2776 2709 2777 2772 2710
2776 2777 2711 2758 2790 2714
2791 2759 2715 2722 2798 2746
2799 2723 2747 2800 2728 2736
2729 2801 2737 2724 2802 2742
2743 2803 2725 2768 2792 2716
2793 2769 2717 2782 2786 2718
2787 2783 2719 2780 2794 2720
2795 2781 2721 2726 2804 2758
2805 2727 2759 2770 2798 2722
2799 2771 2723 2730 2806 2752
2807 2731 2751 2744 2808 2736
2737 2809 2745 2778 2802 2724
2803 2779 2725 2774 2804 2726
2805 2775 2727 2733 2810 2756
2811 2734 2757 2786 2801 2729
2800 2787 2728 2755 2812 2744
2813 2754 2745 2732 2814 2774
2815 2735 2775 2738 2816 2770
2771 2817 2739 2794 2806 2730
2807 2795 2731 2784 2814 2732
2815 2785 2735 2752 2818 2762
2819 2751 2763 2754 2820 2760
2742 2821 2768 2822 2743 2769
2761 2823 2755 2792 2810 2733
2811 2793 2734 2808 2800 2736
2801 2809 2737 2746 2824 2778
2825 2747 2779 2790 2816 2738
2817 2791 2739 2740 2826 2784
2827 2741 2785 2760 2828 2764
2765 2829 2761 2788 2826 2740
2827 2789 2741 2756 2830 2780
2781 2831 2757 2832 2766 2764
2833 2765 2767 2802 2821 2742
2822 2803 2743 2748 2834 2788
2835 2749 2789 2798 2824 2746
2825 2799 2747 2812 2808 2744
2809 2813 2745 2796 2834 2748
2835 2797 2749 2772 2836 2767
2766 2837 2773 204 300 2750
2750 300 2796 2762 2838 2782
2783 2839 2763 358 727 2753
358 2753 2797 2806 2818 2752
2819 2807 2751 2840 2776 2773
2777 2841 2772 2842 2777 2776
2758 2843 2790 2844 2759 2791
2813 2820 2754 2823 2812 2755
2810 2830 2756 2831 2811 2757
2804 2843 2758 2844 2805 2759
2768 2845 2792 2846 2769 2793
2820 2828 2760 2829 2823 2761
2847 2786 2782 2787 2848 2783
2780 2849 2794 2795 2850 2781
2770 2851 2798 2852 2771 2799
2818 2838 2762 2839 2819 2763
2778 2853 2802 2854 2779 2803
2828 2832 2764 2833 2829 2765
2774 2855 2804 2856 2775 2805
2821 2845 2768 2846 2822 2769
2832 2837 2766 2836 2833 2767
2816 2851 2770 2852 2817 2771
2814 2855 2774 2856 2815 2775
2837 2840 2773 2841 2836 2772
2786 2857 2801 2858 2787 2800
2840 2842 2776 2842 2841 2777
2824 2853 2778 2854 2825 2779
2830 2849 2780 2850 2831 2781
2838 2847 2782 2848 2839 2783
2784 2859 2814 2860 2785 2815
2794 2861 2806 2862 2795 2807
2792 2863 2810 2864 2793 2811
2826 2859 2784 2860 2827 2785
2808 2865 2800 2801 2866 2809
2790 2867 2816 2868 2791 2817
2788 2869 2826 2870 2789 2827
2834 2869 2788 2870 2835 2789
2843 2867 2790 2868 2844 2791
2847 2857 2786 2858 2848 2787
2802 2871 2821 2822 2872 2803
2798 2873 2824 2874 2799 2825
2796 798 2834 2845 2863 2792
2812 2875 2808 2864 2846 2793
2876 2813 2809 748 2797 2835
300 798 2796 748 358 2797
2849 2861 2794 2862 2850 2795
2806 2877 2818 2878 2807 2819
2851 2873 2798 2813 2879 2820
2823 2880 2812 2874 2852 2799
2853 2871 2802 2872 2854 2803
2865 2858 2800 2857 2866 2801
2810 2881 2830 2831 2882 2811
2804 2883 2843 2884 2805 2844
2820 2885 2828 2829 2886 2823
2855 2883 2804 2884 2856 2805
2818 2887 2838 2839 2888 2819
2861 2877 2806 2878 2862 2807
2875 2865 2808 2866 2876 2809
2828 2889 2832 2890 2829 2833
2863 2881 2810 2882 2864 2811
2821 2891 2845 2892 2822 2846
2816 2893 2851 2832 2894 2837
2852 2895 2817 2896 2833 2836
2814 2897 2855 2898 2815 2856
2837 2899 2840 2841 2900 2836
2880 2875 2812 2876 2879 2813
2901 2842 2840 2842 2902 2841
2824 2903 2853 2904 2825 2854
2859 2897 2814 2898 2860 2815
2830 2905 2849 2850 2906 2831
2867 2893 2816 2895 2868 2817
2907 2847 2838 2848 2908 2839
2871 2891 2821 2892 2872 2822
2877 2887 2818 2888 2878 2819
2879 2885 2820 2886 2880 2823
2826 2909 2859 2910 2827 2860
2873 2903 2824 2904 2874 2825
2869 2909 2826 2910 2870 2827
2885 2889 2828 2890 2886 2829
2881 2905 2830 2906 2882 2831
2834 496 2869 373 2835 2870
2843 2911 2867 2912 2844 2868
2847 2913 2857 798 496 2834
2914 2848 2858 373 748 2835
2889 2894 2832 2896 2890 2833
2845 2915 2863 2916 2846 2864
2849 2917 2861 2862 2918 2850
2900 2896 2836 2894 2899 2837
2887 2907 2838 2908 2888 2839
2883 2911 2843 2912 2884 2844
2899 2901 2840 2902 2900 2841
2901 2902 2842 2851 2919 2873
2920 2852 2874 2853 2921 2871
2872 2922 2854 2857 2923 2866
2924 2858 2865 2891 2915 2845
2916 2892 2846 2855 2925 2883
2926 2856 2884 2905 2917 2849
2907 2913 2847 2918 2906 2850
2914 2908 2848 2893 2919 2851
2920 2895 2852 2903 2921 2853
2922 2904 2854 2861 2927 2877
2928 2862 2878 2866 2929 2876
2875 2930 2865 2897 2925 2855
2926 2898 2856 2863 2931 2881
2932 2864 2882 2913 2923 2857
2924 2914 2858 2880 2933 2875
2876 2934 2879 2859 2935 2897
2936 2860 2898 2867 2937 2893
2938 2868 2895 2909 2935 2859
2936 2910 2860 2917 2927 2861
2928 2918 2862 2871 2939 2891
2892 2940 2872 2877 2941 2887
2888 2942 2878 2915 2931 2863
2932 2916 2864 2879 2943 2885
2886 2944 2880 2873 2945 2903
2946 2874 2904 2911 2937 2867
2938 2912 2868 2923 2929 2866
2930 2924 2865 2869 566 2909
2910 246 2870 496 566 2869
2885 2947 2889 246 373 2870
2890 2948 2886 2881 2949 2905
2906 2950 2882 2921 2939 2871
2940 2922 2872 2889 2951 2894
2952 2890 2896 2919 2945 2873
2946 2920 2874 2933 2930 2875
2929 2934 2876 2894 2953 2899
2900 2954 2896 2887 2955 2907
2908 2956 2888 2927 2941 2877
2883 2957 2911 2942 2928 2878
2958 2884 2912 2899 2959 2901
2902 2960 2900 2901 2961 2902
2934 2943 2879 2944 2933 2880
2925 2957 2883 2931 2949 2881
2958 2926 2884 2950 2932 2882
2891 2962 2915 2963 2892 2916
2943 2947 2885 2948 2944 2886
2893 2964 2919 2905 2965 2917
2918 2966 2906 2967 2895 2920
2907 2968 2913 2914 2969 2908
2903 2970 2921 2971 2904 2922
2941 2955 2887 2956 2942 2888
2897 2972 2925 2973 2898 2926
2947 2951 2889 2952 2948 2890
2939 2962 2891 2963 2940 2892
2937 2964 2893 2967 2938 2895
2935 2972 2897 2973 2936 2898
2951 2953 2894 2954 2952 2896
2953 2959 2899 2960 2954 2900
2913 2974 2923 2975 2914 2924
2945 2970 2903 2971 2946 2904
2959 2961 2901 2961 2960 2902
2949 2965 2905 2966 2950 2906
2909 321 2935 273 2910 2936
2955 2968 2907 2969 2956 2908
2917 2976 2927 2977 2918 2928
2915 2978 2931 2979 2916 2932
566 321 2909 273 246 2910
2911 2980 2937 2981 2912 2938
2923 2982 2929 2930 2983 2924
2957 2980 2911 2981 2958 2912
2921 2984 2939 2940 2985 2922
2968 2974 2913 2975 2969 2914
2919 2986 2945 2987 2920 2946
2962 2978 2915 2979 2963 2916
2929 2988 2934 2933 2989 2930
2965 2976 2917 2977 2966 2918
2927 2990 2941 2991 2928 2942
2964 2986 2919 2987 2967 2920
2970 2984 2921 2985 2971 2922
2934 2992 2943 2944 2993 2933
2925 2994 2957 2995 2926 2958
2931 2996 2949 2950 2997 2932
2974 2982 2923 2983 2975 2924
2972 2994 2925 2995 2973 2926
2943 2998 2947 2948 2999 2944
2976 2990 2927 2991 2977 2928
2941 3000 2955 2956 3001 2942
2982 2988 2929 2989 2983 2930
2947 3002 2951 3003 2948 2952
2978 2996 2931 2997 2979 2932
2937 3004 2964 2939 3005 2962
3006 2940 2963 2967 3007 2938
2935 686 2972 2973 127 2936
2951 3008 2953 3009 2952 2954
2960 3010 2954 2953 3011 2959
2945 3012 2970 3013 2946 2971
321 686 2935 127 273 2936
2988 2992 2934 2993 2989 2933
2961 3014 2960 2959 3015 2961
2949 3016 2965 2966 3017 2950
2980 3004 2937 3007 2981 2938
2955 3018 2968 2969 3019 2956
2984 3005 2939 3006 2985 2940
2990 3000 2941 3001 2991 2942
2992 2998 2943 2999 2993 2944
2986 3012 2945 3013 2987 2946
2998 3002 2947 3003 2999 2948
2996 3016 2949 3017 2997 2950
2957 3020 2980 3021 2958 2981
2968 3022 2974 3023 2969 2975
3002 3008 2951 3009 3003 2952
2962 3024 2978 3025 2963 2979
2965 3026 2976 3027 2966 2977
3000 3018 2955 3008 3011 2953
3019 3001 2956 3010 3009 2954
2994 3020 2957 3021 2995 2958
3014 3010 2960 3011 3015 2959
3015 3014 2961 2964 3028 2986
3029 2967 2987 2970 3030 2984
3031 2971 2985 2974 3032 2982
3033 2975 2983 3005 3024 2962
3025 3006 2963 2972 279 2994
357 2973 2995 3004 3028 2964
3029 3007 2967 3016 3026 2965
3027 3017 2966 3018 3022 2968
3023 3019 2969 3012 3030 2970
3031 3013 2971 2976 3034 2990
3035 2977 2991 686 279 2972
357 127 2973 2982 3036 2988
2989 3037 2983 2978 3038 2996
3039 2979 2997 3022 3032 2974
3033 3023 2975 2988 3040 2992
2993 3041 2989 2980 3042 3004
3043 2981 3007 3026 3034 2976
3035 3027 2977 2984 3044 3005
3006 3045 2985 3024 3038 2978
3039 3025 2979 2990 3046 3000
3001 3047 2991 2992 3048 2998
2999 3049 2993 2986 3050 3012
3051 2987 3013 3020 3042 2980
3043 3021 2981 3032 3036 2982
3037 3033 2983 2998 3052 3002
3003 3053 2999 2996 3054 3016
3017 3055 2997 3030 3044 2984
3045 3031 2985 3028 3050 2986
3051 3029 2987 3002 3056 3008
3057 3003 3009 3036 3040 2988
3041 3037 2989 3000 3058 3018
3019 3059 3001 2994 719 3020
3008 3060 3011 3010 3061 3009
1020 2995 3021 3034 3046 2990
3047 3035 2991 3014 3062 3010
3011 3063 3015 3015 3064 3014
279 719 2994 1020 357 2995
3040 3048 2992 3049 3041 2993
3038 3054 2996 3055 3039 2997
3005 3065 3024 3066 3006 3025
3004 3067 3028 3029 3068 3007
3048 3052 2998 3016 3069 3026
3053 3049 2999 3027 3070 3017
3018 3071 3022 3023 3072 3019
3012 3073 3030 3074 3013 3031
3046 3058 3000 3059 3047 3001
3052 3056 3002 3057 3053 3003
3042 3067 3004 3044 3065 3005
3068 3043 3007 3066 3045 3006
3056 3060 3008 3061 3057 3009
3050 3073 3012 3062 3061 3010
3074 3051 3013 3060 3063 3011
3022 3075 3032 3076 3023 3033
3064 3062 3014 3063 3064 3015
3054 3069 3016 3070 3055 3017
3058 3071 3018 3072 3059 3019
3026 3077 3034 3078 3027 3035
3024 3079 3038 3080 3025 3039
3020 461 3042 374 3021 3043
3032 3081 3036 3037 3082 3033
719 461 3020 374 1020 3021
3030 3083 3044 3084 3031 3045
3028 3085 3050 3086 3029 3051
3071 3075 3022 3076 3072 3023
3065 3079 3024 3080 3066 3025
3036 3087 3040 3041 3088 3037
3069 3077 3026 3078 3070 3027
3034 3089 3046 3047 3090 3035
3067 3085 3028 3086 3068 3029
3073 3083 3030 3084 3074 3031
3040 3091 3048 3049 3092 3041
3038 3093 3054 3055 3094 3039
3075 3081 3032 3082 3076 3033
3048 3095 3052 3053 3096 3049
3077 3089 3034 3090 3078 3035
3046 3097 3058 3059 3098 3047
3081 3087 3036 3088 3082 3037
3052 3099 3056 3057 3100 3053
3079 3093 3038 3094 3080 3039
984 3067 3042 3068 49 3043
3044 3101 3065 3066 3102 3045
3056 3103 3060 3061 3104 3057
3050 3105 3073 3106 3051 3074
3060 3107 3063 3062 3108 3061
3087 3091 3040 3092 3088 3041
3063 3109 3064 3064 3110 3062
3054 3111 3069 3070 3112 3055
461 984 3042 49 374 3043
3058 3113 3071 3072 3114 3059
3083 3101 3044 3102 3084 3045
3089 3097 3046 3098 3090 3047
3091 3095 3048 3096 3092 3049
3085 3105 3050 3106 3086 3051
3095 3099 3052 3100 3096 3053
3093 3111 3054 3112 3094 3055
3071 3115 3075 3076 3116 3072
3065 3117 3079 3099 3103 3056
3118 3066 3080 3104 3100 3057
3069 3119 3077 3120 3070 3078
3097 3113 3058 3114 3098 3059
3103 3107 3060 3108 3104 3061
3107 3109 3063 3110 3108 3062
3109 3110 3064 325 3085 3067
263 3068 3086 3073 3121 3083
3084 3122 3074 3075 3123 3081
3124 3076 3082 3101 3117 3065
3118 3102 3066 984 325 3067
263 49 3068 3111 3119 3069
3120 3112 3070 3113 3115 3071
3116 3114 3072 3105 3121 3073
3122 3106 3074 3077 3125 3089
3126 3078 3090 3081 3127 3087
3088 3128 3082 3079 3129 3093
3130 3080 3094 3115 3123 3075
3124 3116 3076 3087 3131 3091
3092 3132 3088 3083 3133 3101
3119 3125 3077 3126 3120 3078
3102 3134 3084 3117 3129 3079
3130 3118 3080 3089 3135 3097
3098 3136 3090 3091 3137 3095
3096 3138 3092 3085 205 3105
150 3086 3106 3123 3127 3081
3128 3124 3082 3095 3139 3099
3100 3140 3096 3093 3141 3111
3112 3142 3094 3121 3133 3083
3134 3122 3084 325 205 3085
150 263 3086 3099 3143 3103
3144 3100 3104 3127 3131 3087
3132 3128 3088 3097 3145 3113
3114 3146 3098 3103 3147 3107
3108 3148 3104 3125 3135 3089
3136 3126 3090 3107 3149 3109
3110 3150 3108 3109 3151 3110
3129 3141 3093 3131 3137 3091
3138 3132 3092 3142 3130 3094
3101 3152 3117 3118 3153 3102
3111 3154 3119 3120 3155 3112
3137 3139 3095 3140 3138 3096
3113 3156 3115 3116 3157 3114
3105 269 3121 3122 356 3106
3135 3145 3097 3146 3136 3098
3139 3143 3099 3144 3140 3100
3133 3152 3101 3153 3134 3102
3143 3147 3103 3148 3144 3104
205 269 3105 356 150 3106
3147 3149 3107 3150 3148 3108
3115 3158 3123 3159 3116 3124
3149 3151 3109 3151 3150 3110
3141 3154 3111 3155 3142 3112
3145 3156 3113 3157 3146 3114
3119 3160 3125 3161 3120 3126
3117 3162 3129 3163 3118 3130
3123 3164 3127 3165 3124 3128
698 3133 3121 3134 720 3122
3156 3158 3115 3159 3157 3116
3152 3162 3117 3163 3153 3118
3127 3166 3131 3132 3167 3128
3154 3160 3119 3161 3155 3120
3125 3168 3135 3136 3169 3126
269 698 3121 720 356 3122
3129 3170 3141 3131 3171 3137
3142 3172 3130 3138 3173 3132
3158 3164 3123 3165 3159 3124
3137 3174 3139 3140 3175 3138
3160 3168 3125 3169 3161 3126
3135 3176 3145 3146 3177 3136
3164 3166 3127 3167 3165 3128
3139 3178 3143 3144 3179 3140
3162 3170 3129 3172 3163 3130
444 3152 3133 3153 378 3134
3143 3180 3147 3148 3181 3144
3147 3182 3149 3150 3183 3148
3166 3171 3131 3173 3167 3132
3149 3184 3151 3151 3185 3150
3141 3186 3154 3155 3187 3142
3145 3188 3156 3157 3189 3146
698 444 3133 378 720 3134
3168 3176 3135 3177 3169 3136
3171 3174 3137 3175 3173 3138
3174 3178 3139 3179 3175 3140
3170 3186 3141 3187 3172 3142
3156 3190 3158 3159 3191 3157
3152 612 3162 747 3153 3163
3178 3180 3143 3181 3179 3144
3154 3192 3160 3161 3193 3155
3176 3188 3145 3189 3177 3146
3180 3182 3147 3183 3181 3148
3182 3184 3149 3185 3183 3150
3184 3185 3151 3158 3194 3164
3195 3159 3165 444 612 3152
747 378 3153 3186 3192 3154
3193 3187 3155 3188 3190 3156
3191 3189 3157 3160 3196 3168
3197 3161 3169 3164 3198 3166
3167 3199 3165 3162 330 3170
3172 285 3163 3190 3194 3158
3195 3191 3159 3166 3200 3171
3173 3201 3167 3192 3196 3160
3197 3193 3161 612 330 3162
285 747 3163 3168 3202 3176
3177 3203 3169 3171 3204 3174
3175 3205 3173 3194 3198 3164
3199 3195 3165 3174 3206 3178
3179 3207 3175 3170 758 3186
3187 647 3172 3178 3208 3180
3181 3209 3179 3198 3200 3166
3201 3199 3167 3176 3210 3188
3189 3211 3177 3180 3212 3182
3183 3213 3181 3196 3202 3168
3203 3197 3169 3182 3214 3184
3185 3215 3183 3184 3216 3185
330 758 3170 647 285 3172
3200 3204 3171 3205 3201 3173
288 3192 3186 355 3187 3193
3204 3206 3174 3207 3205 3175
3188 3217 3190 3191 3218 3189
3202 3210 3176 3211 3203 3177
3206 3208 3178 3209 3207 3179
3208 3212 3180 3213 3209 3181
3212 3214 3182 3215 3213 3183
3190 3219 3194 3195 3220 3191
3214 3216 3184 3216 3215 3185
758 288 3186 355 647 3187
3210 3217 3188 3218 3211 3189
3192 799 3196 992 3193 3197
3194 3221 3198 3199 3222 3195
3217 3219 3190 3220 3218 3191
3198 3223 3200 3201 3224 3199
288 799 3192 992 355 3193
3196 408 3202 379 3197 3203
3200 3225 3204 3205 3226 3201
3219 3221 3194 3222 3220 3195
3204 3227 3206 3207 3228 3205
799 408 3196 379 992 3197
989 3210 3202 176 3203 3211
3221 3223 3198 3224 3222 3199
3206 3229 3208 3209 3230 3207
3208 3231 3212 3213 3232 3209
3212 3233 3214 3215 3234 3213
3223 3225 3200 3226 3224 3201
3214 3235 3216 3216 3236 3215
332 3217 3210 3218 261 3211
408 989 3202 176 379 3203
3225 3227 3204 3228 3226 3205
3227 3229 3206 3230 3228 3207
3217 629 3219 779 3218 3220
3229 3231 3208 3232 3230 3209
989 332 3210 261 176 3211
3231 3233 3212 3234 3232 3213
3233 3235 3214 3236 3234 3215
3235 3236 3216 262 3221 3219
354 3220 3222 332 629 3217
779 261 3218 68 3223 3221
3224 687 3222 629 262 3219
354 779 3220 407 3225 3223
3226 381 3224 3225 653 3227
186 3226 3228 262 68 3221
687 354 3222 3227 345 3229
282 3228 3230 86 3231 3229
778 3230 3232 68 407 3223
381 687 3224 283 3233 3231
3234 347 3232 208 3235 3233
3236 1031 3234 404 3236 3235
407 653 3225 186 381 3226
653 345 3227 282 186 3228
345 86 3229 778 282 3230
86 283 3231 347 778 3232
283 208 3233 1031 347 3234
208 404 3235 404 1031 3236

				</DataArray>
				<DataArray type="Int64" Name="offsets" format="ascii" >
3 6 9 12 15 18
21 24 27 30 33 36
39 42 45 48 51 54
57 60 63 66 69 72
75 78 81 84 87 90
93 96 99 102 105 108
111 114 117 120 123 126
129 132 135 138 141 144
147 150 153 156 159 162
165 168 171 174 177 180
183 186 189 192 195 198
201 204 207 210 213 216
219 222 225 228 231 234
237 240 243 246 249 252
255 258 261 264 267 270
273 276 279 282 285 288
291 294 297 300 303 306
309 312 315 318 321 324
327 330 333 336 339 342
345 348 351 354 357 360
363 366 369 372 375 378
381 384 387 390 393 396
399 402 405 408 411 414
417 420 423 426 429 432
435 438 441 444 447 450
453 456 459 462 465 468
471 474 477 480 483 486
489 492 495 498 501 504
507 510 513 516 519 522
525 528 531 534 537 540
543 546 549 552 555 558
561 564 567 570 573 576
579 582 585 588 591 594
597 600 603 606 609 612
615 618 621 624 627 630
633 636 639 642 645 648
651 654 657 660 663 666
669 672 675 678 681 684
687 690 693 696 699 702
705 708 711 714 717 720
723 726 729 732 735 738
741 744 747 750 753 756
759 762 765 768 771 774
777 780 783 786 789 792
795 798 801 804 807 810
813 816 819 822 825 828
831 834 837 840 843 846
849 852 855 858 861 864
867 870 873 876 879 882
885 888 891 894 897 900
903 906 909 912 915 918
921 924 927 930 933 936
939 942 945 948 951 954
957 960 963 966 969 972
975 978 981 984 987 990
993 996 999 1002 1005 1008
1011 1014 1017 1020 1023 1026
1029 1032 1035 1038 1041 1044
1047 1050 1053 1056 1059 1062
1065 1068 1071 1074 1077 1080
1083 1086 1089 1092 1095 1098
1101 1104 1107 1110 1113 1116
1119 1122 1125 1128 1131 1134
1137 1140 1143 1146 1149 1152
1155 1158 1161 1164 1167 1170
1173 1176 1179 1182 1185 1188
1191 1194 1197 1200 1203 1206
1209 1212 1215 1218 1221 1224
1227 1230 1233 1236 1239 1242
1245 1248 1251 1254 1257 1260
1263 1266 1269 1272 1275 1278
1281 1284 1287 1290 1293 1296
1299 1302 1305 1308 1311 1314
1317 1320 1323 1326 1329 1332
1335 1338 1341 1344 1347 1350
1353 1356 1359 1362 1365 1368
1371 1374 1377 1380 1383 1386
1389 1392 1395 1398 1401 1404
1407 1410 1413 1416 1419 1422
1425 1428 1431 1434 1437 1440
1443 1446 1449 1452 1455 1458
1461 1464 1467 1470 1473 1476
1479 1482 1485 1488 1491 1494
1497 1500 1503 1506 1509 1512
1515 1518 1521 1524 1527 1530
1533 1536 1539 1542 1545 1548
1551 1554 1557 1560 1563 1566
1569 1572 1575 1578 1581 1584
1587 1590 1593 1596 1599 1602
1605 1608 1611 1614 1617 1620
1623 1626 1629 1632 1635 1638
1641 1644 1647 1650 1653 1656
1659 1662 1665 1668 1671 1674
1677 1680 1683 1686 1689 1692
1695 1698 1701 1704 1707 1710
1713 1716 1719 1722 1725 1728
1731 1734 1737 1740 1743 1746
1749 1752 1755 1758 1761 1764
1767 1770 1773 1776 1779 1782
1785 1788 1791 1794 1797 1800
1803 1806 1809 1812 1815 1818
1821 1824 1827 1830 1833 1836
1839 1842 1845 1848 1851 1854
1857 1860 1863 1866 1869 1872
1875 1878 1881 1884 1887 1890
1893 1896 1899 1902 1905 1908
1911 1914 1917 1920 1923 1926
1929 1932 1935 1938 1941 1944
1947 1950 1953 1956 1959 1962
1965 1968 1971 1974 1977 1980
1983 1986 1989 1992 1995 1998
2001 2004 2007 2010 2013 2016
2019 2022 2025 2028 2031 2034
2037 2040 2043 2046 2049 2052
2055 2058 2061 2064 2067 2070
2073 2076 2079 2082 2085 2088
2091 2094 2097 2100 2103 2106
2109 2112 2115 2118 2121 2124
2127 2130 2133 2136 2139 2142
2145 2148 2151 2154 2157 2160
2163 2166 2169 2172 2175 2178
2181 2184 2187 2190 2193 2196
2199 2202 2205 2208 2211 2214
2217 2220 2223 2226 2229 2232
2235 2238 2241 2244 2247 2250
2253 2256 2259 2262 2265 2268
2271 2274 2277 2280 2283 2286
2289 2292 2295 2298 2301 2304
2307 2310 2313 2316 2319 2322
2325 2328 2331 2334 2337 2340
2343 2346 2349 2352 2355 2358
2361 2364 2367 2370 2373 2376
2379 2382 2385 2388 2391 2394
2397 2400 2403 2406 2409 2412
2415 2418 2421 2424 2427 2430
2433 2436 2439 2442 2445 2448
2451 2454 2457 2460 2463 2466
2469 2472 2475 2478 2481 2484
2487 2490 2493 2496 2499 2502
2505 2508 2511 2514 2517 2520
2523 2526 2529 2532 2535 2538
2541 2544 2547 2550 2553 2556
2559 2562 2565 2568 2571 2574
2577 2580 2583 2586 2589 2592
2595 2598 2601 2604 2607 2610
2613 2616 2619 2622 2625 2628
2631 2634 2637 2640 2643 2646
2649 2652 2655 2658 2661 2664
2667 2670 2673 2676 2679 2682
2685 2688 2691 2694 2697 2700
2703 2706 2709 2712 2715 2718
2721 2724 2727 2730 2733 2736
2739 2742 2745 2748 2751 2754
2757 2760 2763 2766 2769 2772
2775 2778 2781 2784 2787 2790
2793 2796 2799 2802 2805 2808
2811 2814 2817 2820 2823 2826
2829 2832 2835 2838 2841 2844
2847 2850 2853 2856 2859 2862
2865 2868 2871 2874 2877 2880
2883 2886 2889 2892 2895 2898
2901 2904 2907 2910 2913 2916
2919 2922 2925 2928 2931 2934
2937 2940 2943 2946 2949 2952
2955 2958 2961 2964 2967 2970
2973 2976 2979 2982 2985 2988
2991 2994 2997 3000 3003 3006
3009 3012 3015 3018 3021 3024
3027 3030 3033 3036 3039 3042
3045 3048 3051 3054 3057 3060
3063 3066 3069 3072 3075 3078
3081 3084 3087 3090 3093 3096
3099 3102 3105 3108 3111 3114
3117 3120 3123 3126 3129 3132
3135 3138 3141 3144 3147 3150
3153 3156 3159 3162 3165 3168
3171 3174 3177 3180 3183 3186
3189 3192 3195 3198 3201 3204
3207 3210 3213 3216 3219 3222
3225 3228 3231 3234 3237 3240
3243 3246 3249 3252 3255 3258
3261 3264 3267 3270 3273 3276
3279 3282 3285 3288 3291 3294
3297 3300 3303 3306 3309 3312
3315 3318 3321 3324 3327 3330
3333 3336 3339 3342 3345 3348
3351 3354 3357 3360 3363 3366
3369 3372 3375 3378 3381 3384
3387 3390 3393 3396 3399 3402
3405 3408 3411 3414 3417 3420
3423 3426 3429 3432 3435 3438
3441 3444 3447 3450 3453 3456
3459 3462 3465 3468 3471 3474
3477 3480 3483 3486 3489 3492
3495 3498 3501 3504 3507 3510
3513 3516 3519 3522 3525 3528
3531 3534 3537 3540 3543 3546
3549 3552 3555 3558 3561 3564
3567 3570 3573 3576 3579 3582
3585 3588 3591 3594 3597 3600
3603 3606 3609 3612 3615 3618
3621 3624 3627 3630 3633 3636
3639 3642 3645 3648 3651 3654
3657 3660 3663 3666 3669 3672
3675 3678 3681 3684 3687 3690
3693 3696 3699 3702 3705 3708
3711 3714 3717 3720 3723 3726
3729 3732 3735 3738 3741 3744
3747 3750 3753 3756 3759 3762
3765 3768 3771 3774 3777 3780
3783 3786 3789 3792 3795 3798
3801 3804 3807 3810 3813 3816
3819 3822 3825 3828 3831 3834
3837 3840 3843 3846 3849 3852
3855 3858 3861 3864 3867 3870
3873 3876 3879 3882 3885 3888
3891 3894 3897 3900 3903 3906
3909 3912 3915 3918 3921 3924
3927 3930 3933 3936 3939 3942
3945 3948 3951 3954 3957 3960
3963 3966 3969 3972 3975 3978
3981 3984 3987 3990 3993 3996
3999 4002 4005 4008 4011 4014
4017 4020 4023 4026 4029 4032
4035 4038 4041 4044 4047 4050
4053 4056 4059 4062 4065 4068
4071 4074 4077 4080 4083 4086
4089 4092 4095 4098 4101 4104
4107 4110 4113 4116 4119 4122
4125 4128 4131 4134 4137 4140
4143 4146 4149 4152 4155 4158
4161 4164 4167 4170 4173 4176
4179 4182 4185 4188 4191 4194
4197 4200 4203 4206 4209 4212
4215 4218 4221 4224 4227 4230
4233 4236 4239 4242 4245 4248
4251 4254 4257 4260 4263 4266
4269 4272 4275 4278 4281 4284
4287 4290 4293 4296 4299 4302
4305 4308 4311 4314 4317 4320
4323 4326 4329 4332 4335 4338
4341 4344 4347 4350 4353 4356
4359 4362 4365 4368 4371 4374
4377 4380 4383 4386 4389 4392
4395 4398 4401 4404 4407 4410
4413 4416 4419 4422 4425 4428
4431 4434 4437 4440 4443 4446
4449 4452 4455 4458 4461 4464
4467 4470 4473 4476 4479 4482
4485 4488 4491 4494 4497 4500
4503 4506 4509 4512 4515 4518
4521 4524 4527 4530 4533 4536
4539 4542 4545 4548 4551 4554
4557 4560 4563 4566 4569 4572
4575 4578 4581 4584 4587 4590
4593 4596 4599 4602 4605 4608
4611 4614 4617 4620 4623 4626
4629 4632 4635 4638 4641 4644
4647 4650 4653 4656 4659 4662
4665 4668 4671 4674 4677 4680
4683 4686 4689 4692 4695 4698
4701 4704 4707 4710 4713 4716
4719 4722 4725 4728 4731 4734
4737 4740 4743 4746 4749 4752
4755 4758 4761 4764 4767 4770
4773 4776 4779 4782 4785 4788
4791 4794 4797 4800 4803 4806
4809 4812 4815 4818 4821 4824
4827 4830 4833 4836 4839 4842
4845 4848 4851 4854 4857 4860
4863 4866 4869 4872 4875 4878
4881 4884 4887 4890 4893 4896
4899 4902 4905 4908 4911 4914
4917 4920 4923 4926 4929 4932
4935 4938 4941 4944 4947 4950
4953 4956 4959 4962 4965 4968
4971 4974 4977 4980 4983 4986
4989 4992 4995 4998 5001 5004
5007 5010 5013 5016 5019 5022
5025 5028 5031 5034 5037 5040
5043 5046 5049 5052 5055 5058
5061 5064 5067 5070 5073 5076
5079 5082 5085 5088 5091 5094
5097 5100 5103 5106 5109 5112
5115 5118 5121 5124 5127 5130
5133 5136 5139 5142 5145 5148
5151 5154 5157 5160 5163 5166
5169 5172 5175 5178 5181 5184
5187 5190 5193 5196 5199 5202
5205 5208 5211 5214 5217 5220
5223 5226 5229 5232 5235 5238
5241 5244 5247 5250 5253 5256
5259 5262 5265 5268 5271 5274
5277 5280 5283 5286 5289 5292
5295 5298 5301 5304 5307 5310
5313 5316 5319 5322 5325 5328
5331 5334 5337 5340 5343 5346
5349 5352 5355 5358 5361 5364
5367 5370 5373 5376 5379 5382
5385 5388 5391 5394 5397 5400
5403 5406 5409 5412 5415 5418
5421 5424 5427 5430 5433 5436
5439 5442 5445 5448 5451 5454
5457 5460 5463 5466 5469 5472
5475 5478 5481 5484 5487 5490
5493 5496 5499 5502 5505 5508
5511 5514 5517 5520 5523 5526
5529 5532 5535 5538 5541 5544
5547 5550 5553 5556 5559 5562
5565 5568 5571 5574 5577 5580
5583 5586 5589 5592 5595 5598
5601 5604 5607 5610 5613 5616
5619 5622 5625 5628 5631 5634
5637 5640 5643 5646 5649 5652
5655 5658 5661 5664 5667 5670
5673 5676 5679 5682 5685 5688
5691 5694 5697 5700 5703 5706
5709 5712 5715 5718 5721 5724
5727 5730 5733 5736 5739 5742
5745 5748 5751 5754 5757 5760
5763 5766 5769 5772 5775 5778
5781 5784 5787 5790 5793 5796
5799 5802 5805 5808 5811 5814
5817 5820 5823 5826 5829 5832
5835 5838 5841 5844 5847 5850
5853 5856 5859 5862 5865 5868
5871 5874 5877 5880 5883 5886
5889 5892 5895 5898 5901 5904
5907 5910 5913 5916 5919 5922
5925 5928 5931 5934 5937 5940
5943 5946 5949 5952 5955 5958
5961 5964 5967 5970 5973 5976
5979 5982 5985 5988 5991 5994
5997 6000 6003 6006 6009 6012
6015 6018 6021 6024 6027 6030
6033 6036 6039 6042 6045 6048
6051 6054 6057 6060 6063 6066
6069 6072 6075 6078 6081 6084
6087 6090 6093 6096 6099 6102
6105 6108 6111 6114 6117 6120
6123 6126 6129 6132 6135 6138
6141 6144 6147 6150 6153 6156
6159 6162 6165 6168 6171 6174
6177 6180 6183 6186 6189 6192
6195 6198 6201 6204 6207 6210
6213 6216 6219 6222 6225 6228
6231 6234 6237 6240 6243 6246
6249 6252 6255 6258 6261 6264
6267 6270 6273 6276 6279 6282
6285 6288 6291 6294 6297 6300
6303 6306 6309 6312 6315 6318
6321 6324 6327 6330 6333 6336
6339 6342 6345 6348 6351 6354
6357 6360 6363 6366 6369 6372
6375 6378 6381 6384 6387 6390
6393 6396 6399 6402 6405 6408
6411 6414 6417 6420 6423 6426
6429 6432 6435 6438 6441 6444
6447 6450 6453 6456 6459 6462
6465 6468 6471 6474 6477 6480
6483 6486 6489 6492 6495 6498
6501 6504 6507 6510 6513 6516
6519 6522 6525 6528 6531 6534
6537 6540 6543 6546 6549 6552
6555 6558 6561 6564 6567 6570
6573 6576 6579 6582 6585 6588
6591 6594 6597 6600 6603 6606
6609 6612 6615 6618 6621 6624
6627 6630 6633 6636 6639 6642
6645 6648 6651 6654 6657 6660
6663 6666 6669 6672 6675 6678
6681 6684 6687 6690 6693 6696
6699 6702 6705 6708 6711 6714
6717 6720 6723 6726 6729 6732
6735 6738 6741 6744 6747 6750
6753 6756 6759 6762 6765 6768
6771 6774 6777 6780 6783 6786
6789 6792 6795 6798 6801 6804
6807 6810 6813 6816 6819 6822
6825 6828 6831 6834 6837 6840
6843 6846 6849 6852 6855 6858
6861 6864 6867 6870 6873 6876
6879 6882 6885 6888 6891 6894
6897 6900 6903 6906 6909 6912
6915 6918 6921 6924 6927 6930
6933 6936 6939 6942 6945 6948
6951 6954 6957 6960 6963 6966
6969 6972 6975 6978 6981 6984
6987 6990 6993 6996 6999 7002
7005 7008 7011 7014 7017 7020
7023 7026 7029 7032 7035 7038
7041 7044 7047 7050 7053 7056
7059 7062 7065 7068 7071 7074
7077 7080 7083 7086 7089 7092
7095 7098 7101 7104 7107 7110
7113 7116 7119 7122 7125 7128
7131 7134 7137 7140 7143 7146
7149 7152 7155 7158 7161 7164
7167 7170 7173 7176 7179 7182
7185 7188 7191 7194 7197 7200
7203 7206 7209 7212 7215 7218
7221 7224 7227 7230 7233 7236
7239 7242 7245 7248 7251 7254
7257 7260 7263 7266 7269 7272
7275 7278 7281 7284 7287 7290
7293 7296 7299 7302 7305 7308
7311 7314 7317 7320 7323 7326
7329 7332 7335 7338 7341 7344
7347 7350 7353 7356 7359 7362
7365 7368 7371 7374 7377 7380
7383 7386 7389 7392 7395 7398
7401 7404 7407 7410 7413 7416
7419 7422 7425 7428 7431 7434
7437 7440 7443 7446 7449 7452
7455 7458 7461 7464 7467 7470
7473 7476 7479 7482 7485 7488
7491 7494 7497 7500 7503 7506
7509 7512 7515 7518 7521 7524
7527 7530 7533 7536 7539 7542
7545 7548 7551 7554 7557 7560
7563 7566 7569 7572 7575 7578
7581 7584 7587 7590 7593 7596
7599 7602 7605 7608 7611 7614
7617 7620 7623 7626 7629 7632
7635 7638 7641 7644 7647 7650
7653 7656 7659 7662 7665 7668
7671 7674 7677 7680 7683 7686
7689 7692 7695 7698 7701 7704
7707 7710 7713 7716 7719 7722
7725 7728 7731 7734 7737 7740
7743 7746 7749 7752 7755 7758
7761 7764 7767 7770 7773 7776
7779 7782 7785 7788 7791 7794
7797 7800 7803 7806 7809 7812
7815 7818 7821 7824 7827 7830
7833 7836 7839 7842 7845 7848
7851 7854 7857 7860 7863 7866
7869 7872 7875 7878 7881 7884
7887 7890 7893 7896 7899 7902
7905 7908 7911 7914 7917 7920
7923 7926 7929 7932 7935 7938
7941 7944 7947 7950 7953 7956
7959 7962 7965 7968 7971 7974
7977 7980 7983 7986 7989 7992
7995 7998 8001 8004 8007 8010
8013 8016 8019 8022 8025 8028
8031 8034 8037 8040 8043 8046
8049 8052 8055 8058 8061 8064
8067 8070 8073 8076 8079 8082
8085 8088 8091 8094 8097 8100
8103 8106 8109 8112 8115 8118
8121 8124 8127 8130 8133 8136
8139 8142 8145 8148 8151 8154
8157 8160 8163 8166 8169 8172
8175 8178 8181 8184 8187 8190
8193 8196 8199 8202 8205 8208
8211 8214 8217 8220 8223 8226
8229 8232 8235 8238 8241 8244
8247 8250 8253 8256 8259 8262
8265 8268 8271 8274 8277 8280
8283 8286 8289 8292 8295 8298
8301 8304 8307 8310 8313 8316
8319 8322 8325 8328 8331 8334
8337 8340 8343 8346 8349 8352
8355 8358 8361 8364 8367 8370
8373 8376 8379 8382 8385 8388
8391 8394 8397 8400 8403 8406
8409 8412 8415 8418 8421 8424
8427 8430 8433 8436 8439 8442
8445 8448 8451 8454 8457 8460
8463 8466 8469 8472 8475 8478
8481 8484 8487 8490 8493 8496
8499 8502 8505 8508 8511 8514
8517 8520 8523 8526 8529 8532
8535 8538 8541 8544 8547 8550
8553 8556 8559 8562 8565 8568
8571 8574 8577 8580 8583 8586
8589 8592 8595 8598 8601 8604
8607 8610 8613 8616 8619 8622
8625 8628 8631 8634 8637 8640
8643 8646 8649 8652 8655 8658
8661 8664 8667 8670 8673 8676
8679 8682 8685 8688 8691 8694
8697 8700 8703 8706 8709 8712
8715 8718 8721 8724 8727 8730
8733 8736 8739 8742 8745 8748
8751 8754 8757 8760 8763 8766
8769 8772 8775 8778 8781 8784
8787 8790 8793 8796 8799 8802
8805 8808 8811 8814 8817 8820
8823 8826 8829 8832 8835 8838
8841 8844 8847 8850 8853 8856
8859 8862 8865 8868 8871 8874
8877 8880 8883 8886 8889 8892
8895 8898 8901 8904 8907 8910
8913 8916 8919 8922 8925 8928
8931 8934 8937 8940 8943 8946
8949 8952 8955 8958 8961 8964
8967 8970 8973 8976 8979 8982
8985 8988 8991 8994 8997 9000
9003 9006 9009 9012 9015 9018
9021 9024 9027 9030 9033 9036
9039 9042 9045 9048 9051 9054
9057 9060 9063 9066 9069 9072
9075 9078 9081 9084 9087 9090
9093 9096 9099 9102 9105 9108
9111 9114 9117 9120 9123 9126
9129 9132 9135 9138 9141 9144
9147 9150 9153 9156 9159 9162
9165 9168 9171 9174 9177 9180
9183 9186 9189 9192 9195 9198
9201 9204 9207 9210 9213 9216
9219 9222 9225 9228 9231 9234
9237 9240 9243 9246 9249 9252
9255 9258 9261 9264 9267 9270
9273 9276 9279 9282 9285 9288
9291 9294 9297 9300 9303 9306
9309 9312 9315 9318 9321 9324
9327 9330 9333 9336 9339 9342
9345 9348 9351 9354 9357 9360
9363 9366 9369 9372 9375 9378
9381 9384 9387 9390 9393 9396
9399 9402 9405 9408 9411 9414
9417 9420 9423 9426 9429 9432
9435 9438 9441 9444 9447 9450
9453 9456 9459 9462 9465 9468
9471 9474 9477 9480 9483 9486
9489 9492 9495 9498 9501 9504
9507 9510 9513 9516 9519 9522
9525 9528 9531 9534 9537 9540
9543 9546 9549 9552 9555 9558
9561 9564 9567 9570 9573 9576
9579 9582 9585 9588 9591 9594
9597 9600 9603 9606 9609 9612
9615 9618 9621 9624 9627 9630
9633 9636 9639 9642 9645 9648
9651 9654 9657 9660 9663 9666
9669 9672 9675 9678 9681 9684
9687 9690 9693 9696 9699 9702
9705 9708 9711 9714 9717 9720
9723 9726 9729 9732 9735 9738
9741 9744 9747 9750 9753 9756
9759 9762 9765 9768 9771 9774
9777 9780 9783 9786 9789 9792
9795 9798 9801 9804 9807 9810
9813 9816 9819 9822 9825 9828
9831 9834 9837 9840 9843 9846
9849 9852 9855 9858 9861 9864
9867 9870 9873 9876 9879 9882
9885 9888 9891 9894 9897 9900
9903 9906 9909 9912 9915 9918
9921 9924 9927 9930 9933 9936
9939 9942 9945 9948 9951 9954
9957 9960 9963 9966 9969 9972
9975 9978 9981 9984 9987 9990
9993 9996 9999 10002 10005 10008
10011 10014 10017 10020 10023 10026
10029 10032 10035 10038 10041 10044
10047 10050 10053 10056 10059 10062
10065 10068 10071 10074 10077 10080
10083 10086 10089 10092 10095 10098
10101 10104 10107 10110 10113 10116
10119 10122 10125 10128 10131 10134
10137 10140 10143 10146 10149 10152
10155 10158 10161 10164 10167 10170
10173 10176 10179 10182 10185 10188
10191 10194 10197 10200 10203 10206
10209 10212 10215 10218 10221 10224
10227 10230 10233 10236 10239 10242
10245 10248 10251 10254 10257 10260
10263 10266 10269 10272 10275 10278
10281 10284 10287 10290 10293 10296
10299 10302 10305 10308 10311 10314
10317 10320 10323 10326 10329 10332
10335 10338 10341 10344 10347 10350
10353 10356 10359 10362 10365 10368
10371 10374 10377 10380 10383 10386
10389 10392 10395 10398 10401 10404
10407 10410 10413 10416 10419 10422
10425 10428 10431 10434 10437 10440
10443 10446 10449 10452 10455 10458
10461 10464 10467 10470 10473 10476
10479 10482 10485 10488 10491 10494
10497 10500 10503 10506 10509 10512
10515 10518 10521 10524 10527 10530
10533 10536 10539 10542 10545 10548
10551 10554 10557 10560 10563 10566
10569 10572 10575 10578 10581 10584
10587 10590 10593 10596 10599 10602
10605 10608 10611 10614 10617 10620
10623 10626 10629 10632 10635 10638
10641 10644 10647 10650 10653 10656
10659 10662 10665 10668 10671 10674
10677 10680 10683 10686 10689 10692
10695 10698 10701 10704 10707 10710
10713 10716 10719 10722 10725 10728
10731 10734 10737 10740 10743 10746
10749 10752 10755 10758 10761 10764
10767 10770 10773 10776 10779 10782
10785 10788 10791 10794 10797 10800
10803 10806 10809 10812 10815 10818
10821 10824 10827 10830 10833 10836
10839 10842 10845 10848 10851 10854
10857 10860 10863 10866 10869 10872
10875 10878 10881 10884 10887 10890
10893 10896 10899 10902 10905 10908
10911 10914 10917 10920 10923 10926
10929 10932 10935 10938 10941 10944
10947 10950 10953 10956 10959 10962
10965 10968 10971 10974 10977 10980
10983 10986 10989 10992 10995 10998
11001 11004 11007 11010 11013 11016
11019 11022 11025 11028 11031 11034
11037 11040 11043 11046 11049 11052
11055 11058 11061 11064 11067 11070
11073 11076 11079 11082 11085 11088
11091 11094 11097 11100 11103 11106
11109 11112 11115 11118 11121 11124
11127 11130 11133 11136 11139 11142
11145 11148 11151 11154 11157 11160
11163 11166 11169 11172 11175 11178
11181 11184 11187 11190 11193 11196
11199 11202 11205 11208 11211 11214
11217 11220 11223 11226 11229 11232
11235 11238 11241 11244 11247 11250
11253 11256 11259 11262 11265 11268
11271 11274 11277 11280 11283 11286
11289 11292 11295 11298 11301 11304
11307 11310 11313 11316 11319 11322
11325 11328 11331 11334 11337 11340
11343 11346 11349 11352 11355 11358
11361 11364 11367 11370 11373 11376
11379 11382 11385 11388 11391 11394
11397 11400 11403 11406 11409 11412
11415 11418 11421 11424 11427 11430
11433 11436 11439 11442 11445 11448
11451 11454 11457 11460 11463 11466
11469 11472 11475 11478 11481 11484
11487 11490 11493 11496 11499 11502
11505 11508 11511 11514 11517 11520
11523 11526 11529 11532 11535 11538
11541 11544 11547 11550 11553 11556
11559 11562 11565 11568 11571 11574
11577 11580 11583 11586 11589 11592
11595 11598 11601 11604 11607 11610
11613 11616 11619 11622 11625 11628
11631 11634 11637 11640 11643 11646
11649 11652 11655 11658 11661 11664
11667 11670 11673 11676 11679 11682
11685 11688 11691 11694 11697 11700
11703 11706 11709 11712 11715 11718
11721 11724 11727 11730 11733 11736
11739 11742 11745 11748 11751 11754
11757 11760 11763 11766 11769 11772
11775 11778 11781 11784 11787 11790
11793 11796 11799 11802 11805 11808
11811 11814 11817 11820 11823 11826
11829 11832 11835 11838 11841 11844
11847 11850 11853 11856 11859 11862
11865 11868 11871 11874 11877 11880
11883 11886 11889 11892 11895 11898
11901 11904 11907 11910 11913 11916
11919 11922 11925 11928 11931 11934
11937 11940 11943 11946 11949 11952
11955 11958 11961 11964 11967 11970
11973 11976 11979 11982 11985 11988
11991 11994 11997 12000 12003 12006
12009 12012 12015 12018 12021 12024
12027 12030 12033 12036 12039 12042
12045 12048 12051 12054 12057 12060
12063 12066 12069 12072 12075 12078
12081 12084 12087 12090 12093 12096
12099 12102 12105 12108 12111 12114
12117 12120 12123 12126 12129 12132
12135 12138 12141 12144 12147 12150
12153 12156 12159 12162 12165 12168
12171 12174 12177 12180 12183 12186
12189 12192 12195 12198 12201 12204
12207 12210 12213 12216 12219 12222
12225 12228 12231 12234 12237 12240
12243 12246 12249 12252 12255 12258
12261 12264 12267 12270 12273 12276
12279 12282 12285 12288 12291 12294
12297 12300 12303 12306 12309 12312
12315 12318 12321 12324 12327 12330
12333 12336 12339 12342 12345 12348
12351 12354 12357 12360 12363 12366
12369 12372 12375 12378 12381 12384
12387 12390 12393 12396 12399 12402
12405 12408 12411 12414 12417 12420
12423 12426 12429 12432 12435 12438
12441 12444 12447 12450 12453 12456
12459 12462 12465 12468 12471 12474
12477 12480 12483 12486 12489 12492
12495 12498 12501 12504 12507 12510
12513 12516 12519 12522 12525 12528
12531 12534 12537 12540 12543 12546
12549 12552 12555 12558 12561 12564
12567 12570 12573 12576 12579 12582
12585 12588 12591 12594 12597 12600
12603 12606 12609 12612 12615 12618
12621 12624 12627 12630 12633 12636
12639 12642 12645 12648 12651 12654
12657 12660 12663 12666 12669 12672
12675 12678 12681 12684 12687 12690
12693 12696 12699 12702 12705 12708
12711 12714 12717 12720 12723 12726
12729 12732 12735 12738 12741 12744
12747 12750 12753 12756 12759 12762
12765 12768 12771 12774 12777 12780
12783 12786 12789 12792 12795 12798
12801 12804 12807 12810 12813 12816
12819 12822 12825 12828 12831 12834
12837 12840 12843 12846 12849 12852
12855 12858 12861 12864 12867 12870
12873 12876 12879 12882 12885 12888
12891 12894 12897 12900 12903 12906
12909 12912 12915 12918 12921 12924
12927 12930 12933 12936 12939 12942
12945 12948 12951 12954 12957 12960
12963 12966 12969 12972 12975 12978
12981 12984 12987 12990 12993 12996
12999 13002 13005 13008 13011 13014
13017 13020 13023 13026 13029 13032
13035 13038 13041 13044 13047 13050
13053 13056 13059 13062 13065 13068
13071 13074 13077 13080 13083 13086
13089 13092 13095 13098 13101 13104
13107 13110 13113 13116 13119 13122
13125 13128 13131 13134 13137 13140
13143 13146 13149 13152 13155 13158
13161 13164 13167 13170 13173 13176
13179 13182 13185 13188 13191 13194
13197 13200 13203 13206 13209 13212
13215 13218 13221 13224 13227 13230
13233 13236 13239 13242 13245 13248
13251 13254 13257 13260 13263 13266
13269 13272 13275 13278 13281 13284
13287 13290 13293 13296 13299 13302
13305 13308 13311 13314 13317 13320
13323 13326 13329 13332 13335 13338
13341 13344 13347 13350 13353 13356
13359 13362 13365 13368 13371 13374
13377 13380 13383 13386 13389 13392
13395 13398 13401 13404 13407 13410
13413 13416 13419 13422 13425 13428
13431 13434 13437 13440 13443 13446
13449 13452 13455 13458 13461 13464
13467 13470 13473 13476 13479 13482
13485 13488 13491 13494 13497 13500
13503 13506 13509 13512 13515 13518
13521 13524 13527 13530 13533 13536
13539 13542 13545 13548 13551 13554
13557 13560 13563 13566 13569 13572
13575 13578 13581 13584 13587 13590
13593 13596 13599 13602 13605 13608
13611 13614 13617 13620 13623 13626
13629 13632 13635 13638 13641 13644
13647 13650 13653 13656 13659 13662
13665 13668 13671 13674 13677 13680
13683 13686 13689 13692 13695 13698
13701 13704 13707 13710 13713 13716
13719 13722 13725 13728 13731 13734
13737 13740 13743 13746 13749 13752
13755 13758 13761 13764 13767 13770
13773 13776 13779 13782 13785 13788
13791 13794 13797 13800 13803 13806
13809 13812 13815 13818 13821 13824
13827 13830 13833 13836 13839 13842
13845 13848 13851 13854 13857 13860
13863 13866 13869 13872 13875 13878
13881 13884 13887 13890 13893 13896
13899 13902 13905 13908 13911 13914
13917 13920 13923 13926 13929 13932
13935 13938 13941 13944 13947 13950
13953 13956 13959 13962 13965 13968
13971 13974 13977 13980 13983 13986
13989 13992 13995 13998 14001 14004
14007 14010 14013 14016 14019 14022
14025 14028 14031 14034 14037 14040
14043 14046 14049 14052 14055 14058
14061 14064 14067 14070 14073 14076
14079 14082 14085 14088 14091 14094
14097 14100 14103 14106 14109 14112
14115 14118 14121 14124 14127 14130
14133 14136 14139 14142 14145 14148
14151 14154 14157 14160 14163 14166
14169 14172 14175 14178 14181 14184
14187 14190 14193 14196 14199 14202
14205 14208 14211 14214 14217 14220
14223 14226 14229 14232 14235 14238
14241 14244 14247 14250 14253 14256
14259 14262 14265 14268 14271 14274
14277 14280 14283 14286 14289 14292
14295 14298 14301 14304 14307 14310
14313 14316 14319 14322 14325 14328
14331 14334 14337 14340 14343 14346
14349 14352 14355 14358 14361 14364
14367 14370 14373 14376 14379 14382
14385 14388 14391 14394 14397 14400
14403 14406 14409 14412 14415 14418
14421 14424 14427 14430 14433 14436
14439 14442 14445 14448 14451 14454
14457 14460 14463 14466 14469 14472
14475 14478 14481 14484 14487 14490
14493 14496 14499 14502 14505 14508
14511 14514 14517 14520 14523 14526
14529 14532 14535 14538 14541 14544
14547 14550 14553 14556 14559 14562
14565 14568 14571 14574 14577 14580
14583 14586 14589 14592 14595 14598
14601 14604 14607 14610 14613 14616
14619 14622 14625 14628 14631 14634
14637 14640 14643 14646 14649 14652
14655 14658 14661 14664 14667 14670
14673 14676 14679 14682 14685 14688
14691 14694 14697 14700 14703 14706
14709 14712 14715 14718 14721 14724
14727 14730 14733 14736 14739 14742
14745 14748 14751 14754 14757 14760
14763 14766 14769 14772 14775 14778
14781 14784 14787 14790 14793 14796
14799 14802 14805 14808 14811 14814
14817 14820 14823 14826 14829 14832
14835 14838 14841 14844 14847 14850
14853 14856 14859 14862 14865 14868
14871 14874 14877 14880 14883 14886
14889 14892 14895 14898 14901 14904
14907 14910 14913 14916 14919 14922
14925 14928 14931 14934 14937 14940
14943 14946 14949 14952 14955 14958
14961 14964 14967 14970 14973 14976
14979 14982 14985 14988 14991 14994
14997 15000 15003 15006 15009 15012
15015 15018 15021 15024 15027 15030
15033 15036 15039 15042 15045 15048
15051 15054 15057 15060 15063 15066
15069 15072 15075 15078 15081 15084
15087 15090 15093 15096 15099 15102
15105 15108 15111 15114 15117 15120
15123 15126 15129 15132 15135 15138
15141 15144 15147 15150 15153 15156
15159 15162 15165 15168 15171 15174
15177 15180 15183 15186 15189 15192
15195 15198 15201 15204 15207 15210
15213 15216 15219 15222 15225 15228
15231 15234 15237 15240 15243 15246
15249 15252 15255 15258 15261 15264
15267 15270 15273 15276 15279 15282
15285 15288 15291 15294 15297 15300
15303 15306 15309 15312 15315 15318
15321 15324 15327 15330 15333 15336
15339 15342 15345 15348 15351 15354
15357 15360 15363 15366 15369 15372
15375 15378 15381 15384 15387 15390
15393 15396 15399 15402 15405 15408
15411 15414 15417 15420 15423 15426
15429 15432 15435 15438 15441 15444
15447 15450 15453 15456 15459 15462
15465 15468 15471 15474 15477 15480
15483 15486 15489 15492 15495 15498
15501 15504 15507 15510 15513 15516
15519 15522 15525 15528 15531 15534
15537 15540 15543 15546 15549 15552
15555 15558 15561 15564 15567 15570
15573 15576 15579 15582 15585 15588
15591 15594 15597 15600 15603 15606
15609 15612 15615 15618 15621 15624
15627 15630 15633 15636 15639 15642
15645 15648 15651 15654 15657 15660
15663 15666 15669 15672 15675 15678
15681 15684 15687 15690 15693 15696
15699 15702 15705 15708 15711 15714
15717 15720 15723 15726 15729 15732
15735 15738 15741 15744 15747 15750
15753 15756 15759 15762 15765 15768
15771 15774 15777 15780 15783 15786
15789 15792 15795 15798 15801 15804
15807 15810 15813 15816 15819 15822
15825 15828 15831 15834 15837 15840
15843 15846 15849 15852 15855 15858
15861 15864 15867 15870 15873 15876
15879 15882 15885 15888 15891 15894
15897 15900 15903 15906 15909 15912
15915 15918 15921 15924 15927 15930
15933 15936 15939 15942 15945 15948
15951 15954 15957 15960 15963 15966
15969 15972 15975 15978 15981 15984
15987 15990 15993 15996 15999 16002
16005 16008 16011 16014 16017 16020
16023 16026 16029 16032 16035 16038
16041 16044 16047 16050 16053 16056
16059 16062 16065 16068 16071 16074
16077 16080 16083 16086 16089 16092
16095 16098 16101 16104 16107 16110
16113 16116 16119 16122 16125 16128
16131 16134 16137 16140 16143 16146
16149 16152 16155 16158 16161 16164
16167 16170 16173 16176 16179 16182
16185 16188 16191 16194 16197 16200
16203 16206 16209 16212 16215 16218
16221 16224 16227 16230 16233 16236
16239 16242 16245 16248 16251 16254
16257 16260 16263 16266 16269 16272
16275 16278 16281 16284 16287 16290
16293 16296 16299 16302 16305 16308
16311 16314 16317 16320 16323 16326
16329 16332 16335 16338 16341 16344
16347 16350 16353 16356 16359 16362
16365 16368 16371 16374 16377 16380
16383 16386 16389 16392 16395 16398
16401 16404 16407 16410 16413 16416
16419 16422 16425 16428 16431 16434
16437 16440 16443 16446 16449 16452
16455 16458 16461 16464 16467 16470
16473 16476 16479 16482 16485 16488
16491 16494 16497 16500 16503 16506
16509 16512 16515 16518 16521 16524
16527 16530 16533 16536 16539 16542
16545 16548 16551 16554 16557 16560
16563 16566 16569 16572 16575 16578
16581 16584 16587 16590 16593 16596
16599 16602 16605 16608 16611 16614
16617 16620 16623 16626 16629 16632
16635 16638 16641 16644 16647 16650
16653 16656 16659 16662 16665 16668
16671 16674 16677 16680 16683 16686
16689 16692 16695 16698 16701 16704
16707 16710 16713 16716 16719 16722
16725 16728 16731 16734 16737 16740
16743 16746 16749 16752 16755 16758
16761 16764 16767 16770 16773 16776
16779 16782 16785 16788 16791 16794
16797 16800 16803 16806 16809 16812
16815 16818 16821 16824 16827 16830
16833 16836 16839 16842 16845 16848
16851 16854 16857 16860 16863 16866
16869 16872 16875 16878 16881 16884
16887 16890 16893 16896 16899 16902
16905 16908 16911 16914 16917 16920
16923 16926 16929 16932 16935 16938
16941 16944 16947 16950 16953 16956
16959 16962 16965 16968 16971 16974
16977 16980 16983 16986 16989 16992
16995 16998 17001 17004 17007 17010
17013 17016 17019 17022 17025 17028
17031 17034 17037 17040 17043 17046
17049 17052 17055 17058 17061 17064
17067 17070 17073 17076 17079 17082
17085 17088 17091 17094 17097 17100
17103 17106 17109 17112 17115 17118
17121 17124 17127 17130 17133 17136
17139 17142 17145 17148 17151 17154
17157 17160 17163 17166 17169 17172
17175 17178 17181 17184 17187 17190
17193 17196 17199 17202 17205 17208
17211 17214 17217 17220 17223 17226
17229 17232 17235 17238 17241 17244
17247 17250 17253 17256 17259 17262
17265 17268 17271 17274 17277 17280
17283 17286 17289 17292 17295 17298
17301 17304 17307 17310 17313 17316
17319 17322 17325 17328 17331 17334
17337 17340 17343 17346 17349 17352
17355 17358 17361 17364 17367 17370
17373 17376 17379 17382 17385 17388
17391 17394 17397 17400 17403 17406
17409 17412 17415 17418 17421 17424
17427 17430 17433 17436 17439 17442
17445 17448 17451 17454 17457 17460
17463 17466 17469 17472 17475 17478
17481 17484 17487 17490 17493 17496
17499 17502 17505 17508 17511 17514
17517 17520 17523 17526 17529 17532
17535 17538 17541 17544 17547 17550
17553 17556 17559 17562 17565 17568
17571 17574 17577 17580 17583 17586
17589 17592 17595 17598 17601 17604
17607 17610 17613 17616 17619 17622
17625 17628 17631 17634 17637 17640
17643 17646 17649 17652 17655 17658
17661 17664 17667 17670 17673 17676
17679 17682 17685 17688 17691 17694
17697 17700 17703 17706 17709 17712
17715 17718 17721 17724 17727 17730
17733 17736 17739 17742 17745 17748
17751 17754 17757 17760 17763 17766
17769 17772 17775 17778 17781 17784
17787 17790 17793 17796 17799 17802
17805 17808 17811 17814 17817 17820
17823 17826 17829 17832 17835 17838
17841 17844 17847 17850 17853 17856
17859 17862 17865 17868 17871 17874
17877 17880 17883 17886 17889 17892
17895 17898 17901 17904 17907 17910
17913 17916 17919 17922 17925 17928
17931 17934 17937 17940 17943 17946
17949 17952 17955 17958 17961 17964
17967 17970 17973 17976 17979 17982
17985 17988 17991 17994 17997 18000
18003 18006 18009 18012 18015 18018
18021 18024 18027 18030 18033 18036
18039 18042 18045 18048 18051 18054
18057 18060 18063 18066 18069 18072
18075 18078 18081 18084 18087 18090
18093 18096 18099 18102 18105 18108
18111 18114 18117 18120 18123 18126
18129 18132 18135 18138 18141 18144
18147 18150 18153 18156 18159 18162
18165 18168 18171 18174 18177 18180
18183 18186 18189 18192 18195 18198
18201 18204 18207 18210 18213 18216
18219 18222 18225 18228 18231 18234
18237 18240 18243 18246 18249 18252
18255 18258 18261 18264 18267 18270
18273 18276 18279 18282 18285 18288
18291 18294 18297 18300 18303 18306
18309 18312 18315 18318 18321 18324
18327 18330 18333 18336 18339 18342
18345 18348 18351 18354 18357 18360
18363 18366 18369 18372 18375 18378
18381 18384 18387 18390 18393 18396
18399 18402 18405 18408 18411 18414
18417 18420 18423 18426 18429 18432
18435 18438 18441 18444 18447 18450
18453 18456 18459 18462 18465 18468
18471 18474 18477 18480 18483 18486
18489 18492 18495 18498 18501 18504
18507 18510 18513 18516 18519 18522
18525 18528 18531 18534 18537 18540
18543 18546 18549 18552 18555 18558
18561 18564 18567 18570 18573 18576
18579 18582 18585 18588 18591 18594
18597 18600 18603 18606 18609 18612
18615 18618 18621 18624 18627 18630
18633 18636 
				</DataArray>
				<DataArray type="Int32" Name="types" format="ascii" >
5 5 5 5 5 5
5 5 5 5 5 5
5 5 5 5 5 5
5 5 5 5 5 5
5 5 5 5 5 5
5 5 5 5 5 5
5 5 5 5 5 5
5 5 5 5 5 5
5 5 5 5 5 5
5 5 5 5 5 5
5 5 5 5 5 5
5 5 5 5 5 5
5 5 5 5 5 5
5 5 5 5 5 5
5 5 5 5 5 5
5 5 5 5 5 5
5 5 5 5 5 5
5 5 5 5 5 5
5 5 5 5 5 5
5 5 5 5 5 5
5 5 5 5 5 5
5 5 5 5 5 5
5 5 5 5 5 5
5 5 5 5 5 5
5 5 5 5 5 5
5 5 5 5 5 5
5 5 5 5 5 5
5 5 5 5 5 5
5 5 5 5 5 5
5 5 5 5 5 5
5 5 5 5 5 5
5 5 5 5 5 5
5 5 5 5 5 5
5 5 5 5 5 5
5 5 5 5 5 5
5 5 5 5 5 5
5 5 5 5 5 5
5 5 5 5 5 5
5 5 5 5 5 5
5 5 5 5 5 5
5 5 5 5 5 5
5 5 5 5 5 5
5 5 5 5 5 5
5 5 5 5 5 5
5 5 5 5 5 5
5 5 5 5 5 5
5 5 5 5 5 5
5 5 5 5 5 5
5 5 5 5 5 5
5 5 5 5 5 5
5 5 5 5 5 5
5 5 5 5 5 5
5 5 5 5 5 5
5 5 5 5 5 5
5 5 5 5 5 5
5 5 5 5 5 5
5 5 5 5 5 5
5 5 5 5 5 5
5 5 5 5 5 5
5 5 5 5 5 5
5 5 5 5 5 5
5 5 5 5 5 5
5 5 5 5 5 5
5 5 5 5 5 5
5 5 5 5 5 5
5 5 5 5 5 5
5 5 5 5 5 5
5 5 5 5 5 5
5 5 5 5 5 5
5 5 5 5 5 5
5 5 5 5 5 5
5 5 5 5 5 5
5 5 5 5 5 5
5 5 5 5 5 5
5 5 5 5 5 5
5 5 5 5 5 5
5 5 5 5 5 5
5 5 5 5 5 5
5 5 5 5 5 5
5 5 5 5 5 5
5 5 5 5 5 5
5 5 5 5 5 5
5 5 5 5 5 5
5 5 5 5 5 5
5 5 5 5 5 5
5 5 5 5 5 5
5 5 5 5 5 5
5 5 5 5 5 5
5 5 5 5 5 5
5 5 5 5 5 5
5 5 5 5 5 5
5 5 5 5 5 5
5 5 5 5 5 5
5 5 5 5 5 5
5 5 5 5 5 5
5 5 5 5 5 5
5 5 5 5 5 5
5 5 5 5 5 5
5 5 5 5 5 5
5 5 5 5 5 5
5 5 5 5 5 5
5 5 5 5 5 5
5 5 5 5 5 5
5 5 5 5 5 5
5 5 5 5 5 5
5 5 5 5 5 5
5 5 5 5 5 5
5 5 5 5 5 5
5 5 5 5 5 5
5 5 5 5 5 5
5 5 5 5 5 5
5 5 5 5 5 5
5 5 5 5 5 5
5 5 5 5 5 5
5 5 5 5 5 5
5 5 5 5 5 5
5 5 5 5 5 5
5 5 5 5 5 5
5 5 5 5 5 5
5 5 5 5 5 5
5 5 5 5 5 5
5 5 5 5 5 5
5 5 5 5 5 5
5 5 5 5 5 5
5 5 5 5 5 5
5 5 5 5 5 5
5 5 5 5 5 5
5 5 5 5 5 5
5 5 5 5 5 5
5 5 5 5 5 5
5 5 5 5 5 5
5 5 5 5 5 5
5 5 5 5 5 5
5 5 5 5 5 5
5 5 5 5 5 5
5 5 5 5 5 5
5 5 5 5 5 5
5 5 5 5 5 5
5 5 5 5 5 5
5 5 5 5 5 5
5 5 5 5 5 5
5 5 5 5 5 5
5 5 5 5 5 5
5 5 5 5 5 5
5 5 5 5 5 5
5 5 5 5 5 5
5 5 5 5 5 5
5 5 5 5 5 5
5 5 5 5 5 5
5 5 5 5 5 5
5 5 5 5 5 5
5 5 5 5 5 5
5 5 5 5 5 5
5 5 5 5 5 5
5 5 5 5 5 5
5 5 5 5 5 5
5 5 5 5 5 5
5 5 5 5 5 5
5 5 5 5 5 5
5 5 5 5 5 5
5 5 5 5 5 5
5 5 5 5 5 5
5 5 5 5 5 5
5 5 5 5 5 5
5 5 5 5 5 5
5 5 5 5 5 5
5 5 5 5 5 5
5 5 5 5 5 5
5 5 5 5 5 5
5 5 5 5 5 5
5 5 5 5 5 5
5 5 5 5 5 5
5 5 5 5 5 5
5 5 5 5 5 5
5 5 5 5 5 5
5 5 5 5 5 5
5 5 5 5 5 5
5 5 5 5 5 5
5 5 5 5 5 5
5 5 5 5 5 5
5 5 5 5 5 5
5 5 5 5 5 5
5 5 5 5 5 5
5 5 5 5 5 5
5 5 5 5 5 5
5 5 5 5 5 5
5 5 5 5 5 5
5 5 5 5 5 5
5 5 5 5 5 5
5 5 5 5 5 5
5 5 5 5 5 5
5 5 5 5 5 5
5 5 5 5 5 5
5 5 5 5 5 5
5 5 5 5 5 5
5 5 5 5 5 5
5 5 5 5 5 5
5 5 5 5 5 5
5 5 5 5 5 5
5 5 5 5 5 5
5 5 5 5 5 5
5 5 5 5 5 5
5 5 5 5 5 5
5 5 5 5 5 5
5 5 5 5 5 5
5 5 5 5 5 5
5 5 5 5 5 5
5 5 5 5 5 5
5 5 5 5 5 5
5 5 5 5 5 5
5 5 5 5 5 5
5 5 5 5 5 5
5 5 5 5 5 5
5 5 5 5 5 5
5 5 5 5 5 5
5 5 5 5 5 5
5 5 5 5 5 5
5 5 5 5 5 5
5 5 5 5 5 5
5 5 5 5 5 5
5 5 5 5 5 5
5 5 5 5 5 5
5 5 5 5 5 5
5 5 5 5 5 5
5 5 5 5 5 5
5 5 5 5 5 5
5 5 5 5 5 5
5 5 5 5 5 5
5 5 5 5 5 5
5 5 5 5 5 5
5 5 5 5 5 5
5 5 5 5 5 5
5 5 5 5 5 5
5 5 5 5 5 5
5 5 5 5 5 5
5 5 5 5 5 5
5 5 5 5 5 5
5 5 5 5 5 5
5 5 5 5 5 5
5 5 5 5 5 5
5 5 5 5 5 5
5 5 5 5 5 5
5 5 5 5 5 5
5 5 5 5 5 5
5 5 5 5 5 5
5 5 5 5 5 5
5 5 5 5 5 5
5 5 5 5 5 5
5 5 5 5 5 5
5 5 5 5 5 5
5 5 5 5 5 5
5 5 5 5 5 5
5 5 5 5 5 5
5 5 5 5 5 5
5 5 5 5 5 5
5 5 5 5 5 5
5 5 5 5 5 5
5 5 5 5 5 5
5 5 5 5 5 5
5 5 5 5 5 5
5 5 5 5 5 5
5 5 5 5 5 5
5 5 5 5 5 5
5 5 5 5 5 5
5 5 5 5 5 5
5 5 5 5 5 5
5 5 5 5 5 5
5 5 5 5 5 5
5 5 5 5 5 5
5 5 5 5 5 5
5 5 5 5 5 5
5 5 5 5 5 5
5 5 5 5 5 5
5 5 5 5 5 5
5 5 5 5 5 5
5 5 5 5 5 5
5 5 5 5 5 5
5 5 5 5 5 5
5 5 5 5 5 5
5 5 5 5 5 5
5 5 5 5 5 5
5 5 5 5 5 5
5 5 5 5 5 5
5 5 5 5 5 5
5 5 5 5 5 5
5 5 5 5 5 5
5 5 5 5 5 5
5 5 5 5 5 5
5 5 5 5 5 5
5 5 5 5 5 5
5 5 5 5 5 5
5 5 5 5 5 5
5 5 5 5 5 5
5 5 5 5 5 5
5 5 5 5 5 5
5 5 5 5 5 5
5 5 5 5 5 5
5 5 5 5 5 5
5 5 5 5 5 5
5 5 5 5 5 5
5 5 5 5 5 5
5 5 5 5 5 5
5 5 5 5 5 5
5 5 5 5 5 5
5 5 5 5 5 5
5 5 5 5 5 5
5 5 5 5 5 5
5 5 5 5 5 5
5 5 5 5 5 5
5 5 5 5 5 5
5 5 5 5 5 5
5 5 5 5 5 5
5 5 5 5 5 5
5 5 5 5 5 5
5 5 5 5 5 5
5 5 5 5 5 5
5 5 5 5 5 5
5 5 5 5 5 5
5 5 5 5 5 5
5 5 5 5 5 5
5 5 5 5 5 5
5 5 5 5 5 5
5 5 5 5 5 5
5 5 5 5 5 5
5 5 5 5 5 5
5 5 5 5 5 5
5 5 5 5 5 5
5 5 5 5 5 5
5 5 5 5 5 5
5 5 5 5 5 5
5 5 5 5 5 5
5 5 5 5 5 5
5 5 5 5 5 5
5 5 5 5 5 5
5 5 5 5 5 5
5 5 5 5 5 5
5 5 5 5 5 5
5 5 5 5 5 5
5 5 5 5 5 5
5 5 5 5 5 5
5 5 5 5 5 5
5 5 5 5 5 5
5 5 5 5 5 5
5 5 5 5 5 5
5 5 5 5 5 5
5 5 5 5 5 5
5 5 5 5 5 5
5 5 5 5 5 5
5 5 5 5 5 5
5 5 5 5 5 5
5 5 5 5 5 5
5 5 5 5 5 5
5 5 5 5 5 5
5 5 5 5 5 5
5 5 5 5 5 5
5 5 5 5 5 5
5 5 5 5 5 5
5 5 5 5 5 5
5 5 5 5 5 5
5 5 5 5 5 5
5 5 5 5 5 5
5 5 5 5 5 5
5 5 5 5 5 5
5 5 5 5 5 5
5 5 5 5 5 5
5 5 5 5 5 5
5 5 5 5 5 5
5 5 5 5 5 5
5 5 5 5 5 5
5 5 5 5 5 5
5 5 5 5 5 5
5 5 5 5 5 5
5 5 5 5 5 5
5 5 5 5 5 5
5 5 5 5 5 5
5 5 5 5 5 5
5 5 5 5 5 5
5 5 5 5 5 5
5 5 5 5 5 5
5 5 5 5 5 5
5 5 5 5 5 5
5 5 5 5 5 5
5 5 5 5 5 5
5 5 5 5 5 5
5 5 5 5 5 5
5 5 5 5 5 5
5 5 5 5 5 5
5 5 5 5 5 5
5 5 5 5 5 5
5 5 5 5 5 5
5 5 5 5 5 5
5 5 5 5 5 5
5 5 5 5 5 5
5 5 5 5 5 5
5 5 5 5 5 5
5 5 5 5 5 5
5 5 5 5 5 5
5 5 5 5 5 5
5 5 5 5 5 5
5 5 5 5 5 5
5 5 5 5 5 5
5 5 5 5 5 5
5 5 5 5 5 5
5 5 5 5 5 5
5 5 5 5 5 5
5 5 5 5 5 5
5 5 5 5 5 5
5 5 5 5 5 5
5 5 5 5 5 5
5 5 5 5 5 5
5 5 5 5 5 5
5 5 5 5 5 5
5 5 5 5 5 5
5 5 5 5 5 5
5 5 5 5 5 5
5 5 5 5 5 5
5 5 5 5 5 5
5 5 5 5 5 5
5 5 5 5 5 5
5 5 5 5 5 5
5 5 5 5 5 5
5 5 5 5 5 5
5 5 5 5 5 5
5 5 5 5 5 5
5 5 5 5 5 5
5 5 5 5 5 5
5 5 5 5 5 5
5 5 5 5 5 5
5 5 5 5 5 5
5 5 5 5 5 5
5 5 5 5 5 5
5 5 5 5 5 5
5 5 5 5 5 5
5 5 5 5 5 5
5 5 5 5 5 5
5 5 5 5 5 5
5 5 5 5 5 5
5 5 5 5 5 5
5 5 5 5 5 5
5 5 5 5 5 5
5 5 5 5 5 5
5 5 5 5 5 5
5 5 5 5 5 5
5 5 5 5 5 5
5 5 5 5 5 5
5 5 5 5 5 5
5 5 5 5 5 5
5 5 5 5 5 5
5 5 5 5 5 5
5 5 5 5 5 5
5 5 5 5 5 5
5 5 5 5 5 5
5 5 5 5 5 5
5 5 5 5 5 5
5 5 5 5 5 5
5 5 5 5 5 5
5 5 5 5 5 5
5 5 5 5 5 5
5 5 5 5 5 5
5 5 5 5 5 5
5 5 5 5 5 5
5 5 5 5 5 5
5 5 5 5 5 5
5 5 5 5 5 5
5 5 5 5 5 5
5 5 5 5 5 5
5 5 5 5 5 5
5 5 5 5 5 5
5 5 5 5 5 5
5 5 5 5 5 5
5 5 5 5 5 5
5 5 5 5 5 5
5 5 5 5 5 5
5 5 5 5 5 5
5 5 5 5 5 5
5 5 5 5 5 5
5 5 5 5 5 5
5 5 5 5 5 5
5 5 5 5 5 5
5 5 5 5 5 5
5 5 5 5 5 5
5 5 5 5 5 5
5 5 5 5 5 5
5 5 5 5 5 5
5 5 5 5 5 5
5 5 5 5 5 5
5 5 5 5 5 5
5 5 5 5 5 5
5 5 5 5 5 5
5 5 5 5 5 5
5 5 5 5 5 5
5 5 5 5 5 5
5 5 5 5 5 5
5 5 5 5 5 5
5 5 5 5 5 5
5 5 5 5 5 5
5 5 5 5 5 5
5 5 5 5 5 5
5 5 5 5 5 5
5 5 5 5 5 5
5 5 5 5 5 5
5 5 5 5 5 5
5 5 5 5 5 5
5 5 5 5 5 5
5 5 5 5 5 5
5 5 5 5 5 5
5 5 5 5 5 5
5 5 5 5 5 5
5 5 5 5 5 5
5 5 5 5 5 5
5 5 5 5 5 5
5 5 5 5 5 5
5 5 5 5 5 5
5 5 5 5 5 5
5 5 5 5 5 5
5 5 5 5 5 5
5 5 5 5 5 5
5 5 5 5 5 5
5 5 5 5 5 5
5 5 5 5 5 5
5 5 5 5 5 5
5 5 5 5 5 5
5 5 5 5 5 5
5 5 5 5 5 5
5 5 5 5 5 5
5 5 5 5 5 5
5 5 5 5 5 5
5 5 5 5 5 5
5 5 5 5 5 5
5 5 5 5 5 5
5 5 5 5 5 5
5 5 5 5 5 5
5 5 5 5 5 5
5 5 5 5 5 5
5 5 5 5 5 5
5 5 5 5 5 5
5 5 5 5 5 5
5 5 5 5 5 5
5 5 5 5 5 5
5 5 5 5 5 5
5 5 5 5 5 5
5 5 5 5 5 5
5 5 5 5 5 5
5 5 5 5 5 5
5 5 5 5 5 5
5 5 5 5 5 5
5 5 5 5 5 5
5 5 5 5 5 5
5 5 5 5 5 5
5 5 5 5 5 5
5 5 5 5 5 5
5 5 5 5 5 5
5 5 5 5 5 5
5 5 5 5 5 5
5 5 5 5 5 5
5 5 5 5 5 5
5 5 5 5 5 5
5 5 5 5 5 5
5 5 5 5 5 5
5 5 5 5 5 5
5 5 5 5 5 5
5 5 5 5 5 5
5 5 5 5 5 5
5 5 5 5 5 5
5 5 5 5 5 5
5 5 5 5 5 5
5 5 5 5 5 5
5 5 5 5 5 5
5 5 5 5 5 5
5 5 5 5 5 5
5 5 5 5 5 5
5 5 5 5 5 5
5 5 5 5 5 5
5 5 5 5 5 5
5 5 5 5 5 5
5 5 5 5 5 5
5 5 5 5 5 5
5 5 5 5 5 5
5 5 5 5 5 5
5 5 5 5 5 5
5 5 5 5 5 5
5 5 5 5 5 5
5 5 5 5 5 5
5 5 5 5 5 5
5 5 5 5 5 5
5 5 5 5 5 5
5 5 5 5 5 5
5 5 5 5 5 5
5 5 5 5 5 5
5 5 5 5 5 5
5 5 5 5 5 5
5 5 5 5 5 5
5 5 5 5 5 5
5 5 5 5 5 5
5 5 5 5 5 5
5 5 5 5 5 5
5 5 5 5 5 5
5 5 5 5 5 5
5 5 5 5 5 5
5 5 5 5 5 5
5 5 5 5 5 5
5 5 5 5 5 5
5 5 5 5 5 5
5 5 5 5 5 5
5 5 5 5 5 5
5 5 5 5 5 5
5 5 5 5 5 5
5 5 5 5 5 5
5 5 5 5 5 5
5 5 5 5 5 5
5 5 5 5 5 5
5 5 5 5 5 5
5 5 5 5 5 5
5 5 5 5 5 5
5 5 5 5 5 5
5 5 5 5 5 5
5 5 5 5 5 5
5 5 5 5 5 5
5 5 5 5 5 5
5 5 5 5 5 5
5 5 5 5 5 5
5 5 5 5 5 5
5 5 5 5 5 5
5 5 5 5 5 5
5 5 5 5 5 5
5 5 5 5 5 5
5 5 5 5 5 5
5 5 5 5 5 5
5 5 5 5 5 5
5 5 5 5 5 5
5 5 5 5 5 5
5 5 5 5 5 5
5 5 5 5 5 5
5 5 5 5 5 5
5 5 5 5 5 5
5 5 5 5 5 5
5 5 5 5 5 5
5 5 5 5 5 5
5 5 5 5 5 5
5 5 5 5 5 5
5 5 5 5 5 5
5 5 5 5 5 5
5 5 5 5 5 5
5 5 5 5 5 5
5 5 5 5 5 5
5 5 5 5 5 5
5 5 5 5 5 5
5 5 5 5 5 5
5 5 5 5 5 5
5 5 5 5 5 5
5 5 5 5 5 5
5 5 5 5 5 5
5 5 5 5 5 5
5 5 5 5 5 5
5 5 5 5 5 5
5 5 5 5 5 5
5 5 5 5 5 5
5 5 5 5 5 5
5 5 5 5 5 5
5 5 5 5 5 5
5 5 5 5 5 5
5 5 5 5 5 5
5 5 5 5 5 5
5 5 5 5 5 5
5 5 5 5 5 5
5 5 5 5 5 5
5 5 5 5 5 5
5 5 5 5 5 5
5 5 5 5 5 5
5 5 5 5 5 5
5 5 5 5 5 5
5 5 5 5 5 5
5 5 5 5 5 5
5 5 5 5 5 5
5 5 5 5 5 5
5 5 5 5 5 5
5 5 5 5 5 5
5 5 5 5 5 5
5 5 5 5 5 5
5 5 5 5 5 5
5 5 5 5 5 5
5 5 5 5 5 5
5 5 5 5 5 5
5 5 5 5 5 5
5 5 5 5 5 5
5 5 5 5 5 5
5 5 5 5 5 5
5 5 5 5 5 5
5 5 5 5 5 5
5 5 5 5 5 5
5 5 5 5 5 5
5 5 5 5 5 5
5 5 5 5 5 5
5 5 5 5 5 5
5 5 5 5 5 5
5 5 5 5 5 5
5 5 5 5 5 5
5 5 5 5 5 5
5 5 5 5 5 5
5 5 5 5 5 5
5 5 5 5 5 5
5 5 5 5 5 5
5 5 5 5 5 5
5 5 5 5 5 5
5 5 5 5 5 5
5 5 5 5 5 5
5 5 5 5 5 5
5 5 5 5 5 5
5 5 5 5 5 5
5 5 5 5 5 5
5 5 5 5 5 5
5 5 5 5 5 5
5 5 5 5 5 5
5 5 5 5 5 5
5 5 5 5 5 5
5 5 5 5 5 5
5 5 5 5 5 5
5 5 5 5 5 5
5 5 5 5 5 5
5 5 5 5 5 5
5 5 5 5 5 5
5 5 5 5 5 5
5 5 5 5 5 5
5 5 5 5 5 5
5 5 5 5 5 5
5 5 5 5 5 5
5 5 5 5 5 5
5 5 5 5 5 5
5 5 5 5 5 5
5 5 5 5 5 5
5 5 5 5 5 5
5 5 5 5 5 5
5 5 5 5 5 5
5 5 5 5 5 5
5 5 5 5 5 5
5 5 5 5 5 5
5 5 5 5 5 5
5 5 5 5 5 5
5 5 5 5 5 5
5 5 5 5 5 5
5 5 5 5 5 5
5 5 5 5 5 5
5 5 5 5 5 5
5 5 5 5 5 5
5 5 5 5 5 5
5 5 5 5 5 5
5 5 5 5 5 5
5 5 5 5 5 5
5 5 5 5 5 5
5 5 5 5 5 5
5 5 5 5 5 5
5 5 5 5 5 5
5 5 5 5 5 5
5 5 5 5 5 5
5 5 5 5 5 5
5 5 5 5 5 5
5 5 5 5 5 5
5 5 5 5 5 5
5 5 5 5 5 5
5 5 5 5 5 5
5 5 5 5 5 5
5 5 5 5 5 5
5 5 5 5 5 5
5 5 5 5 5 5
5 5 5 5 5 5
5 5 5 5 5 5
5 5 5 5 5 5
5 5 5 5 5 5
5 5 5 5 5 5
5 5 5 5 5 5
5 5 5 5 5 5
5 5 5 5 5 5
5 5 5 5 5 5
5 5 5 5 5 5
5 5 5 5 5 5
5 5 5 5 5 5
5 5 5 5 5 5
5 5 5 5 5 5
5 5 5 5 5 5
5 5 5 5 5 5
5 5 5 5 5 5
5 5 5 5 5 5
5 5 5 5 5 5
5 5 5 5 5 5
5 5 5 5 5 5
5 5 5 5 5 5
5 5 5 5 5 5
5 5 5 5 5 5
5 5 5 5 5 5
5 5 5 5 5 5
5 5 5 5 5 5
5 5 5 5 5 5
5 5 5 5 5 5
5 5 5 5 5 5
5 5 5 5 5 5
5 5 5 5 5 5
5 5 5 5 5 5
5 5 5 5 5 5
5 5 5 5 5 5
5 5 5 5 5 5
5 5 5 5 5 5
5 5 5 5 5 5
5 5 5 5 5 5
5 5 5 5 5 5
5 5 5 5 5 5
5 5 5 5 5 5
5 5 5 5 5 5
5 5 5 5 5 5
5 5 5 5 5 5
5 5 5 5 5 5
5 5 5 5 5 5
5 5 5 5 5 5
5 5 5 5 5 5
5 5 5 5 5 5
5 5 5 5 5 5
5 5 5 5 5 5
5 5 5 5 5 5
5 5 5 5 5 5
5 5 5 5 5 5
5 5 5 5 5 5
5 5 5 5 5 5
5 5 5 5 5 5
5 5 5 5 5 5
5 5 5 5 5 5
5 5 5 5 5 5
5 5 5 5 5 5
5 5 5 5 5 5
5 5 5 5 5 5
5 5 5 5 5 5
5 5 5 5 5 5
5 5 5 5 5 5
5 5 5 5 5 5
5 5 5 5 5 5
5 5 5 5 5 5
5 5 5 5 5 5
5 5 5 5 5 5
5 5 5 5 5 5
5 5 5 5 5 5
5 5 5 5 5 5
5 5 5 5 5 5
5 5 5 5 5 5
5 5 5 5 5 5
5 5 5 5 5 5
5 5 5 5 5 5
5 5 5 5 5 5
5 5 5 5 5 5
5 5 5 5 5 5
5 5 5 5 5 5
5 5 5 5 5 5
5 5 5 5 5 5
5 5 5 5 5 5
5 5 5 5 5 5
5 5 5 5 5 5
5 5 5 5 5 5
5 5 5 5 5 5
5 5 5 5 5 5
5 5 5 5 5 5
5 5 5 5 5 5
5 5 5 5 5 5
5 5 5 5 5 5
5 5 5 5 5 5
5 5 5 5 5 5
5 5 5 5 5 5
5 5 5 5 5 5
5 5 5 5 5 5
5 5 5 5 5 5
5 5 5 5 5 5
5 5 5 5 5 5
5 5 5 5 5 5
5 5 5 5 5 5
5 5 5 5 5 5
5 5 5 5 5 5
5 5 5 5 5 5
5 5 5 5 5 5
5 5 5 5 5 5
5 5 5 5 5 5
5 5 5 5 5 5
5 5 5 5 5 5
5 5 5 5 5 5
5 5 5 5 5 5
5 5 5 5 5 5
5 5 5 5 5 5
5 5 5 5 5 5
5 5 5 5 5 5
5 5 5 5 5 5
5 5 5 5 5 5
5 5 5 5 5 5
5 5 5 5 5 5
5 5 5 5 5 5
5 5 5 5 5 5
5 5 5 5 5 5
5 5 5 5 5 5
5 5 5 5 5 5
5 5 5 5 5 5
5 5 5 5 5 5
5 5 5 5 5 5
5 5 5 5 5 5
5 5 5 5 5 5
5 5 5 5 5 5
5 5 5 5 5 5
5 5 5 5 5 5
5 5 5 5 5 5
5 5 5 5 5 5
5 5 5 5 5 5
5 5 5 5 5 5
5 5 5 5 5 5
5 5 5 5 5 5
5 5 5 5 5 5
5 5 5 5 5 5
5 5 5 5 5 5
5 5 5 5 5 5
5 5 5 5 5 5
5 5 5 5 5 5
5 5 5 5 5 5
5 5 5 5 5 5
5 5 5 5 5 5
5 5 5 5 5 5
5 5 5 5 5 5
5 5 5 5 5 5
5 5 5 5 5 5
5 5 5 5 5 5
5 5 5 5 5 5
5 5 5 5 5 5
5 5 5 5 5 5
5 5 5 5 5 5
5 5 5 5 5 5
5 5 5 5 5 5
5 5 5 5 5 5
5 5 5 5 5 5
5 5 5 5 5 5
5 5 5 5 5 5
5 5 5 5 5 5
5 5 5 5 5 5
5 5 5 5 5 5
5 5 5 5 5 5
5 5 5 5 5 5
5 5 5 5 5 5
5 5 5 5 5 5
5 5 5 5 5 5
5 5 5 5 5 5
5 5 5 5 5 5
5 5 5 5 5 5
5 5 5 5 5 5
5 5 5 5 5 5
5 5 5 5 5 5
5 5 5 5 5 5
5 5 5 5 5 5
5 5 5 5 5 5
5 5 5 5 5 5
5 5 5 5 5 5
5 5 5 5 5 5
5 5 5 5 5 5
5 5 5 5 5 5
5 5 5 5 5 5
5 5 5 5 5 5
5 5 5 5 5 5
5 5 5 5 5 5
5 5 5 5 5 5
5 5 5 5 5 5
5 5 5 5 5 5
5 5 5 5 5 5
5 5 5 5 5 5
5 5 5 5 5 5
5 5 5 5 5 5
5 5 5 5 5 5
5 5 5 5 5 5
5 5 5 5 5 5
5 5 5 5 5 5
5 5 5 5 5 5
5 5 5 5 5 5
5 5 5 5 5 5
5 5 5 5 5 5
5 5 5 5 5 5
5 5 5 5 5 5
5 5 5 5 5 5
5 5 5 5 5 5
5 5 5 5 5 5
5 5 5 5 5 5
5 5 5 5 5 5
5 5 5 5 5 5
5 5 5 5 5 5
5 5 5 5 5 5
5 5 5 5 5 5
5 5 5 5 5 5
5 5 5 5 5 5
5 5 5 5 5 5
5 5 5 5 5 5
5 5 5 5 5 5
5 5 5 5 5 5
5 5 5 5 5 5
5 5 5 5 5 5
5 5 5 5 5 5
5 5 5 5 5 5
5 5 5 5 5 5
5 5 5 5 5 5
5 5 5 5 5 5
5 5 5 5 5 5
5 5 5 5 5 5
5 5 5 5 5 5
5 5 5 5 5 5
5 5 5 5 5 5
5 5 5 5 5 5
5 5 5 5 5 5
5 5 5 5 5 5
5 5 5 5 5 5
5 5 5 5 5 5
5 5 5 5 5 5
5 5 5 5 5 5
5 5 5 5 5 5
5 5 5 5 5 5
5 5 5 5 5 5
5 5 5 5 5 5
5 5 5 5 5 5
5 5 5 5 5 5
5 5 5 5 5 5
5 5 5 5 5 5
5 5 5 5 5 5
5 5 5 5 5 5
5 5 5 5 5 5
5 5 5 5 5 5
5 5 5 5 5 5
5 5 5 5 5 5
5 5 5 5 5 5
5 5 5 5 5 5
5 5 5 5 5 5
5 5 5 5 5 5
5 5 5 5 5 5
5 5 5 5 5 5
5 5 5 5 5 5
5 5 5 5 5 5
5 5 5 5 5 5
5 5 5 5 5 5
5 5 5 5 5 5
5 5 5 5 5 5
5 5 5 5 5 5
5 5 
				</DataArray>
			</Cells>
		</Piece >
	</UnstructuredGrid>
</VTKFile>
