# vtk DataFile Version 2.0
Solution
ASCII
DATASET POLYDATA
POINTS 6080 float
-3 -2 0
-2.87875 -1.9203 0
-2.76034 -1.84246 0
-2.64476 -1.76649 0
-2.53203 -1.69239 0
-2.42214 -1.62015 0
-2.31508 -1.54978 0
-2.21086 -1.48127 0
-2.10949 -1.41463 0
-2.01095 -1.34986 0
-1.91525 -1.28695 0
-1.82239 -1.22591 0
-1.73237 -1.16674 0
-1.64518 -1.10943 0
-1.56084 -1.05399 0
-1.47934 -1.00041 0
-1.40067 -0.948704 0
-1.32484 -0.898861 0
-1.25186 -0.850884 0
-1.18171 -0.804773 0
-1.1144 -0.760528 0
-1.04993 -0.718149 0
-0.988296 -0.677637 0
-0.929504 -0.63899 0
-0.873551 -0.60221 0
-0.820436 -0.567297 0
-0.770161 -0.534249 0
-0.722725 -0.503067 0
-0.678128 -0.473752 0
-0.636369 -0.446303 0
-0.59745 -0.42072 0
-0.56137 -0.397003 0
-0.528129 -0.375153 0
-0.497727 -0.355168 0
-0.470164 -0.33705 0
-0.44544 -0.320798 0
-0.423555 -0.306412 0
-0.404508 -0.293893 0
-3 -1.875 0
-2.87927 -1.80038 0
-2.76137 -1.72752 0
-2.6463 -1.6564 0
-2.53406 -1.58702 0
-2.42464 -1.51939 0
-2.31804 -1.45351 0
-2.21428 -1.38938 0
-2.11334 -1.327 0
-2.01523 -1.26636 0
-1.91994 -1.20746 0
-1.82748 -1.15032 0
-1.73785 -1.09492 0
-1.65104 -1.04127 0
-1.56706 -0.989369 0
-1.48591 -0.939213 0
-1.40759 -0.890803 0
-1.33209 -0.844141 0
-1.25942 -0.799226 0
-1.18957 -0.756058 0
-1.12255 -0.714637 0
-1.05836 -0.674963 0
-0.996997 -0.637037 0
-0.938459 -0.600857 0
-0.882748 -0.566424 0
-0.829864 -0.533739 0
-0.779806 -0.502801 0
-0.732575 -0.473609 0
-0.68817 -0.446165 0
-0.646593 -0.420468 0
-0.607842 -0.396518 0
-0.571918 -0.374315 0
-0.53882 -0.353859 0
-0.50855 -0.33515 0
-0.481106 -0.318188 0
-0.456489 -0.302973 0
-0.434698 -0.289506 0
-0.415735 -0.277785 0
-2.875 -2 0
-2.75904 -1.92103 0
-2.64579 -1.84391 0
-2.53525 -1.76863 0
-2.42743 -1.69521 0
-2.32233 -1.62364 0
-2.21994 -1.55391 0
-2.12027 -1.48603 0
-2.02331 -1.42001 0
-1.92907 -1.35583 0
-1.83754 -1.2935 0
-1.74873 -1.23302 0
-1.66263 -1.17439 0
-1.57925 -1.1176 0
-1.49858 -1.06267 0
-1.42063 -1.00959 0
-1.34539 -0.95835 0
-1.27287 -0.908964 0
-1.20307 -0.861427 0
-1.13598 -0.815739 0
-1.0716 -0.771901 0
-1.00994 -0.729911 0
-0.950996 -0.68977 0
-0.894767 -0.651478 0
-0.841253 -0.615036 0
-0.790454 -0.580442 0
-0.74237 -0.547698 0
-0.697002 -0.516802 0
-0.654349 -0.487756 0
-0.614411 -0.460559 0
-0.577189 -0.435211 0
-0.542682 -0.411711 0
-0.51089 -0.390061 0
-0.481813 -0.37026 0
-0.455451 -0.352308 0
-0.431805 -0.336206 0
-0.410874 -0.321952 0
-0.392658 -0.309547 0
-3 -1.75 0
-2.87977 -1.68045 0
-2.76235 -1.61253 0
-2.64775 -1.54624 0
-2.53596 -1.48158 0
-2.42699 -1.41854 0
-2.32084 -1.35714 0
-2.2175 -1.29736 0
-2.11697 -1.23921 0
-2.01926 -1.18269 0
-1.92436 -1.1278 0
-1.83228 -1.07453 0
-1.74302 -1.0229 0
-1.65657 -0.972889 0
-1.57293 -0.924511 0
-1.49211 -0.87776 0
-1.41411 -0.832638 0
-1.33892 -0.789145 0
-1.26655 -0.74728 0
-1.19699 -0.707044 0
-1.13024 -0.668436 0
-1.06632 -0.631456 0
-1.0052 -0.596105 0
-0.946904 -0.562382 0
-0.891421 -0.530288 0
-0.838753 -0.499822 0
-0.7889 -0.470984 0
-0.741862 -0.443775 0
-0.69764 -0.418195 0
-0.656232 -0.394243 0
-0.61764 -0.371919 0
-0.581863 -0.351224 0
-0.548902 -0.332157 0
-0.518755 -0.314718 0
-0.491424 -0.298908 0
-0.466907 -0.284727 0
-0.445206 -0.272174 0
-0.42632 -0.261249 0
-2.75 -2 0
-2.63929 -1.92174 0
-2.53118 -1.84531 0
-2.42565 -1.77071 0
-2.32272 -1.69795 0
-2.22239 -1.62701 0
-2.12464 -1.55791 0
-2.02948 -1.49065 0
-1.93692 -1.42521 0
-1.84695 -1.36161 0
-1.75957 -1.29984 0
-1.67479 -1.2399 0
-1.59259 -1.1818 0
-1.51299 -1.12553 0
-1.43598 -1.07109 0
-1.36157 -1.01848 0
-1.28974 -0.967702 0
-1.22051 -0.91876 0
-1.15387 -0.87165 0
-1.08982 -0.826372 0
-1.02836 -0.782927 0
-0.969499 -0.741314 0
-0.913227 -0.701533 0
-0.859547 -0.663586 0
-0.808459 -0.62747 0
-0.759963 -0.593187 0
-0.71406 -0.560737 0
-0.670748 -0.530119 0
-0.630029 -0.501333 0
-0.591902 -0.47438 0
-0.556367 -0.449259 0
-0.523424 -0.425971 0
-0.493074 -0.404516 0
-0.465315 -0.384892 0
-0.440149 -0.367102 0
-0.417575 -0.351143 0
-0.397593 -0.337017 0
-0.380203 -0.324724 0
-3 -1.625 0
-2.88023 -1.5605 0
-2.76327 -1.49751 0
-2.64911 -1.43603 0
-2.53775 -1.37606 0
-2.4292 -1.3176 0
-2.32346 -1.26065 0
-2.22051 -1.20521 0
-2.12038 -1.15129 0
-2.02304 -1.09887 0
-1.92851 -1.04796 0
-1.83679 -0.998561 0
-1.74787 -0.950673 0
-1.66175 -0.904296 0
-1.57844 -0.859429 0
-1.49793 -0.816072 0
-1.42023 -0.774225 0
-1.34533 -0.733889 0
-1.27323 -0.695063 0
-1.20394 -0.657747 0
-1.13746 -0.621941 0
-1.07377 -0.587646 0
-1.0129 -0.55486 0
-0.954823 -0.523586 0
-0.899554 -0.493821 0
-0.84709 -0.465566 0
-0.797429 -0.438822 0
-0.750573 -0.413588 0
-0.706521 -0.389864 0
-0.665274 -0.367651 0
-0.62683 -0.346947 0
-0.591191 -0.327754 0
-0.558357 -0.310071 0
-0.528326 -0.293899 0
-0.5011 -0.279236 0
-0.476679 -0.266084 0
-0.455061 -0.254442 0
-0.436248 -0.244311 0
-2.625 -2 0
-2.51952 -1.92242 0
-2.41652 -1.84666 0
-2.31598 -1.77272 0
-2.21791 -1.70059 0
-2.12231 -1.63028 0
-2.02918 -1.56179 0
-1.93852 -1.49511 0
-1.85033 -1.43025 0
-1.76462 -1.3672 0
-1.68137 -1.30597 0
-1.60059 -1.24656 0
-1.52227 -1.18897 0
-1.44643 -1.13319 0
-1.37306 -1.07922 0
-1.30216 -1.02708 0
-1.23373 -0.976746 0
-1.16777 -0.928232 0
-1.10428 -0.881535 0
-1.04325 -0.836653 0
-0.9847 -0.793589 0
-0.928616 -0.752341 0
-0.875003 -0.712909 0
-0.823859 -0.675293 0
-0.775185 -0.639494 0
-0.72898 -0.605512 0
-0.685245 -0.573345 0
-0.64398 -0.542996 0
-0.605185 -0.514462 0
-0.568859 -0.487745 0
-0.535003 -0.462845 0
-0.503616 -0.439761 0
-0.4747 -0.418493 0
-0.448253 -0.399042 0
-0.424275 -0.381407 0
-0.402768 -0.365588 0
-0.38373 -0.351586 0
-0.367161 -0.3394 0
-3 -1.5 0
-2.88066 -1.44053 0
-2.76412 -1.38245 0
-2.65038 -1.32577 0
-2.53942 -1.27048 0
-2.43126 -1.21658 0
-2.3259 -1.16407 0
-2.22333 -1.11295 0
-2.12355 -1.06323 0
-2.02657 -1.0149 0
-1.93238 -0.967964 0
-1.84099 -0.922419 0
-1.75239 -0.878266 0
-1.66658 -0.835506 0
-1.58357 -0.794138 0
-1.50335 -0.754163 0
-1.42593 -0.71558 0
-1.3513 -0.67839 0
-1.27947 -0.642592 0
-1.21043 -0.608186 0
-1.14418 -0.575173 0
-1.08073 -0.543552 0
-1.02007 -0.513324 0
-0.962207 -0.484489 0
-0.907137 -0.457045 0
-0.854862 -0.430994 0
-0.80538 -0.406336 0
-0.758693 -0.38307 0
-0.714801 -0.361197 0
-0.673702 -0.340716 0
-0.635398 -0.321627 0
-0.599887 -0.303931 0
-0.567171 -0.287627 0
-0.537249 -0.272716 0
-0.510121 -0.259197 0
-0.485788 -0.247071 0
-0.464248 -0.236337 0
-0.445503 -0.226995 0
-2.5 -2 0
-2.39973 -1.92308 0
-2.3018 -1.84797 0
-2.20622 -1.77466 0
-2.11299 -1.70314 0
-2.02211 -1.63343 0
-1.93358 -1.56552 0
-1.84739 -1.49941 0
-1.76355 -1.4351 0
-1.68206 -1.3726 0
-1.60292 -1.31189 0
-1.52613 -1.25298 0
-1.45168 -1.19588 0
-1.37958 -1.14057 0
-1.30983 -1.08707 0
-1.24242 -1.03537 0
-1.17737 -0.985467 0
-1.11466 -0.937367 0
-1.0543 -0.891067 0
-0.996289 -0.846568 0
-0.940625 -0.803871 0
-0.887309 -0.762974 0
-0.83634 -0.723878 0
-0.78772 -0.686584 0
-0.741447 -0.65109 0
-0.697522 -0.617397 0
-0.655945 -0.585505 0
-0.616715 -0.555413 0
-0.579834 -0.527123 0
-0.5453 -0.500634 0
-0.513114 -0.475946 0
-0.483276 -0.453058 0
-0.455786 -0.431972 0
-0.430644 -0.412686 0
-0.40785 -0.395202 0
-0.387403 -0.379518 0
-0.369304 -0.365635 0
-0.353553 -0.353553 0
-3 -1.375 0
-2.88106 -1.32054 0
-2.76491 -1.26736 0
-2.65155 -1.21546 0
-2.54097 -1.16483 0
-2.43317 -1.11547 0
-2.32816 -1.06739 0
-2.22593 -1.02059 0
-2.12649 -0.975058 0
-2.02983 -0.930803 0
-1.93596 -0.887823 0
-1.84487 -0.846118 0
-1.75657 -0.805688 0
-1.67105 -0.766534 0
-1.58832 -0.728654 0
-1.50837 -0.692049 0
-1.43121 -0.656719 0
-1.35683 -0.622665 0
-1.28524 -0.589885 0
-1.21643 -0.55838 0
-1.15041 -0.528151 0
-1.08717 -0.499196 0
-1.02671 -0.471517 0
-0.969042 -0.445112 0
-0.914157 -0.419983 0
-0.862057 -0.396129 0
-0.812742 -0.373549 0
-0.766211 -0.352245 0
-0.722466 -0.332216 0
-0.681505 -0.313462 0
-0.643329 -0.295983 0
-0.607938 -0.279778 0
-0.575331 -0.264849 0
-0.54551 -0.251195 0
-0.518473 -0.238816 0
-0.494221 -0.227713 0
-0.472754 -0.217884 0
-0.454072 -0.20933 0
-2.375 -2 0
-2.27991 -1.92372 0
-2.18704 -1.84923 0
-2.09639 -1.77652 0
-2.00798 -1.7056 0
-1.92179 -1.63646 0
-1.83783 -1.56911 0
-1.75609 -1.50355 0
-1.67659 -1.43977 0
-1.5993 -1.37778 0
-1.52425 -1.31758 0
-1.45142 -1.25916 0
-1.38082 -1.20252 0
-1.31244 -1.14768 0
-1.24629 -1.09462 0
-1.18237 -1.04334 0
-1.12067 -0.993852 0
-1.0612 -0.946149 0
-1.00396 -0.900232 0
-0.948944 -0.856102 0
-0.896155 -0.813757 0
-0.845592 -0.773198 0
-0.797255 -0.734426 0
-0.751145 -0.697439 0
-0.707262 -0.662238 0
-0.665605 -0.628824 0
-0.626175 -0.597195 0
-0.588972 -0.567353 0
-0.553995 -0.539297 0
-0.521245 -0.513026 0
-0.490721 -0.488542 0
-0.462424 -0.465844 0
-0.436354 -0.444932 0
-0.41251 -0.425805 0
-0.390893 -0.408465 0
-0.371502 -0.392911 0
-0.354338 -0.379143 0
-0.3394 -0.367161 0
-3 -1.25 0
-2.88143 -1.20054 0
-2.76564 -1.15225 0
-2.65263 -1.10511 0
-2.54239 -1.05912 0
-2.43492 -1.0143 0
-2.33024 -0.970633 0
-2.22833 -0.928124 0
-2.12919 -0.886774 0
-2.03283 -0.846582 0
-1.93925 -0.807547 0
-1.84844 -0.769671 0
-1.76042 -0.732953 0
-1.67516 -0.697393 0
-1.59268 -0.66299 0
-1.51298 -0.629746 0
-1.43606 -0.597659 0
-1.36191 -0.566731 0
-1.29054 -0.536961 0
-1.22194 -0.508348 0
-1.15612 -0.480894 0
-1.09308 -0.454598 0
-1.03281 -0.429459 0
-0.975318 -0.405479 0
-0.920603 -0.382656 0
-0.868664 -0.360992 0
-0.819501 -0.340485 0
-0.773115 -0.321137 0
-0.729504 -0.302946 0
-0.68867 -0.285914 0
-0.650612 -0.270039 0
-0.61533 -0.255323 0
-0.582825 -0.241764 0
-0.553095 -0.229364 0
-0.526142 -0.218121 0
-0.501965 -0.208037 0
-0.480564 -0.19911 0
-0.46194 -0.191342 0
-2.25 -2 0
-2.16006 -1.92433 0
-2.07222 -1.85043 0
-1.98649 -1.7783 0
-1.90287 -1.70795 0
-1.82135 -1.63937 0
-1.74194 -1.57255 0
-1.66464 -1.50752 0
-1.58944 -1.44425 0
-1.51634 -1.38275 0
-1.44536 -1.32303 0
-1.37647 -1.26507 0
-1.3097 -1.20889 0
-1.24503 -1.15448 0
-1.18246 -1.10185 0
-1.12201 -1.05098 0
-1.06365 -1.00189 0
-1.00741 -0.954566 0
-0.953267 -0.909016 0
-0.901232 -0.865238 0
-0.851304 -0.823232 0
-0.803481 -0.782997 0
-0.757764 -0.744534 0
-0.714154 -0.707843 0
-0.672649 -0.672923 0
-0.63325 -0.639776 0
-0.595957 -0.6084 0
-0.56077 -0.578796 0
-0.527688 -0.550963 0
-0.496713 -0.524903 0
-0.467844 -0.500614 0
-0.44108 -0.478097 0
-0.416423 -0.457352 0
-0.393871 -0.438379 0
-0.373426 -0.421177 0
-0.355086 -0.405747 0
-0.338852 -0.392089 0
-0.324724 -0.380203 0
-3 -1.125 0
-2.88177 -1.08053 0
-2.7663 -1.0371 0
-2.6536 -0.994711 0
-2.54368 -0.953364 0
-2.43652 -0.913058 0
-2.33212 -0.873794 0
-2.2305 -0.835571 0
-2.13165 -0.798389 0
-2.03556 -0.762248 0
-1.94224 -0.727148 0
-1.85169 -0.69309 0
-1.76391 -0.660073 0
-1.6789 -0.628097 0
-1.59665 -0.597163 0
-1.51718 -0.56727 0
-1.44047 -0.538418 0
-1.36653 -0.510607 0
-1.29536 -0.483838 0
-1.22695 -0.45811 0
-1.16132 -0.433423 0
-1.09845 -0.409777 0
-1.03836 -0.387173 0
-0.981027 -0.36561 0
-0.926466 -0.345088 0
-0.874673 -0.325607 0
-0.825649 -0.307168 0
-0.779393 -0.28977 0
-0.735906 -0.273413 0
-0.695187 -0.258098 0
-0.657236 -0.243823 0
-0.622054 -0.23059 0
-0.58964 -0.218398 0
-0.559994 -0.207248 0
-0.533117 -0.197139 0
-0.509008 -0.188071 0
-0.487668 -0.180044 0
-0.469096 -0.173059 0
-2.125 -2 0
-2.04019 -1.92491 0
-1.95736 -1.85158 0
-1.87653 -1.78001 0
-1.79767 -1.7102 0
-1.72081 -1.64214 0
-1.64592 -1.57584 0
-1.57303 -1.5113 0
-1.50212 -1.44852 0
-1.43319 -1.3875 0
-1.36625 -1.32823 0
-1.3013 -1.27073 0
-1.23834 -1.21498 0
-1.17735 -1.16099 0
-1.11836 -1.10875 0
-1.06135 -1.05828 0
-1.00633 -1.00956 0
-0.953288 -0.962605 0
-0.902236 -0.917406 0
-0.85317 -0.873964 0
-0.806089 -0.83228 0
-0.760994 -0.792355 0
-0.717886 -0.754188 0
-0.676762 -0.717779 0
-0.637625 -0.683128 0
-0.600474 -0.650235 0
-0.565308 -0.619101 0
-0.532128 -0.589724 0
-0.500934 -0.562106 0
-0.471725 -0.536246 0
-0.444503 -0.512144 0
-0.419266 -0.4898 0
-0.396015 -0.469214 0
-0.37475 -0.450387 0
-0.35547 -0.433318 0
-0.338177 -0.418006 0
-0.322869 -0.404453 0
-0.309547 -0.392658 0
-3 -1 0
-2.88207 -0.960502 0
-2.7669 -0.921929 0
-2.65448 -0.884281 0
-2.54484 -0.847557 0
-2.43795 -0.811759 0
-2.33382 -0.776885 0
-2.23246 -0.742936 0
-2.13385 -0.709912 0
-2.03801 -0.677812 0
-1.94493 -0.646638 0
-1.85461 -0.616388 0
-1.76705 -0.587063 0
-1.68225 -0.558663 0
-1.60022 -0.531188 0
-1.52094 -0.504637 0
-1.44443 -0.479012 0
-1.37068 -0.454311 0
-1.29969 -0.430535 0
-1.23146 -0.407684 0
-1.16599 -0.385758 0
-1.10329 -0.364756 0
-1.04334 -0.34468 0
-0.986158 -0.325528 0
-0.931736 -0.307301 0
-0.880075 -0.289999 0
-0.831176 -0.273621 0
-0.785037 -0.258169 0
-0.74166 -0.243641 0
-0.701045 -0.230038 0
-0.663191 -0.21736 0
-0.628098 -0.205607 0
-0.595766 -0.194778 0
-0.566196 -0.184875 0
-0.539387 -0.175896 0
-0.515339 -0.167842 0
-0.494053 -0.160713 0
-0.475528 -0.154508 0
-2 -2 0
-1.9203 -1.92547 0
-1.84246 -1.85268 0
-1.76649 -1.78163 0
-1.69239 -1.71233 0
-1.62015 -1.64478 0
-1.54978 -1.57897 0
-1.48127 -1.5149 0
-1.41463 -1.45259 0
-1.34986 -1.39201 0
-1.28695 -1.33318 0
-1.22591 -1.2761 0
-1.16674 -1.22076 0
-1.10943 -1.16717 0
-1.05399 -1.11532 0
-1.00041 -1.06522 0
-0.948704 -1.01687 0
-0.898861 -0.970253 0
-0.850884 -0.925387 0
-0.804773 -0.882265 0
-0.760528 -0.840889 0
-0.718149 -0.801258 0
-0.677637 -0.763372 0
-0.63899 -0.727232 0
-0.60221 -0.692836 0
-0.567297 -0.660186 0
-0.534249 -0.629281 0
-0.503067 -0.600121 0
-0.473752 -0.572707 0
-0.446303 -0.547037 0
-0.42072 -0.523113 0
-0.397003 -0.500934 0
-0.375153 -0.4805 0
-0.355168 -0.461811 0
-0.33705 -0.444868 0
-0.320798 -0.42967 0
-0.306412 -0.416216 0
-0.293893 -0.404508 0
-3 -0.875 0
-2.88233 -0.840464 0
-2.76742 -0.806736 0
-2.65526 -0.773818 0
-2.54586 -0.741707 0
-2.43922 -0.710406 0
-2.33533 -0.679913 0
-2.23419 -0.650229 0
-2.13581 -0.621353 0
-2.04018 -0.593286 0
-1.94731 -0.566028 0
-1.8572 -0.539578 0
-1.76984 -0.513937 0
-1.68523 -0.489104 0
-1.60338 -0.465081 0
-1.52428 -0.441866 0
-1.44794 -0.419459 0
-1.37436 -0.397861 0
-1.30353 -0.377072 0
-1.23545 -0.357092 0
-1.17013 -0.33792 0
-1.10757 -0.319556 0
-1.04776 -0.302002 0
-0.990705 -0.285256 0
-0.936405 -0.269319 0
-0.884861 -0.25419 0
-0.836072 -0.23987 0
-0.790038 -0.226358 0
-0.746759 -0.213656 0
-0.706235 -0.201762 0
-0.668466 -0.190676 0
-0.633453 -0.180399 0
-0.601194 -0.170931 0
-0.57169 -0.162272 0
-0.544942 -0.154421 0
-0.520949 -0.147379 0
-0.499711 -0.141145 0
-0.481228 -0.13572 0
-1.875 -2 0
-1.80038 -1.92599 0
-1.72752 -1.85371 0
-1.6564 -1.78317 0
-1.58702 -1.71436 0
-1.51939 -1.64728 0
-1.45351 -1.58193 0
-1.38938 -1.51832 0
-1.327 -1.45644 0
-1.26636 -1.39629 0
-1.20746 -1.33788 0
-1.15032 -1.2812 0
-1.09492 -1.22625 0
-1.04127 -1.17303 0
-0.989369 -1.12155 0
-0.939213 -1.0718 0
-0.890803 -1.02378 0
-0.844141 -0.977499 0
-0.799226 -0.932948 0
-0.756058 -0.89013 0
-0.714637 -0.849045 0
-0.674963 -0.809693 0
-0.637037 -0.772074 0
-0.600857 -0.736187 0
-0.566424 -0.702034 0
-0.533739 -0.669613 0
-0.502801 -0.638926 0
-0.473609 -0.609971 0
-0.446165 -0.582749 0
-0.420468 -0.557261 0
-0.396518 -0.533505 0
-0.374315 -0.511482 0
-0.353859 -0.491192 0
-0.33515 -0.472634 0
-0.318188 -0.45581 0
-0.302973 -0.440719 0
-0.289506 -0.42736 0
-0.277785 -0.415735 0
-3 -0.75 0
-2.88256 -0.720416 0
-2.76788 -0.691524 0
-2.65594 -0.663326 0
-2.54676 -0.63582 0
-2.44032 -0.609006 0
-2.33663 -0.582886 0
-2.2357 -0.557458 0
-2.13751 -0.532722 0
-2.04207 -0.50868 0
-1.94938 -0.48533 0
-1.85945 -0.462673 0
-1.77226 -0.440708 0
-1.68782 -0.419437 0
-1.60613 -0.398857 0
-1.52719 -0.378971 0
-1.451 -0.359777 0
-1.37756 -0.341276 0
-1.30687 -0.323468 0
-1.23893 -0.306352 0
-1.17374 -0.28993 0
-1.11129 -0.274199 0
-1.0516 -0.259162 0
-0.994659 -0.244817 0
-0.940467 -0.231165 0
-0.889024 -0.218205 0
-0.840331 -0.205939 0
-0.794387 -0.194365 0
-0.751194 -0.183483 0
-0.710749 -0.173295 0
-0.673055 -0.163799 0
-0.63811 -0.154996 0
-0.605915 -0.146885 0
-0.57647 -0.139467 0
-0.549774 -0.132742 0
-0.525828 -0.12671 0
-0.504632 -0.12137 0
-0.486185 -0.116723 0
-1.75 -2 0
-1.68045 -1.92648 0
-1.61253 -1.85469 0
-1.54624 -1.78462 0
-1.48158 -1.71626 0
-1.41854 -1.64963 0
-1.35714 -1.58472 0
-1.29736 -1.52154 0
-1.23921 -1.46007 0
-1.18269 -1.40032 0
-1.1278 -1.3423 0
-1.07453 -1.286 0
-1.0229 -1.23142 0
-0.972889 -1.17856 0
-0.924511 -1.12742 0
-0.87776 -1.078 0
-0.832638 -1.03031 0
-0.789145 -0.984331 0
-0.74728 -0.940078 0
-0.707044 -0.897546 0
-0.668436 -0.856735 0
-0.631456 -0.817646 0
-0.596105 -0.780278 0
-0.562382 -0.744632 0
-0.530288 -0.710706 0
-0.499822 -0.678502 0
-0.470984 -0.64802 0
-0.443775 -0.619259 0
-0.418195 -0.592219 0
-0.394243 -0.5669 0
-0.371919 -0.543303 0
-0.351224 -0.521427 0
-0.332157 -0.501273 0
-0.314718 -0.48284 0
-0.298908 -0.466128 0
-0.284727 -0.451137 0
-0.272174 -0.437868 0
-0.261249 -0.42632 0
-3 -0.625 0
-2.88276 -0.600359 0
-2.76827 -0.576296 0
-2.65652 -0.552809 0
-2.54752 -0.529899 0
-2.44126 -0.507567 0
-2.33774 -0.485811 0
-2.23698 -0.464632 0
-2.13895 -0.44403 0
-2.04368 -0.424005 0
-1.95114 -0.404557 0
-1.86135 -0.385686 0
-1.77431 -0.367392 0
-1.69001 -0.349675 0
-1.60846 -0.332534 0
-1.52965 -0.315971 0
-1.45359 -0.299985 0
-1.38027 -0.284575 0
-1.3097 -0.269743 0
-1.24187 -0.255487 0
-1.17679 -0.241809 0
-1.11445 -0.228707 0
-1.05486 -0.216182 0
-0.998016 -0.204235 0
-0.943914 -0.192864 0
-0.892558 -0.18207 0
-0.843946 -0.171853 0
-0.798079 -0.162213 0
-0.754958 -0.15315 0
-0.714581 -0.144664 0
-0.67695 -0.136755 0
-0.642064 -0.129423 0
-0.609922 -0.122667 0
-0.580526 -0.116489 0
-0.553875 -0.110888 0
-0.529969 -0.105863 0
-0.508808 -0.101416 0
-0.490393 -0.0975452 0
-1.625 -2 0
-1.5605 -1.92695 0
-1.49751 -1.85561 0
-1.43603 -1.78598 0
-1.37606 -1.71805 0
-1.3176 -1.65184 0
-1.26065 -1.58734 0
-1.20521 -1.52456 0
-1.15129 -1.46348 0
-1.09887 -1.40411 0
-1.04796 -1.34645 0
-0.998561 -1.2905 0
-0.950673 -1.23627 0
-0.904296 -1.18374 0
-0.859429 -1.13292 0
-0.816072 -1.08382 0
-0.774225 -1.03642 0
-0.733889 -0.990738 0
-0.695063 -0.946764 0
-0.657747 -0.904501 0
-0.621941 -0.863948 0
-0.587646 -0.825105 0
-0.55486 -0.787973 0
-0.523586 -0.752551 0
-0.493821 -0.71884 0
-0.465566 -0.686839 0
-0.438822 -0.656549 0
-0.413588 -0.627969 0
-0.389864 -0.6011 0
-0.367651 -0.575941 0
-0.346947 -0.552493 0
-0.327754 -0.530755 0
-0.310071 -0.510728 0
-0.293899 -0.492411 0
-0.279236 -0.475804 0
-0.266084 -0.460908 0
-0.254442 -0.447723 0
-0.244311 -0.436248 0
-3 -0.5 0
-2.88292 -0.480296 0
-2.76859 -0.461053 0
-2.65699 -0.442272 0
-2.54814 -0.423952 0
-2.44203 -0.406094 0
-2.33866 -0.388697 0
-2.23803 -0.371761 0
-2.14014 -0.355286 0
-2.04499 -0.339273 0
-1.95258 -0.323721 0
-1.86292 -0.308631 0
-1.776 -0.294002 0
-1.69182 -0.279834 0
-1.61037 -0.266128 0
-1.53168 -0.252883 0
-1.45572 -0.240099 0
-1.3825 -0.227777 0
-1.31203 -0.215916 0
-1.24429 -0.204517 0
-1.1793 -0.193578 0
-1.11705 -0.183102 0
-1.05754 -0.173086 0
-1.00077 -0.163532 0
-0.946742 -0.154439 0
-0.895456 -0.145808 0
-0.846911 -0.137638 0
-0.801108 -0.129929 0
-0.758045 -0.122682 0
-0.717724 -0.115896 0
-0.680145 -0.109571 0
-0.645307 -0.103708 0
-0.61321 -0.0983063 0
-0.583854 -0.0933658 0
-0.55724 -0.0888866 0
-0.533366 -0.0848688 0
-0.512235 -0.0813123 0
-0.493844 -0.0782172 0
-1.5 -2 0
-1.44053 -1.92738 0
-1.38245 -1.85646 0
-1.32577 -1.78724 0
-1.27048 -1.71972 0
-1.21658 -1.6539 0
-1.16407 -1.58979 0
-1.11295 -1.52737 0
-1.06323 -1.46665 0
-1.0149 -1.40763 0
-0.967964 -1.35032 0
-0.922419 -1.2947 0
-0.878266 -1.24079 0
-0.835506 -1.18857 0
-0.794138 -1.13806 0
-0.754163 -1.08924 0
-0.71558 -1.04213 0
-0.67839 -0.996712 0
-0.642592 -0.952998 0
-0.608186 -0.910985 0
-0.575173 -0.870672 0
-0.543552 -0.832059 0
-0.513324 -0.795147 0
-0.484489 -0.759935 0
-0.457045 -0.726423 0
-0.430994 -0.694612 0
-0.406336 -0.664501 0
-0.38307 -0.63609 0
-0.361197 -0.60938 0
-0.340716 -0.58437 0
-0.321627 -0.56106 0
-0.303931 -0.539451 0
-0.287627 -0.519542 0
-0.272716 -0.501334 0
-0.259197 -0.484826 0
-0.247071 -0.470018 0
-0.236337 -0.45691 0
-0.226995 -0.445503 0
-3 -0.375 0
-2.88305 -0.360227 0
-2.76883 -0.3458 0
-2.65736 -0.331719 0
-2.54862 -0.317983 0
-2.44262 -0.304594 0
-2.33936 -0.29155 0
-2.23884 -0.278853 0
-2.14106 -0.266501 0
-2.04602 -0.254495 0
-1.95371 -0.242835 0
-1.86414 -0.231521 0
-1.77731 -0.220553 0
-1.69322 -0.209931 0
-1.61187 -0.199655 0
-1.53325 -0.189724 0
-1.45738 -0.18014 0
-1.38424 -0.170901 0
-1.31384 -0.162008 0
-1.24618 -0.153462 0
-1.18125 -0.145261 0
-1.11907 -0.137406 0
-1.05962 -0.129897 0
-1.00292 -0.122733 0
-0.948946 -0.115916 0
-0.897715 -0.109445 0
-0.849222 -0.103319 0
-0.803468 -0.0975398 0
-0.760452 -0.0921061 0
-0.720174 -0.0870183 0
-0.682635 -0.0822765 0
-0.647834 -0.0778805 0
-0.615772 -0.0738304 0
-0.586447 -0.0701263 0
-0.559862 -0.066768 0
-0.536014 -0.0637557 0
-0.514905 -0.0610892 0
-0.496534 -0.0587687 0
-1.375 -2 0
-1.32054 -1.92778 0
-1.26736 -1.85725 0
-1.21546 -1.78841 0
-1.16483 -1.72127 0
-1.11547 -1.65581 0
-1.06739 -1.59205 0
-1.02059 -1.52997 0
-0.975058 -1.46959 0
-0.930803 -1.4109 0
-0.887823 -1.3539 0
-0.846118 -1.29859 0
-0.805688 -1.24497 0
-0.766534 -1.19304 0
-0.728654 -1.14281 0
-0.692049 -1.09426 0
-0.656719 -1.04741 0
-0.622665 -1.00224 0
-0.589885 -0.958769 0
-0.55838 -0.916987 0
-0.528151 -0.876896 0
-0.499196 -0.838497 0
-0.471517 -0.801788 0
-0.445112 -0.76677 0
-0.419983 -0.733443 0
-0.396129 -0.701807 0
-0.373549 -0.671862 0
-0.352245 -0.643608 0
-0.332216 -0.617045 0
-0.313462 -0.592173 0
-0.295983 -0.568992 0
-0.279778 -0.547502 0
-0.264849 -0.527702 0
-0.251195 -0.509594 0
-0.238816 -0.493177 0
-0.227713 -0.478451 0
-0.217884 -0.465416 0
-0.20933 -0.454072 0
-3 -0.25 0
-2.88314 -0.240154 0
-2.76901 -0.230538 0
-2.65762 -0.221153 0
-2.54897 -0.211998 0
-2.44305 -0.203074 0
-2.33987 -0.19438 0
-2.23943 -0.185917 0
-2.14172 -0.177685 0
-2.04675 -0.169683 0
-1.95451 -0.161911 0
-1.86501 -0.15437 0
-1.77825 -0.14706 0
-1.69422 -0.13998 0
-1.61293 -0.133131 0
-1.53438 -0.126512 0
-1.45856 -0.120124 0
-1.38548 -0.113967 0
-1.31513 -0.10804 0
-1.24752 -0.102343 0
-1.18265 -0.0968771 0
-1.12052 -0.0916417 0
-1.06111 -0.0866368 0
-1.00445 -0.0818625 0
-0.950523 -0.0773188 0
-0.899331 -0.0730055 0
-0.850876 -0.0689229 0
-0.805156 -0.0650707 0
-0.762173 -0.0614492 0
-0.721927 -0.0580581 0
-0.684416 -0.0548976 0
-0.649642 -0.0519677 0
-0.617604 -0.0492683 0
-0.588303 -0.0467995 0
-0.561737 -0.0445612 0
-0.537908 -0.0425534 0
-0.516815 -0.0407762 0
-0.498459 -0.0392295 0
-1.25 -2 0
-1.20054 -1.92815 0
-1.15225 -1.85798 0
-1.10511 -1.78949 0
-1.05912 -1.72269 0
-1.0143 -1.65756 0
-0.970633 -1.59412 0
-0.928124 -1.53237 0
-0.886774 -1.47229 0
-0.846582 -1.4139 0
-0.807547 -1.35719 0
-0.769671 -1.30216 0
-0.732953 -1.24881 0
-0.697393 -1.19715 0
-0.66299 -1.14717 0
-0.629746 -1.09887 0
-0.597659 -1.05225 0
-0.566731 -1.00732 0
-0.536961 -0.964069 0
-0.508348 -0.922499 0
-0.480894 -0.882613 0
-0.454598 -0.844408 0
-0.429459 -0.807886 0
-0.405479 -0.773046 0
-0.382656 -0.739889 0
-0.360992 -0.708414 0
-0.340485 -0.678622 0
-0.321137 -0.650511 0
-0.302946 -0.624083 0
-0.285914 -0.599338 0
-0.270039 -0.576275 0
-0.255323 -0.554894 0
-0.241764 -0.535196 0
-0.229364 -0.51718 0
-0.218121 -0.500846 0
-0.208037 -0.486195 0
-0.19911 -0.473226 0
-0.191342 -0.46194 0
-3 -0.125 0
-2.88319 -0.120078 0
-2.76912 -0.11527 0
-2.65778 -0.110578 0
-2.54918 -0.106002 0
-2.44331 -0.10154 0
-2.34018 -0.0971941 0
-2.23978 -0.0929632 0
-2.14212 -0.0888475 0
-2.04719 -0.0848471 0
-1.955 -0.0809619 0
-1.86554 -0.077192 0
-1.77882 -0.0735374 0
-1.69483 -0.069998 0
-1.61357 -0.0665739 0
-1.53506 -0.063265 0
-1.45927 -0.0600714 0
-1.38623 -0.0569931 0
-1.31591 -0.05403 0
-1.24833 -0.0511821 0
-1.18349 -0.0484495 0
-1.12138 -0.0458322 0
-1.06201 -0.0433301 0
-1.00537 -0.0409433 0
-0.95147 -0.0386718 0
-0.900302 -0.0365155 0
-0.851869 -0.0344744 0
-0.80617 -0.0325486 0
-0.763207 -0.0307381 0
-0.722979 -0.0290428 0
-0.685486 -0.0274628 0
-0.650728 -0.0259981 0
-0.618705 -0.0246486 0
-0.589417 -0.0234143 0
-0.562864 -0.0222953 0
-0.539046 -0.0212916 0
-0.517963 -0.0204031 0
-0.499615 -0.0196299 0
-1.125 -2 0
-1.08053 -1.92848 0
-1.0371 -1.85864 0
-0.994711 -1.79047 0
-0.953364 -1.72398 0
-0.913058 -1.65916 0
-0.873794 -1.59601 0
-0.835571 -1.53454 0
-0.798389 -1.47475 0
-0.762248 -1.41663 0
-0.727148 -1.36018 0
-0.69309 -1.30541 0
-0.660073 -1.25231 0
-0.628097 -1.20089 0
-0.597163 -1.15114 0
-0.56727 -1.10306 0
-0.538418 -1.05666 0
-0.510607 -1.01194 0
-0.483838 -0.968888 0
-0.45811 -0.927513 0
-0.433423 -0.887811 0
-0.409777 -0.849785 0
-0.387173 -0.813432 0
-0.36561 -0.778755 0
-0.345088 -0.745752 0
-0.325607 -0.714423 0
-0.307168 -0.684769 0
-0.28977 -0.65679 0
-0.273413 -0.630485 0
-0.258098 -0.605855 0
-0.243823 -0.582899 0
-0.23059 -0.561618 0
-0.218398 -0.542011 0
-0.207248 -0.524079 0
-0.197139 -0.507821 0
-0.188071 -0.493238 0
-0.180044 -0.48033 0
-0.173059 -0.469096 0
-3 0 0
-2.88321 8.58158e-18 0
-2.76915 1.69622e-17 0
-2.65783 2.51419e-17 0
-2.54925 3.31207e-17 0
-2.4434 4.08986e-17 0
-2.34028 4.84755e-17 0
-2.2399 5.58515e-17 0
-2.14225 6.30265e-17 0
-2.04734 7.00006e-17 0
-1.95516 7.67738e-17 0
-1.86571 8.3346e-17 0
-1.779 8.97174e-17 0
-1.69503 9.58877e-17 0
-1.61379 1.01857e-16 0
-1.53528 1.07626e-16 0
-1.45951 1.13193e-16 0
-1.38647 1.1856e-16 0
-1.31617 1.23726e-16 0
-1.2486 1.2869e-16 0
-1.18377 1.33454e-16 0
-1.12167 1.38017e-16 0
-1.06231 1.42379e-16 0
-1.00568 1.4654e-16 0
-0.951785 1.505e-16 0
-0.900625 1.5426e-16 0
-0.8522 1.57818e-16 0
-0.806509 1.61175e-16 0
-0.763552 1.64332e-16 0
-0.72333 1.67287e-16 0
-0.685843 1.70041e-16 0
-0.65109 1.72595e-16 0
-0.619072 1.74948e-16 0
-0.589789 1.77099e-16 0
-0.56324 1.7905e-16 0
-0.539425 1.808e-16 0
-0.518345 1.82349e-16 0
-0.5 1.83697e-16 0
-1 -2 0
-0.960502 -1.92878 0
-0.921929 -1.85923 0
-0.884281 -1.79135 0
-0.847557 -1.72514 0
-0.811759 -1.66059 0
-0.776885 -1.59771 0
-0.742936 -1.5365 0
-0.709912 -1.47695 0
-0.677812 -1.41908 0
-0.646638 -1.36287 0
-0.616388 -1.30832 0
-0.587063 -1.25545 0
-0.558663 -1.20424 0
-0.531188 -1.1547 0
-0.504637 -1.10683 0
-0.479012 -1.06063 0
-0.454311 -1.01609 0
-0.430535 -0.973221 0
-0.407684 -0.932019 0
-0.385758 -0.892485 0
-0.364756 -0.854618 0
-0.34468 -0.818418 0
-0.325528 -0.783886 0
-0.307301 -0.751022 0
-0.289999 -0.719825 0
-0.273621 -0.690296 0
-0.258169 -0.662434 0
-0.243641 -0.636239 0
-0.230038 -0.611713 0
-0.21736 -0.588853 0
-0.205607 -0.567661 0
-0.194778 -0.548137 0
-0.184875 -0.53028 0
-0.175896 -0.514091 0
-0.167842 -0.499569 0
-0.160713 -0.486715 0
-0.154508 -0.475528 0
-3 0.125 0
-2.88319 0.120078 0
-2.76912 0.11527 0
-2.65778 0.110578 0
-2.54918 0.106002 0
-2.44331 0.10154 0
-2.34018 0.0971941 0
-2.23978 0.0929632 0
-2.14212 0.0888475 0
-2.04719 0.0848471 0
-1.955 0.0809619 0
-1.86554 0.077192 0
-1.77882 0.0735374 0
-1.69483 0.069998 0
-1.61357 0.0665739 0
-1.53506 0.063265 0
-1.45927 0.0600714 0
-1.38623 0.0569931 0
-1.31591 0.05403 0
-1.24833 0.0511821 0
-1.18349 0.0484495 0
-1.12138 0.0458322 0
-1.06201 0.0433301 0
-1.00537 0.0409433 0
-0.95147 0.0386718 0
-0.900302 0.0365155 0
-0.851869 0.0344744 0
-0.80617 0.0325486 0
-0.763207 0.0307381 0
-0.722979 0.0290428 0
-0.685486 0.0274628 0
-0.650728 0.0259981 0
-0.618705 0.0246486 0
-0.589417 0.0234143 0
-0.562864 0.0222953 0
-0.539046 0.0212916 0
-0.517963 0.0204031 0
-0.499615 0.0196299 0
-0.875 -2 0
-0.840464 -1.92905 0
-0.806736 -1.85976 0
-0.773818 -1.79213 0
-0.741707 -1.72616 0
-0.710406 -1.66186 0
-0.679913 -1.59921 0
-0.650229 -1.53823 0
-0.621353 -1.47891 0
-0.593286 -1.42125 0
-0.566028 -1.36525 0
-0.539578 -1.31091 0
-0.513937 -1.25823 0
-0.489104 -1.20722 0
-0.465081 -1.15786 0
-0.441866 -1.11017 0
-0.419459 -1.06414 0
-0.397861 -1.01977 0
-0.377072 -0.97706 0
-0.357092 -0.936012 0
-0.33792 -0.896625 0
-0.319556 -0.8589 0
-0.302002 -0.822836 0
-0.285256 -0.788433 0
-0.269319 -0.755691 0
-0.25419 -0.724611 0
-0.23987 -0.695192 0
-0.226358 -0.667434 0
-0.213656 -0.641338 0
-0.201762 -0.616903 0
-0.190676 -0.594129 0
-0.180399 -0.573016 0
-0.170931 -0.553565 0
-0.162272 -0.535775 0
-0.154421 -0.519646 0
-0.147379 -0.505179 0
-0.141145 -0.492373 0
-0.13572 -0.481228 0
-3 0.25 0
-2.88314 0.240154 0
-2.76901 0.230538 0
-2.65762 0.221153 0
-2.54897 0.211998 0
-2.44305 0.203074 0
-2.33987 0.19438 0
-2.23943 0.185917 0
-2.14172 0.177685 0
-2.04675 0.169683 0
-1.95451 0.161911 0
-1.86501 0.15437 0
-1.77825 0.14706 0
-1.69422 0.13998 0
-1.61293 0.133131 0
-1.53438 0.126512 0
-1.45856 0.120124 0
-1.38548 0.113967 0
-1.31513 0.10804 0
-1.24752 0.102343 0
-1.18265 0.0968771 0
-1.12052 0.0916417 0
-1.06111 0.0866368 0
-1.00445 0.0818625 0
-0.950523 0.0773188 0
-0.899331 0.0730055 0
-0.850876 0.0689229 0
-0.805156 0.0650707 0
-0.762173 0.0614492 0
-0.721927 0.0580581 0
-0.684416 0.0548976 0
-0.649642 0.0519677 0
-0.617604 0.0492683 0
-0.588303 0.0467995 0
-0.561737 0.0445612 0
-0.537908 0.0425534 0
-0.516815 0.0407762 0
-0.498459 0.0392295 0
-0.75 -2 0
-0.720416 -1.92928 0
-0.691524 -1.86022 0
-0.663326 -1.79281 0
-0.63582 -1.72706 0
-0.609006 -1.66296 0
-0.582886 -1.60052 0
-0.557458 -1.53974 0
-0.532722 -1.48061 0
-0.50868 -1.42314 0
-0.48533 -1.36732 0
-0.462673 -1.31316 0
-0.440708 -1.26065 0
-0.419437 -1.20981 0
-0.398857 -1.16061 0
-0.378971 -1.11308 0
-0.359777 -1.06719 0
-0.341276 -1.02297 0
-0.323468 -0.980399 0
-0.306352 -0.939485 0
-0.28993 -0.900227 0
-0.274199 -0.862624 0
-0.259162 -0.826678 0
-0.244817 -0.792387 0
-0.231165 -0.759753 0
-0.218205 -0.728774 0
-0.205939 -0.699451 0
-0.194365 -0.671784 0
-0.183483 -0.645773 0
-0.173295 -0.621417 0
-0.163799 -0.598718 0
-0.154996 -0.577674 0
-0.146885 -0.558286 0
-0.139467 -0.540554 0
-0.132742 -0.524478 0
-0.12671 -0.510058 0
-0.12137 -0.497294 0
-0.116723 -0.486185 0
-3 0.375 0
-2.88305 0.360227 0
-2.76883 0.3458 0
-2.65736 0.331719 0
-2.54862 0.317983 0
-2.44262 0.304594 0
-2.33936 0.29155 0
-2.23884 0.278853 0
-2.14106 0.266501 0
-2.04602 0.254495 0
-1.95371 0.242835 0
-1.86414 0.231521 0
-1.77731 0.220553 0
-1.69322 0.209931 0
-1.61187 0.199655 0
-1.53325 0.189724 0
-1.45738 0.18014 0
-1.38424 0.170901 0
-1.31384 0.162008 0
-1.24618 0.153462 0
-1.18125 0.145261 0
-1.11907 0.137406 0
-1.05962 0.129897 0
-1.00292 0.122733 0
-0.948946 0.115916 0
-0.897715 0.109445 0
-0.849222 0.103319 0
-0.803468 0.0975398 0
-0.760452 0.0921061 0
-0.720174 0.0870183 0
-0.682635 0.0822765 0
-0.647834 0.0778805 0
-0.615772 0.0738304 0
-0.586447 0.0701263 0
-0.559862 0.066768 0
-0.536014 0.0637557 0
-0.514905 0.0610892 0
-0.496534 0.0587687 0
-0.625 -2 0
-0.600359 -1.92948 0
-0.576296 -1.86061 0
-0.552809 -1.79339 0
-0.529899 -1.72782 0
-0.507567 -1.6639 0
-0.485811 -1.60163 0
-0.464632 -1.54102 0
-0.44403 -1.48205 0
-0.424005 -1.42474 0
-0.404557 -1.36908 0
-0.385686 -1.31507 0
-0.367392 -1.26271 0
-0.349675 -1.212 0
-0.332534 -1.16295 0
-0.315971 -1.11554 0
-0.299985 -1.06979 0
-0.284575 -1.02568 0
-0.269743 -0.983233 0
-0.255487 -0.942432 0
-0.241809 -0.903283 0
-0.228707 -0.865786 0
-0.216182 -0.829939 0
-0.204235 -0.795744 0
-0.192864 -0.7632 0
-0.18207 -0.732307 0
-0.171853 -0.703066 0
-0.162213 -0.675476 0
-0.15315 -0.649537 0
-0.144664 -0.625249 0
-0.136755 -0.602613 0
-0.129423 -0.581627 0
-0.122667 -0.562294 0
-0.116489 -0.544611 0
-0.110888 -0.528579 0
-0.105863 -0.514199 0
-0.101416 -0.50147 0
-0.0975452 -0.490393 0
-3 0.5 0
-2.88292 0.480296 0
-2.76859 0.461053 0
-2.65699 0.442272 0
-2.54814 0.423952 0
-2.44203 0.406094 0
-2.33866 0.388697 0
-2.23803 0.371761 0
-2.14014 0.355286 0
-2.04499 0.339273 0
-1.95258 0.323721 0
-1.86292 0.308631 0
-1.776 0.294002 0
-1.69182 0.279834 0
-1.61037 0.266128 0
-1.53168 0.252883 0
-1.45572 0.240099 0
-1.3825 0.227777 0
-1.31203 0.215916 0
-1.24429 0.204517 0
-1.1793 0.193578 0
-1.11705 0.183102 0
-1.05754 0.173086 0
-1.00077 0.163532 0
-0.946742 0.154439 0
-0.895456 0.145808 0
-0.846911 0.137638 0
-0.801108 0.129929 0
-0.758045 0.122682 0
-0.717724 0.115896 0
-0.680145 0.109571 0
-0.645307 0.103708 0
-0.61321 0.0983063 0
-0.583854 0.0933658 0
-0.55724 0.0888866 0
-0.533366 0.0848688 0
-0.512235 0.0813123 0
-0.493844 0.0782172 0
-0.5 -2 0
-0.480296 -1.92964 0
-0.461053 -1.86092 0
-0.442272 -1.79386 0
-0.423952 -1.72844 0
-0.406094 -1.66467 0
-0.388697 -1.60254 0
-0.371761 -1.54207 0
-0.355286 -1.48324 0
-0.339273 -1.42606 0
-0.323721 -1.37052 0
-0.308631 -1.31663 0
-0.294002 -1.2644 0
-0.279834 -1.2138 0
-0.266128 -1.16486 0
-0.252883 -1.11756 0
-0.240099 -1.07191 0
-0.227777 -1.02791 0
-0.215916 -0.985557 0
-0.204517 -0.94485 0
-0.193578 -0.905791 0
-0.183102 -0.868379 0
-0.173086 -0.832614 0
-0.163532 -0.798497 0
-0.154439 -0.766028 0
-0.145808 -0.735206 0
-0.137638 -0.706031 0
-0.129929 -0.678504 0
-0.122682 -0.652624 0
-0.115896 -0.628392 0
-0.109571 -0.605808 0
-0.103708 -0.58487 0
-0.0983063 -0.565581 0
-0.0933658 -0.547938 0
-0.0888866 -0.531944 0
-0.0848688 -0.517596 0
-0.0813123 -0.504897 0
-0.0782172 -0.493844 0
-3 0.625 0
-2.88276 0.600359 0
-2.76827 0.576296 0
-2.65652 0.552809 0
-2.54752 0.529899 0
-2.44126 0.507567 0
-2.33774 0.485811 0
-2.23698 0.464632 0
-2.13895 0.44403 0
-2.04368 0.424005 0
-1.95114 0.404557 0
-1.86135 0.385686 0
-1.77431 0.367392 0
-1.69001 0.349675 0
-1.60846 0.332534 0
-1.52965 0.315971 0
-1.45359 0.299985 0
-1.38027 0.284575 0
-1.3097 0.269743 0
-1.24187 0.255487 0
-1.17679 0.241809 0
-1.11445 0.228707 0
-1.05486 0.216182 0
-0.998016 0.204235 0
-0.943914 0.192864 0
-0.892558 0.18207 0
-0.843946 0.171853 0
-0.798079 0.162213 0
-0.754958 0.15315 0
-0.714581 0.144664 0
-0.67695 0.136755 0
-0.642064 0.129423 0
-0.609922 0.122667 0
-0.580526 0.116489 0
-0.553875 0.110888 0
-0.529969 0.105863 0
-0.508808 0.101416 0
-0.490393 0.0975452 0
-0.375 -2 0
-0.360227 -1.92976 0
-0.3458 -1.86117 0
-0.331719 -1.79423 0
-0.317983 -1.72892 0
-0.304594 -1.66527 0
-0.29155 -1.60325 0
-0.278853 -1.54288 0
-0.266501 -1.48416 0
-0.254495 -1.42708 0
-0.242835 -1.37165 0
-0.231521 -1.31786 0
-0.220553 -1.26571 0
-0.209931 -1.21521 0
-0.199655 -1.16635 0
-0.189724 -1.11914 0
-0.18014 -1.07357 0
-0.170901 -1.02965 0
-0.162008 -0.987369 0
-0.153462 -0.946735 0
-0.145261 -0.907745 0
-0.137406 -0.8704 0
-0.129897 -0.834699 0
-0.122733 -0.800643 0
-0.115916 -0.768232 0
-0.109445 -0.737465 0
-0.103319 -0.708342 0
-0.0975398 -0.680864 0
-0.0921061 -0.655031 0
-0.0870183 -0.630842 0
-0.0822765 -0.608298 0
-0.0778805 -0.587398 0
-0.0738304 -0.568143 0
-0.0701263 -0.550532 0
-0.066768 -0.534566 0
-0.0637557 -0.520244 0
-0.0610892 -0.507567 0
-0.0587687 -0.496534 0
-3 0.75 0
-2.88256 0.720416 0
-2.76788 0.691524 0
-2.65594 0.663326 0
-2.54676 0.63582 0
-2.44032 0.609006 0
-2.33663 0.582886 0
-2.2357 0.557458 0
-2.13751 0.532722 0
-2.04207 0.50868 0
-1.94938 0.48533 0
-1.85945 0.462673 0
-1.77226 0.440708 0
-1.68782 0.419437 0
-1.60613 0.398857 0
-1.52719 0.378971 0
-1.451 0.359777 0
-1.37756 0.341276 0
-1.30687 0.323468 0
-1.23893 0.306352 0
-1.17374 0.28993 0
-1.11129 0.274199 0
-1.0516 0.259162 0
-0.994659 0.244817 0
-0.940467 0.231165 0
-0.889024 0.218205 0
-0.840331 0.205939 0
-0.794387 0.194365 0
-0.751194 0.183483 0
-0.710749 0.173295 0
-0.673055 0.163799 0
-0.63811 0.154996 0
-0.605915 0.146885 0
-0.57647 0.139467 0
-0.549774 0.132742 0
-0.525828 0.12671 0
-0.504632 0.12137 0
-0.486185 0.116723 0
-0.25 -2 0
-0.240154 -1.92985 0
-0.230538 -1.86135 0
-0.221153 -1.79449 0
-0.211998 -1.72927 0
-0.203074 -1.66569 0
-0.19438 -1.60376 0
-0.185917 -1.54347 0
-0.177685 -1.48482 0
-0.169683 -1.42781 0
-0.161911 -1.37245 0
-0.15437 -1.31873 0
-0.14706 -1.26665 0
-0.13998 -1.21621 0
-0.133131 -1.16742 0
-0.126512 -1.12027 0
-0.120124 -1.07476 0
-0.113967 -1.03089 0
-0.10804 -0.988665 0
-0.102343 -0.948083 0
-0.0968771 -0.909143 0
-0.0916417 -0.871846 0
-0.0866368 -0.836191 0
-0.0818625 -0.802179 0
-0.0773188 -0.769808 0
-0.0730055 -0.739081 0
-0.0689229 -0.709996 0
-0.0650707 -0.682553 0
-0.0614492 -0.656753 0
-0.0580581 -0.632595 0
-0.0548976 -0.610079 0
-0.0519677 -0.589206 0
-0.0492683 -0.569975 0
-0.0467995 -0.552387 0
-0.0445612 -0.536441 0
-0.0425534 -0.522138 0
-0.0407762 -0.509477 0
-0.0392295 -0.498459 0
-3 0.875 0
-2.88233 0.840464 0
-2.76742 0.806736 0
-2.65526 0.773818 0
-2.54586 0.741707 0
-2.43922 0.710406 0
-2.33533 0.679913 0
-2.23419 0.650229 0
-2.13581 0.621353 0
-2.04018 0.593286 0
-1.94731 0.566028 0
-1.8572 0.539578 0
-1.76984 0.513937 0
-1.68523 0.489104 0
-1.60338 0.465081 0
-1.52428 0.441866 0
-1.44794 0.419459 0
-1.37436 0.397861 0
-1.30353 0.377072 0
-1.23545 0.357092 0
-1.17013 0.33792 0
-1.10757 0.319556 0
-1.04776 0.302002 0
-0.990705 0.285256 0
-0.936405 0.269319 0
-0.884861 0.25419 0
-0.836072 0.23987 0
-0.790038 0.226358 0
-0.746759 0.213656 0
-0.706235 0.201762 0
-0.668466 0.190676 0
-0.633453 0.180399 0
-0.601194 0.170931 0
-0.57169 0.162272 0
-0.544942 0.154421 0
-0.520949 0.147379 0
-0.499711 0.141145 0
-0.481228 0.13572 0
-0.125 -2 0
-0.120078 -1.92991 0
-0.11527 -1.86146 0
-0.110578 -1.79465 0
-0.106002 -1.72948 0
-0.10154 -1.66595 0
-0.0971941 -1.60407 0
-0.0929632 -1.54382 0
-0.0888475 -1.48522 0
-0.0848471 -1.42825 0
-0.0809619 -1.37293 0
-0.077192 -1.31925 0
-0.0735374 -1.26721 0
-0.069998 -1.21682 0
-0.0665739 -1.16806 0
-0.063265 -1.12094 0
-0.0600714 -1.07547 0
-0.0569931 -1.03164 0
-0.05403 -0.989444 0
-0.0511821 -0.948893 0
-0.0484495 -0.909983 0
-0.0458322 -0.872714 0
-0.0433301 -0.837087 0
-0.0409433 -0.803101 0
-0.0386718 -0.770755 0
-0.0365155 -0.740051 0
-0.0344744 -0.710989 0
-0.0325486 -0.683567 0
-0.0307381 -0.657787 0
-0.0290428 -0.633647 0
-0.0274628 -0.611149 0
-0.0259981 -0.590292 0
-0.0246486 -0.571076 0
-0.0234143 -0.553502 0
-0.0222953 -0.537568 0
-0.0212916 -0.523276 0
-0.0204031 -0.510625 0
-0.0196299 -0.499615 0
-3 1 0
-2.88207 0.960502 0
-2.7669 0.921929 0
-2.65448 0.884281 0
-2.54484 0.847557 0
-2.43795 0.811759 0
-2.33382 0.776885 0
-2.23246 0.742936 0
-2.13385 0.709912 0
-2.03801 0.677812 0
-1.94493 0.646638 0
-1.85461 0.616388 0
-1.76705 0.587063 0
-1.68225 0.558663 0
-1.60022 0.531188 0
-1.52094 0.504637 0
-1.44443 0.479012 0
-1.37068 0.454311 0
-1.29969 0.430535 0
-1.23146 0.407684 0
-1.16599 0.385758 0
-1.10329 0.364756 0
-1.04334 0.34468 0
-0.986158 0.325528 0
-0.931736 0.307301 0
-0.880075 0.289999 0
-0.831176 0.273621 0
-0.785037 0.258169 0
-0.74166 0.243641 0
-0.701045 0.230038 0
-0.663191 0.21736 0
-0.628098 0.205607 0
-0.595766 0.194778 0
-0.566196 0.184875 0
-0.539387 0.175896 0
-0.515339 0.167842 0
-0.494053 0.160713 0
-0.475528 0.154508 0
0 -2 0
-4.29079e-18 -1.92993 0
-8.48111e-18 -1.86149 0
-1.2571e-17 -1.7947 0
-1.65604e-17 -1.72955 0
-2.04493e-17 -1.66604 0
-2.42377e-17 -1.60417 0
-2.79257e-17 -1.54394 0
-3.15132e-17 -1.48535 0
-3.50003e-17 -1.4284 0
-3.83869e-17 -1.37309 0
-4.1673e-17 -1.31943 0
-4.48587e-17 -1.2674 0
-4.79439e-17 -1.21702 0
-5.09286e-17 -1.16827 0
-5.38129e-17 -1.12117 0
-5.65966e-17 -1.07571 0
-5.928e-17 -1.03188 0
-6.18628e-17 -0.989703 0
-6.43452e-17 -0.949163 0
-6.67271e-17 -0.910263 0
-6.90086e-17 -0.873004 0
-7.11896e-17 -0.837386 0
-7.32701e-17 -0.803408 0
-7.52502e-17 -0.771071 0
-7.71298e-17 -0.740375 0
-7.89089e-17 -0.71132 0
-8.05876e-17 -0.683905 0
-8.21658e-17 -0.658131 0
-8.36435e-17 -0.633998 0
-8.50207e-17 -0.611506 0
-8.62975e-17 -0.590654 0
-8.74739e-17 -0.571443 0
-8.85497e-17 -0.553873 0
-8.95251e-17 -0.537944 0
-9.04001e-17 -0.523655 0
-9.11745e-17 -0.511007 0
-9.18485e-17 -0.5 0
-3 1.125 0
-2.88177 1.08053 0
-2.7663 1.0371 0
-2.6536 0.994711 0
-2.54368 0.953364 0
-2.43652 0.913058 0
-2.33212 0.873794 0
-2.2305 0.835571 0
-2.13165 0.798389 0
-2.03556 0.762248 0
-1.94224 0.727148 0
-1.85169 0.69309 0
-1.76391 0.660073 0
-1.6789 0.628097 0
-1.59665 0.597163 0
-1.51718 0.56727 0
-1.44047 0.538418 0
-1.36653 0.510607 0
-1.29536 0.483838 0
-1.22695 0.45811 0
-1.16132 0.433423 0
-1.09845 0.409777 0
-1.03836 0.387173 0
-0.981027 0.36561 0
-0.926466 0.345088 0
-0.874673 0.325607 0
-0.825649 0.307168 0
-0.779393 0.28977 0
-0.735906 0.273413 0
-0.695187 0.258098 0
-0.657236 0.243823 0
-0.622054 0.23059 0
-0.58964 0.218398 0
-0.559994 0.207248 0
-0.533117 0.197139 0
-0.509008 0.188071 0
-0.487668 0.180044 0
-0.469096 0.173059 0
0.125 -2 0
0.120078 -1.92991 0
0.11527 -1.86146 0
0.110578 -1.79465 0
0.106002 -1.72948 0
0.10154 -1.66595 0
0.0971941 -1.60407 0
0.0929632 -1.54382 0
0.0888475 -1.48522 0
0.0848471 -1.42825 0
0.0809619 -1.37293 0
0.077192 -1.31925 0
0.0735374 -1.26721 0
0.069998 -1.21682 0
0.0665739 -1.16806 0
0.063265 -1.12094 0
0.0600714 -1.07547 0
0.0569931 -1.03164 0
0.05403 -0.989444 0
0.0511821 -0.948893 0
0.0484495 -0.909983 0
0.0458322 -0.872714 0
0.0433301 -0.837087 0
0.0409433 -0.803101 0
0.0386718 -0.770755 0
0.0365155 -0.740051 0
0.0344744 -0.710989 0
0.0325486 -0.683567 0
0.0307381 -0.657787 0
0.0290428 -0.633647 0
0.0274628 -0.611149 0
0.0259981 -0.590292 0
0.0246486 -0.571076 0
0.0234143 -0.553502 0
0.0222953 -0.537568 0
0.0212916 -0.523276 0
0.0204031 -0.510625 0
0.0196299 -0.499615 0
-3 1.25 0
-2.88143 1.20054 0
-2.76564 1.15225 0
-2.65263 1.10511 0
-2.54239 1.05912 0
-2.43492 1.0143 0
-2.33024 0.970633 0
-2.22833 0.928124 0
-2.12919 0.886774 0
-2.03283 0.846582 0
-1.93925 0.807547 0
-1.84844 0.769671 0
-1.76042 0.732953 0
-1.67516 0.697393 0
-1.59268 0.66299 0
-1.51298 0.629746 0
-1.43606 0.597659 0
-1.36191 0.566731 0
-1.29054 0.536961 0
-1.22194 0.508348 0
-1.15612 0.480894 0
-1.09308 0.454598 0
-1.03281 0.429459 0
-0.975318 0.405479 0
-0.920603 0.382656 0
-0.868664 0.360992 0
-0.819501 0.340485 0
-0.773115 0.321137 0
-0.729504 0.302946 0
-0.68867 0.285914 0
-0.650612 0.270039 0
-0.61533 0.255323 0
-0.582825 0.241764 0
-0.553095 0.229364 0
-0.526142 0.218121 0
-0.501965 0.208037 0
-0.480564 0.19911 0
-0.46194 0.191342 0
0.25 -2 0
0.240154 -1.92985 0
0.230538 -1.86135 0
0.221153 -1.79449 0
0.211998 -1.72927 0
0.203074 -1.66569 0
0.19438 -1.60376 0
0.185917 -1.54347 0
0.177685 -1.48482 0
0.169683 -1.42781 0
0.161911 -1.37245 0
0.15437 -1.31873 0
0.14706 -1.26665 0
0.13998 -1.21621 0
0.133131 -1.16742 0
0.126512 -1.12027 0
0.120124 -1.07476 0
0.113967 -1.03089 0
0.10804 -0.988665 0
0.102343 -0.948083 0
0.0968771 -0.909143 0
0.0916417 -0.871846 0
0.0866368 -0.836191 0
0.0818625 -0.802179 0
0.0773188 -0.769808 0
0.0730055 -0.739081 0
0.0689229 -0.709996 0
0.0650707 -0.682553 0
0.0614492 -0.656753 0
0.0580581 -0.632595 0
0.0548976 -0.610079 0
0.0519677 -0.589206 0
0.0492683 -0.569975 0
0.0467995 -0.552387 0
0.0445612 -0.536441 0
0.0425534 -0.522138 0
0.0407762 -0.509477 0
0.0392295 -0.498459 0
-3 1.375 0
-2.88106 1.32054 0
-2.76491 1.26736 0
-2.65155 1.21546 0
-2.54097 1.16483 0
-2.43317 1.11547 0
-2.32816 1.06739 0
-2.22593 1.02059 0
-2.12649 0.975058 0
-2.02983 0.930803 0
-1.93596 0.887823 0
-1.84487 0.846118 0
-1.75657 0.805688 0
-1.67105 0.766534 0
-1.58832 0.728654 0
-1.50837 0.692049 0
-1.43121 0.656719 0
-1.35683 0.622665 0
-1.28524 0.589885 0
-1.21643 0.55838 0
-1.15041 0.528151 0
-1.08717 0.499196 0
-1.02671 0.471517 0
-0.969042 0.445112 0
-0.914157 0.419983 0
-0.862057 0.396129 0
-0.812742 0.373549 0
-0.766211 0.352245 0
-0.722466 0.332216 0
-0.681505 0.313462 0
-0.643329 0.295983 0
-0.607938 0.279778 0
-0.575331 0.264849 0
-0.54551 0.251195 0
-0.518473 0.238816 0
-0.494221 0.227713 0
-0.472754 0.217884 0
-0.454072 0.20933 0
0.375 -2 0
0.360227 -1.92976 0
0.3458 -1.86117 0
0.331719 -1.79423 0
0.317983 -1.72892 0
0.304594 -1.66527 0
0.29155 -1.60325 0
0.278853 -1.54288 0
0.266501 -1.48416 0
0.254495 -1.42708 0
0.242835 -1.37165 0
0.231521 -1.31786 0
0.220553 -1.26571 0
0.209931 -1.21521 0
0.199655 -1.16635 0
0.189724 -1.11914 0
0.18014 -1.07357 0
0.170901 -1.02965 0
0.162008 -0.987369 0
0.153462 -0.946735 0
0.145261 -0.907745 0
0.137406 -0.8704 0
0.129897 -0.834699 0
0.122733 -0.800643 0
0.115916 -0.768232 0
0.109445 -0.737465 0
0.103319 -0.708342 0
0.0975398 -0.680864 0
0.0921061 -0.655031 0
0.0870183 -0.630842 0
0.0822765 -0.608298 0
0.0778805 -0.587398 0
0.0738304 -0.568143 0
0.0701263 -0.550532 0
0.066768 -0.534566 0
0.0637557 -0.520244 0
0.0610892 -0.507567 0
0.0587687 -0.496534 0
-3 1.5 0
-2.88066 1.44053 0
-2.76412 1.38245 0
-2.65038 1.32577 0
-2.53942 1.27048 0
-2.43126 1.21658 0
-2.3259 1.16407 0
-2.22333 1.11295 0
-2.12355 1.06323 0
-2.02657 1.0149 0
-1.93238 0.967964 0
-1.84099 0.922419 0
-1.75239 0.878266 0
-1.66658 0.835506 0
-1.58357 0.794138 0
-1.50335 0.754163 0
-1.42593 0.71558 0
-1.3513 0.67839 0
-1.27947 0.642592 0
-1.21043 0.608186 0
-1.14418 0.575173 0
-1.08073 0.543552 0
-1.02007 0.513324 0
-0.962207 0.484489 0
-0.907137 0.457045 0
-0.854862 0.430994 0
-0.80538 0.406336 0
-0.758693 0.38307 0
-0.714801 0.361197 0
-0.673702 0.340716 0
-0.635398 0.321627 0
-0.599887 0.303931 0
-0.567171 0.287627 0
-0.537249 0.272716 0
-0.510121 0.259197 0
-0.485788 0.247071 0
-0.464248 0.236337 0
-0.445503 0.226995 0
0.5 -2 0
0.480296 -1.92964 0
0.461053 -1.86092 0
0.442272 -1.79386 0
0.423952 -1.72844 0
0.406094 -1.66467 0
0.388697 -1.60254 0
0.371761 -1.54207 0
0.355286 -1.48324 0
0.339273 -1.42606 0
0.323721 -1.37052 0
0.308631 -1.31663 0
0.294002 -1.2644 0
0.279834 -1.2138 0
0.266128 -1.16486 0
0.252883 -1.11756 0
0.240099 -1.07191 0
0.227777 -1.02791 0
0.215916 -0.985557 0
0.204517 -0.94485 0
0.193578 -0.905791 0
0.183102 -0.868379 0
0.173086 -0.832614 0
0.163532 -0.798497 0
0.154439 -0.766028 0
0.145808 -0.735206 0
0.137638 -0.706031 0
0.129929 -0.678504 0
0.122682 -0.652624 0
0.115896 -0.628392 0
0.109571 -0.605808 0
0.103708 -0.58487 0
0.0983063 -0.565581 0
0.0933658 -0.547938 0
0.0888866 -0.531944 0
0.0848688 -0.517596 0
0.0813123 -0.504897 0
0.0782172 -0.493844 0
-3 1.625 0
-2.88023 1.5605 0
-2.76327 1.49751 0
-2.64911 1.43603 0
-2.53775 1.37606 0
-2.4292 1.3176 0
-2.32346 1.26065 0
-2.22051 1.20521 0
-2.12038 1.15129 0
-2.02304 1.09887 0
-1.92851 1.04796 0
-1.83679 0.998561 0
-1.74787 0.950673 0
-1.66175 0.904296 0
-1.57844 0.859429 0
-1.49793 0.816072 0
-1.42023 0.774225 0
-1.34533 0.733889 0
-1.27323 0.695063 0
-1.20394 0.657747 0
-1.13746 0.621941 0
-1.07377 0.587646 0
-1.0129 0.55486 0
-0.954823 0.523586 0
-0.899554 0.493821 0
-0.84709 0.465566 0
-0.797429 0.438822 0
-0.750573 0.413588 0
-0.706521 0.389864 0
-0.665274 0.367651 0
-0.62683 0.346947 0
-0.591191 0.327754 0
-0.558357 0.310071 0
-0.528326 0.293899 0
-0.5011 0.279236 0
-0.476679 0.266084 0
-0.455061 0.254442 0
-0.436248 0.244311 0
0.625 -2 0
0.600359 -1.92948 0
0.576296 -1.86061 0
0.552809 -1.79339 0
0.529899 -1.72782 0
0.507567 -1.6639 0
0.485811 -1.60163 0
0.464632 -1.54102 0
0.44403 -1.48205 0
0.424005 -1.42474 0
0.404557 -1.36908 0
0.385686 -1.31507 0
0.367392 -1.26271 0
0.349675 -1.212 0
0.332534 -1.16295 0
0.315971 -1.11554 0
0.299985 -1.06979 0
0.284575 -1.02568 0
0.269743 -0.983233 0
0.255487 -0.942432 0
0.241809 -0.903283 0
0.228707 -0.865786 0
0.216182 -0.829939 0
0.204235 -0.795744 0
0.192864 -0.7632 0
0.18207 -0.732307 0
0.171853 -0.703066 0
0.162213 -0.675476 0
0.15315 -0.649537 0
0.144664 -0.625249 0
0.136755 -0.602613 0
0.129423 -0.581627 0
0.122667 -0.562294 0
0.116489 -0.544611 0
0.110888 -0.528579 0
0.105863 -0.514199 0
0.101416 -0.50147 0
0.0975452 -0.490393 0
-3 1.75 0
-2.87977 1.68045 0
-2.76235 1.61253 0
-2.64775 1.54624 0
-2.53596 1.48158 0
-2.42699 1.41854 0
-2.32084 1.35714 0
-2.2175 1.29736 0
-2.11697 1.23921 0
-2.01926 1.18269 0
-1.92436 1.1278 0
-1.83228 1.07453 0
-1.74302 1.0229 0
-1.65657 0.972889 0
-1.57293 0.924511 0
-1.49211 0.87776 0
-1.41411 0.832638 0
-1.33892 0.789145 0
-1.26655 0.74728 0
-1.19699 0.707044 0
-1.13024 0.668436 0
-1.06632 0.631456 0
-1.0052 0.596105 0
-0.946904 0.562382 0
-0.891421 0.530288 0
-0.838753 0.499822 0
-0.7889 0.470984 0
-0.741862 0.443775 0
-0.69764 0.418195 0
-0.656232 0.394243 0
-0.61764 0.371919 0
-0.581863 0.351224 0
-0.548902 0.332157 0
-0.518755 0.314718 0
-0.491424 0.298908 0
-0.466907 0.284727 0
-0.445206 0.272174 0
-0.42632 0.261249 0
0.75 -2 0
0.720416 -1.92928 0
0.691524 -1.86022 0
0.663326 -1.79281 0
0.63582 -1.72706 0
0.609006 -1.66296 0
0.582886 -1.60052 0
0.557458 -1.53974 0
0.532722 -1.48061 0
0.50868 -1.42314 0
0.48533 -1.36732 0
0.462673 -1.31316 0
0.440708 -1.26065 0
0.419437 -1.20981 0
0.398857 -1.16061 0
0.378971 -1.11308 0
0.359777 -1.06719 0
0.341276 -1.02297 0
0.323468 -0.980399 0
0.306352 -0.939485 0
0.28993 -0.900227 0
0.274199 -0.862624 0
0.259162 -0.826678 0
0.244817 -0.792387 0
0.231165 -0.759753 0
0.218205 -0.728774 0
0.205939 -0.699451 0
0.194365 -0.671784 0
0.183483 -0.645773 0
0.173295 -0.621417 0
0.163799 -0.598718 0
0.154996 -0.577674 0
0.146885 -0.558286 0
0.139467 -0.540554 0
0.132742 -0.524478 0
0.12671 -0.510058 0
0.12137 -0.497294 0
0.116723 -0.486185 0
-3 1.875 0
-2.87927 1.80038 0
-2.76137 1.72752 0
-2.6463 1.6564 0
-2.53406 1.58702 0
-2.42464 1.51939 0
-2.31804 1.45351 0
-2.21428 1.38938 0
-2.11334 1.327 0
-2.01523 1.26636 0
-1.91994 1.20746 0
-1.82748 1.15032 0
-1.73785 1.09492 0
-1.65104 1.04127 0
-1.56706 0.989369 0
-1.48591 0.939213 0
-1.40759 0.890803 0
-1.33209 0.844141 0
-1.25942 0.799226 0
-1.18957 0.756058 0
-1.12255 0.714637 0
-1.05836 0.674963 0
-0.996997 0.637037 0
-0.938459 0.600857 0
-0.882748 0.566424 0
-0.829864 0.533739 0
-0.779806 0.502801 0
-0.732575 0.473609 0
-0.68817 0.446165 0
-0.646593 0.420468 0
-0.607842 0.396518 0
-0.571918 0.374315 0
-0.53882 0.353859 0
-0.50855 0.33515 0
-0.481106 0.318188 0
-0.456489 0.302973 0
-0.434698 0.289506 0
-0.415735 0.277785 0
0.875 -2 0
0.840464 -1.92905 0
0.806736 -1.85976 0
0.773818 -1.79213 0
0.741707 -1.72616 0
0.710406 -1.66186 0
0.679913 -1.59921 0
0.650229 -1.53823 0
0.621353 -1.47891 0
0.593286 -1.42125 0
0.566028 -1.36525 0
0.539578 -1.31091 0
0.513937 -1.25823 0
0.489104 -1.20722 0
0.465081 -1.15786 0
0.441866 -1.11017 0
0.419459 -1.06414 0
0.397861 -1.01977 0
0.377072 -0.97706 0
0.357092 -0.936012 0
0.33792 -0.896625 0
0.319556 -0.8589 0
0.302002 -0.822836 0
0.285256 -0.788433 0
0.269319 -0.755691 0
0.25419 -0.724611 0
0.23987 -0.695192 0
0.226358 -0.667434 0
0.213656 -0.641338 0
0.201762 -0.616903 0
0.190676 -0.594129 0
0.180399 -0.573016 0
0.170931 -0.553565 0
0.162272 -0.535775 0
0.154421 -0.519646 0
0.147379 -0.505179 0
0.141145 -0.492373 0
0.13572 -0.481228 0
-3 2 0
-2.87875 1.9203 0
-2.76034 1.84246 0
-2.64476 1.76649 0
-2.53203 1.69239 0
-2.42214 1.62015 0
-2.31508 1.54978 0
-2.21086 1.48127 0
-2.10949 1.41463 0
-2.01095 1.34986 0
-1.91525 1.28695 0
-1.82239 1.22591 0
-1.73237 1.16674 0
-1.64518 1.10943 0
-1.56084 1.05399 0
-1.47934 1.00041 0
-1.40067 0.948704 0
-1.32484 0.898861 0
-1.25186 0.850884 0
-1.18171 0.804773 0
-1.1144 0.760528 0
-1.04993 0.718149 0
-0.988296 0.677637 0
-0.929504 0.63899 0
-0.873551 0.60221 0
-0.820436 0.567297 0
-0.770161 0.534249 0
-0.722725 0.503067 0
-0.678128 0.473752 0
-0.636369 0.446303 0
-0.59745 0.42072 0
-0.56137 0.397003 0
-0.528129 0.375153 0
-0.497727 0.355168 0
-0.470164 0.33705 0
-0.44544 0.320798 0
-0.423555 0.306412 0
-0.404508 0.293893 0
1 -2 0
0.960502 -1.92878 0
0.921929 -1.85923 0
0.884281 -1.79135 0
0.847557 -1.72514 0
0.811759 -1.66059 0
0.776885 -1.59771 0
0.742936 -1.5365 0
0.709912 -1.47695 0
0.677812 -1.41908 0
0.646638 -1.36287 0
0.616388 -1.30832 0
0.587063 -1.25545 0
0.558663 -1.20424 0
0.531188 -1.1547 0
0.504637 -1.10683 0
0.479012 -1.06063 0
0.454311 -1.01609 0
0.430535 -0.973221 0
0.407684 -0.932019 0
0.385758 -0.892485 0
0.364756 -0.854618 0
0.34468 -0.818418 0
0.325528 -0.783886 0
0.307301 -0.751022 0
0.289999 -0.719825 0
0.273621 -0.690296 0
0.258169 -0.662434 0
0.243641 -0.636239 0
0.230038 -0.611713 0
0.21736 -0.588853 0
0.205607 -0.567661 0
0.194778 -0.548137 0
0.184875 -0.53028 0
0.175896 -0.514091 0
0.167842 -0.499569 0
0.160713 -0.486715 0
0.154508 -0.475528 0
-2.875 2 0
-2.75904 1.92103 0
-2.64579 1.84391 0
-2.53525 1.76863 0
-2.42743 1.69521 0
-2.32233 1.62364 0
-2.21994 1.55391 0
-2.12027 1.48603 0
-2.02331 1.42001 0
-1.92907 1.35583 0
-1.83754 1.2935 0
-1.74873 1.23302 0
-1.66263 1.17439 0
-1.57925 1.1176 0
-1.49858 1.06267 0
-1.42063 1.00959 0
-1.34539 0.95835 0
-1.27287 0.908964 0
-1.20307 0.861427 0
-1.13598 0.815739 0
-1.0716 0.771901 0
-1.00994 0.729911 0
-0.950996 0.68977 0
-0.894767 0.651478 0
-0.841253 0.615036 0
-0.790454 0.580442 0
-0.74237 0.547698 0
-0.697002 0.516802 0
-0.654349 0.487756 0
-0.614411 0.460559 0
-0.577189 0.435211 0
-0.542682 0.411711 0
-0.51089 0.390061 0
-0.481813 0.37026 0
-0.455451 0.352308 0
-0.431805 0.336206 0
-0.410874 0.321952 0
-0.392658 0.309547 0
1.125 -2 0
1.08053 -1.92848 0
1.0371 -1.85864 0
0.994711 -1.79047 0
0.953364 -1.72398 0
0.913058 -1.65916 0
0.873794 -1.59601 0
0.835571 -1.53454 0
0.798389 -1.47475 0
0.762248 -1.41663 0
0.727148 -1.36018 0
0.69309 -1.30541 0
0.660073 -1.25231 0
0.628097 -1.20089 0
0.597163 -1.15114 0
0.56727 -1.10306 0
0.538418 -1.05666 0
0.510607 -1.01194 0
0.483838 -0.968888 0
0.45811 -0.927513 0
0.433423 -0.887811 0
0.409777 -0.849785 0
0.387173 -0.813432 0
0.36561 -0.778755 0
0.345088 -0.745752 0
0.325607 -0.714423 0
0.307168 -0.684769 0
0.28977 -0.65679 0
0.273413 -0.630485 0
0.258098 -0.605855 0
0.243823 -0.582899 0
0.23059 -0.561618 0
0.218398 -0.542011 0
0.207248 -0.524079 0
0.197139 -0.507821 0
0.188071 -0.493238 0
0.180044 -0.48033 0
0.173059 -0.469096 0
-2.75 2 0
-2.63929 1.92174 0
-2.53118 1.84531 0
-2.42565 1.77071 0
-2.32272 1.69795 0
-2.22239 1.62701 0
-2.12464 1.55791 0
-2.02948 1.49065 0
-1.93692 1.42521 0
-1.84695 1.36161 0
-1.75957 1.29984 0
-1.67479 1.2399 0
-1.59259 1.1818 0
-1.51299 1.12553 0
-1.43598 1.07109 0
-1.36157 1.01848 0
-1.28974 0.967702 0
-1.22051 0.91876 0
-1.15387 0.87165 0
-1.08982 0.826372 0
-1.02836 0.782927 0
-0.969499 0.741314 0
-0.913227 0.701533 0
-0.859547 0.663586 0
-0.808459 0.62747 0
-0.759963 0.593187 0
-0.71406 0.560737 0
-0.670748 0.530119 0
-0.630029 0.501333 0
-0.591902 0.47438 0
-0.556367 0.449259 0
-0.523424 0.425971 0
-0.493074 0.404516 0
-0.465315 0.384892 0
-0.440149 0.367102 0
-0.417575 0.351143 0
-0.397593 0.337017 0
-0.380203 0.324724 0
1.25 -2 0
1.20054 -1.92815 0
1.15225 -1.85798 0
1.10511 -1.78949 0
1.05912 -1.72269 0
1.0143 -1.65756 0
0.970633 -1.59412 0
0.928124 -1.53237 0
0.886774 -1.47229 0
0.846582 -1.4139 0
0.807547 -1.35719 0
0.769671 -1.30216 0
0.732953 -1.24881 0
0.697393 -1.19715 0
0.66299 -1.14717 0
0.629746 -1.09887 0
0.597659 -1.05225 0
0.566731 -1.00732 0
0.536961 -0.964069 0
0.508348 -0.922499 0
0.480894 -0.882613 0
0.454598 -0.844408 0
0.429459 -0.807886 0
0.405479 -0.773046 0
0.382656 -0.739889 0
0.360992 -0.708414 0
0.340485 -0.678622 0
0.321137 -0.650511 0
0.302946 -0.624083 0
0.285914 -0.599338 0
0.270039 -0.576275 0
0.255323 -0.554894 0
0.241764 -0.535196 0
0.229364 -0.51718 0
0.218121 -0.500846 0
0.208037 -0.486195 0
0.19911 -0.473226 0
0.191342 -0.46194 0
-2.625 2 0
-2.51952 1.92242 0
-2.41652 1.84666 0
-2.31598 1.77272 0
-2.21791 1.70059 0
-2.12231 1.63028 0
-2.02918 1.56179 0
-1.93852 1.49511 0
-1.85033 1.43025 0
-1.76462 1.3672 0
-1.68137 1.30597 0
-1.60059 1.24656 0
-1.52227 1.18897 0
-1.44643 1.13319 0
-1.37306 1.07922 0
-1.30216 1.02708 0
-1.23373 0.976746 0
-1.16777 0.928232 0
-1.10428 0.881535 0
-1.04325 0.836653 0
-0.9847 0.793589 0
-0.928616 0.752341 0
-0.875003 0.712909 0
-0.823859 0.675293 0
-0.775185 0.639494 0
-0.72898 0.605512 0
-0.685245 0.573345 0
-0.64398 0.542996 0
-0.605185 0.514462 0
-0.568859 0.487745 0
-0.535003 0.462845 0
-0.503616 0.439761 0
-0.4747 0.418493 0
-0.448253 0.399042 0
-0.424275 0.381407 0
-0.402768 0.365588 0
-0.38373 0.351586 0
-0.367161 0.3394 0
1.375 -2 0
1.32054 -1.92778 0
1.26736 -1.85725 0
1.21546 -1.78841 0
1.16483 -1.72127 0
1.11547 -1.65581 0
1.06739 -1.59205 0
1.02059 -1.52997 0
0.975058 -1.46959 0
0.930803 -1.4109 0
0.887823 -1.3539 0
0.846118 -1.29859 0
0.805688 -1.24497 0
0.766534 -1.19304 0
0.728654 -1.14281 0
0.692049 -1.09426 0
0.656719 -1.04741 0
0.622665 -1.00224 0
0.589885 -0.958769 0
0.55838 -0.916987 0
0.528151 -0.876896 0
0.499196 -0.838497 0
0.471517 -0.801788 0
0.445112 -0.76677 0
0.419983 -0.733443 0
0.396129 -0.701807 0
0.373549 -0.671862 0
0.352245 -0.643608 0
0.332216 -0.617045 0
0.313462 -0.592173 0
0.295983 -0.568992 0
0.279778 -0.547502 0
0.264849 -0.527702 0
0.251195 -0.509594 0
0.238816 -0.493177 0
0.227713 -0.478451 0
0.217884 -0.465416 0
0.20933 -0.454072 0
-2.5 2 0
-2.39973 1.92308 0
-2.3018 1.84797 0
-2.20622 1.77466 0
-2.11299 1.70314 0
-2.02211 1.63343 0
-1.93358 1.56552 0
-1.84739 1.49941 0
-1.76355 1.4351 0
-1.68206 1.3726 0
-1.60292 1.31189 0
-1.52613 1.25298 0
-1.45168 1.19588 0
-1.37958 1.14057 0
-1.30983 1.08707 0
-1.24242 1.03537 0
-1.17737 0.985467 0
-1.11466 0.937367 0
-1.0543 0.891067 0
-0.996289 0.846568 0
-0.940625 0.803871 0
-0.887309 0.762974 0
-0.83634 0.723878 0
-0.78772 0.686584 0
-0.741447 0.65109 0
-0.697522 0.617397 0
-0.655945 0.585505 0
-0.616715 0.555413 0
-0.579834 0.527123 0
-0.5453 0.500634 0
-0.513114 0.475946 0
-0.483276 0.453058 0
-0.455786 0.431972 0
-0.430644 0.412686 0
-0.40785 0.395202 0
-0.387403 0.379518 0
-0.369304 0.365635 0
-0.353553 0.353553 0
1.5 -2 0
1.44053 -1.92738 0
1.38245 -1.85646 0
1.32577 -1.78724 0
1.27048 -1.71972 0
1.21658 -1.6539 0
1.16407 -1.58979 0
1.11295 -1.52737 0
1.06323 -1.46665 0
1.0149 -1.40763 0
0.967964 -1.35032 0
0.922419 -1.2947 0
0.878266 -1.24079 0
0.835506 -1.18857 0
0.794138 -1.13806 0
0.754163 -1.08924 0
0.71558 -1.04213 0
0.67839 -0.996712 0
0.642592 -0.952998 0
0.608186 -0.910985 0
0.575173 -0.870672 0
0.543552 -0.832059 0
0.513324 -0.795147 0
0.484489 -0.759935 0
0.457045 -0.726423 0
0.430994 -0.694612 0
0.406336 -0.664501 0
0.38307 -0.63609 0
0.361197 -0.60938 0
0.340716 -0.58437 0
0.321627 -0.56106 0
0.303931 -0.539451 0
0.287627 -0.519542 0
0.272716 -0.501334 0
0.259197 -0.484826 0
0.247071 -0.470018 0
0.236337 -0.45691 0
0.226995 -0.445503 0
-2.375 2 0
-2.27991 1.92372 0
-2.18704 1.84923 0
-2.09639 1.77652 0
-2.00798 1.7056 0
-1.92179 1.63646 0
-1.83783 1.56911 0
-1.75609 1.50355 0
-1.67659 1.43977 0
-1.5993 1.37778 0
-1.52425 1.31758 0
-1.45142 1.25916 0
-1.38082 1.20252 0
-1.31244 1.14768 0
-1.24629 1.09462 0
-1.18237 1.04334 0
-1.12067 0.993852 0
-1.0612 0.946149 0
-1.00396 0.900232 0
-0.948944 0.856102 0
-0.896155 0.813757 0
-0.845592 0.773198 0
-0.797255 0.734426 0
-0.751145 0.697439 0
-0.707262 0.662238 0
-0.665605 0.628824 0
-0.626175 0.597195 0
-0.588972 0.567353 0
-0.553995 0.539297 0
-0.521245 0.513026 0
-0.490721 0.488542 0
-0.462424 0.465844 0
-0.436354 0.444932 0
-0.41251 0.425805 0
-0.390893 0.408465 0
-0.371502 0.392911 0
-0.354338 0.379143 0
-0.3394 0.367161 0
1.625 -2 0
1.5605 -1.92695 0
1.49751 -1.85561 0
1.43603 -1.78598 0
1.37606 -1.71805 0
1.3176 -1.65184 0
1.26065 -1.58734 0
1.20521 -1.52456 0
1.15129 -1.46348 0
1.09887 -1.40411 0
1.04796 -1.34645 0
0.998561 -1.2905 0
0.950673 -1.23627 0
0.904296 -1.18374 0
0.859429 -1.13292 0
0.816072 -1.08382 0
0.774225 -1.03642 0
0.733889 -0.990738 0
0.695063 -0.946764 0
0.657747 -0.904501 0
0.621941 -0.863948 0
0.587646 -0.825105 0
0.55486 -0.787973 0
0.523586 -0.752551 0
0.493821 -0.71884 0
0.465566 -0.686839 0
0.438822 -0.656549 0
0.413588 -0.627969 0
0.389864 -0.6011 0
0.367651 -0.575941 0
0.346947 -0.552493 0
0.327754 -0.530755 0
0.310071 -0.510728 0
0.293899 -0.492411 0
0.279236 -0.475804 0
0.266084 -0.460908 0
0.254442 -0.447723 0
0.244311 -0.436248 0
-2.25 2 0
-2.16006 1.92433 0
-2.07222 1.85043 0
-1.98649 1.7783 0
-1.90287 1.70795 0
-1.82135 1.63937 0
-1.74194 1.57255 0
-1.66464 1.50752 0
-1.58944 1.44425 0
-1.51634 1.38275 0
-1.44536 1.32303 0
-1.37647 1.26507 0
-1.3097 1.20889 0
-1.24503 1.15448 0
-1.18246 1.10185 0
-1.12201 1.05098 0
-1.06365 1.00189 0
-1.00741 0.954566 0
-0.953267 0.909016 0
-0.901232 0.865238 0
-0.851304 0.823232 0
-0.803481 0.782997 0
-0.757764 0.744534 0
-0.714154 0.707843 0
-0.672649 0.672923 0
-0.63325 0.639776 0
-0.595957 0.6084 0
-0.56077 0.578796 0
-0.527688 0.550963 0
-0.496713 0.524903 0
-0.467844 0.500614 0
-0.44108 0.478097 0
-0.416423 0.457352 0
-0.393871 0.438379 0
-0.373426 0.421177 0
-0.355086 0.405747 0
-0.338852 0.392089 0
-0.324724 0.380203 0
1.75 -2 0
1.68045 -1.92648 0
1.61253 -1.85469 0
1.54624 -1.78462 0
1.48158 -1.71626 0
1.41854 -1.64963 0
1.35714 -1.58472 0
1.29736 -1.52154 0
1.23921 -1.46007 0
1.18269 -1.40032 0
1.1278 -1.3423 0
1.07453 -1.286 0
1.0229 -1.23142 0
0.972889 -1.17856 0
0.924511 -1.12742 0
0.87776 -1.078 0
0.832638 -1.03031 0
0.789145 -0.984331 0
0.74728 -0.940078 0
0.707044 -0.897546 0
0.668436 -0.856735 0
0.631456 -0.817646 0
0.596105 -0.780278 0
0.562382 -0.744632 0
0.530288 -0.710706 0
0.499822 -0.678502 0
0.470984 -0.64802 0
0.443775 -0.619259 0
0.418195 -0.592219 0
0.394243 -0.5669 0
0.371919 -0.543303 0
0.351224 -0.521427 0
0.332157 -0.501273 0
0.314718 -0.48284 0
0.298908 -0.466128 0
0.284727 -0.451137 0
0.272174 -0.437868 0
0.261249 -0.42632 0
-2.125 2 0
-2.04019 1.92491 0
-1.95736 1.85158 0
-1.87653 1.78001 0
-1.79767 1.7102 0
-1.72081 1.64214 0
-1.64592 1.57584 0
-1.57303 1.5113 0
-1.50212 1.44852 0
-1.43319 1.3875 0
-1.36625 1.32823 0
-1.3013 1.27073 0
-1.23834 1.21498 0
-1.17735 1.16099 0
-1.11836 1.10875 0
-1.06135 1.05828 0
-1.00633 1.00956 0
-0.953288 0.962605 0
-0.902236 0.917406 0
-0.85317 0.873964 0
-0.806089 0.83228 0
-0.760994 0.792355 0
-0.717886 0.754188 0
-0.676762 0.717779 0
-0.637625 0.683128 0
-0.600474 0.650235 0
-0.565308 0.619101 0
-0.532128 0.589724 0
-0.500934 0.562106 0
-0.471725 0.536246 0
-0.444503 0.512144 0
-0.419266 0.4898 0
-0.396015 0.469214 0
-0.37475 0.450387 0
-0.35547 0.433318 0
-0.338177 0.418006 0
-0.322869 0.404453 0
-0.309547 0.392658 0
1.875 -2 0
1.80038 -1.92599 0
1.72752 -1.85371 0
1.6564 -1.78317 0
1.58702 -1.71436 0
1.51939 -1.64728 0
1.45351 -1.58193 0
1.38938 -1.51832 0
1.327 -1.45644 0
1.26636 -1.39629 0
1.20746 -1.33788 0
1.15032 -1.2812 0
1.09492 -1.22625 0
1.04127 -1.17303 0
0.989369 -1.12155 0
0.939213 -1.0718 0
0.890803 -1.02378 0
0.844141 -0.977499 0
0.799226 -0.932948 0
0.756058 -0.89013 0
0.714637 -0.849045 0
0.674963 -0.809693 0
0.637037 -0.772074 0
0.600857 -0.736187 0
0.566424 -0.702034 0
0.533739 -0.669613 0
0.502801 -0.638926 0
0.473609 -0.609971 0
0.446165 -0.582749 0
0.420468 -0.557261 0
0.396518 -0.533505 0
0.374315 -0.511482 0
0.353859 -0.491192 0
0.33515 -0.472634 0
0.318188 -0.45581 0
0.302973 -0.440719 0
0.289506 -0.42736 0
0.277785 -0.415735 0
-2 2 0
-1.9203 1.92547 0
-1.84246 1.85268 0
-1.76649 1.78163 0
-1.69239 1.71233 0
-1.62015 1.64478 0
-1.54978 1.57897 0
-1.48127 1.5149 0
-1.41463 1.45259 0
-1.34986 1.39201 0
-1.28695 1.33318 0
-1.22591 1.2761 0
-1.16674 1.22076 0
-1.10943 1.16717 0
-1.05399 1.11532 0
-1.00041 1.06522 0
-0.948704 1.01687 0
-0.898861 0.970253 0
-0.850884 0.925387 0
-0.804773 0.882265 0
-0.760528 0.840889 0
-0.718149 0.801258 0
-0.677637 0.763372 0
-0.63899 0.727232 0
-0.60221 0.692836 0
-0.567297 0.660186 0
-0.534249 0.629281 0
-0.503067 0.600121 0
-0.473752 0.572707 0
-0.446303 0.547037 0
-0.42072 0.523113 0
-0.397003 0.500934 0
-0.375153 0.4805 0
-0.355168 0.461811 0
-0.33705 0.444868 0
-0.320798 0.42967 0
-0.306412 0.416216 0
-0.293893 0.404508 0
2 -2 0
1.9203 -1.92547 0
1.84246 -1.85268 0
1.76649 -1.78163 0
1.69239 -1.71233 0
1.62015 -1.64478 0
1.54978 -1.57897 0
1.48127 -1.5149 0
1.41463 -1.45259 0
1.34986 -1.39201 0
1.28695 -1.33318 0
1.22591 -1.2761 0
1.16674 -1.22076 0
1.10943 -1.16717 0
1.05399 -1.11532 0
1.00041 -1.06522 0
0.948704 -1.01687 0
0.898861 -0.970253 0
0.850884 -0.925387 0
0.804773 -0.882265 0
0.760528 -0.840889 0
0.718149 -0.801258 0
0.677637 -0.763372 0
0.63899 -0.727232 0
0.60221 -0.692836 0
0.567297 -0.660186 0
0.534249 -0.629281 0
0.503067 -0.600121 0
0.473752 -0.572707 0
0.446303 -0.547037 0
0.42072 -0.523113 0
0.397003 -0.500934 0
0.375153 -0.4805 0
0.355168 -0.461811 0
0.33705 -0.444868 0
0.320798 -0.42967 0
0.306412 -0.416216 0
0.293893 -0.404508 0
-1.875 2 0
-1.80038 1.92599 0
-1.72752 1.85371 0
-1.6564 1.78317 0
-1.58702 1.71436 0
-1.51939 1.64728 0
-1.45351 1.58193 0
-1.38938 1.51832 0
-1.327 1.45644 0
-1.26636 1.39629 0
-1.20746 1.33788 0
-1.15032 1.2812 0
-1.09492 1.22625 0
-1.04127 1.17303 0
-0.989369 1.12155 0
-0.939213 1.0718 0
-0.890803 1.02378 0
-0.844141 0.977499 0
-0.799226 0.932948 0
-0.756058 0.89013 0
-0.714637 0.849045 0
-0.674963 0.809693 0
-0.637037 0.772074 0
-0.600857 0.736187 0
-0.566424 0.702034 0
-0.533739 0.669613 0
-0.502801 0.638926 0
-0.473609 0.609971 0
-0.446165 0.582749 0
-0.420468 0.557261 0
-0.396518 0.533505 0
-0.374315 0.511482 0
-0.353859 0.491192 0
-0.33515 0.472634 0
-0.318188 0.45581 0
-0.302973 0.440719 0
-0.289506 0.42736 0
-0.277785 0.415735 0
2.125 -2 0
2.04019 -1.92491 0
1.95736 -1.85158 0
1.87653 -1.78001 0
1.79767 -1.7102 0
1.72081 -1.64214 0
1.64592 -1.57584 0
1.57303 -1.5113 0
1.50212 -1.44852 0
1.43319 -1.3875 0
1.36625 -1.32823 0
1.3013 -1.27073 0
1.23834 -1.21498 0
1.17735 -1.16099 0
1.11836 -1.10875 0
1.06135 -1.05828 0
1.00633 -1.00956 0
0.953288 -0.962605 0
0.902236 -0.917406 0
0.85317 -0.873964 0
0.806089 -0.83228 0
0.760994 -0.792355 0
0.717886 -0.754188 0
0.676762 -0.717779 0
0.637625 -0.683128 0
0.600474 -0.650235 0
0.565308 -0.619101 0
0.532128 -0.589724 0
0.500934 -0.562106 0
0.471725 -0.536246 0
0.444503 -0.512144 0
0.419266 -0.4898 0
0.396015 -0.469214 0
0.37475 -0.450387 0
0.35547 -0.433318 0
0.338177 -0.418006 0
0.322869 -0.404453 0
0.309547 -0.392658 0
-1.75 2 0
-1.68045 1.92648 0
-1.61253 1.85469 0
-1.54624 1.78462 0
-1.48158 1.71626 0
-1.41854 1.64963 0
-1.35714 1.58472 0
-1.29736 1.52154 0
-1.23921 1.46007 0
-1.18269 1.40032 0
-1.1278 1.3423 0
-1.07453 1.286 0
-1.0229 1.23142 0
-0.972889 1.17856 0
-0.924511 1.12742 0
-0.87776 1.078 0
-0.832638 1.03031 0
-0.789145 0.984331 0
-0.74728 0.940078 0
-0.707044 0.897546 0
-0.668436 0.856735 0
-0.631456 0.817646 0
-0.596105 0.780278 0
-0.562382 0.744632 0
-0.530288 0.710706 0
-0.499822 0.678502 0
-0.470984 0.64802 0
-0.443775 0.619259 0
-0.418195 0.592219 0
-0.394243 0.5669 0
-0.371919 0.543303 0
-0.351224 0.521427 0
-0.332157 0.501273 0
-0.314718 0.48284 0
-0.298908 0.466128 0
-0.284727 0.451137 0
-0.272174 0.437868 0
-0.261249 0.42632 0
2.25 -2 0
2.16006 -1.92433 0
2.07222 -1.85043 0
1.98649 -1.7783 0
1.90287 -1.70795 0
1.82135 -1.63937 0
1.74194 -1.57255 0
1.66464 -1.50752 0
1.58944 -1.44425 0
1.51634 -1.38275 0
1.44536 -1.32303 0
1.37647 -1.26507 0
1.3097 -1.20889 0
1.24503 -1.15448 0
1.18246 -1.10185 0
1.12201 -1.05098 0
1.06365 -1.00189 0
1.00741 -0.954566 0
0.953267 -0.909016 0
0.901232 -0.865238 0
0.851304 -0.823232 0
0.803481 -0.782997 0
0.757764 -0.744534 0
0.714154 -0.707843 0
0.672649 -0.672923 0
0.63325 -0.639776 0
0.595957 -0.6084 0
0.56077 -0.578796 0
0.527688 -0.550963 0
0.496713 -0.524903 0
0.467844 -0.500614 0
0.44108 -0.478097 0
0.416423 -0.457352 0
0.393871 -0.438379 0
0.373426 -0.421177 0
0.355086 -0.405747 0
0.338852 -0.392089 0
0.324724 -0.380203 0
-1.625 2 0
-1.5605 1.92695 0
-1.49751 1.85561 0
-1.43603 1.78598 0
-1.37606 1.71805 0
-1.3176 1.65184 0
-1.26065 1.58734 0
-1.20521 1.52456 0
-1.15129 1.46348 0
-1.09887 1.40411 0
-1.04796 1.34645 0
-0.998561 1.2905 0
-0.950673 1.23627 0
-0.904296 1.18374 0
-0.859429 1.13292 0
-0.816072 1.08382 0
-0.774225 1.03642 0
-0.733889 0.990738 0
-0.695063 0.946764 0
-0.657747 0.904501 0
-0.621941 0.863948 0
-0.587646 0.825105 0
-0.55486 0.787973 0
-0.523586 0.752551 0
-0.493821 0.71884 0
-0.465566 0.686839 0
-0.438822 0.656549 0
-0.413588 0.627969 0
-0.389864 0.6011 0
-0.367651 0.575941 0
-0.346947 0.552493 0
-0.327754 0.530755 0
-0.310071 0.510728 0
-0.293899 0.492411 0
-0.279236 0.475804 0
-0.266084 0.460908 0
-0.254442 0.447723 0
-0.244311 0.436248 0
2.375 -2 0
2.27991 -1.92372 0
2.18704 -1.84923 0
2.09639 -1.77652 0
2.00798 -1.7056 0
1.92179 -1.63646 0
1.83783 -1.56911 0
1.75609 -1.50355 0
1.67659 -1.43977 0
1.5993 -1.37778 0
1.52425 -1.31758 0
1.45142 -1.25916 0
1.38082 -1.20252 0
1.31244 -1.14768 0
1.24629 -1.09462 0
1.18237 -1.04334 0
1.12067 -0.993852 0
1.0612 -0.946149 0
1.00396 -0.900232 0
0.948944 -0.856102 0
0.896155 -0.813757 0
0.845592 -0.773198 0
0.797255 -0.734426 0
0.751145 -0.697439 0
0.707262 -0.662238 0
0.665605 -0.628824 0
0.626175 -0.597195 0
0.588972 -0.567353 0
0.553995 -0.539297 0
0.521245 -0.513026 0
0.490721 -0.488542 0
0.462424 -0.465844 0
0.436354 -0.444932 0
0.41251 -0.425805 0
0.390893 -0.408465 0
0.371502 -0.392911 0
0.354338 -0.379143 0
0.3394 -0.367161 0
-1.5 2 0
-1.44053 1.92738 0
-1.38245 1.85646 0
-1.32577 1.78724 0
-1.27048 1.71972 0
-1.21658 1.6539 0
-1.16407 1.58979 0
-1.11295 1.52737 0
-1.06323 1.46665 0
-1.0149 1.40763 0
-0.967964 1.35032 0
-0.922419 1.2947 0
-0.878266 1.24079 0
-0.835506 1.18857 0
-0.794138 1.13806 0
-0.754163 1.08924 0
-0.71558 1.04213 0
-0.67839 0.996712 0
-0.642592 0.952998 0
-0.608186 0.910985 0
-0.575173 0.870672 0
-0.543552 0.832059 0
-0.513324 0.795147 0
-0.484489 0.759935 0
-0.457045 0.726423 0
-0.430994 0.694612 0
-0.406336 0.664501 0
-0.38307 0.63609 0
-0.361197 0.60938 0
-0.340716 0.58437 0
-0.321627 0.56106 0
-0.303931 0.539451 0
-0.287627 0.519542 0
-0.272716 0.501334 0
-0.259197 0.484826 0
-0.247071 0.470018 0
-0.236337 0.45691 0
-0.226995 0.445503 0
2.5 -2 0
2.39973 -1.92308 0
2.3018 -1.84797 0
2.20622 -1.77466 0
2.11299 -1.70314 0
2.02211 -1.63343 0
1.93358 -1.56552 0
1.84739 -1.49941 0
1.76355 -1.4351 0
1.68206 -1.3726 0
1.60292 -1.31189 0
1.52613 -1.25298 0
1.45168 -1.19588 0
1.37958 -1.14057 0
1.30983 -1.08707 0
1.24242 -1.03537 0
1.17737 -0.985467 0
1.11466 -0.937367 0
1.0543 -0.891067 0
0.996289 -0.846568 0
0.940625 -0.803871 0
0.887309 -0.762974 0
0.83634 -0.723878 0
0.78772 -0.686584 0
0.741447 -0.65109 0
0.697522 -0.617397 0
0.655945 -0.585505 0
0.616715 -0.555413 0
0.579834 -0.527123 0
0.5453 -0.500634 0
0.513114 -0.475946 0
0.483276 -0.453058 0
0.455786 -0.431972 0
0.430644 -0.412686 0
0.40785 -0.395202 0
0.387403 -0.379518 0
0.369304 -0.365635 0
0.353553 -0.353553 0
-1.375 2 0
-1.32054 1.92778 0
-1.26736 1.85725 0
-1.21546 1.78841 0
-1.16483 1.72127 0
-1.11547 1.65581 0
-1.06739 1.59205 0
-1.02059 1.52997 0
-0.975058 1.46959 0
-0.930803 1.4109 0
-0.887823 1.3539 0
-0.846118 1.29859 0
-0.805688 1.24497 0
-0.766534 1.19304 0
-0.728654 1.14281 0
-0.692049 1.09426 0
-0.656719 1.04741 0
-0.622665 1.00224 0
-0.589885 0.958769 0
-0.55838 0.916987 0
-0.528151 0.876896 0
-0.499196 0.838497 0
-0.471517 0.801788 0
-0.445112 0.76677 0
-0.419983 0.733443 0
-0.396129 0.701807 0
-0.373549 0.671862 0
-0.352245 0.643608 0
-0.332216 0.617045 0
-0.313462 0.592173 0
-0.295983 0.568992 0
-0.279778 0.547502 0
-0.264849 0.527702 0
-0.251195 0.509594 0
-0.238816 0.493177 0
-0.227713 0.478451 0
-0.217884 0.465416 0
-0.20933 0.454072 0
2.625 -2 0
2.51952 -1.92242 0
2.41652 -1.84666 0
2.31598 -1.77272 0
2.21791 -1.70059 0
2.12231 -1.63028 0
2.02918 -1.56179 0
1.93852 -1.49511 0
1.85033 -1.43025 0
1.76462 -1.3672 0
1.68137 -1.30597 0
1.60059 -1.24656 0
1.52227 -1.18897 0
1.44643 -1.13319 0
1.37306 -1.07922 0
1.30216 -1.02708 0
1.23373 -0.976746 0
1.16777 -0.928232 0
1.10428 -0.881535 0
1.04325 -0.836653 0
0.9847 -0.793589 0
0.928616 -0.752341 0
0.875003 -0.712909 0
0.823859 -0.675293 0
0.775185 -0.639494 0
0.72898 -0.605512 0
0.685245 -0.573345 0
0.64398 -0.542996 0
0.605185 -0.514462 0
0.568859 -0.487745 0
0.535003 -0.462845 0
0.503616 -0.439761 0
0.4747 -0.418493 0
0.448253 -0.399042 0
0.424275 -0.381407 0
0.402768 -0.365588 0
0.38373 -0.351586 0
0.367161 -0.3394 0
-1.25 2 0
-1.20054 1.92815 0
-1.15225 1.85798 0
-1.10511 1.78949 0
-1.05912 1.72269 0
-1.0143 1.65756 0
-0.970633 1.59412 0
-0.928124 1.53237 0
-0.886774 1.47229 0
-0.846582 1.4139 0
-0.807547 1.35719 0
-0.769671 1.30216 0
-0.732953 1.24881 0
-0.697393 1.19715 0
-0.66299 1.14717 0
-0.629746 1.09887 0
-0.597659 1.05225 0
-0.566731 1.00732 0
-0.536961 0.964069 0
-0.508348 0.922499 0
-0.480894 0.882613 0
-0.454598 0.844408 0
-0.429459 0.807886 0
-0.405479 0.773046 0
-0.382656 0.739889 0
-0.360992 0.708414 0
-0.340485 0.678622 0
-0.321137 0.650511 0
-0.302946 0.624083 0
-0.285914 0.599338 0
-0.270039 0.576275 0
-0.255323 0.554894 0
-0.241764 0.535196 0
-0.229364 0.51718 0
-0.218121 0.500846 0
-0.208037 0.486195 0
-0.19911 0.473226 0
-0.191342 0.46194 0
2.75 -2 0
2.63929 -1.92174 0
2.53118 -1.84531 0
2.42565 -1.77071 0
2.32272 -1.69795 0
2.22239 -1.62701 0
2.12464 -1.55791 0
2.02948 -1.49065 0
1.93692 -1.42521 0
1.84695 -1.36161 0
1.75957 -1.29984 0
1.67479 -1.2399 0
1.59259 -1.1818 0
1.51299 -1.12553 0
1.43598 -1.07109 0
1.36157 -1.01848 0
1.28974 -0.967702 0
1.22051 -0.91876 0
1.15387 -0.87165 0
1.08982 -0.826372 0
1.02836 -0.782927 0
0.969499 -0.741314 0
0.913227 -0.701533 0
0.859547 -0.663586 0
0.808459 -0.62747 0
0.759963 -0.593187 0
0.71406 -0.560737 0
0.670748 -0.530119 0
0.630029 -0.501333 0
0.591902 -0.47438 0
0.556367 -0.449259 0
0.523424 -0.425971 0
0.493074 -0.404516 0
0.465315 -0.384892 0
0.440149 -0.367102 0
0.417575 -0.351143 0
0.397593 -0.337017 0
0.380203 -0.324724 0
-1.125 2 0
-1.08053 1.92848 0
-1.0371 1.85864 0
-0.994711 1.79047 0
-0.953364 1.72398 0
-0.913058 1.65916 0
-0.873794 1.59601 0
-0.835571 1.53454 0
-0.798389 1.47475 0
-0.762248 1.41663 0
-0.727148 1.36018 0
-0.69309 1.30541 0
-0.660073 1.25231 0
-0.628097 1.20089 0
-0.597163 1.15114 0
-0.56727 1.10306 0
-0.538418 1.05666 0
-0.510607 1.01194 0
-0.483838 0.968888 0
-0.45811 0.927513 0
-0.433423 0.887811 0
-0.409777 0.849785 0
-0.387173 0.813432 0
-0.36561 0.778755 0
-0.345088 0.745752 0
-0.325607 0.714423 0
-0.307168 0.684769 0
-0.28977 0.65679 0
-0.273413 0.630485 0
-0.258098 0.605855 0
-0.243823 0.582899 0
-0.23059 0.561618 0
-0.218398 0.542011 0
-0.207248 0.524079 0
-0.197139 0.507821 0
-0.188071 0.493238 0
-0.180044 0.48033 0
-0.173059 0.469096 0
2.875 -2 0
2.75904 -1.92103 0
2.64579 -1.84391 0
2.53525 -1.76863 0
2.42743 -1.69521 0
2.32233 -1.62364 0
2.21994 -1.55391 0
2.12027 -1.48603 0
2.02331 -1.42001 0
1.92907 -1.35583 0
1.83754 -1.2935 0
1.74873 -1.23302 0
1.66263 -1.17439 0
1.57925 -1.1176 0
1.49858 -1.06267 0
1.42063 -1.00959 0
1.34539 -0.95835 0
1.27287 -0.908964 0
1.20307 -0.861427 0
1.13598 -0.815739 0
1.0716 -0.771901 0
1.00994 -0.729911 0
0.950996 -0.68977 0
0.894767 -0.651478 0
0.841253 -0.615036 0
0.790454 -0.580442 0
0.74237 -0.547698 0
0.697002 -0.516802 0
0.654349 -0.487756 0
0.614411 -0.460559 0
0.577189 -0.435211 0
0.542682 -0.411711 0
0.51089 -0.390061 0
0.481813 -0.37026 0
0.455451 -0.352308 0
0.431805 -0.336206 0
0.410874 -0.321952 0
0.392658 -0.309547 0
-1 2 0
-0.960502 1.92878 0
-0.921929 1.85923 0
-0.884281 1.79135 0
-0.847557 1.72514 0
-0.811759 1.66059 0
-0.776885 1.59771 0
-0.742936 1.5365 0
-0.709912 1.47695 0
-0.677812 1.41908 0
-0.646638 1.36287 0
-0.616388 1.30832 0
-0.587063 1.25545 0
-0.558663 1.20424 0
-0.531188 1.1547 0
-0.504637 1.10683 0
-0.479012 1.06063 0
-0.454311 1.01609 0
-0.430535 0.973221 0
-0.407684 0.932019 0
-0.385758 0.892485 0
-0.364756 0.854618 0
-0.34468 0.818418 0
-0.325528 0.783886 0
-0.307301 0.751022 0
-0.289999 0.719825 0
-0.273621 0.690296 0
-0.258169 0.662434 0
-0.243641 0.636239 0
-0.230038 0.611713 0
-0.21736 0.588853 0
-0.205607 0.567661 0
-0.194778 0.548137 0
-0.184875 0.53028 0
-0.175896 0.514091 0
-0.167842 0.499569 0
-0.160713 0.486715 0
-0.154508 0.475528 0
3 -2 0
2.87875 -1.9203 0
2.76034 -1.84246 0
2.64476 -1.76649 0
2.53203 -1.69239 0
2.42214 -1.62015 0
2.31508 -1.54978 0
2.21086 -1.48127 0
2.10949 -1.41463 0
2.01095 -1.34986 0
1.91525 -1.28695 0
1.82239 -1.22591 0
1.73237 -1.16674 0
1.64518 -1.10943 0
1.56084 -1.05399 0
1.47934 -1.00041 0
1.40067 -0.948704 0
1.32484 -0.898861 0
1.25186 -0.850884 0
1.18171 -0.804773 0
1.1144 -0.760528 0
1.04993 -0.718149 0
0.988296 -0.677637 0
0.929504 -0.63899 0
0.873551 -0.60221 0
0.820436 -0.567297 0
0.770161 -0.534249 0
0.722725 -0.503067 0
0.678128 -0.473752 0
0.636369 -0.446303 0
0.59745 -0.42072 0
0.56137 -0.397003 0
0.528129 -0.375153 0
0.497727 -0.355168 0
0.470164 -0.33705 0
0.44544 -0.320798 0
0.423555 -0.306412 0
0.404508 -0.293893 0
-0.875 2 0
-0.840464 1.92905 0
-0.806736 1.85976 0
-0.773818 1.79213 0
-0.741707 1.72616 0
-0.710406 1.66186 0
-0.679913 1.59921 0
-0.650229 1.53823 0
-0.621353 1.47891 0
-0.593286 1.42125 0
-0.566028 1.36525 0
-0.539578 1.31091 0
-0.513937 1.25823 0
-0.489104 1.20722 0
-0.465081 1.15786 0
-0.441866 1.11017 0
-0.419459 1.06414 0
-0.397861 1.01977 0
-0.377072 0.97706 0
-0.357092 0.936012 0
-0.33792 0.896625 0
-0.319556 0.8589 0
-0.302002 0.822836 0
-0.285256 0.788433 0
-0.269319 0.755691 0
-0.25419 0.724611 0
-0.23987 0.695192 0
-0.226358 0.667434 0
-0.213656 0.641338 0
-0.201762 0.616903 0
-0.190676 0.594129 0
-0.180399 0.573016 0
-0.170931 0.553565 0
-0.162272 0.535775 0
-0.154421 0.519646 0
-0.147379 0.505179 0
-0.141145 0.492373 0
-0.13572 0.481228 0
3 -1.875 0
2.87927 -1.80038 0
2.76137 -1.72752 0
2.6463 -1.6564 0
2.53406 -1.58702 0
2.42464 -1.51939 0
2.31804 -1.45351 0
2.21428 -1.38938 0
2.11334 -1.327 0
2.01523 -1.26636 0
1.91994 -1.20746 0
1.82748 -1.15032 0
1.73785 -1.09492 0
1.65104 -1.04127 0
1.56706 -0.989369 0
1.48591 -0.939213 0
1.40759 -0.890803 0
1.33209 -0.844141 0
1.25942 -0.799226 0
1.18957 -0.756058 0
1.12255 -0.714637 0
1.05836 -0.674963 0
0.996997 -0.637037 0
0.938459 -0.600857 0
0.882748 -0.566424 0
0.829864 -0.533739 0
0.779806 -0.502801 0
0.732575 -0.473609 0
0.68817 -0.446165 0
0.646593 -0.420468 0
0.607842 -0.396518 0
0.571918 -0.374315 0
0.53882 -0.353859 0
0.50855 -0.33515 0
0.481106 -0.318188 0
0.456489 -0.302973 0
0.434698 -0.289506 0
0.415735 -0.277785 0
-0.75 2 0
-0.720416 1.92928 0
-0.691524 1.86022 0
-0.663326 1.79281 0
-0.63582 1.72706 0
-0.609006 1.66296 0
-0.582886 1.60052 0
-0.557458 1.53974 0
-0.532722 1.48061 0
-0.50868 1.42314 0
-0.48533 1.36732 0
-0.462673 1.31316 0
-0.440708 1.26065 0
-0.419437 1.20981 0
-0.398857 1.16061 0
-0.378971 1.11308 0
-0.359777 1.06719 0
-0.341276 1.02297 0
-0.323468 0.980399 0
-0.306352 0.939485 0
-0.28993 0.900227 0
-0.274199 0.862624 0
-0.259162 0.826678 0
-0.244817 0.792387 0
-0.231165 0.759753 0
-0.218205 0.728774 0
-0.205939 0.699451 0
-0.194365 0.671784 0
-0.183483 0.645773 0
-0.173295 0.621417 0
-0.163799 0.598718 0
-0.154996 0.577674 0
-0.146885 0.558286 0
-0.139467 0.540554 0
-0.132742 0.524478 0
-0.12671 0.510058 0
-0.12137 0.497294 0
-0.116723 0.486185 0
3 -1.75 0
2.87977 -1.68045 0
2.76235 -1.61253 0
2.64775 -1.54624 0
2.53596 -1.48158 0
2.42699 -1.41854 0
2.32084 -1.35714 0
2.2175 -1.29736 0
2.11697 -1.23921 0
2.01926 -1.18269 0
1.92436 -1.1278 0
1.83228 -1.07453 0
1.74302 -1.0229 0
1.65657 -0.972889 0
1.57293 -0.924511 0
1.49211 -0.87776 0
1.41411 -0.832638 0
1.33892 -0.789145 0
1.26655 -0.74728 0
1.19699 -0.707044 0
1.13024 -0.668436 0
1.06632 -0.631456 0
1.0052 -0.596105 0
0.946904 -0.562382 0
0.891421 -0.530288 0
0.838753 -0.499822 0
0.7889 -0.470984 0
0.741862 -0.443775 0
0.69764 -0.418195 0
0.656232 -0.394243 0
0.61764 -0.371919 0
0.581863 -0.351224 0
0.548902 -0.332157 0
0.518755 -0.314718 0
0.491424 -0.298908 0
0.466907 -0.284727 0
0.445206 -0.272174 0
0.42632 -0.261249 0
-0.625 2 0
-0.600359 1.92948 0
-0.576296 1.86061 0
-0.552809 1.79339 0
-0.529899 1.72782 0
-0.507567 1.6639 0
-0.485811 1.60163 0
-0.464632 1.54102 0
-0.44403 1.48205 0
-0.424005 1.42474 0
-0.404557 1.36908 0
-0.385686 1.31507 0
-0.367392 1.26271 0
-0.349675 1.212 0
-0.332534 1.16295 0
-0.315971 1.11554 0
-0.299985 1.06979 0
-0.284575 1.02568 0
-0.269743 0.983233 0
-0.255487 0.942432 0
-0.241809 0.903283 0
-0.228707 0.865786 0
-0.216182 0.829939 0
-0.204235 0.795744 0
-0.192864 0.7632 0
-0.18207 0.732307 0
-0.171853 0.703066 0
-0.162213 0.675476 0
-0.15315 0.649537 0
-0.144664 0.625249 0
-0.136755 0.602613 0
-0.129423 0.581627 0
-0.122667 0.562294 0
-0.116489 0.544611 0
-0.110888 0.528579 0
-0.105863 0.514199 0
-0.101416 0.50147 0
-0.0975452 0.490393 0
3 -1.625 0
2.88023 -1.5605 0
2.76327 -1.49751 0
2.64911 -1.43603 0
2.53775 -1.37606 0
2.4292 -1.3176 0
2.32346 -1.26065 0
2.22051 -1.20521 0
2.12038 -1.15129 0
2.02304 -1.09887 0
1.92851 -1.04796 0
1.83679 -0.998561 0
1.74787 -0.950673 0
1.66175 -0.904296 0
1.57844 -0.859429 0
1.49793 -0.816072 0
1.42023 -0.774225 0
1.34533 -0.733889 0
1.27323 -0.695063 0
1.20394 -0.657747 0
1.13746 -0.621941 0
1.07377 -0.587646 0
1.0129 -0.55486 0
0.954823 -0.523586 0
0.899554 -0.493821 0
0.84709 -0.465566 0
0.797429 -0.438822 0
0.750573 -0.413588 0
0.706521 -0.389864 0
0.665274 -0.367651 0
0.62683 -0.346947 0
0.591191 -0.327754 0
0.558357 -0.310071 0
0.528326 -0.293899 0
0.5011 -0.279236 0
0.476679 -0.266084 0
0.455061 -0.254442 0
0.436248 -0.244311 0
-0.5 2 0
-0.480296 1.92964 0
-0.461053 1.86092 0
-0.442272 1.79386 0
-0.423952 1.72844 0
-0.406094 1.66467 0
-0.388697 1.60254 0
-0.371761 1.54207 0
-0.355286 1.48324 0
-0.339273 1.42606 0
-0.323721 1.37052 0
-0.308631 1.31663 0
-0.294002 1.2644 0
-0.279834 1.2138 0
-0.266128 1.16486 0
-0.252883 1.11756 0
-0.240099 1.07191 0
-0.227777 1.02791 0
-0.215916 0.985557 0
-0.204517 0.94485 0
-0.193578 0.905791 0
-0.183102 0.868379 0
-0.173086 0.832614 0
-0.163532 0.798497 0
-0.154439 0.766028 0
-0.145808 0.735206 0
-0.137638 0.706031 0
-0.129929 0.678504 0
-0.122682 0.652624 0
-0.115896 0.628392 0
-0.109571 0.605808 0
-0.103708 0.58487 0
-0.0983063 0.565581 0
-0.0933658 0.547938 0
-0.0888866 0.531944 0
-0.0848688 0.517596 0
-0.0813123 0.504897 0
-0.0782172 0.493844 0
3 -1.5 0
2.88066 -1.44053 0
2.76412 -1.38245 0
2.65038 -1.32577 0
2.53942 -1.27048 0
2.43126 -1.21658 0
2.3259 -1.16407 0
2.22333 -1.11295 0
2.12355 -1.06323 0
2.02657 -1.0149 0
1.93238 -0.967964 0
1.84099 -0.922419 0
1.75239 -0.878266 0
1.66658 -0.835506 0
1.58357 -0.794138 0
1.50335 -0.754163 0
1.42593 -0.71558 0
1.3513 -0.67839 0
1.27947 -0.642592 0
1.21043 -0.608186 0
1.14418 -0.575173 0
1.08073 -0.543552 0
1.02007 -0.513324 0
0.962207 -0.484489 0
0.907137 -0.457045 0
0.854862 -0.430994 0
0.80538 -0.406336 0
0.758693 -0.38307 0
0.714801 -0.361197 0
0.673702 -0.340716 0
0.635398 -0.321627 0
0.599887 -0.303931 0
0.567171 -0.287627 0
0.537249 -0.272716 0
0.510121 -0.259197 0
0.485788 -0.247071 0
0.464248 -0.236337 0
0.445503 -0.226995 0
-0.375 2 0
-0.360227 1.92976 0
-0.3458 1.86117 0
-0.331719 1.79423 0
-0.317983 1.72892 0
-0.304594 1.66527 0
-0.29155 1.60325 0
-0.278853 1.54288 0
-0.266501 1.48416 0
-0.254495 1.42708 0
-0.242835 1.37165 0
-0.231521 1.31786 0
-0.220553 1.26571 0
-0.209931 1.21521 0
-0.199655 1.16635 0
-0.189724 1.11914 0
-0.18014 1.07357 0
-0.170901 1.02965 0
-0.162008 0.987369 0
-0.153462 0.946735 0
-0.145261 0.907745 0
-0.137406 0.8704 0
-0.129897 0.834699 0
-0.122733 0.800643 0
-0.115916 0.768232 0
-0.109445 0.737465 0
-0.103319 0.708342 0
-0.0975398 0.680864 0
-0.0921061 0.655031 0
-0.0870183 0.630842 0
-0.0822765 0.608298 0
-0.0778805 0.587398 0
-0.0738304 0.568143 0
-0.0701263 0.550532 0
-0.066768 0.534566 0
-0.0637557 0.520244 0
-0.0610892 0.507567 0
-0.0587687 0.496534 0
3 -1.375 0
2.88106 -1.32054 0
2.76491 -1.26736 0
2.65155 -1.21546 0
2.54097 -1.16483 0
2.43317 -1.11547 0
2.32816 -1.06739 0
2.22593 -1.02059 0
2.12649 -0.975058 0
2.02983 -0.930803 0
1.93596 -0.887823 0
1.84487 -0.846118 0
1.75657 -0.805688 0
1.67105 -0.766534 0
1.58832 -0.728654 0
1.50837 -0.692049 0
1.43121 -0.656719 0
1.35683 -0.622665 0
1.28524 -0.589885 0
1.21643 -0.55838 0
1.15041 -0.528151 0
1.08717 -0.499196 0
1.02671 -0.471517 0
0.969042 -0.445112 0
0.914157 -0.419983 0
0.862057 -0.396129 0
0.812742 -0.373549 0
0.766211 -0.352245 0
0.722466 -0.332216 0
0.681505 -0.313462 0
0.643329 -0.295983 0
0.607938 -0.279778 0
0.575331 -0.264849 0
0.54551 -0.251195 0
0.518473 -0.238816 0
0.494221 -0.227713 0
0.472754 -0.217884 0
0.454072 -0.20933 0
-0.25 2 0
-0.240154 1.92985 0
-0.230538 1.86135 0
-0.221153 1.79449 0
-0.211998 1.72927 0
-0.203074 1.66569 0
-0.19438 1.60376 0
-0.185917 1.54347 0
-0.177685 1.48482 0
-0.169683 1.42781 0
-0.161911 1.37245 0
-0.15437 1.31873 0
-0.14706 1.26665 0
-0.13998 1.21621 0
-0.133131 1.16742 0
-0.126512 1.12027 0
-0.120124 1.07476 0
-0.113967 1.03089 0
-0.10804 0.988665 0
-0.102343 0.948083 0
-0.0968771 0.909143 0
-0.0916417 0.871846 0
-0.0866368 0.836191 0
-0.0818625 0.802179 0
-0.0773188 0.769808 0
-0.0730055 0.739081 0
-0.0689229 0.709996 0
-0.0650707 0.682553 0
-0.0614492 0.656753 0
-0.0580581 0.632595 0
-0.0548976 0.610079 0
-0.0519677 0.589206 0
-0.0492683 0.569975 0
-0.0467995 0.552387 0
-0.0445612 0.536441 0
-0.0425534 0.522138 0
-0.0407762 0.509477 0
-0.0392295 0.498459 0
3 -1.25 0
2.88143 -1.20054 0
2.76564 -1.15225 0
2.65263 -1.10511 0
2.54239 -1.05912 0
2.43492 -1.0143 0
2.33024 -0.970633 0
2.22833 -0.928124 0
2.12919 -0.886774 0
2.03283 -0.846582 0
1.93925 -0.807547 0
1.84844 -0.769671 0
1.76042 -0.732953 0
1.67516 -0.697393 0
1.59268 -0.66299 0
1.51298 -0.629746 0
1.43606 -0.597659 0
1.36191 -0.566731 0
1.29054 -0.536961 0
1.22194 -0.508348 0
1.15612 -0.480894 0
1.09308 -0.454598 0
1.03281 -0.429459 0
0.975318 -0.405479 0
0.920603 -0.382656 0
0.868664 -0.360992 0
0.819501 -0.340485 0
0.773115 -0.321137 0
0.729504 -0.302946 0
0.68867 -0.285914 0
0.650612 -0.270039 0
0.61533 -0.255323 0
0.582825 -0.241764 0
0.553095 -0.229364 0
0.526142 -0.218121 0
0.501965 -0.208037 0
0.480564 -0.19911 0
0.46194 -0.191342 0
-0.125 2 0
-0.120078 1.92991 0
-0.11527 1.86146 0
-0.110578 1.79465 0
-0.106002 1.72948 0
-0.10154 1.66595 0
-0.0971941 1.60407 0
-0.0929632 1.54382 0
-0.0888475 1.48522 0
-0.0848471 1.42825 0
-0.0809619 1.37293 0
-0.077192 1.31925 0
-0.0735374 1.26721 0
-0.069998 1.21682 0
-0.0665739 1.16806 0
-0.063265 1.12094 0
-0.0600714 1.07547 0
-0.0569931 1.03164 0
-0.05403 0.989444 0
-0.0511821 0.948893 0
-0.0484495 0.909983 0
-0.0458322 0.872714 0
-0.0433301 0.837087 0
-0.0409433 0.803101 0
-0.0386718 0.770755 0
-0.0365155 0.740051 0
-0.0344744 0.710989 0
-0.0325486 0.683567 0
-0.0307381 0.657787 0
-0.0290428 0.633647 0
-0.0274628 0.611149 0
-0.0259981 0.590292 0
-0.0246486 0.571076 0
-0.0234143 0.553502 0
-0.0222953 0.537568 0
-0.0212916 0.523276 0
-0.0204031 0.510625 0
-0.0196299 0.499615 0
3 -1.125 0
2.88177 -1.08053 0
2.7663 -1.0371 0
2.6536 -0.994711 0
2.54368 -0.953364 0
2.43652 -0.913058 0
2.33212 -0.873794 0
2.2305 -0.835571 0
2.13165 -0.798389 0
2.03556 -0.762248 0
1.94224 -0.727148 0
1.85169 -0.69309 0
1.76391 -0.660073 0
1.6789 -0.628097 0
1.59665 -0.597163 0
1.51718 -0.56727 0
1.44047 -0.538418 0
1.36653 -0.510607 0
1.29536 -0.483838 0
1.22695 -0.45811 0
1.16132 -0.433423 0
1.09845 -0.409777 0
1.03836 -0.387173 0
0.981027 -0.36561 0
0.926466 -0.345088 0
0.874673 -0.325607 0
0.825649 -0.307168 0
0.779393 -0.28977 0
0.735906 -0.273413 0
0.695187 -0.258098 0
0.657236 -0.243823 0
0.622054 -0.23059 0
0.58964 -0.218398 0
0.559994 -0.207248 0
0.533117 -0.197139 0
0.509008 -0.188071 0
0.487668 -0.180044 0
0.469096 -0.173059 0
0 2 0
7.15131e-18 1.92993 0
1.41352e-17 1.86149 0
2.09516e-17 1.7947 0
2.76006e-17 1.72955 0
3.40821e-17 1.66604 0
4.03962e-17 1.60417 0
4.65429e-17 1.54394 0
5.25221e-17 1.48535 0
5.83338e-17 1.4284 0
6.39782e-17 1.37309 0
6.9455e-17 1.31943 0
7.47645e-17 1.2674 0
7.99064e-17 1.21702 0
8.4881e-17 1.16827 0
8.96881e-17 1.12117 0
9.43277e-17 1.07571 0
9.87999e-17 1.03188 0
1.03105e-16 0.989703 0
1.07242e-16 0.949163 0
1.11212e-16 0.910263 0
1.15014e-16 0.873004 0
1.18649e-16 0.837386 0
1.22117e-16 0.803408 0
1.25417e-16 0.771071 0
1.2855e-16 0.740375 0
1.31515e-16 0.71132 0
1.34313e-16 0.683905 0
1.36943e-16 0.658131 0
1.39406e-16 0.633998 0
1.41701e-16 0.611506 0
1.43829e-16 0.590654 0
1.4579e-16 0.571443 0
1.47583e-16 0.553873 0
1.49209e-16 0.537944 0
1.50667e-16 0.523655 0
1.51958e-16 0.511007 0
1.53081e-16 0.5 0
3 -1 0
2.88207 -0.960502 0
2.7669 -0.921929 0
2.65448 -0.884281 0
2.54484 -0.847557 0
2.43795 -0.811759 0
2.33382 -0.776885 0
2.23246 -0.742936 0
2.13385 -0.709912 0
2.03801 -0.677812 0
1.94493 -0.646638 0
1.85461 -0.616388 0
1.76705 -0.587063 0
1.68225 -0.558663 0
1.60022 -0.531188 0
1.52094 -0.504637 0
1.44443 -0.479012 0
1.37068 -0.454311 0
1.29969 -0.430535 0
1.23146 -0.407684 0
1.16599 -0.385758 0
1.10329 -0.364756 0
1.04334 -0.34468 0
0.986158 -0.325528 0
0.931736 -0.307301 0
0.880075 -0.289999 0
0.831176 -0.273621 0
0.785037 -0.258169 0
0.74166 -0.243641 0
0.701045 -0.230038 0
0.663191 -0.21736 0
0.628098 -0.205607 0
0.595766 -0.194778 0
0.566196 -0.184875 0
0.539387 -0.175896 0
0.515339 -0.167842 0
0.494053 -0.160713 0
0.475528 -0.154508 0
0.125 2 0
0.120078 1.92991 0
0.11527 1.86146 0
0.110578 1.79465 0
0.106002 1.72948 0
0.10154 1.66595 0
0.0971941 1.60407 0
0.0929632 1.54382 0
0.0888475 1.48522 0
0.0848471 1.42825 0
0.0809619 1.37293 0
0.077192 1.31925 0
0.0735374 1.26721 0
0.069998 1.21682 0
0.0665739 1.16806 0
0.063265 1.12094 0
0.0600714 1.07547 0
0.0569931 1.03164 0
0.05403 0.989444 0
0.0511821 0.948893 0
0.0484495 0.909983 0
0.0458322 0.872714 0
0.0433301 0.837087 0
0.0409433 0.803101 0
0.0386718 0.770755 0
0.0365155 0.740051 0
0.0344744 0.710989 0
0.0325486 0.683567 0
0.0307381 0.657787 0
0.0290428 0.633647 0
0.0274628 0.611149 0
0.0259981 0.590292 0
0.0246486 0.571076 0
0.0234143 0.553502 0
0.0222953 0.537568 0
0.0212916 0.523276 0
0.0204031 0.510625 0
0.0196299 0.499615 0
3 -0.875 0
2.88233 -0.840464 0
2.76742 -0.806736 0
2.65526 -0.773818 0
2.54586 -0.741707 0
2.43922 -0.710406 0
2.33533 -0.679913 0
2.23419 -0.650229 0
2.13581 -0.621353 0
2.04018 -0.593286 0
1.94731 -0.566028 0
1.8572 -0.539578 0
1.76984 -0.513937 0
1.68523 -0.489104 0
1.60338 -0.465081 0
1.52428 -0.441866 0
1.44794 -0.419459 0
1.37436 -0.397861 0
1.30353 -0.377072 0
1.23545 -0.357092 0
1.17013 -0.33792 0
1.10757 -0.319556 0
1.04776 -0.302002 0
0.990705 -0.285256 0
0.936405 -0.269319 0
0.884861 -0.25419 0
0.836072 -0.23987 0
0.790038 -0.226358 0
0.746759 -0.213656 0
0.706235 -0.201762 0
0.668466 -0.190676 0
0.633453 -0.180399 0
0.601194 -0.170931 0
0.57169 -0.162272 0
0.544942 -0.154421 0
0.520949 -0.147379 0
0.499711 -0.141145 0
0.481228 -0.13572 0
0.25 2 0
0.240154 1.92985 0
0.230538 1.86135 0
0.221153 1.79449 0
0.211998 1.72927 0
0.203074 1.66569 0
0.19438 1.60376 0
0.185917 1.54347 0
0.177685 1.48482 0
0.169683 1.42781 0
0.161911 1.37245 0
0.15437 1.31873 0
0.14706 1.26665 0
0.13998 1.21621 0
0.133131 1.16742 0
0.126512 1.12027 0
0.120124 1.07476 0
0.113967 1.03089 0
0.10804 0.988665 0
0.102343 0.948083 0
0.0968771 0.909143 0
0.0916417 0.871846 0
0.0866368 0.836191 0
0.0818625 0.802179 0
0.0773188 0.769808 0
0.0730055 0.739081 0
0.0689229 0.709996 0
0.0650707 0.682553 0
0.0614492 0.656753 0
0.0580581 0.632595 0
0.0548976 0.610079 0
0.0519677 0.589206 0
0.0492683 0.569975 0
0.0467995 0.552387 0
0.0445612 0.536441 0
0.0425534 0.522138 0
0.0407762 0.509477 0
0.0392295 0.498459 0
3 -0.75 0
2.88256 -0.720416 0
2.76788 -0.691524 0
2.65594 -0.663326 0
2.54676 -0.63582 0
2.44032 -0.609006 0
2.33663 -0.582886 0
2.2357 -0.557458 0
2.13751 -0.532722 0
2.04207 -0.50868 0
1.94938 -0.48533 0
1.85945 -0.462673 0
1.77226 -0.440708 0
1.68782 -0.419437 0
1.60613 -0.398857 0
1.52719 -0.378971 0
1.451 -0.359777 0
1.37756 -0.341276 0
1.30687 -0.323468 0
1.23893 -0.306352 0
1.17374 -0.28993 0
1.11129 -0.274199 0
1.0516 -0.259162 0
0.994659 -0.244817 0
0.940467 -0.231165 0
0.889024 -0.218205 0
0.840331 -0.205939 0
0.794387 -0.194365 0
0.751194 -0.183483 0
0.710749 -0.173295 0
0.673055 -0.163799 0
0.63811 -0.154996 0
0.605915 -0.146885 0
0.57647 -0.139467 0
0.549774 -0.132742 0
0.525828 -0.12671 0
0.504632 -0.12137 0
0.486185 -0.116723 0
0.375 2 0
0.360227 1.92976 0
0.3458 1.86117 0
0.331719 1.79423 0
0.317983 1.72892 0
0.304594 1.66527 0
0.29155 1.60325 0
0.278853 1.54288 0
0.266501 1.48416 0
0.254495 1.42708 0
0.242835 1.37165 0
0.231521 1.31786 0
0.220553 1.26571 0
0.209931 1.21521 0
0.199655 1.16635 0
0.189724 1.11914 0
0.18014 1.07357 0
0.170901 1.02965 0
0.162008 0.987369 0
0.153462 0.946735 0
0.145261 0.907745 0
0.137406 0.8704 0
0.129897 0.834699 0
0.122733 0.800643 0
0.115916 0.768232 0
0.109445 0.737465 0
0.103319 0.708342 0
0.0975398 0.680864 0
0.0921061 0.655031 0
0.0870183 0.630842 0
0.0822765 0.608298 0
0.0778805 0.587398 0
0.0738304 0.568143 0
0.0701263 0.550532 0
0.066768 0.534566 0
0.0637557 0.520244 0
0.0610892 0.507567 0
0.0587687 0.496534 0
3 -0.625 0
2.88276 -0.600359 0
2.76827 -0.576296 0
2.65652 -0.552809 0
2.54752 -0.529899 0
2.44126 -0.507567 0
2.33774 -0.485811 0
2.23698 -0.464632 0
2.13895 -0.44403 0
2.04368 -0.424005 0
1.95114 -0.404557 0
1.86135 -0.385686 0
1.77431 -0.367392 0
1.69001 -0.349675 0
1.60846 -0.332534 0
1.52965 -0.315971 0
1.45359 -0.299985 0
1.38027 -0.284575 0
1.3097 -0.269743 0
1.24187 -0.255487 0
1.17679 -0.241809 0
1.11445 -0.228707 0
1.05486 -0.216182 0
0.998016 -0.204235 0
0.943914 -0.192864 0
0.892558 -0.18207 0
0.843946 -0.171853 0
0.798079 -0.162213 0
0.754958 -0.15315 0
0.714581 -0.144664 0
0.67695 -0.136755 0
0.642064 -0.129423 0
0.609922 -0.122667 0
0.580526 -0.116489 0
0.553875 -0.110888 0
0.529969 -0.105863 0
0.508808 -0.101416 0
0.490393 -0.0975452 0
0.5 2 0
0.480296 1.92964 0
0.461053 1.86092 0
0.442272 1.79386 0
0.423952 1.72844 0
0.406094 1.66467 0
0.388697 1.60254 0
0.371761 1.54207 0
0.355286 1.48324 0
0.339273 1.42606 0
0.323721 1.37052 0
0.308631 1.31663 0
0.294002 1.2644 0
0.279834 1.2138 0
0.266128 1.16486 0
0.252883 1.11756 0
0.240099 1.07191 0
0.227777 1.02791 0
0.215916 0.985557 0
0.204517 0.94485 0
0.193578 0.905791 0
0.183102 0.868379 0
0.173086 0.832614 0
0.163532 0.798497 0
0.154439 0.766028 0
0.145808 0.735206 0
0.137638 0.706031 0
0.129929 0.678504 0
0.122682 0.652624 0
0.115896 0.628392 0
0.109571 0.605808 0
0.103708 0.58487 0
0.0983063 0.565581 0
0.0933658 0.547938 0
0.0888866 0.531944 0
0.0848688 0.517596 0
0.0813123 0.504897 0
0.0782172 0.493844 0
3 -0.5 0
2.88292 -0.480296 0
2.76859 -0.461053 0
2.65699 -0.442272 0
2.54814 -0.423952 0
2.44203 -0.406094 0
2.33866 -0.388697 0
2.23803 -0.371761 0
2.14014 -0.355286 0
2.04499 -0.339273 0
1.95258 -0.323721 0
1.86292 -0.308631 0
1.776 -0.294002 0
1.69182 -0.279834 0
1.61037 -0.266128 0
1.53168 -0.252883 0
1.45572 -0.240099 0
1.3825 -0.227777 0
1.31203 -0.215916 0
1.24429 -0.204517 0
1.1793 -0.193578 0
1.11705 -0.183102 0
1.05754 -0.173086 0
1.00077 -0.163532 0
0.946742 -0.154439 0
0.895456 -0.145808 0
0.846911 -0.137638 0
0.801108 -0.129929 0
0.758045 -0.122682 0
0.717724 -0.115896 0
0.680145 -0.109571 0
0.645307 -0.103708 0
0.61321 -0.0983063 0
0.583854 -0.0933658 0
0.55724 -0.0888866 0
0.533366 -0.0848688 0
0.512235 -0.0813123 0
0.493844 -0.0782172 0
0.625 2 0
0.600359 1.92948 0
0.576296 1.86061 0
0.552809 1.79339 0
0.529899 1.72782 0
0.507567 1.6639 0
0.485811 1.60163 0
0.464632 1.54102 0
0.44403 1.48205 0
0.424005 1.42474 0
0.404557 1.36908 0
0.385686 1.31507 0
0.367392 1.26271 0
0.349675 1.212 0
0.332534 1.16295 0
0.315971 1.11554 0
0.299985 1.06979 0
0.284575 1.02568 0
0.269743 0.983233 0
0.255487 0.942432 0
0.241809 0.903283 0
0.228707 0.865786 0
0.216182 0.829939 0
0.204235 0.795744 0
0.192864 0.7632 0
0.18207 0.732307 0
0.171853 0.703066 0
0.162213 0.675476 0
0.15315 0.649537 0
0.144664 0.625249 0
0.136755 0.602613 0
0.129423 0.581627 0
0.122667 0.562294 0
0.116489 0.544611 0
0.110888 0.528579 0
0.105863 0.514199 0
0.101416 0.50147 0
0.0975452 0.490393 0
3 -0.375 0
2.88305 -0.360227 0
2.76883 -0.3458 0
2.65736 -0.331719 0
2.54862 -0.317983 0
2.44262 -0.304594 0
2.33936 -0.29155 0
2.23884 -0.278853 0
2.14106 -0.266501 0
2.04602 -0.254495 0
1.95371 -0.242835 0
1.86414 -0.231521 0
1.77731 -0.220553 0
1.69322 -0.209931 0
1.61187 -0.199655 0
1.53325 -0.189724 0
1.45738 -0.18014 0
1.38424 -0.170901 0
1.31384 -0.162008 0
1.24618 -0.153462 0
1.18125 -0.145261 0
1.11907 -0.137406 0
1.05962 -0.129897 0
1.00292 -0.122733 0
0.948946 -0.115916 0
0.897715 -0.109445 0
0.849222 -0.103319 0
0.803468 -0.0975398 0
0.760452 -0.0921061 0
0.720174 -0.0870183 0
0.682635 -0.0822765 0
0.647834 -0.0778805 0
0.615772 -0.0738304 0
0.586447 -0.0701263 0
0.559862 -0.066768 0
0.536014 -0.0637557 0
0.514905 -0.0610892 0
0.496534 -0.0587687 0
0.75 2 0
0.720416 1.92928 0
0.691524 1.86022 0
0.663326 1.79281 0
0.63582 1.72706 0
0.609006 1.66296 0
0.582886 1.60052 0
0.557458 1.53974 0
0.532722 1.48061 0
0.50868 1.42314 0
0.48533 1.36732 0
0.462673 1.31316 0
0.440708 1.26065 0
0.419437 1.20981 0
0.398857 1.16061 0
0.378971 1.11308 0
0.359777 1.06719 0
0.341276 1.02297 0
0.323468 0.980399 0
0.306352 0.939485 0
0.28993 0.900227 0
0.274199 0.862624 0
0.259162 0.826678 0
0.244817 0.792387 0
0.231165 0.759753 0
0.218205 0.728774 0
0.205939 0.699451 0
0.194365 0.671784 0
0.183483 0.645773 0
0.173295 0.621417 0
0.163799 0.598718 0
0.154996 0.577674 0
0.146885 0.558286 0
0.139467 0.540554 0
0.132742 0.524478 0
0.12671 0.510058 0
0.12137 0.497294 0
0.116723 0.486185 0
3 -0.25 0
2.88314 -0.240154 0
2.76901 -0.230538 0
2.65762 -0.221153 0
2.54897 -0.211998 0
2.44305 -0.203074 0
2.33987 -0.19438 0
2.23943 -0.185917 0
2.14172 -0.177685 0
2.04675 -0.169683 0
1.95451 -0.161911 0
1.86501 -0.15437 0
1.77825 -0.14706 0
1.69422 -0.13998 0
1.61293 -0.133131 0
1.53438 -0.126512 0
1.45856 -0.120124 0
1.38548 -0.113967 0
1.31513 -0.10804 0
1.24752 -0.102343 0
1.18265 -0.0968771 0
1.12052 -0.0916417 0
1.06111 -0.0866368 0
1.00445 -0.0818625 0
0.950523 -0.0773188 0
0.899331 -0.0730055 0
0.850876 -0.0689229 0
0.805156 -0.0650707 0
0.762173 -0.0614492 0
0.721927 -0.0580581 0
0.684416 -0.0548976 0
0.649642 -0.0519677 0
0.617604 -0.0492683 0
0.588303 -0.0467995 0
0.561737 -0.0445612 0
0.537908 -0.0425534 0
0.516815 -0.0407762 0
0.498459 -0.0392295 0
0.875 2 0
0.840464 1.92905 0
0.806736 1.85976 0
0.773818 1.79213 0
0.741707 1.72616 0
0.710406 1.66186 0
0.679913 1.59921 0
0.650229 1.53823 0
0.621353 1.47891 0
0.593286 1.42125 0
0.566028 1.36525 0
0.539578 1.31091 0
0.513937 1.25823 0
0.489104 1.20722 0
0.465081 1.15786 0
0.441866 1.11017 0
0.419459 1.06414 0
0.397861 1.01977 0
0.377072 0.97706 0
0.357092 0.936012 0
0.33792 0.896625 0
0.319556 0.8589 0
0.302002 0.822836 0
0.285256 0.788433 0
0.269319 0.755691 0
0.25419 0.724611 0
0.23987 0.695192 0
0.226358 0.667434 0
0.213656 0.641338 0
0.201762 0.616903 0
0.190676 0.594129 0
0.180399 0.573016 0
0.170931 0.553565 0
0.162272 0.535775 0
0.154421 0.519646 0
0.147379 0.505179 0
0.141145 0.492373 0
0.13572 0.481228 0
3 -0.125 0
2.88319 -0.120078 0
2.76912 -0.11527 0
2.65778 -0.110578 0
2.54918 -0.106002 0
2.44331 -0.10154 0
2.34018 -0.0971941 0
2.23978 -0.0929632 0
2.14212 -0.0888475 0
2.04719 -0.0848471 0
1.955 -0.0809619 0
1.86554 -0.077192 0
1.77882 -0.0735374 0
1.69483 -0.069998 0
1.61357 -0.0665739 0
1.53506 -0.063265 0
1.45927 -0.0600714 0
1.38623 -0.0569931 0
1.31591 -0.05403 0
1.24833 -0.0511821 0
1.18349 -0.0484495 0
1.12138 -0.0458322 0
1.06201 -0.0433301 0
1.00537 -0.0409433 0
0.95147 -0.0386718 0
0.900302 -0.0365155 0
0.851869 -0.0344744 0
0.80617 -0.0325486 0
0.763207 -0.0307381 0
0.722979 -0.0290428 0
0.685486 -0.0274628 0
0.650728 -0.0259981 0
0.618705 -0.0246486 0
0.589417 -0.0234143 0
0.562864 -0.0222953 0
0.539046 -0.0212916 0
0.517963 -0.0204031 0
0.499615 -0.0196299 0
1 2 0
0.960502 1.92878 0
0.921929 1.85923 0
0.884281 1.79135 0
0.847557 1.72514 0
0.811759 1.66059 0
0.776885 1.59771 0
0.742936 1.5365 0
0.709912 1.47695 0
0.677812 1.41908 0
0.646638 1.36287 0
0.616388 1.30832 0
0.587063 1.25545 0
0.558663 1.20424 0
0.531188 1.1547 0
0.504637 1.10683 0
0.479012 1.06063 0
0.454311 1.01609 0
0.430535 0.973221 0
0.407684 0.932019 0
0.385758 0.892485 0
0.364756 0.854618 0
0.34468 0.818418 0
0.325528 0.783886 0
0.307301 0.751022 0
0.289999 0.719825 0
0.273621 0.690296 0
0.258169 0.662434 0
0.243641 0.636239 0
0.230038 0.611713 0
0.21736 0.588853 0
0.205607 0.567661 0
0.194778 0.548137 0
0.184875 0.53028 0
0.175896 0.514091 0
0.167842 0.499569 0
0.160713 0.486715 0
0.154508 0.475528 0
3 0 0
2.88321 -5.72105e-18 0
2.76915 -1.13081e-17 0
2.65783 -1.67613e-17 0
2.54925 -2.20805e-17 0
2.4434 -2.72657e-17 0
2.34028 -3.2317e-17 0
2.2399 -3.72343e-17 0
2.14225 -4.20177e-17 0
2.04734 -4.66671e-17 0
1.95516 -5.11825e-17 0
1.86571 -5.5564e-17 0
1.779 -5.98116e-17 0
1.69503 -6.39252e-17 0
1.61379 -6.79048e-17 0
1.53528 -7.17505e-17 0
1.45951 -7.54622e-17 0
1.38647 -7.904e-17 0
1.31617 -8.24838e-17 0
1.2486 -8.57936e-17 0
1.18377 -8.89695e-17 0
1.12167 -9.20115e-17 0
1.06231 -9.49195e-17 0
1.00568 -9.76935e-17 0
0.951785 -1.00334e-16 0
0.900625 -1.0284e-16 0
0.8522 -1.05212e-16 0
0.806509 -1.0745e-16 0
0.763552 -1.09554e-16 0
0.72333 -1.11525e-16 0
0.685843 -1.13361e-16 0
0.65109 -1.15063e-16 0
0.619072 -1.16632e-16 0
0.589789 -1.18066e-16 0
0.56324 -1.19367e-16 0
0.539425 -1.20533e-16 0
0.518345 -1.21566e-16 0
0.5 -1.22465e-16 0
1.125 2 0
1.08053 1.92848 0
1.0371 1.85864 0
0.994711 1.79047 0
0.953364 1.72398 0
0.913058 1.65916 0
0.873794 1.59601 0
0.835571 1.53454 0
0.798389 1.47475 0
0.762248 1.41663 0
0.727148 1.36018 0
0.69309 1.30541 0
0.660073 1.25231 0
0.628097 1.20089 0
0.597163 1.15114 0
0.56727 1.10306 0
0.538418 1.05666 0
0.510607 1.01194 0
0.483838 0.968888 0
0.45811 0.927513 0
0.433423 0.887811 0
0.409777 0.849785 0
0.387173 0.813432 0
0.36561 0.778755 0
0.345088 0.745752 0
0.325607 0.714423 0
0.307168 0.684769 0
0.28977 0.65679 0
0.273413 0.630485 0
0.258098 0.605855 0
0.243823 0.582899 0
0.23059 0.561618 0
0.218398 0.542011 0
0.207248 0.524079 0
0.197139 0.507821 0
0.188071 0.493238 0
0.180044 0.48033 0
0.173059 0.469096 0
3 0.125 0
2.88319 0.120078 0
2.76912 0.11527 0
2.65778 0.110578 0
2.54918 0.106002 0
2.44331 0.10154 0
2.34018 0.0971941 0
2.23978 0.0929632 0
2.14212 0.0888475 0
2.04719 0.0848471 0
1.955 0.0809619 0
1.86554 0.077192 0
1.77882 0.0735374 0
1.69483 0.069998 0
1.61357 0.0665739 0
1.53506 0.063265 0
1.45927 0.0600714 0
1.38623 0.0569931 0
1.31591 0.05403 0
1.24833 0.0511821 0
1.18349 0.0484495 0
1.12138 0.0458322 0
1.06201 0.0433301 0
1.00537 0.0409433 0
0.95147 0.0386718 0
0.900302 0.0365155 0
0.851869 0.0344744 0
0.80617 0.0325486 0
0.763207 0.0307381 0
0.722979 0.0290428 0
0.685486 0.0274628 0
0.650728 0.0259981 0
0.618705 0.0246486 0
0.589417 0.0234143 0
0.562864 0.0222953 0
0.539046 0.0212916 0
0.517963 0.0204031 0
0.499615 0.0196299 0
1.25 2 0
1.20054 1.92815 0
1.15225 1.85798 0
1.10511 1.78949 0
1.05912 1.72269 0
1.0143 1.65756 0
0.970633 1.59412 0
0.928124 1.53237 0
0.886774 1.47229 0
0.846582 1.4139 0
0.807547 1.35719 0
0.769671 1.30216 0
0.732953 1.24881 0
0.697393 1.19715 0
0.66299 1.14717 0
0.629746 1.09887 0
0.597659 1.05225 0
0.566731 1.00732 0
0.536961 0.964069 0
0.508348 0.922499 0
0.480894 0.882613 0
0.454598 0.844408 0
0.429459 0.807886 0
0.405479 0.773046 0
0.382656 0.739889 0
0.360992 0.708414 0
0.340485 0.678622 0
0.321137 0.650511 0
0.302946 0.624083 0
0.285914 0.599338 0
0.270039 0.576275 0
0.255323 0.554894 0
0.241764 0.535196 0
0.229364 0.51718 0
0.218121 0.500846 0
0.208037 0.486195 0
0.19911 0.473226 0
0.191342 0.46194 0
3 0.25 0
2.88314 0.240154 0
2.76901 0.230538 0
2.65762 0.221153 0
2.54897 0.211998 0
2.44305 0.203074 0
2.33987 0.19438 0
2.23943 0.185917 0
2.14172 0.177685 0
2.04675 0.169683 0
1.95451 0.161911 0
1.86501 0.15437 0
1.77825 0.14706 0
1.69422 0.13998 0
1.61293 0.133131 0
1.53438 0.126512 0
1.45856 0.120124 0
1.38548 0.113967 0
1.31513 0.10804 0
1.24752 0.102343 0
1.18265 0.0968771 0
1.12052 0.0916417 0
1.06111 0.0866368 0
1.00445 0.0818625 0
0.950523 0.0773188 0
0.899331 0.0730055 0
0.850876 0.0689229 0
0.805156 0.0650707 0
0.762173 0.0614492 0
0.721927 0.0580581 0
0.684416 0.0548976 0
0.649642 0.0519677 0
0.617604 0.0492683 0
0.588303 0.0467995 0
0.561737 0.0445612 0
0.537908 0.0425534 0
0.516815 0.0407762 0
0.498459 0.0392295 0
1.375 2 0
1.32054 1.92778 0
1.26736 1.85725 0
1.21546 1.78841 0
1.16483 1.72127 0
1.11547 1.65581 0
1.06739 1.59205 0
1.02059 1.52997 0
0.975058 1.46959 0
0.930803 1.4109 0
0.887823 1.3539 0
0.846118 1.29859 0
0.805688 1.24497 0
0.766534 1.19304 0
0.728654 1.14281 0
0.692049 1.09426 0
0.656719 1.04741 0
0.622665 1.00224 0
0.589885 0.958769 0
0.55838 0.916987 0
0.528151 0.876896 0
0.499196 0.838497 0
0.471517 0.801788 0
0.445112 0.76677 0
0.419983 0.733443 0
0.396129 0.701807 0
0.373549 0.671862 0
0.352245 0.643608 0
0.332216 0.617045 0
0.313462 0.592173 0
0.295983 0.568992 0
0.279778 0.547502 0
0.264849 0.527702 0
0.251195 0.509594 0
0.238816 0.493177 0
0.227713 0.478451 0
0.217884 0.465416 0
0.20933 0.454072 0
3 0.375 0
2.88305 0.360227 0
2.76883 0.3458 0
2.65736 0.331719 0
2.54862 0.317983 0
2.44262 0.304594 0
2.33936 0.29155 0
2.23884 0.278853 0
2.14106 0.266501 0
2.04602 0.254495 0
1.95371 0.242835 0
1.86414 0.231521 0
1.77731 0.220553 0
1.69322 0.209931 0
1.61187 0.199655 0
1.53325 0.189724 0
1.45738 0.18014 0
1.38424 0.170901 0
1.31384 0.162008 0
1.24618 0.153462 0
1.18125 0.145261 0
1.11907 0.137406 0
1.05962 0.129897 0
1.00292 0.122733 0
0.948946 0.115916 0
0.897715 0.109445 0
0.849222 0.103319 0
0.803468 0.0975398 0
0.760452 0.0921061 0
0.720174 0.0870183 0
0.682635 0.0822765 0
0.647834 0.0778805 0
0.615772 0.0738304 0
0.586447 0.0701263 0
0.559862 0.066768 0
0.536014 0.0637557 0
0.514905 0.0610892 0
0.496534 0.0587687 0
1.5 2 0
1.44053 1.92738 0
1.38245 1.85646 0
1.32577 1.78724 0
1.27048 1.71972 0
1.21658 1.6539 0
1.16407 1.58979 0
1.11295 1.52737 0
1.06323 1.46665 0
1.0149 1.40763 0
0.967964 1.35032 0
0.922419 1.2947 0
0.878266 1.24079 0
0.835506 1.18857 0
0.794138 1.13806 0
0.754163 1.08924 0
0.71558 1.04213 0
0.67839 0.996712 0
0.642592 0.952998 0
0.608186 0.910985 0
0.575173 0.870672 0
0.543552 0.832059 0
0.513324 0.795147 0
0.484489 0.759935 0
0.457045 0.726423 0
0.430994 0.694612 0
0.406336 0.664501 0
0.38307 0.63609 0
0.361197 0.60938 0
0.340716 0.58437 0
0.321627 0.56106 0
0.303931 0.539451 0
0.287627 0.519542 0
0.272716 0.501334 0
0.259197 0.484826 0
0.247071 0.470018 0
0.236337 0.45691 0
0.226995 0.445503 0
3 0.5 0
2.88292 0.480296 0
2.76859 0.461053 0
2.65699 0.442272 0
2.54814 0.423952 0
2.44203 0.406094 0
2.33866 0.388697 0
2.23803 0.371761 0
2.14014 0.355286 0
2.04499 0.339273 0
1.95258 0.323721 0
1.86292 0.308631 0
1.776 0.294002 0
1.69182 0.279834 0
1.61037 0.266128 0
1.53168 0.252883 0
1.45572 0.240099 0
1.3825 0.227777 0
1.31203 0.215916 0
1.24429 0.204517 0
1.1793 0.193578 0
1.11705 0.183102 0
1.05754 0.173086 0
1.00077 0.163532 0
0.946742 0.154439 0
0.895456 0.145808 0
0.846911 0.137638 0
0.801108 0.129929 0
0.758045 0.122682 0
0.717724 0.115896 0
0.680145 0.109571 0
0.645307 0.103708 0
0.61321 0.0983063 0
0.583854 0.0933658 0
0.55724 0.0888866 0
0.533366 0.0848688 0
0.512235 0.0813123 0
0.493844 0.0782172 0
1.625 2 0
1.5605 1.92695 0
1.49751 1.85561 0
1.43603 1.78598 0
1.37606 1.71805 0
1.3176 1.65184 0
1.26065 1.58734 0
1.20521 1.52456 0
1.15129 1.46348 0
1.09887 1.40411 0
1.04796 1.34645 0
0.998561 1.2905 0
0.950673 1.23627 0
0.904296 1.18374 0
0.859429 1.13292 0
0.816072 1.08382 0
0.774225 1.03642 0
0.733889 0.990738 0
0.695063 0.946764 0
0.657747 0.904501 0
0.621941 0.863948 0
0.587646 0.825105 0
0.55486 0.787973 0
0.523586 0.752551 0
0.493821 0.71884 0
0.465566 0.686839 0
0.438822 0.656549 0
0.413588 0.627969 0
0.389864 0.6011 0
0.367651 0.575941 0
0.346947 0.552493 0
0.327754 0.530755 0
0.310071 0.510728 0
0.293899 0.492411 0
0.279236 0.475804 0
0.266084 0.460908 0
0.254442 0.447723 0
0.244311 0.436248 0
3 0.625 0
2.88276 0.600359 0
2.76827 0.576296 0
2.65652 0.552809 0
2.54752 0.529899 0
2.44126 0.507567 0
2.33774 0.485811 0
2.23698 0.464632 0
2.13895 0.44403 0
2.04368 0.424005 0
1.95114 0.404557 0
1.86135 0.385686 0
1.77431 0.367392 0
1.69001 0.349675 0
1.60846 0.332534 0
1.52965 0.315971 0
1.45359 0.299985 0
1.38027 0.284575 0
1.3097 0.269743 0
1.24187 0.255487 0
1.17679 0.241809 0
1.11445 0.228707 0
1.05486 0.216182 0
0.998016 0.204235 0
0.943914 0.192864 0
0.892558 0.18207 0
0.843946 0.171853 0
0.798079 0.162213 0
0.754958 0.15315 0
0.714581 0.144664 0
0.67695 0.136755 0
0.642064 0.129423 0
0.609922 0.122667 0
0.580526 0.116489 0
0.553875 0.110888 0
0.529969 0.105863 0
0.508808 0.101416 0
0.490393 0.0975452 0
1.75 2 0
1.68045 1.92648 0
1.61253 1.85469 0
1.54624 1.78462 0
1.48158 1.71626 0
1.41854 1.64963 0
1.35714 1.58472 0
1.29736 1.52154 0
1.23921 1.46007 0
1.18269 1.40032 0
1.1278 1.3423 0
1.07453 1.286 0
1.0229 1.23142 0
0.972889 1.17856 0
0.924511 1.12742 0
0.87776 1.078 0
0.832638 1.03031 0
0.789145 0.984331 0
0.74728 0.940078 0
0.707044 0.897546 0
0.668436 0.856735 0
0.631456 0.817646 0
0.596105 0.780278 0
0.562382 0.744632 0
0.530288 0.710706 0
0.499822 0.678502 0
0.470984 0.64802 0
0.443775 0.619259 0
0.418195 0.592219 0
0.394243 0.5669 0
0.371919 0.543303 0
0.351224 0.521427 0
0.332157 0.501273 0
0.314718 0.48284 0
0.298908 0.466128 0
0.284727 0.451137 0
0.272174 0.437868 0
0.261249 0.42632 0
3 0.75 0
2.88256 0.720416 0
2.76788 0.691524 0
2.65594 0.663326 0
2.54676 0.63582 0
2.44032 0.609006 0
2.33663 0.582886 0
2.2357 0.557458 0
2.13751 0.532722 0
2.04207 0.50868 0
1.94938 0.48533 0
1.85945 0.462673 0
1.77226 0.440708 0
1.68782 0.419437 0
1.60613 0.398857 0
1.52719 0.378971 0
1.451 0.359777 0
1.37756 0.341276 0
1.30687 0.323468 0
1.23893 0.306352 0
1.17374 0.28993 0
1.11129 0.274199 0
1.0516 0.259162 0
0.994659 0.244817 0
0.940467 0.231165 0
0.889024 0.218205 0
0.840331 0.205939 0
0.794387 0.194365 0
0.751194 0.183483 0
0.710749 0.173295 0
0.673055 0.163799 0
0.63811 0.154996 0
0.605915 0.146885 0
0.57647 0.139467 0
0.549774 0.132742 0
0.525828 0.12671 0
0.504632 0.12137 0
0.486185 0.116723 0
1.875 2 0
1.80038 1.92599 0
1.72752 1.85371 0
1.6564 1.78317 0
1.58702 1.71436 0
1.51939 1.64728 0
1.45351 1.58193 0
1.38938 1.51832 0
1.327 1.45644 0
1.26636 1.39629 0
1.20746 1.33788 0
1.15032 1.2812 0
1.09492 1.22625 0
1.04127 1.17303 0
0.989369 1.12155 0
0.939213 1.0718 0
0.890803 1.02378 0
0.844141 0.977499 0
0.799226 0.932948 0
0.756058 0.89013 0
0.714637 0.849045 0
0.674963 0.809693 0
0.637037 0.772074 0
0.600857 0.736187 0
0.566424 0.702034 0
0.533739 0.669613 0
0.502801 0.638926 0
0.473609 0.609971 0
0.446165 0.582749 0
0.420468 0.557261 0
0.396518 0.533505 0
0.374315 0.511482 0
0.353859 0.491192 0
0.33515 0.472634 0
0.318188 0.45581 0
0.302973 0.440719 0
0.289506 0.42736 0
0.277785 0.415735 0
3 0.875 0
2.88233 0.840464 0
2.76742 0.806736 0
2.65526 0.773818 0
2.54586 0.741707 0
2.43922 0.710406 0
2.33533 0.679913 0
2.23419 0.650229 0
2.13581 0.621353 0
2.04018 0.593286 0
1.94731 0.566028 0
1.8572 0.539578 0
1.76984 0.513937 0
1.68523 0.489104 0
1.60338 0.465081 0
1.52428 0.441866 0
1.44794 0.419459 0
1.37436 0.397861 0
1.30353 0.377072 0
1.23545 0.357092 0
1.17013 0.33792 0
1.10757 0.319556 0
1.04776 0.302002 0
0.990705 0.285256 0
0.936405 0.269319 0
0.884861 0.25419 0
0.836072 0.23987 0
0.790038 0.226358 0
0.746759 0.213656 0
0.706235 0.201762 0
0.668466 0.190676 0
0.633453 0.180399 0
0.601194 0.170931 0
0.57169 0.162272 0
0.544942 0.154421 0
0.520949 0.147379 0
0.499711 0.141145 0
0.481228 0.13572 0
2 2 0
1.9203 1.92547 0
1.84246 1.85268 0
1.76649 1.78163 0
1.69239 1.71233 0
1.62015 1.64478 0
1.54978 1.57897 0
1.48127 1.5149 0
1.41463 1.45259 0
1.34986 1.39201 0
1.28695 1.33318 0
1.22591 1.2761 0
1.16674 1.22076 0
1.10943 1.16717 0
1.05399 1.11532 0
1.00041 1.06522 0
0.948704 1.01687 0
0.898861 0.970253 0
0.850884 0.925387 0
0.804773 0.882265 0
0.760528 0.840889 0
0.718149 0.801258 0
0.677637 0.763372 0
0.63899 0.727232 0
0.60221 0.692836 0
0.567297 0.660186 0
0.534249 0.629281 0
0.503067 0.600121 0
0.473752 0.572707 0
0.446303 0.547037 0
0.42072 0.523113 0
0.397003 0.500934 0
0.375153 0.4805 0
0.355168 0.461811 0
0.33705 0.444868 0
0.320798 0.42967 0
0.306412 0.416216 0
0.293893 0.404508 0
3 1 0
2.88207 0.960502 0
2.7669 0.921929 0
2.65448 0.884281 0
2.54484 0.847557 0
2.43795 0.811759 0
2.33382 0.776885 0
2.23246 0.742936 0
2.13385 0.709912 0
2.03801 0.677812 0
1.94493 0.646638 0
1.85461 0.616388 0
1.76705 0.587063 0
1.68225 0.558663 0
1.60022 0.531188 0
1.52094 0.504637 0
1.44443 0.479012 0
1.37068 0.454311 0
1.29969 0.430535 0
1.23146 0.407684 0
1.16599 0.385758 0
1.10329 0.364756 0
1.04334 0.34468 0
0.986158 0.325528 0
0.931736 0.307301 0
0.880075 0.289999 0
0.831176 0.273621 0
0.785037 0.258169 0
0.74166 0.243641 0
0.701045 0.230038 0
0.663191 0.21736 0
0.628098 0.205607 0
0.595766 0.194778 0
0.566196 0.184875 0
0.539387 0.175896 0
0.515339 0.167842 0
0.494053 0.160713 0
0.475528 0.154508 0
2.125 2 0
2.04019 1.92491 0
1.95736 1.85158 0
1.87653 1.78001 0
1.79767 1.7102 0
1.72081 1.64214 0
1.64592 1.57584 0
1.57303 1.5113 0
1.50212 1.44852 0
1.43319 1.3875 0
1.36625 1.32823 0
1.3013 1.27073 0
1.23834 1.21498 0
1.17735 1.16099 0
1.11836 1.10875 0
1.06135 1.05828 0
1.00633 1.00956 0
0.953288 0.962605 0
0.902236 0.917406 0
0.85317 0.873964 0
0.806089 0.83228 0
0.760994 0.792355 0
0.717886 0.754188 0
0.676762 0.717779 0
0.637625 0.683128 0
0.600474 0.650235 0
0.565308 0.619101 0
0.532128 0.589724 0
0.500934 0.562106 0
0.471725 0.536246 0
0.444503 0.512144 0
0.419266 0.4898 0
0.396015 0.469214 0
0.37475 0.450387 0
0.35547 0.433318 0
0.338177 0.418006 0
0.322869 0.404453 0
0.309547 0.392658 0
3 1.125 0
2.88177 1.08053 0
2.7663 1.0371 0
2.6536 0.994711 0
2.54368 0.953364 0
2.43652 0.913058 0
2.33212 0.873794 0
2.2305 0.835571 0
2.13165 0.798389 0
2.03556 0.762248 0
1.94224 0.727148 0
1.85169 0.69309 0
1.76391 0.660073 0
1.6789 0.628097 0
1.59665 0.597163 0
1.51718 0.56727 0
1.44047 0.538418 0
1.36653 0.510607 0
1.29536 0.483838 0
1.22695 0.45811 0
1.16132 0.433423 0
1.09845 0.409777 0
1.03836 0.387173 0
0.981027 0.36561 0
0.926466 0.345088 0
0.874673 0.325607 0
0.825649 0.307168 0
0.779393 0.28977 0
0.735906 0.273413 0
0.695187 0.258098 0
0.657236 0.243823 0
0.622054 0.23059 0
0.58964 0.218398 0
0.559994 0.207248 0
0.533117 0.197139 0
0.509008 0.188071 0
0.487668 0.180044 0
0.469096 0.173059 0
2.25 2 0
2.16006 1.92433 0
2.07222 1.85043 0
1.98649 1.7783 0
1.90287 1.70795 0
1.82135 1.63937 0
1.74194 1.57255 0
1.66464 1.50752 0
1.58944 1.44425 0
1.51634 1.38275 0
1.44536 1.32303 0
1.37647 1.26507 0
1.3097 1.20889 0
1.24503 1.15448 0
1.18246 1.10185 0
1.12201 1.05098 0
1.06365 1.00189 0
1.00741 0.954566 0
0.953267 0.909016 0
0.901232 0.865238 0
0.851304 0.823232 0
0.803481 0.782997 0
0.757764 0.744534 0
0.714154 0.707843 0
0.672649 0.672923 0
0.63325 0.639776 0
0.595957 0.6084 0
0.56077 0.578796 0
0.527688 0.550963 0
0.496713 0.524903 0
0.467844 0.500614 0
0.44108 0.478097 0
0.416423 0.457352 0
0.393871 0.438379 0
0.373426 0.421177 0
0.355086 0.405747 0
0.338852 0.392089 0
0.324724 0.380203 0
3 1.25 0
2.88143 1.20054 0
2.76564 1.15225 0
2.65263 1.10511 0
2.54239 1.05912 0
2.43492 1.0143 0
2.33024 0.970633 0
2.22833 0.928124 0
2.12919 0.886774 0
2.03283 0.846582 0
1.93925 0.807547 0
1.84844 0.769671 0
1.76042 0.732953 0
1.67516 0.697393 0
1.59268 0.66299 0
1.51298 0.629746 0
1.43606 0.597659 0
1.36191 0.566731 0
1.29054 0.536961 0
1.22194 0.508348 0
1.15612 0.480894 0
1.09308 0.454598 0
1.03281 0.429459 0
0.975318 0.405479 0
0.920603 0.382656 0
0.868664 0.360992 0
0.819501 0.340485 0
0.773115 0.321137 0
0.729504 0.302946 0
0.68867 0.285914 0
0.650612 0.270039 0
0.61533 0.255323 0
0.582825 0.241764 0
0.553095 0.229364 0
0.526142 0.218121 0
0.501965 0.208037 0
0.480564 0.19911 0
0.46194 0.191342 0
2.375 2 0
2.27991 1.92372 0
2.18704 1.84923 0
2.09639 1.77652 0
2.00798 1.7056 0
1.92179 1.63646 0
1.83783 1.56911 0
1.75609 1.50355 0
1.67659 1.43977 0
1.5993 1.37778 0
1.52425 1.31758 0
1.45142 1.25916 0
1.38082 1.20252 0
1.31244 1.14768 0
1.24629 1.09462 0
1.18237 1.04334 0
1.12067 0.993852 0
1.0612 0.946149 0
1.00396 0.900232 0
0.948944 0.856102 0
0.896155 0.813757 0
0.845592 0.773198 0
0.797255 0.734426 0
0.751145 0.697439 0
0.707262 0.662238 0
0.665605 0.628824 0
0.626175 0.597195 0
0.588972 0.567353 0
0.553995 0.539297 0
0.521245 0.513026 0
0.490721 0.488542 0
0.462424 0.465844 0
0.436354 0.444932 0
0.41251 0.425805 0
0.390893 0.408465 0
0.371502 0.392911 0
0.354338 0.379143 0
0.3394 0.367161 0
3 1.375 0
2.88106 1.32054 0
2.76491 1.26736 0
2.65155 1.21546 0
2.54097 1.16483 0
2.43317 1.11547 0
2.32816 1.06739 0
2.22593 1.02059 0
2.12649 0.975058 0
2.02983 0.930803 0
1.93596 0.887823 0
1.84487 0.846118 0
1.75657 0.805688 0
1.67105 0.766534 0
1.58832 0.728654 0
1.50837 0.692049 0
1.43121 0.656719 0
1.35683 0.622665 0
1.28524 0.589885 0
1.21643 0.55838 0
1.15041 0.528151 0
1.08717 0.499196 0
1.02671 0.471517 0
0.969042 0.445112 0
0.914157 0.419983 0
0.862057 0.396129 0
0.812742 0.373549 0
0.766211 0.352245 0
0.722466 0.332216 0
0.681505 0.313462 0
0.643329 0.295983 0
0.607938 0.279778 0
0.575331 0.264849 0
0.54551 0.251195 0
0.518473 0.238816 0
0.494221 0.227713 0
0.472754 0.217884 0
0.454072 0.20933 0
2.5 2 0
2.39973 1.92308 0
2.3018 1.84797 0
2.20622 1.77466 0
2.11299 1.70314 0
2.02211 1.63343 0
1.93358 1.56552 0
1.84739 1.49941 0
1.76355 1.4351 0
1.68206 1.3726 0
1.60292 1.31189 0
1.52613 1.25298 0
1.45168 1.19588 0
1.37958 1.14057 0
1.30983 1.08707 0
1.24242 1.03537 0
1.17737 0.985467 0
1.11466 0.937367 0
1.0543 0.891067 0
0.996289 0.846568 0
0.940625 0.803871 0
0.887309 0.762974 0
0.83634 0.723878 0
0.78772 0.686584 0
0.741447 0.65109 0
0.697522 0.617397 0
0.655945 0.585505 0
0.616715 0.555413 0
0.579834 0.527123 0
0.5453 0.500634 0
0.513114 0.475946 0
0.483276 0.453058 0
0.455786 0.431972 0
0.430644 0.412686 0
0.40785 0.395202 0
0.387403 0.379518 0
0.369304 0.365635 0
0.353553 0.353553 0
3 1.5 0
2.88066 1.44053 0
2.76412 1.38245 0
2.65038 1.32577 0
2.53942 1.27048 0
2.43126 1.21658 0
2.3259 1.16407 0
2.22333 1.11295 0
2.12355 1.06323 0
2.02657 1.0149 0
1.93238 0.967964 0
1.84099 0.922419 0
1.75239 0.878266 0
1.66658 0.835506 0
1.58357 0.794138 0
1.50335 0.754163 0
1.42593 0.71558 0
1.3513 0.67839 0
1.27947 0.642592 0
1.21043 0.608186 0
1.14418 0.575173 0
1.08073 0.543552 0
1.02007 0.513324 0
0.962207 0.484489 0
0.907137 0.457045 0
0.854862 0.430994 0
0.80538 0.406336 0
0.758693 0.38307 0
0.714801 0.361197 0
0.673702 0.340716 0
0.635398 0.321627 0
0.599887 0.303931 0
0.567171 0.287627 0
0.537249 0.272716 0
0.510121 0.259197 0
0.485788 0.247071 0
0.464248 0.236337 0
0.445503 0.226995 0
2.625 2 0
2.51952 1.92242 0
2.41652 1.84666 0
2.31598 1.77272 0
2.21791 1.70059 0
2.12231 1.63028 0
2.02918 1.56179 0
1.93852 1.49511 0
1.85033 1.43025 0
1.76462 1.3672 0
1.68137 1.30597 0
1.60059 1.24656 0
1.52227 1.18897 0
1.44643 1.13319 0
1.37306 1.07922 0
1.30216 1.02708 0
1.23373 0.976746 0
1.16777 0.928232 0
1.10428 0.881535 0
1.04325 0.836653 0
0.9847 0.793589 0
0.928616 0.752341 0
0.875003 0.712909 0
0.823859 0.675293 0
0.775185 0.639494 0
0.72898 0.605512 0
0.685245 0.573345 0
0.64398 0.542996 0
0.605185 0.514462 0
0.568859 0.487745 0
0.535003 0.462845 0
0.503616 0.439761 0
0.4747 0.418493 0
0.448253 0.399042 0
0.424275 0.381407 0
0.402768 0.365588 0
0.38373 0.351586 0
0.367161 0.3394 0
3 1.625 0
2.88023 1.5605 0
2.76327 1.49751 0
2.64911 1.43603 0
2.53775 1.37606 0
2.4292 1.3176 0
2.32346 1.26065 0
2.22051 1.20521 0
2.12038 1.15129 0
2.02304 1.09887 0
1.92851 1.04796 0
1.83679 0.998561 0
1.74787 0.950673 0
1.66175 0.904296 0
1.57844 0.859429 0
1.49793 0.816072 0
1.42023 0.774225 0
1.34533 0.733889 0
1.27323 0.695063 0
1.20394 0.657747 0
1.13746 0.621941 0
1.07377 0.587646 0
1.0129 0.55486 0
0.954823 0.523586 0
0.899554 0.493821 0
0.84709 0.465566 0
0.797429 0.438822 0
0.750573 0.413588 0
0.706521 0.389864 0
0.665274 0.367651 0
0.62683 0.346947 0
0.591191 0.327754 0
0.558357 0.310071 0
0.528326 0.293899 0
0.5011 0.279236 0
0.476679 0.266084 0
0.455061 0.254442 0
0.436248 0.244311 0
2.75 2 0
2.63929 1.92174 0
2.53118 1.84531 0
2.42565 1.77071 0
2.32272 1.69795 0
2.22239 1.62701 0
2.12464 1.55791 0
2.02948 1.49065 0
1.93692 1.42521 0
1.84695 1.36161 0
1.75957 1.29984 0
1.67479 1.2399 0
1.59259 1.1818 0
1.51299 1.12553 0
1.43598 1.07109 0
1.36157 1.01848 0
1.28974 0.967702 0
1.22051 0.91876 0
1.15387 0.87165 0
1.08982 0.826372 0
1.02836 0.782927 0
0.969499 0.741314 0
0.913227 0.701533 0
0.859547 0.663586 0
0.808459 0.62747 0
0.759963 0.593187 0
0.71406 0.560737 0
0.670748 0.530119 0
0.630029 0.501333 0
0.591902 0.47438 0
0.556367 0.449259 0
0.523424 0.425971 0
0.493074 0.404516 0
0.465315 0.384892 0
0.440149 0.367102 0
0.417575 0.351143 0
0.397593 0.337017 0
0.380203 0.324724 0
3 1.75 0
2.87977 1.68045 0
2.76235 1.61253 0
2.64775 1.54624 0
2.53596 1.48158 0
2.42699 1.41854 0
2.32084 1.35714 0
2.2175 1.29736 0
2.11697 1.23921 0
2.01926 1.18269 0
1.92436 1.1278 0
1.83228 1.07453 0
1.74302 1.0229 0
1.65657 0.972889 0
1.57293 0.924511 0
1.49211 0.87776 0
1.41411 0.832638 0
1.33892 0.789145 0
1.26655 0.74728 0
1.19699 0.707044 0
1.13024 0.668436 0
1.06632 0.631456 0
1.0052 0.596105 0
0.946904 0.562382 0
0.891421 0.530288 0
0.838753 0.499822 0
0.7889 0.470984 0
0.741862 0.443775 0
0.69764 0.418195 0
0.656232 0.394243 0
0.61764 0.371919 0
0.581863 0.351224 0
0.548902 0.332157 0
0.518755 0.314718 0
0.491424 0.298908 0
0.466907 0.284727 0
0.445206 0.272174 0
0.42632 0.261249 0
2.875 2 0
2.75904 1.92103 0
2.64579 1.84391 0
2.53525 1.76863 0
2.42743 1.69521 0
2.32233 1.62364 0
2.21994 1.55391 0
2.12027 1.48603 0
2.02331 1.42001 0
1.92907 1.35583 0
1.83754 1.2935 0
1.74873 1.23302 0
1.66263 1.17439 0
1.57925 1.1176 0
1.49858 1.06267 0
1.42063 1.00959 0
1.34539 0.95835 0
1.27287 0.908964 0
1.20307 0.861427 0
1.13598 0.815739 0
1.0716 0.771901 0
1.00994 0.729911 0
0.950996 0.68977 0
0.894767 0.651478 0
0.841253 0.615036 0
0.790454 0.580442 0
0.74237 0.547698 0
0.697002 0.516802 0
0.654349 0.487756 0
0.614411 0.460559 0
0.577189 0.435211 0
0.542682 0.411711 0
0.51089 0.390061 0
0.481813 0.37026 0
0.455451 0.352308 0
0.431805 0.336206 0
0.410874 0.321952 0
0.392658 0.309547 0
3 1.875 0
2.87927 1.80038 0
2.76137 1.72752 0
2.6463 1.6564 0
2.53406 1.58702 0
2.42464 1.51939 0
2.31804 1.45351 0
2.21428 1.38938 0
2.11334 1.327 0
2.01523 1.26636 0
1.91994 1.20746 0
1.82748 1.15032 0
1.73785 1.09492 0
1.65104 1.04127 0
1.56706 0.989369 0
1.48591 0.939213 0
1.40759 0.890803 0
1.33209 0.844141 0
1.25942 0.799226 0
1.18957 0.756058 0
1.12255 0.714637 0
1.05836 0.674963 0
0.996997 0.637037 0
0.938459 0.600857 0
0.882748 0.566424 0
0.829864 0.533739 0
0.779806 0.502801 0
0.732575 0.473609 0
0.68817 0.446165 0
0.646593 0.420468 0
0.607842 0.396518 0
0.571918 0.374315 0
0.53882 0.353859 0
0.50855 0.33515 0
0.481106 0.318188 0
0.456489 0.302973 0
0.434698 0.289506 0
0.415735 0.277785 0
3 2 0
2.87875 1.9203 0
2.76034 1.84246 0
2.64476 1.76649 0
2.53203 1.69239 0
2.42214 1.62015 0
2.31508 1.54978 0
2.21086 1.48127 0
2.10949 1.41463 0
2.01095 1.34986 0
1.91525 1.28695 0
1.82239 1.22591 0
1.73237 1.16674 0
1.64518 1.10943 0
1.56084 1.05399 0
1.47934 1.00041 0
1.40067 0.948704 0
1.32484 0.898861 0
1.25186 0.850884 0
1.18171 0.804773 0
1.1144 0.760528 0
1.04993 0.718149 0
0.988296 0.677637 0
0.929504 0.63899 0
0.873551 0.60221 0
0.820436 0.567297 0
0.770161 0.534249 0
0.722725 0.503067 0
0.678128 0.473752 0
0.636369 0.446303 0
0.59745 0.42072 0
0.56137 0.397003 0
0.528129 0.375153 0
0.497727 0.355168 0
0.470164 0.33705 0
0.44544 0.320798 0
0.423555 0.306412 0
0.404508 0.293893 0
POLYGONS 5920 29600
4 77 1 0 76 
4 78 2 1 77 
4 79 3 2 78 
4 80 4 3 79 
4 81 5 4 80 
4 82 6 5 81 
4 83 7 6 82 
4 84 8 7 83 
4 85 9 8 84 
4 86 10 9 85 
4 87 11 10 86 
4 88 12 11 87 
4 89 13 12 88 
4 90 14 13 89 
4 91 15 14 90 
4 92 16 15 91 
4 93 17 16 92 
4 94 18 17 93 
4 95 19 18 94 
4 96 20 19 95 
4 97 21 20 96 
4 98 22 21 97 
4 99 23 22 98 
4 100 24 23 99 
4 101 25 24 100 
4 102 26 25 101 
4 103 27 26 102 
4 104 28 27 103 
4 105 29 28 104 
4 106 30 29 105 
4 107 31 30 106 
4 108 32 31 107 
4 109 33 32 108 
4 110 34 33 109 
4 111 35 34 110 
4 112 36 35 111 
4 113 37 36 112 
4 153 77 76 152 
4 154 78 77 153 
4 155 79 78 154 
4 156 80 79 155 
4 157 81 80 156 
4 158 82 81 157 
4 159 83 82 158 
4 160 84 83 159 
4 161 85 84 160 
4 162 86 85 161 
4 163 87 86 162 
4 164 88 87 163 
4 165 89 88 164 
4 166 90 89 165 
4 167 91 90 166 
4 168 92 91 167 
4 169 93 92 168 
4 170 94 93 169 
4 171 95 94 170 
4 172 96 95 171 
4 173 97 96 172 
4 174 98 97 173 
4 175 99 98 174 
4 176 100 99 175 
4 177 101 100 176 
4 178 102 101 177 
4 179 103 102 178 
4 180 104 103 179 
4 181 105 104 180 
4 182 106 105 181 
4 183 107 106 182 
4 184 108 107 183 
4 185 109 108 184 
4 186 110 109 185 
4 187 111 110 186 
4 188 112 111 187 
4 189 113 112 188 
4 229 153 152 228 
4 230 154 153 229 
4 231 155 154 230 
4 232 156 155 231 
4 233 157 156 232 
4 234 158 157 233 
4 235 159 158 234 
4 236 160 159 235 
4 237 161 160 236 
4 238 162 161 237 
4 239 163 162 238 
4 240 164 163 239 
4 241 165 164 240 
4 242 166 165 241 
4 243 167 166 242 
4 244 168 167 243 
4 245 169 168 244 
4 246 170 169 245 
4 247 171 170 246 
4 248 172 171 247 
4 249 173 172 248 
4 250 174 173 249 
4 251 175 174 250 
4 252 176 175 251 
4 253 177 176 252 
4 254 178 177 253 
4 255 179 178 254 
4 256 180 179 255 
4 257 181 180 256 
4 258 182 181 257 
4 259 183 182 258 
4 260 184 183 259 
4 261 185 184 260 
4 262 186 185 261 
4 263 187 186 262 
4 264 188 187 263 
4 265 189 188 264 
4 305 229 228 304 
4 306 230 229 305 
4 307 231 230 306 
4 308 232 231 307 
4 309 233 232 308 
4 310 234 233 309 
4 311 235 234 310 
4 312 236 235 311 
4 313 237 236 312 
4 314 238 237 313 
4 315 239 238 314 
4 316 240 239 315 
4 317 241 240 316 
4 318 242 241 317 
4 319 243 242 318 
4 320 244 243 319 
4 321 245 244 320 
4 322 246 245 321 
4 323 247 246 322 
4 324 248 247 323 
4 325 249 248 324 
4 326 250 249 325 
4 327 251 250 326 
4 328 252 251 327 
4 329 253 252 328 
4 330 254 253 329 
4 331 255 254 330 
4 332 256 255 331 
4 333 257 256 332 
4 334 258 257 333 
4 335 259 258 334 
4 336 260 259 335 
4 337 261 260 336 
4 338 262 261 337 
4 339 263 262 338 
4 340 264 263 339 
4 341 265 264 340 
4 381 305 304 380 
4 382 306 305 381 
4 383 307 306 382 
4 384 308 307 383 
4 385 309 308 384 
4 386 310 309 385 
4 387 311 310 386 
4 388 312 311 387 
4 389 313 312 388 
4 390 314 313 389 
4 391 315 314 390 
4 392 316 315 391 
4 393 317 316 392 
4 394 318 317 393 
4 395 319 318 394 
4 396 320 319 395 
4 397 321 320 396 
4 398 322 321 397 
4 399 323 322 398 
4 400 324 323 399 
4 401 325 324 400 
4 402 326 325 401 
4 403 327 326 402 
4 404 328 327 403 
4 405 329 328 404 
4 406 330 329 405 
4 407 331 330 406 
4 408 332 331 407 
4 409 333 332 408 
4 410 334 333 409 
4 411 335 334 410 
4 412 336 335 411 
4 413 337 336 412 
4 414 338 337 413 
4 415 339 338 414 
4 416 340 339 415 
4 417 341 340 416 
4 457 381 380 456 
4 458 382 381 457 
4 459 383 382 458 
4 460 384 383 459 
4 461 385 384 460 
4 462 386 385 461 
4 463 387 386 462 
4 464 388 387 463 
4 465 389 388 464 
4 466 390 389 465 
4 467 391 390 466 
4 468 392 391 467 
4 469 393 392 468 
4 470 394 393 469 
4 471 395 394 470 
4 472 396 395 471 
4 473 397 396 472 
4 474 398 397 473 
4 475 399 398 474 
4 476 400 399 475 
4 477 401 400 476 
4 478 402 401 477 
4 479 403 402 478 
4 480 404 403 479 
4 481 405 404 480 
4 482 406 405 481 
4 483 407 406 482 
4 484 408 407 483 
4 485 409 408 484 
4 486 410 409 485 
4 487 411 410 486 
4 488 412 411 487 
4 489 413 412 488 
4 490 414 413 489 
4 491 415 414 490 
4 492 416 415 491 
4 493 417 416 492 
4 533 457 456 532 
4 534 458 457 533 
4 535 459 458 534 
4 536 460 459 535 
4 537 461 460 536 
4 538 462 461 537 
4 539 463 462 538 
4 540 464 463 539 
4 541 465 464 540 
4 542 466 465 541 
4 543 467 466 542 
4 544 468 467 543 
4 545 469 468 544 
4 546 470 469 545 
4 547 471 470 546 
4 548 472 471 547 
4 549 473 472 548 
4 550 474 473 549 
4 551 475 474 550 
4 552 476 475 551 
4 553 477 476 552 
4 554 478 477 553 
4 555 479 478 554 
4 556 480 479 555 
4 557 481 480 556 
4 558 482 481 557 
4 559 483 482 558 
4 560 484 483 559 
4 561 485 484 560 
4 562 486 485 561 
4 563 487 486 562 
4 564 488 487 563 
4 565 489 488 564 
4 566 490 489 565 
4 567 491 490 566 
4 568 492 491 567 
4 569 493 492 568 
4 609 533 532 608 
4 610 534 533 609 
4 611 535 534 610 
4 612 536 535 611 
4 613 537 536 612 
4 614 538 537 613 
4 615 539 538 614 
4 616 540 539 615 
4 617 541 540 616 
4 618 542 541 617 
4 619 543 542 618 
4 620 544 543 619 
4 621 545 544 620 
4 622 546 545 621 
4 623 547 546 622 
4 624 548 547 623 
4 625 549 548 624 
4 626 550 549 625 
4 627 551 550 626 
4 628 552 551 627 
4 629 553 552 628 
4 630 554 553 629 
4 631 555 554 630 
4 632 556 555 631 
4 633 557 556 632 
4 634 558 557 633 
4 635 559 558 634 
4 636 560 559 635 
4 637 561 560 636 
4 638 562 561 637 
4 639 563 562 638 
4 640 564 563 639 
4 641 565 564 640 
4 642 566 565 641 
4 643 567 566 642 
4 644 568 567 643 
4 645 569 568 644 
4 685 609 608 684 
4 686 610 609 685 
4 687 611 610 686 
4 688 612 611 687 
4 689 613 612 688 
4 690 614 613 689 
4 691 615 614 690 
4 692 616 615 691 
4 693 617 616 692 
4 694 618 617 693 
4 695 619 618 694 
4 696 620 619 695 
4 697 621 620 696 
4 698 622 621 697 
4 699 623 622 698 
4 700 624 623 699 
4 701 625 624 700 
4 702 626 625 701 
4 703 627 626 702 
4 704 628 627 703 
4 705 629 628 704 
4 706 630 629 705 
4 707 631 630 706 
4 708 632 631 707 
4 709 633 632 708 
4 710 634 633 709 
4 711 635 634 710 
4 712 636 635 711 
4 713 637 636 712 
4 714 638 637 713 
4 715 639 638 714 
4 716 640 639 715 
4 717 641 640 716 
4 718 642 641 717 
4 719 643 642 718 
4 720 644 643 719 
4 721 645 644 720 
4 761 685 684 760 
4 762 686 685 761 
4 763 687 686 762 
4 764 688 687 763 
4 765 689 688 764 
4 766 690 689 765 
4 767 691 690 766 
4 768 692 691 767 
4 769 693 692 768 
4 770 694 693 769 
4 771 695 694 770 
4 772 696 695 771 
4 773 697 696 772 
4 774 698 697 773 
4 775 699 698 774 
4 776 700 699 775 
4 777 701 700 776 
4 778 702 701 777 
4 779 703 702 778 
4 780 704 703 779 
4 781 705 704 780 
4 782 706 705 781 
4 783 707 706 782 
4 784 708 707 783 
4 785 709 708 784 
4 786 710 709 785 
4 787 711 710 786 
4 788 712 711 787 
4 789 713 712 788 
4 790 714 713 789 
4 791 715 714 790 
4 792 716 715 791 
4 793 717 716 792 
4 794 718 717 793 
4 795 719 718 794 
4 796 720 719 795 
4 797 721 720 796 
4 837 761 760 836 
4 838 762 761 837 
4 839 763 762 838 
4 840 764 763 839 
4 841 765 764 840 
4 842 766 765 841 
4 843 767 766 842 
4 844 768 767 843 
4 845 769 768 844 
4 846 770 769 845 
4 847 771 770 846 
4 848 772 771 847 
4 849 773 772 848 
4 850 774 773 849 
4 851 775 774 850 
4 852 776 775 851 
4 853 777 776 852 
4 854 778 777 853 
4 855 779 778 854 
4 856 780 779 855 
4 857 781 780 856 
4 858 782 781 857 
4 859 783 782 858 
4 860 784 783 859 
4 861 785 784 860 
4 862 786 785 861 
4 863 787 786 862 
4 864 788 787 863 
4 865 789 788 864 
4 866 790 789 865 
4 867 791 790 866 
4 868 792 791 867 
4 869 793 792 868 
4 870 794 793 869 
4 871 795 794 870 
4 872 796 795 871 
4 873 797 796 872 
4 913 837 836 912 
4 914 838 837 913 
4 915 839 838 914 
4 916 840 839 915 
4 917 841 840 916 
4 918 842 841 917 
4 919 843 842 918 
4 920 844 843 919 
4 921 845 844 920 
4 922 846 845 921 
4 923 847 846 922 
4 924 848 847 923 
4 925 849 848 924 
4 926 850 849 925 
4 927 851 850 926 
4 928 852 851 927 
4 929 853 852 928 
4 930 854 853 929 
4 931 855 854 930 
4 932 856 855 931 
4 933 857 856 932 
4 934 858 857 933 
4 935 859 858 934 
4 936 860 859 935 
4 937 861 860 936 
4 938 862 861 937 
4 939 863 862 938 
4 940 864 863 939 
4 941 865 864 940 
4 942 866 865 941 
4 943 867 866 942 
4 944 868 867 943 
4 945 869 868 944 
4 946 870 869 945 
4 947 871 870 946 
4 948 872 871 947 
4 949 873 872 948 
4 989 913 912 988 
4 990 914 913 989 
4 991 915 914 990 
4 992 916 915 991 
4 993 917 916 992 
4 994 918 917 993 
4 995 919 918 994 
4 996 920 919 995 
4 997 921 920 996 
4 998 922 921 997 
4 999 923 922 998 
4 1000 924 923 999 
4 1001 925 924 1000 
4 1002 926 925 1001 
4 1003 927 926 1002 
4 1004 928 927 1003 
4 1005 929 928 1004 
4 1006 930 929 1005 
4 1007 931 930 1006 
4 1008 932 931 1007 
4 1009 933 932 1008 
4 1010 934 933 1009 
4 1011 935 934 1010 
4 1012 936 935 1011 
4 1013 937 936 1012 
4 1014 938 937 1013 
4 1015 939 938 1014 
4 1016 940 939 1015 
4 1017 941 940 1016 
4 1018 942 941 1017 
4 1019 943 942 1018 
4 1020 944 943 1019 
4 1021 945 944 1020 
4 1022 946 945 1021 
4 1023 947 946 1022 
4 1024 948 947 1023 
4 1025 949 948 1024 
4 1065 989 988 1064 
4 1066 990 989 1065 
4 1067 991 990 1066 
4 1068 992 991 1067 
4 1069 993 992 1068 
4 1070 994 993 1069 
4 1071 995 994 1070 
4 1072 996 995 1071 
4 1073 997 996 1072 
4 1074 998 997 1073 
4 1075 999 998 1074 
4 1076 1000 999 1075 
4 1077 1001 1000 1076 
4 1078 1002 1001 1077 
4 1079 1003 1002 1078 
4 1080 1004 1003 1079 
4 1081 1005 1004 1080 
4 1082 1006 1005 1081 
4 1083 1007 1006 1082 
4 1084 1008 1007 1083 
4 1085 1009 1008 1084 
4 1086 1010 1009 1085 
4 1087 1011 1010 1086 
4 1088 1012 1011 1087 
4 1089 1013 1012 1088 
4 1090 1014 1013 1089 
4 1091 1015 1014 1090 
4 1092 1016 1015 1091 
4 1093 1017 1016 1092 
4 1094 1018 1017 1093 
4 1095 1019 1018 1094 
4 1096 1020 1019 1095 
4 1097 1021 1020 1096 
4 1098 1022 1021 1097 
4 1099 1023 1022 1098 
4 1100 1024 1023 1099 
4 1101 1025 1024 1100 
4 1141 1065 1064 1140 
4 1142 1066 1065 1141 
4 1143 1067 1066 1142 
4 1144 1068 1067 1143 
4 1145 1069 1068 1144 
4 1146 1070 1069 1145 
4 1147 1071 1070 1146 
4 1148 1072 1071 1147 
4 1149 1073 1072 1148 
4 1150 1074 1073 1149 
4 1151 1075 1074 1150 
4 1152 1076 1075 1151 
4 1153 1077 1076 1152 
4 1154 1078 1077 1153 
4 1155 1079 1078 1154 
4 1156 1080 1079 1155 
4 1157 1081 1080 1156 
4 1158 1082 1081 1157 
4 1159 1083 1082 1158 
4 1160 1084 1083 1159 
4 1161 1085 1084 1160 
4 1162 1086 1085 1161 
4 1163 1087 1086 1162 
4 1164 1088 1087 1163 
4 1165 1089 1088 1164 
4 1166 1090 1089 1165 
4 1167 1091 1090 1166 
4 1168 1092 1091 1167 
4 1169 1093 1092 1168 
4 1170 1094 1093 1169 
4 1171 1095 1094 1170 
4 1172 1096 1095 1171 
4 1173 1097 1096 1172 
4 1174 1098 1097 1173 
4 1175 1099 1098 1174 
4 1176 1100 1099 1175 
4 1177 1101 1100 1176 
4 1217 1141 1140 1216 
4 1218 1142 1141 1217 
4 1219 1143 1142 1218 
4 1220 1144 1143 1219 
4 1221 1145 1144 1220 
4 1222 1146 1145 1221 
4 1223 1147 1146 1222 
4 1224 1148 1147 1223 
4 1225 1149 1148 1224 
4 1226 1150 1149 1225 
4 1227 1151 1150 1226 
4 1228 1152 1151 1227 
4 1229 1153 1152 1228 
4 1230 1154 1153 1229 
4 1231 1155 1154 1230 
4 1232 1156 1155 1231 
4 1233 1157 1156 1232 
4 1234 1158 1157 1233 
4 1235 1159 1158 1234 
4 1236 1160 1159 1235 
4 1237 1161 1160 1236 
4 1238 1162 1161 1237 
4 1239 1163 1162 1238 
4 1240 1164 1163 1239 
4 1241 1165 1164 1240 
4 1242 1166 1165 1241 
4 1243 1167 1166 1242 
4 1244 1168 1167 1243 
4 1245 1169 1168 1244 
4 1246 1170 1169 1245 
4 1247 1171 1170 1246 
4 1248 1172 1171 1247 
4 1249 1173 1172 1248 
4 1250 1174 1173 1249 
4 1251 1175 1174 1250 
4 1252 1176 1175 1251 
4 1253 1177 1176 1252 
4 1293 1217 1216 1292 
4 1294 1218 1217 1293 
4 1295 1219 1218 1294 
4 1296 1220 1219 1295 
4 1297 1221 1220 1296 
4 1298 1222 1221 1297 
4 1299 1223 1222 1298 
4 1300 1224 1223 1299 
4 1301 1225 1224 1300 
4 1302 1226 1225 1301 
4 1303 1227 1226 1302 
4 1304 1228 1227 1303 
4 1305 1229 1228 1304 
4 1306 1230 1229 1305 
4 1307 1231 1230 1306 
4 1308 1232 1231 1307 
4 1309 1233 1232 1308 
4 1310 1234 1233 1309 
4 1311 1235 1234 1310 
4 1312 1236 1235 1311 
4 1313 1237 1236 1312 
4 1314 1238 1237 1313 
4 1315 1239 1238 1314 
4 1316 1240 1239 1315 
4 1317 1241 1240 1316 
4 1318 1242 1241 1317 
4 1319 1243 1242 1318 
4 1320 1244 1243 1319 
4 1321 1245 1244 1320 
4 1322 1246 1245 1321 
4 1323 1247 1246 1322 
4 1324 1248 1247 1323 
4 1325 1249 1248 1324 
4 1326 1250 1249 1325 
4 1327 1251 1250 1326 
4 1328 1252 1251 1327 
4 1329 1253 1252 1328 
4 1369 1293 1292 1368 
4 1370 1294 1293 1369 
4 1371 1295 1294 1370 
4 1372 1296 1295 1371 
4 1373 1297 1296 1372 
4 1374 1298 1297 1373 
4 1375 1299 1298 1374 
4 1376 1300 1299 1375 
4 1377 1301 1300 1376 
4 1378 1302 1301 1377 
4 1379 1303 1302 1378 
4 1380 1304 1303 1379 
4 1381 1305 1304 1380 
4 1382 1306 1305 1381 
4 1383 1307 1306 1382 
4 1384 1308 1307 1383 
4 1385 1309 1308 1384 
4 1386 1310 1309 1385 
4 1387 1311 1310 1386 
4 1388 1312 1311 1387 
4 1389 1313 1312 1388 
4 1390 1314 1313 1389 
4 1391 1315 1314 1390 
4 1392 1316 1315 1391 
4 1393 1317 1316 1392 
4 1394 1318 1317 1393 
4 1395 1319 1318 1394 
4 1396 1320 1319 1395 
4 1397 1321 1320 1396 
4 1398 1322 1321 1397 
4 1399 1323 1322 1398 
4 1400 1324 1323 1399 
4 1401 1325 1324 1400 
4 1402 1326 1325 1401 
4 1403 1327 1326 1402 
4 1404 1328 1327 1403 
4 1405 1329 1328 1404 
4 1445 1369 1368 1444 
4 1446 1370 1369 1445 
4 1447 1371 1370 1446 
4 1448 1372 1371 1447 
4 1449 1373 1372 1448 
4 1450 1374 1373 1449 
4 1451 1375 1374 1450 
4 1452 1376 1375 1451 
4 1453 1377 1376 1452 
4 1454 1378 1377 1453 
4 1455 1379 1378 1454 
4 1456 1380 1379 1455 
4 1457 1381 1380 1456 
4 1458 1382 1381 1457 
4 1459 1383 1382 1458 
4 1460 1384 1383 1459 
4 1461 1385 1384 1460 
4 1462 1386 1385 1461 
4 1463 1387 1386 1462 
4 1464 1388 1387 1463 
4 1465 1389 1388 1464 
4 1466 1390 1389 1465 
4 1467 1391 1390 1466 
4 1468 1392 1391 1467 
4 1469 1393 1392 1468 
4 1470 1394 1393 1469 
4 1471 1395 1394 1470 
4 1472 1396 1395 1471 
4 1473 1397 1396 1472 
4 1474 1398 1397 1473 
4 1475 1399 1398 1474 
4 1476 1400 1399 1475 
4 1477 1401 1400 1476 
4 1478 1402 1401 1477 
4 1479 1403 1402 1478 
4 1480 1404 1403 1479 
4 1481 1405 1404 1480 
4 1521 1445 1444 1520 
4 1522 1446 1445 1521 
4 1523 1447 1446 1522 
4 1524 1448 1447 1523 
4 1525 1449 1448 1524 
4 1526 1450 1449 1525 
4 1527 1451 1450 1526 
4 1528 1452 1451 1527 
4 1529 1453 1452 1528 
4 1530 1454 1453 1529 
4 1531 1455 1454 1530 
4 1532 1456 1455 1531 
4 1533 1457 1456 1532 
4 1534 1458 1457 1533 
4 1535 1459 1458 1534 
4 1536 1460 1459 1535 
4 1537 1461 1460 1536 
4 1538 1462 1461 1537 
4 1539 1463 1462 1538 
4 1540 1464 1463 1539 
4 1541 1465 1464 1540 
4 1542 1466 1465 1541 
4 1543 1467 1466 1542 
4 1544 1468 1467 1543 
4 1545 1469 1468 1544 
4 1546 1470 1469 1545 
4 1547 1471 1470 1546 
4 1548 1472 1471 1547 
4 1549 1473 1472 1548 
4 1550 1474 1473 1549 
4 1551 1475 1474 1550 
4 1552 1476 1475 1551 
4 1553 1477 1476 1552 
4 1554 1478 1477 1553 
4 1555 1479 1478 1554 
4 1556 1480 1479 1555 
4 1557 1481 1480 1556 
4 1597 1521 1520 1596 
4 1598 1522 1521 1597 
4 1599 1523 1522 1598 
4 1600 1524 1523 1599 
4 1601 1525 1524 1600 
4 1602 1526 1525 1601 
4 1603 1527 1526 1602 
4 1604 1528 1527 1603 
4 1605 1529 1528 1604 
4 1606 1530 1529 1605 
4 1607 1531 1530 1606 
4 1608 1532 1531 1607 
4 1609 1533 1532 1608 
4 1610 1534 1533 1609 
4 1611 1535 1534 1610 
4 1612 1536 1535 1611 
4 1613 1537 1536 1612 
4 1614 1538 1537 1613 
4 1615 1539 1538 1614 
4 1616 1540 1539 1615 
4 1617 1541 1540 1616 
4 1618 1542 1541 1617 
4 1619 1543 1542 1618 
4 1620 1544 1543 1619 
4 1621 1545 1544 1620 
4 1622 1546 1545 1621 
4 1623 1547 1546 1622 
4 1624 1548 1547 1623 
4 1625 1549 1548 1624 
4 1626 1550 1549 1625 
4 1627 1551 1550 1626 
4 1628 1552 1551 1627 
4 1629 1553 1552 1628 
4 1630 1554 1553 1629 
4 1631 1555 1554 1630 
4 1632 1556 1555 1631 
4 1633 1557 1556 1632 
4 1673 1597 1596 1672 
4 1674 1598 1597 1673 
4 1675 1599 1598 1674 
4 1676 1600 1599 1675 
4 1677 1601 1600 1676 
4 1678 1602 1601 1677 
4 1679 1603 1602 1678 
4 1680 1604 1603 1679 
4 1681 1605 1604 1680 
4 1682 1606 1605 1681 
4 1683 1607 1606 1682 
4 1684 1608 1607 1683 
4 1685 1609 1608 1684 
4 1686 1610 1609 1685 
4 1687 1611 1610 1686 
4 1688 1612 1611 1687 
4 1689 1613 1612 1688 
4 1690 1614 1613 1689 
4 1691 1615 1614 1690 
4 1692 1616 1615 1691 
4 1693 1617 1616 1692 
4 1694 1618 1617 1693 
4 1695 1619 1618 1694 
4 1696 1620 1619 1695 
4 1697 1621 1620 1696 
4 1698 1622 1621 1697 
4 1699 1623 1622 1698 
4 1700 1624 1623 1699 
4 1701 1625 1624 1700 
4 1702 1626 1625 1701 
4 1703 1627 1626 1702 
4 1704 1628 1627 1703 
4 1705 1629 1628 1704 
4 1706 1630 1629 1705 
4 1707 1631 1630 1706 
4 1708 1632 1631 1707 
4 1709 1633 1632 1708 
4 1749 1673 1672 1748 
4 1750 1674 1673 1749 
4 1751 1675 1674 1750 
4 1752 1676 1675 1751 
4 1753 1677 1676 1752 
4 1754 1678 1677 1753 
4 1755 1679 1678 1754 
4 1756 1680 1679 1755 
4 1757 1681 1680 1756 
4 1758 1682 1681 1757 
4 1759 1683 1682 1758 
4 1760 1684 1683 1759 
4 1761 1685 1684 1760 
4 1762 1686 1685 1761 
4 1763 1687 1686 1762 
4 1764 1688 1687 1763 
4 1765 1689 1688 1764 
4 1766 1690 1689 1765 
4 1767 1691 1690 1766 
4 1768 1692 1691 1767 
4 1769 1693 1692 1768 
4 1770 1694 1693 1769 
4 1771 1695 1694 1770 
4 1772 1696 1695 1771 
4 1773 1697 1696 1772 
4 1774 1698 1697 1773 
4 1775 1699 1698 1774 
4 1776 1700 1699 1775 
4 1777 1701 1700 1776 
4 1778 1702 1701 1777 
4 1779 1703 1702 1778 
4 1780 1704 1703 1779 
4 1781 1705 1704 1780 
4 1782 1706 1705 1781 
4 1783 1707 1706 1782 
4 1784 1708 1707 1783 
4 1785 1709 1708 1784 
4 1825 1749 1748 1824 
4 1826 1750 1749 1825 
4 1827 1751 1750 1826 
4 1828 1752 1751 1827 
4 1829 1753 1752 1828 
4 1830 1754 1753 1829 
4 1831 1755 1754 1830 
4 1832 1756 1755 1831 
4 1833 1757 1756 1832 
4 1834 1758 1757 1833 
4 1835 1759 1758 1834 
4 1836 1760 1759 1835 
4 1837 1761 1760 1836 
4 1838 1762 1761 1837 
4 1839 1763 1762 1838 
4 1840 1764 1763 1839 
4 1841 1765 1764 1840 
4 1842 1766 1765 1841 
4 1843 1767 1766 1842 
4 1844 1768 1767 1843 
4 1845 1769 1768 1844 
4 1846 1770 1769 1845 
4 1847 1771 1770 1846 
4 1848 1772 1771 1847 
4 1849 1773 1772 1848 
4 1850 1774 1773 1849 
4 1851 1775 1774 1850 
4 1852 1776 1775 1851 
4 1853 1777 1776 1852 
4 1854 1778 1777 1853 
4 1855 1779 1778 1854 
4 1856 1780 1779 1855 
4 1857 1781 1780 1856 
4 1858 1782 1781 1857 
4 1859 1783 1782 1858 
4 1860 1784 1783 1859 
4 1861 1785 1784 1860 
4 1901 1825 1824 1900 
4 1902 1826 1825 1901 
4 1903 1827 1826 1902 
4 1904 1828 1827 1903 
4 1905 1829 1828 1904 
4 1906 1830 1829 1905 
4 1907 1831 1830 1906 
4 1908 1832 1831 1907 
4 1909 1833 1832 1908 
4 1910 1834 1833 1909 
4 1911 1835 1834 1910 
4 1912 1836 1835 1911 
4 1913 1837 1836 1912 
4 1914 1838 1837 1913 
4 1915 1839 1838 1914 
4 1916 1840 1839 1915 
4 1917 1841 1840 1916 
4 1918 1842 1841 1917 
4 1919 1843 1842 1918 
4 1920 1844 1843 1919 
4 1921 1845 1844 1920 
4 1922 1846 1845 1921 
4 1923 1847 1846 1922 
4 1924 1848 1847 1923 
4 1925 1849 1848 1924 
4 1926 1850 1849 1925 
4 1927 1851 1850 1926 
4 1928 1852 1851 1927 
4 1929 1853 1852 1928 
4 1930 1854 1853 1929 
4 1931 1855 1854 1930 
4 1932 1856 1855 1931 
4 1933 1857 1856 1932 
4 1934 1858 1857 1933 
4 1935 1859 1858 1934 
4 1936 1860 1859 1935 
4 1937 1861 1860 1936 
4 1977 1901 1900 1976 
4 1978 1902 1901 1977 
4 1979 1903 1902 1978 
4 1980 1904 1903 1979 
4 1981 1905 1904 1980 
4 1982 1906 1905 1981 
4 1983 1907 1906 1982 
4 1984 1908 1907 1983 
4 1985 1909 1908 1984 
4 1986 1910 1909 1985 
4 1987 1911 1910 1986 
4 1988 1912 1911 1987 
4 1989 1913 1912 1988 
4 1990 1914 1913 1989 
4 1991 1915 1914 1990 
4 1992 1916 1915 1991 
4 1993 1917 1916 1992 
4 1994 1918 1917 1993 
4 1995 1919 1918 1994 
4 1996 1920 1919 1995 
4 1997 1921 1920 1996 
4 1998 1922 1921 1997 
4 1999 1923 1922 1998 
4 2000 1924 1923 1999 
4 2001 1925 1924 2000 
4 2002 1926 1925 2001 
4 2003 1927 1926 2002 
4 2004 1928 1927 2003 
4 2005 1929 1928 2004 
4 2006 1930 1929 2005 
4 2007 1931 1930 2006 
4 2008 1932 1931 2007 
4 2009 1933 1932 2008 
4 2010 1934 1933 2009 
4 2011 1935 1934 2010 
4 2012 1936 1935 2011 
4 2013 1937 1936 2012 
4 2053 1977 1976 2052 
4 2054 1978 1977 2053 
4 2055 1979 1978 2054 
4 2056 1980 1979 2055 
4 2057 1981 1980 2056 
4 2058 1982 1981 2057 
4 2059 1983 1982 2058 
4 2060 1984 1983 2059 
4 2061 1985 1984 2060 
4 2062 1986 1985 2061 
4 2063 1987 1986 2062 
4 2064 1988 1987 2063 
4 2065 1989 1988 2064 
4 2066 1990 1989 2065 
4 2067 1991 1990 2066 
4 2068 1992 1991 2067 
4 2069 1993 1992 2068 
4 2070 1994 1993 2069 
4 2071 1995 1994 2070 
4 2072 1996 1995 2071 
4 2073 1997 1996 2072 
4 2074 1998 1997 2073 
4 2075 1999 1998 2074 
4 2076 2000 1999 2075 
4 2077 2001 2000 2076 
4 2078 2002 2001 2077 
4 2079 2003 2002 2078 
4 2080 2004 2003 2079 
4 2081 2005 2004 2080 
4 2082 2006 2005 2081 
4 2083 2007 2006 2082 
4 2084 2008 2007 2083 
4 2085 2009 2008 2084 
4 2086 2010 2009 2085 
4 2087 2011 2010 2086 
4 2088 2012 2011 2087 
4 2089 2013 2012 2088 
4 2129 2053 2052 2128 
4 2130 2054 2053 2129 
4 2131 2055 2054 2130 
4 2132 2056 2055 2131 
4 2133 2057 2056 2132 
4 2134 2058 2057 2133 
4 2135 2059 2058 2134 
4 2136 2060 2059 2135 
4 2137 2061 2060 2136 
4 2138 2062 2061 2137 
4 2139 2063 2062 2138 
4 2140 2064 2063 2139 
4 2141 2065 2064 2140 
4 2142 2066 2065 2141 
4 2143 2067 2066 2142 
4 2144 2068 2067 2143 
4 2145 2069 2068 2144 
4 2146 2070 2069 2145 
4 2147 2071 2070 2146 
4 2148 2072 2071 2147 
4 2149 2073 2072 2148 
4 2150 2074 2073 2149 
4 2151 2075 2074 2150 
4 2152 2076 2075 2151 
4 2153 2077 2076 2152 
4 2154 2078 2077 2153 
4 2155 2079 2078 2154 
4 2156 2080 2079 2155 
4 2157 2081 2080 2156 
4 2158 2082 2081 2157 
4 2159 2083 2082 2158 
4 2160 2084 2083 2159 
4 2161 2085 2084 2160 
4 2162 2086 2085 2161 
4 2163 2087 2086 2162 
4 2164 2088 2087 2163 
4 2165 2089 2088 2164 
4 2205 2129 2128 2204 
4 2206 2130 2129 2205 
4 2207 2131 2130 2206 
4 2208 2132 2131 2207 
4 2209 2133 2132 2208 
4 2210 2134 2133 2209 
4 2211 2135 2134 2210 
4 2212 2136 2135 2211 
4 2213 2137 2136 2212 
4 2214 2138 2137 2213 
4 2215 2139 2138 2214 
4 2216 2140 2139 2215 
4 2217 2141 2140 2216 
4 2218 2142 2141 2217 
4 2219 2143 2142 2218 
4 2220 2144 2143 2219 
4 2221 2145 2144 2220 
4 2222 2146 2145 2221 
4 2223 2147 2146 2222 
4 2224 2148 2147 2223 
4 2225 2149 2148 2224 
4 2226 2150 2149 2225 
4 2227 2151 2150 2226 
4 2228 2152 2151 2227 
4 2229 2153 2152 2228 
4 2230 2154 2153 2229 
4 2231 2155 2154 2230 
4 2232 2156 2155 2231 
4 2233 2157 2156 2232 
4 2234 2158 2157 2233 
4 2235 2159 2158 2234 
4 2236 2160 2159 2235 
4 2237 2161 2160 2236 
4 2238 2162 2161 2237 
4 2239 2163 2162 2238 
4 2240 2164 2163 2239 
4 2241 2165 2164 2240 
4 2281 2205 2204 2280 
4 2282 2206 2205 2281 
4 2283 2207 2206 2282 
4 2284 2208 2207 2283 
4 2285 2209 2208 2284 
4 2286 2210 2209 2285 
4 2287 2211 2210 2286 
4 2288 2212 2211 2287 
4 2289 2213 2212 2288 
4 2290 2214 2213 2289 
4 2291 2215 2214 2290 
4 2292 2216 2215 2291 
4 2293 2217 2216 2292 
4 2294 2218 2217 2293 
4 2295 2219 2218 2294 
4 2296 2220 2219 2295 
4 2297 2221 2220 2296 
4 2298 2222 2221 2297 
4 2299 2223 2222 2298 
4 2300 2224 2223 2299 
4 2301 2225 2224 2300 
4 2302 2226 2225 2301 
4 2303 2227 2226 2302 
4 2304 2228 2227 2303 
4 2305 2229 2228 2304 
4 2306 2230 2229 2305 
4 2307 2231 2230 2306 
4 2308 2232 2231 2307 
4 2309 2233 2232 2308 
4 2310 2234 2233 2309 
4 2311 2235 2234 2310 
4 2312 2236 2235 2311 
4 2313 2237 2236 2312 
4 2314 2238 2237 2313 
4 2315 2239 2238 2314 
4 2316 2240 2239 2315 
4 2317 2241 2240 2316 
4 2357 2281 2280 2356 
4 2358 2282 2281 2357 
4 2359 2283 2282 2358 
4 2360 2284 2283 2359 
4 2361 2285 2284 2360 
4 2362 2286 2285 2361 
4 2363 2287 2286 2362 
4 2364 2288 2287 2363 
4 2365 2289 2288 2364 
4 2366 2290 2289 2365 
4 2367 2291 2290 2366 
4 2368 2292 2291 2367 
4 2369 2293 2292 2368 
4 2370 2294 2293 2369 
4 2371 2295 2294 2370 
4 2372 2296 2295 2371 
4 2373 2297 2296 2372 
4 2374 2298 2297 2373 
4 2375 2299 2298 2374 
4 2376 2300 2299 2375 
4 2377 2301 2300 2376 
4 2378 2302 2301 2377 
4 2379 2303 2302 2378 
4 2380 2304 2303 2379 
4 2381 2305 2304 2380 
4 2382 2306 2305 2381 
4 2383 2307 2306 2382 
4 2384 2308 2307 2383 
4 2385 2309 2308 2384 
4 2386 2310 2309 2385 
4 2387 2311 2310 2386 
4 2388 2312 2311 2387 
4 2389 2313 2312 2388 
4 2390 2314 2313 2389 
4 2391 2315 2314 2390 
4 2392 2316 2315 2391 
4 2393 2317 2316 2392 
4 2433 2357 2356 2432 
4 2434 2358 2357 2433 
4 2435 2359 2358 2434 
4 2436 2360 2359 2435 
4 2437 2361 2360 2436 
4 2438 2362 2361 2437 
4 2439 2363 2362 2438 
4 2440 2364 2363 2439 
4 2441 2365 2364 2440 
4 2442 2366 2365 2441 
4 2443 2367 2366 2442 
4 2444 2368 2367 2443 
4 2445 2369 2368 2444 
4 2446 2370 2369 2445 
4 2447 2371 2370 2446 
4 2448 2372 2371 2447 
4 2449 2373 2372 2448 
4 2450 2374 2373 2449 
4 2451 2375 2374 2450 
4 2452 2376 2375 2451 
4 2453 2377 2376 2452 
4 2454 2378 2377 2453 
4 2455 2379 2378 2454 
4 2456 2380 2379 2455 
4 2457 2381 2380 2456 
4 2458 2382 2381 2457 
4 2459 2383 2382 2458 
4 2460 2384 2383 2459 
4 2461 2385 2384 2460 
4 2462 2386 2385 2461 
4 2463 2387 2386 2462 
4 2464 2388 2387 2463 
4 2465 2389 2388 2464 
4 2466 2390 2389 2465 
4 2467 2391 2390 2466 
4 2468 2392 2391 2467 
4 2469 2393 2392 2468 
4 2509 2433 2432 2508 
4 2510 2434 2433 2509 
4 2511 2435 2434 2510 
4 2512 2436 2435 2511 
4 2513 2437 2436 2512 
4 2514 2438 2437 2513 
4 2515 2439 2438 2514 
4 2516 2440 2439 2515 
4 2517 2441 2440 2516 
4 2518 2442 2441 2517 
4 2519 2443 2442 2518 
4 2520 2444 2443 2519 
4 2521 2445 2444 2520 
4 2522 2446 2445 2521 
4 2523 2447 2446 2522 
4 2524 2448 2447 2523 
4 2525 2449 2448 2524 
4 2526 2450 2449 2525 
4 2527 2451 2450 2526 
4 2528 2452 2451 2527 
4 2529 2453 2452 2528 
4 2530 2454 2453 2529 
4 2531 2455 2454 2530 
4 2532 2456 2455 2531 
4 2533 2457 2456 2532 
4 2534 2458 2457 2533 
4 2535 2459 2458 2534 
4 2536 2460 2459 2535 
4 2537 2461 2460 2536 
4 2538 2462 2461 2537 
4 2539 2463 2462 2538 
4 2540 2464 2463 2539 
4 2541 2465 2464 2540 
4 2542 2466 2465 2541 
4 2543 2467 2466 2542 
4 2544 2468 2467 2543 
4 2545 2469 2468 2544 
4 2585 2509 2508 2584 
4 2586 2510 2509 2585 
4 2587 2511 2510 2586 
4 2588 2512 2511 2587 
4 2589 2513 2512 2588 
4 2590 2514 2513 2589 
4 2591 2515 2514 2590 
4 2592 2516 2515 2591 
4 2593 2517 2516 2592 
4 2594 2518 2517 2593 
4 2595 2519 2518 2594 
4 2596 2520 2519 2595 
4 2597 2521 2520 2596 
4 2598 2522 2521 2597 
4 2599 2523 2522 2598 
4 2600 2524 2523 2599 
4 2601 2525 2524 2600 
4 2602 2526 2525 2601 
4 2603 2527 2526 2602 
4 2604 2528 2527 2603 
4 2605 2529 2528 2604 
4 2606 2530 2529 2605 
4 2607 2531 2530 2606 
4 2608 2532 2531 2607 
4 2609 2533 2532 2608 
4 2610 2534 2533 2609 
4 2611 2535 2534 2610 
4 2612 2536 2535 2611 
4 2613 2537 2536 2612 
4 2614 2538 2537 2613 
4 2615 2539 2538 2614 
4 2616 2540 2539 2615 
4 2617 2541 2540 2616 
4 2618 2542 2541 2617 
4 2619 2543 2542 2618 
4 2620 2544 2543 2619 
4 2621 2545 2544 2620 
4 2661 2585 2584 2660 
4 2662 2586 2585 2661 
4 2663 2587 2586 2662 
4 2664 2588 2587 2663 
4 2665 2589 2588 2664 
4 2666 2590 2589 2665 
4 2667 2591 2590 2666 
4 2668 2592 2591 2667 
4 2669 2593 2592 2668 
4 2670 2594 2593 2669 
4 2671 2595 2594 2670 
4 2672 2596 2595 2671 
4 2673 2597 2596 2672 
4 2674 2598 2597 2673 
4 2675 2599 2598 2674 
4 2676 2600 2599 2675 
4 2677 2601 2600 2676 
4 2678 2602 2601 2677 
4 2679 2603 2602 2678 
4 2680 2604 2603 2679 
4 2681 2605 2604 2680 
4 2682 2606 2605 2681 
4 2683 2607 2606 2682 
4 2684 2608 2607 2683 
4 2685 2609 2608 2684 
4 2686 2610 2609 2685 
4 2687 2611 2610 2686 
4 2688 2612 2611 2687 
4 2689 2613 2612 2688 
4 2690 2614 2613 2689 
4 2691 2615 2614 2690 
4 2692 2616 2615 2691 
4 2693 2617 2616 2692 
4 2694 2618 2617 2693 
4 2695 2619 2618 2694 
4 2696 2620 2619 2695 
4 2697 2621 2620 2696 
4 2737 2661 2660 2736 
4 2738 2662 2661 2737 
4 2739 2663 2662 2738 
4 2740 2664 2663 2739 
4 2741 2665 2664 2740 
4 2742 2666 2665 2741 
4 2743 2667 2666 2742 
4 2744 2668 2667 2743 
4 2745 2669 2668 2744 
4 2746 2670 2669 2745 
4 2747 2671 2670 2746 
4 2748 2672 2671 2747 
4 2749 2673 2672 2748 
4 2750 2674 2673 2749 
4 2751 2675 2674 2750 
4 2752 2676 2675 2751 
4 2753 2677 2676 2752 
4 2754 2678 2677 2753 
4 2755 2679 2678 2754 
4 2756 2680 2679 2755 
4 2757 2681 2680 2756 
4 2758 2682 2681 2757 
4 2759 2683 2682 2758 
4 2760 2684 2683 2759 
4 2761 2685 2684 2760 
4 2762 2686 2685 2761 
4 2763 2687 2686 2762 
4 2764 2688 2687 2763 
4 2765 2689 2688 2764 
4 2766 2690 2689 2765 
4 2767 2691 2690 2766 
4 2768 2692 2691 2767 
4 2769 2693 2692 2768 
4 2770 2694 2693 2769 
4 2771 2695 2694 2770 
4 2772 2696 2695 2771 
4 2773 2697 2696 2772 
4 2813 2737 2736 2812 
4 2814 2738 2737 2813 
4 2815 2739 2738 2814 
4 2816 2740 2739 2815 
4 2817 2741 2740 2816 
4 2818 2742 2741 2817 
4 2819 2743 2742 2818 
4 2820 2744 2743 2819 
4 2821 2745 2744 2820 
4 2822 2746 2745 2821 
4 2823 2747 2746 2822 
4 2824 2748 2747 2823 
4 2825 2749 2748 2824 
4 2826 2750 2749 2825 
4 2827 2751 2750 2826 
4 2828 2752 2751 2827 
4 2829 2753 2752 2828 
4 2830 2754 2753 2829 
4 2831 2755 2754 2830 
4 2832 2756 2755 2831 
4 2833 2757 2756 2832 
4 2834 2758 2757 2833 
4 2835 2759 2758 2834 
4 2836 2760 2759 2835 
4 2837 2761 2760 2836 
4 2838 2762 2761 2837 
4 2839 2763 2762 2838 
4 2840 2764 2763 2839 
4 2841 2765 2764 2840 
4 2842 2766 2765 2841 
4 2843 2767 2766 2842 
4 2844 2768 2767 2843 
4 2845 2769 2768 2844 
4 2846 2770 2769 2845 
4 2847 2771 2770 2846 
4 2848 2772 2771 2847 
4 2849 2773 2772 2848 
4 2889 2813 2812 2888 
4 2890 2814 2813 2889 
4 2891 2815 2814 2890 
4 2892 2816 2815 2891 
4 2893 2817 2816 2892 
4 2894 2818 2817 2893 
4 2895 2819 2818 2894 
4 2896 2820 2819 2895 
4 2897 2821 2820 2896 
4 2898 2822 2821 2897 
4 2899 2823 2822 2898 
4 2900 2824 2823 2899 
4 2901 2825 2824 2900 
4 2902 2826 2825 2901 
4 2903 2827 2826 2902 
4 2904 2828 2827 2903 
4 2905 2829 2828 2904 
4 2906 2830 2829 2905 
4 2907 2831 2830 2906 
4 2908 2832 2831 2907 
4 2909 2833 2832 2908 
4 2910 2834 2833 2909 
4 2911 2835 2834 2910 
4 2912 2836 2835 2911 
4 2913 2837 2836 2912 
4 2914 2838 2837 2913 
4 2915 2839 2838 2914 
4 2916 2840 2839 2915 
4 2917 2841 2840 2916 
4 2918 2842 2841 2917 
4 2919 2843 2842 2918 
4 2920 2844 2843 2919 
4 2921 2845 2844 2920 
4 2922 2846 2845 2921 
4 2923 2847 2846 2922 
4 2924 2848 2847 2923 
4 2925 2849 2848 2924 
4 2965 2889 2888 2964 
4 2966 2890 2889 2965 
4 2967 2891 2890 2966 
4 2968 2892 2891 2967 
4 2969 2893 2892 2968 
4 2970 2894 2893 2969 
4 2971 2895 2894 2970 
4 2972 2896 2895 2971 
4 2973 2897 2896 2972 
4 2974 2898 2897 2973 
4 2975 2899 2898 2974 
4 2976 2900 2899 2975 
4 2977 2901 2900 2976 
4 2978 2902 2901 2977 
4 2979 2903 2902 2978 
4 2980 2904 2903 2979 
4 2981 2905 2904 2980 
4 2982 2906 2905 2981 
4 2983 2907 2906 2982 
4 2984 2908 2907 2983 
4 2985 2909 2908 2984 
4 2986 2910 2909 2985 
4 2987 2911 2910 2986 
4 2988 2912 2911 2987 
4 2989 2913 2912 2988 
4 2990 2914 2913 2989 
4 2991 2915 2914 2990 
4 2992 2916 2915 2991 
4 2993 2917 2916 2992 
4 2994 2918 2917 2993 
4 2995 2919 2918 2994 
4 2996 2920 2919 2995 
4 2997 2921 2920 2996 
4 2998 2922 2921 2997 
4 2999 2923 2922 2998 
4 3000 2924 2923 2999 
4 3001 2925 2924 3000 
4 3041 2965 2964 3040 
4 3042 2966 2965 3041 
4 3043 2967 2966 3042 
4 3044 2968 2967 3043 
4 3045 2969 2968 3044 
4 3046 2970 2969 3045 
4 3047 2971 2970 3046 
4 3048 2972 2971 3047 
4 3049 2973 2972 3048 
4 3050 2974 2973 3049 
4 3051 2975 2974 3050 
4 3052 2976 2975 3051 
4 3053 2977 2976 3052 
4 3054 2978 2977 3053 
4 3055 2979 2978 3054 
4 3056 2980 2979 3055 
4 3057 2981 2980 3056 
4 3058 2982 2981 3057 
4 3059 2983 2982 3058 
4 3060 2984 2983 3059 
4 3061 2985 2984 3060 
4 3062 2986 2985 3061 
4 3063 2987 2986 3062 
4 3064 2988 2987 3063 
4 3065 2989 2988 3064 
4 3066 2990 2989 3065 
4 3067 2991 2990 3066 
4 3068 2992 2991 3067 
4 3069 2993 2992 3068 
4 3070 2994 2993 3069 
4 3071 2995 2994 3070 
4 3072 2996 2995 3071 
4 3073 2997 2996 3072 
4 3074 2998 2997 3073 
4 3075 2999 2998 3074 
4 3076 3000 2999 3075 
4 3077 3001 3000 3076 
4 3117 3041 3040 3116 
4 3118 3042 3041 3117 
4 3119 3043 3042 3118 
4 3120 3044 3043 3119 
4 3121 3045 3044 3120 
4 3122 3046 3045 3121 
4 3123 3047 3046 3122 
4 3124 3048 3047 3123 
4 3125 3049 3048 3124 
4 3126 3050 3049 3125 
4 3127 3051 3050 3126 
4 3128 3052 3051 3127 
4 3129 3053 3052 3128 
4 3130 3054 3053 3129 
4 3131 3055 3054 3130 
4 3132 3056 3055 3131 
4 3133 3057 3056 3132 
4 3134 3058 3057 3133 
4 3135 3059 3058 3134 
4 3136 3060 3059 3135 
4 3137 3061 3060 3136 
4 3138 3062 3061 3137 
4 3139 3063 3062 3138 
4 3140 3064 3063 3139 
4 3141 3065 3064 3140 
4 3142 3066 3065 3141 
4 3143 3067 3066 3142 
4 3144 3068 3067 3143 
4 3145 3069 3068 3144 
4 3146 3070 3069 3145 
4 3147 3071 3070 3146 
4 3148 3072 3071 3147 
4 3149 3073 3072 3148 
4 3150 3074 3073 3149 
4 3151 3075 3074 3150 
4 3152 3076 3075 3151 
4 3153 3077 3076 3152 
4 3193 3117 3116 3192 
4 3194 3118 3117 3193 
4 3195 3119 3118 3194 
4 3196 3120 3119 3195 
4 3197 3121 3120 3196 
4 3198 3122 3121 3197 
4 3199 3123 3122 3198 
4 3200 3124 3123 3199 
4 3201 3125 3124 3200 
4 3202 3126 3125 3201 
4 3203 3127 3126 3202 
4 3204 3128 3127 3203 
4 3205 3129 3128 3204 
4 3206 3130 3129 3205 
4 3207 3131 3130 3206 
4 3208 3132 3131 3207 
4 3209 3133 3132 3208 
4 3210 3134 3133 3209 
4 3211 3135 3134 3210 
4 3212 3136 3135 3211 
4 3213 3137 3136 3212 
4 3214 3138 3137 3213 
4 3215 3139 3138 3214 
4 3216 3140 3139 3215 
4 3217 3141 3140 3216 
4 3218 3142 3141 3217 
4 3219 3143 3142 3218 
4 3220 3144 3143 3219 
4 3221 3145 3144 3220 
4 3222 3146 3145 3221 
4 3223 3147 3146 3222 
4 3224 3148 3147 3223 
4 3225 3149 3148 3224 
4 3226 3150 3149 3225 
4 3227 3151 3150 3226 
4 3228 3152 3151 3227 
4 3229 3153 3152 3228 
4 3269 3193 3192 3268 
4 3270 3194 3193 3269 
4 3271 3195 3194 3270 
4 3272 3196 3195 3271 
4 3273 3197 3196 3272 
4 3274 3198 3197 3273 
4 3275 3199 3198 3274 
4 3276 3200 3199 3275 
4 3277 3201 3200 3276 
4 3278 3202 3201 3277 
4 3279 3203 3202 3278 
4 3280 3204 3203 3279 
4 3281 3205 3204 3280 
4 3282 3206 3205 3281 
4 3283 3207 3206 3282 
4 3284 3208 3207 3283 
4 3285 3209 3208 3284 
4 3286 3210 3209 3285 
4 3287 3211 3210 3286 
4 3288 3212 3211 3287 
4 3289 3213 3212 3288 
4 3290 3214 3213 3289 
4 3291 3215 3214 3290 
4 3292 3216 3215 3291 
4 3293 3217 3216 3292 
4 3294 3218 3217 3293 
4 3295 3219 3218 3294 
4 3296 3220 3219 3295 
4 3297 3221 3220 3296 
4 3298 3222 3221 3297 
4 3299 3223 3222 3298 
4 3300 3224 3223 3299 
4 3301 3225 3224 3300 
4 3302 3226 3225 3301 
4 3303 3227 3226 3302 
4 3304 3228 3227 3303 
4 3305 3229 3228 3304 
4 3345 3269 3268 3344 
4 3346 3270 3269 3345 
4 3347 3271 3270 3346 
4 3348 3272 3271 3347 
4 3349 3273 3272 3348 
4 3350 3274 3273 3349 
4 3351 3275 3274 3350 
4 3352 3276 3275 3351 
4 3353 3277 3276 3352 
4 3354 3278 3277 3353 
4 3355 3279 3278 3354 
4 3356 3280 3279 3355 
4 3357 3281 3280 3356 
4 3358 3282 3281 3357 
4 3359 3283 3282 3358 
4 3360 3284 3283 3359 
4 3361 3285 3284 3360 
4 3362 3286 3285 3361 
4 3363 3287 3286 3362 
4 3364 3288 3287 3363 
4 3365 3289 3288 3364 
4 3366 3290 3289 3365 
4 3367 3291 3290 3366 
4 3368 3292 3291 3367 
4 3369 3293 3292 3368 
4 3370 3294 3293 3369 
4 3371 3295 3294 3370 
4 3372 3296 3295 3371 
4 3373 3297 3296 3372 
4 3374 3298 3297 3373 
4 3375 3299 3298 3374 
4 3376 3300 3299 3375 
4 3377 3301 3300 3376 
4 3378 3302 3301 3377 
4 3379 3303 3302 3378 
4 3380 3304 3303 3379 
4 3381 3305 3304 3380 
4 3421 3345 3344 3420 
4 3422 3346 3345 3421 
4 3423 3347 3346 3422 
4 3424 3348 3347 3423 
4 3425 3349 3348 3424 
4 3426 3350 3349 3425 
4 3427 3351 3350 3426 
4 3428 3352 3351 3427 
4 3429 3353 3352 3428 
4 3430 3354 3353 3429 
4 3431 3355 3354 3430 
4 3432 3356 3355 3431 
4 3433 3357 3356 3432 
4 3434 3358 3357 3433 
4 3435 3359 3358 3434 
4 3436 3360 3359 3435 
4 3437 3361 3360 3436 
4 3438 3362 3361 3437 
4 3439 3363 3362 3438 
4 3440 3364 3363 3439 
4 3441 3365 3364 3440 
4 3442 3366 3365 3441 
4 3443 3367 3366 3442 
4 3444 3368 3367 3443 
4 3445 3369 3368 3444 
4 3446 3370 3369 3445 
4 3447 3371 3370 3446 
4 3448 3372 3371 3447 
4 3449 3373 3372 3448 
4 3450 3374 3373 3449 
4 3451 3375 3374 3450 
4 3452 3376 3375 3451 
4 3453 3377 3376 3452 
4 3454 3378 3377 3453 
4 3455 3379 3378 3454 
4 3456 3380 3379 3455 
4 3457 3381 3380 3456 
4 3497 3421 3420 3496 
4 3498 3422 3421 3497 
4 3499 3423 3422 3498 
4 3500 3424 3423 3499 
4 3501 3425 3424 3500 
4 3502 3426 3425 3501 
4 3503 3427 3426 3502 
4 3504 3428 3427 3503 
4 3505 3429 3428 3504 
4 3506 3430 3429 3505 
4 3507 3431 3430 3506 
4 3508 3432 3431 3507 
4 3509 3433 3432 3508 
4 3510 3434 3433 3509 
4 3511 3435 3434 3510 
4 3512 3436 3435 3511 
4 3513 3437 3436 3512 
4 3514 3438 3437 3513 
4 3515 3439 3438 3514 
4 3516 3440 3439 3515 
4 3517 3441 3440 3516 
4 3518 3442 3441 3517 
4 3519 3443 3442 3518 
4 3520 3444 3443 3519 
4 3521 3445 3444 3520 
4 3522 3446 3445 3521 
4 3523 3447 3446 3522 
4 3524 3448 3447 3523 
4 3525 3449 3448 3524 
4 3526 3450 3449 3525 
4 3527 3451 3450 3526 
4 3528 3452 3451 3527 
4 3529 3453 3452 3528 
4 3530 3454 3453 3529 
4 3531 3455 3454 3530 
4 3532 3456 3455 3531 
4 3533 3457 3456 3532 
4 3573 3497 3496 3572 
4 3574 3498 3497 3573 
4 3575 3499 3498 3574 
4 3576 3500 3499 3575 
4 3577 3501 3500 3576 
4 3578 3502 3501 3577 
4 3579 3503 3502 3578 
4 3580 3504 3503 3579 
4 3581 3505 3504 3580 
4 3582 3506 3505 3581 
4 3583 3507 3506 3582 
4 3584 3508 3507 3583 
4 3585 3509 3508 3584 
4 3586 3510 3509 3585 
4 3587 3511 3510 3586 
4 3588 3512 3511 3587 
4 3589 3513 3512 3588 
4 3590 3514 3513 3589 
4 3591 3515 3514 3590 
4 3592 3516 3515 3591 
4 3593 3517 3516 3592 
4 3594 3518 3517 3593 
4 3595 3519 3518 3594 
4 3596 3520 3519 3595 
4 3597 3521 3520 3596 
4 3598 3522 3521 3597 
4 3599 3523 3522 3598 
4 3600 3524 3523 3599 
4 3601 3525 3524 3600 
4 3602 3526 3525 3601 
4 3603 3527 3526 3602 
4 3604 3528 3527 3603 
4 3605 3529 3528 3604 
4 3606 3530 3529 3605 
4 3607 3531 3530 3606 
4 3608 3532 3531 3607 
4 3609 3533 3532 3608 
4 3649 3573 3572 3648 
4 3650 3574 3573 3649 
4 3651 3575 3574 3650 
4 3652 3576 3575 3651 
4 3653 3577 3576 3652 
4 3654 3578 3577 3653 
4 3655 3579 3578 3654 
4 3656 3580 3579 3655 
4 3657 3581 3580 3656 
4 3658 3582 3581 3657 
4 3659 3583 3582 3658 
4 3660 3584 3583 3659 
4 3661 3585 3584 3660 
4 3662 3586 3585 3661 
4 3663 3587 3586 3662 
4 3664 3588 3587 3663 
4 3665 3589 3588 3664 
4 3666 3590 3589 3665 
4 3667 3591 3590 3666 
4 3668 3592 3591 3667 
4 3669 3593 3592 3668 
4 3670 3594 3593 3669 
4 3671 3595 3594 3670 
4 3672 3596 3595 3671 
4 3673 3597 3596 3672 
4 3674 3598 3597 3673 
4 3675 3599 3598 3674 
4 3676 3600 3599 3675 
4 3677 3601 3600 3676 
4 3678 3602 3601 3677 
4 3679 3603 3602 3678 
4 3680 3604 3603 3679 
4 3681 3605 3604 3680 
4 3682 3606 3605 3681 
4 3683 3607 3606 3682 
4 3684 3608 3607 3683 
4 3685 3609 3608 3684 
4 3725 3649 3648 3724 
4 3726 3650 3649 3725 
4 3727 3651 3650 3726 
4 3728 3652 3651 3727 
4 3729 3653 3652 3728 
4 3730 3654 3653 3729 
4 3731 3655 3654 3730 
4 3732 3656 3655 3731 
4 3733 3657 3656 3732 
4 3734 3658 3657 3733 
4 3735 3659 3658 3734 
4 3736 3660 3659 3735 
4 3737 3661 3660 3736 
4 3738 3662 3661 3737 
4 3739 3663 3662 3738 
4 3740 3664 3663 3739 
4 3741 3665 3664 3740 
4 3742 3666 3665 3741 
4 3743 3667 3666 3742 
4 3744 3668 3667 3743 
4 3745 3669 3668 3744 
4 3746 3670 3669 3745 
4 3747 3671 3670 3746 
4 3748 3672 3671 3747 
4 3749 3673 3672 3748 
4 3750 3674 3673 3749 
4 3751 3675 3674 3750 
4 3752 3676 3675 3751 
4 3753 3677 3676 3752 
4 3754 3678 3677 3753 
4 3755 3679 3678 3754 
4 3756 3680 3679 3755 
4 3757 3681 3680 3756 
4 3758 3682 3681 3757 
4 3759 3683 3682 3758 
4 3760 3684 3683 3759 
4 3761 3685 3684 3760 
4 3801 3725 3724 3800 
4 3802 3726 3725 3801 
4 3803 3727 3726 3802 
4 3804 3728 3727 3803 
4 3805 3729 3728 3804 
4 3806 3730 3729 3805 
4 3807 3731 3730 3806 
4 3808 3732 3731 3807 
4 3809 3733 3732 3808 
4 3810 3734 3733 3809 
4 3811 3735 3734 3810 
4 3812 3736 3735 3811 
4 3813 3737 3736 3812 
4 3814 3738 3737 3813 
4 3815 3739 3738 3814 
4 3816 3740 3739 3815 
4 3817 3741 3740 3816 
4 3818 3742 3741 3817 
4 3819 3743 3742 3818 
4 3820 3744 3743 3819 
4 3821 3745 3744 3820 
4 3822 3746 3745 3821 
4 3823 3747 3746 3822 
4 3824 3748 3747 3823 
4 3825 3749 3748 3824 
4 3826 3750 3749 3825 
4 3827 3751 3750 3826 
4 3828 3752 3751 3827 
4 3829 3753 3752 3828 
4 3830 3754 3753 3829 
4 3831 3755 3754 3830 
4 3832 3756 3755 3831 
4 3833 3757 3756 3832 
4 3834 3758 3757 3833 
4 3835 3759 3758 3834 
4 3836 3760 3759 3835 
4 3837 3761 3760 3836 
4 3877 3801 3800 3876 
4 3878 3802 3801 3877 
4 3879 3803 3802 3878 
4 3880 3804 3803 3879 
4 3881 3805 3804 3880 
4 3882 3806 3805 3881 
4 3883 3807 3806 3882 
4 3884 3808 3807 3883 
4 3885 3809 3808 3884 
4 3886 3810 3809 3885 
4 3887 3811 3810 3886 
4 3888 3812 3811 3887 
4 3889 3813 3812 3888 
4 3890 3814 3813 3889 
4 3891 3815 3814 3890 
4 3892 3816 3815 3891 
4 3893 3817 3816 3892 
4 3894 3818 3817 3893 
4 3895 3819 3818 3894 
4 3896 3820 3819 3895 
4 3897 3821 3820 3896 
4 3898 3822 3821 3897 
4 3899 3823 3822 3898 
4 3900 3824 3823 3899 
4 3901 3825 3824 3900 
4 3902 3826 3825 3901 
4 3903 3827 3826 3902 
4 3904 3828 3827 3903 
4 3905 3829 3828 3904 
4 3906 3830 3829 3905 
4 3907 3831 3830 3906 
4 3908 3832 3831 3907 
4 3909 3833 3832 3908 
4 3910 3834 3833 3909 
4 3911 3835 3834 3910 
4 3912 3836 3835 3911 
4 3913 3837 3836 3912 
4 3953 3877 3876 3952 
4 3954 3878 3877 3953 
4 3955 3879 3878 3954 
4 3956 3880 3879 3955 
4 3957 3881 3880 3956 
4 3958 3882 3881 3957 
4 3959 3883 3882 3958 
4 3960 3884 3883 3959 
4 3961 3885 3884 3960 
4 3962 3886 3885 3961 
4 3963 3887 3886 3962 
4 3964 3888 3887 3963 
4 3965 3889 3888 3964 
4 3966 3890 3889 3965 
4 3967 3891 3890 3966 
4 3968 3892 3891 3967 
4 3969 3893 3892 3968 
4 3970 3894 3893 3969 
4 3971 3895 3894 3970 
4 3972 3896 3895 3971 
4 3973 3897 3896 3972 
4 3974 3898 3897 3973 
4 3975 3899 3898 3974 
4 3976 3900 3899 3975 
4 3977 3901 3900 3976 
4 3978 3902 3901 3977 
4 3979 3903 3902 3978 
4 3980 3904 3903 3979 
4 3981 3905 3904 3980 
4 3982 3906 3905 3981 
4 3983 3907 3906 3982 
4 3984 3908 3907 3983 
4 3985 3909 3908 3984 
4 3986 3910 3909 3985 
4 3987 3911 3910 3986 
4 3988 3912 3911 3987 
4 3989 3913 3912 3988 
4 4029 3953 3952 4028 
4 4030 3954 3953 4029 
4 4031 3955 3954 4030 
4 4032 3956 3955 4031 
4 4033 3957 3956 4032 
4 4034 3958 3957 4033 
4 4035 3959 3958 4034 
4 4036 3960 3959 4035 
4 4037 3961 3960 4036 
4 4038 3962 3961 4037 
4 4039 3963 3962 4038 
4 4040 3964 3963 4039 
4 4041 3965 3964 4040 
4 4042 3966 3965 4041 
4 4043 3967 3966 4042 
4 4044 3968 3967 4043 
4 4045 3969 3968 4044 
4 4046 3970 3969 4045 
4 4047 3971 3970 4046 
4 4048 3972 3971 4047 
4 4049 3973 3972 4048 
4 4050 3974 3973 4049 
4 4051 3975 3974 4050 
4 4052 3976 3975 4051 
4 4053 3977 3976 4052 
4 4054 3978 3977 4053 
4 4055 3979 3978 4054 
4 4056 3980 3979 4055 
4 4057 3981 3980 4056 
4 4058 3982 3981 4057 
4 4059 3983 3982 4058 
4 4060 3984 3983 4059 
4 4061 3985 3984 4060 
4 4062 3986 3985 4061 
4 4063 3987 3986 4062 
4 4064 3988 3987 4063 
4 4065 3989 3988 4064 
4 4105 4029 4028 4104 
4 4106 4030 4029 4105 
4 4107 4031 4030 4106 
4 4108 4032 4031 4107 
4 4109 4033 4032 4108 
4 4110 4034 4033 4109 
4 4111 4035 4034 4110 
4 4112 4036 4035 4111 
4 4113 4037 4036 4112 
4 4114 4038 4037 4113 
4 4115 4039 4038 4114 
4 4116 4040 4039 4115 
4 4117 4041 4040 4116 
4 4118 4042 4041 4117 
4 4119 4043 4042 4118 
4 4120 4044 4043 4119 
4 4121 4045 4044 4120 
4 4122 4046 4045 4121 
4 4123 4047 4046 4122 
4 4124 4048 4047 4123 
4 4125 4049 4048 4124 
4 4126 4050 4049 4125 
4 4127 4051 4050 4126 
4 4128 4052 4051 4127 
4 4129 4053 4052 4128 
4 4130 4054 4053 4129 
4 4131 4055 4054 4130 
4 4132 4056 4055 4131 
4 4133 4057 4056 4132 
4 4134 4058 4057 4133 
4 4135 4059 4058 4134 
4 4136 4060 4059 4135 
4 4137 4061 4060 4136 
4 4138 4062 4061 4137 
4 4139 4063 4062 4138 
4 4140 4064 4063 4139 
4 4141 4065 4064 4140 
4 4181 4105 4104 4180 
4 4182 4106 4105 4181 
4 4183 4107 4106 4182 
4 4184 4108 4107 4183 
4 4185 4109 4108 4184 
4 4186 4110 4109 4185 
4 4187 4111 4110 4186 
4 4188 4112 4111 4187 
4 4189 4113 4112 4188 
4 4190 4114 4113 4189 
4 4191 4115 4114 4190 
4 4192 4116 4115 4191 
4 4193 4117 4116 4192 
4 4194 4118 4117 4193 
4 4195 4119 4118 4194 
4 4196 4120 4119 4195 
4 4197 4121 4120 4196 
4 4198 4122 4121 4197 
4 4199 4123 4122 4198 
4 4200 4124 4123 4199 
4 4201 4125 4124 4200 
4 4202 4126 4125 4201 
4 4203 4127 4126 4202 
4 4204 4128 4127 4203 
4 4205 4129 4128 4204 
4 4206 4130 4129 4205 
4 4207 4131 4130 4206 
4 4208 4132 4131 4207 
4 4209 4133 4132 4208 
4 4210 4134 4133 4209 
4 4211 4135 4134 4210 
4 4212 4136 4135 4211 
4 4213 4137 4136 4212 
4 4214 4138 4137 4213 
4 4215 4139 4138 4214 
4 4216 4140 4139 4215 
4 4217 4141 4140 4216 
4 4257 4181 4180 4256 
4 4258 4182 4181 4257 
4 4259 4183 4182 4258 
4 4260 4184 4183 4259 
4 4261 4185 4184 4260 
4 4262 4186 4185 4261 
4 4263 4187 4186 4262 
4 4264 4188 4187 4263 
4 4265 4189 4188 4264 
4 4266 4190 4189 4265 
4 4267 4191 4190 4266 
4 4268 4192 4191 4267 
4 4269 4193 4192 4268 
4 4270 4194 4193 4269 
4 4271 4195 4194 4270 
4 4272 4196 4195 4271 
4 4273 4197 4196 4272 
4 4274 4198 4197 4273 
4 4275 4199 4198 4274 
4 4276 4200 4199 4275 
4 4277 4201 4200 4276 
4 4278 4202 4201 4277 
4 4279 4203 4202 4278 
4 4280 4204 4203 4279 
4 4281 4205 4204 4280 
4 4282 4206 4205 4281 
4 4283 4207 4206 4282 
4 4284 4208 4207 4283 
4 4285 4209 4208 4284 
4 4286 4210 4209 4285 
4 4287 4211 4210 4286 
4 4288 4212 4211 4287 
4 4289 4213 4212 4288 
4 4290 4214 4213 4289 
4 4291 4215 4214 4290 
4 4292 4216 4215 4291 
4 4293 4217 4216 4292 
4 4333 4257 4256 4332 
4 4334 4258 4257 4333 
4 4335 4259 4258 4334 
4 4336 4260 4259 4335 
4 4337 4261 4260 4336 
4 4338 4262 4261 4337 
4 4339 4263 4262 4338 
4 4340 4264 4263 4339 
4 4341 4265 4264 4340 
4 4342 4266 4265 4341 
4 4343 4267 4266 4342 
4 4344 4268 4267 4343 
4 4345 4269 4268 4344 
4 4346 4270 4269 4345 
4 4347 4271 4270 4346 
4 4348 4272 4271 4347 
4 4349 4273 4272 4348 
4 4350 4274 4273 4349 
4 4351 4275 4274 4350 
4 4352 4276 4275 4351 
4 4353 4277 4276 4352 
4 4354 4278 4277 4353 
4 4355 4279 4278 4354 
4 4356 4280 4279 4355 
4 4357 4281 4280 4356 
4 4358 4282 4281 4357 
4 4359 4283 4282 4358 
4 4360 4284 4283 4359 
4 4361 4285 4284 4360 
4 4362 4286 4285 4361 
4 4363 4287 4286 4362 
4 4364 4288 4287 4363 
4 4365 4289 4288 4364 
4 4366 4290 4289 4365 
4 4367 4291 4290 4366 
4 4368 4292 4291 4367 
4 4369 4293 4292 4368 
4 4409 4333 4332 4408 
4 4410 4334 4333 4409 
4 4411 4335 4334 4410 
4 4412 4336 4335 4411 
4 4413 4337 4336 4412 
4 4414 4338 4337 4413 
4 4415 4339 4338 4414 
4 4416 4340 4339 4415 
4 4417 4341 4340 4416 
4 4418 4342 4341 4417 
4 4419 4343 4342 4418 
4 4420 4344 4343 4419 
4 4421 4345 4344 4420 
4 4422 4346 4345 4421 
4 4423 4347 4346 4422 
4 4424 4348 4347 4423 
4 4425 4349 4348 4424 
4 4426 4350 4349 4425 
4 4427 4351 4350 4426 
4 4428 4352 4351 4427 
4 4429 4353 4352 4428 
4 4430 4354 4353 4429 
4 4431 4355 4354 4430 
4 4432 4356 4355 4431 
4 4433 4357 4356 4432 
4 4434 4358 4357 4433 
4 4435 4359 4358 4434 
4 4436 4360 4359 4435 
4 4437 4361 4360 4436 
4 4438 4362 4361 4437 
4 4439 4363 4362 4438 
4 4440 4364 4363 4439 
4 4441 4365 4364 4440 
4 4442 4366 4365 4441 
4 4443 4367 4366 4442 
4 4444 4368 4367 4443 
4 4445 4369 4368 4444 
4 4485 4409 4408 4484 
4 4486 4410 4409 4485 
4 4487 4411 4410 4486 
4 4488 4412 4411 4487 
4 4489 4413 4412 4488 
4 4490 4414 4413 4489 
4 4491 4415 4414 4490 
4 4492 4416 4415 4491 
4 4493 4417 4416 4492 
4 4494 4418 4417 4493 
4 4495 4419 4418 4494 
4 4496 4420 4419 4495 
4 4497 4421 4420 4496 
4 4498 4422 4421 4497 
4 4499 4423 4422 4498 
4 4500 4424 4423 4499 
4 4501 4425 4424 4500 
4 4502 4426 4425 4501 
4 4503 4427 4426 4502 
4 4504 4428 4427 4503 
4 4505 4429 4428 4504 
4 4506 4430 4429 4505 
4 4507 4431 4430 4506 
4 4508 4432 4431 4507 
4 4509 4433 4432 4508 
4 4510 4434 4433 4509 
4 4511 4435 4434 4510 
4 4512 4436 4435 4511 
4 4513 4437 4436 4512 
4 4514 4438 4437 4513 
4 4515 4439 4438 4514 
4 4516 4440 4439 4515 
4 4517 4441 4440 4516 
4 4518 4442 4441 4517 
4 4519 4443 4442 4518 
4 4520 4444 4443 4519 
4 4521 4445 4444 4520 
4 4561 4485 4484 4560 
4 4562 4486 4485 4561 
4 4563 4487 4486 4562 
4 4564 4488 4487 4563 
4 4565 4489 4488 4564 
4 4566 4490 4489 4565 
4 4567 4491 4490 4566 
4 4568 4492 4491 4567 
4 4569 4493 4492 4568 
4 4570 4494 4493 4569 
4 4571 4495 4494 4570 
4 4572 4496 4495 4571 
4 4573 4497 4496 4572 
4 4574 4498 4497 4573 
4 4575 4499 4498 4574 
4 4576 4500 4499 4575 
4 4577 4501 4500 4576 
4 4578 4502 4501 4577 
4 4579 4503 4502 4578 
4 4580 4504 4503 4579 
4 4581 4505 4504 4580 
4 4582 4506 4505 4581 
4 4583 4507 4506 4582 
4 4584 4508 4507 4583 
4 4585 4509 4508 4584 
4 4586 4510 4509 4585 
4 4587 4511 4510 4586 
4 4588 4512 4511 4587 
4 4589 4513 4512 4588 
4 4590 4514 4513 4589 
4 4591 4515 4514 4590 
4 4592 4516 4515 4591 
4 4593 4517 4516 4592 
4 4594 4518 4517 4593 
4 4595 4519 4518 4594 
4 4596 4520 4519 4595 
4 4597 4521 4520 4596 
4 4637 4561 4560 4636 
4 4638 4562 4561 4637 
4 4639 4563 4562 4638 
4 4640 4564 4563 4639 
4 4641 4565 4564 4640 
4 4642 4566 4565 4641 
4 4643 4567 4566 4642 
4 4644 4568 4567 4643 
4 4645 4569 4568 4644 
4 4646 4570 4569 4645 
4 4647 4571 4570 4646 
4 4648 4572 4571 4647 
4 4649 4573 4572 4648 
4 4650 4574 4573 4649 
4 4651 4575 4574 4650 
4 4652 4576 4575 4651 
4 4653 4577 4576 4652 
4 4654 4578 4577 4653 
4 4655 4579 4578 4654 
4 4656 4580 4579 4655 
4 4657 4581 4580 4656 
4 4658 4582 4581 4657 
4 4659 4583 4582 4658 
4 4660 4584 4583 4659 
4 4661 4585 4584 4660 
4 4662 4586 4585 4661 
4 4663 4587 4586 4662 
4 4664 4588 4587 4663 
4 4665 4589 4588 4664 
4 4666 4590 4589 4665 
4 4667 4591 4590 4666 
4 4668 4592 4591 4667 
4 4669 4593 4592 4668 
4 4670 4594 4593 4669 
4 4671 4595 4594 4670 
4 4672 4596 4595 4671 
4 4673 4597 4596 4672 
4 4713 4637 4636 4712 
4 4714 4638 4637 4713 
4 4715 4639 4638 4714 
4 4716 4640 4639 4715 
4 4717 4641 4640 4716 
4 4718 4642 4641 4717 
4 4719 4643 4642 4718 
4 4720 4644 4643 4719 
4 4721 4645 4644 4720 
4 4722 4646 4645 4721 
4 4723 4647 4646 4722 
4 4724 4648 4647 4723 
4 4725 4649 4648 4724 
4 4726 4650 4649 4725 
4 4727 4651 4650 4726 
4 4728 4652 4651 4727 
4 4729 4653 4652 4728 
4 4730 4654 4653 4729 
4 4731 4655 4654 4730 
4 4732 4656 4655 4731 
4 4733 4657 4656 4732 
4 4734 4658 4657 4733 
4 4735 4659 4658 4734 
4 4736 4660 4659 4735 
4 4737 4661 4660 4736 
4 4738 4662 4661 4737 
4 4739 4663 4662 4738 
4 4740 4664 4663 4739 
4 4741 4665 4664 4740 
4 4742 4666 4665 4741 
4 4743 4667 4666 4742 
4 4744 4668 4667 4743 
4 4745 4669 4668 4744 
4 4746 4670 4669 4745 
4 4747 4671 4670 4746 
4 4748 4672 4671 4747 
4 4749 4673 4672 4748 
4 4789 4713 4712 4788 
4 4790 4714 4713 4789 
4 4791 4715 4714 4790 
4 4792 4716 4715 4791 
4 4793 4717 4716 4792 
4 4794 4718 4717 4793 
4 4795 4719 4718 4794 
4 4796 4720 4719 4795 
4 4797 4721 4720 4796 
4 4798 4722 4721 4797 
4 4799 4723 4722 4798 
4 4800 4724 4723 4799 
4 4801 4725 4724 4800 
4 4802 4726 4725 4801 
4 4803 4727 4726 4802 
4 4804 4728 4727 4803 
4 4805 4729 4728 4804 
4 4806 4730 4729 4805 
4 4807 4731 4730 4806 
4 4808 4732 4731 4807 
4 4809 4733 4732 4808 
4 4810 4734 4733 4809 
4 4811 4735 4734 4810 
4 4812 4736 4735 4811 
4 4813 4737 4736 4812 
4 4814 4738 4737 4813 
4 4815 4739 4738 4814 
4 4816 4740 4739 4815 
4 4817 4741 4740 4816 
4 4818 4742 4741 4817 
4 4819 4743 4742 4818 
4 4820 4744 4743 4819 
4 4821 4745 4744 4820 
4 4822 4746 4745 4821 
4 4823 4747 4746 4822 
4 4824 4748 4747 4823 
4 4825 4749 4748 4824 
4 4865 4789 4788 4864 
4 4866 4790 4789 4865 
4 4867 4791 4790 4866 
4 4868 4792 4791 4867 
4 4869 4793 4792 4868 
4 4870 4794 4793 4869 
4 4871 4795 4794 4870 
4 4872 4796 4795 4871 
4 4873 4797 4796 4872 
4 4874 4798 4797 4873 
4 4875 4799 4798 4874 
4 4876 4800 4799 4875 
4 4877 4801 4800 4876 
4 4878 4802 4801 4877 
4 4879 4803 4802 4878 
4 4880 4804 4803 4879 
4 4881 4805 4804 4880 
4 4882 4806 4805 4881 
4 4883 4807 4806 4882 
4 4884 4808 4807 4883 
4 4885 4809 4808 4884 
4 4886 4810 4809 4885 
4 4887 4811 4810 4886 
4 4888 4812 4811 4887 
4 4889 4813 4812 4888 
4 4890 4814 4813 4889 
4 4891 4815 4814 4890 
4 4892 4816 4815 4891 
4 4893 4817 4816 4892 
4 4894 4818 4817 4893 
4 4895 4819 4818 4894 
4 4896 4820 4819 4895 
4 4897 4821 4820 4896 
4 4898 4822 4821 4897 
4 4899 4823 4822 4898 
4 4900 4824 4823 4899 
4 4901 4825 4824 4900 
4 4941 4865 4864 4940 
4 4942 4866 4865 4941 
4 4943 4867 4866 4942 
4 4944 4868 4867 4943 
4 4945 4869 4868 4944 
4 4946 4870 4869 4945 
4 4947 4871 4870 4946 
4 4948 4872 4871 4947 
4 4949 4873 4872 4948 
4 4950 4874 4873 4949 
4 4951 4875 4874 4950 
4 4952 4876 4875 4951 
4 4953 4877 4876 4952 
4 4954 4878 4877 4953 
4 4955 4879 4878 4954 
4 4956 4880 4879 4955 
4 4957 4881 4880 4956 
4 4958 4882 4881 4957 
4 4959 4883 4882 4958 
4 4960 4884 4883 4959 
4 4961 4885 4884 4960 
4 4962 4886 4885 4961 
4 4963 4887 4886 4962 
4 4964 4888 4887 4963 
4 4965 4889 4888 4964 
4 4966 4890 4889 4965 
4 4967 4891 4890 4966 
4 4968 4892 4891 4967 
4 4969 4893 4892 4968 
4 4970 4894 4893 4969 
4 4971 4895 4894 4970 
4 4972 4896 4895 4971 
4 4973 4897 4896 4972 
4 4974 4898 4897 4973 
4 4975 4899 4898 4974 
4 4976 4900 4899 4975 
4 4977 4901 4900 4976 
4 5017 4941 4940 5016 
4 5018 4942 4941 5017 
4 5019 4943 4942 5018 
4 5020 4944 4943 5019 
4 5021 4945 4944 5020 
4 5022 4946 4945 5021 
4 5023 4947 4946 5022 
4 5024 4948 4947 5023 
4 5025 4949 4948 5024 
4 5026 4950 4949 5025 
4 5027 4951 4950 5026 
4 5028 4952 4951 5027 
4 5029 4953 4952 5028 
4 5030 4954 4953 5029 
4 5031 4955 4954 5030 
4 5032 4956 4955 5031 
4 5033 4957 4956 5032 
4 5034 4958 4957 5033 
4 5035 4959 4958 5034 
4 5036 4960 4959 5035 
4 5037 4961 4960 5036 
4 5038 4962 4961 5037 
4 5039 4963 4962 5038 
4 5040 4964 4963 5039 
4 5041 4965 4964 5040 
4 5042 4966 4965 5041 
4 5043 4967 4966 5042 
4 5044 4968 4967 5043 
4 5045 4969 4968 5044 
4 5046 4970 4969 5045 
4 5047 4971 4970 5046 
4 5048 4972 4971 5047 
4 5049 4973 4972 5048 
4 5050 4974 4973 5049 
4 5051 4975 4974 5050 
4 5052 4976 4975 5051 
4 5053 4977 4976 5052 
4 5093 5017 5016 5092 
4 5094 5018 5017 5093 
4 5095 5019 5018 5094 
4 5096 5020 5019 5095 
4 5097 5021 5020 5096 
4 5098 5022 5021 5097 
4 5099 5023 5022 5098 
4 5100 5024 5023 5099 
4 5101 5025 5024 5100 
4 5102 5026 5025 5101 
4 5103 5027 5026 5102 
4 5104 5028 5027 5103 
4 5105 5029 5028 5104 
4 5106 5030 5029 5105 
4 5107 5031 5030 5106 
4 5108 5032 5031 5107 
4 5109 5033 5032 5108 
4 5110 5034 5033 5109 
4 5111 5035 5034 5110 
4 5112 5036 5035 5111 
4 5113 5037 5036 5112 
4 5114 5038 5037 5113 
4 5115 5039 5038 5114 
4 5116 5040 5039 5115 
4 5117 5041 5040 5116 
4 5118 5042 5041 5117 
4 5119 5043 5042 5118 
4 5120 5044 5043 5119 
4 5121 5045 5044 5120 
4 5122 5046 5045 5121 
4 5123 5047 5046 5122 
4 5124 5048 5047 5123 
4 5125 5049 5048 5124 
4 5126 5050 5049 5125 
4 5127 5051 5050 5126 
4 5128 5052 5051 5127 
4 5129 5053 5052 5128 
4 5169 5093 5092 5168 
4 5170 5094 5093 5169 
4 5171 5095 5094 5170 
4 5172 5096 5095 5171 
4 5173 5097 5096 5172 
4 5174 5098 5097 5173 
4 5175 5099 5098 5174 
4 5176 5100 5099 5175 
4 5177 5101 5100 5176 
4 5178 5102 5101 5177 
4 5179 5103 5102 5178 
4 5180 5104 5103 5179 
4 5181 5105 5104 5180 
4 5182 5106 5105 5181 
4 5183 5107 5106 5182 
4 5184 5108 5107 5183 
4 5185 5109 5108 5184 
4 5186 5110 5109 5185 
4 5187 5111 5110 5186 
4 5188 5112 5111 5187 
4 5189 5113 5112 5188 
4 5190 5114 5113 5189 
4 5191 5115 5114 5190 
4 5192 5116 5115 5191 
4 5193 5117 5116 5192 
4 5194 5118 5117 5193 
4 5195 5119 5118 5194 
4 5196 5120 5119 5195 
4 5197 5121 5120 5196 
4 5198 5122 5121 5197 
4 5199 5123 5122 5198 
4 5200 5124 5123 5199 
4 5201 5125 5124 5200 
4 5202 5126 5125 5201 
4 5203 5127 5126 5202 
4 5204 5128 5127 5203 
4 5205 5129 5128 5204 
4 5245 5169 5168 5244 
4 5246 5170 5169 5245 
4 5247 5171 5170 5246 
4 5248 5172 5171 5247 
4 5249 5173 5172 5248 
4 5250 5174 5173 5249 
4 5251 5175 5174 5250 
4 5252 5176 5175 5251 
4 5253 5177 5176 5252 
4 5254 5178 5177 5253 
4 5255 5179 5178 5254 
4 5256 5180 5179 5255 
4 5257 5181 5180 5256 
4 5258 5182 5181 5257 
4 5259 5183 5182 5258 
4 5260 5184 5183 5259 
4 5261 5185 5184 5260 
4 5262 5186 5185 5261 
4 5263 5187 5186 5262 
4 5264 5188 5187 5263 
4 5265 5189 5188 5264 
4 5266 5190 5189 5265 
4 5267 5191 5190 5266 
4 5268 5192 5191 5267 
4 5269 5193 5192 5268 
4 5270 5194 5193 5269 
4 5271 5195 5194 5270 
4 5272 5196 5195 5271 
4 5273 5197 5196 5272 
4 5274 5198 5197 5273 
4 5275 5199 5198 5274 
4 5276 5200 5199 5275 
4 5277 5201 5200 5276 
4 5278 5202 5201 5277 
4 5279 5203 5202 5278 
4 5280 5204 5203 5279 
4 5281 5205 5204 5280 
4 5321 5245 5244 5320 
4 5322 5246 5245 5321 
4 5323 5247 5246 5322 
4 5324 5248 5247 5323 
4 5325 5249 5248 5324 
4 5326 5250 5249 5325 
4 5327 5251 5250 5326 
4 5328 5252 5251 5327 
4 5329 5253 5252 5328 
4 5330 5254 5253 5329 
4 5331 5255 5254 5330 
4 5332 5256 5255 5331 
4 5333 5257 5256 5332 
4 5334 5258 5257 5333 
4 5335 5259 5258 5334 
4 5336 5260 5259 5335 
4 5337 5261 5260 5336 
4 5338 5262 5261 5337 
4 5339 5263 5262 5338 
4 5340 5264 5263 5339 
4 5341 5265 5264 5340 
4 5342 5266 5265 5341 
4 5343 5267 5266 5342 
4 5344 5268 5267 5343 
4 5345 5269 5268 5344 
4 5346 5270 5269 5345 
4 5347 5271 5270 5346 
4 5348 5272 5271 5347 
4 5349 5273 5272 5348 
4 5350 5274 5273 5349 
4 5351 5275 5274 5350 
4 5352 5276 5275 5351 
4 5353 5277 5276 5352 
4 5354 5278 5277 5353 
4 5355 5279 5278 5354 
4 5356 5280 5279 5355 
4 5357 5281 5280 5356 
4 5397 5321 5320 5396 
4 5398 5322 5321 5397 
4 5399 5323 5322 5398 
4 5400 5324 5323 5399 
4 5401 5325 5324 5400 
4 5402 5326 5325 5401 
4 5403 5327 5326 5402 
4 5404 5328 5327 5403 
4 5405 5329 5328 5404 
4 5406 5330 5329 5405 
4 5407 5331 5330 5406 
4 5408 5332 5331 5407 
4 5409 5333 5332 5408 
4 5410 5334 5333 5409 
4 5411 5335 5334 5410 
4 5412 5336 5335 5411 
4 5413 5337 5336 5412 
4 5414 5338 5337 5413 
4 5415 5339 5338 5414 
4 5416 5340 5339 5415 
4 5417 5341 5340 5416 
4 5418 5342 5341 5417 
4 5419 5343 5342 5418 
4 5420 5344 5343 5419 
4 5421 5345 5344 5420 
4 5422 5346 5345 5421 
4 5423 5347 5346 5422 
4 5424 5348 5347 5423 
4 5425 5349 5348 5424 
4 5426 5350 5349 5425 
4 5427 5351 5350 5426 
4 5428 5352 5351 5427 
4 5429 5353 5352 5428 
4 5430 5354 5353 5429 
4 5431 5355 5354 5430 
4 5432 5356 5355 5431 
4 5433 5357 5356 5432 
4 5473 5397 5396 5472 
4 5474 5398 5397 5473 
4 5475 5399 5398 5474 
4 5476 5400 5399 5475 
4 5477 5401 5400 5476 
4 5478 5402 5401 5477 
4 5479 5403 5402 5478 
4 5480 5404 5403 5479 
4 5481 5405 5404 5480 
4 5482 5406 5405 5481 
4 5483 5407 5406 5482 
4 5484 5408 5407 5483 
4 5485 5409 5408 5484 
4 5486 5410 5409 5485 
4 5487 5411 5410 5486 
4 5488 5412 5411 5487 
4 5489 5413 5412 5488 
4 5490 5414 5413 5489 
4 5491 5415 5414 5490 
4 5492 5416 5415 5491 
4 5493 5417 5416 5492 
4 5494 5418 5417 5493 
4 5495 5419 5418 5494 
4 5496 5420 5419 5495 
4 5497 5421 5420 5496 
4 5498 5422 5421 5497 
4 5499 5423 5422 5498 
4 5500 5424 5423 5499 
4 5501 5425 5424 5500 
4 5502 5426 5425 5501 
4 5503 5427 5426 5502 
4 5504 5428 5427 5503 
4 5505 5429 5428 5504 
4 5506 5430 5429 5505 
4 5507 5431 5430 5506 
4 5508 5432 5431 5507 
4 5509 5433 5432 5508 
4 5549 5473 5472 5548 
4 5550 5474 5473 5549 
4 5551 5475 5474 5550 
4 5552 5476 5475 5551 
4 5553 5477 5476 5552 
4 5554 5478 5477 5553 
4 5555 5479 5478 5554 
4 5556 5480 5479 5555 
4 5557 5481 5480 5556 
4 5558 5482 5481 5557 
4 5559 5483 5482 5558 
4 5560 5484 5483 5559 
4 5561 5485 5484 5560 
4 5562 5486 5485 5561 
4 5563 5487 5486 5562 
4 5564 5488 5487 5563 
4 5565 5489 5488 5564 
4 5566 5490 5489 5565 
4 5567 5491 5490 5566 
4 5568 5492 5491 5567 
4 5569 5493 5492 5568 
4 5570 5494 5493 5569 
4 5571 5495 5494 5570 
4 5572 5496 5495 5571 
4 5573 5497 5496 5572 
4 5574 5498 5497 5573 
4 5575 5499 5498 5574 
4 5576 5500 5499 5575 
4 5577 5501 5500 5576 
4 5578 5502 5501 5577 
4 5579 5503 5502 5578 
4 5580 5504 5503 5579 
4 5581 5505 5504 5580 
4 5582 5506 5505 5581 
4 5583 5507 5506 5582 
4 5584 5508 5507 5583 
4 5585 5509 5508 5584 
4 5625 5549 5548 5624 
4 5626 5550 5549 5625 
4 5627 5551 5550 5626 
4 5628 5552 5551 5627 
4 5629 5553 5552 5628 
4 5630 5554 5553 5629 
4 5631 5555 5554 5630 
4 5632 5556 5555 5631 
4 5633 5557 5556 5632 
4 5634 5558 5557 5633 
4 5635 5559 5558 5634 
4 5636 5560 5559 5635 
4 5637 5561 5560 5636 
4 5638 5562 5561 5637 
4 5639 5563 5562 5638 
4 5640 5564 5563 5639 
4 5641 5565 5564 5640 
4 5642 5566 5565 5641 
4 5643 5567 5566 5642 
4 5644 5568 5567 5643 
4 5645 5569 5568 5644 
4 5646 5570 5569 5645 
4 5647 5571 5570 5646 
4 5648 5572 5571 5647 
4 5649 5573 5572 5648 
4 5650 5574 5573 5649 
4 5651 5575 5574 5650 
4 5652 5576 5575 5651 
4 5653 5577 5576 5652 
4 5654 5578 5577 5653 
4 5655 5579 5578 5654 
4 5656 5580 5579 5655 
4 5657 5581 5580 5656 
4 5658 5582 5581 5657 
4 5659 5583 5582 5658 
4 5660 5584 5583 5659 
4 5661 5585 5584 5660 
4 5701 5625 5624 5700 
4 5702 5626 5625 5701 
4 5703 5627 5626 5702 
4 5704 5628 5627 5703 
4 5705 5629 5628 5704 
4 5706 5630 5629 5705 
4 5707 5631 5630 5706 
4 5708 5632 5631 5707 
4 5709 5633 5632 5708 
4 5710 5634 5633 5709 
4 5711 5635 5634 5710 
4 5712 5636 5635 5711 
4 5713 5637 5636 5712 
4 5714 5638 5637 5713 
4 5715 5639 5638 5714 
4 5716 5640 5639 5715 
4 5717 5641 5640 5716 
4 5718 5642 5641 5717 
4 5719 5643 5642 5718 
4 5720 5644 5643 5719 
4 5721 5645 5644 5720 
4 5722 5646 5645 5721 
4 5723 5647 5646 5722 
4 5724 5648 5647 5723 
4 5725 5649 5648 5724 
4 5726 5650 5649 5725 
4 5727 5651 5650 5726 
4 5728 5652 5651 5727 
4 5729 5653 5652 5728 
4 5730 5654 5653 5729 
4 5731 5655 5654 5730 
4 5732 5656 5655 5731 
4 5733 5657 5656 5732 
4 5734 5658 5657 5733 
4 5735 5659 5658 5734 
4 5736 5660 5659 5735 
4 5737 5661 5660 5736 
4 5777 5701 5700 5776 
4 5778 5702 5701 5777 
4 5779 5703 5702 5778 
4 5780 5704 5703 5779 
4 5781 5705 5704 5780 
4 5782 5706 5705 5781 
4 5783 5707 5706 5782 
4 5784 5708 5707 5783 
4 5785 5709 5708 5784 
4 5786 5710 5709 5785 
4 5787 5711 5710 5786 
4 5788 5712 5711 5787 
4 5789 5713 5712 5788 
4 5790 5714 5713 5789 
4 5791 5715 5714 5790 
4 5792 5716 5715 5791 
4 5793 5717 5716 5792 
4 5794 5718 5717 5793 
4 5795 5719 5718 5794 
4 5796 5720 5719 5795 
4 5797 5721 5720 5796 
4 5798 5722 5721 5797 
4 5799 5723 5722 5798 
4 5800 5724 5723 5799 
4 5801 5725 5724 5800 
4 5802 5726 5725 5801 
4 5803 5727 5726 5802 
4 5804 5728 5727 5803 
4 5805 5729 5728 5804 
4 5806 5730 5729 5805 
4 5807 5731 5730 5806 
4 5808 5732 5731 5807 
4 5809 5733 5732 5808 
4 5810 5734 5733 5809 
4 5811 5735 5734 5810 
4 5812 5736 5735 5811 
4 5813 5737 5736 5812 
4 5853 5777 5776 5852 
4 5854 5778 5777 5853 
4 5855 5779 5778 5854 
4 5856 5780 5779 5855 
4 5857 5781 5780 5856 
4 5858 5782 5781 5857 
4 5859 5783 5782 5858 
4 5860 5784 5783 5859 
4 5861 5785 5784 5860 
4 5862 5786 5785 5861 
4 5863 5787 5786 5862 
4 5864 5788 5787 5863 
4 5865 5789 5788 5864 
4 5866 5790 5789 5865 
4 5867 5791 5790 5866 
4 5868 5792 5791 5867 
4 5869 5793 5792 5868 
4 5870 5794 5793 5869 
4 5871 5795 5794 5870 
4 5872 5796 5795 5871 
4 5873 5797 5796 5872 
4 5874 5798 5797 5873 
4 5875 5799 5798 5874 
4 5876 5800 5799 5875 
4 5877 5801 5800 5876 
4 5878 5802 5801 5877 
4 5879 5803 5802 5878 
4 5880 5804 5803 5879 
4 5881 5805 5804 5880 
4 5882 5806 5805 5881 
4 5883 5807 5806 5882 
4 5884 5808 5807 5883 
4 5885 5809 5808 5884 
4 5886 5810 5809 5885 
4 5887 5811 5810 5886 
4 5888 5812 5811 5887 
4 5889 5813 5812 5888 
4 5929 5853 5852 5928 
4 5930 5854 5853 5929 
4 5931 5855 5854 5930 
4 5932 5856 5855 5931 
4 5933 5857 5856 5932 
4 5934 5858 5857 5933 
4 5935 5859 5858 5934 
4 5936 5860 5859 5935 
4 5937 5861 5860 5936 
4 5938 5862 5861 5937 
4 5939 5863 5862 5938 
4 5940 5864 5863 5939 
4 5941 5865 5864 5940 
4 5942 5866 5865 5941 
4 5943 5867 5866 5942 
4 5944 5868 5867 5943 
4 5945 5869 5868 5944 
4 5946 5870 5869 5945 
4 5947 5871 5870 5946 
4 5948 5872 5871 5947 
4 5949 5873 5872 5948 
4 5950 5874 5873 5949 
4 5951 5875 5874 5950 
4 5952 5876 5875 5951 
4 5953 5877 5876 5952 
4 5954 5878 5877 5953 
4 5955 5879 5878 5954 
4 5956 5880 5879 5955 
4 5957 5881 5880 5956 
4 5958 5882 5881 5957 
4 5959 5883 5882 5958 
4 5960 5884 5883 5959 
4 5961 5885 5884 5960 
4 5962 5886 5885 5961 
4 5963 5887 5886 5962 
4 5964 5888 5887 5963 
4 5965 5889 5888 5964 
4 6005 5929 5928 6004 
4 6006 5930 5929 6005 
4 6007 5931 5930 6006 
4 6008 5932 5931 6007 
4 6009 5933 5932 6008 
4 6010 5934 5933 6009 
4 6011 5935 5934 6010 
4 6012 5936 5935 6011 
4 6013 5937 5936 6012 
4 6014 5938 5937 6013 
4 6015 5939 5938 6014 
4 6016 5940 5939 6015 
4 6017 5941 5940 6016 
4 6018 5942 5941 6017 
4 6019 5943 5942 6018 
4 6020 5944 5943 6019 
4 6021 5945 5944 6020 
4 6022 5946 5945 6021 
4 6023 5947 5946 6022 
4 6024 5948 5947 6023 
4 6025 5949 5948 6024 
4 6026 5950 5949 6025 
4 6027 5951 5950 6026 
4 6028 5952 5951 6027 
4 6029 5953 5952 6028 
4 6030 5954 5953 6029 
4 6031 5955 5954 6030 
4 6032 5956 5955 6031 
4 6033 5957 5956 6032 
4 6034 5958 5957 6033 
4 6035 5959 5958 6034 
4 6036 5960 5959 6035 
4 6037 5961 5960 6036 
4 6038 5962 5961 6037 
4 6039 5963 5962 6038 
4 6040 5964 5963 6039 
4 6041 5965 5964 6040 
4 6043 6005 6004 6042 
4 6044 6006 6005 6043 
4 6045 6007 6006 6044 
4 6046 6008 6007 6045 
4 6047 6009 6008 6046 
4 6048 6010 6009 6047 
4 6049 6011 6010 6048 
4 6050 6012 6011 6049 
4 6051 6013 6012 6050 
4 6052 6014 6013 6051 
4 6053 6015 6014 6052 
4 6054 6016 6015 6053 
4 6055 6017 6016 6054 
4 6056 6018 6017 6055 
4 6057 6019 6018 6056 
4 6058 6020 6019 6057 
4 6059 6021 6020 6058 
4 6060 6022 6021 6059 
4 6061 6023 6022 6060 
4 6062 6024 6023 6061 
4 6063 6025 6024 6062 
4 6064 6026 6025 6063 
4 6065 6027 6026 6064 
4 6066 6028 6027 6065 
4 6067 6029 6028 6066 
4 6068 6030 6029 6067 
4 6069 6031 6030 6068 
4 6070 6032 6031 6069 
4 6071 6033 6032 6070 
4 6072 6034 6033 6071 
4 6073 6035 6034 6072 
4 6074 6036 6035 6073 
4 6075 6037 6036 6074 
4 6076 6038 6037 6075 
4 6077 6039 6038 6076 
4 6078 6040 6039 6077 
4 6079 6041 6040 6078 
4 5967 6043 6042 5966 
4 5968 6044 6043 5967 
4 5969 6045 6044 5968 
4 5970 6046 6045 5969 
4 5971 6047 6046 5970 
4 5972 6048 6047 5971 
4 5973 6049 6048 5972 
4 5974 6050 6049 5973 
4 5975 6051 6050 5974 
4 5976 6052 6051 5975 
4 5977 6053 6052 5976 
4 5978 6054 6053 5977 
4 5979 6055 6054 5978 
4 5980 6056 6055 5979 
4 5981 6057 6056 5980 
4 5982 6058 6057 5981 
4 5983 6059 6058 5982 
4 5984 6060 6059 5983 
4 5985 6061 6060 5984 
4 5986 6062 6061 5985 
4 5987 6063 6062 5986 
4 5988 6064 6063 5987 
4 5989 6065 6064 5988 
4 5990 6066 6065 5989 
4 5991 6067 6066 5990 
4 5992 6068 6067 5991 
4 5993 6069 6068 5992 
4 5994 6070 6069 5993 
4 5995 6071 6070 5994 
4 5996 6072 6071 5995 
4 5997 6073 6072 5996 
4 5998 6074 6073 5997 
4 5999 6075 6074 5998 
4 6000 6076 6075 5999 
4 6001 6077 6076 6000 
4 6002 6078 6077 6001 
4 6003 6079 6078 6002 
4 5891 5967 5966 5890 
4 5892 5968 5967 5891 
4 5893 5969 5968 5892 
4 5894 5970 5969 5893 
4 5895 5971 5970 5894 
4 5896 5972 5971 5895 
4 5897 5973 5972 5896 
4 5898 5974 5973 5897 
4 5899 5975 5974 5898 
4 5900 5976 5975 5899 
4 5901 5977 5976 5900 
4 5902 5978 5977 5901 
4 5903 5979 5978 5902 
4 5904 5980 5979 5903 
4 5905 5981 5980 5904 
4 5906 5982 5981 5905 
4 5907 5983 5982 5906 
4 5908 5984 5983 5907 
4 5909 5985 5984 5908 
4 5910 5986 5985 5909 
4 5911 5987 5986 5910 
4 5912 5988 5987 5911 
4 5913 5989 5988 5912 
4 5914 5990 5989 5913 
4 5915 5991 5990 5914 
4 5916 5992 5991 5915 
4 5917 5993 5992 5916 
4 5918 5994 5993 5917 
4 5919 5995 5994 5918 
4 5920 5996 5995 5919 
4 5921 5997 5996 5920 
4 5922 5998 5997 5921 
4 5923 5999 5998 5922 
4 5924 6000 5999 5923 
4 5925 6001 6000 5924 
4 5926 6002 6001 5925 
4 5927 6003 6002 5926 
4 5815 5891 5890 5814 
4 5816 5892 5891 5815 
4 5817 5893 5892 5816 
4 5818 5894 5893 5817 
4 5819 5895 5894 5818 
4 5820 5896 5895 5819 
4 5821 5897 5896 5820 
4 5822 5898 5897 5821 
4 5823 5899 5898 5822 
4 5824 5900 5899 5823 
4 5825 5901 5900 5824 
4 5826 5902 5901 5825 
4 5827 5903 5902 5826 
4 5828 5904 5903 5827 
4 5829 5905 5904 5828 
4 5830 5906 5905 5829 
4 5831 5907 5906 5830 
4 5832 5908 5907 5831 
4 5833 5909 5908 5832 
4 5834 5910 5909 5833 
4 5835 5911 5910 5834 
4 5836 5912 5911 5835 
4 5837 5913 5912 5836 
4 5838 5914 5913 5837 
4 5839 5915 5914 5838 
4 5840 5916 5915 5839 
4 5841 5917 5916 5840 
4 5842 5918 5917 5841 
4 5843 5919 5918 5842 
4 5844 5920 5919 5843 
4 5845 5921 5920 5844 
4 5846 5922 5921 5845 
4 5847 5923 5922 5846 
4 5848 5924 5923 5847 
4 5849 5925 5924 5848 
4 5850 5926 5925 5849 
4 5851 5927 5926 5850 
4 5739 5815 5814 5738 
4 5740 5816 5815 5739 
4 5741 5817 5816 5740 
4 5742 5818 5817 5741 
4 5743 5819 5818 5742 
4 5744 5820 5819 5743 
4 5745 5821 5820 5744 
4 5746 5822 5821 5745 
4 5747 5823 5822 5746 
4 5748 5824 5823 5747 
4 5749 5825 5824 5748 
4 5750 5826 5825 5749 
4 5751 5827 5826 5750 
4 5752 5828 5827 5751 
4 5753 5829 5828 5752 
4 5754 5830 5829 5753 
4 5755 5831 5830 5754 
4 5756 5832 5831 5755 
4 5757 5833 5832 5756 
4 5758 5834 5833 5757 
4 5759 5835 5834 5758 
4 5760 5836 5835 5759 
4 5761 5837 5836 5760 
4 5762 5838 5837 5761 
4 5763 5839 5838 5762 
4 5764 5840 5839 5763 
4 5765 5841 5840 5764 
4 5766 5842 5841 5765 
4 5767 5843 5842 5766 
4 5768 5844 5843 5767 
4 5769 5845 5844 5768 
4 5770 5846 5845 5769 
4 5771 5847 5846 5770 
4 5772 5848 5847 5771 
4 5773 5849 5848 5772 
4 5774 5850 5849 5773 
4 5775 5851 5850 5774 
4 5663 5739 5738 5662 
4 5664 5740 5739 5663 
4 5665 5741 5740 5664 
4 5666 5742 5741 5665 
4 5667 5743 5742 5666 
4 5668 5744 5743 5667 
4 5669 5745 5744 5668 
4 5670 5746 5745 5669 
4 5671 5747 5746 5670 
4 5672 5748 5747 5671 
4 5673 5749 5748 5672 
4 5674 5750 5749 5673 
4 5675 5751 5750 5674 
4 5676 5752 5751 5675 
4 5677 5753 5752 5676 
4 5678 5754 5753 5677 
4 5679 5755 5754 5678 
4 5680 5756 5755 5679 
4 5681 5757 5756 5680 
4 5682 5758 5757 5681 
4 5683 5759 5758 5682 
4 5684 5760 5759 5683 
4 5685 5761 5760 5684 
4 5686 5762 5761 5685 
4 5687 5763 5762 5686 
4 5688 5764 5763 5687 
4 5689 5765 5764 5688 
4 5690 5766 5765 5689 
4 5691 5767 5766 5690 
4 5692 5768 5767 5691 
4 5693 5769 5768 5692 
4 5694 5770 5769 5693 
4 5695 5771 5770 5694 
4 5696 5772 5771 5695 
4 5697 5773 5772 5696 
4 5698 5774 5773 5697 
4 5699 5775 5774 5698 
4 5587 5663 5662 5586 
4 5588 5664 5663 5587 
4 5589 5665 5664 5588 
4 5590 5666 5665 5589 
4 5591 5667 5666 5590 
4 5592 5668 5667 5591 
4 5593 5669 5668 5592 
4 5594 5670 5669 5593 
4 5595 5671 5670 5594 
4 5596 5672 5671 5595 
4 5597 5673 5672 5596 
4 5598 5674 5673 5597 
4 5599 5675 5674 5598 
4 5600 5676 5675 5599 
4 5601 5677 5676 5600 
4 5602 5678 5677 5601 
4 5603 5679 5678 5602 
4 5604 5680 5679 5603 
4 5605 5681 5680 5604 
4 5606 5682 5681 5605 
4 5607 5683 5682 5606 
4 5608 5684 5683 5607 
4 5609 5685 5684 5608 
4 5610 5686 5685 5609 
4 5611 5687 5686 5610 
4 5612 5688 5687 5611 
4 5613 5689 5688 5612 
4 5614 5690 5689 5613 
4 5615 5691 5690 5614 
4 5616 5692 5691 5615 
4 5617 5693 5692 5616 
4 5618 5694 5693 5617 
4 5619 5695 5694 5618 
4 5620 5696 5695 5619 
4 5621 5697 5696 5620 
4 5622 5698 5697 5621 
4 5623 5699 5698 5622 
4 5511 5587 5586 5510 
4 5512 5588 5587 5511 
4 5513 5589 5588 5512 
4 5514 5590 5589 5513 
4 5515 5591 5590 5514 
4 5516 5592 5591 5515 
4 5517 5593 5592 5516 
4 5518 5594 5593 5517 
4 5519 5595 5594 5518 
4 5520 5596 5595 5519 
4 5521 5597 5596 5520 
4 5522 5598 5597 5521 
4 5523 5599 5598 5522 
4 5524 5600 5599 5523 
4 5525 5601 5600 5524 
4 5526 5602 5601 5525 
4 5527 5603 5602 5526 
4 5528 5604 5603 5527 
4 5529 5605 5604 5528 
4 5530 5606 5605 5529 
4 5531 5607 5606 5530 
4 5532 5608 5607 5531 
4 5533 5609 5608 5532 
4 5534 5610 5609 5533 
4 5535 5611 5610 5534 
4 5536 5612 5611 5535 
4 5537 5613 5612 5536 
4 5538 5614 5613 5537 
4 5539 5615 5614 5538 
4 5540 5616 5615 5539 
4 5541 5617 5616 5540 
4 5542 5618 5617 5541 
4 5543 5619 5618 5542 
4 5544 5620 5619 5543 
4 5545 5621 5620 5544 
4 5546 5622 5621 5545 
4 5547 5623 5622 5546 
4 5435 5511 5510 5434 
4 5436 5512 5511 5435 
4 5437 5513 5512 5436 
4 5438 5514 5513 5437 
4 5439 5515 5514 5438 
4 5440 5516 5515 5439 
4 5441 5517 5516 5440 
4 5442 5518 5517 5441 
4 5443 5519 5518 5442 
4 5444 5520 5519 5443 
4 5445 5521 5520 5444 
4 5446 5522 5521 5445 
4 5447 5523 5522 5446 
4 5448 5524 5523 5447 
4 5449 5525 5524 5448 
4 5450 5526 5525 5449 
4 5451 5527 5526 5450 
4 5452 5528 5527 5451 
4 5453 5529 5528 5452 
4 5454 5530 5529 5453 
4 5455 5531 5530 5454 
4 5456 5532 5531 5455 
4 5457 5533 5532 5456 
4 5458 5534 5533 5457 
4 5459 5535 5534 5458 
4 5460 5536 5535 5459 
4 5461 5537 5536 5460 
4 5462 5538 5537 5461 
4 5463 5539 5538 5462 
4 5464 5540 5539 5463 
4 5465 5541 5540 5464 
4 5466 5542 5541 5465 
4 5467 5543 5542 5466 
4 5468 5544 5543 5467 
4 5469 5545 5544 5468 
4 5470 5546 5545 5469 
4 5471 5547 5546 5470 
4 5359 5435 5434 5358 
4 5360 5436 5435 5359 
4 5361 5437 5436 5360 
4 5362 5438 5437 5361 
4 5363 5439 5438 5362 
4 5364 5440 5439 5363 
4 5365 5441 5440 5364 
4 5366 5442 5441 5365 
4 5367 5443 5442 5366 
4 5368 5444 5443 5367 
4 5369 5445 5444 5368 
4 5370 5446 5445 5369 
4 5371 5447 5446 5370 
4 5372 5448 5447 5371 
4 5373 5449 5448 5372 
4 5374 5450 5449 5373 
4 5375 5451 5450 5374 
4 5376 5452 5451 5375 
4 5377 5453 5452 5376 
4 5378 5454 5453 5377 
4 5379 5455 5454 5378 
4 5380 5456 5455 5379 
4 5381 5457 5456 5380 
4 5382 5458 5457 5381 
4 5383 5459 5458 5382 
4 5384 5460 5459 5383 
4 5385 5461 5460 5384 
4 5386 5462 5461 5385 
4 5387 5463 5462 5386 
4 5388 5464 5463 5387 
4 5389 5465 5464 5388 
4 5390 5466 5465 5389 
4 5391 5467 5466 5390 
4 5392 5468 5467 5391 
4 5393 5469 5468 5392 
4 5394 5470 5469 5393 
4 5395 5471 5470 5394 
4 5283 5359 5358 5282 
4 5284 5360 5359 5283 
4 5285 5361 5360 5284 
4 5286 5362 5361 5285 
4 5287 5363 5362 5286 
4 5288 5364 5363 5287 
4 5289 5365 5364 5288 
4 5290 5366 5365 5289 
4 5291 5367 5366 5290 
4 5292 5368 5367 5291 
4 5293 5369 5368 5292 
4 5294 5370 5369 5293 
4 5295 5371 5370 5294 
4 5296 5372 5371 5295 
4 5297 5373 5372 5296 
4 5298 5374 5373 5297 
4 5299 5375 5374 5298 
4 5300 5376 5375 5299 
4 5301 5377 5376 5300 
4 5302 5378 5377 5301 
4 5303 5379 5378 5302 
4 5304 5380 5379 5303 
4 5305 5381 5380 5304 
4 5306 5382 5381 5305 
4 5307 5383 5382 5306 
4 5308 5384 5383 5307 
4 5309 5385 5384 5308 
4 5310 5386 5385 5309 
4 5311 5387 5386 5310 
4 5312 5388 5387 5311 
4 5313 5389 5388 5312 
4 5314 5390 5389 5313 
4 5315 5391 5390 5314 
4 5316 5392 5391 5315 
4 5317 5393 5392 5316 
4 5318 5394 5393 5317 
4 5319 5395 5394 5318 
4 5207 5283 5282 5206 
4 5208 5284 5283 5207 
4 5209 5285 5284 5208 
4 5210 5286 5285 5209 
4 5211 5287 5286 5210 
4 5212 5288 5287 5211 
4 5213 5289 5288 5212 
4 5214 5290 5289 5213 
4 5215 5291 5290 5214 
4 5216 5292 5291 5215 
4 5217 5293 5292 5216 
4 5218 5294 5293 5217 
4 5219 5295 5294 5218 
4 5220 5296 5295 5219 
4 5221 5297 5296 5220 
4 5222 5298 5297 5221 
4 5223 5299 5298 5222 
4 5224 5300 5299 5223 
4 5225 5301 5300 5224 
4 5226 5302 5301 5225 
4 5227 5303 5302 5226 
4 5228 5304 5303 5227 
4 5229 5305 5304 5228 
4 5230 5306 5305 5229 
4 5231 5307 5306 5230 
4 5232 5308 5307 5231 
4 5233 5309 5308 5232 
4 5234 5310 5309 5233 
4 5235 5311 5310 5234 
4 5236 5312 5311 5235 
4 5237 5313 5312 5236 
4 5238 5314 5313 5237 
4 5239 5315 5314 5238 
4 5240 5316 5315 5239 
4 5241 5317 5316 5240 
4 5242 5318 5317 5241 
4 5243 5319 5318 5242 
4 5131 5207 5206 5130 
4 5132 5208 5207 5131 
4 5133 5209 5208 5132 
4 5134 5210 5209 5133 
4 5135 5211 5210 5134 
4 5136 5212 5211 5135 
4 5137 5213 5212 5136 
4 5138 5214 5213 5137 
4 5139 5215 5214 5138 
4 5140 5216 5215 5139 
4 5141 5217 5216 5140 
4 5142 5218 5217 5141 
4 5143 5219 5218 5142 
4 5144 5220 5219 5143 
4 5145 5221 5220 5144 
4 5146 5222 5221 5145 
4 5147 5223 5222 5146 
4 5148 5224 5223 5147 
4 5149 5225 5224 5148 
4 5150 5226 5225 5149 
4 5151 5227 5226 5150 
4 5152 5228 5227 5151 
4 5153 5229 5228 5152 
4 5154 5230 5229 5153 
4 5155 5231 5230 5154 
4 5156 5232 5231 5155 
4 5157 5233 5232 5156 
4 5158 5234 5233 5157 
4 5159 5235 5234 5158 
4 5160 5236 5235 5159 
4 5161 5237 5236 5160 
4 5162 5238 5237 5161 
4 5163 5239 5238 5162 
4 5164 5240 5239 5163 
4 5165 5241 5240 5164 
4 5166 5242 5241 5165 
4 5167 5243 5242 5166 
4 5055 5131 5130 5054 
4 5056 5132 5131 5055 
4 5057 5133 5132 5056 
4 5058 5134 5133 5057 
4 5059 5135 5134 5058 
4 5060 5136 5135 5059 
4 5061 5137 5136 5060 
4 5062 5138 5137 5061 
4 5063 5139 5138 5062 
4 5064 5140 5139 5063 
4 5065 5141 5140 5064 
4 5066 5142 5141 5065 
4 5067 5143 5142 5066 
4 5068 5144 5143 5067 
4 5069 5145 5144 5068 
4 5070 5146 5145 5069 
4 5071 5147 5146 5070 
4 5072 5148 5147 5071 
4 5073 5149 5148 5072 
4 5074 5150 5149 5073 
4 5075 5151 5150 5074 
4 5076 5152 5151 5075 
4 5077 5153 5152 5076 
4 5078 5154 5153 5077 
4 5079 5155 5154 5078 
4 5080 5156 5155 5079 
4 5081 5157 5156 5080 
4 5082 5158 5157 5081 
4 5083 5159 5158 5082 
4 5084 5160 5159 5083 
4 5085 5161 5160 5084 
4 5086 5162 5161 5085 
4 5087 5163 5162 5086 
4 5088 5164 5163 5087 
4 5089 5165 5164 5088 
4 5090 5166 5165 5089 
4 5091 5167 5166 5090 
4 4979 5055 5054 4978 
4 4980 5056 5055 4979 
4 4981 5057 5056 4980 
4 4982 5058 5057 4981 
4 4983 5059 5058 4982 
4 4984 5060 5059 4983 
4 4985 5061 5060 4984 
4 4986 5062 5061 4985 
4 4987 5063 5062 4986 
4 4988 5064 5063 4987 
4 4989 5065 5064 4988 
4 4990 5066 5065 4989 
4 4991 5067 5066 4990 
4 4992 5068 5067 4991 
4 4993 5069 5068 4992 
4 4994 5070 5069 4993 
4 4995 5071 5070 4994 
4 4996 5072 5071 4995 
4 4997 5073 5072 4996 
4 4998 5074 5073 4997 
4 4999 5075 5074 4998 
4 5000 5076 5075 4999 
4 5001 5077 5076 5000 
4 5002 5078 5077 5001 
4 5003 5079 5078 5002 
4 5004 5080 5079 5003 
4 5005 5081 5080 5004 
4 5006 5082 5081 5005 
4 5007 5083 5082 5006 
4 5008 5084 5083 5007 
4 5009 5085 5084 5008 
4 5010 5086 5085 5009 
4 5011 5087 5086 5010 
4 5012 5088 5087 5011 
4 5013 5089 5088 5012 
4 5014 5090 5089 5013 
4 5015 5091 5090 5014 
4 4903 4979 4978 4902 
4 4904 4980 4979 4903 
4 4905 4981 4980 4904 
4 4906 4982 4981 4905 
4 4907 4983 4982 4906 
4 4908 4984 4983 4907 
4 4909 4985 4984 4908 
4 4910 4986 4985 4909 
4 4911 4987 4986 4910 
4 4912 4988 4987 4911 
4 4913 4989 4988 4912 
4 4914 4990 4989 4913 
4 4915 4991 4990 4914 
4 4916 4992 4991 4915 
4 4917 4993 4992 4916 
4 4918 4994 4993 4917 
4 4919 4995 4994 4918 
4 4920 4996 4995 4919 
4 4921 4997 4996 4920 
4 4922 4998 4997 4921 
4 4923 4999 4998 4922 
4 4924 5000 4999 4923 
4 4925 5001 5000 4924 
4 4926 5002 5001 4925 
4 4927 5003 5002 4926 
4 4928 5004 5003 4927 
4 4929 5005 5004 4928 
4 4930 5006 5005 4929 
4 4931 5007 5006 4930 
4 4932 5008 5007 4931 
4 4933 5009 5008 4932 
4 4934 5010 5009 4933 
4 4935 5011 5010 4934 
4 4936 5012 5011 4935 
4 4937 5013 5012 4936 
4 4938 5014 5013 4937 
4 4939 5015 5014 4938 
4 4827 4903 4902 4826 
4 4828 4904 4903 4827 
4 4829 4905 4904 4828 
4 4830 4906 4905 4829 
4 4831 4907 4906 4830 
4 4832 4908 4907 4831 
4 4833 4909 4908 4832 
4 4834 4910 4909 4833 
4 4835 4911 4910 4834 
4 4836 4912 4911 4835 
4 4837 4913 4912 4836 
4 4838 4914 4913 4837 
4 4839 4915 4914 4838 
4 4840 4916 4915 4839 
4 4841 4917 4916 4840 
4 4842 4918 4917 4841 
4 4843 4919 4918 4842 
4 4844 4920 4919 4843 
4 4845 4921 4920 4844 
4 4846 4922 4921 4845 
4 4847 4923 4922 4846 
4 4848 4924 4923 4847 
4 4849 4925 4924 4848 
4 4850 4926 4925 4849 
4 4851 4927 4926 4850 
4 4852 4928 4927 4851 
4 4853 4929 4928 4852 
4 4854 4930 4929 4853 
4 4855 4931 4930 4854 
4 4856 4932 4931 4855 
4 4857 4933 4932 4856 
4 4858 4934 4933 4857 
4 4859 4935 4934 4858 
4 4860 4936 4935 4859 
4 4861 4937 4936 4860 
4 4862 4938 4937 4861 
4 4863 4939 4938 4862 
4 4751 4827 4826 4750 
4 4752 4828 4827 4751 
4 4753 4829 4828 4752 
4 4754 4830 4829 4753 
4 4755 4831 4830 4754 
4 4756 4832 4831 4755 
4 4757 4833 4832 4756 
4 4758 4834 4833 4757 
4 4759 4835 4834 4758 
4 4760 4836 4835 4759 
4 4761 4837 4836 4760 
4 4762 4838 4837 4761 
4 4763 4839 4838 4762 
4 4764 4840 4839 4763 
4 4765 4841 4840 4764 
4 4766 4842 4841 4765 
4 4767 4843 4842 4766 
4 4768 4844 4843 4767 
4 4769 4845 4844 4768 
4 4770 4846 4845 4769 
4 4771 4847 4846 4770 
4 4772 4848 4847 4771 
4 4773 4849 4848 4772 
4 4774 4850 4849 4773 
4 4775 4851 4850 4774 
4 4776 4852 4851 4775 
4 4777 4853 4852 4776 
4 4778 4854 4853 4777 
4 4779 4855 4854 4778 
4 4780 4856 4855 4779 
4 4781 4857 4856 4780 
4 4782 4858 4857 4781 
4 4783 4859 4858 4782 
4 4784 4860 4859 4783 
4 4785 4861 4860 4784 
4 4786 4862 4861 4785 
4 4787 4863 4862 4786 
4 4675 4751 4750 4674 
4 4676 4752 4751 4675 
4 4677 4753 4752 4676 
4 4678 4754 4753 4677 
4 4679 4755 4754 4678 
4 4680 4756 4755 4679 
4 4681 4757 4756 4680 
4 4682 4758 4757 4681 
4 4683 4759 4758 4682 
4 4684 4760 4759 4683 
4 4685 4761 4760 4684 
4 4686 4762 4761 4685 
4 4687 4763 4762 4686 
4 4688 4764 4763 4687 
4 4689 4765 4764 4688 
4 4690 4766 4765 4689 
4 4691 4767 4766 4690 
4 4692 4768 4767 4691 
4 4693 4769 4768 4692 
4 4694 4770 4769 4693 
4 4695 4771 4770 4694 
4 4696 4772 4771 4695 
4 4697 4773 4772 4696 
4 4698 4774 4773 4697 
4 4699 4775 4774 4698 
4 4700 4776 4775 4699 
4 4701 4777 4776 4700 
4 4702 4778 4777 4701 
4 4703 4779 4778 4702 
4 4704 4780 4779 4703 
4 4705 4781 4780 4704 
4 4706 4782 4781 4705 
4 4707 4783 4782 4706 
4 4708 4784 4783 4707 
4 4709 4785 4784 4708 
4 4710 4786 4785 4709 
4 4711 4787 4786 4710 
4 4599 4675 4674 4598 
4 4600 4676 4675 4599 
4 4601 4677 4676 4600 
4 4602 4678 4677 4601 
4 4603 4679 4678 4602 
4 4604 4680 4679 4603 
4 4605 4681 4680 4604 
4 4606 4682 4681 4605 
4 4607 4683 4682 4606 
4 4608 4684 4683 4607 
4 4609 4685 4684 4608 
4 4610 4686 4685 4609 
4 4611 4687 4686 4610 
4 4612 4688 4687 4611 
4 4613 4689 4688 4612 
4 4614 4690 4689 4613 
4 4615 4691 4690 4614 
4 4616 4692 4691 4615 
4 4617 4693 4692 4616 
4 4618 4694 4693 4617 
4 4619 4695 4694 4618 
4 4620 4696 4695 4619 
4 4621 4697 4696 4620 
4 4622 4698 4697 4621 
4 4623 4699 4698 4622 
4 4624 4700 4699 4623 
4 4625 4701 4700 4624 
4 4626 4702 4701 4625 
4 4627 4703 4702 4626 
4 4628 4704 4703 4627 
4 4629 4705 4704 4628 
4 4630 4706 4705 4629 
4 4631 4707 4706 4630 
4 4632 4708 4707 4631 
4 4633 4709 4708 4632 
4 4634 4710 4709 4633 
4 4635 4711 4710 4634 
4 4523 4599 4598 4522 
4 4524 4600 4599 4523 
4 4525 4601 4600 4524 
4 4526 4602 4601 4525 
4 4527 4603 4602 4526 
4 4528 4604 4603 4527 
4 4529 4605 4604 4528 
4 4530 4606 4605 4529 
4 4531 4607 4606 4530 
4 4532 4608 4607 4531 
4 4533 4609 4608 4532 
4 4534 4610 4609 4533 
4 4535 4611 4610 4534 
4 4536 4612 4611 4535 
4 4537 4613 4612 4536 
4 4538 4614 4613 4537 
4 4539 4615 4614 4538 
4 4540 4616 4615 4539 
4 4541 4617 4616 4540 
4 4542 4618 4617 4541 
4 4543 4619 4618 4542 
4 4544 4620 4619 4543 
4 4545 4621 4620 4544 
4 4546 4622 4621 4545 
4 4547 4623 4622 4546 
4 4548 4624 4623 4547 
4 4549 4625 4624 4548 
4 4550 4626 4625 4549 
4 4551 4627 4626 4550 
4 4552 4628 4627 4551 
4 4553 4629 4628 4552 
4 4554 4630 4629 4553 
4 4555 4631 4630 4554 
4 4556 4632 4631 4555 
4 4557 4633 4632 4556 
4 4558 4634 4633 4557 
4 4559 4635 4634 4558 
4 4447 4523 4522 4446 
4 4448 4524 4523 4447 
4 4449 4525 4524 4448 
4 4450 4526 4525 4449 
4 4451 4527 4526 4450 
4 4452 4528 4527 4451 
4 4453 4529 4528 4452 
4 4454 4530 4529 4453 
4 4455 4531 4530 4454 
4 4456 4532 4531 4455 
4 4457 4533 4532 4456 
4 4458 4534 4533 4457 
4 4459 4535 4534 4458 
4 4460 4536 4535 4459 
4 4461 4537 4536 4460 
4 4462 4538 4537 4461 
4 4463 4539 4538 4462 
4 4464 4540 4539 4463 
4 4465 4541 4540 4464 
4 4466 4542 4541 4465 
4 4467 4543 4542 4466 
4 4468 4544 4543 4467 
4 4469 4545 4544 4468 
4 4470 4546 4545 4469 
4 4471 4547 4546 4470 
4 4472 4548 4547 4471 
4 4473 4549 4548 4472 
4 4474 4550 4549 4473 
4 4475 4551 4550 4474 
4 4476 4552 4551 4475 
4 4477 4553 4552 4476 
4 4478 4554 4553 4477 
4 4479 4555 4554 4478 
4 4480 4556 4555 4479 
4 4481 4557 4556 4480 
4 4482 4558 4557 4481 
4 4483 4559 4558 4482 
4 4371 4447 4446 4370 
4 4372 4448 4447 4371 
4 4373 4449 4448 4372 
4 4374 4450 4449 4373 
4 4375 4451 4450 4374 
4 4376 4452 4451 4375 
4 4377 4453 4452 4376 
4 4378 4454 4453 4377 
4 4379 4455 4454 4378 
4 4380 4456 4455 4379 
4 4381 4457 4456 4380 
4 4382 4458 4457 4381 
4 4383 4459 4458 4382 
4 4384 4460 4459 4383 
4 4385 4461 4460 4384 
4 4386 4462 4461 4385 
4 4387 4463 4462 4386 
4 4388 4464 4463 4387 
4 4389 4465 4464 4388 
4 4390 4466 4465 4389 
4 4391 4467 4466 4390 
4 4392 4468 4467 4391 
4 4393 4469 4468 4392 
4 4394 4470 4469 4393 
4 4395 4471 4470 4394 
4 4396 4472 4471 4395 
4 4397 4473 4472 4396 
4 4398 4474 4473 4397 
4 4399 4475 4474 4398 
4 4400 4476 4475 4399 
4 4401 4477 4476 4400 
4 4402 4478 4477 4401 
4 4403 4479 4478 4402 
4 4404 4480 4479 4403 
4 4405 4481 4480 4404 
4 4406 4482 4481 4405 
4 4407 4483 4482 4406 
4 4295 4371 4370 4294 
4 4296 4372 4371 4295 
4 4297 4373 4372 4296 
4 4298 4374 4373 4297 
4 4299 4375 4374 4298 
4 4300 4376 4375 4299 
4 4301 4377 4376 4300 
4 4302 4378 4377 4301 
4 4303 4379 4378 4302 
4 4304 4380 4379 4303 
4 4305 4381 4380 4304 
4 4306 4382 4381 4305 
4 4307 4383 4382 4306 
4 4308 4384 4383 4307 
4 4309 4385 4384 4308 
4 4310 4386 4385 4309 
4 4311 4387 4386 4310 
4 4312 4388 4387 4311 
4 4313 4389 4388 4312 
4 4314 4390 4389 4313 
4 4315 4391 4390 4314 
4 4316 4392 4391 4315 
4 4317 4393 4392 4316 
4 4318 4394 4393 4317 
4 4319 4395 4394 4318 
4 4320 4396 4395 4319 
4 4321 4397 4396 4320 
4 4322 4398 4397 4321 
4 4323 4399 4398 4322 
4 4324 4400 4399 4323 
4 4325 4401 4400 4324 
4 4326 4402 4401 4325 
4 4327 4403 4402 4326 
4 4328 4404 4403 4327 
4 4329 4405 4404 4328 
4 4330 4406 4405 4329 
4 4331 4407 4406 4330 
4 4219 4295 4294 4218 
4 4220 4296 4295 4219 
4 4221 4297 4296 4220 
4 4222 4298 4297 4221 
4 4223 4299 4298 4222 
4 4224 4300 4299 4223 
4 4225 4301 4300 4224 
4 4226 4302 4301 4225 
4 4227 4303 4302 4226 
4 4228 4304 4303 4227 
4 4229 4305 4304 4228 
4 4230 4306 4305 4229 
4 4231 4307 4306 4230 
4 4232 4308 4307 4231 
4 4233 4309 4308 4232 
4 4234 4310 4309 4233 
4 4235 4311 4310 4234 
4 4236 4312 4311 4235 
4 4237 4313 4312 4236 
4 4238 4314 4313 4237 
4 4239 4315 4314 4238 
4 4240 4316 4315 4239 
4 4241 4317 4316 4240 
4 4242 4318 4317 4241 
4 4243 4319 4318 4242 
4 4244 4320 4319 4243 
4 4245 4321 4320 4244 
4 4246 4322 4321 4245 
4 4247 4323 4322 4246 
4 4248 4324 4323 4247 
4 4249 4325 4324 4248 
4 4250 4326 4325 4249 
4 4251 4327 4326 4250 
4 4252 4328 4327 4251 
4 4253 4329 4328 4252 
4 4254 4330 4329 4253 
4 4255 4331 4330 4254 
4 4143 4219 4218 4142 
4 4144 4220 4219 4143 
4 4145 4221 4220 4144 
4 4146 4222 4221 4145 
4 4147 4223 4222 4146 
4 4148 4224 4223 4147 
4 4149 4225 4224 4148 
4 4150 4226 4225 4149 
4 4151 4227 4226 4150 
4 4152 4228 4227 4151 
4 4153 4229 4228 4152 
4 4154 4230 4229 4153 
4 4155 4231 4230 4154 
4 4156 4232 4231 4155 
4 4157 4233 4232 4156 
4 4158 4234 4233 4157 
4 4159 4235 4234 4158 
4 4160 4236 4235 4159 
4 4161 4237 4236 4160 
4 4162 4238 4237 4161 
4 4163 4239 4238 4162 
4 4164 4240 4239 4163 
4 4165 4241 4240 4164 
4 4166 4242 4241 4165 
4 4167 4243 4242 4166 
4 4168 4244 4243 4167 
4 4169 4245 4244 4168 
4 4170 4246 4245 4169 
4 4171 4247 4246 4170 
4 4172 4248 4247 4171 
4 4173 4249 4248 4172 
4 4174 4250 4249 4173 
4 4175 4251 4250 4174 
4 4176 4252 4251 4175 
4 4177 4253 4252 4176 
4 4178 4254 4253 4177 
4 4179 4255 4254 4178 
4 4067 4143 4142 4066 
4 4068 4144 4143 4067 
4 4069 4145 4144 4068 
4 4070 4146 4145 4069 
4 4071 4147 4146 4070 
4 4072 4148 4147 4071 
4 4073 4149 4148 4072 
4 4074 4150 4149 4073 
4 4075 4151 4150 4074 
4 4076 4152 4151 4075 
4 4077 4153 4152 4076 
4 4078 4154 4153 4077 
4 4079 4155 4154 4078 
4 4080 4156 4155 4079 
4 4081 4157 4156 4080 
4 4082 4158 4157 4081 
4 4083 4159 4158 4082 
4 4084 4160 4159 4083 
4 4085 4161 4160 4084 
4 4086 4162 4161 4085 
4 4087 4163 4162 4086 
4 4088 4164 4163 4087 
4 4089 4165 4164 4088 
4 4090 4166 4165 4089 
4 4091 4167 4166 4090 
4 4092 4168 4167 4091 
4 4093 4169 4168 4092 
4 4094 4170 4169 4093 
4 4095 4171 4170 4094 
4 4096 4172 4171 4095 
4 4097 4173 4172 4096 
4 4098 4174 4173 4097 
4 4099 4175 4174 4098 
4 4100 4176 4175 4099 
4 4101 4177 4176 4100 
4 4102 4178 4177 4101 
4 4103 4179 4178 4102 
4 3991 4067 4066 3990 
4 3992 4068 4067 3991 
4 3993 4069 4068 3992 
4 3994 4070 4069 3993 
4 3995 4071 4070 3994 
4 3996 4072 4071 3995 
4 3997 4073 4072 3996 
4 3998 4074 4073 3997 
4 3999 4075 4074 3998 
4 4000 4076 4075 3999 
4 4001 4077 4076 4000 
4 4002 4078 4077 4001 
4 4003 4079 4078 4002 
4 4004 4080 4079 4003 
4 4005 4081 4080 4004 
4 4006 4082 4081 4005 
4 4007 4083 4082 4006 
4 4008 4084 4083 4007 
4 4009 4085 4084 4008 
4 4010 4086 4085 4009 
4 4011 4087 4086 4010 
4 4012 4088 4087 4011 
4 4013 4089 4088 4012 
4 4014 4090 4089 4013 
4 4015 4091 4090 4014 
4 4016 4092 4091 4015 
4 4017 4093 4092 4016 
4 4018 4094 4093 4017 
4 4019 4095 4094 4018 
4 4020 4096 4095 4019 
4 4021 4097 4096 4020 
4 4022 4098 4097 4021 
4 4023 4099 4098 4022 
4 4024 4100 4099 4023 
4 4025 4101 4100 4024 
4 4026 4102 4101 4025 
4 4027 4103 4102 4026 
4 3915 3991 3990 3914 
4 3916 3992 3991 3915 
4 3917 3993 3992 3916 
4 3918 3994 3993 3917 
4 3919 3995 3994 3918 
4 3920 3996 3995 3919 
4 3921 3997 3996 3920 
4 3922 3998 3997 3921 
4 3923 3999 3998 3922 
4 3924 4000 3999 3923 
4 3925 4001 4000 3924 
4 3926 4002 4001 3925 
4 3927 4003 4002 3926 
4 3928 4004 4003 3927 
4 3929 4005 4004 3928 
4 3930 4006 4005 3929 
4 3931 4007 4006 3930 
4 3932 4008 4007 3931 
4 3933 4009 4008 3932 
4 3934 4010 4009 3933 
4 3935 4011 4010 3934 
4 3936 4012 4011 3935 
4 3937 4013 4012 3936 
4 3938 4014 4013 3937 
4 3939 4015 4014 3938 
4 3940 4016 4015 3939 
4 3941 4017 4016 3940 
4 3942 4018 4017 3941 
4 3943 4019 4018 3942 
4 3944 4020 4019 3943 
4 3945 4021 4020 3944 
4 3946 4022 4021 3945 
4 3947 4023 4022 3946 
4 3948 4024 4023 3947 
4 3949 4025 4024 3948 
4 3950 4026 4025 3949 
4 3951 4027 4026 3950 
4 3839 3915 3914 3838 
4 3840 3916 3915 3839 
4 3841 3917 3916 3840 
4 3842 3918 3917 3841 
4 3843 3919 3918 3842 
4 3844 3920 3919 3843 
4 3845 3921 3920 3844 
4 3846 3922 3921 3845 
4 3847 3923 3922 3846 
4 3848 3924 3923 3847 
4 3849 3925 3924 3848 
4 3850 3926 3925 3849 
4 3851 3927 3926 3850 
4 3852 3928 3927 3851 
4 3853 3929 3928 3852 
4 3854 3930 3929 3853 
4 3855 3931 3930 3854 
4 3856 3932 3931 3855 
4 3857 3933 3932 3856 
4 3858 3934 3933 3857 
4 3859 3935 3934 3858 
4 3860 3936 3935 3859 
4 3861 3937 3936 3860 
4 3862 3938 3937 3861 
4 3863 3939 3938 3862 
4 3864 3940 3939 3863 
4 3865 3941 3940 3864 
4 3866 3942 3941 3865 
4 3867 3943 3942 3866 
4 3868 3944 3943 3867 
4 3869 3945 3944 3868 
4 3870 3946 3945 3869 
4 3871 3947 3946 3870 
4 3872 3948 3947 3871 
4 3873 3949 3948 3872 
4 3874 3950 3949 3873 
4 3875 3951 3950 3874 
4 3763 3839 3838 3762 
4 3764 3840 3839 3763 
4 3765 3841 3840 3764 
4 3766 3842 3841 3765 
4 3767 3843 3842 3766 
4 3768 3844 3843 3767 
4 3769 3845 3844 3768 
4 3770 3846 3845 3769 
4 3771 3847 3846 3770 
4 3772 3848 3847 3771 
4 3773 3849 3848 3772 
4 3774 3850 3849 3773 
4 3775 3851 3850 3774 
4 3776 3852 3851 3775 
4 3777 3853 3852 3776 
4 3778 3854 3853 3777 
4 3779 3855 3854 3778 
4 3780 3856 3855 3779 
4 3781 3857 3856 3780 
4 3782 3858 3857 3781 
4 3783 3859 3858 3782 
4 3784 3860 3859 3783 
4 3785 3861 3860 3784 
4 3786 3862 3861 3785 
4 3787 3863 3862 3786 
4 3788 3864 3863 3787 
4 3789 3865 3864 3788 
4 3790 3866 3865 3789 
4 3791 3867 3866 3790 
4 3792 3868 3867 3791 
4 3793 3869 3868 3792 
4 3794 3870 3869 3793 
4 3795 3871 3870 3794 
4 3796 3872 3871 3795 
4 3797 3873 3872 3796 
4 3798 3874 3873 3797 
4 3799 3875 3874 3798 
4 3687 3763 3762 3686 
4 3688 3764 3763 3687 
4 3689 3765 3764 3688 
4 3690 3766 3765 3689 
4 3691 3767 3766 3690 
4 3692 3768 3767 3691 
4 3693 3769 3768 3692 
4 3694 3770 3769 3693 
4 3695 3771 3770 3694 
4 3696 3772 3771 3695 
4 3697 3773 3772 3696 
4 3698 3774 3773 3697 
4 3699 3775 3774 3698 
4 3700 3776 3775 3699 
4 3701 3777 3776 3700 
4 3702 3778 3777 3701 
4 3703 3779 3778 3702 
4 3704 3780 3779 3703 
4 3705 3781 3780 3704 
4 3706 3782 3781 3705 
4 3707 3783 3782 3706 
4 3708 3784 3783 3707 
4 3709 3785 3784 3708 
4 3710 3786 3785 3709 
4 3711 3787 3786 3710 
4 3712 3788 3787 3711 
4 3713 3789 3788 3712 
4 3714 3790 3789 3713 
4 3715 3791 3790 3714 
4 3716 3792 3791 3715 
4 3717 3793 3792 3716 
4 3718 3794 3793 3717 
4 3719 3795 3794 3718 
4 3720 3796 3795 3719 
4 3721 3797 3796 3720 
4 3722 3798 3797 3721 
4 3723 3799 3798 3722 
4 3611 3687 3686 3610 
4 3612 3688 3687 3611 
4 3613 3689 3688 3612 
4 3614 3690 3689 3613 
4 3615 3691 3690 3614 
4 3616 3692 3691 3615 
4 3617 3693 3692 3616 
4 3618 3694 3693 3617 
4 3619 3695 3694 3618 
4 3620 3696 3695 3619 
4 3621 3697 3696 3620 
4 3622 3698 3697 3621 
4 3623 3699 3698 3622 
4 3624 3700 3699 3623 
4 3625 3701 3700 3624 
4 3626 3702 3701 3625 
4 3627 3703 3702 3626 
4 3628 3704 3703 3627 
4 3629 3705 3704 3628 
4 3630 3706 3705 3629 
4 3631 3707 3706 3630 
4 3632 3708 3707 3631 
4 3633 3709 3708 3632 
4 3634 3710 3709 3633 
4 3635 3711 3710 3634 
4 3636 3712 3711 3635 
4 3637 3713 3712 3636 
4 3638 3714 3713 3637 
4 3639 3715 3714 3638 
4 3640 3716 3715 3639 
4 3641 3717 3716 3640 
4 3642 3718 3717 3641 
4 3643 3719 3718 3642 
4 3644 3720 3719 3643 
4 3645 3721 3720 3644 
4 3646 3722 3721 3645 
4 3647 3723 3722 3646 
4 3535 3611 3610 3534 
4 3536 3612 3611 3535 
4 3537 3613 3612 3536 
4 3538 3614 3613 3537 
4 3539 3615 3614 3538 
4 3540 3616 3615 3539 
4 3541 3617 3616 3540 
4 3542 3618 3617 3541 
4 3543 3619 3618 3542 
4 3544 3620 3619 3543 
4 3545 3621 3620 3544 
4 3546 3622 3621 3545 
4 3547 3623 3622 3546 
4 3548 3624 3623 3547 
4 3549 3625 3624 3548 
4 3550 3626 3625 3549 
4 3551 3627 3626 3550 
4 3552 3628 3627 3551 
4 3553 3629 3628 3552 
4 3554 3630 3629 3553 
4 3555 3631 3630 3554 
4 3556 3632 3631 3555 
4 3557 3633 3632 3556 
4 3558 3634 3633 3557 
4 3559 3635 3634 3558 
4 3560 3636 3635 3559 
4 3561 3637 3636 3560 
4 3562 3638 3637 3561 
4 3563 3639 3638 3562 
4 3564 3640 3639 3563 
4 3565 3641 3640 3564 
4 3566 3642 3641 3565 
4 3567 3643 3642 3566 
4 3568 3644 3643 3567 
4 3569 3645 3644 3568 
4 3570 3646 3645 3569 
4 3571 3647 3646 3570 
4 3459 3535 3534 3458 
4 3460 3536 3535 3459 
4 3461 3537 3536 3460 
4 3462 3538 3537 3461 
4 3463 3539 3538 3462 
4 3464 3540 3539 3463 
4 3465 3541 3540 3464 
4 3466 3542 3541 3465 
4 3467 3543 3542 3466 
4 3468 3544 3543 3467 
4 3469 3545 3544 3468 
4 3470 3546 3545 3469 
4 3471 3547 3546 3470 
4 3472 3548 3547 3471 
4 3473 3549 3548 3472 
4 3474 3550 3549 3473 
4 3475 3551 3550 3474 
4 3476 3552 3551 3475 
4 3477 3553 3552 3476 
4 3478 3554 3553 3477 
4 3479 3555 3554 3478 
4 3480 3556 3555 3479 
4 3481 3557 3556 3480 
4 3482 3558 3557 3481 
4 3483 3559 3558 3482 
4 3484 3560 3559 3483 
4 3485 3561 3560 3484 
4 3486 3562 3561 3485 
4 3487 3563 3562 3486 
4 3488 3564 3563 3487 
4 3489 3565 3564 3488 
4 3490 3566 3565 3489 
4 3491 3567 3566 3490 
4 3492 3568 3567 3491 
4 3493 3569 3568 3492 
4 3494 3570 3569 3493 
4 3495 3571 3570 3494 
4 3383 3459 3458 3382 
4 3384 3460 3459 3383 
4 3385 3461 3460 3384 
4 3386 3462 3461 3385 
4 3387 3463 3462 3386 
4 3388 3464 3463 3387 
4 3389 3465 3464 3388 
4 3390 3466 3465 3389 
4 3391 3467 3466 3390 
4 3392 3468 3467 3391 
4 3393 3469 3468 3392 
4 3394 3470 3469 3393 
4 3395 3471 3470 3394 
4 3396 3472 3471 3395 
4 3397 3473 3472 3396 
4 3398 3474 3473 3397 
4 3399 3475 3474 3398 
4 3400 3476 3475 3399 
4 3401 3477 3476 3400 
4 3402 3478 3477 3401 
4 3403 3479 3478 3402 
4 3404 3480 3479 3403 
4 3405 3481 3480 3404 
4 3406 3482 3481 3405 
4 3407 3483 3482 3406 
4 3408 3484 3483 3407 
4 3409 3485 3484 3408 
4 3410 3486 3485 3409 
4 3411 3487 3486 3410 
4 3412 3488 3487 3411 
4 3413 3489 3488 3412 
4 3414 3490 3489 3413 
4 3415 3491 3490 3414 
4 3416 3492 3491 3415 
4 3417 3493 3492 3416 
4 3418 3494 3493 3417 
4 3419 3495 3494 3418 
4 3307 3383 3382 3306 
4 3308 3384 3383 3307 
4 3309 3385 3384 3308 
4 3310 3386 3385 3309 
4 3311 3387 3386 3310 
4 3312 3388 3387 3311 
4 3313 3389 3388 3312 
4 3314 3390 3389 3313 
4 3315 3391 3390 3314 
4 3316 3392 3391 3315 
4 3317 3393 3392 3316 
4 3318 3394 3393 3317 
4 3319 3395 3394 3318 
4 3320 3396 3395 3319 
4 3321 3397 3396 3320 
4 3322 3398 3397 3321 
4 3323 3399 3398 3322 
4 3324 3400 3399 3323 
4 3325 3401 3400 3324 
4 3326 3402 3401 3325 
4 3327 3403 3402 3326 
4 3328 3404 3403 3327 
4 3329 3405 3404 3328 
4 3330 3406 3405 3329 
4 3331 3407 3406 3330 
4 3332 3408 3407 3331 
4 3333 3409 3408 3332 
4 3334 3410 3409 3333 
4 3335 3411 3410 3334 
4 3336 3412 3411 3335 
4 3337 3413 3412 3336 
4 3338 3414 3413 3337 
4 3339 3415 3414 3338 
4 3340 3416 3415 3339 
4 3341 3417 3416 3340 
4 3342 3418 3417 3341 
4 3343 3419 3418 3342 
4 3231 3307 3306 3230 
4 3232 3308 3307 3231 
4 3233 3309 3308 3232 
4 3234 3310 3309 3233 
4 3235 3311 3310 3234 
4 3236 3312 3311 3235 
4 3237 3313 3312 3236 
4 3238 3314 3313 3237 
4 3239 3315 3314 3238 
4 3240 3316 3315 3239 
4 3241 3317 3316 3240 
4 3242 3318 3317 3241 
4 3243 3319 3318 3242 
4 3244 3320 3319 3243 
4 3245 3321 3320 3244 
4 3246 3322 3321 3245 
4 3247 3323 3322 3246 
4 3248 3324 3323 3247 
4 3249 3325 3324 3248 
4 3250 3326 3325 3249 
4 3251 3327 3326 3250 
4 3252 3328 3327 3251 
4 3253 3329 3328 3252 
4 3254 3330 3329 3253 
4 3255 3331 3330 3254 
4 3256 3332 3331 3255 
4 3257 3333 3332 3256 
4 3258 3334 3333 3257 
4 3259 3335 3334 3258 
4 3260 3336 3335 3259 
4 3261 3337 3336 3260 
4 3262 3338 3337 3261 
4 3263 3339 3338 3262 
4 3264 3340 3339 3263 
4 3265 3341 3340 3264 
4 3266 3342 3341 3265 
4 3267 3343 3342 3266 
4 3155 3231 3230 3154 
4 3156 3232 3231 3155 
4 3157 3233 3232 3156 
4 3158 3234 3233 3157 
4 3159 3235 3234 3158 
4 3160 3236 3235 3159 
4 3161 3237 3236 3160 
4 3162 3238 3237 3161 
4 3163 3239 3238 3162 
4 3164 3240 3239 3163 
4 3165 3241 3240 3164 
4 3166 3242 3241 3165 
4 3167 3243 3242 3166 
4 3168 3244 3243 3167 
4 3169 3245 3244 3168 
4 3170 3246 3245 3169 
4 3171 3247 3246 3170 
4 3172 3248 3247 3171 
4 3173 3249 3248 3172 
4 3174 3250 3249 3173 
4 3175 3251 3250 3174 
4 3176 3252 3251 3175 
4 3177 3253 3252 3176 
4 3178 3254 3253 3177 
4 3179 3255 3254 3178 
4 3180 3256 3255 3179 
4 3181 3257 3256 3180 
4 3182 3258 3257 3181 
4 3183 3259 3258 3182 
4 3184 3260 3259 3183 
4 3185 3261 3260 3184 
4 3186 3262 3261 3185 
4 3187 3263 3262 3186 
4 3188 3264 3263 3187 
4 3189 3265 3264 3188 
4 3190 3266 3265 3189 
4 3191 3267 3266 3190 
4 3079 3155 3154 3078 
4 3080 3156 3155 3079 
4 3081 3157 3156 3080 
4 3082 3158 3157 3081 
4 3083 3159 3158 3082 
4 3084 3160 3159 3083 
4 3085 3161 3160 3084 
4 3086 3162 3161 3085 
4 3087 3163 3162 3086 
4 3088 3164 3163 3087 
4 3089 3165 3164 3088 
4 3090 3166 3165 3089 
4 3091 3167 3166 3090 
4 3092 3168 3167 3091 
4 3093 3169 3168 3092 
4 3094 3170 3169 3093 
4 3095 3171 3170 3094 
4 3096 3172 3171 3095 
4 3097 3173 3172 3096 
4 3098 3174 3173 3097 
4 3099 3175 3174 3098 
4 3100 3176 3175 3099 
4 3101 3177 3176 3100 
4 3102 3178 3177 3101 
4 3103 3179 3178 3102 
4 3104 3180 3179 3103 
4 3105 3181 3180 3104 
4 3106 3182 3181 3105 
4 3107 3183 3182 3106 
4 3108 3184 3183 3107 
4 3109 3185 3184 3108 
4 3110 3186 3185 3109 
4 3111 3187 3186 3110 
4 3112 3188 3187 3111 
4 3113 3189 3188 3112 
4 3114 3190 3189 3113 
4 3115 3191 3190 3114 
4 3003 3079 3078 3002 
4 3004 3080 3079 3003 
4 3005 3081 3080 3004 
4 3006 3082 3081 3005 
4 3007 3083 3082 3006 
4 3008 3084 3083 3007 
4 3009 3085 3084 3008 
4 3010 3086 3085 3009 
4 3011 3087 3086 3010 
4 3012 3088 3087 3011 
4 3013 3089 3088 3012 
4 3014 3090 3089 3013 
4 3015 3091 3090 3014 
4 3016 3092 3091 3015 
4 3017 3093 3092 3016 
4 3018 3094 3093 3017 
4 3019 3095 3094 3018 
4 3020 3096 3095 3019 
4 3021 3097 3096 3020 
4 3022 3098 3097 3021 
4 3023 3099 3098 3022 
4 3024 3100 3099 3023 
4 3025 3101 3100 3024 
4 3026 3102 3101 3025 
4 3027 3103 3102 3026 
4 3028 3104 3103 3027 
4 3029 3105 3104 3028 
4 3030 3106 3105 3029 
4 3031 3107 3106 3030 
4 3032 3108 3107 3031 
4 3033 3109 3108 3032 
4 3034 3110 3109 3033 
4 3035 3111 3110 3034 
4 3036 3112 3111 3035 
4 3037 3113 3112 3036 
4 3038 3114 3113 3037 
4 3039 3115 3114 3038 
4 2927 3003 3002 2926 
4 2928 3004 3003 2927 
4 2929 3005 3004 2928 
4 2930 3006 3005 2929 
4 2931 3007 3006 2930 
4 2932 3008 3007 2931 
4 2933 3009 3008 2932 
4 2934 3010 3009 2933 
4 2935 3011 3010 2934 
4 2936 3012 3011 2935 
4 2937 3013 3012 2936 
4 2938 3014 3013 2937 
4 2939 3015 3014 2938 
4 2940 3016 3015 2939 
4 2941 3017 3016 2940 
4 2942 3018 3017 2941 
4 2943 3019 3018 2942 
4 2944 3020 3019 2943 
4 2945 3021 3020 2944 
4 2946 3022 3021 2945 
4 2947 3023 3022 2946 
4 2948 3024 3023 2947 
4 2949 3025 3024 2948 
4 2950 3026 3025 2949 
4 2951 3027 3026 2950 
4 2952 3028 3027 2951 
4 2953 3029 3028 2952 
4 2954 3030 3029 2953 
4 2955 3031 3030 2954 
4 2956 3032 3031 2955 
4 2957 3033 3032 2956 
4 2958 3034 3033 2957 
4 2959 3035 3034 2958 
4 2960 3036 3035 2959 
4 2961 3037 3036 2960 
4 2962 3038 3037 2961 
4 2963 3039 3038 2962 
4 2851 2927 2926 2850 
4 2852 2928 2927 2851 
4 2853 2929 2928 2852 
4 2854 2930 2929 2853 
4 2855 2931 2930 2854 
4 2856 2932 2931 2855 
4 2857 2933 2932 2856 
4 2858 2934 2933 2857 
4 2859 2935 2934 2858 
4 2860 2936 2935 2859 
4 2861 2937 2936 2860 
4 2862 2938 2937 2861 
4 2863 2939 2938 2862 
4 2864 2940 2939 2863 
4 2865 2941 2940 2864 
4 2866 2942 2941 2865 
4 2867 2943 2942 2866 
4 2868 2944 2943 2867 
4 2869 2945 2944 2868 
4 2870 2946 2945 2869 
4 2871 2947 2946 2870 
4 2872 2948 2947 2871 
4 2873 2949 2948 2872 
4 2874 2950 2949 2873 
4 2875 2951 2950 2874 
4 2876 2952 2951 2875 
4 2877 2953 2952 2876 
4 2878 2954 2953 2877 
4 2879 2955 2954 2878 
4 2880 2956 2955 2879 
4 2881 2957 2956 2880 
4 2882 2958 2957 2881 
4 2883 2959 2958 2882 
4 2884 2960 2959 2883 
4 2885 2961 2960 2884 
4 2886 2962 2961 2885 
4 2887 2963 2962 2886 
4 2775 2851 2850 2774 
4 2776 2852 2851 2775 
4 2777 2853 2852 2776 
4 2778 2854 2853 2777 
4 2779 2855 2854 2778 
4 2780 2856 2855 2779 
4 2781 2857 2856 2780 
4 2782 2858 2857 2781 
4 2783 2859 2858 2782 
4 2784 2860 2859 2783 
4 2785 2861 2860 2784 
4 2786 2862 2861 2785 
4 2787 2863 2862 2786 
4 2788 2864 2863 2787 
4 2789 2865 2864 2788 
4 2790 2866 2865 2789 
4 2791 2867 2866 2790 
4 2792 2868 2867 2791 
4 2793 2869 2868 2792 
4 2794 2870 2869 2793 
4 2795 2871 2870 2794 
4 2796 2872 2871 2795 
4 2797 2873 2872 2796 
4 2798 2874 2873 2797 
4 2799 2875 2874 2798 
4 2800 2876 2875 2799 
4 2801 2877 2876 2800 
4 2802 2878 2877 2801 
4 2803 2879 2878 2802 
4 2804 2880 2879 2803 
4 2805 2881 2880 2804 
4 2806 2882 2881 2805 
4 2807 2883 2882 2806 
4 2808 2884 2883 2807 
4 2809 2885 2884 2808 
4 2810 2886 2885 2809 
4 2811 2887 2886 2810 
4 2699 2775 2774 2698 
4 2700 2776 2775 2699 
4 2701 2777 2776 2700 
4 2702 2778 2777 2701 
4 2703 2779 2778 2702 
4 2704 2780 2779 2703 
4 2705 2781 2780 2704 
4 2706 2782 2781 2705 
4 2707 2783 2782 2706 
4 2708 2784 2783 2707 
4 2709 2785 2784 2708 
4 2710 2786 2785 2709 
4 2711 2787 2786 2710 
4 2712 2788 2787 2711 
4 2713 2789 2788 2712 
4 2714 2790 2789 2713 
4 2715 2791 2790 2714 
4 2716 2792 2791 2715 
4 2717 2793 2792 2716 
4 2718 2794 2793 2717 
4 2719 2795 2794 2718 
4 2720 2796 2795 2719 
4 2721 2797 2796 2720 
4 2722 2798 2797 2721 
4 2723 2799 2798 2722 
4 2724 2800 2799 2723 
4 2725 2801 2800 2724 
4 2726 2802 2801 2725 
4 2727 2803 2802 2726 
4 2728 2804 2803 2727 
4 2729 2805 2804 2728 
4 2730 2806 2805 2729 
4 2731 2807 2806 2730 
4 2732 2808 2807 2731 
4 2733 2809 2808 2732 
4 2734 2810 2809 2733 
4 2735 2811 2810 2734 
4 2623 2699 2698 2622 
4 2624 2700 2699 2623 
4 2625 2701 2700 2624 
4 2626 2702 2701 2625 
4 2627 2703 2702 2626 
4 2628 2704 2703 2627 
4 2629 2705 2704 2628 
4 2630 2706 2705 2629 
4 2631 2707 2706 2630 
4 2632 2708 2707 2631 
4 2633 2709 2708 2632 
4 2634 2710 2709 2633 
4 2635 2711 2710 2634 
4 2636 2712 2711 2635 
4 2637 2713 2712 2636 
4 2638 2714 2713 2637 
4 2639 2715 2714 2638 
4 2640 2716 2715 2639 
4 2641 2717 2716 2640 
4 2642 2718 2717 2641 
4 2643 2719 2718 2642 
4 2644 2720 2719 2643 
4 2645 2721 2720 2644 
4 2646 2722 2721 2645 
4 2647 2723 2722 2646 
4 2648 2724 2723 2647 
4 2649 2725 2724 2648 
4 2650 2726 2725 2649 
4 2651 2727 2726 2650 
4 2652 2728 2727 2651 
4 2653 2729 2728 2652 
4 2654 2730 2729 2653 
4 2655 2731 2730 2654 
4 2656 2732 2731 2655 
4 2657 2733 2732 2656 
4 2658 2734 2733 2657 
4 2659 2735 2734 2658 
4 2547 2623 2622 2546 
4 2548 2624 2623 2547 
4 2549 2625 2624 2548 
4 2550 2626 2625 2549 
4 2551 2627 2626 2550 
4 2552 2628 2627 2551 
4 2553 2629 2628 2552 
4 2554 2630 2629 2553 
4 2555 2631 2630 2554 
4 2556 2632 2631 2555 
4 2557 2633 2632 2556 
4 2558 2634 2633 2557 
4 2559 2635 2634 2558 
4 2560 2636 2635 2559 
4 2561 2637 2636 2560 
4 2562 2638 2637 2561 
4 2563 2639 2638 2562 
4 2564 2640 2639 2563 
4 2565 2641 2640 2564 
4 2566 2642 2641 2565 
4 2567 2643 2642 2566 
4 2568 2644 2643 2567 
4 2569 2645 2644 2568 
4 2570 2646 2645 2569 
4 2571 2647 2646 2570 
4 2572 2648 2647 2571 
4 2573 2649 2648 2572 
4 2574 2650 2649 2573 
4 2575 2651 2650 2574 
4 2576 2652 2651 2575 
4 2577 2653 2652 2576 
4 2578 2654 2653 2577 
4 2579 2655 2654 2578 
4 2580 2656 2655 2579 
4 2581 2657 2656 2580 
4 2582 2658 2657 2581 
4 2583 2659 2658 2582 
4 2471 2547 2546 2470 
4 2472 2548 2547 2471 
4 2473 2549 2548 2472 
4 2474 2550 2549 2473 
4 2475 2551 2550 2474 
4 2476 2552 2551 2475 
4 2477 2553 2552 2476 
4 2478 2554 2553 2477 
4 2479 2555 2554 2478 
4 2480 2556 2555 2479 
4 2481 2557 2556 2480 
4 2482 2558 2557 2481 
4 2483 2559 2558 2482 
4 2484 2560 2559 2483 
4 2485 2561 2560 2484 
4 2486 2562 2561 2485 
4 2487 2563 2562 2486 
4 2488 2564 2563 2487 
4 2489 2565 2564 2488 
4 2490 2566 2565 2489 
4 2491 2567 2566 2490 
4 2492 2568 2567 2491 
4 2493 2569 2568 2492 
4 2494 2570 2569 2493 
4 2495 2571 2570 2494 
4 2496 2572 2571 2495 
4 2497 2573 2572 2496 
4 2498 2574 2573 2497 
4 2499 2575 2574 2498 
4 2500 2576 2575 2499 
4 2501 2577 2576 2500 
4 2502 2578 2577 2501 
4 2503 2579 2578 2502 
4 2504 2580 2579 2503 
4 2505 2581 2580 2504 
4 2506 2582 2581 2505 
4 2507 2583 2582 2506 
4 2395 2471 2470 2394 
4 2396 2472 2471 2395 
4 2397 2473 2472 2396 
4 2398 2474 2473 2397 
4 2399 2475 2474 2398 
4 2400 2476 2475 2399 
4 2401 2477 2476 2400 
4 2402 2478 2477 2401 
4 2403 2479 2478 2402 
4 2404 2480 2479 2403 
4 2405 2481 2480 2404 
4 2406 2482 2481 2405 
4 2407 2483 2482 2406 
4 2408 2484 2483 2407 
4 2409 2485 2484 2408 
4 2410 2486 2485 2409 
4 2411 2487 2486 2410 
4 2412 2488 2487 2411 
4 2413 2489 2488 2412 
4 2414 2490 2489 2413 
4 2415 2491 2490 2414 
4 2416 2492 2491 2415 
4 2417 2493 2492 2416 
4 2418 2494 2493 2417 
4 2419 2495 2494 2418 
4 2420 2496 2495 2419 
4 2421 2497 2496 2420 
4 2422 2498 2497 2421 
4 2423 2499 2498 2422 
4 2424 2500 2499 2423 
4 2425 2501 2500 2424 
4 2426 2502 2501 2425 
4 2427 2503 2502 2426 
4 2428 2504 2503 2427 
4 2429 2505 2504 2428 
4 2430 2506 2505 2429 
4 2431 2507 2506 2430 
4 2319 2395 2394 2318 
4 2320 2396 2395 2319 
4 2321 2397 2396 2320 
4 2322 2398 2397 2321 
4 2323 2399 2398 2322 
4 2324 2400 2399 2323 
4 2325 2401 2400 2324 
4 2326 2402 2401 2325 
4 2327 2403 2402 2326 
4 2328 2404 2403 2327 
4 2329 2405 2404 2328 
4 2330 2406 2405 2329 
4 2331 2407 2406 2330 
4 2332 2408 2407 2331 
4 2333 2409 2408 2332 
4 2334 2410 2409 2333 
4 2335 2411 2410 2334 
4 2336 2412 2411 2335 
4 2337 2413 2412 2336 
4 2338 2414 2413 2337 
4 2339 2415 2414 2338 
4 2340 2416 2415 2339 
4 2341 2417 2416 2340 
4 2342 2418 2417 2341 
4 2343 2419 2418 2342 
4 2344 2420 2419 2343 
4 2345 2421 2420 2344 
4 2346 2422 2421 2345 
4 2347 2423 2422 2346 
4 2348 2424 2423 2347 
4 2349 2425 2424 2348 
4 2350 2426 2425 2349 
4 2351 2427 2426 2350 
4 2352 2428 2427 2351 
4 2353 2429 2428 2352 
4 2354 2430 2429 2353 
4 2355 2431 2430 2354 
4 2243 2319 2318 2242 
4 2244 2320 2319 2243 
4 2245 2321 2320 2244 
4 2246 2322 2321 2245 
4 2247 2323 2322 2246 
4 2248 2324 2323 2247 
4 2249 2325 2324 2248 
4 2250 2326 2325 2249 
4 2251 2327 2326 2250 
4 2252 2328 2327 2251 
4 2253 2329 2328 2252 
4 2254 2330 2329 2253 
4 2255 2331 2330 2254 
4 2256 2332 2331 2255 
4 2257 2333 2332 2256 
4 2258 2334 2333 2257 
4 2259 2335 2334 2258 
4 2260 2336 2335 2259 
4 2261 2337 2336 2260 
4 2262 2338 2337 2261 
4 2263 2339 2338 2262 
4 2264 2340 2339 2263 
4 2265 2341 2340 2264 
4 2266 2342 2341 2265 
4 2267 2343 2342 2266 
4 2268 2344 2343 2267 
4 2269 2345 2344 2268 
4 2270 2346 2345 2269 
4 2271 2347 2346 2270 
4 2272 2348 2347 2271 
4 2273 2349 2348 2272 
4 2274 2350 2349 2273 
4 2275 2351 2350 2274 
4 2276 2352 2351 2275 
4 2277 2353 2352 2276 
4 2278 2354 2353 2277 
4 2279 2355 2354 2278 
4 2167 2243 2242 2166 
4 2168 2244 2243 2167 
4 2169 2245 2244 2168 
4 2170 2246 2245 2169 
4 2171 2247 2246 2170 
4 2172 2248 2247 2171 
4 2173 2249 2248 2172 
4 2174 2250 2249 2173 
4 2175 2251 2250 2174 
4 2176 2252 2251 2175 
4 2177 2253 2252 2176 
4 2178 2254 2253 2177 
4 2179 2255 2254 2178 
4 2180 2256 2255 2179 
4 2181 2257 2256 2180 
4 2182 2258 2257 2181 
4 2183 2259 2258 2182 
4 2184 2260 2259 2183 
4 2185 2261 2260 2184 
4 2186 2262 2261 2185 
4 2187 2263 2262 2186 
4 2188 2264 2263 2187 
4 2189 2265 2264 2188 
4 2190 2266 2265 2189 
4 2191 2267 2266 2190 
4 2192 2268 2267 2191 
4 2193 2269 2268 2192 
4 2194 2270 2269 2193 
4 2195 2271 2270 2194 
4 2196 2272 2271 2195 
4 2197 2273 2272 2196 
4 2198 2274 2273 2197 
4 2199 2275 2274 2198 
4 2200 2276 2275 2199 
4 2201 2277 2276 2200 
4 2202 2278 2277 2201 
4 2203 2279 2278 2202 
4 2091 2167 2166 2090 
4 2092 2168 2167 2091 
4 2093 2169 2168 2092 
4 2094 2170 2169 2093 
4 2095 2171 2170 2094 
4 2096 2172 2171 2095 
4 2097 2173 2172 2096 
4 2098 2174 2173 2097 
4 2099 2175 2174 2098 
4 2100 2176 2175 2099 
4 2101 2177 2176 2100 
4 2102 2178 2177 2101 
4 2103 2179 2178 2102 
4 2104 2180 2179 2103 
4 2105 2181 2180 2104 
4 2106 2182 2181 2105 
4 2107 2183 2182 2106 
4 2108 2184 2183 2107 
4 2109 2185 2184 2108 
4 2110 2186 2185 2109 
4 2111 2187 2186 2110 
4 2112 2188 2187 2111 
4 2113 2189 2188 2112 
4 2114 2190 2189 2113 
4 2115 2191 2190 2114 
4 2116 2192 2191 2115 
4 2117 2193 2192 2116 
4 2118 2194 2193 2117 
4 2119 2195 2194 2118 
4 2120 2196 2195 2119 
4 2121 2197 2196 2120 
4 2122 2198 2197 2121 
4 2123 2199 2198 2122 
4 2124 2200 2199 2123 
4 2125 2201 2200 2124 
4 2126 2202 2201 2125 
4 2127 2203 2202 2126 
4 2015 2091 2090 2014 
4 2016 2092 2091 2015 
4 2017 2093 2092 2016 
4 2018 2094 2093 2017 
4 2019 2095 2094 2018 
4 2020 2096 2095 2019 
4 2021 2097 2096 2020 
4 2022 2098 2097 2021 
4 2023 2099 2098 2022 
4 2024 2100 2099 2023 
4 2025 2101 2100 2024 
4 2026 2102 2101 2025 
4 2027 2103 2102 2026 
4 2028 2104 2103 2027 
4 2029 2105 2104 2028 
4 2030 2106 2105 2029 
4 2031 2107 2106 2030 
4 2032 2108 2107 2031 
4 2033 2109 2108 2032 
4 2034 2110 2109 2033 
4 2035 2111 2110 2034 
4 2036 2112 2111 2035 
4 2037 2113 2112 2036 
4 2038 2114 2113 2037 
4 2039 2115 2114 2038 
4 2040 2116 2115 2039 
4 2041 2117 2116 2040 
4 2042 2118 2117 2041 
4 2043 2119 2118 2042 
4 2044 2120 2119 2043 
4 2045 2121 2120 2044 
4 2046 2122 2121 2045 
4 2047 2123 2122 2046 
4 2048 2124 2123 2047 
4 2049 2125 2124 2048 
4 2050 2126 2125 2049 
4 2051 2127 2126 2050 
4 1939 2015 2014 1938 
4 1940 2016 2015 1939 
4 1941 2017 2016 1940 
4 1942 2018 2017 1941 
4 1943 2019 2018 1942 
4 1944 2020 2019 1943 
4 1945 2021 2020 1944 
4 1946 2022 2021 1945 
4 1947 2023 2022 1946 
4 1948 2024 2023 1947 
4 1949 2025 2024 1948 
4 1950 2026 2025 1949 
4 1951 2027 2026 1950 
4 1952 2028 2027 1951 
4 1953 2029 2028 1952 
4 1954 2030 2029 1953 
4 1955 2031 2030 1954 
4 1956 2032 2031 1955 
4 1957 2033 2032 1956 
4 1958 2034 2033 1957 
4 1959 2035 2034 1958 
4 1960 2036 2035 1959 
4 1961 2037 2036 1960 
4 1962 2038 2037 1961 
4 1963 2039 2038 1962 
4 1964 2040 2039 1963 
4 1965 2041 2040 1964 
4 1966 2042 2041 1965 
4 1967 2043 2042 1966 
4 1968 2044 2043 1967 
4 1969 2045 2044 1968 
4 1970 2046 2045 1969 
4 1971 2047 2046 1970 
4 1972 2048 2047 1971 
4 1973 2049 2048 1972 
4 1974 2050 2049 1973 
4 1975 2051 2050 1974 
4 1863 1939 1938 1862 
4 1864 1940 1939 1863 
4 1865 1941 1940 1864 
4 1866 1942 1941 1865 
4 1867 1943 1942 1866 
4 1868 1944 1943 1867 
4 1869 1945 1944 1868 
4 1870 1946 1945 1869 
4 1871 1947 1946 1870 
4 1872 1948 1947 1871 
4 1873 1949 1948 1872 
4 1874 1950 1949 1873 
4 1875 1951 1950 1874 
4 1876 1952 1951 1875 
4 1877 1953 1952 1876 
4 1878 1954 1953 1877 
4 1879 1955 1954 1878 
4 1880 1956 1955 1879 
4 1881 1957 1956 1880 
4 1882 1958 1957 1881 
4 1883 1959 1958 1882 
4 1884 1960 1959 1883 
4 1885 1961 1960 1884 
4 1886 1962 1961 1885 
4 1887 1963 1962 1886 
4 1888 1964 1963 1887 
4 1889 1965 1964 1888 
4 1890 1966 1965 1889 
4 1891 1967 1966 1890 
4 1892 1968 1967 1891 
4 1893 1969 1968 1892 
4 1894 1970 1969 1893 
4 1895 1971 1970 1894 
4 1896 1972 1971 1895 
4 1897 1973 1972 1896 
4 1898 1974 1973 1897 
4 1899 1975 1974 1898 
4 1787 1863 1862 1786 
4 1788 1864 1863 1787 
4 1789 1865 1864 1788 
4 1790 1866 1865 1789 
4 1791 1867 1866 1790 
4 1792 1868 1867 1791 
4 1793 1869 1868 1792 
4 1794 1870 1869 1793 
4 1795 1871 1870 1794 
4 1796 1872 1871 1795 
4 1797 1873 1872 1796 
4 1798 1874 1873 1797 
4 1799 1875 1874 1798 
4 1800 1876 1875 1799 
4 1801 1877 1876 1800 
4 1802 1878 1877 1801 
4 1803 1879 1878 1802 
4 1804 1880 1879 1803 
4 1805 1881 1880 1804 
4 1806 1882 1881 1805 
4 1807 1883 1882 1806 
4 1808 1884 1883 1807 
4 1809 1885 1884 1808 
4 1810 1886 1885 1809 
4 1811 1887 1886 1810 
4 1812 1888 1887 1811 
4 1813 1889 1888 1812 
4 1814 1890 1889 1813 
4 1815 1891 1890 1814 
4 1816 1892 1891 1815 
4 1817 1893 1892 1816 
4 1818 1894 1893 1817 
4 1819 1895 1894 1818 
4 1820 1896 1895 1819 
4 1821 1897 1896 1820 
4 1822 1898 1897 1821 
4 1823 1899 1898 1822 
4 1711 1787 1786 1710 
4 1712 1788 1787 1711 
4 1713 1789 1788 1712 
4 1714 1790 1789 1713 
4 1715 1791 1790 1714 
4 1716 1792 1791 1715 
4 1717 1793 1792 1716 
4 1718 1794 1793 1717 
4 1719 1795 1794 1718 
4 1720 1796 1795 1719 
4 1721 1797 1796 1720 
4 1722 1798 1797 1721 
4 1723 1799 1798 1722 
4 1724 1800 1799 1723 
4 1725 1801 1800 1724 
4 1726 1802 1801 1725 
4 1727 1803 1802 1726 
4 1728 1804 1803 1727 
4 1729 1805 1804 1728 
4 1730 1806 1805 1729 
4 1731 1807 1806 1730 
4 1732 1808 1807 1731 
4 1733 1809 1808 1732 
4 1734 1810 1809 1733 
4 1735 1811 1810 1734 
4 1736 1812 1811 1735 
4 1737 1813 1812 1736 
4 1738 1814 1813 1737 
4 1739 1815 1814 1738 
4 1740 1816 1815 1739 
4 1741 1817 1816 1740 
4 1742 1818 1817 1741 
4 1743 1819 1818 1742 
4 1744 1820 1819 1743 
4 1745 1821 1820 1744 
4 1746 1822 1821 1745 
4 1747 1823 1822 1746 
4 1635 1711 1710 1634 
4 1636 1712 1711 1635 
4 1637 1713 1712 1636 
4 1638 1714 1713 1637 
4 1639 1715 1714 1638 
4 1640 1716 1715 1639 
4 1641 1717 1716 1640 
4 1642 1718 1717 1641 
4 1643 1719 1718 1642 
4 1644 1720 1719 1643 
4 1645 1721 1720 1644 
4 1646 1722 1721 1645 
4 1647 1723 1722 1646 
4 1648 1724 1723 1647 
4 1649 1725 1724 1648 
4 1650 1726 1725 1649 
4 1651 1727 1726 1650 
4 1652 1728 1727 1651 
4 1653 1729 1728 1652 
4 1654 1730 1729 1653 
4 1655 1731 1730 1654 
4 1656 1732 1731 1655 
4 1657 1733 1732 1656 
4 1658 1734 1733 1657 
4 1659 1735 1734 1658 
4 1660 1736 1735 1659 
4 1661 1737 1736 1660 
4 1662 1738 1737 1661 
4 1663 1739 1738 1662 
4 1664 1740 1739 1663 
4 1665 1741 1740 1664 
4 1666 1742 1741 1665 
4 1667 1743 1742 1666 
4 1668 1744 1743 1667 
4 1669 1745 1744 1668 
4 1670 1746 1745 1669 
4 1671 1747 1746 1670 
4 1559 1635 1634 1558 
4 1560 1636 1635 1559 
4 1561 1637 1636 1560 
4 1562 1638 1637 1561 
4 1563 1639 1638 1562 
4 1564 1640 1639 1563 
4 1565 1641 1640 1564 
4 1566 1642 1641 1565 
4 1567 1643 1642 1566 
4 1568 1644 1643 1567 
4 1569 1645 1644 1568 
4 1570 1646 1645 1569 
4 1571 1647 1646 1570 
4 1572 1648 1647 1571 
4 1573 1649 1648 1572 
4 1574 1650 1649 1573 
4 1575 1651 1650 1574 
4 1576 1652 1651 1575 
4 1577 1653 1652 1576 
4 1578 1654 1653 1577 
4 1579 1655 1654 1578 
4 1580 1656 1655 1579 
4 1581 1657 1656 1580 
4 1582 1658 1657 1581 
4 1583 1659 1658 1582 
4 1584 1660 1659 1583 
4 1585 1661 1660 1584 
4 1586 1662 1661 1585 
4 1587 1663 1662 1586 
4 1588 1664 1663 1587 
4 1589 1665 1664 1588 
4 1590 1666 1665 1589 
4 1591 1667 1666 1590 
4 1592 1668 1667 1591 
4 1593 1669 1668 1592 
4 1594 1670 1669 1593 
4 1595 1671 1670 1594 
4 1483 1559 1558 1482 
4 1484 1560 1559 1483 
4 1485 1561 1560 1484 
4 1486 1562 1561 1485 
4 1487 1563 1562 1486 
4 1488 1564 1563 1487 
4 1489 1565 1564 1488 
4 1490 1566 1565 1489 
4 1491 1567 1566 1490 
4 1492 1568 1567 1491 
4 1493 1569 1568 1492 
4 1494 1570 1569 1493 
4 1495 1571 1570 1494 
4 1496 1572 1571 1495 
4 1497 1573 1572 1496 
4 1498 1574 1573 1497 
4 1499 1575 1574 1498 
4 1500 1576 1575 1499 
4 1501 1577 1576 1500 
4 1502 1578 1577 1501 
4 1503 1579 1578 1502 
4 1504 1580 1579 1503 
4 1505 1581 1580 1504 
4 1506 1582 1581 1505 
4 1507 1583 1582 1506 
4 1508 1584 1583 1507 
4 1509 1585 1584 1508 
4 1510 1586 1585 1509 
4 1511 1587 1586 1510 
4 1512 1588 1587 1511 
4 1513 1589 1588 1512 
4 1514 1590 1589 1513 
4 1515 1591 1590 1514 
4 1516 1592 1591 1515 
4 1517 1593 1592 1516 
4 1518 1594 1593 1517 
4 1519 1595 1594 1518 
4 1407 1483 1482 1406 
4 1408 1484 1483 1407 
4 1409 1485 1484 1408 
4 1410 1486 1485 1409 
4 1411 1487 1486 1410 
4 1412 1488 1487 1411 
4 1413 1489 1488 1412 
4 1414 1490 1489 1413 
4 1415 1491 1490 1414 
4 1416 1492 1491 1415 
4 1417 1493 1492 1416 
4 1418 1494 1493 1417 
4 1419 1495 1494 1418 
4 1420 1496 1495 1419 
4 1421 1497 1496 1420 
4 1422 1498 1497 1421 
4 1423 1499 1498 1422 
4 1424 1500 1499 1423 
4 1425 1501 1500 1424 
4 1426 1502 1501 1425 
4 1427 1503 1502 1426 
4 1428 1504 1503 1427 
4 1429 1505 1504 1428 
4 1430 1506 1505 1429 
4 1431 1507 1506 1430 
4 1432 1508 1507 1431 
4 1433 1509 1508 1432 
4 1434 1510 1509 1433 
4 1435 1511 1510 1434 
4 1436 1512 1511 1435 
4 1437 1513 1512 1436 
4 1438 1514 1513 1437 
4 1439 1515 1514 1438 
4 1440 1516 1515 1439 
4 1441 1517 1516 1440 
4 1442 1518 1517 1441 
4 1443 1519 1518 1442 
4 1331 1407 1406 1330 
4 1332 1408 1407 1331 
4 1333 1409 1408 1332 
4 1334 1410 1409 1333 
4 1335 1411 1410 1334 
4 1336 1412 1411 1335 
4 1337 1413 1412 1336 
4 1338 1414 1413 1337 
4 1339 1415 1414 1338 
4 1340 1416 1415 1339 
4 1341 1417 1416 1340 
4 1342 1418 1417 1341 
4 1343 1419 1418 1342 
4 1344 1420 1419 1343 
4 1345 1421 1420 1344 
4 1346 1422 1421 1345 
4 1347 1423 1422 1346 
4 1348 1424 1423 1347 
4 1349 1425 1424 1348 
4 1350 1426 1425 1349 
4 1351 1427 1426 1350 
4 1352 1428 1427 1351 
4 1353 1429 1428 1352 
4 1354 1430 1429 1353 
4 1355 1431 1430 1354 
4 1356 1432 1431 1355 
4 1357 1433 1432 1356 
4 1358 1434 1433 1357 
4 1359 1435 1434 1358 
4 1360 1436 1435 1359 
4 1361 1437 1436 1360 
4 1362 1438 1437 1361 
4 1363 1439 1438 1362 
4 1364 1440 1439 1363 
4 1365 1441 1440 1364 
4 1366 1442 1441 1365 
4 1367 1443 1442 1366 
4 1255 1331 1330 1254 
4 1256 1332 1331 1255 
4 1257 1333 1332 1256 
4 1258 1334 1333 1257 
4 1259 1335 1334 1258 
4 1260 1336 1335 1259 
4 1261 1337 1336 1260 
4 1262 1338 1337 1261 
4 1263 1339 1338 1262 
4 1264 1340 1339 1263 
4 1265 1341 1340 1264 
4 1266 1342 1341 1265 
4 1267 1343 1342 1266 
4 1268 1344 1343 1267 
4 1269 1345 1344 1268 
4 1270 1346 1345 1269 
4 1271 1347 1346 1270 
4 1272 1348 1347 1271 
4 1273 1349 1348 1272 
4 1274 1350 1349 1273 
4 1275 1351 1350 1274 
4 1276 1352 1351 1275 
4 1277 1353 1352 1276 
4 1278 1354 1353 1277 
4 1279 1355 1354 1278 
4 1280 1356 1355 1279 
4 1281 1357 1356 1280 
4 1282 1358 1357 1281 
4 1283 1359 1358 1282 
4 1284 1360 1359 1283 
4 1285 1361 1360 1284 
4 1286 1362 1361 1285 
4 1287 1363 1362 1286 
4 1288 1364 1363 1287 
4 1289 1365 1364 1288 
4 1290 1366 1365 1289 
4 1291 1367 1366 1290 
4 1179 1255 1254 1178 
4 1180 1256 1255 1179 
4 1181 1257 1256 1180 
4 1182 1258 1257 1181 
4 1183 1259 1258 1182 
4 1184 1260 1259 1183 
4 1185 1261 1260 1184 
4 1186 1262 1261 1185 
4 1187 1263 1262 1186 
4 1188 1264 1263 1187 
4 1189 1265 1264 1188 
4 1190 1266 1265 1189 
4 1191 1267 1266 1190 
4 1192 1268 1267 1191 
4 1193 1269 1268 1192 
4 1194 1270 1269 1193 
4 1195 1271 1270 1194 
4 1196 1272 1271 1195 
4 1197 1273 1272 1196 
4 1198 1274 1273 1197 
4 1199 1275 1274 1198 
4 1200 1276 1275 1199 
4 1201 1277 1276 1200 
4 1202 1278 1277 1201 
4 1203 1279 1278 1202 
4 1204 1280 1279 1203 
4 1205 1281 1280 1204 
4 1206 1282 1281 1205 
4 1207 1283 1282 1206 
4 1208 1284 1283 1207 
4 1209 1285 1284 1208 
4 1210 1286 1285 1209 
4 1211 1287 1286 1210 
4 1212 1288 1287 1211 
4 1213 1289 1288 1212 
4 1214 1290 1289 1213 
4 1215 1291 1290 1214 
4 1103 1179 1178 1102 
4 1104 1180 1179 1103 
4 1105 1181 1180 1104 
4 1106 1182 1181 1105 
4 1107 1183 1182 1106 
4 1108 1184 1183 1107 
4 1109 1185 1184 1108 
4 1110 1186 1185 1109 
4 1111 1187 1186 1110 
4 1112 1188 1187 1111 
4 1113 1189 1188 1112 
4 1114 1190 1189 1113 
4 1115 1191 1190 1114 
4 1116 1192 1191 1115 
4 1117 1193 1192 1116 
4 1118 1194 1193 1117 
4 1119 1195 1194 1118 
4 1120 1196 1195 1119 
4 1121 1197 1196 1120 
4 1122 1198 1197 1121 
4 1123 1199 1198 1122 
4 1124 1200 1199 1123 
4 1125 1201 1200 1124 
4 1126 1202 1201 1125 
4 1127 1203 1202 1126 
4 1128 1204 1203 1127 
4 1129 1205 1204 1128 
4 1130 1206 1205 1129 
4 1131 1207 1206 1130 
4 1132 1208 1207 1131 
4 1133 1209 1208 1132 
4 1134 1210 1209 1133 
4 1135 1211 1210 1134 
4 1136 1212 1211 1135 
4 1137 1213 1212 1136 
4 1138 1214 1213 1137 
4 1139 1215 1214 1138 
4 1027 1103 1102 1026 
4 1028 1104 1103 1027 
4 1029 1105 1104 1028 
4 1030 1106 1105 1029 
4 1031 1107 1106 1030 
4 1032 1108 1107 1031 
4 1033 1109 1108 1032 
4 1034 1110 1109 1033 
4 1035 1111 1110 1034 
4 1036 1112 1111 1035 
4 1037 1113 1112 1036 
4 1038 1114 1113 1037 
4 1039 1115 1114 1038 
4 1040 1116 1115 1039 
4 1041 1117 1116 1040 
4 1042 1118 1117 1041 
4 1043 1119 1118 1042 
4 1044 1120 1119 1043 
4 1045 1121 1120 1044 
4 1046 1122 1121 1045 
4 1047 1123 1122 1046 
4 1048 1124 1123 1047 
4 1049 1125 1124 1048 
4 1050 1126 1125 1049 
4 1051 1127 1126 1050 
4 1052 1128 1127 1051 
4 1053 1129 1128 1052 
4 1054 1130 1129 1053 
4 1055 1131 1130 1054 
4 1056 1132 1131 1055 
4 1057 1133 1132 1056 
4 1058 1134 1133 1057 
4 1059 1135 1134 1058 
4 1060 1136 1135 1059 
4 1061 1137 1136 1060 
4 1062 1138 1137 1061 
4 1063 1139 1138 1062 
4 951 1027 1026 950 
4 952 1028 1027 951 
4 953 1029 1028 952 
4 954 1030 1029 953 
4 955 1031 1030 954 
4 956 1032 1031 955 
4 957 1033 1032 956 
4 958 1034 1033 957 
4 959 1035 1034 958 
4 960 1036 1035 959 
4 961 1037 1036 960 
4 962 1038 1037 961 
4 963 1039 1038 962 
4 964 1040 1039 963 
4 965 1041 1040 964 
4 966 1042 1041 965 
4 967 1043 1042 966 
4 968 1044 1043 967 
4 969 1045 1044 968 
4 970 1046 1045 969 
4 971 1047 1046 970 
4 972 1048 1047 971 
4 973 1049 1048 972 
4 974 1050 1049 973 
4 975 1051 1050 974 
4 976 1052 1051 975 
4 977 1053 1052 976 
4 978 1054 1053 977 
4 979 1055 1054 978 
4 980 1056 1055 979 
4 981 1057 1056 980 
4 982 1058 1057 981 
4 983 1059 1058 982 
4 984 1060 1059 983 
4 985 1061 1060 984 
4 986 1062 1061 985 
4 987 1063 1062 986 
4 875 951 950 874 
4 876 952 951 875 
4 877 953 952 876 
4 878 954 953 877 
4 879 955 954 878 
4 880 956 955 879 
4 881 957 956 880 
4 882 958 957 881 
4 883 959 958 882 
4 884 960 959 883 
4 885 961 960 884 
4 886 962 961 885 
4 887 963 962 886 
4 888 964 963 887 
4 889 965 964 888 
4 890 966 965 889 
4 891 967 966 890 
4 892 968 967 891 
4 893 969 968 892 
4 894 970 969 893 
4 895 971 970 894 
4 896 972 971 895 
4 897 973 972 896 
4 898 974 973 897 
4 899 975 974 898 
4 900 976 975 899 
4 901 977 976 900 
4 902 978 977 901 
4 903 979 978 902 
4 904 980 979 903 
4 905 981 980 904 
4 906 982 981 905 
4 907 983 982 906 
4 908 984 983 907 
4 909 985 984 908 
4 910 986 985 909 
4 911 987 986 910 
4 799 875 874 798 
4 800 876 875 799 
4 801 877 876 800 
4 802 878 877 801 
4 803 879 878 802 
4 804 880 879 803 
4 805 881 880 804 
4 806 882 881 805 
4 807 883 882 806 
4 808 884 883 807 
4 809 885 884 808 
4 810 886 885 809 
4 811 887 886 810 
4 812 888 887 811 
4 813 889 888 812 
4 814 890 889 813 
4 815 891 890 814 
4 816 892 891 815 
4 817 893 892 816 
4 818 894 893 817 
4 819 895 894 818 
4 820 896 895 819 
4 821 897 896 820 
4 822 898 897 821 
4 823 899 898 822 
4 824 900 899 823 
4 825 901 900 824 
4 826 902 901 825 
4 827 903 902 826 
4 828 904 903 827 
4 829 905 904 828 
4 830 906 905 829 
4 831 907 906 830 
4 832 908 907 831 
4 833 909 908 832 
4 834 910 909 833 
4 835 911 910 834 
4 723 799 798 722 
4 724 800 799 723 
4 725 801 800 724 
4 726 802 801 725 
4 727 803 802 726 
4 728 804 803 727 
4 729 805 804 728 
4 730 806 805 729 
4 731 807 806 730 
4 732 808 807 731 
4 733 809 808 732 
4 734 810 809 733 
4 735 811 810 734 
4 736 812 811 735 
4 737 813 812 736 
4 738 814 813 737 
4 739 815 814 738 
4 740 816 815 739 
4 741 817 816 740 
4 742 818 817 741 
4 743 819 818 742 
4 744 820 819 743 
4 745 821 820 744 
4 746 822 821 745 
4 747 823 822 746 
4 748 824 823 747 
4 749 825 824 748 
4 750 826 825 749 
4 751 827 826 750 
4 752 828 827 751 
4 753 829 828 752 
4 754 830 829 753 
4 755 831 830 754 
4 756 832 831 755 
4 757 833 832 756 
4 758 834 833 757 
4 759 835 834 758 
4 647 723 722 646 
4 648 724 723 647 
4 649 725 724 648 
4 650 726 725 649 
4 651 727 726 650 
4 652 728 727 651 
4 653 729 728 652 
4 654 730 729 653 
4 655 731 730 654 
4 656 732 731 655 
4 657 733 732 656 
4 658 734 733 657 
4 659 735 734 658 
4 660 736 735 659 
4 661 737 736 660 
4 662 738 737 661 
4 663 739 738 662 
4 664 740 739 663 
4 665 741 740 664 
4 666 742 741 665 
4 667 743 742 666 
4 668 744 743 667 
4 669 745 744 668 
4 670 746 745 669 
4 671 747 746 670 
4 672 748 747 671 
4 673 749 748 672 
4 674 750 749 673 
4 675 751 750 674 
4 676 752 751 675 
4 677 753 752 676 
4 678 754 753 677 
4 679 755 754 678 
4 680 756 755 679 
4 681 757 756 680 
4 682 758 757 681 
4 683 759 758 682 
4 571 647 646 570 
4 572 648 647 571 
4 573 649 648 572 
4 574 650 649 573 
4 575 651 650 574 
4 576 652 651 575 
4 577 653 652 576 
4 578 654 653 577 
4 579 655 654 578 
4 580 656 655 579 
4 581 657 656 580 
4 582 658 657 581 
4 583 659 658 582 
4 584 660 659 583 
4 585 661 660 584 
4 586 662 661 585 
4 587 663 662 586 
4 588 664 663 587 
4 589 665 664 588 
4 590 666 665 589 
4 591 667 666 590 
4 592 668 667 591 
4 593 669 668 592 
4 594 670 669 593 
4 595 671 670 594 
4 596 672 671 595 
4 597 673 672 596 
4 598 674 673 597 
4 599 675 674 598 
4 600 676 675 599 
4 601 677 676 600 
4 602 678 677 601 
4 603 679 678 602 
4 604 680 679 603 
4 605 681 680 604 
4 606 682 681 605 
4 607 683 682 606 
4 495 571 570 494 
4 496 572 571 495 
4 497 573 572 496 
4 498 574 573 497 
4 499 575 574 498 
4 500 576 575 499 
4 501 577 576 500 
4 502 578 577 501 
4 503 579 578 502 
4 504 580 579 503 
4 505 581 580 504 
4 506 582 581 505 
4 507 583 582 506 
4 508 584 583 507 
4 509 585 584 508 
4 510 586 585 509 
4 511 587 586 510 
4 512 588 587 511 
4 513 589 588 512 
4 514 590 589 513 
4 515 591 590 514 
4 516 592 591 515 
4 517 593 592 516 
4 518 594 593 517 
4 519 595 594 518 
4 520 596 595 519 
4 521 597 596 520 
4 522 598 597 521 
4 523 599 598 522 
4 524 600 599 523 
4 525 601 600 524 
4 526 602 601 525 
4 527 603 602 526 
4 528 604 603 527 
4 529 605 604 528 
4 530 606 605 529 
4 531 607 606 530 
4 419 495 494 418 
4 420 496 495 419 
4 421 497 496 420 
4 422 498 497 421 
4 423 499 498 422 
4 424 500 499 423 
4 425 501 500 424 
4 426 502 501 425 
4 427 503 502 426 
4 428 504 503 427 
4 429 505 504 428 
4 430 506 505 429 
4 431 507 506 430 
4 432 508 507 431 
4 433 509 508 432 
4 434 510 509 433 
4 435 511 510 434 
4 436 512 511 435 
4 437 513 512 436 
4 438 514 513 437 
4 439 515 514 438 
4 440 516 515 439 
4 441 517 516 440 
4 442 518 517 441 
4 443 519 518 442 
4 444 520 519 443 
4 445 521 520 444 
4 446 522 521 445 
4 447 523 522 446 
4 448 524 523 447 
4 449 525 524 448 
4 450 526 525 449 
4 451 527 526 450 
4 452 528 527 451 
4 453 529 528 452 
4 454 530 529 453 
4 455 531 530 454 
4 343 419 418 342 
4 344 420 419 343 
4 345 421 420 344 
4 346 422 421 345 
4 347 423 422 346 
4 348 424 423 347 
4 349 425 424 348 
4 350 426 425 349 
4 351 427 426 350 
4 352 428 427 351 
4 353 429 428 352 
4 354 430 429 353 
4 355 431 430 354 
4 356 432 431 355 
4 357 433 432 356 
4 358 434 433 357 
4 359 435 434 358 
4 360 436 435 359 
4 361 437 436 360 
4 362 438 437 361 
4 363 439 438 362 
4 364 440 439 363 
4 365 441 440 364 
4 366 442 441 365 
4 367 443 442 366 
4 368 444 443 367 
4 369 445 444 368 
4 370 446 445 369 
4 371 447 446 370 
4 372 448 447 371 
4 373 449 448 372 
4 374 450 449 373 
4 375 451 450 374 
4 376 452 451 375 
4 377 453 452 376 
4 378 454 453 377 
4 379 455 454 378 
4 267 343 342 266 
4 268 344 343 267 
4 269 345 344 268 
4 270 346 345 269 
4 271 347 346 270 
4 272 348 347 271 
4 273 349 348 272 
4 274 350 349 273 
4 275 351 350 274 
4 276 352 351 275 
4 277 353 352 276 
4 278 354 353 277 
4 279 355 354 278 
4 280 356 355 279 
4 281 357 356 280 
4 282 358 357 281 
4 283 359 358 282 
4 284 360 359 283 
4 285 361 360 284 
4 286 362 361 285 
4 287 363 362 286 
4 288 364 363 287 
4 289 365 364 288 
4 290 366 365 289 
4 291 367 366 290 
4 292 368 367 291 
4 293 369 368 292 
4 294 370 369 293 
4 295 371 370 294 
4 296 372 371 295 
4 297 373 372 296 
4 298 374 373 297 
4 299 375 374 298 
4 300 376 375 299 
4 301 377 376 300 
4 302 378 377 301 
4 303 379 378 302 
4 191 267 266 190 
4 192 268 267 191 
4 193 269 268 192 
4 194 270 269 193 
4 195 271 270 194 
4 196 272 271 195 
4 197 273 272 196 
4 198 274 273 197 
4 199 275 274 198 
4 200 276 275 199 
4 201 277 276 200 
4 202 278 277 201 
4 203 279 278 202 
4 204 280 279 203 
4 205 281 280 204 
4 206 282 281 205 
4 207 283 282 206 
4 208 284 283 207 
4 209 285 284 208 
4 210 286 285 209 
4 211 287 286 210 
4 212 288 287 211 
4 213 289 288 212 
4 214 290 289 213 
4 215 291 290 214 
4 216 292 291 215 
4 217 293 292 216 
4 218 294 293 217 
4 219 295 294 218 
4 220 296 295 219 
4 221 297 296 220 
4 222 298 297 221 
4 223 299 298 222 
4 224 300 299 223 
4 225 301 300 224 
4 226 302 301 225 
4 227 303 302 226 
4 115 191 190 114 
4 116 192 191 115 
4 117 193 192 116 
4 118 194 193 117 
4 119 195 194 118 
4 120 196 195 119 
4 121 197 196 120 
4 122 198 197 121 
4 123 199 198 122 
4 124 200 199 123 
4 125 201 200 124 
4 126 202 201 125 
4 127 203 202 126 
4 128 204 203 127 
4 129 205 204 128 
4 130 206 205 129 
4 131 207 206 130 
4 132 208 207 131 
4 133 209 208 132 
4 134 210 209 133 
4 135 211 210 134 
4 136 212 211 135 
4 137 213 212 136 
4 138 214 213 137 
4 139 215 214 138 
4 140 216 215 139 
4 141 217 216 140 
4 142 218 217 141 
4 143 219 218 142 
4 144 220 219 143 
4 145 221 220 144 
4 146 222 221 145 
4 147 223 222 146 
4 148 224 223 147 
4 149 225 224 148 
4 150 226 225 149 
4 151 227 226 150 
4 39 115 114 38 
4 40 116 115 39 
4 41 117 116 40 
4 42 118 117 41 
4 43 119 118 42 
4 44 120 119 43 
4 45 121 120 44 
4 46 122 121 45 
4 47 123 122 46 
4 48 124 123 47 
4 49 125 124 48 
4 50 126 125 49 
4 51 127 126 50 
4 52 128 127 51 
4 53 129 128 52 
4 54 130 129 53 
4 55 131 130 54 
4 56 132 131 55 
4 57 133 132 56 
4 58 134 133 57 
4 59 135 134 58 
4 60 136 135 59 
4 61 137 136 60 
4 62 138 137 61 
4 63 139 138 62 
4 64 140 139 63 
4 65 141 140 64 
4 66 142 141 65 
4 67 143 142 66 
4 68 144 143 67 
4 69 145 144 68 
4 70 146 145 69 
4 71 147 146 70 
4 72 148 147 71 
4 73 149 148 72 
4 74 150 149 73 
4 75 151 150 74 
4 1 39 38 0 
4 2 40 39 1 
4 3 41 40 2 
4 4 42 41 3 
4 5 43 42 4 
4 6 44 43 5 
4 7 45 44 6 
4 8 46 45 7 
4 9 47 46 8 
4 10 48 47 9 
4 11 49 48 10 
4 12 50 49 11 
4 13 51 50 12 
4 14 52 51 13 
4 15 53 52 14 
4 16 54 53 15 
4 17 55 54 16 
4 18 56 55 17 
4 19 57 56 18 
4 20 58 57 19 
4 21 59 58 20 
4 22 60 59 21 
4 23 61 60 22 
4 24 62 61 23 
4 25 63 62 24 
4 26 64 63 25 
4 27 65 64 26 
4 28 66 65 27 
4 29 67 66 28 
4 30 68 67 29 
4 31 69 68 30 
4 32 70 69 31 
4 33 71 70 32 
4 34 72 71 33 
4 35 73 72 34 
4 36 74 73 35 
4 37 75 74 36 
CELL_DATA 5920
SCALARS ElementID int 1
LOOKUP_TABLE default
0
1
2
3
4
5
6
7
8
9
10
11
12
13
14
15
16
17
18
19
20
21
22
23
24
25
26
27
28
29
30
31
32
33
34
35
36
37
38
39
40
41
42
43
44
45
46
47
48
49
50
51
52
53
54
55
56
57
58
59
60
61
62
63
64
65
66
67
68
69
70
71
72
73
74
75
76
77
78
79
80
81
82
83
84
85
86
87
88
89
90
91
92
93
94
95
96
97
98
99
100
101
102
103
104
105
106
107
108
109
110
111
112
113
114
115
116
117
118
119
120
121
122
123
124
125
126
127
128
129
130
131
132
133
134
135
136
137
138
139
140
141
142
143
144
145
146
147
148
149
150
151
152
153
154
155
156
157
158
159
160
161
162
163
164
165
166
167
168
169
170
171
172
173
174
175
176
177
178
179
180
181
182
183
184
185
186
187
188
189
190
191
192
193
194
195
196
197
198
199
200
201
202
203
204
205
206
207
208
209
210
211
212
213
214
215
216
217
218
219
220
221
222
223
224
225
226
227
228
229
230
231
232
233
234
235
236
237
238
239
240
241
242
243
244
245
246
247
248
249
250
251
252
253
254
255
256
257
258
259
260
261
262
263
264
265
266
267
268
269
270
271
272
273
274
275
276
277
278
279
280
281
282
283
284
285
286
287
288
289
290
291
292
293
294
295
296
297
298
299
300
301
302
303
304
305
306
307
308
309
310
311
312
313
314
315
316
317
318
319
320
321
322
323
324
325
326
327
328
329
330
331
332
333
334
335
336
337
338
339
340
341
342
343
344
345
346
347
348
349
350
351
352
353
354
355
356
357
358
359
360
361
362
363
364
365
366
367
368
369
370
371
372
373
374
375
376
377
378
379
380
381
382
383
384
385
386
387
388
389
390
391
392
393
394
395
396
397
398
399
400
401
402
403
404
405
406
407
408
409
410
411
412
413
414
415
416
417
418
419
420
421
422
423
424
425
426
427
428
429
430
431
432
433
434
435
436
437
438
439
440
441
442
443
444
445
446
447
448
449
450
451
452
453
454
455
456
457
458
459
460
461
462
463
464
465
466
467
468
469
470
471
472
473
474
475
476
477
478
479
480
481
482
483
484
485
486
487
488
489
490
491
492
493
494
495
496
497
498
499
500
501
502
503
504
505
506
507
508
509
510
511
512
513
514
515
516
517
518
519
520
521
522
523
524
525
526
527
528
529
530
531
532
533
534
535
536
537
538
539
540
541
542
543
544
545
546
547
548
549
550
551
552
553
554
555
556
557
558
559
560
561
562
563
564
565
566
567
568
569
570
571
572
573
574
575
576
577
578
579
580
581
582
583
584
585
586
587
588
589
590
591
592
593
594
595
596
597
598
599
600
601
602
603
604
605
606
607
608
609
610
611
612
613
614
615
616
617
618
619
620
621
622
623
624
625
626
627
628
629
630
631
632
633
634
635
636
637
638
639
640
641
642
643
644
645
646
647
648
649
650
651
652
653
654
655
656
657
658
659
660
661
662
663
664
665
666
667
668
669
670
671
672
673
674
675
676
677
678
679
680
681
682
683
684
685
686
687
688
689
690
691
692
693
694
695
696
697
698
699
700
701
702
703
704
705
706
707
708
709
710
711
712
713
714
715
716
717
718
719
720
721
722
723
724
725
726
727
728
729
730
731
732
733
734
735
736
737
738
739
740
741
742
743
744
745
746
747
748
749
750
751
752
753
754
755
756
757
758
759
760
761
762
763
764
765
766
767
768
769
770
771
772
773
774
775
776
777
778
779
780
781
782
783
784
785
786
787
788
789
790
791
792
793
794
795
796
797
798
799
800
801
802
803
804
805
806
807
808
809
810
811
812
813
814
815
816
817
818
819
820
821
822
823
824
825
826
827
828
829
830
831
832
833
834
835
836
837
838
839
840
841
842
843
844
845
846
847
848
849
850
851
852
853
854
855
856
857
858
859
860
861
862
863
864
865
866
867
868
869
870
871
872
873
874
875
876
877
878
879
880
881
882
883
884
885
886
887
888
889
890
891
892
893
894
895
896
897
898
899
900
901
902
903
904
905
906
907
908
909
910
911
912
913
914
915
916
917
918
919
920
921
922
923
924
925
926
927
928
929
930
931
932
933
934
935
936
937
938
939
940
941
942
943
944
945
946
947
948
949
950
951
952
953
954
955
956
957
958
959
960
961
962
963
964
965
966
967
968
969
970
971
972
973
974
975
976
977
978
979
980
981
982
983
984
985
986
987
988
989
990
991
992
993
994
995
996
997
998
999
1000
1001
1002
1003
1004
1005
1006
1007
1008
1009
1010
1011
1012
1013
1014
1015
1016
1017
1018
1019
1020
1021
1022
1023
1024
1025
1026
1027
1028
1029
1030
1031
1032
1033
1034
1035
1036
1037
1038
1039
1040
1041
1042
1043
1044
1045
1046
1047
1048
1049
1050
1051
1052
1053
1054
1055
1056
1057
1058
1059
1060
1061
1062
1063
1064
1065
1066
1067
1068
1069
1070
1071
1072
1073
1074
1075
1076
1077
1078
1079
1080
1081
1082
1083
1084
1085
1086
1087
1088
1089
1090
1091
1092
1093
1094
1095
1096
1097
1098
1099
1100
1101
1102
1103
1104
1105
1106
1107
1108
1109
1110
1111
1112
1113
1114
1115
1116
1117
1118
1119
1120
1121
1122
1123
1124
1125
1126
1127
1128
1129
1130
1131
1132
1133
1134
1135
1136
1137
1138
1139
1140
1141
1142
1143
1144
1145
1146
1147
1148
1149
1150
1151
1152
1153
1154
1155
1156
1157
1158
1159
1160
1161
1162
1163
1164
1165
1166
1167
1168
1169
1170
1171
1172
1173
1174
1175
1176
1177
1178
1179
1180
1181
1182
1183
1184
1185
1186
1187
1188
1189
1190
1191
1192
1193
1194
1195
1196
1197
1198
1199
1200
1201
1202
1203
1204
1205
1206
1207
1208
1209
1210
1211
1212
1213
1214
1215
1216
1217
1218
1219
1220
1221
1222
1223
1224
1225
1226
1227
1228
1229
1230
1231
1232
1233
1234
1235
1236
1237
1238
1239
1240
1241
1242
1243
1244
1245
1246
1247
1248
1249
1250
1251
1252
1253
1254
1255
1256
1257
1258
1259
1260
1261
1262
1263
1264
1265
1266
1267
1268
1269
1270
1271
1272
1273
1274
1275
1276
1277
1278
1279
1280
1281
1282
1283
1284
1285
1286
1287
1288
1289
1290
1291
1292
1293
1294
1295
1296
1297
1298
1299
1300
1301
1302
1303
1304
1305
1306
1307
1308
1309
1310
1311
1312
1313
1314
1315
1316
1317
1318
1319
1320
1321
1322
1323
1324
1325
1326
1327
1328
1329
1330
1331
1332
1333
1334
1335
1336
1337
1338
1339
1340
1341
1342
1343
1344
1345
1346
1347
1348
1349
1350
1351
1352
1353
1354
1355
1356
1357
1358
1359
1360
1361
1362
1363
1364
1365
1366
1367
1368
1369
1370
1371
1372
1373
1374
1375
1376
1377
1378
1379
1380
1381
1382
1383
1384
1385
1386
1387
1388
1389
1390
1391
1392
1393
1394
1395
1396
1397
1398
1399
1400
1401
1402
1403
1404
1405
1406
1407
1408
1409
1410
1411
1412
1413
1414
1415
1416
1417
1418
1419
1420
1421
1422
1423
1424
1425
1426
1427
1428
1429
1430
1431
1432
1433
1434
1435
1436
1437
1438
1439
1440
1441
1442
1443
1444
1445
1446
1447
1448
1449
1450
1451
1452
1453
1454
1455
1456
1457
1458
1459
1460
1461
1462
1463
1464
1465
1466
1467
1468
1469
1470
1471
1472
1473
1474
1475
1476
1477
1478
1479
1480
1481
1482
1483
1484
1485
1486
1487
1488
1489
1490
1491
1492
1493
1494
1495
1496
1497
1498
1499
1500
1501
1502
1503
1504
1505
1506
1507
1508
1509
1510
1511
1512
1513
1514
1515
1516
1517
1518
1519
1520
1521
1522
1523
1524
1525
1526
1527
1528
1529
1530
1531
1532
1533
1534
1535
1536
1537
1538
1539
1540
1541
1542
1543
1544
1545
1546
1547
1548
1549
1550
1551
1552
1553
1554
1555
1556
1557
1558
1559
1560
1561
1562
1563
1564
1565
1566
1567
1568
1569
1570
1571
1572
1573
1574
1575
1576
1577
1578
1579
1580
1581
1582
1583
1584
1585
1586
1587
1588
1589
1590
1591
1592
1593
1594
1595
1596
1597
1598
1599
1600
1601
1602
1603
1604
1605
1606
1607
1608
1609
1610
1611
1612
1613
1614
1615
1616
1617
1618
1619
1620
1621
1622
1623
1624
1625
1626
1627
1628
1629
1630
1631
1632
1633
1634
1635
1636
1637
1638
1639
1640
1641
1642
1643
1644
1645
1646
1647
1648
1649
1650
1651
1652
1653
1654
1655
1656
1657
1658
1659
1660
1661
1662
1663
1664
1665
1666
1667
1668
1669
1670
1671
1672
1673
1674
1675
1676
1677
1678
1679
1680
1681
1682
1683
1684
1685
1686
1687
1688
1689
1690
1691
1692
1693
1694
1695
1696
1697
1698
1699
1700
1701
1702
1703
1704
1705
1706
1707
1708
1709
1710
1711
1712
1713
1714
1715
1716
1717
1718
1719
1720
1721
1722
1723
1724
1725
1726
1727
1728
1729
1730
1731
1732
1733
1734
1735
1736
1737
1738
1739
1740
1741
1742
1743
1744
1745
1746
1747
1748
1749
1750
1751
1752
1753
1754
1755
1756
1757
1758
1759
1760
1761
1762
1763
1764
1765
1766
1767
1768
1769
1770
1771
1772
1773
1774
1775
1776
1777
1778
1779
1780
1781
1782
1783
1784
1785
1786
1787
1788
1789
1790
1791
1792
1793
1794
1795
1796
1797
1798
1799
1800
1801
1802
1803
1804
1805
1806
1807
1808
1809
1810
1811
1812
1813
1814
1815
1816
1817
1818
1819
1820
1821
1822
1823
1824
1825
1826
1827
1828
1829
1830
1831
1832
1833
1834
1835
1836
1837
1838
1839
1840
1841
1842
1843
1844
1845
1846
1847
1848
1849
1850
1851
1852
1853
1854
1855
1856
1857
1858
1859
1860
1861
1862
1863
1864
1865
1866
1867
1868
1869
1870
1871
1872
1873
1874
1875
1876
1877
1878
1879
1880
1881
1882
1883
1884
1885
1886
1887
1888
1889
1890
1891
1892
1893
1894
1895
1896
1897
1898
1899
1900
1901
1902
1903
1904
1905
1906
1907
1908
1909
1910
1911
1912
1913
1914
1915
1916
1917
1918
1919
1920
1921
1922
1923
1924
1925
1926
1927
1928
1929
1930
1931
1932
1933
1934
1935
1936
1937
1938
1939
1940
1941
1942
1943
1944
1945
1946
1947
1948
1949
1950
1951
1952
1953
1954
1955
1956
1957
1958
1959
1960
1961
1962
1963
1964
1965
1966
1967
1968
1969
1970
1971
1972
1973
1974
1975
1976
1977
1978
1979
1980
1981
1982
1983
1984
1985
1986
1987
1988
1989
1990
1991
1992
1993
1994
1995
1996
1997
1998
1999
2000
2001
2002
2003
2004
2005
2006
2007
2008
2009
2010
2011
2012
2013
2014
2015
2016
2017
2018
2019
2020
2021
2022
2023
2024
2025
2026
2027
2028
2029
2030
2031
2032
2033
2034
2035
2036
2037
2038
2039
2040
2041
2042
2043
2044
2045
2046
2047
2048
2049
2050
2051
2052
2053
2054
2055
2056
2057
2058
2059
2060
2061
2062
2063
2064
2065
2066
2067
2068
2069
2070
2071
2072
2073
2074
2075
2076
2077
2078
2079
2080
2081
2082
2083
2084
2085
2086
2087
2088
2089
2090
2091
2092
2093
2094
2095
2096
2097
2098
2099
2100
2101
2102
2103
2104
2105
2106
2107
2108
2109
2110
2111
2112
2113
2114
2115
2116
2117
2118
2119
2120
2121
2122
2123
2124
2125
2126
2127
2128
2129
2130
2131
2132
2133
2134
2135
2136
2137
2138
2139
2140
2141
2142
2143
2144
2145
2146
2147
2148
2149
2150
2151
2152
2153
2154
2155
2156
2157
2158
2159
2160
2161
2162
2163
2164
2165
2166
2167
2168
2169
2170
2171
2172
2173
2174
2175
2176
2177
2178
2179
2180
2181
2182
2183
2184
2185
2186
2187
2188
2189
2190
2191
2192
2193
2194
2195
2196
2197
2198
2199
2200
2201
2202
2203
2204
2205
2206
2207
2208
2209
2210
2211
2212
2213
2214
2215
2216
2217
2218
2219
2220
2221
2222
2223
2224
2225
2226
2227
2228
2229
2230
2231
2232
2233
2234
2235
2236
2237
2238
2239
2240
2241
2242
2243
2244
2245
2246
2247
2248
2249
2250
2251
2252
2253
2254
2255
2256
2257
2258
2259
2260
2261
2262
2263
2264
2265
2266
2267
2268
2269
2270
2271
2272
2273
2274
2275
2276
2277
2278
2279
2280
2281
2282
2283
2284
2285
2286
2287
2288
2289
2290
2291
2292
2293
2294
2295
2296
2297
2298
2299
2300
2301
2302
2303
2304
2305
2306
2307
2308
2309
2310
2311
2312
2313
2314
2315
2316
2317
2318
2319
2320
2321
2322
2323
2324
2325
2326
2327
2328
2329
2330
2331
2332
2333
2334
2335
2336
2337
2338
2339
2340
2341
2342
2343
2344
2345
2346
2347
2348
2349
2350
2351
2352
2353
2354
2355
2356
2357
2358
2359
2360
2361
2362
2363
2364
2365
2366
2367
2368
2369
2370
2371
2372
2373
2374
2375
2376
2377
2378
2379
2380
2381
2382
2383
2384
2385
2386
2387
2388
2389
2390
2391
2392
2393
2394
2395
2396
2397
2398
2399
2400
2401
2402
2403
2404
2405
2406
2407
2408
2409
2410
2411
2412
2413
2414
2415
2416
2417
2418
2419
2420
2421
2422
2423
2424
2425
2426
2427
2428
2429
2430
2431
2432
2433
2434
2435
2436
2437
2438
2439
2440
2441
2442
2443
2444
2445
2446
2447
2448
2449
2450
2451
2452
2453
2454
2455
2456
2457
2458
2459
2460
2461
2462
2463
2464
2465
2466
2467
2468
2469
2470
2471
2472
2473
2474
2475
2476
2477
2478
2479
2480
2481
2482
2483
2484
2485
2486
2487
2488
2489
2490
2491
2492
2493
2494
2495
2496
2497
2498
2499
2500
2501
2502
2503
2504
2505
2506
2507
2508
2509
2510
2511
2512
2513
2514
2515
2516
2517
2518
2519
2520
2521
2522
2523
2524
2525
2526
2527
2528
2529
2530
2531
2532
2533
2534
2535
2536
2537
2538
2539
2540
2541
2542
2543
2544
2545
2546
2547
2548
2549
2550
2551
2552
2553
2554
2555
2556
2557
2558
2559
2560
2561
2562
2563
2564
2565
2566
2567
2568
2569
2570
2571
2572
2573
2574
2575
2576
2577
2578
2579
2580
2581
2582
2583
2584
2585
2586
2587
2588
2589
2590
2591
2592
2593
2594
2595
2596
2597
2598
2599
2600
2601
2602
2603
2604
2605
2606
2607
2608
2609
2610
2611
2612
2613
2614
2615
2616
2617
2618
2619
2620
2621
2622
2623
2624
2625
2626
2627
2628
2629
2630
2631
2632
2633
2634
2635
2636
2637
2638
2639
2640
2641
2642
2643
2644
2645
2646
2647
2648
2649
2650
2651
2652
2653
2654
2655
2656
2657
2658
2659
2660
2661
2662
2663
2664
2665
2666
2667
2668
2669
2670
2671
2672
2673
2674
2675
2676
2677
2678
2679
2680
2681
2682
2683
2684
2685
2686
2687
2688
2689
2690
2691
2692
2693
2694
2695
2696
2697
2698
2699
2700
2701
2702
2703
2704
2705
2706
2707
2708
2709
2710
2711
2712
2713
2714
2715
2716
2717
2718
2719
2720
2721
2722
2723
2724
2725
2726
2727
2728
2729
2730
2731
2732
2733
2734
2735
2736
2737
2738
2739
2740
2741
2742
2743
2744
2745
2746
2747
2748
2749
2750
2751
2752
2753
2754
2755
2756
2757
2758
2759
2760
2761
2762
2763
2764
2765
2766
2767
2768
2769
2770
2771
2772
2773
2774
2775
2776
2777
2778
2779
2780
2781
2782
2783
2784
2785
2786
2787
2788
2789
2790
2791
2792
2793
2794
2795
2796
2797
2798
2799
2800
2801
2802
2803
2804
2805
2806
2807
2808
2809
2810
2811
2812
2813
2814
2815
2816
2817
2818
2819
2820
2821
2822
2823
2824
2825
2826
2827
2828
2829
2830
2831
2832
2833
2834
2835
2836
2837
2838
2839
2840
2841
2842
2843
2844
2845
2846
2847
2848
2849
2850
2851
2852
2853
2854
2855
2856
2857
2858
2859
2860
2861
2862
2863
2864
2865
2866
2867
2868
2869
2870
2871
2872
2873
2874
2875
2876
2877
2878
2879
2880
2881
2882
2883
2884
2885
2886
2887
2888
2889
2890
2891
2892
2893
2894
2895
2896
2897
2898
2899
2900
2901
2902
2903
2904
2905
2906
2907
2908
2909
2910
2911
2912
2913
2914
2915
2916
2917
2918
2919
2920
2921
2922
2923
2924
2925
2926
2927
2928
2929
2930
2931
2932
2933
2934
2935
2936
2937
2938
2939
2940
2941
2942
2943
2944
2945
2946
2947
2948
2949
2950
2951
2952
2953
2954
2955
2956
2957
2958
2959
2960
2961
2962
2963
2964
2965
2966
2967
2968
2969
2970
2971
2972
2973
2974
2975
2976
2977
2978
2979
2980
2981
2982
2983
2984
2985
2986
2987
2988
2989
2990
2991
2992
2993
2994
2995
2996
2997
2998
2999
3000
3001
3002
3003
3004
3005
3006
3007
3008
3009
3010
3011
3012
3013
3014
3015
3016
3017
3018
3019
3020
3021
3022
3023
3024
3025
3026
3027
3028
3029
3030
3031
3032
3033
3034
3035
3036
3037
3038
3039
3040
3041
3042
3043
3044
3045
3046
3047
3048
3049
3050
3051
3052
3053
3054
3055
3056
3057
3058
3059
3060
3061
3062
3063
3064
3065
3066
3067
3068
3069
3070
3071
3072
3073
3074
3075
3076
3077
3078
3079
3080
3081
3082
3083
3084
3085
3086
3087
3088
3089
3090
3091
3092
3093
3094
3095
3096
3097
3098
3099
3100
3101
3102
3103
3104
3105
3106
3107
3108
3109
3110
3111
3112
3113
3114
3115
3116
3117
3118
3119
3120
3121
3122
3123
3124
3125
3126
3127
3128
3129
3130
3131
3132
3133
3134
3135
3136
3137
3138
3139
3140
3141
3142
3143
3144
3145
3146
3147
3148
3149
3150
3151
3152
3153
3154
3155
3156
3157
3158
3159
3160
3161
3162
3163
3164
3165
3166
3167
3168
3169
3170
3171
3172
3173
3174
3175
3176
3177
3178
3179
3180
3181
3182
3183
3184
3185
3186
3187
3188
3189
3190
3191
3192
3193
3194
3195
3196
3197
3198
3199
3200
3201
3202
3203
3204
3205
3206
3207
3208
3209
3210
3211
3212
3213
3214
3215
3216
3217
3218
3219
3220
3221
3222
3223
3224
3225
3226
3227
3228
3229
3230
3231
3232
3233
3234
3235
3236
3237
3238
3239
3240
3241
3242
3243
3244
3245
3246
3247
3248
3249
3250
3251
3252
3253
3254
3255
3256
3257
3258
3259
3260
3261
3262
3263
3264
3265
3266
3267
3268
3269
3270
3271
3272
3273
3274
3275
3276
3277
3278
3279
3280
3281
3282
3283
3284
3285
3286
3287
3288
3289
3290
3291
3292
3293
3294
3295
3296
3297
3298
3299
3300
3301
3302
3303
3304
3305
3306
3307
3308
3309
3310
3311
3312
3313
3314
3315
3316
3317
3318
3319
3320
3321
3322
3323
3324
3325
3326
3327
3328
3329
3330
3331
3332
3333
3334
3335
3336
3337
3338
3339
3340
3341
3342
3343
3344
3345
3346
3347
3348
3349
3350
3351
3352
3353
3354
3355
3356
3357
3358
3359
3360
3361
3362
3363
3364
3365
3366
3367
3368
3369
3370
3371
3372
3373
3374
3375
3376
3377
3378
3379
3380
3381
3382
3383
3384
3385
3386
3387
3388
3389
3390
3391
3392
3393
3394
3395
3396
3397
3398
3399
3400
3401
3402
3403
3404
3405
3406
3407
3408
3409
3410
3411
3412
3413
3414
3415
3416
3417
3418
3419
3420
3421
3422
3423
3424
3425
3426
3427
3428
3429
3430
3431
3432
3433
3434
3435
3436
3437
3438
3439
3440
3441
3442
3443
3444
3445
3446
3447
3448
3449
3450
3451
3452
3453
3454
3455
3456
3457
3458
3459
3460
3461
3462
3463
3464
3465
3466
3467
3468
3469
3470
3471
3472
3473
3474
3475
3476
3477
3478
3479
3480
3481
3482
3483
3484
3485
3486
3487
3488
3489
3490
3491
3492
3493
3494
3495
3496
3497
3498
3499
3500
3501
3502
3503
3504
3505
3506
3507
3508
3509
3510
3511
3512
3513
3514
3515
3516
3517
3518
3519
3520
3521
3522
3523
3524
3525
3526
3527
3528
3529
3530
3531
3532
3533
3534
3535
3536
3537
3538
3539
3540
3541
3542
3543
3544
3545
3546
3547
3548
3549
3550
3551
3552
3553
3554
3555
3556
3557
3558
3559
3560
3561
3562
3563
3564
3565
3566
3567
3568
3569
3570
3571
3572
3573
3574
3575
3576
3577
3578
3579
3580
3581
3582
3583
3584
3585
3586
3587
3588
3589
3590
3591
3592
3593
3594
3595
3596
3597
3598
3599
3600
3601
3602
3603
3604
3605
3606
3607
3608
3609
3610
3611
3612
3613
3614
3615
3616
3617
3618
3619
3620
3621
3622
3623
3624
3625
3626
3627
3628
3629
3630
3631
3632
3633
3634
3635
3636
3637
3638
3639
3640
3641
3642
3643
3644
3645
3646
3647
3648
3649
3650
3651
3652
3653
3654
3655
3656
3657
3658
3659
3660
3661
3662
3663
3664
3665
3666
3667
3668
3669
3670
3671
3672
3673
3674
3675
3676
3677
3678
3679
3680
3681
3682
3683
3684
3685
3686
3687
3688
3689
3690
3691
3692
3693
3694
3695
3696
3697
3698
3699
3700
3701
3702
3703
3704
3705
3706
3707
3708
3709
3710
3711
3712
3713
3714
3715
3716
3717
3718
3719
3720
3721
3722
3723
3724
3725
3726
3727
3728
3729
3730
3731
3732
3733
3734
3735
3736
3737
3738
3739
3740
3741
3742
3743
3744
3745
3746
3747
3748
3749
3750
3751
3752
3753
3754
3755
3756
3757
3758
3759
3760
3761
3762
3763
3764
3765
3766
3767
3768
3769
3770
3771
3772
3773
3774
3775
3776
3777
3778
3779
3780
3781
3782
3783
3784
3785
3786
3787
3788
3789
3790
3791
3792
3793
3794
3795
3796
3797
3798
3799
3800
3801
3802
3803
3804
3805
3806
3807
3808
3809
3810
3811
3812
3813
3814
3815
3816
3817
3818
3819
3820
3821
3822
3823
3824
3825
3826
3827
3828
3829
3830
3831
3832
3833
3834
3835
3836
3837
3838
3839
3840
3841
3842
3843
3844
3845
3846
3847
3848
3849
3850
3851
3852
3853
3854
3855
3856
3857
3858
3859
3860
3861
3862
3863
3864
3865
3866
3867
3868
3869
3870
3871
3872
3873
3874
3875
3876
3877
3878
3879
3880
3881
3882
3883
3884
3885
3886
3887
3888
3889
3890
3891
3892
3893
3894
3895
3896
3897
3898
3899
3900
3901
3902
3903
3904
3905
3906
3907
3908
3909
3910
3911
3912
3913
3914
3915
3916
3917
3918
3919
3920
3921
3922
3923
3924
3925
3926
3927
3928
3929
3930
3931
3932
3933
3934
3935
3936
3937
3938
3939
3940
3941
3942
3943
3944
3945
3946
3947
3948
3949
3950
3951
3952
3953
3954
3955
3956
3957
3958
3959
3960
3961
3962
3963
3964
3965
3966
3967
3968
3969
3970
3971
3972
3973
3974
3975
3976
3977
3978
3979
3980
3981
3982
3983
3984
3985
3986
3987
3988
3989
3990
3991
3992
3993
3994
3995
3996
3997
3998
3999
4000
4001
4002
4003
4004
4005
4006
4007
4008
4009
4010
4011
4012
4013
4014
4015
4016
4017
4018
4019
4020
4021
4022
4023
4024
4025
4026
4027
4028
4029
4030
4031
4032
4033
4034
4035
4036
4037
4038
4039
4040
4041
4042
4043
4044
4045
4046
4047
4048
4049
4050
4051
4052
4053
4054
4055
4056
4057
4058
4059
4060
4061
4062
4063
4064
4065
4066
4067
4068
4069
4070
4071
4072
4073
4074
4075
4076
4077
4078
4079
4080
4081
4082
4083
4084
4085
4086
4087
4088
4089
4090
4091
4092
4093
4094
4095
4096
4097
4098
4099
4100
4101
4102
4103
4104
4105
4106
4107
4108
4109
4110
4111
4112
4113
4114
4115
4116
4117
4118
4119
4120
4121
4122
4123
4124
4125
4126
4127
4128
4129
4130
4131
4132
4133
4134
4135
4136
4137
4138
4139
4140
4141
4142
4143
4144
4145
4146
4147
4148
4149
4150
4151
4152
4153
4154
4155
4156
4157
4158
4159
4160
4161
4162
4163
4164
4165
4166
4167
4168
4169
4170
4171
4172
4173
4174
4175
4176
4177
4178
4179
4180
4181
4182
4183
4184
4185
4186
4187
4188
4189
4190
4191
4192
4193
4194
4195
4196
4197
4198
4199
4200
4201
4202
4203
4204
4205
4206
4207
4208
4209
4210
4211
4212
4213
4214
4215
4216
4217
4218
4219
4220
4221
4222
4223
4224
4225
4226
4227
4228
4229
4230
4231
4232
4233
4234
4235
4236
4237
4238
4239
4240
4241
4242
4243
4244
4245
4246
4247
4248
4249
4250
4251
4252
4253
4254
4255
4256
4257
4258
4259
4260
4261
4262
4263
4264
4265
4266
4267
4268
4269
4270
4271
4272
4273
4274
4275
4276
4277
4278
4279
4280
4281
4282
4283
4284
4285
4286
4287
4288
4289
4290
4291
4292
4293
4294
4295
4296
4297
4298
4299
4300
4301
4302
4303
4304
4305
4306
4307
4308
4309
4310
4311
4312
4313
4314
4315
4316
4317
4318
4319
4320
4321
4322
4323
4324
4325
4326
4327
4328
4329
4330
4331
4332
4333
4334
4335
4336
4337
4338
4339
4340
4341
4342
4343
4344
4345
4346
4347
4348
4349
4350
4351
4352
4353
4354
4355
4356
4357
4358
4359
4360
4361
4362
4363
4364
4365
4366
4367
4368
4369
4370
4371
4372
4373
4374
4375
4376
4377
4378
4379
4380
4381
4382
4383
4384
4385
4386
4387
4388
4389
4390
4391
4392
4393
4394
4395
4396
4397
4398
4399
4400
4401
4402
4403
4404
4405
4406
4407
4408
4409
4410
4411
4412
4413
4414
4415
4416
4417
4418
4419
4420
4421
4422
4423
4424
4425
4426
4427
4428
4429
4430
4431
4432
4433
4434
4435
4436
4437
4438
4439
4440
4441
4442
4443
4444
4445
4446
4447
4448
4449
4450
4451
4452
4453
4454
4455
4456
4457
4458
4459
4460
4461
4462
4463
4464
4465
4466
4467
4468
4469
4470
4471
4472
4473
4474
4475
4476
4477
4478
4479
4480
4481
4482
4483
4484
4485
4486
4487
4488
4489
4490
4491
4492
4493
4494
4495
4496
4497
4498
4499
4500
4501
4502
4503
4504
4505
4506
4507
4508
4509
4510
4511
4512
4513
4514
4515
4516
4517
4518
4519
4520
4521
4522
4523
4524
4525
4526
4527
4528
4529
4530
4531
4532
4533
4534
4535
4536
4537
4538
4539
4540
4541
4542
4543
4544
4545
4546
4547
4548
4549
4550
4551
4552
4553
4554
4555
4556
4557
4558
4559
4560
4561
4562
4563
4564
4565
4566
4567
4568
4569
4570
4571
4572
4573
4574
4575
4576
4577
4578
4579
4580
4581
4582
4583
4584
4585
4586
4587
4588
4589
4590
4591
4592
4593
4594
4595
4596
4597
4598
4599
4600
4601
4602
4603
4604
4605
4606
4607
4608
4609
4610
4611
4612
4613
4614
4615
4616
4617
4618
4619
4620
4621
4622
4623
4624
4625
4626
4627
4628
4629
4630
4631
4632
4633
4634
4635
4636
4637
4638
4639
4640
4641
4642
4643
4644
4645
4646
4647
4648
4649
4650
4651
4652
4653
4654
4655
4656
4657
4658
4659
4660
4661
4662
4663
4664
4665
4666
4667
4668
4669
4670
4671
4672
4673
4674
4675
4676
4677
4678
4679
4680
4681
4682
4683
4684
4685
4686
4687
4688
4689
4690
4691
4692
4693
4694
4695
4696
4697
4698
4699
4700
4701
4702
4703
4704
4705
4706
4707
4708
4709
4710
4711
4712
4713
4714
4715
4716
4717
4718
4719
4720
4721
4722
4723
4724
4725
4726
4727
4728
4729
4730
4731
4732
4733
4734
4735
4736
4737
4738
4739
4740
4741
4742
4743
4744
4745
4746
4747
4748
4749
4750
4751
4752
4753
4754
4755
4756
4757
4758
4759
4760
4761
4762
4763
4764
4765
4766
4767
4768
4769
4770
4771
4772
4773
4774
4775
4776
4777
4778
4779
4780
4781
4782
4783
4784
4785
4786
4787
4788
4789
4790
4791
4792
4793
4794
4795
4796
4797
4798
4799
4800
4801
4802
4803
4804
4805
4806
4807
4808
4809
4810
4811
4812
4813
4814
4815
4816
4817
4818
4819
4820
4821
4822
4823
4824
4825
4826
4827
4828
4829
4830
4831
4832
4833
4834
4835
4836
4837
4838
4839
4840
4841
4842
4843
4844
4845
4846
4847
4848
4849
4850
4851
4852
4853
4854
4855
4856
4857
4858
4859
4860
4861
4862
4863
4864
4865
4866
4867
4868
4869
4870
4871
4872
4873
4874
4875
4876
4877
4878
4879
4880
4881
4882
4883
4884
4885
4886
4887
4888
4889
4890
4891
4892
4893
4894
4895
4896
4897
4898
4899
4900
4901
4902
4903
4904
4905
4906
4907
4908
4909
4910
4911
4912
4913
4914
4915
4916
4917
4918
4919
4920
4921
4922
4923
4924
4925
4926
4927
4928
4929
4930
4931
4932
4933
4934
4935
4936
4937
4938
4939
4940
4941
4942
4943
4944
4945
4946
4947
4948
4949
4950
4951
4952
4953
4954
4955
4956
4957
4958
4959
4960
4961
4962
4963
4964
4965
4966
4967
4968
4969
4970
4971
4972
4973
4974
4975
4976
4977
4978
4979
4980
4981
4982
4983
4984
4985
4986
4987
4988
4989
4990
4991
4992
4993
4994
4995
4996
4997
4998
4999
5000
5001
5002
5003
5004
5005
5006
5007
5008
5009
5010
5011
5012
5013
5014
5015
5016
5017
5018
5019
5020
5021
5022
5023
5024
5025
5026
5027
5028
5029
5030
5031
5032
5033
5034
5035
5036
5037
5038
5039
5040
5041
5042
5043
5044
5045
5046
5047
5048
5049
5050
5051
5052
5053
5054
5055
5056
5057
5058
5059
5060
5061
5062
5063
5064
5065
5066
5067
5068
5069
5070
5071
5072
5073
5074
5075
5076
5077
5078
5079
5080
5081
5082
5083
5084
5085
5086
5087
5088
5089
5090
5091
5092
5093
5094
5095
5096
5097
5098
5099
5100
5101
5102
5103
5104
5105
5106
5107
5108
5109
5110
5111
5112
5113
5114
5115
5116
5117
5118
5119
5120
5121
5122
5123
5124
5125
5126
5127
5128
5129
5130
5131
5132
5133
5134
5135
5136
5137
5138
5139
5140
5141
5142
5143
5144
5145
5146
5147
5148
5149
5150
5151
5152
5153
5154
5155
5156
5157
5158
5159
5160
5161
5162
5163
5164
5165
5166
5167
5168
5169
5170
5171
5172
5173
5174
5175
5176
5177
5178
5179
5180
5181
5182
5183
5184
5185
5186
5187
5188
5189
5190
5191
5192
5193
5194
5195
5196
5197
5198
5199
5200
5201
5202
5203
5204
5205
5206
5207
5208
5209
5210
5211
5212
5213
5214
5215
5216
5217
5218
5219
5220
5221
5222
5223
5224
5225
5226
5227
5228
5229
5230
5231
5232
5233
5234
5235
5236
5237
5238
5239
5240
5241
5242
5243
5244
5245
5246
5247
5248
5249
5250
5251
5252
5253
5254
5255
5256
5257
5258
5259
5260
5261
5262
5263
5264
5265
5266
5267
5268
5269
5270
5271
5272
5273
5274
5275
5276
5277
5278
5279
5280
5281
5282
5283
5284
5285
5286
5287
5288
5289
5290
5291
5292
5293
5294
5295
5296
5297
5298
5299
5300
5301
5302
5303
5304
5305
5306
5307
5308
5309
5310
5311
5312
5313
5314
5315
5316
5317
5318
5319
5320
5321
5322
5323
5324
5325
5326
5327
5328
5329
5330
5331
5332
5333
5334
5335
5336
5337
5338
5339
5340
5341
5342
5343
5344
5345
5346
5347
5348
5349
5350
5351
5352
5353
5354
5355
5356
5357
5358
5359
5360
5361
5362
5363
5364
5365
5366
5367
5368
5369
5370
5371
5372
5373
5374
5375
5376
5377
5378
5379
5380
5381
5382
5383
5384
5385
5386
5387
5388
5389
5390
5391
5392
5393
5394
5395
5396
5397
5398
5399
5400
5401
5402
5403
5404
5405
5406
5407
5408
5409
5410
5411
5412
5413
5414
5415
5416
5417
5418
5419
5420
5421
5422
5423
5424
5425
5426
5427
5428
5429
5430
5431
5432
5433
5434
5435
5436
5437
5438
5439
5440
5441
5442
5443
5444
5445
5446
5447
5448
5449
5450
5451
5452
5453
5454
5455
5456
5457
5458
5459
5460
5461
5462
5463
5464
5465
5466
5467
5468
5469
5470
5471
5472
5473
5474
5475
5476
5477
5478
5479
5480
5481
5482
5483
5484
5485
5486
5487
5488
5489
5490
5491
5492
5493
5494
5495
5496
5497
5498
5499
5500
5501
5502
5503
5504
5505
5506
5507
5508
5509
5510
5511
5512
5513
5514
5515
5516
5517
5518
5519
5520
5521
5522
5523
5524
5525
5526
5527
5528
5529
5530
5531
5532
5533
5534
5535
5536
5537
5538
5539
5540
5541
5542
5543
5544
5545
5546
5547
5548
5549
5550
5551
5552
5553
5554
5555
5556
5557
5558
5559
5560
5561
5562
5563
5564
5565
5566
5567
5568
5569
5570
5571
5572
5573
5574
5575
5576
5577
5578
5579
5580
5581
5582
5583
5584
5585
5586
5587
5588
5589
5590
5591
5592
5593
5594
5595
5596
5597
5598
5599
5600
5601
5602
5603
5604
5605
5606
5607
5608
5609
5610
5611
5612
5613
5614
5615
5616
5617
5618
5619
5620
5621
5622
5623
5624
5625
5626
5627
5628
5629
5630
5631
5632
5633
5634
5635
5636
5637
5638
5639
5640
5641
5642
5643
5644
5645
5646
5647
5648
5649
5650
5651
5652
5653
5654
5655
5656
5657
5658
5659
5660
5661
5662
5663
5664
5665
5666
5667
5668
5669
5670
5671
5672
5673
5674
5675
5676
5677
5678
5679
5680
5681
5682
5683
5684
5685
5686
5687
5688
5689
5690
5691
5692
5693
5694
5695
5696
5697
5698
5699
5700
5701
5702
5703
5704
5705
5706
5707
5708
5709
5710
5711
5712
5713
5714
5715
5716
5717
5718
5719
5720
5721
5722
5723
5724
5725
5726
5727
5728
5729
5730
5731
5732
5733
5734
5735
5736
5737
5738
5739
5740
5741
5742
5743
5744
5745
5746
5747
5748
5749
5750
5751
5752
5753
5754
5755
5756
5757
5758
5759
5760
5761
5762
5763
5764
5765
5766
5767
5768
5769
5770
5771
5772
5773
5774
5775
5776
5777
5778
5779
5780
5781
5782
5783
5784
5785
5786
5787
5788
5789
5790
5791
5792
5793
5794
5795
5796
5797
5798
5799
5800
5801
5802
5803
5804
5805
5806
5807
5808
5809
5810
5811
5812
5813
5814
5815
5816
5817
5818
5819
5820
5821
5822
5823
5824
5825
5826
5827
5828
5829
5830
5831
5832
5833
5834
5835
5836
5837
5838
5839
5840
5841
5842
5843
5844
5845
5846
5847
5848
5849
5850
5851
5852
5853
5854
5855
5856
5857
5858
5859
5860
5861
5862
5863
5864
5865
5866
5867
5868
5869
5870
5871
5872
5873
5874
5875
5876
5877
5878
5879
5880
5881
5882
5883
5884
5885
5886
5887
5888
5889
5890
5891
5892
5893
5894
5895
5896
5897
5898
5899
5900
5901
5902
5903
5904
5905
5906
5907
5908
5909
5910
5911
5912
5913
5914
5915
5916
5917
5918
5919
FIELD FieldData 8
Eps_rr 1 5920 float
0.000520718 0.000518782 0.000514493 0.000508654 0.00050205 0.000495266 0.000488679 0.000482478 0.0004767 0.000471261 0.000465987 0.000460644 0.000454967 0.000448676 0.000441497 0.000433171 0.000423459 0.000412144 0.000399029 0.000383938 0.000366712 0.000347213 0.000325323 0.000300958 0.000274078 0.000244708 0.000212964 0.000179085 0.000143467 0.000106697 6.95828e-05 3.31573e-05 -1.34387e-06 -3.25552e-05 -5.91153e-05 -7.98776e-05 -9.40857e-05 0.000499062 0.000496578 0.000491746 0.000485567 0.000478824 0.00047206 0.000465598 0.000459575 0.000453981 0.000448692 0.000443507 0.000438177 0.000432435 0.00042601 0.000418646 0.000410109 0.000400189 0.0003887 0.000375476 0.000360374 0.000343263 0.000324034 0.000302595 0.000278879 0.000252859 0.000224555 0.000194058 0.000161549 0.000127318 9.17879e-05 5.55218e-05 1.9223e-05 -1.6288e-05 -5.01228e-05 -8.14021e-05 -0.000109342 -0.000133191 0.000476903 0.000473536 0.000468027 0.00046145 0.000454556 0.000447827 0.000441516 0.000435696 0.000430303 0.000425169 0.000420069 0.000414743 0.000408926 0.000402363 0.000394823 0.000386098 0.00037601 0.000364405 0.00035115 0.000336129 0.000319242 0.0003004 0.000279532 0.000256585 0.00023153 0.000204376 0.000175173 0.000144029 0.000111118 7.66869e-05 4.10552e-05 4.61205e-06 -3.21977e-05 -6.88888e-05 -0.000104943 -0.000139765 -0.000172634 0.00045423 0.000449573 0.000443227 0.000436206 0.000429172 0.000422512 0.00041639 0.000410804 0.000405626 0.000400651 0.000395628 0.000390294 0.000384396 0.000377699 0.000369999 0.000361123 0.000350924 0.000339279 0.000326087 0.000311258 0.000294715 0.000276389 0.000256222 0.000234163 0.000210177 0.000184245 0.000156366 0.000126563 9.48814e-05 6.13864e-05 2.6161e-05 -1.06979e-05 -4.90746e-05 -8.88135e-05 -0.000129665 -0.00017121 -0.000212849 0.000430611 0.000424407 0.00041715 0.000409699 0.00040258 0.000396051 0.000390172 0.000384853 0.000379905 0.000375085 0.00037013 0.00036478 0.000358799 0.000351981 0.000344155 0.000335181 0.000324945 0.000313356 0.000300339 0.000285829 0.000269765 0.000252093 0.000232759 0.000211709 0.000188887 0.000164237 0.000137694 0.000109185 7.86172e-05 4.58762e-05 1.08178e-05 -2.67251e-05 -6.69185e-05 -0.000109873 -0.000155553 -0.000203675 -0.000253593 0.000405466 0.000397666 0.000389553 0.000381775 0.000374679 0.000368377 0.000362806 0.00035779 0.000353083 0.000348415 0.000343518 0.000338147 0.000332093 0.000325183 0.000317281 0.000308282 0.000298105 0.000286688 0.000273977 0.000259926 0.00024449 0.000227617 0.000209252 0.000189325 0.000167752 0.000144427 0.00011921 9.19222e-05 6.23316e-05 3.01447e-05 -4.99339e-06 -4.3483e-05 -8.57254e-05 -0.000132041 -0.000182549 -0.000237008 -0.000294633 0.000378186 0.000368962 0.000360194 0.000352284 0.000345378 0.000339422 0.000334234 0.000329556 0.000325098 0.000320575 0.00031573 0.000310344 0.000304241 0.000297287 0.000289382 0.000280455 0.000270456 0.000259346 0.000247091 0.000233657 0.000219004 0.000203079 0.000185814 0.000167118 0.000146864 0.000124886 0.000100962 7.48008e-05 4.6028e-05 1.41808e-05 -2.12872e-05 -6.09767e-05 -0.000105479 -0.000155266 -0.000210538 -0.000271017 -0.000335717 0.000348207 0.000337941 0.000328861 0.000321102 0.000314594 0.000309122 0.000304393 0.000300083 0.000295878 0.000291498 0.000286709 0.000281328 0.000275222 0.000268294 0.000260485 0.000251753 0.000242074 0.000231429 0.000219795 0.000207146 0.000193438 0.00017861 0.000162572 0.000145198 0.000126314 0.000105685 8.29961e-05 5.78415e-05 2.97087e-05 -2.02311e-06 -3.80694e-05 -7.9196e-05 -0.000126136 -0.000179454 -0.000239361 -0.000305478 -0.000376585 0.000315059 0.000304327 0.0002954 0.000288141 0.000282267 0.00027742 0.000273218 0.0002693 0.000265352 0.000261118 0.000256403 0.000251071 0.000245032 0.000238233 0.000230646 0.000222259 0.000213066 0.000203061 0.000192229 0.000180539 0.00016794 0.000154351 0.000139654 0.00012368 0.000106195 8.68897e-05 6.53532e-05 4.10643e-05 1.33788e-05 -1.84668e-05 -5.53309e-05 -9.81072e-05 -0.000147621 -0.000204473 -0.000268824 -0.000340146 -0.000416972 0.000278414 0.000267953 0.000259736 0.000253361 0.000248362 0.000244268 0.000240648 0.000237138 0.000233452 0.000229381 0.000224782 0.000219571 0.000213704 0.000207165 0.000199958 0.000192091 0.000183572 0.000174399 0.000164556 0.000154004 0.000142673 0.000130456 0.000117197 0.000102677 8.65967e-05 6.85644e-05 4.80734e-05 2.44904e-05 -2.95039e-06 -3.51366e-05 -7.30407e-05 -0.000117646 -0.000169822 -0.000230152 -0.0002987 -0.000374758 -0.000456608 0.000238134 0.000228799 0.000221891 0.000216781 0.000212869 0.000209627 0.000206624 0.000203534 0.000200128 0.00019626 0.000191849 0.000186866 0.00018131 0.000175198 0.000168558 0.000161411 0.00015377 0.000145632 0.00013697 0.000127729 0.000117815 0.000107086 9.53408e-05 8.23033e-05 6.76055e-05 5.07709e-05 3.11973e-05 8.14642e-06 -1.92556e-05 -5.19986e-05 -9.1139e-05 -0.00013771 -0.000192584 -0.000256281 -0.000328732 -0.000409032 -0.000495219 0.000194331 0.000187017 0.000181993 0.000178477 0.000175811 0.00017348 0.000171111 0.000168454 0.000165364 0.00016177 0.000157659 0.00015305 0.000147981 0.000142497 0.000136636 0.000130427 0.00012388 0.000116981 0.000109688 0.000101921 9.35549e-05 8.4407e-05 7.42255e-05 6.26725e-05 4.93076e-05 3.3571e-05 1.47692e-05 -7.93101e-06 -3.54954e-05 -6.89923e-05 -0.000109531 -0.00015816 -0.000215713 -0.000282613 -0.000358635 -0.000442671 -0.000532531 0.000147415 0.000142956 0.000140289 0.000138592 0.000137251 0.000135844 0.000134111 0.000131914 0.000129205 0.000125998 0.000122339 0.000118292 0.000113923 0.000109292 0.000104443 9.94006e-05 9.41643e-05 8.87041e-05 8.29539e-05 7.68042e-05 7.00921e-05 6.25903e-05 5.39919e-05 4.38956e-05 3.1788e-05 1.70293e-05 -1.15784e-06 -2.36893e-05 -5.1604e-05 -8.60244e-05 -0.000128084 -0.000178812 -0.000238973 -0.000308869 -0.000388104 -0.000475369 -0.000568271 9.81457e-05 9.7177e-05 9.71467e-05 9.73427e-05 9.73103e-05 9.67971e-05 9.56988e-05 9.4011e-05 9.17903e-05 8.91251e-05 8.61144e-05 8.28537e-05 7.94254e-05 7.58928e-05 7.22957e-05 6.86471e-05 6.49293e-05 6.1089e-05 5.70319e-05 5.26138e-05 4.76309e-05 4.18072e-05 3.47795e-05 2.60826e-05 1.51331e-05 1.21673e-06 -1.65178e-05 -3.90543e-05 -6.74855e-05 -0.000102964 -0.00014662 -0.000199438 -0.000262089 -0.000334736 -0.000416809 -0.000506812 -0.000602171 4.76469e-05 5.04447e-05 5.30553e-05 5.50383e-05 5.62008e-05 5.65172e-05 5.60634e-05 5.49697e-05 5.33866e-05 5.14631e-05 4.93333e-05 4.71091e-05 4.48757e-05 4.26899e-05 4.05781e-05 3.85348e-05 3.65192e-05 3.44509e-05 3.22031e-05 2.95946e-05 2.6378e-05 2.22279e-05 1.67252e-05 9.34311e-06 -5.67059e-07 -1.37857e-05 -3.12264e-05 -5.39254e-05 -8.30099e-05 -0.000119641 -0.000164923 -0.000219772 -0.000284751 -0.000359877 -0.000444411 -0.000536682 -0.000633968 -2.6273e-06 3.71092e-06 8.63303e-06 1.21068e-05 1.42676e-05 1.53354e-05 1.55595e-05 1.51839e-05 1.44282e-05 1.34784e-05 1.2483e-05 1.15534e-05 1.07651e-05 1.01586e-05 9.74026e-06 9.48074e-06 9.31274e-06 9.12578e-06 8.75939e-06 7.99373e-06 6.53833e-06 4.01889e-06 -3.67875e-08 -6.21258e-06 -1.52156e-05 -2.78827e-05 -4.51772e-05 -6.81719e-05 -9.80107e-05 -0.000135844 -0.000182731 -0.000239508 -0.00030662 -0.000383936 -0.00047056 -0.000564665 -0.000663409 -5.09903e-05 -4.19309e-05 -3.53669e-05 -3.08618e-05 -2.79531e-05 -2.6206e-05 -2.52406e-05 -2.47406e-05 -2.44536e-05 -2.41861e-05 -2.37971e-05 -2.31911e-05 -2.23135e-05 -2.1147e-05 -1.97102e-05 -1.80585e-05 -1.62875e-05 -1.45381e-05 -1.30046e-05 -1.19441e-05 -1.16889e-05 -1.26589e-05 -1.5375e-05 -2.04719e-05 -2.8707e-05 -4.09628e-05 -5.82395e-05 -8.16321e-05 -0.000112286 -0.000151325 -0.000199752 -0.000258313 -0.000327334 -0.000406546 -0.000494904 -0.000590453 -0.000690254 -9.56946e-05 -8.53032e-05 -7.80424e-05 -7.30682e-05 -6.96758e-05 -6.73009e-05 -6.5505e-05 -6.39572e-05 -6.24147e-05 -6.07063e-05 -5.87183e-05 -5.63841e-05 -5.36774e-05 -5.06083e-05 -4.72219e-05 -4.36003e-05 -3.98665e-05 -3.61908e-05 -3.2799e-05 -2.99834e-05 -2.8114e-05 -2.76518e-05 -2.91609e-05 -3.33193e-05 -4.09253e-05 -5.28968e-05 -7.02588e-05 -9.41157e-05 -0.000125602 -0.000165805 -0.000215664 -0.000275833 -0.000346524 -0.000427337 -0.000517101 -0.000613753 -0.00071428 -0.000135157 -0.00012521 -0.00011833 -0.000113462 -0.000109825 -0.000106849 -0.000104128 -0.000101378 -9.8408e-05 -9.50939e-05 -9.13646e-05 -8.71906e-05 -8.25775e-05 -7.75636e-05 -7.22199e-05 -6.66533e-05 -6.10118e-05 -5.54919e-05 -5.0348e-05 -4.59029e-05 -4.256e-05 -4.08156e-05 -4.12701e-05 -4.46367e-05 -5.17457e-05 -6.35403e-05 -8.10603e-05 -0.00010541 -0.000137703 -0.000178986 -0.000230133 -0.000291708 -0.000363818 -0.00044595 -0.000536826 -0.000634291 -0.000735283 -0.000168187 -0.000160504 -0.000155007 -0.000150734 -0.000147033 -0.000143469 -0.000139756 -0.000135711 -0.000131225 -0.00012624 -0.000120735 -0.00011472 -0.000108234 -0.000101339 -9.41316e-05 -8.67385e-05 -7.93294e-05 -7.2123e-05 -6.53976e-05 -5.95018e-05 -5.48666e-05 -5.20173e-05 -5.15832e-05 -5.43052e-05 -6.10371e-05 -7.27389e-05 -9.04569e-05 -0.000115288 -0.000148323 -0.000190565 -0.000242824 -0.000305585 -0.000378864 -0.000462049 -0.000553774 -0.000651817 -0.000753079 -0.00019415 -0.000190138 -0.000186726 -0.00018336 -0.000179708 -0.000175579 -0.000170873 -0.000165542 -0.000159575 -0.000152986 -0.000145805 -0.000138081 -0.00012988 -0.000121287 -0.000112416 -0.000103412 -9.44606e-05 -8.5799e-05 -7.77239e-05 -7.06042e-05 -6.4893e-05 -6.11375e-05 -5.99894e-05 -6.22098e-05 -6.86688e-05 -8.03364e-05 -9.826e-05 -0.000123526 -0.0001572 -0.000200247 -0.00025342 -0.000317137 -0.000391336 -0.00047533 -0.000567681 -0.000666116 -0.000767512 -0.00021299 -0.000213213 -0.000212106 -0.000209725 -0.000206166 -0.000201535 -0.000195934 -0.000189458 -0.000182193 -0.000174218 -0.000165609 -0.000156445 -0.000146815 -0.000136822 -0.000126593 -0.000116285 -0.000106097 -9.62786e-05 -8.71395e-05 -7.90641e-05 -7.25211e-05 -6.80742e-05 -6.63905e-05 -6.8245e-05 -7.45184e-05 -8.61859e-05 -0.000104293 -0.000129915 -0.000164097 -0.000207769 -0.000261641 -0.000326077 -0.000400956 -0.000485532 -0.000578318 -0.000677004 -0.000778453 -0.000225081 -0.000229015 -0.000229871 -0.000228314 -0.000224842 -0.000219825 -0.000213543 -0.000206204 -0.000197971 -0.000188973 -0.00017932 -0.000169113 -0.000158457 -0.000147465 -0.000136274 -0.000125049 -0.000113996 -0.000103373 -9.34993e-05 -8.47684e-05 -7.76594e-05 -7.27463e-05 -7.07061e-05 -7.23224e-05 -7.8482e-05 -9.01625e-05 -0.000108407 -0.000134281 -0.000168815 -0.000212913 -0.000267257 -0.000332172 -0.000407499 -0.000492452 -0.000585511 -0.000684343 -0.000785803 -0.000230946 -0.000237045 -0.000239026 -0.000237936 -0.000234514 -0.000229288 -0.000222635 -0.000214832 -0.000206081 -0.000196539 -0.000186334 -0.00017558 -0.000164387 -0.000152876 -0.000141186 -0.000129487 -0.000117989 -0.000106953 -9.67042e-05 -8.764e-05 -8.02445e-05 -7.50969e-05 -7.28789e-05 -7.4378e-05 -8.04839e-05 -9.2175e-05 -0.000110492 -0.000136498 -0.000171211 -0.000215526 -0.000270106 -0.000335261 -0.00041081 -0.000495948 -0.000589138 -0.000688036 -0.000789494 -0.000230946 -0.000237045 -0.000239026 -0.000237936 -0.000234514 -0.000229288 -0.000222635 -0.000214832 -0.000206081 -0.000196539 -0.000186334 -0.00017558 -0.000164387 -0.000152876 -0.000141186 -0.000129487 -0.000117989 -0.000106953 -9.67042e-05 -8.764e-05 -8.02445e-05 -7.50969e-05 -7.28789e-05 -7.4378e-05 -8.04839e-05 -9.2175e-05 -0.000110492 -0.000136498 -0.000171211 -0.000215526 -0.000270106 -0.000335261 -0.00041081 -0.000495948 -0.000589138 -0.000688036 -0.000789494 -0.000225081 -0.000229015 -0.000229871 -0.000228314 -0.000224842 -0.000219825 -0.000213543 -0.000206204 -0.000197971 -0.000188973 -0.00017932 -0.000169113 -0.000158457 -0.000147465 -0.000136274 -0.000125049 -0.000113996 -0.000103373 -9.34993e-05 -8.47684e-05 -7.76594e-05 -7.27463e-05 -7.07061e-05 -7.23224e-05 -7.8482e-05 -9.01625e-05 -0.000108407 -0.000134281 -0.000168815 -0.000212913 -0.000267257 -0.000332172 -0.000407499 -0.000492452 -0.000585511 -0.000684343 -0.000785803 -0.00021299 -0.000213213 -0.000212106 -0.000209725 -0.000206166 -0.000201535 -0.000195934 -0.000189458 -0.000182193 -0.000174218 -0.000165609 -0.000156445 -0.000146815 -0.000136822 -0.000126593 -0.000116285 -0.000106097 -9.62786e-05 -8.71395e-05 -7.90641e-05 -7.25211e-05 -6.80742e-05 -6.63905e-05 -6.8245e-05 -7.45184e-05 -8.61859e-05 -0.000104293 -0.000129915 -0.000164097 -0.000207769 -0.000261641 -0.000326077 -0.000400956 -0.000485532 -0.000578318 -0.000677004 -0.000778453 -0.00019415 -0.000190138 -0.000186726 -0.00018336 -0.000179708 -0.000175579 -0.000170873 -0.000165542 -0.000159575 -0.000152986 -0.000145805 -0.000138081 -0.00012988 -0.000121287 -0.000112416 -0.000103412 -9.44606e-05 -8.5799e-05 -7.77239e-05 -7.06042e-05 -6.4893e-05 -6.11375e-05 -5.99894e-05 -6.22098e-05 -6.86688e-05 -8.03364e-05 -9.826e-05 -0.000123526 -0.0001572 -0.000200247 -0.00025342 -0.000317137 -0.000391336 -0.00047533 -0.000567681 -0.000666116 -0.000767512 -0.000168187 -0.000160504 -0.000155007 -0.000150734 -0.000147033 -0.000143469 -0.000139756 -0.000135711 -0.000131225 -0.00012624 -0.000120735 -0.00011472 -0.000108234 -0.000101339 -9.41316e-05 -8.67385e-05 -7.93294e-05 -7.2123e-05 -6.53976e-05 -5.95018e-05 -5.48666e-05 -5.20173e-05 -5.15832e-05 -5.43052e-05 -6.10371e-05 -7.27389e-05 -9.04569e-05 -0.000115288 -0.000148323 -0.000190565 -0.000242824 -0.000305585 -0.000378864 -0.000462049 -0.000553774 -0.000651817 -0.000753079 -0.000135157 -0.00012521 -0.00011833 -0.000113462 -0.000109825 -0.000106849 -0.000104128 -0.000101378 -9.8408e-05 -9.50939e-05 -9.13646e-05 -8.71906e-05 -8.25775e-05 -7.75636e-05 -7.22199e-05 -6.66533e-05 -6.10118e-05 -5.54919e-05 -5.0348e-05 -4.59029e-05 -4.256e-05 -4.08156e-05 -4.12701e-05 -4.46367e-05 -5.17457e-05 -6.35403e-05 -8.10603e-05 -0.00010541 -0.000137703 -0.000178986 -0.000230133 -0.000291708 -0.000363818 -0.00044595 -0.000536826 -0.000634291 -0.000735283 -9.56946e-05 -8.53032e-05 -7.80424e-05 -7.30682e-05 -6.96758e-05 -6.73009e-05 -6.5505e-05 -6.39572e-05 -6.24147e-05 -6.07063e-05 -5.87183e-05 -5.63841e-05 -5.36774e-05 -5.06083e-05 -4.72219e-05 -4.36003e-05 -3.98665e-05 -3.61908e-05 -3.2799e-05 -2.99834e-05 -2.8114e-05 -2.76518e-05 -2.91609e-05 -3.33193e-05 -4.09253e-05 -5.28968e-05 -7.02588e-05 -9.41157e-05 -0.000125602 -0.000165805 -0.000215664 -0.000275833 -0.000346524 -0.000427337 -0.000517101 -0.000613753 -0.00071428 -5.09903e-05 -4.19309e-05 -3.53669e-05 -3.08618e-05 -2.79531e-05 -2.6206e-05 -2.52406e-05 -2.47406e-05 -2.44536e-05 -2.41861e-05 -2.37971e-05 -2.31911e-05 -2.23135e-05 -2.1147e-05 -1.97102e-05 -1.80585e-05 -1.62875e-05 -1.45381e-05 -1.30046e-05 -1.19441e-05 -1.16889e-05 -1.26589e-05 -1.5375e-05 -2.04719e-05 -2.8707e-05 -4.09628e-05 -5.82395e-05 -8.16321e-05 -0.000112286 -0.000151325 -0.000199752 -0.000258313 -0.000327334 -0.000406546 -0.000494904 -0.000590453 -0.000690254 -2.6273e-06 3.71092e-06 8.63303e-06 1.21068e-05 1.42676e-05 1.53354e-05 1.55595e-05 1.51839e-05 1.44282e-05 1.34784e-05 1.2483e-05 1.15534e-05 1.07651e-05 1.01586e-05 9.74026e-06 9.48074e-06 9.31274e-06 9.12578e-06 8.75939e-06 7.99373e-06 6.53833e-06 4.01889e-06 -3.67875e-08 -6.21258e-06 -1.52156e-05 -2.78827e-05 -4.51772e-05 -6.81719e-05 -9.80107e-05 -0.000135844 -0.000182731 -0.000239508 -0.00030662 -0.000383936 -0.00047056 -0.000564665 -0.000663409 4.76469e-05 5.04447e-05 5.30553e-05 5.50383e-05 5.62008e-05 5.65172e-05 5.60634e-05 5.49697e-05 5.33866e-05 5.14631e-05 4.93333e-05 4.71091e-05 4.48757e-05 4.26899e-05 4.05781e-05 3.85348e-05 3.65192e-05 3.44509e-05 3.22031e-05 2.95946e-05 2.6378e-05 2.22279e-05 1.67252e-05 9.34311e-06 -5.67059e-07 -1.37857e-05 -3.12264e-05 -5.39254e-05 -8.30099e-05 -0.000119641 -0.000164923 -0.000219772 -0.000284751 -0.000359877 -0.000444411 -0.000536682 -0.000633968 9.81457e-05 9.7177e-05 9.71467e-05 9.73427e-05 9.73103e-05 9.67971e-05 9.56988e-05 9.4011e-05 9.17903e-05 8.91251e-05 8.61144e-05 8.28537e-05 7.94254e-05 7.58928e-05 7.22957e-05 6.86471e-05 6.49293e-05 6.1089e-05 5.70319e-05 5.26138e-05 4.76309e-05 4.18072e-05 3.47795e-05 2.60826e-05 1.51331e-05 1.21673e-06 -1.65178e-05 -3.90543e-05 -6.74855e-05 -0.000102964 -0.00014662 -0.000199438 -0.000262089 -0.000334736 -0.000416809 -0.000506812 -0.000602171 0.000147415 0.000142956 0.000140289 0.000138592 0.000137251 0.000135844 0.000134111 0.000131914 0.000129205 0.000125998 0.000122339 0.000118292 0.000113923 0.000109292 0.000104443 9.94006e-05 9.41643e-05 8.87041e-05 8.29539e-05 7.68042e-05 7.00921e-05 6.25903e-05 5.39919e-05 4.38956e-05 3.1788e-05 1.70293e-05 -1.15784e-06 -2.36893e-05 -5.1604e-05 -8.60244e-05 -0.000128084 -0.000178812 -0.000238973 -0.000308869 -0.000388104 -0.000475369 -0.000568271 0.000194331 0.000187017 0.000181993 0.000178477 0.000175811 0.00017348 0.000171111 0.000168454 0.000165364 0.00016177 0.000157659 0.00015305 0.000147981 0.000142497 0.000136636 0.000130427 0.00012388 0.000116981 0.000109688 0.000101921 9.35549e-05 8.4407e-05 7.42255e-05 6.26725e-05 4.93076e-05 3.3571e-05 1.47692e-05 -7.93101e-06 -3.54954e-05 -6.89923e-05 -0.000109531 -0.00015816 -0.000215713 -0.000282613 -0.000358635 -0.000442671 -0.000532531 0.000238134 0.000228799 0.000221891 0.000216781 0.000212869 0.000209627 0.000206624 0.000203534 0.000200128 0.00019626 0.000191849 0.000186866 0.00018131 0.000175198 0.000168558 0.000161411 0.00015377 0.000145632 0.00013697 0.000127729 0.000117815 0.000107086 9.53408e-05 8.23033e-05 6.76055e-05 5.07709e-05 3.11973e-05 8.14642e-06 -1.92556e-05 -5.19986e-05 -9.1139e-05 -0.00013771 -0.000192584 -0.000256281 -0.000328732 -0.000409032 -0.000495219 0.000278414 0.000267953 0.000259736 0.000253361 0.000248362 0.000244268 0.000240648 0.000237138 0.000233452 0.000229381 0.000224782 0.000219571 0.000213704 0.000207165 0.000199958 0.000192091 0.000183572 0.000174399 0.000164556 0.000154004 0.000142673 0.000130456 0.000117197 0.000102677 8.65967e-05 6.85644e-05 4.80734e-05 2.44904e-05 -2.95039e-06 -3.51366e-05 -7.30407e-05 -0.000117646 -0.000169822 -0.000230152 -0.0002987 -0.000374758 -0.000456608 0.000315059 0.000304327 0.0002954 0.000288141 0.000282267 0.00027742 0.000273218 0.0002693 0.000265352 0.000261118 0.000256403 0.000251071 0.000245032 0.000238233 0.000230646 0.000222259 0.000213066 0.000203061 0.000192229 0.000180539 0.00016794 0.000154351 0.000139654 0.00012368 0.000106195 8.68897e-05 6.53532e-05 4.10643e-05 1.33788e-05 -1.84668e-05 -5.53309e-05 -9.81072e-05 -0.000147621 -0.000204473 -0.000268824 -0.000340146 -0.000416972 0.000348207 0.000337941 0.000328861 0.000321102 0.000314594 0.000309122 0.000304393 0.000300083 0.000295878 0.000291498 0.000286709 0.000281328 0.000275222 0.000268294 0.000260485 0.000251753 0.000242074 0.000231429 0.000219795 0.000207146 0.000193438 0.00017861 0.000162572 0.000145198 0.000126314 0.000105685 8.29961e-05 5.78415e-05 2.97087e-05 -2.02311e-06 -3.80694e-05 -7.9196e-05 -0.000126136 -0.000179454 -0.000239361 -0.000305478 -0.000376585 0.000378186 0.000368962 0.000360194 0.000352284 0.000345378 0.000339422 0.000334234 0.000329556 0.000325098 0.000320575 0.00031573 0.000310344 0.000304241 0.000297287 0.000289382 0.000280455 0.000270456 0.000259346 0.000247091 0.000233657 0.000219004 0.000203079 0.000185814 0.000167118 0.000146864 0.000124886 0.000100962 7.48008e-05 4.6028e-05 1.41808e-05 -2.12872e-05 -6.09767e-05 -0.000105479 -0.000155266 -0.000210538 -0.000271017 -0.000335717 0.000405466 0.000397666 0.000389553 0.000381775 0.000374679 0.000368377 0.000362806 0.00035779 0.000353083 0.000348415 0.000343518 0.000338147 0.000332093 0.000325183 0.000317281 0.000308282 0.000298105 0.000286688 0.000273977 0.000259926 0.00024449 0.000227617 0.000209252 0.000189325 0.000167752 0.000144427 0.00011921 9.19222e-05 6.23316e-05 3.01447e-05 -4.99339e-06 -4.3483e-05 -8.57254e-05 -0.000132041 -0.000182549 -0.000237008 -0.000294633 0.000430611 0.000424407 0.00041715 0.000409699 0.00040258 0.000396051 0.000390172 0.000384853 0.000379905 0.000375085 0.00037013 0.00036478 0.000358799 0.000351981 0.000344155 0.000335181 0.000324945 0.000313356 0.000300339 0.000285829 0.000269765 0.000252093 0.000232759 0.000211709 0.000188887 0.000164237 0.000137694 0.000109185 7.86172e-05 4.58762e-05 1.08178e-05 -2.67251e-05 -6.69185e-05 -0.000109873 -0.000155553 -0.000203675 -0.000253593 0.00045423 0.000449573 0.000443227 0.000436206 0.000429172 0.000422512 0.00041639 0.000410804 0.000405626 0.000400651 0.000395628 0.000390294 0.000384396 0.000377699 0.000369999 0.000361123 0.000350924 0.000339279 0.000326087 0.000311258 0.000294715 0.000276389 0.000256222 0.000234163 0.000210177 0.000184245 0.000156366 0.000126563 9.48814e-05 6.13864e-05 2.6161e-05 -1.06979e-05 -4.90746e-05 -8.88135e-05 -0.000129665 -0.00017121 -0.000212849 0.000476903 0.000473536 0.000468027 0.00046145 0.000454556 0.000447827 0.000441516 0.000435696 0.000430303 0.000425169 0.000420069 0.000414743 0.000408926 0.000402363 0.000394823 0.000386098 0.00037601 0.000364405 0.00035115 0.000336129 0.000319242 0.0003004 0.000279532 0.000256585 0.00023153 0.000204376 0.000175173 0.000144029 0.000111118 7.66869e-05 4.10552e-05 4.61205e-06 -3.21977e-05 -6.88888e-05 -0.000104943 -0.000139765 -0.000172634 0.000499062 0.000496578 0.000491746 0.000485567 0.000478824 0.00047206 0.000465598 0.000459575 0.000453981 0.000448692 0.000443507 0.000438177 0.000432435 0.00042601 0.000418646 0.000410109 0.000400189 0.0003887 0.000375476 0.000360374 0.000343263 0.000324034 0.000302595 0.000278879 0.000252859 0.000224555 0.000194058 0.000161549 0.000127318 9.17879e-05 5.55218e-05 1.9223e-05 -1.6288e-05 -5.01228e-05 -8.14021e-05 -0.000109342 -0.000133191 0.000520718 0.000518782 0.000514493 0.000508654 0.00050205 0.000495266 0.000488679 0.000482478 0.0004767 0.000471261 0.000465987 0.000460644 0.000454967 0.000448676 0.000441497 0.000433171 0.000423459 0.000412144 0.000399029 0.000383938 0.000366712 0.000347213 0.000325323 0.000300958 0.000274078 0.000244708 0.000212964 0.000179085 0.000143467 0.000106697 6.95828e-05 3.31573e-05 -1.34387e-06 -3.25552e-05 -5.91153e-05 -7.98776e-05 -9.40857e-05 0.00054602 0.000543288 0.000538296 0.000532086 0.000525357 0.000518586 0.000512061 0.000505916 0.000500154 0.000494676 0.000489308 0.000483822 0.000477957 0.00047144 0.000463999 0.000455371 0.000445308 0.000433583 0.000419984 0.000404319 0.000386412 0.000366111 0.000343289 0.000317859 0.000289789 0.000259128 0.00022604 0.000190842 0.000154052 0.000116431 7.90187e-05 4.31481e-05 1.04114e-05 -1.74343e-05 -3.86461e-05 -5.17543e-05 -5.59967e-05 0.000575515 0.000570638 0.000564092 0.000557074 0.000550093 0.000543402 0.000537101 0.000531185 0.000525564 0.000520085 0.000514549 0.000508724 0.00050236 0.000495199 0.000486985 0.000477471 0.00046642 0.000453607 0.000438824 0.000421879 0.000402595 0.000380822 0.000356442 0.000329386 0.000299653 0.000267347 0.000232709 0.000196167 0.000158385 0.000120315 8.32307e-05 4.87351e-05 1.87115e-05 -4.80206e-06 -1.98387e-05 -2.48457e-05 -1.92272e-05 0.000604696 0.000597594 0.000589994 0.000582556 0.000575533 0.000568986 0.000562873 0.000557088 0.00055148 0.000545862 0.000540023 0.000533735 0.000526759 0.000518853 0.000509775 0.00049929 0.00048717 0.000473195 0.00045716 0.000438871 0.000418155 0.000394867 0.0003689 0.000340206 0.000308825 0.000274913 0.000238794 0.000201007 0.000162362 0.000123991 8.73848e-05 5.43867e-05 2.71284e-05 7.86955e-06 -1.28044e-06 1.21524e-06 1.58415e-05 0.000633659 0.000624562 0.00061616 0.000608503 0.000601537 0.000595138 0.000589149 0.00058339 0.000577669 0.000571782 0.000565517 0.000558652 0.000550962 0.000542219 0.000532196 0.000520666 0.000507408 0.00049221 0.000474866 0.000455186 0.000433001 0.000408171 0.000380606 0.000350285 0.000317284 0.000281823 0.000244306 0.000205382 0.000166001 0.000127467 9.14679e-05 6.00589e-05 3.55795e-05 2.0461e-05 1.69073e-05 2.6458e-05 4.95473e-05 0.000661994 0.000651424 0.00064249 0.000634757 0.000627893 0.000621613 0.000615667 0.000609825 0.00060387 0.000597595 0.00059079 0.000583247 0.000574754 0.000565096 0.000554057 0.000541421 0.000526975 0.000510507 0.000491817 0.000470717 0.000447043 0.000420667 0.000391515 0.000359593 0.000325022 0.000288082 0.000249259 0.00020931 0.000169319 0.000130748 9.54624e-05 6.5703e-05 4.39817e-05 3.28638e-05 3.46233e-05 5.07915e-05 8.16483e-05 0.000689207 0.000677847 0.000668714 0.00066105 0.000654317 0.000648113 0.000642124 0.000636091 0.000629791 0.000623018 0.000615576 0.000607268 0.000597897 0.000587262 0.000575157 0.000561373 0.000545703 0.00052794 0.000507887 0.000485359 0.0004602 0.000432293 0.000401584 0.00036811 0.000332035 0.0002937 0.000253673 0.000212814 0.000172332 0.000133835 9.93454e-05 7.1265e-05 5.22478e-05 4.49631e-05 5.17276e-05 7.40219e-05 0.000111937 0.000714824 0.000703422 0.00069447 0.000687034 0.000680461 0.000674287 0.000668171 0.000661849 0.000655103 0.000647741 0.000639581 0.000630442 0.00062014 0.000608485 0.000595282 0.000580329 0.000563423 0.000544362 0.00052295 0.00049901 0.000472392 0.000442994 0.000410781 0.000375822 0.000338327 0.000298695 0.000257572 0.000215917 0.000175055 0.000136724 0.000103088 7.66841e-05 6.02819e-05 5.66271e-05 6.80482e-05 9.59445e-05 0.000140204 0.000738443 0.000727739 0.000719351 0.000712303 0.00070592 0.000699735 0.000693419 0.000686723 0.000679451 0.000671429 0.000662493 0.000652478 0.000641215 0.000628523 0.000614215 0.000598096 0.000579966 0.000559627 0.000536888 0.000511576 0.00048355 0.000452722 0.000419081 0.000382725 0.000343907 0.000303086 0.000260982 0.000218642 0.000177499 0.000139408 0.000106656 8.18913e-05 6.79775e-05 6.77096e-05 8.34026e-05 0.000116355 0.000166256 0.000759743 0.000750405 0.000742929 0.000736413 0.000730248 0.00072402 0.000717445 0.000710312 0.000702456 0.000693728 0.000683985 0.000673078 0.000660849 0.000647129 0.000631735 0.000614479 0.000595164 0.000573595 0.000549585 0.000522968 0.000493611 0.00046144 0.000426466 0.000388818 0.000348792 0.000306898 0.000263928 0.00022101 0.000179673 0.000141876 0.000110006 8.68104e-05 7.52198e-05 7.80579e-05 9.76074e-05 0.000135059 0.000189909 0.000778493 0.000771065 0.000764775 0.000758902 0.000752973 0.000746677 0.000739802 0.000732194 0.000723725 0.000714276 0.000703725 0.000691939 0.000678771 0.000664059 0.000647628 0.000629293 0.000608859 0.000586136 0.000560939 0.000533107 0.00050252 0.000469116 0.000432926 0.000394109 0.000352999 0.000310158 0.000266438 0.000223043 0.000181583 0.000144108 0.000113094 9.13598e-05 8.18901e-05 8.75189e-05 0.000110485 0.00015187 0.000210995 0.000794549 0.0007894 0.000784468 0.000779299 0.000773612 0.000767232 0.00076004 0.000751945 0.000742866 0.000732713 0.000721385 0.000708764 0.000694714 0.000679079 0.000661689 0.00064236 0.000620903 0.000597127 0.000570853 0.000541926 0.000510232 0.000475725 0.000438455 0.000398607 0.00035655 0.00031289 0.000268537 0.000224756 0.000183231 0.000146086 0.000115867 9.54561e-05 8.7871e-05 9.59454e-05 0.000121869 0.00016662 0.000229364 0.000807847 0.00080513 0.000801606 0.000797147 0.000791693 0.000785221 0.000777716 0.000769154 0.000759499 0.000748693 0.000736653 0.000723275 0.000708431 0.00069197 0.000673727 0.000653519 0.00063116 0.00060646 0.000579245 0.000549363 0.00051671 0.000481251 0.000443053 0.000402325 0.000359466 0.000315123 0.000270248 0.000226165 0.000184615 0.000147784 0.000118276 9.90179e-05 9.30508e-05 0.0001032 0.000131608 0.000179158 0.000244883 0.000818385 0.000818014 0.000815822 0.000812018 0.000806772 0.000800211 0.00079242 0.00078344 0.000773278 0.000761901 0.000749246 0.000735219 0.000719698 0.000702538 0.000683574 0.000662629 0.000639513 0.000614043 0.000586044 0.000555371 0.000521925 0.000485682 0.000446724 0.000405278 0.00036177 0.000316877 0.000271592 0.00022728 0.000185731 0.000149179 0.000120272 0.00010197 9.73286e-05 0.000109162 0.000139568 0.000189352 0.000257437 0.000826205 0.000827857 0.000826793 0.000823536 0.000818458 0.000811821 0.000803792 0.000794472 0.000783899 0.000772065 0.00075892 0.000744379 0.000728325 0.000710617 0.000691091 0.000669569 0.000645867 0.000619798 0.000591193 0.00055991 0.000525854 0.00048901 0.000449471 0.000407479 0.00036348 0.000318175 0.000272585 0.00022811 0.000186574 0.000150248 0.000121811 0.000104246 0.000100618 0.000113728 0.000145639 0.000197095 0.000266935 0.00083137 0.000834505 0.00083426 0.000831395 0.000826436 0.000819742 0.000811544 0.000801982 0.000791121 0.000778968 0.000765482 0.000750585 0.000734163 0.000716077 0.000696165 0.000674249 0.000650145 0.000623668 0.000594651 0.000562951 0.000528482 0.000491231 0.000451299 0.000408939 0.00036461 0.00031903 0.00027324 0.00022866 0.00018714 0.000150972 0.000122858 0.000105794 0.00010285 0.000116818 0.000149735 0.000202303 0.000273307 0.000833935 0.000837855 0.000838041 0.00083538 0.000830483 0.000823758 0.000815472 0.000805785 0.000794775 0.000782458 0.000768798 0.000753718 0.000737109 0.00071883 0.000698721 0.000676605 0.000652296 0.000625613 0.000596386 0.000564477 0.000529798 0.000492341 0.000452211 0.000409667 0.000365173 0.000319455 0.000273565 0.000228934 0.000187424 0.000151338 0.000123388 0.000106578 0.000103978 0.000118377 0.000151798 0.000204922 0.000276505 0.000833935 0.000837855 0.000838041 0.00083538 0.000830483 0.000823758 0.000815472 0.000805785 0.000794775 0.000782458 0.000768798 0.000753718 0.000737109 0.00071883 0.000698721 0.000676605 0.000652296 0.000625613 0.000596386 0.000564477 0.000529798 0.000492341 0.000452211 0.000409667 0.000365173 0.000319455 0.000273565 0.000228934 0.000187424 0.000151338 0.000123388 0.000106578 0.000103978 0.000118377 0.000151798 0.000204922 0.000276505 0.00083137 0.000834505 0.00083426 0.000831395 0.000826436 0.000819742 0.000811544 0.000801982 0.000791121 0.000778968 0.000765482 0.000750585 0.000734163 0.000716077 0.000696165 0.000674249 0.000650145 0.000623668 0.000594651 0.000562951 0.000528482 0.000491231 0.000451299 0.000408939 0.00036461 0.00031903 0.00027324 0.00022866 0.00018714 0.000150972 0.000122858 0.000105794 0.00010285 0.000116818 0.000149735 0.000202303 0.000273307 0.000826205 0.000827857 0.000826793 0.000823536 0.000818458 0.000811821 0.000803792 0.000794472 0.000783899 0.000772065 0.00075892 0.000744379 0.000728325 0.000710617 0.000691091 0.000669569 0.000645867 0.000619798 0.000591193 0.00055991 0.000525854 0.00048901 0.000449471 0.000407479 0.00036348 0.000318175 0.000272585 0.00022811 0.000186574 0.000150248 0.000121811 0.000104246 0.000100618 0.000113728 0.000145639 0.000197095 0.000266935 0.000818385 0.000818014 0.000815822 0.000812018 0.000806772 0.000800211 0.00079242 0.00078344 0.000773278 0.000761901 0.000749246 0.000735219 0.000719698 0.000702538 0.000683574 0.000662629 0.000639513 0.000614043 0.000586044 0.000555371 0.000521925 0.000485682 0.000446724 0.000405278 0.00036177 0.000316877 0.000271592 0.00022728 0.000185731 0.000149179 0.000120272 0.00010197 9.73286e-05 0.000109162 0.000139568 0.000189352 0.000257437 0.000807847 0.00080513 0.000801606 0.000797147 0.000791693 0.000785221 0.000777716 0.000769154 0.000759499 0.000748693 0.000736653 0.000723275 0.000708431 0.00069197 0.000673727 0.000653519 0.00063116 0.00060646 0.000579245 0.000549363 0.00051671 0.000481251 0.000443053 0.000402325 0.000359466 0.000315123 0.000270248 0.000226165 0.000184615 0.000147784 0.000118276 9.90179e-05 9.30508e-05 0.0001032 0.000131608 0.000179158 0.000244883 0.000794549 0.0007894 0.000784468 0.000779299 0.000773612 0.000767232 0.00076004 0.000751945 0.000742866 0.000732713 0.000721385 0.000708764 0.000694714 0.000679079 0.000661689 0.00064236 0.000620903 0.000597127 0.000570853 0.000541926 0.000510232 0.000475725 0.000438455 0.000398607 0.00035655 0.00031289 0.000268537 0.000224756 0.000183231 0.000146086 0.000115867 9.54561e-05 8.7871e-05 9.59454e-05 0.000121869 0.00016662 0.000229364 0.000778493 0.000771065 0.000764775 0.000758902 0.000752973 0.000746677 0.000739802 0.000732194 0.000723725 0.000714276 0.000703725 0.000691939 0.000678771 0.000664059 0.000647628 0.000629293 0.000608859 0.000586136 0.000560939 0.000533107 0.00050252 0.000469116 0.000432926 0.000394109 0.000352999 0.000310158 0.000266438 0.000223043 0.000181583 0.000144108 0.000113094 9.13598e-05 8.18901e-05 8.75189e-05 0.000110485 0.00015187 0.000210995 0.000759743 0.000750405 0.000742929 0.000736413 0.000730248 0.00072402 0.000717445 0.000710312 0.000702456 0.000693728 0.000683985 0.000673078 0.000660849 0.000647129 0.000631735 0.000614479 0.000595164 0.000573595 0.000549585 0.000522968 0.000493611 0.00046144 0.000426466 0.000388818 0.000348792 0.000306898 0.000263928 0.00022101 0.000179673 0.000141876 0.000110006 8.68104e-05 7.52198e-05 7.80579e-05 9.76074e-05 0.000135059 0.000189909 0.000738443 0.000727739 0.000719351 0.000712303 0.00070592 0.000699735 0.000693419 0.000686723 0.000679451 0.000671429 0.000662493 0.000652478 0.000641215 0.000628523 0.000614215 0.000598096 0.000579966 0.000559627 0.000536888 0.000511576 0.00048355 0.000452722 0.000419081 0.000382725 0.000343907 0.000303086 0.000260982 0.000218642 0.000177499 0.000139408 0.000106656 8.18913e-05 6.79775e-05 6.77096e-05 8.34026e-05 0.000116355 0.000166256 0.000714824 0.000703422 0.00069447 0.000687034 0.000680461 0.000674287 0.000668171 0.000661849 0.000655103 0.000647741 0.000639581 0.000630442 0.00062014 0.000608485 0.000595282 0.000580329 0.000563423 0.000544362 0.00052295 0.00049901 0.000472392 0.000442994 0.000410781 0.000375822 0.000338327 0.000298695 0.000257572 0.000215917 0.000175055 0.000136724 0.000103088 7.66841e-05 6.02819e-05 5.66271e-05 6.80482e-05 9.59445e-05 0.000140204 0.000689207 0.000677847 0.000668714 0.00066105 0.000654317 0.000648113 0.000642124 0.000636091 0.000629791 0.000623018 0.000615576 0.000607268 0.000597897 0.000587262 0.000575157 0.000561373 0.000545703 0.00052794 0.000507887 0.000485359 0.0004602 0.000432293 0.000401584 0.00036811 0.000332035 0.0002937 0.000253673 0.000212814 0.000172332 0.000133835 9.93454e-05 7.1265e-05 5.22478e-05 4.49631e-05 5.17276e-05 7.40219e-05 0.000111937 0.000661994 0.000651424 0.00064249 0.000634757 0.000627893 0.000621613 0.000615667 0.000609825 0.00060387 0.000597595 0.00059079 0.000583247 0.000574754 0.000565096 0.000554057 0.000541421 0.000526975 0.000510507 0.000491817 0.000470717 0.000447043 0.000420667 0.000391515 0.000359593 0.000325022 0.000288082 0.000249259 0.00020931 0.000169319 0.000130748 9.54624e-05 6.5703e-05 4.39817e-05 3.28638e-05 3.46233e-05 5.07915e-05 8.16483e-05 0.000633659 0.000624562 0.00061616 0.000608503 0.000601537 0.000595138 0.000589149 0.00058339 0.000577669 0.000571782 0.000565517 0.000558652 0.000550962 0.000542219 0.000532196 0.000520666 0.000507408 0.00049221 0.000474866 0.000455186 0.000433001 0.000408171 0.000380606 0.000350285 0.000317284 0.000281823 0.000244306 0.000205382 0.000166001 0.000127467 9.14679e-05 6.00589e-05 3.55795e-05 2.0461e-05 1.69073e-05 2.6458e-05 4.95473e-05 0.000604696 0.000597594 0.000589994 0.000582556 0.000575533 0.000568986 0.000562873 0.000557088 0.00055148 0.000545862 0.000540023 0.000533735 0.000526759 0.000518853 0.000509775 0.00049929 0.00048717 0.000473195 0.00045716 0.000438871 0.000418155 0.000394867 0.0003689 0.000340206 0.000308825 0.000274913 0.000238794 0.000201007 0.000162362 0.000123991 8.73848e-05 5.43867e-05 2.71284e-05 7.86955e-06 -1.28044e-06 1.21524e-06 1.58415e-05 0.000575515 0.000570638 0.000564092 0.000557074 0.000550093 0.000543402 0.000537101 0.000531185 0.000525564 0.000520085 0.000514549 0.000508724 0.00050236 0.000495199 0.000486985 0.000477471 0.00046642 0.000453607 0.000438824 0.000421879 0.000402595 0.000380822 0.000356442 0.000329386 0.000299653 0.000267347 0.000232709 0.000196167 0.000158385 0.000120315 8.32307e-05 4.87351e-05 1.87115e-05 -4.80206e-06 -1.98387e-05 -2.48457e-05 -1.92272e-05 0.00054602 0.000543288 0.000538296 0.000532086 0.000525357 0.000518586 0.000512061 0.000505916 0.000500154 0.000494676 0.000489308 0.000483822 0.000477957 0.00047144 0.000463999 0.000455371 0.000445308 0.000433583 0.000419984 0.000404319 0.000386412 0.000366111 0.000343289 0.000317859 0.000289789 0.000259128 0.00022604 0.000190842 0.000154052 0.000116431 7.90187e-05 4.31481e-05 1.04114e-05 -1.74343e-05 -3.86461e-05 -5.17543e-05 -5.59967e-05 0.000520718 0.000518782 0.000514493 0.000508654 0.00050205 0.000495266 0.000488679 0.000482478 0.0004767 0.000471261 0.000465987 0.000460644 0.000454967 0.000448676 0.000441497 0.000433171 0.000423459 0.000412144 0.000399029 0.000383938 0.000366712 0.000347213 0.000325323 0.000300958 0.000274078 0.000244708 0.000212964 0.000179085 0.000143467 0.000106697 6.95828e-05 3.31573e-05 -1.34387e-06 -3.25552e-05 -5.91153e-05 -7.98776e-05 -9.40857e-05 0.000499062 0.000496578 0.000491746 0.000485567 0.000478824 0.00047206 0.000465598 0.000459575 0.000453981 0.000448692 0.000443507 0.000438177 0.000432435 0.00042601 0.000418646 0.000410109 0.000400189 0.0003887 0.000375476 0.000360374 0.000343263 0.000324034 0.000302595 0.000278879 0.000252859 0.000224555 0.000194058 0.000161549 0.000127318 9.17879e-05 5.55218e-05 1.9223e-05 -1.6288e-05 -5.01228e-05 -8.14021e-05 -0.000109342 -0.000133191 0.000476903 0.000473536 0.000468027 0.00046145 0.000454556 0.000447827 0.000441516 0.000435696 0.000430303 0.000425169 0.000420069 0.000414743 0.000408926 0.000402363 0.000394823 0.000386098 0.00037601 0.000364405 0.00035115 0.000336129 0.000319242 0.0003004 0.000279532 0.000256585 0.00023153 0.000204376 0.000175173 0.000144029 0.000111118 7.66869e-05 4.10552e-05 4.61205e-06 -3.21977e-05 -6.88888e-05 -0.000104943 -0.000139765 -0.000172634 0.00045423 0.000449573 0.000443227 0.000436206 0.000429172 0.000422512 0.00041639 0.000410804 0.000405626 0.000400651 0.000395628 0.000390294 0.000384396 0.000377699 0.000369999 0.000361123 0.000350924 0.000339279 0.000326087 0.000311258 0.000294715 0.000276389 0.000256222 0.000234163 0.000210177 0.000184245 0.000156366 0.000126563 9.48814e-05 6.13864e-05 2.6161e-05 -1.06979e-05 -4.90746e-05 -8.88135e-05 -0.000129665 -0.00017121 -0.000212849 0.000430611 0.000424407 0.00041715 0.000409699 0.00040258 0.000396051 0.000390172 0.000384853 0.000379905 0.000375085 0.00037013 0.00036478 0.000358799 0.000351981 0.000344155 0.000335181 0.000324945 0.000313356 0.000300339 0.000285829 0.000269765 0.000252093 0.000232759 0.000211709 0.000188887 0.000164237 0.000137694 0.000109185 7.86172e-05 4.58762e-05 1.08178e-05 -2.67251e-05 -6.69185e-05 -0.000109873 -0.000155553 -0.000203675 -0.000253593 0.000405466 0.000397666 0.000389553 0.000381775 0.000374679 0.000368377 0.000362806 0.00035779 0.000353083 0.000348415 0.000343518 0.000338147 0.000332093 0.000325183 0.000317281 0.000308282 0.000298105 0.000286688 0.000273977 0.000259926 0.00024449 0.000227617 0.000209252 0.000189325 0.000167752 0.000144427 0.00011921 9.19222e-05 6.23316e-05 3.01447e-05 -4.99339e-06 -4.3483e-05 -8.57254e-05 -0.000132041 -0.000182549 -0.000237008 -0.000294633 0.000378186 0.000368962 0.000360194 0.000352284 0.000345378 0.000339422 0.000334234 0.000329556 0.000325098 0.000320575 0.00031573 0.000310344 0.000304241 0.000297287 0.000289382 0.000280455 0.000270456 0.000259346 0.000247091 0.000233657 0.000219004 0.000203079 0.000185814 0.000167118 0.000146864 0.000124886 0.000100962 7.48008e-05 4.6028e-05 1.41808e-05 -2.12872e-05 -6.09767e-05 -0.000105479 -0.000155266 -0.000210538 -0.000271017 -0.000335717 0.000348207 0.000337941 0.000328861 0.000321102 0.000314594 0.000309122 0.000304393 0.000300083 0.000295878 0.000291498 0.000286709 0.000281328 0.000275222 0.000268294 0.000260485 0.000251753 0.000242074 0.000231429 0.000219795 0.000207146 0.000193438 0.00017861 0.000162572 0.000145198 0.000126314 0.000105685 8.29961e-05 5.78415e-05 2.97087e-05 -2.02311e-06 -3.80694e-05 -7.9196e-05 -0.000126136 -0.000179454 -0.000239361 -0.000305478 -0.000376585 0.000315059 0.000304327 0.0002954 0.000288141 0.000282267 0.00027742 0.000273218 0.0002693 0.000265352 0.000261118 0.000256403 0.000251071 0.000245032 0.000238233 0.000230646 0.000222259 0.000213066 0.000203061 0.000192229 0.000180539 0.00016794 0.000154351 0.000139654 0.00012368 0.000106195 8.68897e-05 6.53532e-05 4.10643e-05 1.33788e-05 -1.84669e-05 -5.53309e-05 -9.81072e-05 -0.000147621 -0.000204473 -0.000268824 -0.000340146 -0.000416972 0.000278414 0.000267953 0.000259736 0.000253361 0.000248362 0.000244268 0.000240648 0.000237138 0.000233452 0.000229381 0.000224782 0.000219571 0.000213704 0.000207165 0.000199958 0.000192091 0.000183572 0.000174399 0.000164556 0.000154004 0.000142673 0.000130456 0.000117197 0.000102677 8.65967e-05 6.85644e-05 4.80734e-05 2.44904e-05 -2.95039e-06 -3.51366e-05 -7.30407e-05 -0.000117646 -0.000169822 -0.000230152 -0.0002987 -0.000374758 -0.000456608 0.000238134 0.000228799 0.000221891 0.000216781 0.000212869 0.000209627 0.000206624 0.000203534 0.000200128 0.00019626 0.000191849 0.000186866 0.00018131 0.000175198 0.000168558 0.000161411 0.00015377 0.000145632 0.00013697 0.000127729 0.000117815 0.000107086 9.53408e-05 8.23033e-05 6.76055e-05 5.07709e-05 3.11973e-05 8.14642e-06 -1.92556e-05 -5.19986e-05 -9.1139e-05 -0.00013771 -0.000192584 -0.000256281 -0.000328732 -0.000409032 -0.000495219 0.000194331 0.000187017 0.000181993 0.000178477 0.000175811 0.00017348 0.000171111 0.000168454 0.000165364 0.00016177 0.000157659 0.00015305 0.000147981 0.000142497 0.000136636 0.000130427 0.00012388 0.000116981 0.000109688 0.000101921 9.35549e-05 8.4407e-05 7.42255e-05 6.26725e-05 4.93076e-05 3.3571e-05 1.47692e-05 -7.93101e-06 -3.54954e-05 -6.89923e-05 -0.000109531 -0.00015816 -0.000215713 -0.000282613 -0.000358635 -0.000442671 -0.000532531 0.000147415 0.000142956 0.000140289 0.000138592 0.000137251 0.000135844 0.000134111 0.000131914 0.000129205 0.000125998 0.000122339 0.000118292 0.000113923 0.000109292 0.000104443 9.94006e-05 9.41643e-05 8.87041e-05 8.29539e-05 7.68042e-05 7.00921e-05 6.25903e-05 5.39919e-05 4.38956e-05 3.1788e-05 1.70293e-05 -1.15784e-06 -2.36893e-05 -5.1604e-05 -8.60244e-05 -0.000128084 -0.000178812 -0.000238973 -0.000308869 -0.000388104 -0.000475369 -0.000568271 9.81457e-05 9.7177e-05 9.71467e-05 9.73427e-05 9.73103e-05 9.67971e-05 9.56988e-05 9.4011e-05 9.17903e-05 8.91251e-05 8.61144e-05 8.28537e-05 7.94254e-05 7.58928e-05 7.22957e-05 6.86471e-05 6.49293e-05 6.1089e-05 5.70319e-05 5.26138e-05 4.76309e-05 4.18072e-05 3.47795e-05 2.60826e-05 1.51331e-05 1.21673e-06 -1.65178e-05 -3.90543e-05 -6.74855e-05 -0.000102964 -0.00014662 -0.000199438 -0.000262089 -0.000334736 -0.000416809 -0.000506812 -0.000602171 4.76469e-05 5.04447e-05 5.30553e-05 5.50383e-05 5.62008e-05 5.65172e-05 5.60634e-05 5.49697e-05 5.33866e-05 5.14631e-05 4.93333e-05 4.71091e-05 4.48757e-05 4.26899e-05 4.05781e-05 3.85348e-05 3.65192e-05 3.44509e-05 3.22031e-05 2.95946e-05 2.6378e-05 2.22279e-05 1.67252e-05 9.34311e-06 -5.67059e-07 -1.37857e-05 -3.12264e-05 -5.39254e-05 -8.30099e-05 -0.000119641 -0.000164923 -0.000219772 -0.000284751 -0.000359877 -0.000444411 -0.000536682 -0.000633968 -2.6273e-06 3.71092e-06 8.63303e-06 1.21068e-05 1.42676e-05 1.53354e-05 1.55595e-05 1.51839e-05 1.44282e-05 1.34784e-05 1.2483e-05 1.15534e-05 1.07651e-05 1.01586e-05 9.74026e-06 9.48074e-06 9.31274e-06 9.12578e-06 8.75939e-06 7.99373e-06 6.53833e-06 4.01889e-06 -3.67875e-08 -6.21258e-06 -1.52156e-05 -2.78827e-05 -4.51772e-05 -6.81719e-05 -9.80107e-05 -0.000135844 -0.000182731 -0.000239508 -0.00030662 -0.000383936 -0.00047056 -0.000564665 -0.000663409 -5.09903e-05 -4.19309e-05 -3.53669e-05 -3.08618e-05 -2.79531e-05 -2.6206e-05 -2.52406e-05 -2.47406e-05 -2.44536e-05 -2.41861e-05 -2.37971e-05 -2.31911e-05 -2.23135e-05 -2.1147e-05 -1.97102e-05 -1.80585e-05 -1.62875e-05 -1.45381e-05 -1.30046e-05 -1.19441e-05 -1.16889e-05 -1.26589e-05 -1.5375e-05 -2.04719e-05 -2.8707e-05 -4.09628e-05 -5.82395e-05 -8.16321e-05 -0.000112286 -0.000151325 -0.000199752 -0.000258313 -0.000327334 -0.000406546 -0.000494904 -0.000590453 -0.000690254 -9.56946e-05 -8.53032e-05 -7.80424e-05 -7.30682e-05 -6.96758e-05 -6.73009e-05 -6.5505e-05 -6.39572e-05 -6.24147e-05 -6.07063e-05 -5.87183e-05 -5.63841e-05 -5.36774e-05 -5.06083e-05 -4.72219e-05 -4.36003e-05 -3.98665e-05 -3.61908e-05 -3.2799e-05 -2.99834e-05 -2.8114e-05 -2.76518e-05 -2.91609e-05 -3.33193e-05 -4.09253e-05 -5.28968e-05 -7.02588e-05 -9.41157e-05 -0.000125602 -0.000165805 -0.000215664 -0.000275833 -0.000346524 -0.000427337 -0.000517101 -0.000613753 -0.00071428 -0.000135157 -0.00012521 -0.00011833 -0.000113462 -0.000109825 -0.000106849 -0.000104128 -0.000101378 -9.8408e-05 -9.50939e-05 -9.13646e-05 -8.71906e-05 -8.25775e-05 -7.75636e-05 -7.22199e-05 -6.66533e-05 -6.10118e-05 -5.54919e-05 -5.0348e-05 -4.59029e-05 -4.256e-05 -4.08156e-05 -4.12701e-05 -4.46367e-05 -5.17457e-05 -6.35403e-05 -8.10603e-05 -0.00010541 -0.000137703 -0.000178986 -0.000230133 -0.000291708 -0.000363818 -0.00044595 -0.000536826 -0.000634291 -0.000735283 -0.000168187 -0.000160504 -0.000155007 -0.000150734 -0.000147033 -0.000143469 -0.000139756 -0.000135711 -0.000131225 -0.00012624 -0.000120735 -0.00011472 -0.000108234 -0.000101339 -9.41316e-05 -8.67385e-05 -7.93294e-05 -7.2123e-05 -6.53976e-05 -5.95018e-05 -5.48666e-05 -5.20173e-05 -5.15832e-05 -5.43052e-05 -6.10371e-05 -7.27389e-05 -9.04569e-05 -0.000115288 -0.000148323 -0.000190565 -0.000242824 -0.000305585 -0.000378864 -0.000462049 -0.000553774 -0.000651817 -0.000753079 -0.00019415 -0.000190138 -0.000186726 -0.00018336 -0.000179708 -0.000175579 -0.000170873 -0.000165542 -0.000159575 -0.000152986 -0.000145805 -0.000138081 -0.00012988 -0.000121287 -0.000112416 -0.000103412 -9.44606e-05 -8.5799e-05 -7.77239e-05 -7.06042e-05 -6.4893e-05 -6.11375e-05 -5.99894e-05 -6.22098e-05 -6.86688e-05 -8.03364e-05 -9.826e-05 -0.000123526 -0.0001572 -0.000200247 -0.00025342 -0.000317137 -0.000391336 -0.00047533 -0.000567681 -0.000666116 -0.000767512 -0.00021299 -0.000213213 -0.000212106 -0.000209725 -0.000206166 -0.000201535 -0.000195934 -0.000189458 -0.000182193 -0.000174218 -0.000165609 -0.000156445 -0.000146815 -0.000136822 -0.000126593 -0.000116285 -0.000106097 -9.62786e-05 -8.71395e-05 -7.90641e-05 -7.25211e-05 -6.80742e-05 -6.63905e-05 -6.8245e-05 -7.45184e-05 -8.61859e-05 -0.000104293 -0.000129915 -0.000164097 -0.000207769 -0.000261641 -0.000326077 -0.000400956 -0.000485532 -0.000578318 -0.000677004 -0.000778453 -0.000225081 -0.000229015 -0.000229871 -0.000228314 -0.000224842 -0.000219825 -0.000213543 -0.000206204 -0.000197971 -0.000188973 -0.00017932 -0.000169113 -0.000158457 -0.000147465 -0.000136274 -0.000125049 -0.000113996 -0.000103373 -9.34993e-05 -8.47684e-05 -7.76594e-05 -7.27463e-05 -7.07061e-05 -7.23224e-05 -7.8482e-05 -9.01625e-05 -0.000108407 -0.000134281 -0.000168815 -0.000212913 -0.000267257 -0.000332172 -0.000407499 -0.000492452 -0.000585511 -0.000684343 -0.000785803 -0.000230946 -0.000237045 -0.000239026 -0.000237936 -0.000234514 -0.000229288 -0.000222635 -0.000214832 -0.000206081 -0.000196539 -0.000186334 -0.00017558 -0.000164387 -0.000152876 -0.000141186 -0.000129487 -0.000117989 -0.000106953 -9.67042e-05 -8.764e-05 -8.02445e-05 -7.50969e-05 -7.28789e-05 -7.4378e-05 -8.04839e-05 -9.2175e-05 -0.000110492 -0.000136498 -0.000171211 -0.000215526 -0.000270106 -0.000335261 -0.00041081 -0.000495948 -0.000589138 -0.000688036 -0.000789494 -0.000230946 -0.000237045 -0.000239026 -0.000237936 -0.000234514 -0.000229288 -0.000222635 -0.000214832 -0.000206081 -0.000196539 -0.000186334 -0.00017558 -0.000164387 -0.000152876 -0.000141186 -0.000129487 -0.000117989 -0.000106953 -9.67042e-05 -8.764e-05 -8.02445e-05 -7.50969e-05 -7.28789e-05 -7.4378e-05 -8.04839e-05 -9.2175e-05 -0.000110492 -0.000136498 -0.000171211 -0.000215526 -0.000270106 -0.000335261 -0.00041081 -0.000495948 -0.000589138 -0.000688036 -0.000789494 -0.000225081 -0.000229015 -0.000229871 -0.000228314 -0.000224842 -0.000219825 -0.000213543 -0.000206204 -0.000197971 -0.000188973 -0.00017932 -0.000169113 -0.000158457 -0.000147465 -0.000136274 -0.000125049 -0.000113996 -0.000103373 -9.34993e-05 -8.47684e-05 -7.76594e-05 -7.27463e-05 -7.07061e-05 -7.23224e-05 -7.8482e-05 -9.01625e-05 -0.000108407 -0.000134281 -0.000168815 -0.000212913 -0.000267257 -0.000332172 -0.000407499 -0.000492452 -0.000585511 -0.000684343 -0.000785803 -0.00021299 -0.000213213 -0.000212106 -0.000209725 -0.000206166 -0.000201535 -0.000195934 -0.000189458 -0.000182193 -0.000174218 -0.000165609 -0.000156445 -0.000146815 -0.000136822 -0.000126593 -0.000116285 -0.000106097 -9.62786e-05 -8.71395e-05 -7.90641e-05 -7.25211e-05 -6.80742e-05 -6.63905e-05 -6.8245e-05 -7.45184e-05 -8.61859e-05 -0.000104293 -0.000129915 -0.000164097 -0.000207769 -0.000261641 -0.000326077 -0.000400956 -0.000485532 -0.000578318 -0.000677004 -0.000778453 -0.00019415 -0.000190138 -0.000186726 -0.00018336 -0.000179708 -0.000175579 -0.000170873 -0.000165542 -0.000159575 -0.000152986 -0.000145805 -0.000138081 -0.00012988 -0.000121287 -0.000112416 -0.000103412 -9.44606e-05 -8.5799e-05 -7.77239e-05 -7.06042e-05 -6.4893e-05 -6.11375e-05 -5.99894e-05 -6.22098e-05 -6.86688e-05 -8.03364e-05 -9.826e-05 -0.000123526 -0.0001572 -0.000200247 -0.00025342 -0.000317137 -0.000391336 -0.00047533 -0.000567681 -0.000666116 -0.000767512 -0.000168187 -0.000160504 -0.000155007 -0.000150734 -0.000147033 -0.000143469 -0.000139756 -0.000135711 -0.000131225 -0.00012624 -0.000120735 -0.00011472 -0.000108234 -0.000101339 -9.41316e-05 -8.67385e-05 -7.93294e-05 -7.2123e-05 -6.53976e-05 -5.95018e-05 -5.48666e-05 -5.20173e-05 -5.15832e-05 -5.43052e-05 -6.10371e-05 -7.27389e-05 -9.04569e-05 -0.000115288 -0.000148323 -0.000190565 -0.000242824 -0.000305585 -0.000378864 -0.000462049 -0.000553774 -0.000651817 -0.000753079 -0.000135157 -0.00012521 -0.00011833 -0.000113462 -0.000109825 -0.000106849 -0.000104128 -0.000101378 -9.8408e-05 -9.50939e-05 -9.13646e-05 -8.71906e-05 -8.25775e-05 -7.75636e-05 -7.22199e-05 -6.66533e-05 -6.10118e-05 -5.54919e-05 -5.0348e-05 -4.59029e-05 -4.256e-05 -4.08156e-05 -4.12701e-05 -4.46367e-05 -5.17457e-05 -6.35403e-05 -8.10603e-05 -0.00010541 -0.000137703 -0.000178986 -0.000230133 -0.000291708 -0.000363818 -0.00044595 -0.000536826 -0.000634291 -0.000735283 -9.56946e-05 -8.53032e-05 -7.80424e-05 -7.30682e-05 -6.96758e-05 -6.73009e-05 -6.5505e-05 -6.39572e-05 -6.24147e-05 -6.07063e-05 -5.87183e-05 -5.63841e-05 -5.36774e-05 -5.06083e-05 -4.72219e-05 -4.36003e-05 -3.98665e-05 -3.61908e-05 -3.2799e-05 -2.99834e-05 -2.8114e-05 -2.76518e-05 -2.91609e-05 -3.33193e-05 -4.09253e-05 -5.28968e-05 -7.02588e-05 -9.41157e-05 -0.000125602 -0.000165805 -0.000215664 -0.000275833 -0.000346524 -0.000427337 -0.000517101 -0.000613753 -0.00071428 -5.09903e-05 -4.19309e-05 -3.53669e-05 -3.08618e-05 -2.79531e-05 -2.6206e-05 -2.52406e-05 -2.47406e-05 -2.44536e-05 -2.41861e-05 -2.37971e-05 -2.31911e-05 -2.23135e-05 -2.1147e-05 -1.97102e-05 -1.80585e-05 -1.62875e-05 -1.45381e-05 -1.30046e-05 -1.19441e-05 -1.16889e-05 -1.26589e-05 -1.5375e-05 -2.04719e-05 -2.8707e-05 -4.09628e-05 -5.82395e-05 -8.16321e-05 -0.000112286 -0.000151325 -0.000199752 -0.000258313 -0.000327334 -0.000406546 -0.000494904 -0.000590453 -0.000690254 -2.6273e-06 3.71092e-06 8.63303e-06 1.21068e-05 1.42676e-05 1.53354e-05 1.55595e-05 1.51839e-05 1.44282e-05 1.34784e-05 1.2483e-05 1.15534e-05 1.07651e-05 1.01586e-05 9.74026e-06 9.48074e-06 9.31274e-06 9.12578e-06 8.75939e-06 7.99373e-06 6.53833e-06 4.01889e-06 -3.67875e-08 -6.21258e-06 -1.52156e-05 -2.78827e-05 -4.51772e-05 -6.81719e-05 -9.80107e-05 -0.000135844 -0.000182731 -0.000239508 -0.00030662 -0.000383936 -0.00047056 -0.000564665 -0.000663409 4.76469e-05 5.04447e-05 5.30553e-05 5.50383e-05 5.62008e-05 5.65172e-05 5.60634e-05 5.49697e-05 5.33866e-05 5.14631e-05 4.93333e-05 4.71091e-05 4.48757e-05 4.26899e-05 4.05781e-05 3.85348e-05 3.65192e-05 3.44509e-05 3.22031e-05 2.95946e-05 2.6378e-05 2.22279e-05 1.67252e-05 9.34311e-06 -5.67059e-07 -1.37857e-05 -3.12264e-05 -5.39254e-05 -8.30099e-05 -0.000119641 -0.000164923 -0.000219772 -0.000284751 -0.000359877 -0.000444411 -0.000536682 -0.000633968 9.81457e-05 9.7177e-05 9.71467e-05 9.73427e-05 9.73103e-05 9.67971e-05 9.56988e-05 9.4011e-05 9.17903e-05 8.91251e-05 8.61144e-05 8.28537e-05 7.94254e-05 7.58928e-05 7.22957e-05 6.86471e-05 6.49293e-05 6.1089e-05 5.70319e-05 5.26138e-05 4.76309e-05 4.18072e-05 3.47795e-05 2.60826e-05 1.51331e-05 1.21673e-06 -1.65178e-05 -3.90543e-05 -6.74855e-05 -0.000102964 -0.00014662 -0.000199438 -0.000262089 -0.000334736 -0.000416809 -0.000506812 -0.000602171 0.000147415 0.000142956 0.000140289 0.000138592 0.000137251 0.000135844 0.000134111 0.000131914 0.000129205 0.000125998 0.000122339 0.000118292 0.000113923 0.000109292 0.000104443 9.94006e-05 9.41643e-05 8.87041e-05 8.29539e-05 7.68042e-05 7.00921e-05 6.25903e-05 5.39919e-05 4.38956e-05 3.1788e-05 1.70293e-05 -1.15784e-06 -2.36893e-05 -5.1604e-05 -8.60244e-05 -0.000128084 -0.000178812 -0.000238973 -0.000308869 -0.000388104 -0.000475369 -0.000568271 0.000194331 0.000187017 0.000181993 0.000178477 0.000175811 0.00017348 0.000171111 0.000168454 0.000165364 0.00016177 0.000157659 0.00015305 0.000147981 0.000142497 0.000136636 0.000130427 0.00012388 0.000116981 0.000109688 0.000101921 9.35549e-05 8.4407e-05 7.42255e-05 6.26725e-05 4.93076e-05 3.3571e-05 1.47692e-05 -7.93101e-06 -3.54954e-05 -6.89923e-05 -0.000109531 -0.00015816 -0.000215713 -0.000282613 -0.000358635 -0.000442671 -0.000532531 0.000238134 0.000228799 0.000221891 0.000216781 0.000212869 0.000209627 0.000206624 0.000203534 0.000200128 0.00019626 0.000191849 0.000186866 0.00018131 0.000175198 0.000168558 0.000161411 0.00015377 0.000145632 0.00013697 0.000127729 0.000117815 0.000107086 9.53408e-05 8.23033e-05 6.76055e-05 5.07709e-05 3.11973e-05 8.14642e-06 -1.92556e-05 -5.19986e-05 -9.1139e-05 -0.00013771 -0.000192584 -0.000256281 -0.000328732 -0.000409032 -0.000495219 0.000278414 0.000267953 0.000259736 0.000253361 0.000248362 0.000244268 0.000240648 0.000237138 0.000233452 0.000229381 0.000224782 0.000219571 0.000213704 0.000207165 0.000199958 0.000192091 0.000183572 0.000174399 0.000164556 0.000154004 0.000142673 0.000130456 0.000117197 0.000102677 8.65967e-05 6.85644e-05 4.80734e-05 2.44904e-05 -2.95039e-06 -3.51366e-05 -7.30407e-05 -0.000117646 -0.000169822 -0.000230152 -0.0002987 -0.000374758 -0.000456608 0.000315059 0.000304327 0.0002954 0.000288141 0.000282267 0.00027742 0.000273218 0.0002693 0.000265352 0.000261118 0.000256403 0.000251071 0.000245032 0.000238233 0.000230646 0.000222259 0.000213066 0.000203061 0.000192229 0.000180539 0.00016794 0.000154351 0.000139654 0.00012368 0.000106195 8.68897e-05 6.53532e-05 4.10643e-05 1.33788e-05 -1.84668e-05 -5.53309e-05 -9.81072e-05 -0.000147621 -0.000204473 -0.000268824 -0.000340146 -0.000416972 0.000348207 0.000337941 0.000328861 0.000321102 0.000314594 0.000309122 0.000304393 0.000300083 0.000295878 0.000291498 0.000286709 0.000281328 0.000275222 0.000268294 0.000260485 0.000251753 0.000242074 0.000231429 0.000219795 0.000207146 0.000193438 0.00017861 0.000162572 0.000145198 0.000126314 0.000105685 8.29961e-05 5.78415e-05 2.97087e-05 -2.02311e-06 -3.80694e-05 -7.9196e-05 -0.000126136 -0.000179454 -0.000239361 -0.000305478 -0.000376585 0.000378186 0.000368962 0.000360194 0.000352284 0.000345378 0.000339422 0.000334234 0.000329556 0.000325098 0.000320575 0.00031573 0.000310344 0.000304241 0.000297287 0.000289382 0.000280455 0.000270456 0.000259346 0.000247091 0.000233657 0.000219004 0.000203079 0.000185814 0.000167118 0.000146864 0.000124886 0.000100962 7.48008e-05 4.6028e-05 1.41808e-05 -2.12872e-05 -6.09767e-05 -0.000105479 -0.000155266 -0.000210538 -0.000271017 -0.000335717 0.000405466 0.000397666 0.000389553 0.000381775 0.000374679 0.000368377 0.000362806 0.00035779 0.000353083 0.000348415 0.000343518 0.000338147 0.000332093 0.000325183 0.000317281 0.000308282 0.000298105 0.000286688 0.000273977 0.000259926 0.00024449 0.000227617 0.000209252 0.000189325 0.000167752 0.000144427 0.00011921 9.19222e-05 6.23316e-05 3.01447e-05 -4.99339e-06 -4.3483e-05 -8.57254e-05 -0.000132041 -0.000182549 -0.000237008 -0.000294633 0.000430611 0.000424407 0.00041715 0.000409699 0.00040258 0.000396051 0.000390172 0.000384853 0.000379905 0.000375085 0.00037013 0.00036478 0.000358799 0.000351981 0.000344155 0.000335181 0.000324945 0.000313356 0.000300339 0.000285829 0.000269765 0.000252093 0.000232759 0.000211709 0.000188887 0.000164237 0.000137694 0.000109185 7.86172e-05 4.58762e-05 1.08178e-05 -2.67251e-05 -6.69185e-05 -0.000109873 -0.000155553 -0.000203675 -0.000253593 0.00045423 0.000449573 0.000443227 0.000436206 0.000429172 0.000422512 0.00041639 0.000410804 0.000405626 0.000400651 0.000395628 0.000390294 0.000384396 0.000377699 0.000369999 0.000361123 0.000350924 0.000339279 0.000326087 0.000311258 0.000294715 0.000276389 0.000256222 0.000234163 0.000210177 0.000184245 0.000156366 0.000126563 9.48814e-05 6.13864e-05 2.6161e-05 -1.06979e-05 -4.90746e-05 -8.88135e-05 -0.000129665 -0.00017121 -0.000212849 0.000476903 0.000473536 0.000468027 0.00046145 0.000454556 0.000447827 0.000441516 0.000435696 0.000430303 0.000425169 0.000420069 0.000414743 0.000408926 0.000402363 0.000394823 0.000386098 0.00037601 0.000364405 0.00035115 0.000336129 0.000319242 0.0003004 0.000279532 0.000256585 0.00023153 0.000204376 0.000175173 0.000144029 0.000111118 7.66869e-05 4.10553e-05 4.61205e-06 -3.21977e-05 -6.88888e-05 -0.000104943 -0.000139765 -0.000172634 0.000499062 0.000496578 0.000491746 0.000485567 0.000478824 0.00047206 0.000465598 0.000459575 0.000453981 0.000448692 0.000443507 0.000438177 0.000432435 0.00042601 0.000418646 0.000410109 0.000400189 0.0003887 0.000375476 0.000360374 0.000343263 0.000324034 0.000302595 0.000278879 0.000252859 0.000224555 0.000194058 0.000161549 0.000127318 9.17879e-05 5.55218e-05 1.9223e-05 -1.6288e-05 -5.01228e-05 -8.14021e-05 -0.000109342 -0.000133191 0.000520718 0.000518782 0.000514493 0.000508654 0.00050205 0.000495266 0.000488679 0.000482478 0.0004767 0.000471261 0.000465987 0.000460644 0.000454967 0.000448676 0.000441497 0.000433171 0.000423459 0.000412144 0.000399029 0.000383938 0.000366712 0.000347213 0.000325323 0.000300958 0.000274078 0.000244708 0.000212964 0.000179085 0.000143467 0.000106697 6.95828e-05 3.31573e-05 -1.34387e-06 -3.25552e-05 -5.91153e-05 -7.98776e-05 -9.40857e-05 0.00054602 0.000543288 0.000538296 0.000532086 0.000525357 0.000518586 0.000512061 0.000505916 0.000500154 0.000494676 0.000489308 0.000483822 0.000477957 0.00047144 0.000463999 0.000455371 0.000445308 0.000433583 0.000419984 0.000404319 0.000386412 0.000366111 0.000343289 0.000317859 0.000289789 0.000259128 0.00022604 0.000190842 0.000154052 0.000116431 7.90187e-05 4.31481e-05 1.04114e-05 -1.74343e-05 -3.86461e-05 -5.17543e-05 -5.59967e-05 0.000575515 0.000570638 0.000564092 0.000557074 0.000550093 0.000543402 0.000537101 0.000531185 0.000525564 0.000520085 0.000514549 0.000508724 0.00050236 0.000495199 0.000486985 0.000477471 0.00046642 0.000453607 0.000438824 0.000421879 0.000402595 0.000380822 0.000356442 0.000329386 0.000299653 0.000267347 0.000232709 0.000196167 0.000158385 0.000120315 8.32307e-05 4.87351e-05 1.87115e-05 -4.80206e-06 -1.98387e-05 -2.48457e-05 -1.92272e-05 0.000604696 0.000597594 0.000589994 0.000582556 0.000575533 0.000568986 0.000562873 0.000557088 0.00055148 0.000545862 0.000540023 0.000533735 0.000526759 0.000518853 0.000509775 0.00049929 0.00048717 0.000473195 0.00045716 0.000438871 0.000418155 0.000394867 0.0003689 0.000340206 0.000308825 0.000274913 0.000238794 0.000201007 0.000162362 0.000123991 8.73848e-05 5.43867e-05 2.71284e-05 7.86955e-06 -1.28044e-06 1.21524e-06 1.58415e-05 0.000633659 0.000624562 0.00061616 0.000608503 0.000601537 0.000595138 0.000589149 0.00058339 0.000577669 0.000571782 0.000565517 0.000558652 0.000550962 0.000542219 0.000532196 0.000520666 0.000507408 0.00049221 0.000474866 0.000455186 0.000433001 0.000408171 0.000380606 0.000350285 0.000317284 0.000281823 0.000244306 0.000205382 0.000166001 0.000127467 9.14679e-05 6.00589e-05 3.55795e-05 2.0461e-05 1.69073e-05 2.6458e-05 4.95473e-05 0.000661994 0.000651424 0.00064249 0.000634757 0.000627893 0.000621613 0.000615667 0.000609825 0.00060387 0.000597595 0.00059079 0.000583247 0.000574754 0.000565096 0.000554057 0.000541421 0.000526975 0.000510507 0.000491817 0.000470717 0.000447043 0.000420667 0.000391515 0.000359593 0.000325022 0.000288082 0.000249259 0.00020931 0.000169319 0.000130748 9.54624e-05 6.5703e-05 4.39817e-05 3.28638e-05 3.46233e-05 5.07915e-05 8.16483e-05 0.000689207 0.000677847 0.000668714 0.00066105 0.000654317 0.000648113 0.000642124 0.000636091 0.000629791 0.000623018 0.000615576 0.000607268 0.000597897 0.000587262 0.000575157 0.000561373 0.000545703 0.00052794 0.000507887 0.000485359 0.0004602 0.000432293 0.000401584 0.00036811 0.000332035 0.0002937 0.000253673 0.000212814 0.000172332 0.000133835 9.93454e-05 7.1265e-05 5.22478e-05 4.49631e-05 5.17276e-05 7.40219e-05 0.000111937 0.000714824 0.000703422 0.00069447 0.000687034 0.000680461 0.000674287 0.000668171 0.000661849 0.000655103 0.000647741 0.000639581 0.000630442 0.00062014 0.000608485 0.000595282 0.000580329 0.000563423 0.000544362 0.00052295 0.00049901 0.000472392 0.000442994 0.000410781 0.000375822 0.000338327 0.000298695 0.000257572 0.000215917 0.000175055 0.000136724 0.000103088 7.66841e-05 6.02819e-05 5.66271e-05 6.80482e-05 9.59445e-05 0.000140204 0.000738443 0.000727739 0.000719351 0.000712303 0.00070592 0.000699735 0.000693419 0.000686723 0.000679451 0.000671429 0.000662493 0.000652478 0.000641215 0.000628523 0.000614215 0.000598096 0.000579966 0.000559627 0.000536888 0.000511576 0.00048355 0.000452722 0.000419081 0.000382725 0.000343907 0.000303086 0.000260982 0.000218642 0.000177499 0.000139408 0.000106656 8.18913e-05 6.79775e-05 6.77096e-05 8.34026e-05 0.000116355 0.000166256 0.000759743 0.000750405 0.000742929 0.000736413 0.000730248 0.00072402 0.000717445 0.000710312 0.000702456 0.000693728 0.000683985 0.000673078 0.000660849 0.000647129 0.000631735 0.000614479 0.000595164 0.000573595 0.000549585 0.000522968 0.000493611 0.00046144 0.000426466 0.000388818 0.000348792 0.000306898 0.000263928 0.00022101 0.000179673 0.000141876 0.000110006 8.68104e-05 7.52198e-05 7.80579e-05 9.76074e-05 0.000135059 0.000189909 0.000778493 0.000771065 0.000764775 0.000758902 0.000752973 0.000746677 0.000739802 0.000732194 0.000723725 0.000714276 0.000703725 0.000691939 0.000678771 0.000664059 0.000647628 0.000629293 0.000608859 0.000586136 0.000560939 0.000533107 0.00050252 0.000469116 0.000432926 0.000394109 0.000352999 0.000310158 0.000266438 0.000223043 0.000181583 0.000144108 0.000113094 9.13598e-05 8.18901e-05 8.75189e-05 0.000110485 0.00015187 0.000210995 0.000794549 0.0007894 0.000784468 0.000779299 0.000773612 0.000767232 0.00076004 0.000751945 0.000742866 0.000732713 0.000721385 0.000708764 0.000694714 0.000679079 0.000661689 0.00064236 0.000620903 0.000597127 0.000570853 0.000541926 0.000510232 0.000475725 0.000438455 0.000398607 0.00035655 0.00031289 0.000268537 0.000224756 0.000183231 0.000146086 0.000115867 9.54561e-05 8.7871e-05 9.59454e-05 0.000121869 0.00016662 0.000229364 0.000807847 0.00080513 0.000801606 0.000797147 0.000791693 0.000785221 0.000777716 0.000769154 0.000759499 0.000748693 0.000736653 0.000723275 0.000708431 0.00069197 0.000673727 0.000653519 0.00063116 0.00060646 0.000579245 0.000549363 0.00051671 0.000481251 0.000443053 0.000402325 0.000359466 0.000315123 0.000270248 0.000226165 0.000184615 0.000147784 0.000118276 9.90179e-05 9.30508e-05 0.0001032 0.000131608 0.000179158 0.000244883 0.000818385 0.000818014 0.000815822 0.000812018 0.000806772 0.000800211 0.00079242 0.00078344 0.000773278 0.000761901 0.000749246 0.000735219 0.000719698 0.000702538 0.000683574 0.000662629 0.000639513 0.000614043 0.000586044 0.000555371 0.000521925 0.000485682 0.000446724 0.000405278 0.00036177 0.000316877 0.000271592 0.00022728 0.000185731 0.000149179 0.000120272 0.00010197 9.73286e-05 0.000109162 0.000139568 0.000189352 0.000257437 0.000826205 0.000827857 0.000826793 0.000823536 0.000818458 0.000811821 0.000803792 0.000794472 0.000783899 0.000772065 0.00075892 0.000744379 0.000728325 0.000710617 0.000691091 0.000669569 0.000645867 0.000619798 0.000591193 0.00055991 0.000525854 0.00048901 0.000449471 0.000407479 0.00036348 0.000318175 0.000272585 0.00022811 0.000186574 0.000150248 0.000121811 0.000104246 0.000100618 0.000113728 0.000145639 0.000197095 0.000266935 0.00083137 0.000834505 0.00083426 0.000831395 0.000826436 0.000819742 0.000811544 0.000801982 0.000791121 0.000778968 0.000765482 0.000750585 0.000734163 0.000716077 0.000696165 0.000674249 0.000650145 0.000623668 0.000594651 0.000562951 0.000528482 0.000491231 0.000451299 0.000408939 0.00036461 0.00031903 0.00027324 0.00022866 0.00018714 0.000150972 0.000122858 0.000105794 0.00010285 0.000116818 0.000149735 0.000202303 0.000273307 0.000833935 0.000837855 0.000838041 0.00083538 0.000830483 0.000823758 0.000815472 0.000805785 0.000794775 0.000782458 0.000768798 0.000753718 0.000737109 0.00071883 0.000698721 0.000676605 0.000652296 0.000625613 0.000596386 0.000564477 0.000529798 0.000492341 0.000452211 0.000409667 0.000365173 0.000319455 0.000273565 0.000228934 0.000187424 0.000151338 0.000123388 0.000106578 0.000103978 0.000118377 0.000151798 0.000204922 0.000276505 0.000833935 0.000837855 0.000838041 0.00083538 0.000830483 0.000823758 0.000815472 0.000805785 0.000794775 0.000782458 0.000768798 0.000753718 0.000737109 0.00071883 0.000698721 0.000676605 0.000652296 0.000625613 0.000596386 0.000564477 0.000529798 0.000492341 0.000452211 0.000409667 0.000365173 0.000319455 0.000273565 0.000228934 0.000187424 0.000151338 0.000123388 0.000106578 0.000103978 0.000118377 0.000151798 0.000204922 0.000276505 0.00083137 0.000834505 0.00083426 0.000831395 0.000826436 0.000819742 0.000811544 0.000801982 0.000791121 0.000778968 0.000765482 0.000750585 0.000734163 0.000716077 0.000696165 0.000674249 0.000650145 0.000623668 0.000594651 0.000562951 0.000528482 0.000491231 0.000451299 0.000408939 0.00036461 0.00031903 0.00027324 0.00022866 0.00018714 0.000150972 0.000122858 0.000105794 0.00010285 0.000116818 0.000149735 0.000202303 0.000273307 0.000826205 0.000827857 0.000826793 0.000823536 0.000818458 0.000811821 0.000803792 0.000794472 0.000783899 0.000772065 0.00075892 0.000744379 0.000728325 0.000710617 0.000691091 0.000669569 0.000645867 0.000619798 0.000591193 0.00055991 0.000525854 0.00048901 0.000449471 0.000407479 0.00036348 0.000318175 0.000272585 0.00022811 0.000186574 0.000150248 0.000121811 0.000104246 0.000100618 0.000113728 0.000145639 0.000197095 0.000266935 0.000818385 0.000818014 0.000815822 0.000812018 0.000806772 0.000800211 0.00079242 0.00078344 0.000773278 0.000761901 0.000749246 0.000735219 0.000719698 0.000702538 0.000683574 0.000662629 0.000639513 0.000614043 0.000586044 0.000555371 0.000521925 0.000485682 0.000446724 0.000405278 0.00036177 0.000316877 0.000271592 0.00022728 0.000185731 0.000149179 0.000120272 0.00010197 9.73286e-05 0.000109162 0.000139568 0.000189352 0.000257437 0.000807847 0.00080513 0.000801606 0.000797147 0.000791693 0.000785221 0.000777716 0.000769154 0.000759499 0.000748693 0.000736653 0.000723275 0.000708431 0.00069197 0.000673727 0.000653519 0.00063116 0.00060646 0.000579245 0.000549363 0.00051671 0.000481251 0.000443053 0.000402325 0.000359466 0.000315123 0.000270248 0.000226165 0.000184615 0.000147784 0.000118276 9.90179e-05 9.30508e-05 0.0001032 0.000131608 0.000179158 0.000244883 0.000794549 0.0007894 0.000784468 0.000779299 0.000773612 0.000767232 0.00076004 0.000751945 0.000742866 0.000732713 0.000721385 0.000708764 0.000694714 0.000679079 0.000661689 0.00064236 0.000620903 0.000597127 0.000570853 0.000541926 0.000510232 0.000475725 0.000438455 0.000398607 0.00035655 0.00031289 0.000268537 0.000224756 0.000183231 0.000146086 0.000115867 9.54561e-05 8.7871e-05 9.59454e-05 0.000121869 0.00016662 0.000229364 0.000778493 0.000771065 0.000764775 0.000758902 0.000752973 0.000746677 0.000739802 0.000732194 0.000723725 0.000714276 0.000703725 0.000691939 0.000678771 0.000664059 0.000647628 0.000629293 0.000608859 0.000586136 0.000560939 0.000533107 0.00050252 0.000469116 0.000432926 0.000394109 0.000352999 0.000310158 0.000266438 0.000223043 0.000181583 0.000144108 0.000113094 9.13598e-05 8.18901e-05 8.75189e-05 0.000110485 0.00015187 0.000210995 0.000759743 0.000750405 0.000742929 0.000736413 0.000730248 0.00072402 0.000717445 0.000710312 0.000702456 0.000693728 0.000683985 0.000673078 0.000660849 0.000647129 0.000631735 0.000614479 0.000595164 0.000573595 0.000549585 0.000522968 0.000493611 0.00046144 0.000426466 0.000388818 0.000348792 0.000306898 0.000263928 0.00022101 0.000179673 0.000141876 0.000110006 8.68104e-05 7.52198e-05 7.80579e-05 9.76074e-05 0.000135059 0.000189909 0.000738443 0.000727739 0.000719351 0.000712303 0.00070592 0.000699735 0.000693419 0.000686723 0.000679451 0.000671429 0.000662493 0.000652478 0.000641215 0.000628523 0.000614215 0.000598096 0.000579966 0.000559627 0.000536888 0.000511576 0.00048355 0.000452722 0.000419081 0.000382725 0.000343907 0.000303086 0.000260982 0.000218642 0.000177499 0.000139408 0.000106656 8.18913e-05 6.79775e-05 6.77096e-05 8.34026e-05 0.000116355 0.000166256 0.000714824 0.000703422 0.00069447 0.000687034 0.000680461 0.000674287 0.000668171 0.000661849 0.000655103 0.000647741 0.000639581 0.000630442 0.00062014 0.000608485 0.000595282 0.000580329 0.000563423 0.000544362 0.00052295 0.00049901 0.000472392 0.000442994 0.000410781 0.000375822 0.000338327 0.000298695 0.000257572 0.000215917 0.000175055 0.000136724 0.000103088 7.66841e-05 6.02819e-05 5.66271e-05 6.80482e-05 9.59445e-05 0.000140204 0.000689207 0.000677847 0.000668714 0.00066105 0.000654317 0.000648113 0.000642124 0.000636091 0.000629791 0.000623018 0.000615576 0.000607268 0.000597897 0.000587262 0.000575157 0.000561373 0.000545703 0.00052794 0.000507887 0.000485359 0.0004602 0.000432293 0.000401584 0.00036811 0.000332035 0.0002937 0.000253673 0.000212814 0.000172332 0.000133835 9.93454e-05 7.1265e-05 5.22478e-05 4.49631e-05 5.17276e-05 7.40219e-05 0.000111937 0.000661994 0.000651424 0.00064249 0.000634757 0.000627893 0.000621613 0.000615667 0.000609825 0.00060387 0.000597595 0.00059079 0.000583247 0.000574754 0.000565096 0.000554057 0.000541421 0.000526975 0.000510507 0.000491817 0.000470717 0.000447043 0.000420667 0.000391515 0.000359593 0.000325022 0.000288082 0.000249259 0.00020931 0.000169319 0.000130748 9.54624e-05 6.5703e-05 4.39817e-05 3.28638e-05 3.46233e-05 5.07915e-05 8.16483e-05 0.000633659 0.000624562 0.00061616 0.000608503 0.000601537 0.000595138 0.000589149 0.00058339 0.000577669 0.000571782 0.000565517 0.000558652 0.000550962 0.000542219 0.000532196 0.000520666 0.000507408 0.00049221 0.000474866 0.000455186 0.000433001 0.000408171 0.000380606 0.000350285 0.000317284 0.000281823 0.000244306 0.000205382 0.000166001 0.000127467 9.14679e-05 6.00589e-05 3.55795e-05 2.0461e-05 1.69073e-05 2.6458e-05 4.95473e-05 0.000604696 0.000597594 0.000589994 0.000582556 0.000575533 0.000568986 0.000562873 0.000557088 0.00055148 0.000545862 0.000540023 0.000533735 0.000526759 0.000518853 0.000509775 0.00049929 0.00048717 0.000473195 0.00045716 0.000438871 0.000418155 0.000394867 0.0003689 0.000340206 0.000308825 0.000274913 0.000238794 0.000201007 0.000162362 0.000123991 8.73848e-05 5.43867e-05 2.71284e-05 7.86955e-06 -1.28044e-06 1.21524e-06 1.58415e-05 0.000575515 0.000570638 0.000564092 0.000557074 0.000550093 0.000543402 0.000537101 0.000531185 0.000525564 0.000520085 0.000514549 0.000508724 0.00050236 0.000495199 0.000486985 0.000477471 0.00046642 0.000453607 0.000438824 0.000421879 0.000402595 0.000380822 0.000356442 0.000329386 0.000299653 0.000267347 0.000232709 0.000196167 0.000158385 0.000120315 8.32307e-05 4.87351e-05 1.87115e-05 -4.80206e-06 -1.98387e-05 -2.48457e-05 -1.92272e-05 0.00054602 0.000543288 0.000538296 0.000532086 0.000525357 0.000518586 0.000512061 0.000505916 0.000500154 0.000494676 0.000489308 0.000483822 0.000477957 0.00047144 0.000463999 0.000455371 0.000445308 0.000433583 0.000419984 0.000404319 0.000386412 0.000366111 0.000343289 0.000317859 0.000289789 0.000259128 0.00022604 0.000190842 0.000154052 0.000116431 7.90187e-05 4.31481e-05 1.04114e-05 -1.74343e-05 -3.86461e-05 -5.17543e-05 -5.59967e-05 
Eps_phiphi 1 5920 float
0.00010441 0.000111359 0.000121855 0.000133652 0.000145219 0.000155584 0.000164217 0.000170927 0.000175766 0.000178962 0.000180858 0.000181853 0.000182369 0.000182816 0.000183567 0.00018495 0.000187238 0.000190648 0.000195349 0.000201462 0.000209063 0.000218192 0.000228845 0.000240975 0.00025448 0.000269189 0.000284845 0.000301082 0.0003174 0.000333145 0.000347504 0.000359507 0.000368077 0.000372113 0.000370639 0.000363022 0.000348921 0.000128208 0.000137238 0.000148724 0.000160704 0.000171914 0.000181603 0.000189419 0.000195304 0.000199413 0.000202045 0.000203588 0.000204464 0.000205096 0.000205881 0.00020717 0.000209261 0.000212396 0.000216768 0.000222521 0.00022976 0.000238556 0.000248951 0.000260958 0.000274559 0.000289704 0.000306296 0.000324188 0.00034316 0.000362919 0.000383076 0.000403155 0.000422593 0.000440771 0.000457055 0.000470866 0.00048171 0.000489011 0.000154193 0.000165096 0.000177332 0.000189285 0.000199966 0.000208853 0.000215767 0.000220786 0.000224167 0.000226274 0.000227534 0.00022838 0.000229229 0.000230455 0.00023238 0.000235269 0.000239334 0.000244737 0.000251604 0.000260027 0.000270075 0.000281797 0.00029523 0.000310395 0.000327298 0.000345927 0.00036625 0.000388206 0.000411703 0.000436617 0.000462787 0.00049002 0.000518092 0.000546743 0.000575654 0.00060437 0.000632351 0.000182552 0.000195044 0.000207749 0.000219429 0.00022939 0.000237335 0.000243265 0.000247393 0.000250068 0.000251715 0.000252783 0.000253709 0.000254889 0.000256668 0.000259332 0.00026311 0.00026818 0.00027468 0.000282717 0.000292374 0.000303725 0.000316833 0.000331762 0.000348581 0.000367362 0.000388184 0.000411137 0.00043632 0.000463844 0.000493834 0.000526421 0.000561738 0.000599885 0.000640883 0.000684582 0.00073057 0.000778138 0.000213557 0.000227224 0.000240041 0.00025116 0.000260181 0.000267041 0.000271917 0.00027515 0.000277172 0.000278449 0.000279443 0.000280575 0.000282212 0.000284661 0.000288166 0.000292918 0.000299063 0.000306717 0.00031597 0.000326905 0.000339602 0.000354147 0.000370642 0.000389205 0.000409983 0.000433153 0.00045893 0.000487575 0.000519396 0.000554747 0.000594024 0.000637631 0.000685927 0.000739131 0.000797193 0.000859649 0.00092546 0.000247473 0.000261765 0.000274253 0.000284472 0.000292318 0.000297955 0.000301731 0.000304097 0.000305549 0.000306579 0.000307637 0.000309118 0.000311346 0.000314582 0.000319024 0.000324827 0.000332106 0.000340956 0.000351461 0.000363706 0.000377785 0.000393814 0.000411936 0.00043233 0.000455221 0.00048089 0.00050968 0.000542007 0.000578365 0.000619322 0.000665495 0.000717511 0.00077592 0.000841066 0.000912913 0.000990843 0.00107341 0.000284499 0.000298741 0.000310381 0.000319324 0.000325756 0.000330055 0.000332718 0.000334285 0.000335291 0.000336225 0.000337509 0.00033949 0.000342443 0.000346576 0.000352042 0.000358957 0.000367413 0.000377489 0.000389267 0.000402841 0.000418329 0.000435879 0.000455684 0.000477991 0.000503106 0.000531416 0.000563391 0.000599598 0.000640701 0.000687451 0.000740653 0.000801104 0.000869477 0.000946166 0.00103107 0.00112333 0.00122107 0.00032473 0.000338135 0.000348349 0.000355627 0.000360425 0.000363312 0.000364902 0.000365788 0.000366509 0.000367526 0.00036921 0.000371848 0.000375653 0.00038078 0.000387337 0.000395408 0.000405064 0.000416377 0.000429433 0.000444342 0.000461251 0.00048035 0.000501888 0.000526179 0.000553619 0.000584699 0.000620012 0.000660265 0.000706274 0.000758945 0.00081923 0.000888038 0.000966107 0.00105381 0.0011509 0.00125624 0.00136752 0.000368109 0.000379811 0.000387992 0.000393236 0.000396233 0.0003977 0.000398319 0.000398694 0.000399332 0.000400632 0.000402896 0.000406339 0.000411109 0.000417306 0.000424999 0.000434244 0.000445101 0.000457639 0.000471958 0.000488193 0.000506523 0.000527187 0.000550493 0.000576831 0.000606683 0.000640643 0.00067942 0.000723846 0.000774869 0.000833518 0.000900848 0.000977832 0.00106521 0.00116326 0.00127156 0.00138865 0.0015118 0.000414382 0.000423475 0.000429043 0.000431952 0.000433069 0.000433195 0.000433022 0.000433112 0.000433898 0.000435693 0.000438711 0.000443089 0.00044891 0.000456223 0.000465066 0.000475475 0.000487505 0.000501235 0.000516783 0.000534314 0.000554051 0.000576283 0.000601382 0.000629812 0.000662144 0.000699067 0.000741398 0.00079008 0.000846163 0.000910769 0.000985013 0.00106988 0.00116607 0.00127371 0.00139214 0.00151961 0.00165298 0.000463046 0.000468661 0.00047113 0.000471527 0.000470811 0.000469783 0.000469075 0.000469153 0.000470338 0.000472836 0.000476763 0.000482177 0.000489099 0.000497539 0.000507509 0.000519038 0.000532185 0.000547047 0.000563768 0.000582551 0.000603663 0.00062745 0.000654349 0.000684899 0.000719754 0.000759694 0.000805628 0.00085859 0.000919712 0.000990171 0.0010711 0.00116347 0.00126785 0.00138422 0.00151168 0.00164812 0.00179011 0.000513302 0.000514709 0.000513778 0.000511673 0.00050933 0.000507455 0.000506544 0.000506917 0.000508756 0.000512144 0.000517099 0.000523605 0.000531634 0.000541167 0.000552202 0.000564774 0.000578953 0.000594862 0.00061268 0.000632649 0.000655088 0.000680401 0.000709089 0.000741764 0.000779156 0.000822127 0.000871664 0.000928873 0.000994938 0.00107106 0.00115836 0.00125773 0.00136962 0.00149381 0.00162912 0.00177319 0.00192225 0.000564025 0.000560775 0.000556429 0.000552076 0.000548496 0.000546197 0.000545475 0.000546463 0.000549189 0.000553612 0.000559663 0.000567266 0.000576357 0.000586902 0.000598901 0.000612402 0.0006275 0.000644349 0.000663166 0.00068424 0.000707942 0.000734732 0.000765176 0.000799952 0.000839863 0.000885836 0.000938925 0.00100028 0.00107112 0.00115263 0.0012459 0.00135171 0.00147035 0.00160139 0.00174341 0.00189377 0.00204848 0.000613764 0.000605861 0.000598468 0.00059241 0.000588169 0.000585968 0.000585855 0.000587762 0.000591562 0.000597109 0.000604261 0.000612903 0.000622957 0.000634388 0.000647212 0.000661498 0.000677376 0.000695037 0.000714739 0.00073682 0.000761703 0.000789904 0.000822048 0.000858874 0.000901245 0.000950147 0.00100668 0.00107202 0.00114738 0.00123394 0.00133269 0.0014443 0.00156889 0.00170582 0.00185343 0.00200885 0.00216789 0.000660799 0.00064887 0.000639259 0.000632337 0.000628173 0.000626654 0.000627562 0.000630641 0.000635636 0.00064232 0.00065051 0.000660075 0.000670941 0.00068309 0.000696567 0.000711472 0.000727973 0.000746302 0.000766763 0.00078974 0.000815706 0.000845232 0.000878994 0.000917788 0.000962525 0.00101423 0.00107404 0.00114313 0.00122271 0.0013139 0.0014176 0.00153433 0.00166406 0.00180592 0.00195805 0.0021174 0.00227962 0.000703282 0.000688702 0.000678185 0.000671501 0.00066826 0.000668009 0.000670299 0.000674726 0.000680951 0.000688707 0.000697802 0.000708117 0.000719603 0.000732274 0.00074621 0.000761553 0.00077851 0.000797357 0.000818441 0.000842194 0.000869134 0.00089988 0.000935157 0.000975803 0.00102277 0.00107711 0.00113997 0.00121253 0.00129597 0.00139131 0.00149937 0.00162054 0.00175459 0.00190048 0.00205617 0.00221844 0.00238283 0.000739453 0.00072437 0.000714668 0.000709498 0.000708045 0.000709589 0.000713526 0.000719376 0.000726774 0.000735461 0.000745273 0.000756127 0.000768015 0.000780995 0.000795191 0.000810788 0.000828035 0.000847249 0.000868822 0.000893225 0.000921021 0.000952868 0.000989531 0.00103188 0.0010809 0.00113767 0.00120332 0.00127901 0.00136588 0.00146488 0.0015767 0.00170161 0.00183921 0.00198831 0.00214669 0.002311 0.00247675 0.000767936 0.000755114 0.00074819 0.000745828 0.000746941 0.00075068 0.000756403 0.000763641 0.000772072 0.000781492 0.000791796 0.000802959 0.000815027 0.00082811 0.000842377 0.000858057 0.00087544 0.000894882 0.000916814 0.000941743 0.000970269 0.00100308 0.00104099 0.00108487 0.00113574 0.00119468 0.0012628 0.00134126 0.00143111 0.00153324 0.00164824 0.00177622 0.00191667 0.00206822 0.00222854 0.00239419 0.00256064 0.000788057 0.000780506 0.000778272 0.00077984 0.000784098 0.000790253 0.000797758 0.000806251 0.000815515 0.00082544 0.000836005 0.000847256 0.000859303 0.000872306 0.000886483 0.000902102 0.000919492 0.000939043 0.000961217 0.000986555 0.00101569 0.00104933 0.00108831 0.00113353 0.00118602 0.00124684 0.00131711 0.00139793 0.0014903 0.00159505 0.00171264 0.00184308 0.00198573 0.0021391 0.00230075 0.00246718 0.00263385 0.000800092 0.000800491 0.000804452 0.000810698 0.000818384 0.000826966 0.000836116 0.000845659 0.000855527 0.000865734 0.000876353 0.000887511 0.000899378 0.000912167 0.000926137 0.000941591 0.000958892 0.000978458 0.00100078 0.00102642 0.00105603 0.00109036 0.00113024 0.0011766 0.00123044 0.00129285 0.0013649 0.00144768 0.00154212 0.00164897 0.00176862 0.00190096 0.00204525 0.00219991 0.00236241 0.00252923 0.00269579 0.000805344 0.000815368 0.000826258 0.000837388 0.000848428 0.000859235 0.000869786 0.000880136 0.00089039 0.000900693 0.000911217 0.000922162 0.000933755 0.000946254 0.000959954 0.000975189 0.000992346 0.00101187 0.00103426 0.00106012 0.0010901 0.00112497 0.00116556 0.00121283 0.00126777 0.00133144 0.00140493 0.00148925 0.0015853 0.00169378 0.00181499 0.00194874 0.00209421 0.00224974 0.00241275 0.00257968 0.00274597 0.000805956 0.000825687 0.000843205 0.000858786 0.000872741 0.000885384 0.000897019 0.000907932 0.000918396 0.000928674 0.000939026 0.000949713 0.000961011 0.000973214 0.000986642 0.00100165 0.00101865 0.0010381 0.00106053 0.00108652 0.00111677 0.00115203 0.00119317 0.00124111 0.00129688 0.0013615 0.00143605 0.00152151 0.00161875 0.00172841 0.00185073 0.00198548 0.00213174 0.00228782 0.00245111 0.002618 0.00278397 0.000804439 0.000832088 0.000854827 0.000873799 0.000889903 0.000903849 0.000916215 0.000927474 0.00093803 0.000948236 0.000958417 0.00096888 0.000979933 0.000991895 0.00100511 0.00101994 0.00103681 0.00105619 0.00107862 0.00110469 0.00113511 0.00117063 0.00121213 0.00126053 0.00131684 0.00138209 0.00145734 0.00154356 0.00164158 0.001752 0.00187503 0.0020104 0.00215716 0.00231356 0.00247697 0.00264378 0.00280948 0.000803024 0.000835128 0.000860745 0.000881552 0.000898794 0.000913415 0.000926147 0.000937568 0.000948153 0.000958304 0.000968381 0.000978715 0.00098963 0.00100146 0.00101455 0.00102928 0.00104608 0.00106542 0.00108784 0.00111396 0.00114445 0.00118011 0.00122178 0.00127041 0.00132699 0.00139256 0.00146816 0.00155475 0.00165315 0.00176395 0.00188733 0.002023 0.00216998 0.00232653 0.00248998 0.00265674 0.00282229 0.000803024 0.000835128 0.000860745 0.000881552 0.000898794 0.000913415 0.000926147 0.000937568 0.000948153 0.000958304 0.000968381 0.000978715 0.00098963 0.00100146 0.00101455 0.00102928 0.00104608 0.00106542 0.00108784 0.00111396 0.00114445 0.00118011 0.00122178 0.00127041 0.00132699 0.00139256 0.00146816 0.00155475 0.00165315 0.00176395 0.00188733 0.002023 0.00216998 0.00232653 0.00248998 0.00265674 0.00282229 0.000804439 0.000832088 0.000854827 0.000873799 0.000889903 0.000903849 0.000916215 0.000927474 0.00093803 0.000948236 0.000958417 0.00096888 0.000979933 0.000991895 0.00100511 0.00101994 0.00103681 0.00105619 0.00107862 0.00110469 0.00113511 0.00117063 0.00121213 0.00126053 0.00131684 0.00138209 0.00145734 0.00154356 0.00164158 0.001752 0.00187503 0.0020104 0.00215716 0.00231356 0.00247697 0.00264378 0.00280948 0.000805956 0.000825687 0.000843205 0.000858786 0.000872741 0.000885384 0.000897019 0.000907932 0.000918396 0.000928674 0.000939026 0.000949713 0.000961011 0.000973214 0.000986642 0.00100165 0.00101865 0.0010381 0.00106053 0.00108652 0.00111677 0.00115203 0.00119317 0.00124111 0.00129688 0.0013615 0.00143605 0.00152151 0.00161875 0.00172841 0.00185073 0.00198548 0.00213174 0.00228782 0.00245111 0.002618 0.00278397 0.000805344 0.000815368 0.000826258 0.000837388 0.000848428 0.000859235 0.000869786 0.000880136 0.00089039 0.000900693 0.000911217 0.000922162 0.000933755 0.000946254 0.000959954 0.000975189 0.000992346 0.00101187 0.00103426 0.00106012 0.0010901 0.00112497 0.00116556 0.00121283 0.00126777 0.00133144 0.00140493 0.00148925 0.0015853 0.00169378 0.00181499 0.00194874 0.00209421 0.00224974 0.00241275 0.00257968 0.00274597 0.000800092 0.000800491 0.000804452 0.000810698 0.000818384 0.000826966 0.000836116 0.000845659 0.000855527 0.000865734 0.000876353 0.000887511 0.000899378 0.000912167 0.000926137 0.000941591 0.000958892 0.000978458 0.00100078 0.00102642 0.00105603 0.00109036 0.00113024 0.0011766 0.00123044 0.00129285 0.0013649 0.00144768 0.00154212 0.00164897 0.00176862 0.00190096 0.00204525 0.00219991 0.00236241 0.00252923 0.00269579 0.000788057 0.000780506 0.000778272 0.00077984 0.000784098 0.000790253 0.000797758 0.000806251 0.000815515 0.00082544 0.000836005 0.000847256 0.000859303 0.000872306 0.000886483 0.000902102 0.000919492 0.000939043 0.000961217 0.000986555 0.00101569 0.00104933 0.00108831 0.00113353 0.00118602 0.00124684 0.00131711 0.00139793 0.0014903 0.00159505 0.00171264 0.00184308 0.00198573 0.0021391 0.00230075 0.00246718 0.00263385 0.000767936 0.000755114 0.00074819 0.000745828 0.000746941 0.00075068 0.000756403 0.000763641 0.000772072 0.000781492 0.000791796 0.000802959 0.000815027 0.00082811 0.000842377 0.000858057 0.00087544 0.000894882 0.000916814 0.000941743 0.000970269 0.00100308 0.00104099 0.00108487 0.00113574 0.00119468 0.0012628 0.00134126 0.00143111 0.00153324 0.00164824 0.00177622 0.00191667 0.00206822 0.00222854 0.00239419 0.00256064 0.000739453 0.00072437 0.000714668 0.000709498 0.000708045 0.000709589 0.000713526 0.000719376 0.000726774 0.000735461 0.000745273 0.000756127 0.000768015 0.000780995 0.000795191 0.000810788 0.000828035 0.000847249 0.000868822 0.000893225 0.000921021 0.000952868 0.000989531 0.00103188 0.0010809 0.00113767 0.00120332 0.00127901 0.00136588 0.00146488 0.0015767 0.00170161 0.00183921 0.00198831 0.00214669 0.002311 0.00247675 0.000703282 0.000688702 0.000678185 0.000671501 0.00066826 0.000668009 0.000670299 0.000674726 0.000680951 0.000688707 0.000697802 0.000708117 0.000719603 0.000732274 0.00074621 0.000761553 0.00077851 0.000797357 0.000818441 0.000842194 0.000869134 0.00089988 0.000935157 0.000975803 0.00102277 0.00107711 0.00113997 0.00121253 0.00129597 0.00139131 0.00149937 0.00162054 0.00175459 0.00190048 0.00205617 0.00221844 0.00238283 0.000660799 0.00064887 0.000639259 0.000632337 0.000628173 0.000626654 0.000627562 0.000630641 0.000635636 0.00064232 0.00065051 0.000660075 0.000670941 0.00068309 0.000696567 0.000711472 0.000727973 0.000746302 0.000766763 0.00078974 0.000815706 0.000845232 0.000878994 0.000917788 0.000962525 0.00101423 0.00107404 0.00114313 0.00122271 0.0013139 0.0014176 0.00153433 0.00166406 0.00180592 0.00195805 0.0021174 0.00227962 0.000613764 0.000605861 0.000598468 0.00059241 0.000588169 0.000585968 0.000585855 0.000587762 0.000591562 0.000597109 0.000604261 0.000612903 0.000622957 0.000634388 0.000647212 0.000661498 0.000677376 0.000695037 0.000714739 0.00073682 0.000761703 0.000789904 0.000822048 0.000858874 0.000901245 0.000950147 0.00100668 0.00107202 0.00114738 0.00123394 0.00133269 0.0014443 0.00156889 0.00170582 0.00185343 0.00200885 0.00216789 0.000564025 0.000560775 0.000556429 0.000552076 0.000548496 0.000546197 0.000545475 0.000546463 0.000549189 0.000553612 0.000559663 0.000567266 0.000576357 0.000586902 0.000598901 0.000612402 0.0006275 0.000644349 0.000663166 0.00068424 0.000707942 0.000734732 0.000765176 0.000799952 0.000839863 0.000885836 0.000938925 0.00100028 0.00107112 0.00115263 0.0012459 0.00135171 0.00147035 0.00160139 0.00174341 0.00189377 0.00204848 0.000513302 0.000514709 0.000513778 0.000511673 0.00050933 0.000507455 0.000506544 0.000506917 0.000508756 0.000512144 0.000517099 0.000523605 0.000531634 0.000541167 0.000552202 0.000564774 0.000578953 0.000594862 0.00061268 0.000632649 0.000655088 0.000680401 0.000709089 0.000741764 0.000779156 0.000822127 0.000871664 0.000928873 0.000994938 0.00107106 0.00115836 0.00125773 0.00136962 0.00149381 0.00162912 0.00177319 0.00192225 0.000463046 0.000468661 0.00047113 0.000471527 0.000470811 0.000469783 0.000469075 0.000469153 0.000470338 0.000472836 0.000476763 0.000482177 0.000489099 0.000497539 0.000507509 0.000519038 0.000532185 0.000547047 0.000563768 0.000582551 0.000603663 0.00062745 0.000654349 0.000684899 0.000719754 0.000759694 0.000805628 0.00085859 0.000919712 0.000990171 0.0010711 0.00116347 0.00126785 0.00138422 0.00151168 0.00164812 0.00179011 0.000414382 0.000423475 0.000429043 0.000431952 0.000433069 0.000433195 0.000433022 0.000433112 0.000433898 0.000435693 0.000438711 0.000443089 0.00044891 0.000456223 0.000465066 0.000475475 0.000487505 0.000501235 0.000516783 0.000534314 0.000554051 0.000576283 0.000601382 0.000629812 0.000662144 0.000699067 0.000741398 0.00079008 0.000846163 0.000910769 0.000985013 0.00106988 0.00116607 0.00127371 0.00139214 0.00151961 0.00165298 0.000368109 0.000379811 0.000387992 0.000393236 0.000396233 0.0003977 0.000398319 0.000398694 0.000399332 0.000400632 0.000402896 0.000406339 0.000411109 0.000417306 0.000424999 0.000434244 0.000445101 0.000457639 0.000471958 0.000488193 0.000506523 0.000527187 0.000550493 0.000576831 0.000606683 0.000640643 0.00067942 0.000723846 0.000774869 0.000833518 0.000900848 0.000977832 0.00106521 0.00116326 0.00127156 0.00138865 0.0015118 0.00032473 0.000338135 0.000348349 0.000355627 0.000360425 0.000363312 0.000364902 0.000365788 0.000366509 0.000367526 0.00036921 0.000371848 0.000375653 0.00038078 0.000387337 0.000395408 0.000405064 0.000416377 0.000429433 0.000444342 0.000461251 0.00048035 0.000501888 0.000526179 0.000553619 0.000584699 0.000620012 0.000660265 0.000706274 0.000758945 0.00081923 0.000888038 0.000966107 0.00105381 0.0011509 0.00125624 0.00136752 0.000284499 0.000298741 0.000310381 0.000319324 0.000325756 0.000330055 0.000332718 0.000334285 0.000335291 0.000336225 0.000337509 0.00033949 0.000342443 0.000346576 0.000352042 0.000358957 0.000367413 0.000377489 0.000389267 0.000402841 0.000418329 0.000435879 0.000455684 0.000477991 0.000503106 0.000531416 0.000563391 0.000599598 0.000640701 0.000687451 0.000740654 0.000801104 0.000869477 0.000946166 0.00103107 0.00112333 0.00122107 0.000247473 0.000261765 0.000274253 0.000284472 0.000292318 0.000297955 0.000301731 0.000304097 0.000305549 0.000306579 0.000307637 0.000309118 0.000311346 0.000314582 0.000319024 0.000324827 0.000332106 0.000340956 0.000351461 0.000363706 0.000377785 0.000393814 0.000411936 0.00043233 0.000455221 0.00048089 0.00050968 0.000542007 0.000578365 0.000619322 0.000665495 0.000717511 0.00077592 0.000841066 0.000912913 0.000990843 0.00107341 0.000213557 0.000227224 0.000240041 0.00025116 0.000260181 0.000267041 0.000271917 0.00027515 0.000277172 0.000278449 0.000279443 0.000280575 0.000282212 0.000284661 0.000288166 0.000292918 0.000299063 0.000306717 0.00031597 0.000326905 0.000339602 0.000354147 0.000370642 0.000389205 0.000409983 0.000433153 0.00045893 0.000487575 0.000519396 0.000554747 0.000594024 0.000637631 0.000685927 0.000739131 0.000797193 0.000859649 0.00092546 0.000182552 0.000195044 0.000207749 0.000219429 0.00022939 0.000237335 0.000243265 0.000247393 0.000250068 0.000251715 0.000252783 0.000253709 0.000254889 0.000256668 0.000259332 0.00026311 0.00026818 0.00027468 0.000282717 0.000292374 0.000303725 0.000316833 0.000331762 0.000348581 0.000367362 0.000388184 0.000411137 0.00043632 0.000463844 0.000493834 0.000526421 0.000561738 0.000599885 0.000640883 0.000684582 0.00073057 0.000778138 0.000154193 0.000165096 0.000177332 0.000189285 0.000199966 0.000208853 0.000215767 0.000220786 0.000224167 0.000226274 0.000227534 0.00022838 0.000229229 0.000230455 0.00023238 0.000235269 0.000239334 0.000244737 0.000251604 0.000260027 0.000270075 0.000281797 0.00029523 0.000310395 0.000327298 0.000345927 0.00036625 0.000388206 0.000411703 0.000436617 0.000462787 0.00049002 0.000518092 0.000546743 0.000575654 0.00060437 0.000632351 0.000128208 0.000137238 0.000148724 0.000160704 0.000171914 0.000181603 0.000189419 0.000195304 0.000199413 0.000202045 0.000203588 0.000204464 0.000205096 0.000205881 0.00020717 0.000209261 0.000212396 0.000216768 0.000222521 0.00022976 0.000238556 0.000248951 0.000260958 0.000274559 0.000289704 0.000306296 0.000324188 0.00034316 0.000362919 0.000383076 0.000403155 0.000422593 0.000440771 0.000457055 0.000470866 0.00048171 0.000489011 0.00010441 0.000111359 0.000121855 0.000133653 0.000145219 0.000155584 0.000164217 0.000170927 0.000175766 0.000178962 0.000180858 0.000181853 0.000182369 0.000182816 0.000183567 0.00018495 0.000187238 0.000190648 0.000195349 0.000201462 0.000209063 0.000218192 0.000228845 0.000240975 0.00025448 0.000269189 0.000284845 0.000301082 0.0003174 0.000333145 0.000347504 0.000359507 0.000368077 0.000372113 0.000370639 0.000363022 0.000348921 7.81764e-05 8.62616e-05 9.7704e-05 0.000109874 0.000121409 0.000131525 0.000139831 0.00014622 0.000150787 0.000153768 0.000155495 0.000156346 0.000156716 0.000156991 0.000157524 0.000158628 0.000160565 0.000163549 0.000167741 0.000173257 0.000180164 0.000188482 0.000198181 0.00020917 0.000221286 0.000234269 0.00024774 0.00026117 0.000273851 0.000284867 0.000293087 0.000297189 0.000295724 0.00028726 0.000270601 0.000245078 0.000211214 5.05253e-05 6.23672e-05 7.52467e-05 8.74412e-05 9.81617e-05 0.000107058 0.000114039 0.000119187 0.000122705 0.000124877 0.000126033 0.000126529 0.000126717 0.000126935 0.000127489 0.000128648 0.000130638 0.000133639 0.000137786 0.000143167 0.000149824 0.000157745 0.000166858 0.000177018 0.000187988 0.000199411 0.000210785 0.000221421 0.000230414 0.000236614 0.000238623 0.000234826 0.000223492 0.000202948 0.000171863 0.000129659 7.71421e-05 2.48116e-05 3.95311e-05 5.30294e-05 6.4699e-05 7.43192e-05 8.18955e-05 8.7565e-05 9.15475e-05 9.41163e-05 9.55776e-05 9.62531e-05 9.64662e-05 9.65295e-05 9.67347e-05 9.73449e-05 9.85888e-05 0.000100657 0.0001037 0.000107826 0.000113096 0.000119522 0.00012706 0.000135595 0.000144925 0.000154739 0.000164585 0.000173838 0.000181657 0.000186952 0.000188357 0.000184236 0.000172724 0.000151858 0.000119787 7.51237e-05 1.74077e-05 -5.24892e-05 1.30483e-06 1.76641e-05 3.10576e-05 4.17664e-05 5.00654e-05 5.62512e-05 6.06332e-05 6.35252e-05 6.52404e-05 6.6088e-05 6.63693e-05 6.63729e-05 6.637e-05 6.66096e-05 6.73142e-05 6.86755e-05 7.08515e-05 7.39637e-05 7.80926e-05 8.32739e-05 8.94905e-05 9.66619e-05 0.000104629 0.000113134 0.000121792 0.000130058 0.000137187 0.000142195 0.00014382 0.000140502 0.000130393 0.000111418 8.14295e-05 3.84553e-05 -1.89121e-05 -9.10498e-05 -0.000176848 -1.97318e-05 -3.09035e-06 9.46647e-06 1.88201e-05 2.56156e-05 3.03655e-05 3.3497e-05 3.53785e-05 3.63362e-05 3.66656e-05 3.66383e-05 3.65048e-05 3.64949e-05 3.6817e-05 3.76552e-05 3.91671e-05 4.14802e-05 4.46882e-05 4.88457e-05 5.39615e-05 5.99887e-05 6.68116e-05 7.42267e-05 8.19192e-05 8.94321e-05 9.61295e-05 0.000101155 0.000103389 0.000101413 9.34935e-05 7.75979e-05 5.14789e-05 1.28436e-05 -4.03597e-05 -0.000109532 -0.000194923 -0.000295097 -3.81081e-05 -2.25233e-05 -1.15337e-05 -3.90789e-06 1.2286e-06 4.51833e-06 6.44959e-06 7.40692e-06 7.70495e-06 7.61095e-06 7.3592e-06 7.15933e-06 7.20024e-06 7.65125e-06 8.66107e-06 1.03554e-05 1.28332e-05 1.61621e-05 2.03714e-05 2.54437e-05 3.13025e-05 3.77967e-05 4.4679e-05 5.15791e-05 5.79703e-05 6.31303e-05 6.60973e-05 6.56279e-05 6.0162e-05 4.78113e-05 2.63885e-05 -6.49634e-06 -5.32436e-05 -0.000115952 -0.000195982 -0.000293413 -0.000406464 -5.37195e-05 -4.04341e-05 -3.1701e-05 -2.61424e-05 -2.27915e-05 -2.09647e-05 -2.01706e-05 -2.00451e-05 -2.03077e-05 -2.07323e-05 -2.11278e-05 -2.13274e-05 -2.11823e-05 -2.05599e-05 -1.93447e-05 -1.74401e-05 -1.47737e-05 -1.13023e-05 -7.0207e-06 -1.97177e-06 3.7392e-06 9.92643e-06 1.63e-05 2.24364e-05 2.77428e-05 3.14155e-05 3.23958e-05 2.93271e-05 2.05232e-05 3.96238e-06 -2.26737e-05 -6.18886e-05 -0.000116159 -0.000187601 -0.000277502 -0.000385749 -0.000510223 -6.65556e-05 -5.66616e-05 -5.07862e-05 -4.75765e-05 -4.60987e-05 -4.57134e-05 -4.59803e-05 -4.65898e-05 -4.73153e-05 -4.79822e-05 -4.84471e-05 -4.85867e-05 -4.82909e-05 -4.74618e-05 -4.60138e-05 -4.38774e-05 -4.10041e-05 -3.73736e-05 -3.30033e-05 -2.79602e-05 -2.23773e-05 -1.64735e-05 -1.05793e-05 -5.1685e-06 -8.9584e-07 1.36018e-06 4.52309e-07 -5.07723e-06 -1.70253e-05 -3.75281e-05 -6.9012e-05 -0.000114069 -0.000175225 -0.000254586 -0.000353347 -0.000471195 -0.000605693 -7.67077e-05 -7.10931e-05 -6.85437e-05 -6.788e-05 -6.83117e-05 -6.93179e-05 -7.05572e-05 -7.18026e-05 -7.28974e-05 -7.3726e-05 -7.41954e-05 -7.42251e-05 -7.37423e-05 -7.26804e-05 -7.09813e-05 -6.85995e-05 -6.55085e-05 -6.17087e-05 -5.72381e-05 -5.21866e-05 -4.67131e-05 -4.10672e-05 -3.56177e-05 -3.08848e-05 -2.75799e-05 -2.66495e-05 -2.93199e-05 -3.7138e-05 -5.19964e-05 -7.61276e-05 -0.000112046 -0.000162408 -0.000229768 -0.000316204 -0.000422804 -0.00054906 -0.000692245 -8.43707e-05 -8.36645e-05 -8.47358e-05 -8.67075e-05 -8.90231e-05 -9.13396e-05 -9.34508e-05 -9.52333e-05 -9.6611e-05 -9.75316e-05 -9.79531e-05 -9.78363e-05 -9.71423e-05 -9.58332e-05 -9.38754e-05 -9.12447e-05 -8.79337e-05 -8.39614e-05 -7.93848e-05 -7.43142e-05 -6.89323e-05 -6.35173e-05 -5.84722e-05 -5.43596e-05 -5.19417e-05 -5.22253e-05 -5.65062e-05 -6.64082e-05 -8.39053e-05 -0.000111309 -0.000151204 -0.000206293 -0.000279142 -0.000371785 -0.000485203 -0.000618703 -0.000769302 -8.98361e-05 -9.43536e-05 -9.9135e-05 -0.000103707 -0.000107813 -0.000111325 -0.000114198 -0.000116422 -0.000118006 -0.000118963 -0.000119299 -0.000119013 -0.000118098 -0.000116541 -0.000114329 -0.000111457 -0.000107933 -0.000103793 -9.91104e-05 -9.40139e-05 -8.87073e-05 -8.34941e-05 -7.88079e-05 -7.52484e-05 -7.36224e-05 -7.49888e-05 -8.0703e-05 -9.2454e-05 -0.000112283 -0.000142566 -0.000185941 -0.000245142 -0.000322735 -0.000420705 -0.000539927 -0.000679543 -0.00083635 -9.34717e-05 -0.000103171 -0.000111526 -0.000118532 -0.000124262 -0.000128826 -0.000132341 -0.000134916 -0.000136643 -0.000137595 -0.000137825 -0.000137365 -0.000136235 -0.000134443 -0.000131994 -0.000128898 -0.000125178 -0.000120883 -0.0001161 -0.000110975 -0.000105729 -0.000100687 -9.63087e-05 -9.3226e-05 -9.22833e-05 -9.45832e-05 -0.00010153 -0.000114868 -0.00013669 -0.000169426 -0.00021575 -0.00027842 -0.000359991 -0.000462399 -0.000586425 -0.000731066 -0.000892934 -9.56897e-05 -0.000110149 -0.000121713 -0.000130855 -0.000137978 -0.000143419 -0.000147452 -0.000150293 -0.000152113 -0.000153037 -0.000153156 -0.000152533 -0.000151208 -0.000149207 -0.000146551 -0.00014326 -0.00013937 -0.000134941 -0.00013007 -0.000124917 -0.000119717 -0.000114814 -0.000110689 -0.000107998 -0.000107618 -0.000110686 -0.000118646 -0.000133282 -0.000156734 -0.000191466 -0.000240182 -0.000305653 -0.00039042 -0.000496377 -0.00062422 -0.000772832 -0.000938673 -9.69034e-05 -0.000115329 -0.000129521 -0.000140382 -0.000148607 -0.000154728 -0.00015915 -0.000162184 -0.000164058 -0.000164945 -0.000164965 -0.000164204 -0.000162719 -0.00016055 -0.000157727 -0.000154281 -0.000150255 -0.000145718 -0.000140777 -0.000135599 -0.000130433 -0.000125635 -0.000121703 -0.000119314 -0.000119365 -0.000123021 -0.000131756 -0.000147385 -0.000172078 -0.000208327 -0.000258857 -0.000326444 -0.000413616 -0.00052223 -0.000652921 -0.000804479 -0.000973254 -9.748e-05 -0.000118754 -0.00013481 -0.000146877 -0.000155864 -0.000162448 -0.000167131 -0.000170287 -0.000172191 -0.000173044 -0.00017299 -0.00017213 -0.000170531 -0.000168243 -0.000165303 -0.000161749 -0.000157629 -0.000153016 -0.000148026 -0.000142831 -0.000137687 -0.000132959 -0.000129158 -0.000126973 -0.000127316 -0.000131371 -0.00014063 -0.00015693 -0.00018246 -0.000219731 -0.000271478 -0.000340481 -0.00042926 -0.000539644 -0.000672225 -0.000825732 -0.00099644 -9.76945e-05 -0.000120458 -0.00013748 -0.000150168 -0.000159545 -0.000166363 -0.000171177 -0.000174393 -0.000176309 -0.000177144 -0.00017705 -0.000176137 -0.00017448 -0.00017213 -0.000169131 -0.00016552 -0.000161352 -0.000156701 -0.000151685 -0.00014648 -0.000141347 -0.000136655 -0.00013292 -0.000130837 -0.000131328 -0.000135584 -0.000145108 -0.000161746 -0.000187697 -0.000225481 -0.00027784 -0.000347554 -0.000437137 -0.000548406 -0.000681929 -0.000836406 -0.00100807 -9.76945e-05 -0.000120458 -0.00013748 -0.000150168 -0.000159545 -0.000166363 -0.000171177 -0.000174393 -0.000176309 -0.000177144 -0.00017705 -0.000176137 -0.00017448 -0.00017213 -0.000169131 -0.00016552 -0.000161352 -0.000156701 -0.000151685 -0.00014648 -0.000141347 -0.000136655 -0.00013292 -0.000130837 -0.000131328 -0.000135584 -0.000145108 -0.000161746 -0.000187697 -0.000225481 -0.00027784 -0.000347554 -0.000437137 -0.000548406 -0.000681929 -0.000836406 -0.00100807 -9.748e-05 -0.000118754 -0.00013481 -0.000146877 -0.000155864 -0.000162448 -0.000167131 -0.000170287 -0.000172191 -0.000173044 -0.00017299 -0.00017213 -0.000170531 -0.000168243 -0.000165303 -0.000161749 -0.000157629 -0.000153016 -0.000148026 -0.000142831 -0.000137687 -0.000132959 -0.000129158 -0.000126973 -0.000127316 -0.000131371 -0.00014063 -0.00015693 -0.00018246 -0.000219731 -0.000271478 -0.000340481 -0.00042926 -0.000539644 -0.000672225 -0.000825732 -0.00099644 -9.69034e-05 -0.000115329 -0.000129521 -0.000140382 -0.000148607 -0.000154728 -0.00015915 -0.000162184 -0.000164058 -0.000164945 -0.000164965 -0.000164204 -0.000162719 -0.00016055 -0.000157727 -0.000154281 -0.000150255 -0.000145718 -0.000140777 -0.000135599 -0.000130433 -0.000125635 -0.000121703 -0.000119314 -0.000119365 -0.000123021 -0.000131756 -0.000147385 -0.000172078 -0.000208327 -0.000258857 -0.000326444 -0.000413616 -0.00052223 -0.000652921 -0.000804479 -0.000973254 -9.56897e-05 -0.000110149 -0.000121713 -0.000130855 -0.000137978 -0.000143419 -0.000147452 -0.000150293 -0.000152113 -0.000153037 -0.000153156 -0.000152533 -0.000151208 -0.000149207 -0.000146551 -0.00014326 -0.00013937 -0.000134941 -0.00013007 -0.000124917 -0.000119717 -0.000114814 -0.000110689 -0.000107998 -0.000107618 -0.000110686 -0.000118646 -0.000133282 -0.000156734 -0.000191466 -0.000240182 -0.000305653 -0.00039042 -0.000496377 -0.00062422 -0.000772832 -0.000938673 -9.34717e-05 -0.000103171 -0.000111526 -0.000118532 -0.000124262 -0.000128826 -0.000132341 -0.000134916 -0.000136643 -0.000137595 -0.000137825 -0.000137365 -0.000136235 -0.000134443 -0.000131994 -0.000128898 -0.000125178 -0.000120883 -0.0001161 -0.000110975 -0.000105729 -0.000100687 -9.63087e-05 -9.3226e-05 -9.22833e-05 -9.45832e-05 -0.00010153 -0.000114868 -0.00013669 -0.000169426 -0.00021575 -0.00027842 -0.000359991 -0.000462399 -0.000586425 -0.000731066 -0.000892934 -8.98361e-05 -9.43536e-05 -9.9135e-05 -0.000103707 -0.000107813 -0.000111325 -0.000114198 -0.000116422 -0.000118006 -0.000118963 -0.000119299 -0.000119013 -0.000118098 -0.000116541 -0.000114329 -0.000111457 -0.000107933 -0.000103793 -9.91104e-05 -9.40139e-05 -8.87073e-05 -8.34941e-05 -7.88079e-05 -7.52484e-05 -7.36224e-05 -7.49888e-05 -8.0703e-05 -9.2454e-05 -0.000112283 -0.000142566 -0.000185941 -0.000245142 -0.000322735 -0.000420705 -0.000539927 -0.000679543 -0.00083635 -8.43707e-05 -8.36645e-05 -8.47358e-05 -8.67075e-05 -8.90231e-05 -9.13396e-05 -9.34508e-05 -9.52333e-05 -9.6611e-05 -9.75316e-05 -9.79531e-05 -9.78363e-05 -9.71423e-05 -9.58332e-05 -9.38754e-05 -9.12447e-05 -8.79337e-05 -8.39614e-05 -7.93848e-05 -7.43142e-05 -6.89323e-05 -6.35173e-05 -5.84722e-05 -5.43596e-05 -5.19417e-05 -5.22253e-05 -5.65062e-05 -6.64082e-05 -8.39053e-05 -0.000111309 -0.000151204 -0.000206293 -0.000279142 -0.000371785 -0.000485203 -0.000618703 -0.000769302 -7.67077e-05 -7.10931e-05 -6.85437e-05 -6.788e-05 -6.83117e-05 -6.93179e-05 -7.05572e-05 -7.18026e-05 -7.28974e-05 -7.3726e-05 -7.41954e-05 -7.42251e-05 -7.37423e-05 -7.26804e-05 -7.09812e-05 -6.85995e-05 -6.55085e-05 -6.17087e-05 -5.72381e-05 -5.21866e-05 -4.67131e-05 -4.10672e-05 -3.56177e-05 -3.08848e-05 -2.75799e-05 -2.66495e-05 -2.93199e-05 -3.7138e-05 -5.19964e-05 -7.61276e-05 -0.000112046 -0.000162408 -0.000229768 -0.000316204 -0.000422804 -0.00054906 -0.000692245 -6.65556e-05 -5.66616e-05 -5.07862e-05 -4.75765e-05 -4.60987e-05 -4.57134e-05 -4.59803e-05 -4.65898e-05 -4.73153e-05 -4.79822e-05 -4.84471e-05 -4.85867e-05 -4.82909e-05 -4.74618e-05 -4.60138e-05 -4.38774e-05 -4.10041e-05 -3.73736e-05 -3.30033e-05 -2.79602e-05 -2.23773e-05 -1.64735e-05 -1.05793e-05 -5.1685e-06 -8.95841e-07 1.36018e-06 4.52307e-07 -5.07724e-06 -1.70253e-05 -3.75281e-05 -6.9012e-05 -0.000114069 -0.000175225 -0.000254586 -0.000353347 -0.000471195 -0.000605693 -5.37195e-05 -4.04341e-05 -3.1701e-05 -2.61424e-05 -2.27915e-05 -2.09647e-05 -2.01706e-05 -2.00451e-05 -2.03077e-05 -2.07323e-05 -2.11278e-05 -2.13274e-05 -2.11823e-05 -2.05599e-05 -1.93447e-05 -1.74401e-05 -1.47737e-05 -1.13023e-05 -7.02069e-06 -1.97177e-06 3.7392e-06 9.92643e-06 1.63e-05 2.24364e-05 2.77428e-05 3.14155e-05 3.23958e-05 2.93271e-05 2.05232e-05 3.96238e-06 -2.26737e-05 -6.18886e-05 -0.000116159 -0.000187601 -0.000277502 -0.000385749 -0.000510223 -3.81081e-05 -2.25233e-05 -1.15337e-05 -3.90789e-06 1.2286e-06 4.51833e-06 6.44959e-06 7.40692e-06 7.70496e-06 7.61096e-06 7.35921e-06 7.15933e-06 7.20024e-06 7.65125e-06 8.66107e-06 1.03554e-05 1.28332e-05 1.61621e-05 2.03714e-05 2.54437e-05 3.13026e-05 3.77967e-05 4.4679e-05 5.15791e-05 5.79703e-05 6.31303e-05 6.60973e-05 6.56279e-05 6.0162e-05 4.78113e-05 2.63885e-05 -6.49633e-06 -5.32436e-05 -0.000115952 -0.000195982 -0.000293413 -0.000406464 -1.97318e-05 -3.09035e-06 9.46648e-06 1.88201e-05 2.56156e-05 3.03655e-05 3.3497e-05 3.53785e-05 3.63362e-05 3.66656e-05 3.66383e-05 3.65047e-05 3.64949e-05 3.6817e-05 3.76553e-05 3.91672e-05 4.14803e-05 4.46882e-05 4.88457e-05 5.39615e-05 5.99887e-05 6.68116e-05 7.42267e-05 8.19192e-05 8.94321e-05 9.61295e-05 0.000101155 0.000103389 0.000101413 9.34935e-05 7.75979e-05 5.14789e-05 1.28435e-05 -4.03597e-05 -0.000109532 -0.000194923 -0.000295097 1.30483e-06 1.76641e-05 3.10576e-05 4.17664e-05 5.00654e-05 5.62512e-05 6.06332e-05 6.35252e-05 6.52404e-05 6.60881e-05 6.63693e-05 6.63729e-05 6.637e-05 6.66096e-05 6.73142e-05 6.86755e-05 7.08515e-05 7.39636e-05 7.80926e-05 8.32739e-05 8.94905e-05 9.66619e-05 0.000104629 0.000113134 0.000121792 0.000130058 0.000137187 0.000142195 0.00014382 0.000140502 0.000130393 0.000111418 8.14295e-05 3.84553e-05 -1.89121e-05 -9.10498e-05 -0.000176848 2.48116e-05 3.95311e-05 5.30294e-05 6.4699e-05 7.43192e-05 8.18956e-05 8.7565e-05 9.15475e-05 9.41163e-05 9.55776e-05 9.62531e-05 9.64662e-05 9.65295e-05 9.67347e-05 9.73449e-05 9.85888e-05 0.000100657 0.0001037 0.000107826 0.000113096 0.000119522 0.00012706 0.000135595 0.000144925 0.000154739 0.000164585 0.000173838 0.000181657 0.000186952 0.000188357 0.000184236 0.000172724 0.000151858 0.000119787 7.51236e-05 1.74076e-05 -5.24893e-05 5.05252e-05 6.23672e-05 7.52467e-05 8.74412e-05 9.81617e-05 0.000107058 0.000114039 0.000119187 0.000122705 0.000124877 0.000126033 0.000126529 0.000126717 0.000126935 0.000127489 0.000128648 0.000130638 0.000133639 0.000137786 0.000143167 0.000149824 0.000157745 0.000166858 0.000177018 0.000187988 0.000199411 0.000210785 0.000221421 0.000230414 0.000236614 0.000238623 0.000234826 0.000223492 0.000202948 0.000171863 0.000129659 7.71421e-05 7.81764e-05 8.62616e-05 9.7704e-05 0.000109874 0.000121409 0.000131525 0.000139831 0.00014622 0.000150787 0.000153768 0.000155495 0.000156346 0.000156716 0.000156991 0.000157524 0.000158628 0.000160565 0.000163549 0.000167741 0.000173257 0.000180163 0.000188482 0.000198181 0.00020917 0.000221286 0.000234269 0.00024774 0.00026117 0.000273851 0.000284867 0.000293087 0.000297189 0.000295724 0.00028726 0.000270601 0.000245078 0.000211214 0.00010441 0.000111359 0.000121855 0.000133652 0.000145219 0.000155584 0.000164217 0.000170927 0.000175766 0.000178962 0.000180858 0.000181853 0.000182369 0.000182816 0.000183567 0.00018495 0.000187238 0.000190648 0.000195349 0.000201462 0.000209063 0.000218192 0.000228845 0.000240975 0.00025448 0.000269189 0.000284845 0.000301082 0.0003174 0.000333145 0.000347504 0.000359507 0.000368077 0.000372113 0.000370639 0.000363022 0.000348921 0.000128208 0.000137238 0.000148724 0.000160704 0.000171914 0.000181603 0.000189419 0.000195304 0.000199413 0.000202045 0.000203588 0.000204464 0.000205096 0.000205881 0.00020717 0.000209261 0.000212396 0.000216768 0.000222521 0.00022976 0.000238556 0.000248951 0.000260958 0.000274559 0.000289704 0.000306296 0.000324187 0.00034316 0.000362919 0.000383076 0.000403155 0.000422593 0.000440771 0.000457055 0.000470866 0.00048171 0.000489011 0.000154193 0.000165096 0.000177332 0.000189285 0.000199966 0.000208853 0.000215767 0.000220786 0.000224167 0.000226274 0.000227534 0.00022838 0.000229229 0.000230455 0.00023238 0.000235269 0.000239334 0.000244737 0.000251604 0.000260027 0.000270075 0.000281797 0.00029523 0.000310395 0.000327298 0.000345927 0.00036625 0.000388206 0.000411703 0.000436617 0.000462787 0.00049002 0.000518092 0.000546743 0.000575654 0.00060437 0.000632351 0.000182552 0.000195044 0.000207749 0.000219429 0.00022939 0.000237335 0.000243265 0.000247393 0.000250068 0.000251715 0.000252783 0.000253709 0.000254889 0.000256668 0.000259332 0.00026311 0.00026818 0.00027468 0.000282717 0.000292374 0.000303725 0.000316833 0.000331762 0.000348581 0.000367362 0.000388184 0.000411137 0.00043632 0.000463844 0.000493834 0.000526421 0.000561738 0.000599885 0.000640883 0.000684582 0.00073057 0.000778138 0.000213557 0.000227224 0.000240041 0.00025116 0.000260181 0.000267041 0.000271917 0.00027515 0.000277172 0.000278449 0.000279443 0.000280575 0.000282212 0.000284661 0.000288166 0.000292918 0.000299063 0.000306717 0.00031597 0.000326905 0.000339602 0.000354147 0.000370642 0.000389205 0.000409983 0.000433153 0.00045893 0.000487575 0.000519396 0.000554747 0.000594024 0.000637631 0.000685927 0.000739131 0.000797193 0.000859649 0.00092546 0.000247473 0.000261765 0.000274253 0.000284472 0.000292318 0.000297955 0.000301731 0.000304097 0.000305549 0.000306579 0.000307637 0.000309118 0.000311346 0.000314582 0.000319024 0.000324827 0.000332106 0.000340956 0.000351461 0.000363706 0.000377785 0.000393814 0.000411936 0.00043233 0.000455221 0.00048089 0.00050968 0.000542007 0.000578365 0.000619322 0.000665495 0.000717511 0.00077592 0.000841066 0.000912913 0.000990843 0.00107341 0.000284499 0.000298741 0.000310381 0.000319324 0.000325756 0.000330055 0.000332718 0.000334285 0.000335291 0.000336225 0.000337509 0.00033949 0.000342443 0.000346576 0.000352042 0.000358957 0.000367413 0.000377489 0.000389267 0.000402841 0.000418329 0.000435879 0.000455685 0.000477991 0.000503106 0.000531416 0.000563391 0.000599598 0.000640701 0.000687451 0.000740654 0.000801104 0.000869477 0.000946166 0.00103107 0.00112333 0.00122107 0.00032473 0.000338135 0.000348349 0.000355627 0.000360425 0.000363312 0.000364902 0.000365788 0.000366509 0.000367526 0.00036921 0.000371848 0.000375653 0.00038078 0.000387337 0.000395408 0.000405064 0.000416377 0.000429433 0.000444342 0.000461251 0.00048035 0.000501888 0.000526179 0.000553619 0.000584699 0.000620012 0.000660265 0.000706274 0.000758945 0.00081923 0.000888038 0.000966107 0.00105381 0.0011509 0.00125624 0.00136752 0.000368109 0.000379811 0.000387992 0.000393236 0.000396233 0.0003977 0.000398319 0.000398694 0.000399332 0.000400632 0.000402896 0.000406339 0.000411109 0.000417306 0.000424999 0.000434244 0.000445101 0.000457639 0.000471958 0.000488193 0.000506523 0.000527187 0.000550493 0.000576831 0.000606683 0.000640643 0.00067942 0.000723846 0.000774869 0.000833518 0.000900848 0.000977832 0.00106521 0.00116326 0.00127156 0.00138865 0.0015118 0.000414382 0.000423475 0.000429043 0.000431952 0.000433069 0.000433195 0.000433022 0.000433112 0.000433898 0.000435693 0.000438711 0.000443089 0.00044891 0.000456223 0.000465066 0.000475475 0.000487505 0.000501235 0.000516783 0.000534314 0.000554051 0.000576283 0.000601382 0.000629812 0.000662144 0.000699067 0.000741398 0.00079008 0.000846163 0.000910769 0.000985013 0.00106988 0.00116607 0.00127371 0.00139214 0.00151961 0.00165298 0.000463046 0.000468661 0.00047113 0.000471527 0.000470811 0.000469783 0.000469075 0.000469153 0.000470338 0.000472836 0.000476763 0.000482177 0.000489099 0.000497539 0.000507509 0.000519038 0.000532185 0.000547047 0.000563768 0.000582551 0.000603663 0.00062745 0.000654349 0.000684899 0.000719754 0.000759694 0.000805628 0.00085859 0.000919712 0.000990171 0.0010711 0.00116347 0.00126785 0.00138422 0.00151168 0.00164812 0.00179011 0.000513302 0.000514709 0.000513778 0.000511673 0.00050933 0.000507455 0.000506544 0.000506917 0.000508756 0.000512144 0.000517099 0.000523605 0.000531634 0.000541167 0.000552202 0.000564774 0.000578953 0.000594862 0.00061268 0.000632649 0.000655088 0.000680401 0.000709089 0.000741764 0.000779156 0.000822127 0.000871664 0.000928873 0.000994938 0.00107106 0.00115836 0.00125773 0.00136962 0.00149381 0.00162912 0.00177319 0.00192225 0.000564025 0.000560775 0.000556429 0.000552076 0.000548496 0.000546197 0.000545475 0.000546463 0.000549189 0.000553612 0.000559663 0.000567266 0.000576357 0.000586902 0.000598901 0.000612402 0.0006275 0.000644349 0.000663166 0.00068424 0.000707942 0.000734732 0.000765176 0.000799952 0.000839863 0.000885836 0.000938925 0.00100028 0.00107112 0.00115263 0.0012459 0.00135171 0.00147035 0.00160139 0.00174341 0.00189377 0.00204848 0.000613764 0.000605861 0.000598468 0.00059241 0.000588169 0.000585968 0.000585855 0.000587762 0.000591562 0.000597109 0.000604261 0.000612903 0.000622957 0.000634388 0.000647212 0.000661498 0.000677376 0.000695037 0.000714739 0.00073682 0.000761703 0.000789904 0.000822048 0.000858874 0.000901245 0.000950147 0.00100668 0.00107202 0.00114738 0.00123394 0.00133269 0.0014443 0.00156889 0.00170582 0.00185343 0.00200885 0.00216789 0.000660799 0.00064887 0.000639259 0.000632337 0.000628173 0.000626654 0.000627562 0.000630641 0.000635636 0.00064232 0.00065051 0.000660075 0.000670941 0.00068309 0.000696567 0.000711472 0.000727973 0.000746302 0.000766763 0.00078974 0.000815706 0.000845232 0.000878994 0.000917788 0.000962525 0.00101423 0.00107404 0.00114313 0.00122271 0.0013139 0.0014176 0.00153433 0.00166406 0.00180592 0.00195805 0.0021174 0.00227962 0.000703282 0.000688702 0.000678185 0.000671501 0.00066826 0.000668009 0.000670299 0.000674726 0.000680951 0.000688707 0.000697802 0.000708117 0.000719603 0.000732274 0.00074621 0.000761553 0.00077851 0.000797357 0.000818441 0.000842194 0.000869134 0.00089988 0.000935157 0.000975803 0.00102277 0.00107711 0.00113997 0.00121253 0.00129597 0.00139131 0.00149937 0.00162054 0.00175459 0.00190048 0.00205617 0.00221844 0.00238283 0.000739453 0.00072437 0.000714668 0.000709498 0.000708045 0.000709589 0.000713526 0.000719376 0.000726774 0.000735461 0.000745273 0.000756127 0.000768015 0.000780995 0.000795191 0.000810788 0.000828035 0.000847249 0.000868822 0.000893225 0.000921021 0.000952868 0.000989531 0.00103188 0.0010809 0.00113767 0.00120332 0.00127901 0.00136588 0.00146488 0.0015767 0.00170161 0.00183921 0.00198831 0.00214669 0.002311 0.00247675 0.000767936 0.000755114 0.00074819 0.000745828 0.000746941 0.00075068 0.000756403 0.000763641 0.000772072 0.000781492 0.000791796 0.000802959 0.000815027 0.00082811 0.000842377 0.000858057 0.00087544 0.000894882 0.000916814 0.000941743 0.000970269 0.00100308 0.00104099 0.00108487 0.00113574 0.00119468 0.0012628 0.00134126 0.00143111 0.00153324 0.00164824 0.00177622 0.00191667 0.00206822 0.00222854 0.00239419 0.00256064 0.000788057 0.000780506 0.000778272 0.00077984 0.000784098 0.000790253 0.000797758 0.000806251 0.000815515 0.00082544 0.000836005 0.000847256 0.000859303 0.000872306 0.000886483 0.000902102 0.000919492 0.000939043 0.000961217 0.000986555 0.00101569 0.00104933 0.00108831 0.00113353 0.00118602 0.00124684 0.00131711 0.00139793 0.0014903 0.00159505 0.00171264 0.00184308 0.00198573 0.0021391 0.00230075 0.00246718 0.00263385 0.000800092 0.000800491 0.000804452 0.000810698 0.000818384 0.000826966 0.000836116 0.000845659 0.000855527 0.000865734 0.000876353 0.000887511 0.000899378 0.000912167 0.000926137 0.000941591 0.000958892 0.000978458 0.00100078 0.00102642 0.00105603 0.00109036 0.00113024 0.0011766 0.00123044 0.00129285 0.0013649 0.00144768 0.00154212 0.00164897 0.00176862 0.00190096 0.00204525 0.00219991 0.00236241 0.00252923 0.00269579 0.000805344 0.000815368 0.000826258 0.000837388 0.000848428 0.000859235 0.000869786 0.000880136 0.00089039 0.000900693 0.000911217 0.000922162 0.000933755 0.000946254 0.000959954 0.000975189 0.000992346 0.00101187 0.00103426 0.00106012 0.0010901 0.00112497 0.00116556 0.00121283 0.00126777 0.00133144 0.00140493 0.00148925 0.0015853 0.00169378 0.00181499 0.00194874 0.00209421 0.00224974 0.00241275 0.00257968 0.00274597 0.000805956 0.000825687 0.000843205 0.000858786 0.000872741 0.000885384 0.000897019 0.000907932 0.000918396 0.000928674 0.000939026 0.000949713 0.000961011 0.000973214 0.000986642 0.00100165 0.00101865 0.0010381 0.00106053 0.00108652 0.00111677 0.00115203 0.00119317 0.00124111 0.00129688 0.0013615 0.00143605 0.00152151 0.00161875 0.00172841 0.00185073 0.00198548 0.00213174 0.00228782 0.00245111 0.002618 0.00278397 0.000804439 0.000832088 0.000854827 0.000873799 0.000889903 0.000903849 0.000916215 0.000927474 0.00093803 0.000948236 0.000958417 0.00096888 0.000979933 0.000991895 0.00100511 0.00101994 0.00103681 0.00105619 0.00107862 0.00110469 0.00113511 0.00117063 0.00121213 0.00126053 0.00131684 0.00138209 0.00145734 0.00154356 0.00164158 0.001752 0.00187503 0.0020104 0.00215716 0.00231356 0.00247697 0.00264378 0.00280948 0.000803024 0.000835128 0.000860745 0.000881552 0.000898794 0.000913415 0.000926147 0.000937568 0.000948153 0.000958304 0.000968381 0.000978715 0.00098963 0.00100146 0.00101455 0.00102928 0.00104608 0.00106542 0.00108784 0.00111396 0.00114445 0.00118011 0.00122178 0.00127041 0.00132699 0.00139256 0.00146816 0.00155475 0.00165315 0.00176395 0.00188733 0.002023 0.00216998 0.00232653 0.00248998 0.00265674 0.00282229 0.000803024 0.000835128 0.000860745 0.000881552 0.000898794 0.000913415 0.000926147 0.000937568 0.000948153 0.000958304 0.000968381 0.000978715 0.00098963 0.00100146 0.00101455 0.00102928 0.00104608 0.00106542 0.00108784 0.00111396 0.00114445 0.00118011 0.00122178 0.00127041 0.00132699 0.00139256 0.00146816 0.00155475 0.00165315 0.00176395 0.00188733 0.002023 0.00216998 0.00232653 0.00248998 0.00265674 0.00282229 0.000804439 0.000832088 0.000854827 0.000873799 0.000889903 0.000903849 0.000916215 0.000927474 0.00093803 0.000948236 0.000958417 0.00096888 0.000979933 0.000991895 0.00100511 0.00101994 0.00103681 0.00105619 0.00107862 0.00110469 0.00113511 0.00117063 0.00121213 0.00126053 0.00131684 0.00138209 0.00145734 0.00154356 0.00164158 0.001752 0.00187503 0.0020104 0.00215716 0.00231356 0.00247697 0.00264378 0.00280948 0.000805956 0.000825687 0.000843205 0.000858786 0.000872741 0.000885384 0.000897019 0.000907932 0.000918396 0.000928674 0.000939026 0.000949713 0.000961011 0.000973214 0.000986642 0.00100165 0.00101865 0.0010381 0.00106053 0.00108652 0.00111677 0.00115203 0.00119317 0.00124111 0.00129688 0.0013615 0.00143605 0.00152151 0.00161875 0.00172841 0.00185073 0.00198548 0.00213174 0.00228782 0.00245111 0.002618 0.00278397 0.000805344 0.000815368 0.000826258 0.000837388 0.000848428 0.000859235 0.000869786 0.000880136 0.00089039 0.000900693 0.000911217 0.000922162 0.000933755 0.000946254 0.000959954 0.000975189 0.000992346 0.00101187 0.00103426 0.00106012 0.0010901 0.00112497 0.00116556 0.00121283 0.00126777 0.00133144 0.00140493 0.00148925 0.0015853 0.00169378 0.00181499 0.00194874 0.00209421 0.00224974 0.00241275 0.00257968 0.00274597 0.000800092 0.000800491 0.000804452 0.000810698 0.000818384 0.000826966 0.000836116 0.000845659 0.000855527 0.000865734 0.000876353 0.000887511 0.000899378 0.000912167 0.000926137 0.000941591 0.000958892 0.000978458 0.00100078 0.00102642 0.00105603 0.00109036 0.00113024 0.0011766 0.00123044 0.00129285 0.0013649 0.00144768 0.00154212 0.00164897 0.00176862 0.00190096 0.00204525 0.00219991 0.00236241 0.00252923 0.00269579 0.000788057 0.000780506 0.000778272 0.00077984 0.000784098 0.000790253 0.000797758 0.000806251 0.000815515 0.00082544 0.000836005 0.000847256 0.000859303 0.000872306 0.000886483 0.000902102 0.000919492 0.000939043 0.000961217 0.000986555 0.00101569 0.00104933 0.00108831 0.00113353 0.00118602 0.00124684 0.00131711 0.00139793 0.0014903 0.00159505 0.00171264 0.00184308 0.00198573 0.0021391 0.00230075 0.00246718 0.00263385 0.000767936 0.000755114 0.00074819 0.000745828 0.000746941 0.00075068 0.000756403 0.000763641 0.000772072 0.000781492 0.000791796 0.000802959 0.000815027 0.00082811 0.000842377 0.000858057 0.00087544 0.000894882 0.000916814 0.000941743 0.000970269 0.00100308 0.00104099 0.00108487 0.00113574 0.00119468 0.0012628 0.00134126 0.00143111 0.00153324 0.00164824 0.00177622 0.00191667 0.00206822 0.00222854 0.00239419 0.00256064 0.000739453 0.00072437 0.000714668 0.000709498 0.000708045 0.000709589 0.000713526 0.000719376 0.000726774 0.000735461 0.000745273 0.000756127 0.000768015 0.000780995 0.000795191 0.000810788 0.000828035 0.000847249 0.000868822 0.000893225 0.000921021 0.000952868 0.000989531 0.00103188 0.0010809 0.00113767 0.00120332 0.00127901 0.00136588 0.00146488 0.0015767 0.00170161 0.00183921 0.00198831 0.00214669 0.002311 0.00247675 0.000703282 0.000688702 0.000678185 0.000671501 0.00066826 0.000668009 0.000670299 0.000674726 0.000680951 0.000688707 0.000697802 0.000708117 0.000719603 0.000732274 0.00074621 0.000761553 0.00077851 0.000797357 0.000818441 0.000842194 0.000869134 0.00089988 0.000935157 0.000975803 0.00102277 0.00107711 0.00113997 0.00121253 0.00129597 0.00139131 0.00149937 0.00162054 0.00175459 0.00190048 0.00205617 0.00221844 0.00238283 0.000660799 0.00064887 0.000639259 0.000632337 0.000628173 0.000626654 0.000627562 0.000630641 0.000635636 0.00064232 0.00065051 0.000660075 0.000670941 0.00068309 0.000696567 0.000711472 0.000727973 0.000746302 0.000766763 0.00078974 0.000815706 0.000845232 0.000878994 0.000917788 0.000962525 0.00101423 0.00107404 0.00114313 0.00122271 0.0013139 0.0014176 0.00153433 0.00166406 0.00180592 0.00195805 0.0021174 0.00227962 0.000613764 0.000605861 0.000598468 0.00059241 0.000588169 0.000585968 0.000585855 0.000587762 0.000591562 0.000597109 0.000604261 0.000612903 0.000622957 0.000634388 0.000647212 0.000661498 0.000677376 0.000695037 0.000714739 0.00073682 0.000761703 0.000789904 0.000822048 0.000858874 0.000901245 0.000950147 0.00100668 0.00107202 0.00114738 0.00123394 0.00133269 0.0014443 0.00156889 0.00170582 0.00185343 0.00200885 0.00216789 0.000564025 0.000560775 0.000556429 0.000552076 0.000548496 0.000546197 0.000545475 0.000546463 0.000549189 0.000553612 0.000559663 0.000567266 0.000576357 0.000586902 0.000598901 0.000612402 0.0006275 0.000644349 0.000663166 0.00068424 0.000707942 0.000734732 0.000765176 0.000799952 0.000839863 0.000885836 0.000938925 0.00100028 0.00107112 0.00115263 0.0012459 0.00135171 0.00147035 0.00160139 0.00174341 0.00189377 0.00204848 0.000513302 0.000514709 0.000513778 0.000511673 0.00050933 0.000507455 0.000506544 0.000506917 0.000508756 0.000512144 0.000517099 0.000523605 0.000531634 0.000541167 0.000552202 0.000564774 0.000578953 0.000594862 0.00061268 0.000632649 0.000655088 0.000680401 0.000709089 0.000741764 0.000779156 0.000822127 0.000871664 0.000928873 0.000994938 0.00107106 0.00115836 0.00125773 0.00136962 0.00149381 0.00162912 0.00177319 0.00192225 0.000463046 0.000468661 0.00047113 0.000471527 0.000470811 0.000469783 0.000469075 0.000469153 0.000470338 0.000472836 0.000476763 0.000482177 0.000489099 0.000497539 0.000507509 0.000519038 0.000532185 0.000547047 0.000563768 0.000582551 0.000603663 0.00062745 0.000654349 0.000684899 0.000719754 0.000759694 0.000805628 0.00085859 0.000919712 0.000990171 0.0010711 0.00116347 0.00126785 0.00138422 0.00151168 0.00164812 0.00179011 0.000414382 0.000423475 0.000429043 0.000431952 0.000433069 0.000433195 0.000433022 0.000433112 0.000433898 0.000435693 0.000438711 0.000443089 0.00044891 0.000456223 0.000465066 0.000475475 0.000487505 0.000501235 0.000516783 0.000534314 0.000554051 0.000576283 0.000601382 0.000629812 0.000662144 0.000699067 0.000741398 0.00079008 0.000846163 0.000910769 0.000985013 0.00106988 0.00116607 0.00127371 0.00139214 0.00151961 0.00165298 0.000368109 0.000379811 0.000387992 0.000393236 0.000396233 0.0003977 0.000398319 0.000398694 0.000399332 0.000400632 0.000402896 0.000406339 0.000411109 0.000417306 0.000424999 0.000434244 0.000445101 0.000457639 0.000471958 0.000488193 0.000506523 0.000527187 0.000550493 0.000576831 0.000606683 0.000640643 0.00067942 0.000723846 0.000774869 0.000833518 0.000900848 0.000977832 0.00106521 0.00116326 0.00127156 0.00138865 0.0015118 0.00032473 0.000338135 0.000348349 0.000355627 0.000360425 0.000363312 0.000364902 0.000365788 0.000366509 0.000367526 0.00036921 0.000371848 0.000375653 0.00038078 0.000387337 0.000395408 0.000405064 0.000416377 0.000429433 0.000444342 0.000461251 0.00048035 0.000501888 0.000526179 0.000553619 0.000584699 0.000620012 0.000660265 0.000706274 0.000758945 0.00081923 0.000888038 0.000966107 0.00105381 0.0011509 0.00125624 0.00136752 0.000284499 0.000298741 0.000310381 0.000319324 0.000325756 0.000330055 0.000332718 0.000334285 0.000335291 0.000336225 0.000337509 0.00033949 0.000342443 0.000346576 0.000352042 0.000358957 0.000367413 0.000377489 0.000389267 0.000402841 0.000418329 0.000435879 0.000455685 0.000477991 0.000503106 0.000531416 0.000563391 0.000599598 0.000640701 0.000687451 0.000740654 0.000801104 0.000869477 0.000946166 0.00103107 0.00112333 0.00122107 0.000247473 0.000261765 0.000274253 0.000284472 0.000292318 0.000297955 0.000301731 0.000304097 0.000305549 0.000306579 0.000307637 0.000309118 0.000311346 0.000314582 0.000319024 0.000324827 0.000332106 0.000340956 0.000351461 0.000363706 0.000377785 0.000393814 0.000411936 0.00043233 0.000455221 0.00048089 0.00050968 0.000542007 0.000578365 0.000619322 0.000665495 0.000717511 0.00077592 0.000841066 0.000912913 0.000990843 0.00107341 0.000213557 0.000227224 0.000240041 0.00025116 0.000260181 0.000267041 0.000271917 0.00027515 0.000277172 0.000278449 0.000279443 0.000280575 0.000282212 0.000284661 0.000288166 0.000292918 0.000299063 0.000306717 0.00031597 0.000326905 0.000339602 0.000354147 0.000370642 0.000389205 0.000409983 0.000433153 0.00045893 0.000487575 0.000519396 0.000554747 0.000594024 0.000637631 0.000685927 0.000739131 0.000797193 0.000859649 0.00092546 0.000182552 0.000195044 0.000207749 0.000219429 0.00022939 0.000237335 0.000243265 0.000247393 0.000250068 0.000251715 0.000252783 0.000253709 0.000254889 0.000256668 0.000259332 0.00026311 0.00026818 0.00027468 0.000282717 0.000292374 0.000303725 0.000316833 0.000331762 0.000348581 0.000367362 0.000388184 0.000411137 0.00043632 0.000463844 0.000493834 0.000526421 0.000561738 0.000599885 0.000640883 0.000684582 0.00073057 0.000778138 0.000154193 0.000165096 0.000177332 0.000189285 0.000199966 0.000208853 0.000215767 0.000220786 0.000224167 0.000226274 0.000227534 0.00022838 0.000229229 0.000230455 0.00023238 0.000235269 0.000239334 0.000244737 0.000251604 0.000260027 0.000270075 0.000281797 0.00029523 0.000310395 0.000327298 0.000345927 0.00036625 0.000388206 0.000411703 0.000436617 0.000462787 0.00049002 0.000518092 0.000546743 0.000575654 0.00060437 0.000632351 0.000128208 0.000137238 0.000148724 0.000160704 0.000171914 0.000181603 0.000189419 0.000195304 0.000199413 0.000202045 0.000203588 0.000204464 0.000205096 0.000205881 0.00020717 0.000209261 0.000212396 0.000216768 0.000222521 0.00022976 0.000238556 0.000248951 0.000260958 0.000274559 0.000289704 0.000306296 0.000324187 0.00034316 0.000362919 0.000383076 0.000403155 0.000422593 0.000440771 0.000457055 0.000470866 0.00048171 0.000489011 0.00010441 0.000111359 0.000121855 0.000133652 0.000145219 0.000155584 0.000164217 0.000170927 0.000175766 0.000178962 0.000180858 0.000181853 0.000182369 0.000182816 0.000183567 0.00018495 0.000187238 0.000190648 0.000195349 0.000201462 0.000209063 0.000218192 0.000228845 0.000240975 0.00025448 0.000269189 0.000284845 0.000301082 0.0003174 0.000333145 0.000347504 0.000359507 0.000368077 0.000372113 0.000370639 0.000363022 0.000348921 7.81764e-05 8.62616e-05 9.7704e-05 0.000109874 0.000121409 0.000131525 0.000139831 0.00014622 0.000150787 0.000153768 0.000155495 0.000156346 0.000156716 0.000156991 0.000157524 0.000158628 0.000160565 0.000163549 0.000167741 0.000173257 0.000180163 0.000188482 0.000198181 0.00020917 0.000221286 0.000234269 0.00024774 0.00026117 0.000273851 0.000284867 0.000293087 0.000297189 0.000295724 0.00028726 0.000270601 0.000245078 0.000211214 5.05253e-05 6.23672e-05 7.52467e-05 8.74412e-05 9.81617e-05 0.000107058 0.000114039 0.000119187 0.000122705 0.000124877 0.000126033 0.000126529 0.000126717 0.000126935 0.000127489 0.000128648 0.000130638 0.000133639 0.000137786 0.000143167 0.000149824 0.000157745 0.000166858 0.000177018 0.000187988 0.000199411 0.000210785 0.000221421 0.000230414 0.000236614 0.000238623 0.000234826 0.000223492 0.000202948 0.000171863 0.000129659 7.71421e-05 2.48116e-05 3.95311e-05 5.30294e-05 6.4699e-05 7.43192e-05 8.18955e-05 8.7565e-05 9.15475e-05 9.41163e-05 9.55776e-05 9.62531e-05 9.64662e-05 9.65295e-05 9.67347e-05 9.73449e-05 9.85888e-05 0.000100657 0.0001037 0.000107826 0.000113096 0.000119522 0.00012706 0.000135595 0.000144925 0.000154739 0.000164585 0.000173838 0.000181657 0.000186952 0.000188357 0.000184236 0.000172724 0.000151858 0.000119787 7.51236e-05 1.74076e-05 -5.24893e-05 1.30483e-06 1.76641e-05 3.10576e-05 4.17664e-05 5.00654e-05 5.62512e-05 6.06332e-05 6.35252e-05 6.52404e-05 6.60881e-05 6.63693e-05 6.63729e-05 6.637e-05 6.66096e-05 6.73142e-05 6.86755e-05 7.08515e-05 7.39636e-05 7.80926e-05 8.32739e-05 8.94905e-05 9.66619e-05 0.000104629 0.000113134 0.000121792 0.000130058 0.000137187 0.000142195 0.00014382 0.000140502 0.000130393 0.000111418 8.14295e-05 3.84553e-05 -1.89121e-05 -9.10498e-05 -0.000176848 -1.97318e-05 -3.09035e-06 9.46648e-06 1.88201e-05 2.56156e-05 3.03655e-05 3.3497e-05 3.53785e-05 3.63362e-05 3.66656e-05 3.66383e-05 3.65047e-05 3.64949e-05 3.6817e-05 3.76552e-05 3.91672e-05 4.14803e-05 4.46882e-05 4.88457e-05 5.39615e-05 5.99887e-05 6.68116e-05 7.42267e-05 8.19192e-05 8.94321e-05 9.61295e-05 0.000101155 0.000103389 0.000101413 9.34935e-05 7.75979e-05 5.14789e-05 1.28435e-05 -4.03597e-05 -0.000109532 -0.000194923 -0.000295097 -3.81081e-05 -2.25233e-05 -1.15337e-05 -3.90789e-06 1.2286e-06 4.51833e-06 6.44959e-06 7.40692e-06 7.70496e-06 7.61096e-06 7.35921e-06 7.15934e-06 7.20025e-06 7.65125e-06 8.66107e-06 1.03554e-05 1.28332e-05 1.61621e-05 2.03714e-05 2.54437e-05 3.13026e-05 3.77968e-05 4.4679e-05 5.15791e-05 5.79703e-05 6.31303e-05 6.60973e-05 6.56278e-05 6.0162e-05 4.78113e-05 2.63885e-05 -6.49634e-06 -5.32436e-05 -0.000115952 -0.000195982 -0.000293413 -0.000406464 -5.37195e-05 -4.04341e-05 -3.1701e-05 -2.61424e-05 -2.27915e-05 -2.09647e-05 -2.01706e-05 -2.00451e-05 -2.03077e-05 -2.07323e-05 -2.11278e-05 -2.13274e-05 -2.11823e-05 -2.05599e-05 -1.93447e-05 -1.74401e-05 -1.47737e-05 -1.13023e-05 -7.0207e-06 -1.97178e-06 3.73918e-06 9.92641e-06 1.63e-05 2.24364e-05 2.77428e-05 3.14155e-05 3.23958e-05 2.93271e-05 2.05232e-05 3.96239e-06 -2.26737e-05 -6.18886e-05 -0.000116159 -0.000187601 -0.000277502 -0.000385749 -0.000510223 -6.65556e-05 -5.66616e-05 -5.07862e-05 -4.75765e-05 -4.60987e-05 -4.57134e-05 -4.59803e-05 -4.65898e-05 -4.73153e-05 -4.79822e-05 -4.84471e-05 -4.85867e-05 -4.82909e-05 -4.74618e-05 -4.60138e-05 -4.38774e-05 -4.10041e-05 -3.73736e-05 -3.30033e-05 -2.79602e-05 -2.23773e-05 -1.64735e-05 -1.05793e-05 -5.16849e-06 -8.95836e-07 1.36018e-06 4.52303e-07 -5.07724e-06 -1.70253e-05 -3.75281e-05 -6.9012e-05 -0.000114069 -0.000175225 -0.000254586 -0.000353347 -0.000471195 -0.000605693 -7.67077e-05 -7.10931e-05 -6.85437e-05 -6.788e-05 -6.83117e-05 -6.93179e-05 -7.05572e-05 -7.18026e-05 -7.28974e-05 -7.3726e-05 -7.41954e-05 -7.42251e-05 -7.37423e-05 -7.26804e-05 -7.09813e-05 -6.85995e-05 -6.55085e-05 -6.17087e-05 -5.72381e-05 -5.21866e-05 -4.67131e-05 -4.10673e-05 -3.56177e-05 -3.08848e-05 -2.75799e-05 -2.66495e-05 -2.93199e-05 -3.7138e-05 -5.19964e-05 -7.61276e-05 -0.000112046 -0.000162408 -0.000229768 -0.000316204 -0.000422804 -0.00054906 -0.000692245 -8.43707e-05 -8.36645e-05 -8.47358e-05 -8.67075e-05 -8.90231e-05 -9.13396e-05 -9.34508e-05 -9.52333e-05 -9.6611e-05 -9.75316e-05 -9.79531e-05 -9.78362e-05 -9.71423e-05 -9.58332e-05 -9.38754e-05 -9.12447e-05 -8.79337e-05 -8.39614e-05 -7.93848e-05 -7.43142e-05 -6.89323e-05 -6.35173e-05 -5.84722e-05 -5.43596e-05 -5.19417e-05 -5.22253e-05 -5.65062e-05 -6.64083e-05 -8.39053e-05 -0.000111309 -0.000151204 -0.000206293 -0.000279142 -0.000371785 -0.000485203 -0.000618703 -0.000769302 -8.98361e-05 -9.43536e-05 -9.9135e-05 -0.000103707 -0.000107813 -0.000111325 -0.000114198 -0.000116422 -0.000118006 -0.000118963 -0.000119299 -0.000119013 -0.000118098 -0.000116541 -0.000114329 -0.000111457 -0.000107933 -0.000103793 -9.91104e-05 -9.40139e-05 -8.87073e-05 -8.34941e-05 -7.88079e-05 -7.52484e-05 -7.36224e-05 -7.49888e-05 -8.0703e-05 -9.2454e-05 -0.000112283 -0.000142566 -0.000185941 -0.000245142 -0.000322735 -0.000420705 -0.000539927 -0.000679543 -0.00083635 -9.34717e-05 -0.000103171 -0.000111526 -0.000118532 -0.000124262 -0.000128826 -0.000132341 -0.000134916 -0.000136643 -0.000137595 -0.000137825 -0.000137365 -0.000136235 -0.000134443 -0.000131994 -0.000128898 -0.000125178 -0.000120883 -0.0001161 -0.000110975 -0.000105729 -0.000100687 -9.63087e-05 -9.3226e-05 -9.22833e-05 -9.45832e-05 -0.00010153 -0.000114868 -0.00013669 -0.000169426 -0.00021575 -0.00027842 -0.000359991 -0.000462399 -0.000586425 -0.000731066 -0.000892934 -9.56897e-05 -0.000110149 -0.000121713 -0.000130855 -0.000137978 -0.000143419 -0.000147452 -0.000150293 -0.000152113 -0.000153037 -0.000153156 -0.000152533 -0.000151208 -0.000149207 -0.000146551 -0.00014326 -0.00013937 -0.000134941 -0.000130071 -0.000124917 -0.000119717 -0.000114814 -0.000110689 -0.000107998 -0.000107618 -0.000110686 -0.000118646 -0.000133282 -0.000156734 -0.000191466 -0.000240182 -0.000305653 -0.00039042 -0.000496377 -0.00062422 -0.000772832 -0.000938673 -9.69034e-05 -0.000115329 -0.000129521 -0.000140382 -0.000148607 -0.000154728 -0.00015915 -0.000162184 -0.000164058 -0.000164945 -0.000164965 -0.000164204 -0.000162719 -0.00016055 -0.000157727 -0.000154281 -0.000150255 -0.000145718 -0.000140777 -0.000135599 -0.000130433 -0.000125635 -0.000121703 -0.000119314 -0.000119365 -0.000123021 -0.000131756 -0.000147385 -0.000172078 -0.000208327 -0.000258857 -0.000326444 -0.000413616 -0.00052223 -0.000652921 -0.000804479 -0.000973254 -9.748e-05 -0.000118754 -0.00013481 -0.000146877 -0.000155864 -0.000162448 -0.000167131 -0.000170287 -0.000172191 -0.000173044 -0.00017299 -0.00017213 -0.000170531 -0.000168243 -0.000165303 -0.000161749 -0.000157629 -0.000153016 -0.000148026 -0.000142831 -0.000137687 -0.000132959 -0.000129158 -0.000126973 -0.000127316 -0.000131371 -0.00014063 -0.00015693 -0.00018246 -0.000219731 -0.000271478 -0.000340481 -0.00042926 -0.000539644 -0.000672225 -0.000825732 -0.00099644 -9.76945e-05 -0.000120458 -0.00013748 -0.000150168 -0.000159545 -0.000166363 -0.000171177 -0.000174393 -0.000176309 -0.000177144 -0.00017705 -0.000176137 -0.00017448 -0.00017213 -0.000169131 -0.00016552 -0.000161352 -0.000156701 -0.000151685 -0.00014648 -0.000141347 -0.000136655 -0.00013292 -0.000130837 -0.000131328 -0.000135584 -0.000145108 -0.000161746 -0.000187697 -0.000225481 -0.00027784 -0.000347554 -0.000437137 -0.000548406 -0.000681929 -0.000836406 -0.00100807 -9.76945e-05 -0.000120458 -0.00013748 -0.000150168 -0.000159545 -0.000166363 -0.000171177 -0.000174393 -0.000176309 -0.000177144 -0.00017705 -0.000176137 -0.00017448 -0.00017213 -0.000169131 -0.00016552 -0.000161352 -0.000156701 -0.000151685 -0.00014648 -0.000141347 -0.000136655 -0.00013292 -0.000130837 -0.000131328 -0.000135584 -0.000145108 -0.000161746 -0.000187697 -0.000225481 -0.00027784 -0.000347554 -0.000437137 -0.000548406 -0.000681929 -0.000836406 -0.00100807 -9.748e-05 -0.000118754 -0.00013481 -0.000146877 -0.000155864 -0.000162448 -0.000167131 -0.000170287 -0.000172191 -0.000173044 -0.00017299 -0.00017213 -0.000170531 -0.000168243 -0.000165303 -0.000161749 -0.000157629 -0.000153016 -0.000148026 -0.000142831 -0.000137687 -0.000132959 -0.000129158 -0.000126973 -0.000127316 -0.000131371 -0.00014063 -0.00015693 -0.00018246 -0.000219731 -0.000271478 -0.000340481 -0.00042926 -0.000539644 -0.000672225 -0.000825732 -0.00099644 -9.69034e-05 -0.000115329 -0.000129521 -0.000140382 -0.000148607 -0.000154728 -0.00015915 -0.000162184 -0.000164058 -0.000164945 -0.000164965 -0.000164204 -0.000162719 -0.00016055 -0.000157727 -0.000154281 -0.000150255 -0.000145718 -0.000140777 -0.000135599 -0.000130433 -0.000125635 -0.000121703 -0.000119314 -0.000119365 -0.000123021 -0.000131756 -0.000147385 -0.000172078 -0.000208327 -0.000258857 -0.000326444 -0.000413616 -0.00052223 -0.000652921 -0.000804479 -0.000973254 -9.56897e-05 -0.000110149 -0.000121713 -0.000130855 -0.000137978 -0.000143419 -0.000147452 -0.000150293 -0.000152113 -0.000153037 -0.000153156 -0.000152533 -0.000151208 -0.000149207 -0.000146551 -0.00014326 -0.00013937 -0.000134941 -0.00013007 -0.000124917 -0.000119717 -0.000114814 -0.000110689 -0.000107998 -0.000107618 -0.000110686 -0.000118646 -0.000133282 -0.000156734 -0.000191466 -0.000240182 -0.000305653 -0.00039042 -0.000496377 -0.00062422 -0.000772832 -0.000938673 -9.34717e-05 -0.000103171 -0.000111526 -0.000118532 -0.000124262 -0.000128826 -0.000132341 -0.000134916 -0.000136643 -0.000137595 -0.000137825 -0.000137365 -0.000136235 -0.000134443 -0.000131994 -0.000128898 -0.000125178 -0.000120883 -0.0001161 -0.000110975 -0.000105729 -0.000100687 -9.63087e-05 -9.3226e-05 -9.22833e-05 -9.45832e-05 -0.00010153 -0.000114868 -0.00013669 -0.000169426 -0.00021575 -0.00027842 -0.000359991 -0.000462399 -0.000586425 -0.000731066 -0.000892934 -8.98361e-05 -9.43536e-05 -9.9135e-05 -0.000103707 -0.000107813 -0.000111325 -0.000114198 -0.000116422 -0.000118006 -0.000118963 -0.000119299 -0.000119013 -0.000118098 -0.000116541 -0.000114329 -0.000111457 -0.000107933 -0.000103793 -9.91104e-05 -9.40139e-05 -8.87073e-05 -8.34941e-05 -7.88079e-05 -7.52484e-05 -7.36224e-05 -7.49888e-05 -8.0703e-05 -9.2454e-05 -0.000112283 -0.000142566 -0.000185941 -0.000245142 -0.000322735 -0.000420705 -0.000539927 -0.000679543 -0.00083635 -8.43707e-05 -8.36645e-05 -8.47358e-05 -8.67075e-05 -8.90231e-05 -9.13396e-05 -9.34508e-05 -9.52333e-05 -9.6611e-05 -9.75316e-05 -9.79531e-05 -9.78362e-05 -9.71423e-05 -9.58332e-05 -9.38754e-05 -9.12447e-05 -8.79337e-05 -8.39614e-05 -7.93848e-05 -7.43142e-05 -6.89323e-05 -6.35173e-05 -5.84722e-05 -5.43596e-05 -5.19417e-05 -5.22253e-05 -5.65062e-05 -6.64082e-05 -8.39053e-05 -0.000111309 -0.000151204 -0.000206293 -0.000279142 -0.000371785 -0.000485203 -0.000618703 -0.000769302 -7.67077e-05 -7.10931e-05 -6.85437e-05 -6.788e-05 -6.83117e-05 -6.93179e-05 -7.05572e-05 -7.18026e-05 -7.28974e-05 -7.3726e-05 -7.41954e-05 -7.42251e-05 -7.37423e-05 -7.26804e-05 -7.09813e-05 -6.85995e-05 -6.55085e-05 -6.17087e-05 -5.72381e-05 -5.21866e-05 -4.67131e-05 -4.10672e-05 -3.56177e-05 -3.08848e-05 -2.75799e-05 -2.66495e-05 -2.93199e-05 -3.7138e-05 -5.19964e-05 -7.61276e-05 -0.000112046 -0.000162408 -0.000229768 -0.000316204 -0.000422804 -0.00054906 -0.000692245 -6.65556e-05 -5.66616e-05 -5.07862e-05 -4.75765e-05 -4.60987e-05 -4.57134e-05 -4.59803e-05 -4.65898e-05 -4.73153e-05 -4.79822e-05 -4.84471e-05 -4.85867e-05 -4.82909e-05 -4.74618e-05 -4.60138e-05 -4.38774e-05 -4.10041e-05 -3.73736e-05 -3.30033e-05 -2.79602e-05 -2.23773e-05 -1.64735e-05 -1.05793e-05 -5.1685e-06 -8.95846e-07 1.36018e-06 4.52304e-07 -5.07724e-06 -1.70253e-05 -3.75281e-05 -6.9012e-05 -0.000114069 -0.000175225 -0.000254586 -0.000353347 -0.000471195 -0.000605693 -5.37195e-05 -4.04341e-05 -3.1701e-05 -2.61424e-05 -2.27915e-05 -2.09647e-05 -2.01706e-05 -2.00451e-05 -2.03077e-05 -2.07323e-05 -2.11278e-05 -2.13274e-05 -2.11823e-05 -2.05599e-05 -1.93447e-05 -1.74401e-05 -1.47737e-05 -1.13023e-05 -7.02071e-06 -1.97178e-06 3.7392e-06 9.92643e-06 1.63e-05 2.24364e-05 2.77428e-05 3.14155e-05 3.23958e-05 2.93271e-05 2.05232e-05 3.96239e-06 -2.26737e-05 -6.18886e-05 -0.000116159 -0.000187601 -0.000277502 -0.000385749 -0.000510223 -3.81081e-05 -2.25233e-05 -1.15337e-05 -3.90789e-06 1.2286e-06 4.51833e-06 6.44959e-06 7.40692e-06 7.70495e-06 7.61095e-06 7.35921e-06 7.15933e-06 7.20024e-06 7.65126e-06 8.66109e-06 1.03554e-05 1.28332e-05 1.61621e-05 2.03714e-05 2.54437e-05 3.13026e-05 3.77967e-05 4.4679e-05 5.15791e-05 5.79703e-05 6.31303e-05 6.60974e-05 6.56279e-05 6.0162e-05 4.78113e-05 2.63885e-05 -6.49636e-06 -5.32436e-05 -0.000115952 -0.000195982 -0.000293413 -0.000406464 -1.97318e-05 -3.09035e-06 9.46648e-06 1.88201e-05 2.56156e-05 3.03655e-05 3.3497e-05 3.53785e-05 3.63362e-05 3.66656e-05 3.66383e-05 3.65048e-05 3.64949e-05 3.6817e-05 3.76552e-05 3.91671e-05 4.14802e-05 4.46882e-05 4.88457e-05 5.39615e-05 5.99887e-05 6.68116e-05 7.42267e-05 8.19192e-05 8.94321e-05 9.61295e-05 0.000101155 0.000103389 0.000101413 9.34935e-05 7.7598e-05 5.14789e-05 1.28436e-05 -4.03597e-05 -0.000109532 -0.000194923 -0.000295097 1.30483e-06 1.76641e-05 3.10576e-05 4.17664e-05 5.00654e-05 5.62512e-05 6.06332e-05 6.35252e-05 6.52404e-05 6.6088e-05 6.63693e-05 6.63729e-05 6.637e-05 6.66096e-05 6.73142e-05 6.86755e-05 7.08516e-05 7.39637e-05 7.80926e-05 8.32739e-05 8.94905e-05 9.66619e-05 0.000104629 0.000113134 0.000121792 0.000130058 0.000137187 0.000142195 0.00014382 0.000140502 0.000130393 0.000111418 8.14294e-05 3.84553e-05 -1.89121e-05 -9.10498e-05 -0.000176848 2.48116e-05 3.95311e-05 5.30294e-05 6.4699e-05 7.43192e-05 8.18955e-05 8.7565e-05 9.15475e-05 9.41163e-05 9.55776e-05 9.62531e-05 9.64662e-05 9.65295e-05 9.67347e-05 9.73449e-05 9.85888e-05 0.000100657 0.0001037 0.000107826 0.000113096 0.000119522 0.00012706 0.000135595 0.000144925 0.000154739 0.000164585 0.000173838 0.000181657 0.000186952 0.000188357 0.000184236 0.000172724 0.000151858 0.000119787 7.51236e-05 1.74076e-05 -5.24893e-05 5.05252e-05 6.23672e-05 7.52467e-05 8.74412e-05 9.81617e-05 0.000107058 0.000114039 0.000119187 0.000122705 0.000124877 0.000126033 0.000126529 0.000126717 0.000126935 0.000127489 0.000128648 0.000130638 0.000133639 0.000137786 0.000143167 0.000149824 0.000157745 0.000166858 0.000177018 0.000187988 0.000199411 0.000210785 0.000221421 0.000230414 0.000236614 0.000238623 0.000234826 0.000223492 0.000202948 0.000171863 0.000129659 7.71421e-05 7.81764e-05 8.62616e-05 9.7704e-05 0.000109874 0.000121409 0.000131525 0.000139831 0.00014622 0.000150787 0.000153768 0.000155495 0.000156346 0.000156716 0.000156991 0.000157524 0.000158628 0.000160565 0.000163549 0.000167741 0.000173257 0.000180164 0.000188482 0.000198181 0.00020917 0.000221286 0.000234269 0.00024774 0.00026117 0.000273851 0.000284867 0.000293087 0.000297189 0.000295724 0.00028726 0.000270601 0.000245078 0.000211214 
Gamma_rphi 1 5920 float
-0.000529161 -0.000532234 -0.00053755 -0.000544043 -0.000550916 -0.000557733 -0.000564351 -0.000570821 -0.000577315 -0.000584056 -0.000591276 -0.000599177 -0.000607922 -0.000617623 -0.000628343 -0.000640103 -0.000652885 -0.000666641 -0.000681292 -0.00069672 -0.00071276 -0.000729177 -0.000745633 -0.000761648 -0.000776541 -0.000789364 -0.000798818 -0.000803164 -0.00080014 -0.00078689 -0.000759951 -0.000715339 -0.000648785 -0.000556205 -0.000434429 -0.000282221 -0.000101676 -0.000538689 -0.000544171 -0.000550762 -0.000557642 -0.000564372 -0.000570815 -0.000577036 -0.000583222 -0.000589614 -0.000596458 -0.000603977 -0.000612342 -0.000621677 -0.000632048 -0.000643481 -0.000655959 -0.000669438 -0.000683845 -0.000699082 -0.00071501 -0.000731446 -0.000748127 -0.000764687 -0.000780606 -0.000795159 -0.000807342 -0.000815801 -0.000818747 -0.00081388 -0.000798339 -0.000768715 -0.000721154 -0.000651629 -0.000556414 -0.000432823 -0.00028021 -0.000101022 -0.000549448 -0.000556696 -0.000563925 -0.000570758 -0.00057711 -0.000583094 -0.000588936 -0.000594916 -0.000601311 -0.000608367 -0.000616276 -0.00062517 -0.000635123 -0.000646162 -0.000658269 -0.000671397 -0.000685476 -0.000700413 -0.000716089 -0.000732349 -0.000748987 -0.000765716 -0.000782138 -0.000797693 -0.000811609 -0.000822835 -0.000829968 -0.000831179 -0.000824152 -0.000806055 -0.000773568 -0.000723022 -0.000650682 -0.000553238 -0.000428506 -0.00027631 -9.92455e-05 -0.000561326 -0.000569462 -0.000576717 -0.00058314 -0.000588942 -0.00059443 -0.000599946 -0.000605817 -0.000612328 -0.000619697 -0.000628073 -0.000637537 -0.000648116 -0.00065979 -0.000672506 -0.000686188 -0.000700744 -0.000716062 -0.000732007 -0.000748408 -0.000765034 -0.000781576 -0.000797599 -0.000812509 -0.000825488 -0.000835442 -0.000840927 -0.000840092 -0.000830631 -0.000809767 -0.000774315 -0.00072083 -0.000645916 -0.000546696 -0.000421477 -0.0002705 -9.67629e-05 -0.000573961 -0.000582089 -0.000588817 -0.000594533 -0.000599672 -0.000604674 -0.000609944 -0.000615819 -0.000622557 -0.000630329 -0.000639228 -0.00064928 -0.000660459 -0.000672705 -0.000685934 -0.000700044 -0.000714926 -0.000730453 -0.000746474 -0.000762801 -0.000779185 -0.000795286 -0.000810642 -0.000824619 -0.000836361 -0.000844735 -0.000848274 -0.00084512 -0.000833001 -0.000809232 -0.000770793 -0.000714503 -0.000637331 -0.000536848 -0.000411837 -0.000262998 -9.36972e-05 -0.000586826 -0.000594131 -0.000599867 -0.000604657 -0.000609083 -0.000613654 -0.000618785 -0.000624785 -0.000631855 -0.000640101 -0.000649552 -0.000660174 -0.000671895 -0.000684617 -0.000698228 -0.000712612 -0.000727642 -0.00074318 -0.000759062 -0.000775086 -0.00079098 -0.00080638 -0.000820793 -0.000833551 -0.000843765 -0.000850276 -0.000851603 -0.000845907 -0.000830972 -0.000804235 -0.000762876 -0.000704007 -0.000624979 -0.000523815 -0.000399774 -0.000253996 -9.01241e-05 -0.000599253 -0.000605062 -0.000609454 -0.000613193 -0.000616927 -0.000621169 -0.000626293 -0.000632539 -0.00064003 -0.000648795 -0.00065879 -0.000669928 -0.000682093 -0.000695157 -0.000708991 -0.000723462 -0.000738437 -0.000753768 -0.000769281 -0.000784757 -0.000799907 -0.000814341 -0.000827539 -0.000838803 -0.000847221 -0.000851617 -0.000850515 -0.000842113 -0.000824281 -0.000794603 -0.000750487 -0.00068936 -0.000608963 -0.000507772 -0.000385502 -0.000243673 -8.61125e-05 -0.000610452 -0.000614267 -0.000617106 -0.000619779 -0.000622919 -0.000626979 -0.000632242 -0.000638849 -0.000646826 -0.000656115 -0.000666608 -0.000678164 -0.000690635 -0.000703873 -0.000717736 -0.000732086 -0.000746782 -0.000761673 -0.000776573 -0.000791252 -0.000805401 -0.000818611 -0.000830335 -0.000839855 -0.000846241 -0.000848317 -0.000844629 -0.000833433 -0.000812708 -0.000780213 -0.000733604 -0.000670634 -0.000589442 -0.000488935 -0.000369247 -0.000232206 -8.17298e-05 -0.000619507 -0.000621044 -0.000622287 -0.000624003 -0.000626729 -0.000630793 -0.000636349 -0.000643412 -0.000651902 -0.000661679 -0.000672573 -0.000684406 -0.000697007 -0.000710217 -0.000723889 -0.000737886 -0.000752066 -0.000766273 -0.000780316 -0.000793951 -0.000806853 -0.000818596 -0.000828613 -0.000836172 -0.000840339 -0.00083995 -0.000833593 -0.000819601 -0.000796086 -0.000761 -0.000712263 -0.000647962 -0.00056662 -0.00046755 -0.000351247 -0.00021977 -7.70431e-05 -0.00062539 -0.000624609 -0.00062441 -0.000625412 -0.000627978 -0.000632261 -0.000638252 -0.000645832 -0.000654817 -0.000664992 -0.000676144 -0.000688069 -0.000700587 -0.000713538 -0.000726781 -0.000740183 -0.000753604 -0.000766886 -0.000779832 -0.000792189 -0.00080362 -0.000813682 -0.000821798 -0.00082723 -0.000829052 -0.000826127 -0.000817101 -0.000800408 -0.000774308 -0.000736963 -0.000686565 -0.000621529 -0.000540744 -0.000443886 -0.000331745 -0.000206539 -7.21177e-05 -0.000626967 -0.000624124 -0.000622844 -0.000623505 -0.000626228 -0.000630953 -0.000637495 -0.000645604 -0.000655007 -0.000665438 -0.000676655 -0.000688449 -0.000700643 -0.000713088 -0.000725654 -0.000738216 -0.00075064 -0.000762768 -0.000774399 -0.000785272 -0.00079504 -0.000803251 -0.000809325 -0.000812527 -0.000811951 -0.000806505 -0.000794909 -0.000775713 -0.00074734 -0.000708172 -0.000656672 -0.000591572 -0.000512094 -0.000418225 -0.000310988 -0.000192681 -6.70163e-05 -0.000623048 -0.00061872 -0.000616936 -0.000617741 -0.000620973 -0.000626342 -0.0006335 -0.000642089 -0.000651775 -0.000662265 -0.000673314 -0.000684725 -0.000696339 -0.000708025 -0.00071967 -0.000731161 -0.00074237 -0.000753142 -0.000763272 -0.000772494 -0.000780456 -0.000786704 -0.00079066 -0.000791605 -0.000788667 -0.000780811 -0.000766845 -0.00074545 -0.000715223 -0.000674766 -0.000622807 -0.00055837 -0.000480974 -0.000390861 -0.000289218 -0.000178357 -6.17973e-05 -0.000612449 -0.000607551 -0.000606026 -0.000607535 -0.00061162 -0.000617786 -0.000625556 -0.000634506 -0.000644279 -0.000654587 -0.000665207 -0.000675972 -0.000686749 -0.000697436 -0.000707937 -0.000718153 -0.000727965 -0.000737219 -0.00074571 -0.00075317 -0.000759246 -0.000763487 -0.000765328 -0.000764078 -0.000758908 -0.000748854 -0.000732826 -0.000709643 -0.000678079 -0.000636954 -0.000585246 -0.000522239 -0.000447706 -0.000362086 -0.000266669 -0.000163717 -5.65144e-05 -0.000594098 -0.000589848 -0.000589473 -0.000592254 -0.000597481 -0.000604513 -0.000612807 -0.000621929 -0.000631543 -0.000641401 -0.000651324 -0.000661185 -0.000670892 -0.000680369 -0.000689542 -0.000698325 -0.000706607 -0.000714237 -0.000721013 -0.000726666 -0.000730849 -0.000733122 -0.000732942 -0.000729652 -0.000722481 -0.000710546 -0.000692866 -0.000668403 -0.000636109 -0.00059501 -0.000544309 -0.00048352 -0.000412619 -0.000332189 -0.00024356 -0.000148897 -5.12148e-05 -0.000567175 -0.000564987 -0.000566673 -0.000571218 -0.000577763 -0.00058562 -0.000594264 -0.00060331 -0.00061249 -0.000621625 -0.000630597 -0.000639331 -0.000647775 -0.000655882 -0.000663598 -0.000670852 -0.000677537 -0.000683508 -0.000688565 -0.000692446 -0.000694813 -0.000695244 -0.000693228 -0.000688153 -0.000679312 -0.00066591 -0.000647083 -0.000621936 -0.000589589 -0.00054926 -0.000500351 -0.000442567 -0.000376038 -0.000301439 -0.00022009 -0.000134016 -4.5939e-05 -0.000531262 -0.000532554 -0.00053708 -0.000543708 -0.000551586 -0.000560103 -0.00056884 -0.000577526 -0.000585997 -0.000594162 -0.000601974 -0.000609413 -0.000616465 -0.000623111 -0.000629315 -0.000635015 -0.000640112 -0.000644465 -0.000647882 -0.000650108 -0.000650824 -0.000649632 -0.000646058 -0.000639544 -0.000629456 -0.000615091 -0.000595703 -0.000570533 -0.000538862 -0.000500076 -0.000453748 -0.000399735 -0.000338276 -0.000270087 -0.000196435 -0.000119173 -4.07197e-05 -0.000486487 -0.000492394 -0.000500227 -0.000508988 -0.000518019 -0.000526912 -0.000535433 -0.000543471 -0.000550989 -0.000557991 -0.000564504 -0.000570558 -0.000576171 -0.000581349 -0.000586066 -0.000590271 -0.00059387 -0.00059673 -0.000598666 -0.00059944 -0.000598753 -0.00059624 -0.000591471 -0.000583948 -0.000573113 -0.000558359 -0.000539053 -0.000514567 -0.000484326 -0.000447861 -0.000404886 -0.000355369 -0.000299618 -0.00023835 -0.000172741 -0.000104448 -3.55817e-05 -0.000433601 -0.000444646 -0.000455766 -0.000466373 -0.000476174 -0.000485061 -0.00049304 -0.000500175 -0.00050656 -0.000512291 -0.000517456 -0.000522125 -0.000526344 -0.000530131 -0.000533473 -0.000536322 -0.000538594 -0.000540162 -0.000540855 -0.000540454 -0.000538687 -0.000535228 -0.000529695 -0.000521655 -0.000510629 -0.000496105 -0.000477557 -0.000454478 -0.000426418 -0.000393032 -0.00035414 -0.000309791 -0.000260321 -0.000206411 -0.000149121 -8.98969e-05 -3.05411e-05 -0.000373957 -0.000389739 -0.000403517 -0.000415325 -0.000425336 -0.000433784 -0.000440915 -0.00044696 -0.000452122 -0.00045657 -0.000460435 -0.000463816 -0.000466772 -0.000469331 -0.000471486 -0.000473193 -0.000474375 -0.000474918 -0.000474667 -0.000473426 -0.000470957 -0.000466976 -0.000461155 -0.000453128 -0.000442495 -0.000428834 -0.000411722 -0.000390759 -0.000365602 -0.000336006 -0.000301871 -0.000263289 -0.000220598 -0.000174414 -0.000125657 -7.55538e-05 -2.56059e-05 -0.000309343 -0.000328366 -0.000343549 -0.000355599 -0.000365144 -0.000372716 -0.000378754 -0.000383609 -0.000387555 -0.000390804 -0.000393509 -0.000395779 -0.000397679 -0.000399237 -0.00040045 -0.000401281 -0.00040166 -0.000401487 -0.000400629 -0.000398918 -0.000396152 -0.000392095 -0.000386477 -0.000378998 -0.000369335 -0.000357155 -0.000342126 -0.000323943 -0.000302354 -0.000277191 -0.000248406 -0.000216114 -0.000180622 -0.00014246 -0.000102396 -6.14312e-05 -2.0776e-05 -0.000241679 -0.000261438 -0.000276275 -0.00028741 -0.000295775 -0.000302079 -0.000306858 -0.000310511 -0.000313336 -0.000315547 -0.000317297 -0.000318689 -0.000319783 -0.000320606 -0.000321155 -0.000321398 -0.000321278 -0.000320712 -0.000319591 -0.000317781 -0.000315121 -0.000311422 -0.000306476 -0.000300048 -0.000291894 -0.000281759 -0.000269397 -0.000254586 -0.000237146 -0.000216969 -0.00019404 -0.000168469 -0.000140517 -0.00011061 -7.93526e-05 -4.7521e-05 -1.60438e-05 -0.000172654 -0.000190034 -0.000202554 -0.000211582 -0.000218103 -0.000222825 -0.000226257 -0.000228767 -0.000230616 -0.000231991 -0.000233018 -0.000233781 -0.000234328 -0.000234681 -0.000234837 -0.000234771 -0.00023444 -0.000233783 -0.000232719 -0.000231148 -0.000228954 -0.000226001 -0.000222139 -0.000217202 -0.000211017 -0.000203407 -0.000194203 -0.000183253 -0.00017044 -0.000155696 -0.000139025 -0.000120516 -0.000100366 -7.88863e-05 -5.65123e-05 -3.37968e-05 -1.13952e-05 -0.000103412 -0.000115353 -0.000123731 -0.00012962 -0.000133763 -0.000136681 -0.000138739 -0.000140193 -0.000141224 -0.000141955 -0.000142471 -0.000142827 -0.000143052 -0.000143162 -0.000143153 -0.000143011 -0.000142707 -0.000142205 -0.000141454 -0.000140394 -0.000138954 -0.000137052 -0.000134597 -0.000131491 -0.00012763 -0.000122911 -0.000117235 -0.000110513 -0.00010268 -9.36994e-05 -8.35782e-05 -7.23753e-05 -6.02118e-05 -4.7278e-05 -3.38362e-05 -2.0217e-05 -6.81041e-06 -3.44191e-05 -3.86749e-05 -4.16226e-05 -4.36683e-05 -4.50889e-05 -4.60754e-05 -4.67601e-05 -4.72351e-05 -4.75641e-05 -4.7791e-05 -4.79452e-05 -4.80456e-05 -4.81028e-05 -4.81214e-05 -4.81006e-05 -4.80351e-05 -4.79159e-05 -4.77297e-05 -4.746e-05 -4.70864e-05 -4.6585e-05 -4.59285e-05 -4.50867e-05 -4.40268e-05 -4.27145e-05 -4.11155e-05 -3.91972e-05 -3.6931e-05 -3.42955e-05 -3.12795e-05 -2.78859e-05 -2.41353e-05 -2.00687e-05 -1.57499e-05 -1.12665e-05 -6.72859e-06 -2.26559e-06 3.44191e-05 3.86749e-05 4.16226e-05 4.36683e-05 4.50889e-05 4.60754e-05 4.67601e-05 4.72351e-05 4.75641e-05 4.7791e-05 4.79452e-05 4.80456e-05 4.81028e-05 4.81214e-05 4.81006e-05 4.80351e-05 4.79159e-05 4.77297e-05 4.746e-05 4.70864e-05 4.6585e-05 4.59285e-05 4.50867e-05 4.40268e-05 4.27145e-05 4.11155e-05 3.91972e-05 3.6931e-05 3.42955e-05 3.12795e-05 2.78859e-05 2.41353e-05 2.00687e-05 1.57499e-05 1.12665e-05 6.72859e-06 2.26559e-06 0.000103412 0.000115353 0.000123731 0.00012962 0.000133763 0.000136681 0.000138739 0.000140193 0.000141224 0.000141955 0.000142471 0.000142827 0.000143052 0.000143162 0.000143153 0.000143011 0.000142707 0.000142205 0.000141454 0.000140394 0.000138954 0.000137052 0.000134597 0.000131491 0.00012763 0.000122911 0.000117235 0.000110513 0.00010268 9.36994e-05 8.35782e-05 7.23753e-05 6.02118e-05 4.7278e-05 3.38362e-05 2.0217e-05 6.81041e-06 0.000172654 0.000190034 0.000202554 0.000211582 0.000218103 0.000222825 0.000226257 0.000228767 0.000230616 0.000231991 0.000233018 0.000233781 0.000234328 0.000234681 0.000234837 0.000234771 0.00023444 0.000233783 0.000232719 0.000231148 0.000228954 0.000226001 0.000222139 0.000217202 0.000211017 0.000203407 0.000194203 0.000183253 0.00017044 0.000155696 0.000139025 0.000120516 0.000100366 7.88863e-05 5.65123e-05 3.37968e-05 1.13952e-05 0.000241679 0.000261438 0.000276275 0.00028741 0.000295775 0.000302079 0.000306858 0.000310511 0.000313336 0.000315547 0.000317297 0.000318689 0.000319783 0.000320606 0.000321155 0.000321398 0.000321278 0.000320712 0.000319591 0.000317781 0.000315121 0.000311422 0.000306476 0.000300048 0.000291894 0.000281759 0.000269397 0.000254586 0.000237146 0.000216969 0.00019404 0.000168469 0.000140517 0.00011061 7.93526e-05 4.7521e-05 1.60438e-05 0.000309343 0.000328366 0.000343549 0.000355599 0.000365144 0.000372716 0.000378754 0.000383609 0.000387555 0.000390804 0.000393509 0.000395779 0.000397679 0.000399237 0.00040045 0.000401281 0.00040166 0.000401487 0.000400629 0.000398918 0.000396152 0.000392095 0.000386477 0.000378998 0.000369335 0.000357155 0.000342126 0.000323943 0.000302354 0.000277191 0.000248406 0.000216114 0.000180622 0.00014246 0.000102396 6.14312e-05 2.0776e-05 0.000373957 0.000389739 0.000403517 0.000415325 0.000425336 0.000433784 0.000440915 0.00044696 0.000452122 0.00045657 0.000460435 0.000463816 0.000466772 0.000469331 0.000471486 0.000473193 0.000474375 0.000474918 0.000474667 0.000473426 0.000470957 0.000466976 0.000461155 0.000453128 0.000442495 0.000428834 0.000411722 0.000390759 0.000365602 0.000336006 0.000301871 0.000263289 0.000220598 0.000174414 0.000125657 7.55538e-05 2.56059e-05 0.000433601 0.000444646 0.000455766 0.000466373 0.000476174 0.000485061 0.00049304 0.000500175 0.00050656 0.000512291 0.000517456 0.000522125 0.000526344 0.000530131 0.000533473 0.000536322 0.000538594 0.000540162 0.000540855 0.000540454 0.000538687 0.000535228 0.000529695 0.000521655 0.000510629 0.000496105 0.000477557 0.000454478 0.000426418 0.000393032 0.00035414 0.000309791 0.000260321 0.000206411 0.000149121 8.98969e-05 3.05411e-05 0.000486487 0.000492394 0.000500227 0.000508988 0.000518019 0.000526912 0.000535433 0.000543471 0.000550989 0.000557991 0.000564504 0.000570558 0.000576171 0.000581349 0.000586066 0.000590271 0.00059387 0.00059673 0.000598666 0.00059944 0.000598753 0.00059624 0.000591471 0.000583948 0.000573113 0.000558359 0.000539053 0.000514567 0.000484326 0.000447861 0.000404886 0.000355369 0.000299618 0.00023835 0.000172741 0.000104448 3.55817e-05 0.000531262 0.000532554 0.00053708 0.000543708 0.000551586 0.000560103 0.00056884 0.000577526 0.000585997 0.000594162 0.000601974 0.000609413 0.000616465 0.000623111 0.000629315 0.000635015 0.000640112 0.000644465 0.000647882 0.000650108 0.000650824 0.000649632 0.000646058 0.000639544 0.000629456 0.000615091 0.000595703 0.000570533 0.000538862 0.000500076 0.000453748 0.000399735 0.000338276 0.000270087 0.000196435 0.000119173 4.07197e-05 0.000567175 0.000564987 0.000566673 0.000571218 0.000577763 0.00058562 0.000594264 0.00060331 0.00061249 0.000621625 0.000630597 0.000639331 0.000647775 0.000655882 0.000663598 0.000670852 0.000677537 0.000683508 0.000688565 0.000692446 0.000694813 0.000695244 0.000693228 0.000688153 0.000679312 0.00066591 0.000647083 0.000621936 0.000589589 0.00054926 0.000500351 0.000442567 0.000376038 0.000301439 0.00022009 0.000134016 4.5939e-05 0.000594098 0.000589848 0.000589473 0.000592254 0.000597481 0.000604513 0.000612807 0.000621929 0.000631543 0.000641401 0.000651324 0.000661185 0.000670892 0.000680369 0.000689542 0.000698325 0.000706607 0.000714237 0.000721013 0.000726666 0.000730849 0.000733122 0.000732942 0.000729652 0.000722481 0.000710546 0.000692866 0.000668403 0.000636109 0.00059501 0.000544309 0.00048352 0.000412619 0.000332189 0.00024356 0.000148897 5.12148e-05 0.000612449 0.000607551 0.000606026 0.000607535 0.00061162 0.000617786 0.000625556 0.000634506 0.000644279 0.000654587 0.000665207 0.000675972 0.000686749 0.000697436 0.000707937 0.000718153 0.000727965 0.000737219 0.00074571 0.00075317 0.000759246 0.000763487 0.000765328 0.000764078 0.000758908 0.000748854 0.000732826 0.000709643 0.000678079 0.000636954 0.000585246 0.000522239 0.000447706 0.000362086 0.000266669 0.000163717 5.65144e-05 0.000623048 0.00061872 0.000616936 0.000617741 0.000620973 0.000626342 0.0006335 0.000642089 0.000651775 0.000662265 0.000673314 0.000684725 0.000696339 0.000708025 0.00071967 0.000731161 0.00074237 0.000753142 0.000763272 0.000772494 0.000780456 0.000786704 0.00079066 0.000791605 0.000788667 0.000780811 0.000766845 0.00074545 0.000715223 0.000674766 0.000622807 0.00055837 0.000480974 0.000390861 0.000289218 0.000178357 6.17973e-05 0.000626967 0.000624124 0.000622844 0.000623505 0.000626228 0.000630953 0.000637495 0.000645604 0.000655007 0.000665438 0.000676655 0.000688449 0.000700643 0.000713088 0.000725654 0.000738216 0.00075064 0.000762768 0.000774399 0.000785272 0.00079504 0.000803251 0.000809325 0.000812527 0.000811951 0.000806505 0.000794909 0.000775713 0.00074734 0.000708172 0.000656672 0.000591572 0.000512094 0.000418225 0.000310988 0.000192681 6.70163e-05 0.00062539 0.000624609 0.00062441 0.000625412 0.000627978 0.000632261 0.000638252 0.000645832 0.000654817 0.000664992 0.000676144 0.000688069 0.000700587 0.000713538 0.000726781 0.000740183 0.000753604 0.000766886 0.000779832 0.000792189 0.00080362 0.000813682 0.000821798 0.00082723 0.000829052 0.000826127 0.000817101 0.000800408 0.000774308 0.000736963 0.000686565 0.000621529 0.000540744 0.000443886 0.000331745 0.000206539 7.21177e-05 0.000619507 0.000621044 0.000622287 0.000624003 0.000626729 0.000630793 0.000636349 0.000643412 0.000651902 0.000661679 0.000672573 0.000684406 0.000697007 0.000710217 0.000723889 0.000737886 0.000752066 0.000766273 0.000780316 0.000793951 0.000806853 0.000818596 0.000828613 0.000836172 0.000840339 0.00083995 0.000833593 0.000819601 0.000796086 0.000761 0.000712263 0.000647962 0.00056662 0.00046755 0.000351247 0.00021977 7.70431e-05 0.000610452 0.000614267 0.000617106 0.000619779 0.000622919 0.000626979 0.000632242 0.000638849 0.000646826 0.000656115 0.000666608 0.000678164 0.000690635 0.000703873 0.000717736 0.000732086 0.000746782 0.000761673 0.000776573 0.000791252 0.000805401 0.000818611 0.000830335 0.000839855 0.000846241 0.000848317 0.000844629 0.000833433 0.000812708 0.000780213 0.000733604 0.000670634 0.000589442 0.000488935 0.000369247 0.000232206 8.17298e-05 0.000599253 0.000605062 0.000609454 0.000613193 0.000616927 0.000621169 0.000626293 0.000632539 0.00064003 0.000648795 0.00065879 0.000669928 0.000682093 0.000695157 0.000708991 0.000723462 0.000738437 0.000753768 0.000769281 0.000784757 0.000799907 0.000814341 0.000827539 0.000838803 0.000847221 0.000851617 0.000850515 0.000842113 0.000824281 0.000794603 0.000750487 0.00068936 0.000608963 0.000507772 0.000385502 0.000243673 8.61125e-05 0.000586826 0.000594131 0.000599867 0.000604657 0.000609083 0.000613654 0.000618785 0.000624785 0.000631855 0.000640101 0.000649552 0.000660174 0.000671895 0.000684617 0.000698228 0.000712612 0.000727642 0.00074318 0.000759062 0.000775086 0.00079098 0.00080638 0.000820793 0.000833551 0.000843765 0.000850276 0.000851603 0.000845907 0.000830972 0.000804235 0.000762876 0.000704007 0.000624979 0.000523815 0.000399774 0.000253996 9.01241e-05 0.000573961 0.000582089 0.000588817 0.000594533 0.000599672 0.000604674 0.000609944 0.000615819 0.000622557 0.000630329 0.000639228 0.00064928 0.000660459 0.000672705 0.000685934 0.000700044 0.000714926 0.000730453 0.000746474 0.000762801 0.000779185 0.000795286 0.000810642 0.000824619 0.000836361 0.000844735 0.000848274 0.00084512 0.000833001 0.000809232 0.000770793 0.000714503 0.000637331 0.000536848 0.000411837 0.000262998 9.36972e-05 0.000561326 0.000569462 0.000576717 0.00058314 0.000588942 0.00059443 0.000599946 0.000605817 0.000612328 0.000619697 0.000628073 0.000637537 0.000648116 0.00065979 0.000672506 0.000686188 0.000700744 0.000716062 0.000732007 0.000748408 0.000765034 0.000781576 0.000797599 0.000812509 0.000825488 0.000835442 0.000840927 0.000840092 0.000830631 0.000809767 0.000774315 0.00072083 0.000645916 0.000546696 0.000421477 0.0002705 9.67629e-05 0.000549448 0.000556696 0.000563925 0.000570758 0.00057711 0.000583094 0.000588936 0.000594916 0.000601311 0.000608367 0.000616276 0.00062517 0.000635123 0.000646162 0.000658269 0.000671397 0.000685476 0.000700413 0.000716089 0.000732349 0.000748987 0.000765716 0.000782138 0.000797693 0.000811609 0.000822835 0.000829968 0.000831179 0.000824152 0.000806055 0.000773568 0.000723022 0.000650682 0.000553238 0.000428506 0.00027631 9.92455e-05 0.000538689 0.000544171 0.000550762 0.000557642 0.000564372 0.000570815 0.000577036 0.000583222 0.000589614 0.000596458 0.000603977 0.000612342 0.000621677 0.000632048 0.000643481 0.000655959 0.000669438 0.000683845 0.000699082 0.00071501 0.000731446 0.000748127 0.000764687 0.000780606 0.000795159 0.000807342 0.000815801 0.000818747 0.00081388 0.000798339 0.000768715 0.000721154 0.000651629 0.000556414 0.000432823 0.00028021 0.000101022 0.000529161 0.000532234 0.00053755 0.000544043 0.000550916 0.000557733 0.000564351 0.000570821 0.000577315 0.000584056 0.000591276 0.000599177 0.000607922 0.000617623 0.000628343 0.000640103 0.000652885 0.000666641 0.000681292 0.00069672 0.00071276 0.000729177 0.000745633 0.000761648 0.000776541 0.000789364 0.000798818 0.000803164 0.00080014 0.00078689 0.000759951 0.000715339 0.000648785 0.000556205 0.000434429 0.000282221 0.000101676 0.000518968 0.000520692 0.000524995 0.000531007 0.000537796 0.000544772 0.000551656 0.000558399 0.000565103 0.000571945 0.000579134 0.000586868 0.000595318 0.000604613 0.000614836 0.000626031 0.000638204 0.000651325 0.00066533 0.000680117 0.000695531 0.000711348 0.000727243 0.000742751 0.000757212 0.000769704 0.000778966 0.000783307 0.000780522 0.000767826 0.000741833 0.000698635 0.000634031 0.000543975 0.000425293 0.000276673 9.99809e-05 0.000504099 0.000505854 0.000510667 0.000517064 0.000524123 0.0005313 0.000538347 0.000545226 0.000552028 0.000558918 0.000566086 0.000573718 0.000581975 0.000590983 0.00060083 0.000611566 0.000623206 0.000635729 0.000649077 0.000663151 0.000677797 0.000692787 0.000707791 0.000722337 0.000735762 0.000747149 0.000755252 0.000758422 0.000754527 0.000740902 0.000714344 0.000671204 0.000607616 0.000519937 0.000405429 0.0002632 9.51944e-05 0.000485463 0.000487964 0.000493562 0.000500554 0.000508006 0.000515426 0.00052261 0.000529546 0.000536337 0.000543148 0.000550165 0.000557567 0.000565513 0.000574129 0.000583505 0.000593696 0.000604723 0.000616569 0.000629182 0.000642463 0.000656258 0.000670335 0.000684363 0.000697865 0.000710183 0.000720411 0.000727332 0.00072935 0.000724421 0.000710021 0.000683144 0.000640411 0.000578301 0.000493566 0.00038387 0.000248601 8.96585e-05 0.000462856 0.000467015 0.000473723 0.000481431 0.000489301 0.000496927 0.000504169 0.000511057 0.000517718 0.000524328 0.000531073 0.000538135 0.00054567 0.000553803 0.000562627 0.000572199 0.000582541 0.000593642 0.00060545 0.000617868 0.000630739 0.000643832 0.000656813 0.000669211 0.000680374 0.000689418 0.000695167 0.000696088 0.000690246 0.000675264 0.000648352 0.00060641 0.000546254 0.000465013 0.000360706 0.000232952 8.37868e-05 0.000436512 0.000442989 0.000451065 0.000459548 0.000467801 0.00047555 0.000482743 0.000489468 0.000495882 0.000502177 0.000508549 0.000515176 0.000522216 0.000529792 0.000537996 0.000546886 0.000556485 0.000566783 0.000577727 0.000589222 0.00060111 0.000613161 0.000625044 0.000636295 0.000646281 0.000654146 0.000658763 0.000658682 0.00065208 0.000636749 0.00061012 0.000569373 0.000511656 0.000434453 0.000336104 0.000216466 7.76656e-05 0.000406825 0.000415944 0.000425498 0.000434733 0.000443283 0.000451042 0.000458069 0.000464515 0.000470575 0.000476461 0.000482372 0.00048849 0.000494968 0.000501929 0.00050946 0.000517619 0.000526428 0.000535874 0.000545908 0.000556432 0.000567291 0.000578258 0.00058901 0.000599095 0.000607905 0.000614622 0.000618182 0.000617222 0.00061005 0.000594632 0.000568628 0.000529498 0.000474711 0.000402085 0.000310258 0.000199295 7.13445e-05 0.000374245 0.000386 0.000396961 0.000406831 0.000415543 0.000423182 0.000429923 0.000435984 0.000441601 0.000446998 0.000452383 0.000457936 0.000463804 0.000470106 0.000476926 0.000484317 0.0004923 0.00050086 0.000509948 0.000519467 0.000529266 0.000539123 0.000548728 0.000557648 0.000565306 0.000570933 0.000573534 0.000571848 0.000564322 0.000549103 0.000524085 0.000487003 0.000435637 0.000368115 0.000283348 0.000181563 6.48627e-05 0.000339241 0.000353324 0.00036544 0.000375733 0.000384431 0.000391806 0.000398144 0.000403731 0.000408831 0.000413683 0.000418496 0.000423445 0.000428672 0.000434288 0.000440372 0.000446971 0.000454104 0.000461754 0.000469872 0.000478364 0.000487085 0.000495823 0.000504282 0.000512057 0.000518609 0.000523224 0.000524989 0.000522751 0.000515105 0.000500388 0.000476724 0.000442123 0.000394657 0.000332747 0.000255538 0.000163372 5.82544e-05 0.000302285 0.000318119 0.000330976 0.000341396 0.000349868 0.000356827 0.000362657 0.000367694 0.000372225 0.000376495 0.000380709 0.000385035 0.000389605 0.000394522 0.000399857 0.000405652 0.000411921 0.000418648 0.000425784 0.000433239 0.000440876 0.000448498 0.000455829 0.000462496 0.000468003 0.000471703 0.00047277 0.00047017 0.00046265 0.000448743 0.000426802 0.000395103 0.000352 0.000296175 0.000226977 0.000144813 5.1549e-05 0.000263828 0.000280616 0.00029367 0.000303854 0.000311864 0.000318257 0.000323485 0.000327915 0.000331844 0.000335513 0.000339119 0.000342817 0.000346729 0.000350945 0.000355529 0.000360517 0.00036592 0.000371721 0.000377872 0.00038429 0.00039085 0.000397371 0.000403602 0.000409209 0.000413747 0.00041664 0.000417157 0.00041439 0.000407247 0.000394452 0.000374593 0.000346198 0.000307888 0.000258583 0.000197796 0.000125963 4.47713e-05 0.000224288 0.000241065 0.000253686 0.000263236 0.000270539 0.000276222 0.000280768 0.00028455 0.00028786 0.000290926 0.000293929 0.000297007 0.000300269 0.000303793 0.000307633 0.00031182 0.000316361 0.000321239 0.00032641 0.000331801 0.000337298 0.000342741 0.000347911 0.000352515 0.000356165 0.000358364 0.000358482 0.000355743 0.000349216 0.000337825 0.000320382 0.000295665 0.000262539 0.00022014 0.000168114 0.00010689 3.79418e-05 0.00018403 0.00019974 0.00021126 0.000219768 0.000226126 0.000230968 0.000234767 0.000237877 0.000240564 0.000243036 0.000245449 0.000247925 0.000250553 0.000253399 0.000256509 0.000259906 0.000263595 0.00026756 0.000271763 0.000276139 0.000280593 0.000284988 0.00028914 0.0002928 0.000295646 0.000297262 0.000297126 0.000294598 0.000288912 0.00027919 0.000264468 0.00024376 0.000216164 0.000181006 0.000138036 8.76466e-05 3.10765e-05 0.000143348 0.000156932 0.000166701 0.000173782 0.000178977 0.000182866 0.000185868 0.00018829 0.000190363 0.000192257 0.000194101 0.000195995 0.000198009 0.000200197 0.000202592 0.000205212 0.000208062 0.000211126 0.000214375 0.000217754 0.000221188 0.000224566 0.000227741 0.000230516 0.000232635 0.000233771 0.000233513 0.000231359 0.000226714 0.000218893 0.000207154 0.00019074 0.000168964 0.000141325 0.000107654 6.828e-05 2.41879e-05 0.000102454 0.000112948 0.000120389 0.000125709 0.00012956 0.000132404 0.000134572 0.000136302 0.00013777 0.000139105 0.000140403 0.000141736 0.000143157 0.000144704 0.0001464 0.00014826 0.000150283 0.000152461 0.000154768 0.000157168 0.000159602 0.000161991 0.000164228 0.000166169 0.00016763 0.000168373 0.000168104 0.000166462 0.00016302 0.000157292 0.000148748 0.000136856 0.000121133 0.000101232 7.70473e-05 4.8827e-05 1.72849e-05 6.1482e-05 6.81132e-05 7.27718e-05 7.60725e-05 7.84405e-05 8.0174e-05 8.14838e-05 8.25213e-05 8.33963e-05 8.41892e-05 8.49594e-05 8.5751e-05 8.6596e-05 8.7517e-05 8.85288e-05 8.9639e-05 9.0848e-05 9.21493e-05 9.35284e-05 9.49618e-05 9.64145e-05 9.78381e-05 9.9167e-05 0.000100315 0.000101169 0.000101587 0.00010139 0.000100363 9.8247e-05 9.47519e-05 8.95617e-05 8.23581e-05 7.28559e-05 6.0852e-05 4.62876e-05 2.93173e-05 1.03737e-05 2.04939e-05 2.2762e-05 2.43482e-05 2.5467e-05 2.6266e-05 2.68483e-05 2.72864e-05 2.76321e-05 2.79227e-05 2.81856e-05 2.84408e-05 2.87032e-05 2.89835e-05 2.92894e-05 2.96256e-05 2.99947e-05 3.03967e-05 3.08296e-05 3.12884e-05 3.17651e-05 3.2248e-05 3.27208e-05 3.31615e-05 3.35412e-05 3.38222e-05 3.39567e-05 3.38853e-05 3.35354e-05 3.28217e-05 3.16469e-05 2.9906e-05 2.74934e-05 2.43146e-05 2.03026e-05 1.54389e-05 9.77584e-06 3.45831e-06 -2.04939e-05 -2.2762e-05 -2.43482e-05 -2.5467e-05 -2.6266e-05 -2.68483e-05 -2.72864e-05 -2.76321e-05 -2.79227e-05 -2.81856e-05 -2.84408e-05 -2.87032e-05 -2.89835e-05 -2.92894e-05 -2.96256e-05 -2.99947e-05 -3.03967e-05 -3.08296e-05 -3.12884e-05 -3.17651e-05 -3.2248e-05 -3.27208e-05 -3.31615e-05 -3.35412e-05 -3.38222e-05 -3.39567e-05 -3.38853e-05 -3.35354e-05 -3.28217e-05 -3.16469e-05 -2.9906e-05 -2.74934e-05 -2.43146e-05 -2.03026e-05 -1.54389e-05 -9.77584e-06 -3.45831e-06 -6.1482e-05 -6.81132e-05 -7.27718e-05 -7.60725e-05 -7.84405e-05 -8.0174e-05 -8.14838e-05 -8.25213e-05 -8.33963e-05 -8.41892e-05 -8.49594e-05 -8.5751e-05 -8.6596e-05 -8.7517e-05 -8.85288e-05 -8.9639e-05 -9.0848e-05 -9.21493e-05 -9.35284e-05 -9.49618e-05 -9.64145e-05 -9.78381e-05 -9.9167e-05 -0.000100315 -0.000101169 -0.000101587 -0.00010139 -0.000100363 -9.8247e-05 -9.47519e-05 -8.95617e-05 -8.23581e-05 -7.28559e-05 -6.0852e-05 -4.62876e-05 -2.93173e-05 -1.03737e-05 -0.000102454 -0.000112948 -0.000120389 -0.000125709 -0.00012956 -0.000132404 -0.000134572 -0.000136302 -0.00013777 -0.000139105 -0.000140403 -0.000141736 -0.000143157 -0.000144704 -0.0001464 -0.00014826 -0.000150283 -0.000152461 -0.000154768 -0.000157168 -0.000159602 -0.000161991 -0.000164228 -0.000166169 -0.00016763 -0.000168373 -0.000168104 -0.000166462 -0.00016302 -0.000157292 -0.000148748 -0.000136856 -0.000121133 -0.000101232 -7.70473e-05 -4.8827e-05 -1.72849e-05 -0.000143348 -0.000156932 -0.000166701 -0.000173782 -0.000178977 -0.000182866 -0.000185868 -0.00018829 -0.000190363 -0.000192257 -0.000194101 -0.000195995 -0.000198009 -0.000200197 -0.000202592 -0.000205212 -0.000208062 -0.000211126 -0.000214375 -0.000217754 -0.000221188 -0.000224566 -0.000227741 -0.000230516 -0.000232635 -0.000233771 -0.000233513 -0.000231359 -0.000226714 -0.000218893 -0.000207154 -0.00019074 -0.000168964 -0.000141325 -0.000107654 -6.828e-05 -2.41879e-05 -0.00018403 -0.00019974 -0.00021126 -0.000219768 -0.000226126 -0.000230968 -0.000234767 -0.000237877 -0.000240564 -0.000243036 -0.000245449 -0.000247925 -0.000250553 -0.000253399 -0.000256509 -0.000259906 -0.000263595 -0.00026756 -0.000271763 -0.000276139 -0.000280593 -0.000284988 -0.00028914 -0.0002928 -0.000295646 -0.000297262 -0.000297126 -0.000294598 -0.000288912 -0.00027919 -0.000264468 -0.00024376 -0.000216164 -0.000181006 -0.000138036 -8.76466e-05 -3.10765e-05 -0.000224288 -0.000241065 -0.000253686 -0.000263236 -0.000270539 -0.000276222 -0.000280768 -0.00028455 -0.00028786 -0.000290926 -0.000293929 -0.000297007 -0.000300269 -0.000303793 -0.000307633 -0.00031182 -0.000316361 -0.000321239 -0.00032641 -0.000331801 -0.000337298 -0.000342741 -0.000347911 -0.000352515 -0.000356165 -0.000358364 -0.000358482 -0.000355743 -0.000349216 -0.000337825 -0.000320382 -0.000295665 -0.000262539 -0.00022014 -0.000168114 -0.00010689 -3.79418e-05 -0.000263828 -0.000280616 -0.00029367 -0.000303854 -0.000311864 -0.000318257 -0.000323485 -0.000327915 -0.000331844 -0.000335513 -0.000339119 -0.000342817 -0.000346729 -0.000350945 -0.000355529 -0.000360517 -0.00036592 -0.000371721 -0.000377872 -0.00038429 -0.00039085 -0.000397371 -0.000403602 -0.000409209 -0.000413747 -0.00041664 -0.000417157 -0.00041439 -0.000407247 -0.000394452 -0.000374593 -0.000346198 -0.000307888 -0.000258583 -0.000197796 -0.000125963 -4.47713e-05 -0.000302285 -0.000318119 -0.000330976 -0.000341396 -0.000349868 -0.000356827 -0.000362657 -0.000367694 -0.000372225 -0.000376495 -0.000380709 -0.000385035 -0.000389605 -0.000394522 -0.000399857 -0.000405652 -0.000411921 -0.000418648 -0.000425784 -0.000433239 -0.000440876 -0.000448498 -0.000455829 -0.000462496 -0.000468003 -0.000471703 -0.00047277 -0.00047017 -0.00046265 -0.000448743 -0.000426802 -0.000395103 -0.000352 -0.000296175 -0.000226977 -0.000144813 -5.1549e-05 -0.000339241 -0.000353324 -0.00036544 -0.000375733 -0.000384431 -0.000391806 -0.000398144 -0.000403731 -0.000408831 -0.000413683 -0.000418496 -0.000423445 -0.000428672 -0.000434288 -0.000440372 -0.000446971 -0.000454104 -0.000461754 -0.000469872 -0.000478364 -0.000487085 -0.000495823 -0.000504282 -0.000512057 -0.000518609 -0.000523224 -0.000524989 -0.000522751 -0.000515105 -0.000500388 -0.000476724 -0.000442123 -0.000394657 -0.000332747 -0.000255538 -0.000163372 -5.82544e-05 -0.000374245 -0.000386 -0.000396961 -0.000406831 -0.000415543 -0.000423182 -0.000429923 -0.000435984 -0.000441601 -0.000446998 -0.000452383 -0.000457936 -0.000463804 -0.000470106 -0.000476926 -0.000484317 -0.0004923 -0.00050086 -0.000509948 -0.000519467 -0.000529266 -0.000539123 -0.000548728 -0.000557648 -0.000565306 -0.000570933 -0.000573534 -0.000571848 -0.000564322 -0.000549103 -0.000524085 -0.000487003 -0.000435637 -0.000368115 -0.000283348 -0.000181563 -6.48627e-05 -0.000406825 -0.000415944 -0.000425498 -0.000434733 -0.000443283 -0.000451042 -0.000458069 -0.000464515 -0.000470575 -0.000476461 -0.000482372 -0.00048849 -0.000494968 -0.000501929 -0.00050946 -0.000517619 -0.000526428 -0.000535874 -0.000545908 -0.000556432 -0.000567291 -0.000578258 -0.00058901 -0.000599095 -0.000607905 -0.000614622 -0.000618182 -0.000617222 -0.00061005 -0.000594632 -0.000568628 -0.000529498 -0.000474711 -0.000402085 -0.000310258 -0.000199295 -7.13445e-05 -0.000436512 -0.000442989 -0.000451065 -0.000459548 -0.000467801 -0.00047555 -0.000482743 -0.000489468 -0.000495882 -0.000502177 -0.000508549 -0.000515176 -0.000522216 -0.000529792 -0.000537996 -0.000546886 -0.000556485 -0.000566783 -0.000577727 -0.000589222 -0.00060111 -0.000613161 -0.000625044 -0.000636295 -0.000646281 -0.000654146 -0.000658763 -0.000658682 -0.00065208 -0.000636749 -0.00061012 -0.000569373 -0.000511656 -0.000434453 -0.000336104 -0.000216466 -7.76656e-05 -0.000462856 -0.000467015 -0.000473723 -0.000481431 -0.000489301 -0.000496927 -0.000504169 -0.000511057 -0.000517718 -0.000524328 -0.000531073 -0.000538135 -0.00054567 -0.000553803 -0.000562627 -0.000572199 -0.000582541 -0.000593642 -0.00060545 -0.000617868 -0.000630739 -0.000643832 -0.000656813 -0.000669211 -0.000680374 -0.000689418 -0.000695167 -0.000696088 -0.000690246 -0.000675264 -0.000648352 -0.00060641 -0.000546254 -0.000465013 -0.000360706 -0.000232952 -8.37868e-05 -0.000485463 -0.000487964 -0.000493562 -0.000500554 -0.000508006 -0.000515426 -0.00052261 -0.000529546 -0.000536337 -0.000543148 -0.000550165 -0.000557567 -0.000565513 -0.000574129 -0.000583505 -0.000593696 -0.000604723 -0.000616569 -0.000629182 -0.000642463 -0.000656258 -0.000670335 -0.000684363 -0.000697865 -0.000710183 -0.000720411 -0.000727332 -0.00072935 -0.000724421 -0.000710021 -0.000683144 -0.000640411 -0.000578301 -0.000493566 -0.00038387 -0.000248601 -8.96585e-05 -0.000504099 -0.000505854 -0.000510667 -0.000517064 -0.000524123 -0.0005313 -0.000538347 -0.000545226 -0.000552028 -0.000558918 -0.000566086 -0.000573718 -0.000581975 -0.000590983 -0.00060083 -0.000611566 -0.000623206 -0.000635729 -0.000649077 -0.000663151 -0.000677797 -0.000692787 -0.000707791 -0.000722337 -0.000735762 -0.000747149 -0.000755252 -0.000758422 -0.000754527 -0.000740902 -0.000714344 -0.000671204 -0.000607616 -0.000519937 -0.000405429 -0.0002632 -9.51944e-05 -0.000518968 -0.000520692 -0.000524995 -0.000531007 -0.000537796 -0.000544772 -0.000551656 -0.000558399 -0.000565103 -0.000571945 -0.000579134 -0.000586868 -0.000595318 -0.000604613 -0.000614836 -0.000626031 -0.000638204 -0.000651325 -0.00066533 -0.000680117 -0.000695531 -0.000711348 -0.000727243 -0.000742751 -0.000757212 -0.000769704 -0.000778966 -0.000783307 -0.000780522 -0.000767826 -0.000741833 -0.000698635 -0.000634031 -0.000543975 -0.000425293 -0.000276673 -9.99809e-05 -0.000529161 -0.000532234 -0.00053755 -0.000544043 -0.000550916 -0.000557733 -0.000564351 -0.000570821 -0.000577315 -0.000584056 -0.000591276 -0.000599177 -0.000607922 -0.000617623 -0.000628343 -0.000640103 -0.000652885 -0.000666641 -0.000681292 -0.00069672 -0.00071276 -0.000729177 -0.000745633 -0.000761648 -0.000776541 -0.000789364 -0.000798818 -0.000803164 -0.00080014 -0.00078689 -0.000759951 -0.000715339 -0.000648785 -0.000556205 -0.000434429 -0.000282221 -0.000101676 -0.000538689 -0.000544171 -0.000550762 -0.000557642 -0.000564372 -0.000570815 -0.000577036 -0.000583222 -0.000589614 -0.000596458 -0.000603977 -0.000612342 -0.000621677 -0.000632048 -0.000643481 -0.000655959 -0.000669438 -0.000683845 -0.000699082 -0.00071501 -0.000731446 -0.000748127 -0.000764687 -0.000780606 -0.000795159 -0.000807342 -0.000815801 -0.000818747 -0.00081388 -0.000798339 -0.000768715 -0.000721154 -0.000651629 -0.000556414 -0.000432823 -0.00028021 -0.000101022 -0.000549448 -0.000556696 -0.000563925 -0.000570758 -0.00057711 -0.000583094 -0.000588936 -0.000594916 -0.000601311 -0.000608367 -0.000616276 -0.00062517 -0.000635123 -0.000646162 -0.000658269 -0.000671397 -0.000685476 -0.000700413 -0.000716089 -0.000732349 -0.000748987 -0.000765716 -0.000782138 -0.000797693 -0.000811609 -0.000822835 -0.000829968 -0.000831179 -0.000824152 -0.000806055 -0.000773568 -0.000723022 -0.000650682 -0.000553238 -0.000428506 -0.00027631 -9.92455e-05 -0.000561326 -0.000569462 -0.000576717 -0.00058314 -0.000588942 -0.00059443 -0.000599946 -0.000605817 -0.000612328 -0.000619697 -0.000628073 -0.000637537 -0.000648116 -0.00065979 -0.000672506 -0.000686188 -0.000700744 -0.000716062 -0.000732007 -0.000748408 -0.000765034 -0.000781576 -0.000797599 -0.000812509 -0.000825488 -0.000835442 -0.000840927 -0.000840092 -0.000830631 -0.000809767 -0.000774315 -0.00072083 -0.000645916 -0.000546696 -0.000421477 -0.0002705 -9.67629e-05 -0.000573961 -0.000582089 -0.000588817 -0.000594533 -0.000599672 -0.000604674 -0.000609944 -0.000615819 -0.000622557 -0.000630329 -0.000639228 -0.00064928 -0.000660459 -0.000672705 -0.000685934 -0.000700044 -0.000714926 -0.000730453 -0.000746474 -0.000762801 -0.000779185 -0.000795286 -0.000810642 -0.000824619 -0.000836361 -0.000844735 -0.000848274 -0.00084512 -0.000833001 -0.000809232 -0.000770793 -0.000714503 -0.000637331 -0.000536848 -0.000411837 -0.000262998 -9.36972e-05 -0.000586826 -0.000594131 -0.000599867 -0.000604657 -0.000609083 -0.000613654 -0.000618785 -0.000624785 -0.000631855 -0.000640101 -0.000649552 -0.000660174 -0.000671895 -0.000684617 -0.000698228 -0.000712612 -0.000727642 -0.00074318 -0.000759062 -0.000775086 -0.00079098 -0.00080638 -0.000820793 -0.000833551 -0.000843765 -0.000850276 -0.000851603 -0.000845907 -0.000830972 -0.000804235 -0.000762876 -0.000704007 -0.000624979 -0.000523815 -0.000399774 -0.000253996 -9.01241e-05 -0.000599253 -0.000605062 -0.000609454 -0.000613193 -0.000616927 -0.000621169 -0.000626293 -0.000632539 -0.00064003 -0.000648795 -0.00065879 -0.000669928 -0.000682093 -0.000695157 -0.000708991 -0.000723462 -0.000738437 -0.000753768 -0.000769281 -0.000784757 -0.000799907 -0.000814341 -0.000827539 -0.000838803 -0.000847221 -0.000851617 -0.000850515 -0.000842113 -0.000824281 -0.000794603 -0.000750487 -0.00068936 -0.000608963 -0.000507772 -0.000385502 -0.000243673 -8.61125e-05 -0.000610452 -0.000614267 -0.000617106 -0.000619779 -0.000622919 -0.000626979 -0.000632242 -0.000638849 -0.000646826 -0.000656115 -0.000666608 -0.000678164 -0.000690635 -0.000703873 -0.000717736 -0.000732086 -0.000746782 -0.000761673 -0.000776573 -0.000791252 -0.000805401 -0.000818611 -0.000830335 -0.000839855 -0.000846241 -0.000848317 -0.000844629 -0.000833433 -0.000812708 -0.000780213 -0.000733604 -0.000670634 -0.000589442 -0.000488935 -0.000369247 -0.000232206 -8.17298e-05 -0.000619507 -0.000621044 -0.000622287 -0.000624003 -0.000626729 -0.000630793 -0.000636349 -0.000643412 -0.000651902 -0.000661679 -0.000672573 -0.000684406 -0.000697007 -0.000710217 -0.000723889 -0.000737886 -0.000752066 -0.000766273 -0.000780316 -0.000793951 -0.000806853 -0.000818596 -0.000828613 -0.000836172 -0.000840339 -0.00083995 -0.000833593 -0.000819601 -0.000796086 -0.000761 -0.000712263 -0.000647962 -0.00056662 -0.00046755 -0.000351247 -0.00021977 -7.70431e-05 -0.00062539 -0.000624609 -0.00062441 -0.000625412 -0.000627978 -0.000632261 -0.000638252 -0.000645832 -0.000654817 -0.000664992 -0.000676144 -0.000688069 -0.000700587 -0.000713538 -0.000726781 -0.000740183 -0.000753604 -0.000766886 -0.000779832 -0.000792189 -0.00080362 -0.000813682 -0.000821798 -0.00082723 -0.000829052 -0.000826127 -0.000817101 -0.000800408 -0.000774308 -0.000736963 -0.000686565 -0.000621529 -0.000540744 -0.000443886 -0.000331745 -0.000206539 -7.21177e-05 -0.000626967 -0.000624124 -0.000622844 -0.000623505 -0.000626228 -0.000630953 -0.000637495 -0.000645604 -0.000655007 -0.000665438 -0.000676655 -0.000688449 -0.000700643 -0.000713088 -0.000725654 -0.000738216 -0.00075064 -0.000762768 -0.000774399 -0.000785272 -0.00079504 -0.000803251 -0.000809325 -0.000812527 -0.000811951 -0.000806505 -0.000794909 -0.000775713 -0.00074734 -0.000708172 -0.000656672 -0.000591572 -0.000512094 -0.000418225 -0.000310988 -0.000192681 -6.70163e-05 -0.000623048 -0.00061872 -0.000616936 -0.000617741 -0.000620973 -0.000626342 -0.0006335 -0.000642089 -0.000651775 -0.000662265 -0.000673314 -0.000684725 -0.000696339 -0.000708025 -0.00071967 -0.000731161 -0.00074237 -0.000753142 -0.000763272 -0.000772494 -0.000780456 -0.000786704 -0.00079066 -0.000791605 -0.000788667 -0.000780811 -0.000766845 -0.00074545 -0.000715223 -0.000674766 -0.000622807 -0.00055837 -0.000480974 -0.000390861 -0.000289218 -0.000178357 -6.17973e-05 -0.000612449 -0.000607551 -0.000606026 -0.000607535 -0.00061162 -0.000617786 -0.000625556 -0.000634506 -0.000644279 -0.000654587 -0.000665207 -0.000675972 -0.000686749 -0.000697436 -0.000707937 -0.000718153 -0.000727965 -0.000737219 -0.00074571 -0.00075317 -0.000759246 -0.000763487 -0.000765328 -0.000764078 -0.000758908 -0.000748854 -0.000732826 -0.000709643 -0.000678079 -0.000636954 -0.000585246 -0.000522239 -0.000447706 -0.000362086 -0.000266669 -0.000163717 -5.65144e-05 -0.000594098 -0.000589848 -0.000589473 -0.000592254 -0.000597481 -0.000604513 -0.000612807 -0.000621929 -0.000631543 -0.000641401 -0.000651324 -0.000661185 -0.000670892 -0.000680369 -0.000689542 -0.000698325 -0.000706607 -0.000714237 -0.000721013 -0.000726666 -0.000730849 -0.000733122 -0.000732942 -0.000729652 -0.000722481 -0.000710546 -0.000692866 -0.000668403 -0.000636109 -0.00059501 -0.000544309 -0.00048352 -0.000412619 -0.000332189 -0.00024356 -0.000148897 -5.12148e-05 -0.000567175 -0.000564987 -0.000566673 -0.000571218 -0.000577763 -0.00058562 -0.000594264 -0.00060331 -0.00061249 -0.000621625 -0.000630597 -0.000639331 -0.000647775 -0.000655882 -0.000663598 -0.000670852 -0.000677537 -0.000683508 -0.000688565 -0.000692446 -0.000694813 -0.000695244 -0.000693228 -0.000688153 -0.000679312 -0.00066591 -0.000647083 -0.000621936 -0.000589589 -0.00054926 -0.000500351 -0.000442567 -0.000376038 -0.000301439 -0.00022009 -0.000134016 -4.5939e-05 -0.000531262 -0.000532554 -0.00053708 -0.000543708 -0.000551586 -0.000560103 -0.00056884 -0.000577526 -0.000585997 -0.000594162 -0.000601974 -0.000609413 -0.000616465 -0.000623111 -0.000629315 -0.000635015 -0.000640112 -0.000644465 -0.000647882 -0.000650108 -0.000650824 -0.000649632 -0.000646058 -0.000639544 -0.000629456 -0.000615091 -0.000595703 -0.000570533 -0.000538862 -0.000500076 -0.000453748 -0.000399735 -0.000338276 -0.000270087 -0.000196435 -0.000119173 -4.07197e-05 -0.000486487 -0.000492394 -0.000500227 -0.000508988 -0.000518019 -0.000526912 -0.000535433 -0.000543471 -0.000550989 -0.000557991 -0.000564504 -0.000570558 -0.000576171 -0.000581349 -0.000586066 -0.000590271 -0.00059387 -0.00059673 -0.000598666 -0.00059944 -0.000598753 -0.00059624 -0.000591471 -0.000583948 -0.000573113 -0.000558359 -0.000539053 -0.000514567 -0.000484326 -0.000447861 -0.000404886 -0.000355369 -0.000299618 -0.00023835 -0.000172741 -0.000104448 -3.55817e-05 -0.000433601 -0.000444646 -0.000455766 -0.000466373 -0.000476174 -0.000485061 -0.00049304 -0.000500175 -0.00050656 -0.000512291 -0.000517456 -0.000522125 -0.000526344 -0.000530131 -0.000533473 -0.000536322 -0.000538594 -0.000540162 -0.000540855 -0.000540454 -0.000538687 -0.000535228 -0.000529695 -0.000521655 -0.000510629 -0.000496105 -0.000477557 -0.000454478 -0.000426418 -0.000393032 -0.00035414 -0.000309791 -0.000260321 -0.000206411 -0.000149121 -8.98969e-05 -3.05411e-05 -0.000373957 -0.000389739 -0.000403517 -0.000415325 -0.000425336 -0.000433784 -0.000440915 -0.00044696 -0.000452122 -0.00045657 -0.000460435 -0.000463816 -0.000466772 -0.000469331 -0.000471486 -0.000473193 -0.000474375 -0.000474918 -0.000474667 -0.000473426 -0.000470957 -0.000466976 -0.000461155 -0.000453128 -0.000442495 -0.000428834 -0.000411722 -0.000390759 -0.000365602 -0.000336006 -0.000301871 -0.000263289 -0.000220598 -0.000174414 -0.000125657 -7.55538e-05 -2.56059e-05 -0.000309343 -0.000328366 -0.000343549 -0.000355599 -0.000365144 -0.000372716 -0.000378754 -0.000383609 -0.000387555 -0.000390804 -0.000393509 -0.000395779 -0.000397679 -0.000399237 -0.00040045 -0.000401281 -0.00040166 -0.000401487 -0.000400629 -0.000398918 -0.000396152 -0.000392095 -0.000386477 -0.000378998 -0.000369335 -0.000357155 -0.000342126 -0.000323943 -0.000302354 -0.000277191 -0.000248406 -0.000216114 -0.000180622 -0.00014246 -0.000102396 -6.14312e-05 -2.0776e-05 -0.000241679 -0.000261438 -0.000276275 -0.00028741 -0.000295775 -0.000302079 -0.000306858 -0.000310511 -0.000313336 -0.000315547 -0.000317297 -0.000318689 -0.000319783 -0.000320606 -0.000321155 -0.000321398 -0.000321278 -0.000320712 -0.000319591 -0.000317781 -0.000315121 -0.000311422 -0.000306476 -0.000300048 -0.000291894 -0.000281759 -0.000269397 -0.000254586 -0.000237146 -0.000216969 -0.00019404 -0.000168469 -0.000140517 -0.00011061 -7.93526e-05 -4.7521e-05 -1.60438e-05 -0.000172654 -0.000190034 -0.000202554 -0.000211582 -0.000218103 -0.000222825 -0.000226257 -0.000228767 -0.000230616 -0.000231991 -0.000233018 -0.000233781 -0.000234328 -0.000234681 -0.000234837 -0.000234771 -0.00023444 -0.000233783 -0.000232719 -0.000231148 -0.000228954 -0.000226001 -0.000222139 -0.000217202 -0.000211017 -0.000203407 -0.000194203 -0.000183253 -0.00017044 -0.000155696 -0.000139025 -0.000120516 -0.000100366 -7.88863e-05 -5.65123e-05 -3.37968e-05 -1.13952e-05 -0.000103412 -0.000115353 -0.000123731 -0.00012962 -0.000133763 -0.000136681 -0.000138739 -0.000140193 -0.000141224 -0.000141955 -0.000142471 -0.000142827 -0.000143052 -0.000143162 -0.000143153 -0.000143011 -0.000142707 -0.000142205 -0.000141454 -0.000140394 -0.000138954 -0.000137052 -0.000134597 -0.000131491 -0.00012763 -0.000122911 -0.000117235 -0.000110513 -0.00010268 -9.36994e-05 -8.35782e-05 -7.23753e-05 -6.02118e-05 -4.7278e-05 -3.38362e-05 -2.0217e-05 -6.81041e-06 -3.44191e-05 -3.86749e-05 -4.16226e-05 -4.36683e-05 -4.50889e-05 -4.60754e-05 -4.67601e-05 -4.72351e-05 -4.75641e-05 -4.7791e-05 -4.79452e-05 -4.80456e-05 -4.81028e-05 -4.81214e-05 -4.81006e-05 -4.80351e-05 -4.79159e-05 -4.77297e-05 -4.746e-05 -4.70864e-05 -4.6585e-05 -4.59285e-05 -4.50867e-05 -4.40268e-05 -4.27145e-05 -4.11155e-05 -3.91972e-05 -3.6931e-05 -3.42955e-05 -3.12795e-05 -2.78859e-05 -2.41353e-05 -2.00687e-05 -1.57499e-05 -1.12665e-05 -6.72859e-06 -2.26559e-06 3.44191e-05 3.86749e-05 4.16226e-05 4.36683e-05 4.50889e-05 4.60754e-05 4.67601e-05 4.72351e-05 4.75641e-05 4.7791e-05 4.79452e-05 4.80456e-05 4.81028e-05 4.81214e-05 4.81006e-05 4.80351e-05 4.79159e-05 4.77297e-05 4.746e-05 4.70864e-05 4.6585e-05 4.59285e-05 4.50867e-05 4.40268e-05 4.27145e-05 4.11155e-05 3.91972e-05 3.6931e-05 3.42955e-05 3.12795e-05 2.78859e-05 2.41353e-05 2.00687e-05 1.57499e-05 1.12665e-05 6.72859e-06 2.26559e-06 0.000103412 0.000115353 0.000123731 0.00012962 0.000133763 0.000136681 0.000138739 0.000140193 0.000141224 0.000141955 0.000142471 0.000142827 0.000143052 0.000143162 0.000143153 0.000143011 0.000142707 0.000142205 0.000141454 0.000140394 0.000138954 0.000137052 0.000134597 0.000131491 0.00012763 0.000122911 0.000117235 0.000110513 0.00010268 9.36994e-05 8.35782e-05 7.23753e-05 6.02118e-05 4.7278e-05 3.38362e-05 2.0217e-05 6.81041e-06 0.000172654 0.000190034 0.000202554 0.000211582 0.000218103 0.000222825 0.000226257 0.000228767 0.000230616 0.000231991 0.000233018 0.000233781 0.000234328 0.000234681 0.000234837 0.000234771 0.00023444 0.000233783 0.000232719 0.000231148 0.000228954 0.000226001 0.000222139 0.000217202 0.000211017 0.000203407 0.000194203 0.000183253 0.00017044 0.000155696 0.000139025 0.000120516 0.000100366 7.88863e-05 5.65123e-05 3.37968e-05 1.13952e-05 0.000241679 0.000261438 0.000276275 0.00028741 0.000295775 0.000302079 0.000306858 0.000310511 0.000313336 0.000315547 0.000317297 0.000318689 0.000319783 0.000320606 0.000321155 0.000321398 0.000321278 0.000320712 0.000319591 0.000317781 0.000315121 0.000311422 0.000306476 0.000300048 0.000291894 0.000281759 0.000269397 0.000254586 0.000237146 0.000216969 0.00019404 0.000168469 0.000140517 0.00011061 7.93526e-05 4.7521e-05 1.60438e-05 0.000309343 0.000328366 0.000343549 0.000355599 0.000365144 0.000372716 0.000378754 0.000383609 0.000387555 0.000390804 0.000393509 0.000395779 0.000397679 0.000399237 0.00040045 0.000401281 0.00040166 0.000401487 0.000400629 0.000398918 0.000396152 0.000392095 0.000386477 0.000378998 0.000369335 0.000357155 0.000342126 0.000323943 0.000302354 0.000277191 0.000248406 0.000216114 0.000180622 0.00014246 0.000102396 6.14312e-05 2.0776e-05 0.000373957 0.000389739 0.000403517 0.000415325 0.000425336 0.000433784 0.000440915 0.00044696 0.000452122 0.00045657 0.000460435 0.000463816 0.000466772 0.000469331 0.000471486 0.000473193 0.000474375 0.000474918 0.000474667 0.000473426 0.000470957 0.000466976 0.000461155 0.000453128 0.000442495 0.000428834 0.000411722 0.000390759 0.000365602 0.000336006 0.000301871 0.000263289 0.000220598 0.000174414 0.000125657 7.55538e-05 2.56059e-05 0.000433601 0.000444646 0.000455766 0.000466373 0.000476174 0.000485061 0.00049304 0.000500175 0.00050656 0.000512291 0.000517456 0.000522125 0.000526344 0.000530131 0.000533473 0.000536322 0.000538594 0.000540162 0.000540855 0.000540454 0.000538687 0.000535228 0.000529695 0.000521655 0.000510629 0.000496105 0.000477557 0.000454478 0.000426418 0.000393032 0.00035414 0.000309791 0.000260321 0.000206411 0.000149121 8.98969e-05 3.05411e-05 0.000486487 0.000492394 0.000500227 0.000508988 0.000518019 0.000526912 0.000535433 0.000543471 0.000550989 0.000557991 0.000564504 0.000570558 0.000576171 0.000581349 0.000586066 0.000590271 0.00059387 0.00059673 0.000598666 0.00059944 0.000598753 0.00059624 0.000591471 0.000583948 0.000573113 0.000558359 0.000539053 0.000514567 0.000484326 0.000447861 0.000404886 0.000355369 0.000299618 0.00023835 0.000172741 0.000104448 3.55817e-05 0.000531262 0.000532554 0.00053708 0.000543708 0.000551586 0.000560103 0.00056884 0.000577526 0.000585997 0.000594162 0.000601974 0.000609413 0.000616465 0.000623111 0.000629315 0.000635015 0.000640112 0.000644465 0.000647882 0.000650108 0.000650824 0.000649632 0.000646058 0.000639544 0.000629456 0.000615091 0.000595703 0.000570533 0.000538862 0.000500076 0.000453748 0.000399735 0.000338276 0.000270087 0.000196435 0.000119173 4.07197e-05 0.000567175 0.000564987 0.000566673 0.000571218 0.000577763 0.00058562 0.000594264 0.00060331 0.00061249 0.000621625 0.000630597 0.000639331 0.000647775 0.000655882 0.000663598 0.000670852 0.000677537 0.000683508 0.000688565 0.000692446 0.000694813 0.000695244 0.000693228 0.000688153 0.000679312 0.00066591 0.000647083 0.000621936 0.000589589 0.00054926 0.000500351 0.000442567 0.000376038 0.000301439 0.00022009 0.000134016 4.5939e-05 0.000594098 0.000589848 0.000589473 0.000592254 0.000597481 0.000604513 0.000612807 0.000621929 0.000631543 0.000641401 0.000651324 0.000661185 0.000670892 0.000680369 0.000689542 0.000698325 0.000706607 0.000714237 0.000721013 0.000726666 0.000730849 0.000733122 0.000732942 0.000729652 0.000722481 0.000710546 0.000692866 0.000668403 0.000636109 0.00059501 0.000544309 0.00048352 0.000412619 0.000332189 0.00024356 0.000148897 5.12148e-05 0.000612449 0.000607551 0.000606026 0.000607535 0.00061162 0.000617786 0.000625556 0.000634506 0.000644279 0.000654587 0.000665207 0.000675972 0.000686749 0.000697436 0.000707937 0.000718153 0.000727965 0.000737219 0.00074571 0.00075317 0.000759246 0.000763487 0.000765328 0.000764078 0.000758908 0.000748854 0.000732826 0.000709643 0.000678079 0.000636954 0.000585246 0.000522239 0.000447706 0.000362086 0.000266669 0.000163717 5.65144e-05 0.000623048 0.00061872 0.000616936 0.000617741 0.000620973 0.000626342 0.0006335 0.000642089 0.000651775 0.000662265 0.000673314 0.000684725 0.000696339 0.000708025 0.00071967 0.000731161 0.00074237 0.000753142 0.000763272 0.000772494 0.000780456 0.000786704 0.00079066 0.000791605 0.000788667 0.000780811 0.000766845 0.00074545 0.000715223 0.000674766 0.000622807 0.00055837 0.000480974 0.000390861 0.000289218 0.000178357 6.17973e-05 0.000626967 0.000624124 0.000622844 0.000623505 0.000626228 0.000630953 0.000637495 0.000645604 0.000655007 0.000665438 0.000676655 0.000688449 0.000700643 0.000713088 0.000725654 0.000738216 0.00075064 0.000762768 0.000774399 0.000785272 0.00079504 0.000803251 0.000809325 0.000812527 0.000811951 0.000806505 0.000794909 0.000775713 0.00074734 0.000708172 0.000656672 0.000591572 0.000512094 0.000418225 0.000310988 0.000192681 6.70163e-05 0.00062539 0.000624609 0.00062441 0.000625412 0.000627978 0.000632261 0.000638252 0.000645832 0.000654817 0.000664992 0.000676144 0.000688069 0.000700587 0.000713538 0.000726781 0.000740183 0.000753604 0.000766886 0.000779832 0.000792189 0.00080362 0.000813682 0.000821798 0.00082723 0.000829052 0.000826127 0.000817101 0.000800408 0.000774308 0.000736963 0.000686565 0.000621529 0.000540744 0.000443886 0.000331745 0.000206539 7.21177e-05 0.000619507 0.000621044 0.000622287 0.000624003 0.000626729 0.000630793 0.000636349 0.000643412 0.000651902 0.000661679 0.000672573 0.000684406 0.000697007 0.000710217 0.000723889 0.000737886 0.000752066 0.000766273 0.000780316 0.000793951 0.000806853 0.000818596 0.000828613 0.000836172 0.000840339 0.00083995 0.000833593 0.000819601 0.000796086 0.000761 0.000712263 0.000647962 0.00056662 0.00046755 0.000351247 0.00021977 7.70431e-05 0.000610452 0.000614267 0.000617106 0.000619779 0.000622919 0.000626979 0.000632242 0.000638849 0.000646826 0.000656115 0.000666608 0.000678164 0.000690635 0.000703873 0.000717736 0.000732086 0.000746782 0.000761673 0.000776573 0.000791252 0.000805401 0.000818611 0.000830335 0.000839855 0.000846241 0.000848317 0.000844629 0.000833433 0.000812708 0.000780213 0.000733604 0.000670634 0.000589442 0.000488935 0.000369247 0.000232206 8.17298e-05 0.000599253 0.000605062 0.000609454 0.000613193 0.000616927 0.000621169 0.000626293 0.000632539 0.00064003 0.000648795 0.00065879 0.000669928 0.000682093 0.000695157 0.000708991 0.000723462 0.000738437 0.000753768 0.000769281 0.000784757 0.000799907 0.000814341 0.000827539 0.000838803 0.000847221 0.000851617 0.000850515 0.000842113 0.000824281 0.000794603 0.000750487 0.00068936 0.000608963 0.000507772 0.000385502 0.000243673 8.61125e-05 0.000586826 0.000594131 0.000599867 0.000604657 0.000609083 0.000613654 0.000618785 0.000624785 0.000631855 0.000640101 0.000649552 0.000660174 0.000671895 0.000684617 0.000698228 0.000712612 0.000727642 0.00074318 0.000759062 0.000775086 0.00079098 0.00080638 0.000820793 0.000833551 0.000843765 0.000850276 0.000851603 0.000845907 0.000830972 0.000804235 0.000762876 0.000704007 0.000624979 0.000523815 0.000399774 0.000253996 9.01241e-05 0.000573961 0.000582089 0.000588817 0.000594533 0.000599672 0.000604674 0.000609944 0.000615819 0.000622557 0.000630329 0.000639228 0.00064928 0.000660459 0.000672705 0.000685934 0.000700044 0.000714926 0.000730453 0.000746474 0.000762801 0.000779185 0.000795286 0.000810642 0.000824619 0.000836361 0.000844735 0.000848274 0.00084512 0.000833001 0.000809232 0.000770793 0.000714503 0.000637331 0.000536848 0.000411837 0.000262998 9.36972e-05 0.000561326 0.000569462 0.000576717 0.00058314 0.000588942 0.00059443 0.000599946 0.000605817 0.000612328 0.000619697 0.000628073 0.000637537 0.000648116 0.00065979 0.000672506 0.000686188 0.000700744 0.000716062 0.000732007 0.000748408 0.000765034 0.000781576 0.000797599 0.000812509 0.000825488 0.000835442 0.000840927 0.000840092 0.000830631 0.000809767 0.000774315 0.00072083 0.000645916 0.000546696 0.000421477 0.0002705 9.67629e-05 0.000549448 0.000556696 0.000563925 0.000570758 0.00057711 0.000583094 0.000588936 0.000594916 0.000601311 0.000608367 0.000616276 0.00062517 0.000635123 0.000646162 0.000658269 0.000671397 0.000685476 0.000700413 0.000716089 0.000732349 0.000748987 0.000765716 0.000782138 0.000797693 0.000811609 0.000822835 0.000829968 0.000831179 0.000824152 0.000806055 0.000773568 0.000723022 0.000650682 0.000553238 0.000428506 0.00027631 9.92455e-05 0.000538689 0.000544171 0.000550762 0.000557642 0.000564372 0.000570815 0.000577036 0.000583222 0.000589614 0.000596458 0.000603977 0.000612342 0.000621677 0.000632048 0.000643481 0.000655959 0.000669438 0.000683845 0.000699082 0.00071501 0.000731446 0.000748127 0.000764687 0.000780606 0.000795159 0.000807342 0.000815801 0.000818747 0.00081388 0.000798339 0.000768715 0.000721154 0.000651629 0.000556414 0.000432823 0.00028021 0.000101022 0.000529161 0.000532234 0.00053755 0.000544043 0.000550916 0.000557733 0.000564351 0.000570821 0.000577315 0.000584056 0.000591276 0.000599177 0.000607922 0.000617623 0.000628343 0.000640103 0.000652885 0.000666641 0.000681292 0.00069672 0.00071276 0.000729177 0.000745633 0.000761648 0.000776541 0.000789364 0.000798818 0.000803164 0.00080014 0.00078689 0.000759951 0.000715339 0.000648785 0.000556205 0.000434429 0.000282221 0.000101676 0.000518968 0.000520692 0.000524995 0.000531007 0.000537796 0.000544772 0.000551656 0.000558399 0.000565103 0.000571945 0.000579134 0.000586868 0.000595318 0.000604613 0.000614836 0.000626031 0.000638204 0.000651325 0.00066533 0.000680117 0.000695531 0.000711348 0.000727243 0.000742751 0.000757212 0.000769704 0.000778966 0.000783307 0.000780522 0.000767826 0.000741833 0.000698635 0.000634031 0.000543975 0.000425293 0.000276673 9.99809e-05 0.000504099 0.000505854 0.000510667 0.000517064 0.000524123 0.0005313 0.000538347 0.000545226 0.000552028 0.000558918 0.000566086 0.000573718 0.000581975 0.000590983 0.00060083 0.000611566 0.000623206 0.000635729 0.000649077 0.000663151 0.000677797 0.000692787 0.000707791 0.000722337 0.000735762 0.000747149 0.000755252 0.000758422 0.000754527 0.000740902 0.000714344 0.000671204 0.000607616 0.000519937 0.000405429 0.0002632 9.51944e-05 0.000485463 0.000487964 0.000493562 0.000500554 0.000508006 0.000515426 0.00052261 0.000529546 0.000536337 0.000543148 0.000550165 0.000557567 0.000565513 0.000574129 0.000583505 0.000593696 0.000604723 0.000616569 0.000629182 0.000642463 0.000656258 0.000670335 0.000684363 0.000697865 0.000710183 0.000720411 0.000727332 0.00072935 0.000724421 0.000710021 0.000683144 0.000640411 0.000578301 0.000493566 0.00038387 0.000248601 8.96585e-05 0.000462856 0.000467015 0.000473723 0.000481431 0.000489301 0.000496927 0.000504169 0.000511057 0.000517718 0.000524328 0.000531073 0.000538135 0.00054567 0.000553803 0.000562627 0.000572199 0.000582541 0.000593642 0.00060545 0.000617868 0.000630739 0.000643832 0.000656813 0.000669211 0.000680374 0.000689418 0.000695167 0.000696088 0.000690246 0.000675264 0.000648352 0.00060641 0.000546254 0.000465013 0.000360706 0.000232952 8.37868e-05 0.000436512 0.000442989 0.000451065 0.000459548 0.000467801 0.00047555 0.000482743 0.000489468 0.000495882 0.000502177 0.000508549 0.000515176 0.000522216 0.000529792 0.000537996 0.000546886 0.000556485 0.000566783 0.000577727 0.000589222 0.00060111 0.000613161 0.000625044 0.000636295 0.000646281 0.000654146 0.000658763 0.000658682 0.00065208 0.000636749 0.00061012 0.000569373 0.000511656 0.000434453 0.000336104 0.000216466 7.76656e-05 0.000406825 0.000415944 0.000425498 0.000434733 0.000443283 0.000451042 0.000458069 0.000464515 0.000470575 0.000476461 0.000482372 0.00048849 0.000494968 0.000501929 0.00050946 0.000517619 0.000526428 0.000535874 0.000545908 0.000556432 0.000567291 0.000578258 0.00058901 0.000599095 0.000607905 0.000614622 0.000618182 0.000617222 0.00061005 0.000594632 0.000568628 0.000529498 0.000474711 0.000402085 0.000310258 0.000199295 7.13445e-05 0.000374245 0.000386 0.000396961 0.000406831 0.000415543 0.000423182 0.000429923 0.000435984 0.000441601 0.000446998 0.000452383 0.000457936 0.000463804 0.000470106 0.000476926 0.000484317 0.0004923 0.00050086 0.000509948 0.000519467 0.000529266 0.000539123 0.000548728 0.000557648 0.000565306 0.000570933 0.000573534 0.000571848 0.000564322 0.000549103 0.000524085 0.000487003 0.000435637 0.000368115 0.000283348 0.000181563 6.48627e-05 0.000339241 0.000353324 0.00036544 0.000375733 0.000384431 0.000391806 0.000398144 0.000403731 0.000408831 0.000413683 0.000418496 0.000423445 0.000428672 0.000434288 0.000440372 0.000446971 0.000454104 0.000461754 0.000469872 0.000478364 0.000487085 0.000495823 0.000504282 0.000512057 0.000518609 0.000523224 0.000524989 0.000522751 0.000515105 0.000500388 0.000476724 0.000442123 0.000394657 0.000332747 0.000255538 0.000163372 5.82544e-05 0.000302285 0.000318119 0.000330976 0.000341396 0.000349868 0.000356827 0.000362657 0.000367694 0.000372225 0.000376495 0.000380709 0.000385035 0.000389605 0.000394522 0.000399857 0.000405652 0.000411921 0.000418648 0.000425784 0.000433239 0.000440876 0.000448498 0.000455829 0.000462496 0.000468003 0.000471703 0.00047277 0.00047017 0.00046265 0.000448743 0.000426802 0.000395103 0.000352 0.000296175 0.000226977 0.000144813 5.1549e-05 0.000263828 0.000280616 0.00029367 0.000303854 0.000311864 0.000318257 0.000323485 0.000327915 0.000331844 0.000335513 0.000339119 0.000342817 0.000346729 0.000350945 0.000355529 0.000360517 0.00036592 0.000371721 0.000377872 0.00038429 0.00039085 0.000397371 0.000403602 0.000409209 0.000413747 0.00041664 0.000417157 0.00041439 0.000407247 0.000394452 0.000374593 0.000346198 0.000307888 0.000258583 0.000197796 0.000125963 4.47713e-05 0.000224288 0.000241065 0.000253686 0.000263236 0.000270539 0.000276222 0.000280768 0.00028455 0.00028786 0.000290926 0.000293929 0.000297007 0.000300269 0.000303793 0.000307633 0.00031182 0.000316361 0.000321239 0.00032641 0.000331801 0.000337298 0.000342741 0.000347911 0.000352515 0.000356165 0.000358364 0.000358482 0.000355743 0.000349216 0.000337825 0.000320382 0.000295665 0.000262539 0.00022014 0.000168114 0.00010689 3.79418e-05 0.00018403 0.00019974 0.00021126 0.000219768 0.000226126 0.000230968 0.000234767 0.000237877 0.000240564 0.000243036 0.000245449 0.000247925 0.000250553 0.000253399 0.000256509 0.000259906 0.000263595 0.00026756 0.000271763 0.000276139 0.000280593 0.000284988 0.00028914 0.0002928 0.000295646 0.000297262 0.000297126 0.000294598 0.000288912 0.00027919 0.000264468 0.00024376 0.000216164 0.000181006 0.000138036 8.76466e-05 3.10765e-05 0.000143348 0.000156932 0.000166701 0.000173782 0.000178977 0.000182866 0.000185868 0.00018829 0.000190363 0.000192257 0.000194101 0.000195995 0.000198009 0.000200197 0.000202592 0.000205212 0.000208062 0.000211126 0.000214375 0.000217754 0.000221188 0.000224566 0.000227741 0.000230516 0.000232635 0.000233771 0.000233513 0.000231359 0.000226714 0.000218893 0.000207154 0.00019074 0.000168964 0.000141325 0.000107654 6.828e-05 2.41879e-05 0.000102454 0.000112948 0.000120389 0.000125709 0.00012956 0.000132404 0.000134572 0.000136302 0.00013777 0.000139105 0.000140403 0.000141736 0.000143157 0.000144704 0.0001464 0.00014826 0.000150283 0.000152461 0.000154768 0.000157168 0.000159602 0.000161991 0.000164228 0.000166169 0.00016763 0.000168373 0.000168104 0.000166462 0.00016302 0.000157292 0.000148748 0.000136856 0.000121133 0.000101232 7.70473e-05 4.8827e-05 1.72849e-05 6.1482e-05 6.81132e-05 7.27718e-05 7.60725e-05 7.84405e-05 8.0174e-05 8.14838e-05 8.25213e-05 8.33963e-05 8.41892e-05 8.49594e-05 8.5751e-05 8.6596e-05 8.7517e-05 8.85288e-05 8.9639e-05 9.0848e-05 9.21493e-05 9.35284e-05 9.49618e-05 9.64145e-05 9.78381e-05 9.9167e-05 0.000100315 0.000101169 0.000101587 0.00010139 0.000100363 9.8247e-05 9.47519e-05 8.95617e-05 8.23581e-05 7.28559e-05 6.0852e-05 4.62876e-05 2.93173e-05 1.03737e-05 2.04939e-05 2.2762e-05 2.43482e-05 2.5467e-05 2.6266e-05 2.68483e-05 2.72864e-05 2.76321e-05 2.79227e-05 2.81856e-05 2.84408e-05 2.87032e-05 2.89835e-05 2.92894e-05 2.96256e-05 2.99947e-05 3.03967e-05 3.08296e-05 3.12884e-05 3.17651e-05 3.2248e-05 3.27208e-05 3.31615e-05 3.35412e-05 3.38222e-05 3.39567e-05 3.38853e-05 3.35354e-05 3.28217e-05 3.16469e-05 2.9906e-05 2.74934e-05 2.43146e-05 2.03026e-05 1.54389e-05 9.77584e-06 3.45831e-06 -2.04939e-05 -2.2762e-05 -2.43482e-05 -2.5467e-05 -2.6266e-05 -2.68483e-05 -2.72864e-05 -2.76321e-05 -2.79227e-05 -2.81856e-05 -2.84408e-05 -2.87032e-05 -2.89835e-05 -2.92894e-05 -2.96256e-05 -2.99947e-05 -3.03967e-05 -3.08296e-05 -3.12884e-05 -3.17651e-05 -3.2248e-05 -3.27208e-05 -3.31615e-05 -3.35412e-05 -3.38222e-05 -3.39567e-05 -3.38853e-05 -3.35354e-05 -3.28217e-05 -3.16469e-05 -2.9906e-05 -2.74934e-05 -2.43146e-05 -2.03026e-05 -1.54389e-05 -9.77584e-06 -3.45831e-06 -6.1482e-05 -6.81132e-05 -7.27718e-05 -7.60725e-05 -7.84405e-05 -8.0174e-05 -8.14838e-05 -8.25213e-05 -8.33963e-05 -8.41892e-05 -8.49594e-05 -8.5751e-05 -8.6596e-05 -8.7517e-05 -8.85288e-05 -8.9639e-05 -9.0848e-05 -9.21493e-05 -9.35284e-05 -9.49618e-05 -9.64145e-05 -9.78381e-05 -9.9167e-05 -0.000100315 -0.000101169 -0.000101587 -0.00010139 -0.000100363 -9.8247e-05 -9.47519e-05 -8.95617e-05 -8.23581e-05 -7.28559e-05 -6.0852e-05 -4.62876e-05 -2.93173e-05 -1.03737e-05 -0.000102454 -0.000112948 -0.000120389 -0.000125709 -0.00012956 -0.000132404 -0.000134572 -0.000136302 -0.00013777 -0.000139105 -0.000140403 -0.000141736 -0.000143157 -0.000144704 -0.0001464 -0.00014826 -0.000150283 -0.000152461 -0.000154768 -0.000157168 -0.000159602 -0.000161991 -0.000164228 -0.000166169 -0.00016763 -0.000168373 -0.000168104 -0.000166462 -0.00016302 -0.000157292 -0.000148748 -0.000136856 -0.000121133 -0.000101232 -7.70473e-05 -4.8827e-05 -1.72849e-05 -0.000143348 -0.000156932 -0.000166701 -0.000173782 -0.000178977 -0.000182866 -0.000185868 -0.00018829 -0.000190363 -0.000192257 -0.000194101 -0.000195995 -0.000198009 -0.000200197 -0.000202592 -0.000205212 -0.000208062 -0.000211126 -0.000214375 -0.000217754 -0.000221188 -0.000224566 -0.000227741 -0.000230516 -0.000232635 -0.000233771 -0.000233513 -0.000231359 -0.000226714 -0.000218893 -0.000207154 -0.00019074 -0.000168964 -0.000141325 -0.000107654 -6.828e-05 -2.41879e-05 -0.00018403 -0.00019974 -0.00021126 -0.000219768 -0.000226126 -0.000230968 -0.000234767 -0.000237877 -0.000240564 -0.000243036 -0.000245449 -0.000247925 -0.000250553 -0.000253399 -0.000256509 -0.000259906 -0.000263595 -0.00026756 -0.000271763 -0.000276139 -0.000280593 -0.000284988 -0.00028914 -0.0002928 -0.000295646 -0.000297262 -0.000297126 -0.000294598 -0.000288912 -0.00027919 -0.000264468 -0.00024376 -0.000216164 -0.000181006 -0.000138036 -8.76466e-05 -3.10765e-05 -0.000224288 -0.000241065 -0.000253686 -0.000263236 -0.000270539 -0.000276222 -0.000280768 -0.00028455 -0.00028786 -0.000290926 -0.000293929 -0.000297007 -0.000300269 -0.000303793 -0.000307633 -0.00031182 -0.000316361 -0.000321239 -0.00032641 -0.000331801 -0.000337298 -0.000342741 -0.000347911 -0.000352515 -0.000356165 -0.000358364 -0.000358482 -0.000355743 -0.000349216 -0.000337825 -0.000320382 -0.000295665 -0.000262539 -0.00022014 -0.000168114 -0.00010689 -3.79418e-05 -0.000263828 -0.000280616 -0.00029367 -0.000303854 -0.000311864 -0.000318257 -0.000323485 -0.000327915 -0.000331844 -0.000335513 -0.000339119 -0.000342817 -0.000346729 -0.000350945 -0.000355529 -0.000360517 -0.00036592 -0.000371721 -0.000377872 -0.00038429 -0.00039085 -0.000397371 -0.000403602 -0.000409209 -0.000413747 -0.00041664 -0.000417157 -0.00041439 -0.000407247 -0.000394452 -0.000374593 -0.000346198 -0.000307888 -0.000258583 -0.000197796 -0.000125963 -4.47713e-05 -0.000302285 -0.000318119 -0.000330976 -0.000341396 -0.000349868 -0.000356827 -0.000362657 -0.000367694 -0.000372225 -0.000376495 -0.000380709 -0.000385035 -0.000389605 -0.000394522 -0.000399857 -0.000405652 -0.000411921 -0.000418648 -0.000425784 -0.000433239 -0.000440876 -0.000448498 -0.000455829 -0.000462496 -0.000468003 -0.000471703 -0.00047277 -0.00047017 -0.00046265 -0.000448743 -0.000426802 -0.000395103 -0.000352 -0.000296175 -0.000226977 -0.000144813 -5.1549e-05 -0.000339241 -0.000353324 -0.00036544 -0.000375733 -0.000384431 -0.000391806 -0.000398144 -0.000403731 -0.000408831 -0.000413683 -0.000418496 -0.000423445 -0.000428672 -0.000434288 -0.000440372 -0.000446971 -0.000454104 -0.000461754 -0.000469872 -0.000478364 -0.000487085 -0.000495823 -0.000504282 -0.000512057 -0.000518609 -0.000523224 -0.000524989 -0.000522751 -0.000515105 -0.000500388 -0.000476724 -0.000442123 -0.000394657 -0.000332747 -0.000255538 -0.000163372 -5.82544e-05 -0.000374245 -0.000386 -0.000396961 -0.000406831 -0.000415543 -0.000423182 -0.000429923 -0.000435984 -0.000441601 -0.000446998 -0.000452383 -0.000457936 -0.000463804 -0.000470106 -0.000476926 -0.000484317 -0.0004923 -0.00050086 -0.000509948 -0.000519467 -0.000529266 -0.000539123 -0.000548728 -0.000557648 -0.000565306 -0.000570933 -0.000573534 -0.000571848 -0.000564322 -0.000549103 -0.000524085 -0.000487003 -0.000435637 -0.000368115 -0.000283348 -0.000181563 -6.48627e-05 -0.000406825 -0.000415944 -0.000425498 -0.000434733 -0.000443283 -0.000451042 -0.000458069 -0.000464515 -0.000470575 -0.000476461 -0.000482372 -0.00048849 -0.000494968 -0.000501929 -0.00050946 -0.000517619 -0.000526428 -0.000535874 -0.000545908 -0.000556432 -0.000567291 -0.000578258 -0.00058901 -0.000599095 -0.000607905 -0.000614622 -0.000618182 -0.000617222 -0.00061005 -0.000594632 -0.000568628 -0.000529498 -0.000474711 -0.000402085 -0.000310258 -0.000199295 -7.13445e-05 -0.000436512 -0.000442989 -0.000451065 -0.000459548 -0.000467801 -0.00047555 -0.000482743 -0.000489468 -0.000495882 -0.000502177 -0.000508549 -0.000515176 -0.000522216 -0.000529792 -0.000537996 -0.000546886 -0.000556485 -0.000566783 -0.000577727 -0.000589222 -0.00060111 -0.000613161 -0.000625044 -0.000636295 -0.000646281 -0.000654146 -0.000658763 -0.000658682 -0.00065208 -0.000636749 -0.00061012 -0.000569373 -0.000511656 -0.000434453 -0.000336104 -0.000216466 -7.76656e-05 -0.000462856 -0.000467015 -0.000473723 -0.000481431 -0.000489301 -0.000496927 -0.000504169 -0.000511057 -0.000517718 -0.000524328 -0.000531073 -0.000538135 -0.00054567 -0.000553803 -0.000562627 -0.000572199 -0.000582541 -0.000593642 -0.00060545 -0.000617868 -0.000630739 -0.000643832 -0.000656813 -0.000669211 -0.000680374 -0.000689418 -0.000695167 -0.000696088 -0.000690246 -0.000675264 -0.000648352 -0.00060641 -0.000546254 -0.000465013 -0.000360706 -0.000232952 -8.37868e-05 -0.000485463 -0.000487964 -0.000493562 -0.000500554 -0.000508006 -0.000515426 -0.00052261 -0.000529546 -0.000536337 -0.000543148 -0.000550165 -0.000557567 -0.000565513 -0.000574129 -0.000583505 -0.000593696 -0.000604723 -0.000616569 -0.000629182 -0.000642463 -0.000656258 -0.000670335 -0.000684363 -0.000697865 -0.000710183 -0.000720411 -0.000727332 -0.00072935 -0.000724421 -0.000710021 -0.000683144 -0.000640411 -0.000578301 -0.000493566 -0.00038387 -0.000248601 -8.96585e-05 -0.000504099 -0.000505854 -0.000510667 -0.000517064 -0.000524123 -0.0005313 -0.000538347 -0.000545226 -0.000552028 -0.000558918 -0.000566086 -0.000573718 -0.000581975 -0.000590983 -0.00060083 -0.000611566 -0.000623206 -0.000635729 -0.000649077 -0.000663151 -0.000677797 -0.000692787 -0.000707791 -0.000722337 -0.000735762 -0.000747149 -0.000755252 -0.000758422 -0.000754527 -0.000740902 -0.000714344 -0.000671204 -0.000607616 -0.000519937 -0.000405429 -0.0002632 -9.51944e-05 -0.000518968 -0.000520692 -0.000524995 -0.000531007 -0.000537796 -0.000544772 -0.000551656 -0.000558399 -0.000565103 -0.000571945 -0.000579134 -0.000586868 -0.000595318 -0.000604613 -0.000614836 -0.000626031 -0.000638204 -0.000651325 -0.00066533 -0.000680117 -0.000695531 -0.000711348 -0.000727243 -0.000742751 -0.000757212 -0.000769704 -0.000778966 -0.000783307 -0.000780522 -0.000767826 -0.000741833 -0.000698635 -0.000634031 -0.000543975 -0.000425293 -0.000276673 -9.99809e-05 
Eps_intensity 1 5920 float
0.000881313 0.000884543 0.000889514 0.000895305 0.000901287 0.00090712 0.000912699 0.00091809 0.000923467 0.000929058 0.000935097 0.000941792 0.00094931 0.000957763 0.000967218 0.000977704 0.00098922 0.00100174 0.00101522 0.00102959 0.00104474 0.00106046 0.00107647 0.00109228 0.00110717 0.00112006 0.00112942 0.00113312 0.00112834 0.00111145 0.00107807 0.00102321 0.000941826 0.00082988 0.000686734 0.000521303 0.000373222 0.000883323 0.000889531 0.000896279 0.000902939 0.000909216 0.000915052 0.000920558 0.000925946 0.000931481 0.000937436 0.000944053 0.000951529 0.000960002 0.000969557 0.000980233 0.000992035 0.00100494 0.00101891 0.00103389 0.00104979 0.00106646 0.00108368 0.00110111 0.00111822 0.00113422 0.00114796 0.00115786 0.00116176 0.00115688 0.00113976 0.00110639 0.00105247 0.000974169 0.000869592 0.000741896 0.000606434 0.000505635 0.00088809 0.000896572 0.0009044 0.000911412 0.000917658 0.000923331 0.000928713 0.000934129 0.000939901 0.000946319 0.000953616 0.00096196 0.000971455 0.000982153 0.000994062 0.00100716 0.00102141 0.00103676 0.00105313 0.0010704 0.00108842 0.00110692 0.00112551 0.00114362 0.00116039 0.00117465 0.00118477 0.00118862 0.00118354 0.00116635 0.00113351 0.00108164 0.00100838 0.000914241 0.000806022 0.000703032 0.000643908 0.000895763 0.000905478 0.000913652 0.000920542 0.000926485 0.000931874 0.00093712 0.000942619 0.000948719 0.000955702 0.000963771 0.000973055 0.000983618 0.000995473 0.0010086 0.00102295 0.00103847 0.00105508 0.00107268 0.00109116 0.0011103 0.00112983 0.0011493 0.0011681 0.00118534 0.0011998 0.00120988 0.00121355 0.0012083 0.00119134 0.00115979 0.0011113 0.00104518 0.000964331 0.000878506 0.000808447 0.000786106 0.000906043 0.000915935 0.000923776 0.000930132 0.000935557 0.00094059 0.000945722 0.000951381 0.000957909 0.000965554 0.000974474 0.000984748 0.000996395 0.00100939 0.00102368 0.0010392 0.00105586 0.00107359 0.00109226 0.00111172 0.00113175 0.00115203 0.0011721 0.00119129 0.00120869 0.00122311 0.00123299 0.00123642 0.0012312 0.00121498 0.00118566 0.00114208 0.00108524 0.0010202 0.000958672 0.000920693 0.000930716 0.000918419 0.000927548 0.000934468 0.000939956 0.000944716 0.00094937 0.000954445 0.000960359 0.000967416 0.000975809 0.000985637 0.000996923 0.00100964 0.00102372 0.00103908 0.00105564 0.00107331 0.00109197 0.00111149 0.00113171 0.00115237 0.00117312 0.00119349 0.00121279 0.00123011 0.0012443 0.00125391 0.00125722 0.00125237 0.0012376 0.00121167 0.00117466 0.00112917 0.00108201 0.00104571 0.00103808 0.00107653 0.000932272 0.000939851 0.000945377 0.000949758 0.000953775 0.000958081 0.000963188 0.000969464 0.000977147 0.000986357 0.000997122 0.00100941 0.00102313 0.0010382 0.00105452 0.00107196 0.00109044 0.00110982 0.00112996 0.00115067 0.00117169 0.00119265 0.00121305 0.00123222 0.00124928 0.00126316 0.00127254 0.00127598 0.00127206 0.00125964 0.00123841 0.00120968 0.00117746 0.00114969 0.00113868 0.00115912 0.00122246 0.000946908 0.00095232 0.000956109 0.000959244 0.000962521 0.000966563 0.000971817 0.000978569 0.000986962 0.000997029 0.00100872 0.00102195 0.00103659 0.00105252 0.00106961 0.00108775 0.00110682 0.00112668 0.00114719 0.00116813 0.00118924 0.00121015 0.00123036 0.00124922 0.00126593 0.00127951 0.00128886 0.00129288 0.0012906 0.00128161 0.00126652 0.00124776 0.00123042 0.00122294 0.00123652 0.00128247 0.00136748 0.00096157 0.00096437 0.000966223 0.000968087 0.000970708 0.000974621 0.000980161 0.000987497 0.000996661 0.00100759 0.00102016 0.00103424 0.00104965 0.00106626 0.00108392 0.00110253 0.00112194 0.00114203 0.00116265 0.00118357 0.00120453 0.00122517 0.00124502 0.00126348 0.00127984 0.00129329 0.00130297 0.00130816 0.00130843 0.00130408 0.0012966 0.00128936 0.00128814 0.00130119 0.00133808 0.00140687 0.00151057 0.000975423 0.000975358 0.000975233 0.000975925 0.000978059 0.000982021 0.000987997 0.00099601 0.00100597 0.00101772 0.00103108 0.00104585 0.00106185 0.00107892 0.00109693 0.00111575 0.00113525 0.00115532 0.00117579 0.00119646 0.00121707 0.00123728 0.00125668 0.00127475 0.0012909 0.00130452 0.00131506 0.00132219 0.00132605 0.00132763 0.0013292 0.0013348 0.00135043 0.00138368 0.00144217 0.00153111 0.00165075 0.00098756 0.000984588 0.000982621 0.000982369 0.000984264 0.000988491 0.000995048 0.0010038 0.00101454 0.00102703 0.00104101 0.00105629 0.00107265 0.00108994 0.00110804 0.00112681 0.00114616 0.00116596 0.00118606 0.00120628 0.0012264 0.00124611 0.00126507 0.00128287 0.00129909 0.00131335 0.00132542 0.00133541 0.00134401 0.00135282 0.00136472 0.00138411 0.00141684 0.00146943 0.00154754 0.00165398 0.00178704 0.000997 0.000991329 0.00098785 0.000987015 0.000988988 0.000993709 0.00100097 0.00101049 0.00102194 0.00103501 0.00104944 0.00106498 0.00108145 0.00109871 0.00111663 0.00113511 0.00115406 0.00117337 0.00119293 0.00121258 0.00123214 0.00125137 0.00127002 0.00128781 0.00130452 0.00132003 0.00133445 0.00134831 0.00136281 0.00138007 0.00140333 0.00143708 0.00148664 0.0015573 0.0016529 0.00177432 0.00191848 0.00100272 0.000994848 0.000990395 0.000989459 0.000991874 0.000997315 0.00100537 0.00101561 0.00102765 0.00104112 0.00105575 0.0010713 0.00108762 0.00110457 0.00112207 0.00114002 0.00115837 0.00117705 0.00119595 0.00121498 0.00123401 0.0012529 0.00127149 0.00128967 0.00130744 0.00132493 0.0013426 0.0013614 0.00138292 0.00140964 0.00144499 0.00149321 0.00155889 0.00164605 0.00175693 0.00189096 0.00204412 0.00100372 0.000994467 0.000989782 0.000989321 0.000992563 0.000998916 0.0010078 0.00101867 0.00103111 0.00104475 0.00105932 0.00107462 0.00109052 0.00110693 0.00112377 0.00114102 0.00115863 0.00117657 0.0011948 0.00121326 0.00123191 0.00125069 0.0012696 0.0012887 0.00130819 0.00132849 0.00135037 0.00137512 0.00140463 0.00144157 0.00148932 0.00155169 0.00163242 0.00173432 0.00185832 0.00200277 0.00216305 0.000999139 0.000989644 0.000985637 0.000986283 0.000990712 0.000998112 0.00100778 0.00101915 0.00103177 0.00104531 0.00105956 0.00107435 0.0010896 0.00110526 0.00112129 0.00113771 0.00115451 0.00117171 0.00118933 0.00120737 0.00122588 0.00124493 0.00126465 0.00128528 0.00130724 0.0013312 0.00135821 0.00138978 0.00142802 0.0014756 0.00153566 0.00161147 0.0017059 0.00182068 0.00195574 0.00210863 0.00227438 0.000988363 0.000980067 0.000977756 0.00098013 0.000986044 0.000994549 0.00100491 0.00101656 0.00102912 0.00104233 0.00105601 0.00107007 0.00108449 0.00109924 0.00111437 0.00112991 0.00114592 0.00116247 0.00117963 0.00119751 0.00121624 0.00123601 0.0012571 0.00127993 0.00130511 0.00133354 0.00136645 0.00140553 0.00145292 0.00151117 0.00158307 0.0016713 0.00177789 0.00190371 0.00204788 0.00220746 0.00237727 0.000971246 0.000965769 0.000966174 0.000970817 0.000978409 0.000987991 0.000998877 0.0010106 0.00102287 0.00103551 0.00104843 0.0010616 0.00107506 0.00108885 0.00110306 0.00111776 0.00113309 0.00114915 0.00116611 0.00118416 0.00120352 0.00122452 0.00124757 0.00127325 0.00130235 0.0013359 0.00137528 0.00142224 0.00147884 0.00154743 0.00163037 0.00172974 0.00184688 0.00198195 0.0021335 0.00229824 0.00247093 0.000948267 0.000947234 0.000951247 0.000958543 0.000967881 0.00097843 0.000989657 0.00100124 0.00101302 0.00102492 0.00103694 0.00104915 0.00106161 0.00107445 0.00108779 0.00110179 0.0011166 0.00113243 0.0011495 0.00116808 0.00118853 0.00121125 0.00123681 0.0012659 0.00129943 0.00133855 0.00138468 0.00143955 0.00150507 0.00158331 0.0016762 0.0017853 0.00191136 0.00205401 0.00221139 0.00238001 0.00255462 0.00092068 0.000925478 0.000933724 0.000943844 0.000954863 0.00096621 0.000977583 0.000988852 0.000999994 0.00101106 0.00102215 0.00103338 0.0010449 0.00105687 0.00106949 0.00108295 0.00109748 0.00111335 0.00113085 0.00115035 0.00117227 0.00119714 0.00122561 0.00125849 0.00129674 0.00134157 0.0013944 0.00145683 0.00153063 0.00161753 0.00171911 0.00183645 0.00196985 0.00211856 0.00228045 0.00245187 0.00262767 0.00089056 0.000902069 0.000914789 0.000927668 0.000940185 0.000952134 0.000963489 0.000974325 0.000984774 0.000994999 0.00100518 0.00101552 0.00102621 0.00103747 0.00104954 0.00106269 0.00107718 0.00109335 0.00111157 0.00113226 0.00115595 0.00118323 0.00121482 0.00125158 0.00129454 0.00134488 0.00140397 0.00147329 0.0015544 0.00164877 0.00175763 0.00188171 0.00202098 0.0021744 0.00233965 0.00251305 0.00268949 0.000860695 0.000879066 0.000896055 0.000911397 0.000925148 0.000937508 0.000948733 0.0009591 0.000968879 0.000978335 0.000987726 0.000997305 0.00100733 0.00101806 0.00102979 0.00104281 0.00105747 0.00107414 0.00109324 0.00111529 0.00114083 0.00117054 0.00120517 0.00124563 0.00129292 0.00134821 0.00141278 0.00148799 0.00157521 0.00167568 0.00179037 0.00191973 0.00206351 0.00222044 0.00238813 0.00256285 0.00273958 0.000834295 0.000858825 0.000879441 0.00089677 0.000911447 0.000924056 0.000935107 0.000945043 0.000954252 0.00096308 0.000971846 0.000980851 0.000990394 0.00100078 0.00101232 0.00102537 0.00104031 0.00105755 0.00107757 0.0011009 0.00112816 0.00116005 0.00119734 0.00124095 0.00129186 0.0013512 0.00142018 0.00150002 0.00159196 0.00169706 0.0018161 0.00194935 0.00209638 0.0022558 0.00242515 0.00260071 0.00277752 0.000814517 0.000843689 0.000866931 0.00088564 0.000900926 0.000913667 0.00092456 0.000934171 0.000942969 0.000951358 0.000959697 0.000968323 0.000977563 0.000987747 0.000999224 0.00101237 0.00102758 0.00104532 0.00106609 0.00109045 0.00111904 0.00115257 0.00119184 0.00123774 0.00129126 0.00135347 0.00142552 0.00150855 0.0016037 0.00171192 0.00183384 0.00196964 0.00211876 0.00227978 0.00245016 0.00262619 0.00280299 0.000803913 0.000835578 0.000860193 0.000879606 0.000895193 0.000907988 0.00091879 0.000928226 0.00093681 0.000944974 0.000953098 0.000961537 0.000970633 0.000980732 0.000992194 0.00100541 0.0010208 0.00103883 0.00106002 0.00108494 0.00111426 0.00114867 0.001189 0.00123611 0.001291 0.0013547 0.00142832 0.00151298 0.00160975 0.00171953 0.00184289 0.00197995 0.0021301 0.00229189 0.00246276 0.00263901 0.00281578 0.000803913 0.000835578 0.000860193 0.000879606 0.000895193 0.000907988 0.00091879 0.000928226 0.00093681 0.000944974 0.000953098 0.000961537 0.000970633 0.000980732 0.000992194 0.00100541 0.0010208 0.00103883 0.00106002 0.00108494 0.00111426 0.00114867 0.001189 0.00123611 0.001291 0.0013547 0.00142832 0.00151298 0.00160975 0.00171953 0.00184289 0.00197995 0.0021301 0.00229189 0.00246276 0.00263901 0.00281578 0.000814517 0.000843689 0.000866931 0.00088564 0.000900926 0.000913667 0.00092456 0.000934171 0.000942969 0.000951358 0.000959697 0.000968323 0.000977563 0.000987747 0.000999224 0.00101237 0.00102758 0.00104532 0.00106609 0.00109045 0.00111904 0.00115257 0.00119184 0.00123774 0.00129126 0.00135347 0.00142552 0.00150855 0.0016037 0.00171192 0.00183384 0.00196964 0.00211876 0.00227978 0.00245016 0.00262619 0.00280299 0.000834295 0.000858825 0.000879441 0.00089677 0.000911447 0.000924056 0.000935107 0.000945043 0.000954252 0.00096308 0.000971846 0.000980851 0.000990394 0.00100078 0.00101232 0.00102537 0.00104031 0.00105755 0.00107757 0.0011009 0.00112816 0.00116005 0.00119734 0.00124095 0.00129186 0.0013512 0.00142018 0.00150002 0.00159196 0.00169706 0.0018161 0.00194935 0.00209638 0.0022558 0.00242515 0.00260071 0.00277752 0.000860695 0.000879066 0.000896055 0.000911397 0.000925148 0.000937508 0.000948733 0.0009591 0.000968879 0.000978335 0.000987726 0.000997305 0.00100733 0.00101806 0.00102979 0.00104281 0.00105747 0.00107414 0.00109324 0.00111529 0.00114083 0.00117054 0.00120517 0.00124563 0.00129292 0.00134821 0.00141278 0.00148799 0.00157521 0.00167568 0.00179037 0.00191973 0.00206351 0.00222044 0.00238813 0.00256285 0.00273958 0.00089056 0.000902069 0.000914789 0.000927668 0.000940185 0.000952134 0.000963489 0.000974325 0.000984774 0.000994999 0.00100518 0.00101552 0.00102621 0.00103747 0.00104954 0.00106269 0.00107718 0.00109335 0.00111157 0.00113226 0.00115595 0.00118323 0.00121482 0.00125158 0.00129454 0.00134488 0.00140397 0.00147329 0.0015544 0.00164877 0.00175763 0.00188171 0.00202098 0.0021744 0.00233965 0.00251305 0.00268949 0.00092068 0.000925478 0.000933724 0.000943844 0.000954863 0.00096621 0.000977583 0.000988852 0.000999994 0.00101106 0.00102215 0.00103338 0.0010449 0.00105687 0.00106949 0.00108295 0.00109748 0.00111335 0.00113085 0.00115035 0.00117227 0.00119714 0.00122561 0.00125849 0.00129674 0.00134157 0.0013944 0.00145683 0.00153063 0.00161753 0.00171911 0.00183645 0.00196985 0.00211856 0.00228045 0.00245187 0.00262767 0.000948267 0.000947234 0.000951247 0.000958543 0.000967881 0.00097843 0.000989657 0.00100124 0.00101302 0.00102492 0.00103694 0.00104915 0.00106161 0.00107445 0.00108779 0.00110179 0.0011166 0.00113243 0.0011495 0.00116808 0.00118853 0.00121125 0.00123681 0.0012659 0.00129943 0.00133855 0.00138468 0.00143955 0.00150507 0.00158331 0.0016762 0.0017853 0.00191136 0.00205401 0.00221139 0.00238001 0.00255462 0.000971246 0.000965769 0.000966174 0.000970817 0.000978409 0.000987991 0.000998877 0.0010106 0.00102287 0.00103551 0.00104843 0.0010616 0.00107506 0.00108885 0.00110306 0.00111776 0.00113309 0.00114915 0.00116611 0.00118416 0.00120352 0.00122452 0.00124757 0.00127325 0.00130235 0.0013359 0.00137528 0.00142224 0.00147884 0.00154743 0.00163037 0.00172974 0.00184688 0.00198195 0.0021335 0.00229824 0.00247093 0.000988363 0.000980067 0.000977756 0.00098013 0.000986044 0.000994549 0.00100491 0.00101656 0.00102912 0.00104233 0.00105601 0.00107007 0.00108449 0.00109924 0.00111437 0.00112991 0.00114592 0.00116247 0.00117963 0.00119751 0.00121624 0.00123601 0.0012571 0.00127993 0.00130511 0.00133354 0.00136645 0.00140553 0.00145292 0.00151117 0.00158307 0.0016713 0.00177789 0.00190371 0.00204788 0.00220746 0.00237727 0.000999139 0.000989644 0.000985637 0.000986283 0.000990712 0.000998112 0.00100778 0.00101915 0.00103177 0.00104531 0.00105956 0.00107435 0.0010896 0.00110526 0.00112129 0.00113771 0.00115451 0.00117171 0.00118933 0.00120737 0.00122588 0.00124493 0.00126465 0.00128528 0.00130724 0.0013312 0.00135821 0.00138978 0.00142802 0.0014756 0.00153566 0.00161147 0.0017059 0.00182068 0.00195574 0.00210863 0.00227438 0.00100372 0.000994467 0.000989782 0.000989321 0.000992563 0.000998916 0.0010078 0.00101867 0.00103111 0.00104475 0.00105932 0.00107462 0.00109052 0.00110693 0.00112377 0.00114102 0.00115863 0.00117657 0.0011948 0.00121326 0.00123191 0.00125069 0.0012696 0.0012887 0.00130819 0.00132849 0.00135037 0.00137512 0.00140463 0.00144157 0.00148932 0.00155169 0.00163242 0.00173432 0.00185832 0.00200277 0.00216305 0.00100272 0.000994848 0.000990395 0.000989459 0.000991874 0.000997315 0.00100537 0.00101561 0.00102765 0.00104112 0.00105575 0.0010713 0.00108762 0.00110457 0.00112207 0.00114002 0.00115837 0.00117705 0.00119595 0.00121498 0.00123401 0.0012529 0.00127149 0.00128967 0.00130744 0.00132493 0.0013426 0.0013614 0.00138292 0.00140964 0.00144499 0.00149321 0.00155889 0.00164605 0.00175693 0.00189096 0.00204412 0.000997 0.000991329 0.00098785 0.000987015 0.000988988 0.000993709 0.00100097 0.00101049 0.00102194 0.00103501 0.00104944 0.00106498 0.00108145 0.00109871 0.00111663 0.00113511 0.00115406 0.00117337 0.00119293 0.00121258 0.00123214 0.00125137 0.00127002 0.00128781 0.00130452 0.00132003 0.00133445 0.00134831 0.00136281 0.00138007 0.00140333 0.00143708 0.00148664 0.0015573 0.0016529 0.00177432 0.00191848 0.00098756 0.000984588 0.000982621 0.000982369 0.000984264 0.000988491 0.000995048 0.0010038 0.00101454 0.00102703 0.00104101 0.00105629 0.00107265 0.00108994 0.00110804 0.00112681 0.00114616 0.00116596 0.00118606 0.00120628 0.0012264 0.00124611 0.00126507 0.00128287 0.00129909 0.00131335 0.00132542 0.00133541 0.00134401 0.00135282 0.00136472 0.00138411 0.00141684 0.00146943 0.00154754 0.00165398 0.00178704 0.000975423 0.000975358 0.000975233 0.000975925 0.000978059 0.000982021 0.000987997 0.00099601 0.00100597 0.00101772 0.00103108 0.00104585 0.00106185 0.00107892 0.00109693 0.00111575 0.00113525 0.00115532 0.00117579 0.00119646 0.00121707 0.00123728 0.00125668 0.00127475 0.0012909 0.00130452 0.00131506 0.00132219 0.00132605 0.00132763 0.0013292 0.0013348 0.00135043 0.00138368 0.00144217 0.00153111 0.00165075 0.00096157 0.00096437 0.000966223 0.000968087 0.000970708 0.000974621 0.000980161 0.000987497 0.000996661 0.00100759 0.00102016 0.00103424 0.00104965 0.00106626 0.00108392 0.00110253 0.00112194 0.00114203 0.00116265 0.00118357 0.00120453 0.00122517 0.00124502 0.00126348 0.00127984 0.00129329 0.00130297 0.00130816 0.00130843 0.00130408 0.0012966 0.00128936 0.00128814 0.00130119 0.00133808 0.00140687 0.00151057 0.000946908 0.00095232 0.000956109 0.000959244 0.000962521 0.000966563 0.000971817 0.000978569 0.000986962 0.000997029 0.00100872 0.00102195 0.00103659 0.00105252 0.00106961 0.00108775 0.00110682 0.00112668 0.00114719 0.00116813 0.00118924 0.00121015 0.00123036 0.00124922 0.00126593 0.00127951 0.00128886 0.00129288 0.0012906 0.00128161 0.00126652 0.00124776 0.00123042 0.00122294 0.00123652 0.00128247 0.00136748 0.000932272 0.000939851 0.000945377 0.000949758 0.000953775 0.000958081 0.000963188 0.000969464 0.000977147 0.000986357 0.000997122 0.00100941 0.00102313 0.0010382 0.00105452 0.00107196 0.00109044 0.00110982 0.00112996 0.00115067 0.00117169 0.00119265 0.00121305 0.00123222 0.00124928 0.00126316 0.00127254 0.00127598 0.00127206 0.00125964 0.00123841 0.00120968 0.00117746 0.00114969 0.00113868 0.00115912 0.00122246 0.000918419 0.000927548 0.000934468 0.000939956 0.000944716 0.00094937 0.000954445 0.000960359 0.000967416 0.000975809 0.000985637 0.000996923 0.00100964 0.00102372 0.00103908 0.00105564 0.00107331 0.00109197 0.00111149 0.00113171 0.00115237 0.00117312 0.00119349 0.00121279 0.00123011 0.0012443 0.00125391 0.00125722 0.00125237 0.0012376 0.00121167 0.00117466 0.00112917 0.00108201 0.00104571 0.00103808 0.00107653 0.000906043 0.000915935 0.000923776 0.000930132 0.000935557 0.00094059 0.000945722 0.000951381 0.000957909 0.000965554 0.000974474 0.000984748 0.000996395 0.00100939 0.00102368 0.0010392 0.00105586 0.00107359 0.00109226 0.00111172 0.00113175 0.00115203 0.0011721 0.00119129 0.00120869 0.00122311 0.00123299 0.00123642 0.0012312 0.00121498 0.00118566 0.00114208 0.00108524 0.0010202 0.000958672 0.000920693 0.000930716 0.000895763 0.000905478 0.000913652 0.000920542 0.000926485 0.000931874 0.00093712 0.000942619 0.000948719 0.000955702 0.000963771 0.000973055 0.000983618 0.000995473 0.0010086 0.00102295 0.00103847 0.00105508 0.00107268 0.00109116 0.0011103 0.00112983 0.0011493 0.0011681 0.00118534 0.0011998 0.00120988 0.00121355 0.0012083 0.00119134 0.00115979 0.0011113 0.00104518 0.000964331 0.000878506 0.000808447 0.000786106 0.00088809 0.000896572 0.0009044 0.000911412 0.000917658 0.000923331 0.000928713 0.000934129 0.000939901 0.000946319 0.000953616 0.00096196 0.000971455 0.000982153 0.000994062 0.00100716 0.00102141 0.00103676 0.00105313 0.0010704 0.00108842 0.00110692 0.00112551 0.00114362 0.00116039 0.00117465 0.00118477 0.00118862 0.00118354 0.00116635 0.00113351 0.00108164 0.00100838 0.000914241 0.000806022 0.000703032 0.000643908 0.000883323 0.000889531 0.000896279 0.000902939 0.000909216 0.000915052 0.000920558 0.000925946 0.000931481 0.000937436 0.000944053 0.000951529 0.000960002 0.000969557 0.000980233 0.000992035 0.00100494 0.00101891 0.00103389 0.00104979 0.00106646 0.00108368 0.00110111 0.00111822 0.00113422 0.00114796 0.00115786 0.00116176 0.00115688 0.00113976 0.00110639 0.00105247 0.000974169 0.000869592 0.000741896 0.000606434 0.000505635 0.000881313 0.000884543 0.000889514 0.000895305 0.000901287 0.00090712 0.000912699 0.00091809 0.000923467 0.000929058 0.000935097 0.000941792 0.00094931 0.000957763 0.000967218 0.000977704 0.00098922 0.00100174 0.00101522 0.00102959 0.00104474 0.00106046 0.00107647 0.00109228 0.00110717 0.00112006 0.00112942 0.00113312 0.00112834 0.00111145 0.00107807 0.00102321 0.000941826 0.00082988 0.000686734 0.000521303 0.000373222 0.000881709 0.000882871 0.000885987 0.000890533 0.000895769 0.000901191 0.000906547 0.000911782 0.000916979 0.000922299 0.000927933 0.000934064 0.000940844 0.000948386 0.000956764 0.000966016 0.00097615 0.000987157 0.000999003 0.00101163 0.00102493 0.00103874 0.00105278 0.0010666 0.00107949 0.00109044 0.00109792 0.00109986 0.00109341 0.00107494 0.00103991 0.000983081 0.000898818 0.000781925 0.000629174 0.000442994 0.000249298 0.000881306 0.00088117 0.000883485 0.000887353 0.000892014 0.000896953 0.000901893 0.000906746 0.000911555 0.000916438 0.000921542 0.000927014 0.000932977 0.000939527 0.000946729 0.000954619 0.000963212 0.000972503 0.000982468 0.000993054 0.00100417 0.00101564 0.0010272 0.0010384 0.00104856 0.00105664 0.00106117 0.00106006 0.00105055 0.00102902 0.000991056 0.000931483 0.000844732 0.000725449 0.000569519 0.000375623 0.000148949 0.000879176 0.000878028 0.00087987 0.00088336 0.000887637 0.000892168 0.000896666 0.000901035 0.000905296 0.000909542 0.000913893 0.000918469 0.000923376 0.000928697 0.000934488 0.000940784 0.000947604 0.000954946 0.000962793 0.000971101 0.000979783 0.000988684 0.000997541 0.00100593 0.00101317 0.00101829 0.00101982 0.00101576 0.00100342 0.000979328 0.000939226 0.000878213 0.000791079 0.000672976 0.000520562 0.000334225 0.000131386 0.000875436 0.000873923 0.000875558 0.000878808 0.000882748 0.000886837 0.0008908 0.000894539 0.000898071 0.000901475 0.000904853 0.000908309 0.000911934 0.000915798 0.000919953 0.000924431 0.000929251 0.000934415 0.000939912 0.000945705 0.00095172 0.000957817 0.000963753 0.00096913 0.000973322 0.000975381 0.000973936 0.000967072 0.000952228 0.000926132 0.000884822 0.000823839 0.000738697 0.000625855 0.00048491 0.000325765 0.000209268 0.000870367 0.000869084 0.000870741 0.000873811 0.000877382 0.000880939 0.000884231 0.000887176 0.000889793 0.000892156 0.000894355 0.000896481 0.000898612 0.000900809 0.000903117 0.000905563 0.000908165 0.000910929 0.000913847 0.000916894 0.000920009 0.000923075 0.000925881 0.000928071 0.000929077 0.000928027 0.000923651 0.000914169 0.000897209 0.000869769 0.000828296 0.000768983 0.00068847 0.000585421 0.000464544 0.000349266 0.000312153 0.000864305 0.000863683 0.000865523 0.000868422 0.00087155 0.000874454 0.000876927 0.000878912 0.000880438 0.000881576 0.000882408 0.000883016 0.000883464 0.000883804 0.00088407 0.000884287 0.000884468 0.00088462 0.000884741 0.000884816 0.000884805 0.000884619 0.000884091 0.000882923 0.000880624 0.000876427 0.000869193 0.000857324 0.00083869 0.00081064 0.000770159 0.000714315 0.000641306 0.000552836 0.000459902 0.000395376 0.000416312 0.000857586 0.00085789 0.000859991 0.000862685 0.000865274 0.000867399 0.000868909 0.000869782 0.000870059 0.000869813 0.00086912 0.000868049 0.000866653 0.000864971 0.000863028 0.000860839 0.000858414 0.00085576 0.000852878 0.000849769 0.000846413 0.00084276 0.000838696 0.000834 0.000828281 0.000820903 0.0008109 0.000796897 0.000777073 0.000749215 0.000710981 0.000660553 0.000598088 0.000528849 0.000469372 0.000453491 0.0005159 0.000850537 0.00085188 0.000854246 0.000856668 0.000858616 0.000859842 0.000860266 0.000859901 0.000858805 0.000857051 0.000854708 0.000851834 0.000848467 0.000844633 0.000840345 0.000835607 0.000830421 0.00082479 0.000818723 0.000812232 0.000805324 0.000797994 0.000790193 0.000781793 0.000772527 0.000761926 0.000749237 0.000733362 0.000712854 0.00068604 0.000651399 0.000608452 0.000559599 0.000513555 0.000489724 0.000515894 0.000608651 0.000843463 0.000845844 0.000848416 0.000850479 0.000851691 0.000851923 0.000851169 0.000849478 0.000846925 0.000843582 0.000839511 0.000834754 0.000829336 0.000823266 0.000816541 0.000809151 0.000801088 0.000792351 0.000782948 0.000772904 0.000762257 0.000751048 0.000739306 0.000727011 0.000714051 0.000700155 0.000684832 0.000667325 0.000646645 0.000621762 0.000592131 0.000558795 0.00052644 0.000506282 0.000517091 0.000577702 0.000693299 0.00083665 0.000839975 0.000842658 0.000844276 0.000844678 0.000843858 0.000841876 0.000838821 0.000834778 0.000829818 0.000823994 0.000817331 0.000809838 0.000801504 0.000792307 0.000782222 0.000771224 0.000759302 0.000746464 0.000732742 0.0007182 0.000702931 0.000687045 0.000670648 0.000653807 0.000636491 0.00061853 0.000599583 0.000579214 0.000557166 0.000534011 0.000512396 0.000498934 0.000505664 0.000547807 0.000635845 0.000768966 0.000830352 0.000834473 0.000837157 0.000838261 0.000837817 0.000835931 0.000832728 0.000828325 0.000822819 0.000816277 0.000808737 0.000800212 0.000790688 0.000780135 0.000768508 0.000755759 0.000741847 0.000726744 0.000710446 0.000692991 0.000674461 0.000654993 0.000634781 0.000614067 0.000593116 0.000572186 0.00055149 0.000531204 0.000511573 0.000493255 0.000478052 0.000470096 0.000477076 0.000509876 0.000578808 0.000688306 0.000834977 0.00082479 0.00082953 0.000832119 0.000832676 0.000831398 0.000828489 0.000824129 0.000818459 0.000811582 0.00080356 0.000794418 0.000784149 0.00077272 0.000760078 0.000746153 0.000730875 0.000714175 0.000696003 0.00067634 0.000655211 0.000632705 0.000608993 0.000584341 0.00055912 0.000533811 0.000508994 0.000485353 0.000463702 0.000445136 0.000431397 0.000425546 0.000432766 0.000460522 0.000516943 0.000607703 0.000733699 0.000890786 0.000820143 0.000825327 0.000827756 0.00082778 0.000825736 0.000821909 0.00081652 0.00080973 0.000801645 0.000792317 0.000781761 0.000769952 0.000756835 0.000742334 0.000726356 0.000708802 0.000689575 0.000668597 0.000645821 0.00062125 0.000594962 0.000567137 0.000538087 0.000508291 0.000478432 0.000449439 0.000422537 0.000399339 0.000382016 0.000373582 0.00037822 0.000401309 0.000448652 0.000524999 0.000632696 0.000771036 0.000935953 0.000816548 0.000822021 0.000824271 0.000823831 0.000821147 0.000816566 0.000810339 0.00080264 0.000793575 0.00078319 0.000771486 0.000758424 0.000743931 0.000727908 0.000710241 0.000690802 0.000669467 0.000646127 0.0006207 0.000593156 0.000563546 0.000532032 0.000498934 0.000464793 0.000430448 0.000397146 0.000366694 0.000341661 0.000325557 0.000322837 0.000338397 0.000376631 0.000440701 0.000532459 0.00065248 0.000799605 0.000970129 0.000814102 0.000819742 0.000821838 0.000821055 0.000817911 0.000812792 0.000805973 0.000797632 0.000787876 0.000776745 0.000764231 0.000750282 0.000734812 0.000717705 0.000698829 0.000678035 0.000655176 0.000630111 0.00060273 0.000572969 0.000540839 0.000506468 0.000470156 0.000432447 0.00039426 0.000357068 0.000323191 0.000296175 0.000281032 0.000283663 0.000309028 0.000359589 0.00043591 0.000538111 0.000666144 0.000818914 0.000993058 0.000812865 0.000818579 0.000820588 0.000819621 0.000816236 0.000810839 0.000803712 0.000795039 0.000784925 0.000773408 0.000760474 0.000746065 0.000730087 0.000712416 0.000692908 0.000671405 0.000647741 0.000621764 0.000593341 0.000562385 0.000528883 0.000492933 0.000454807 0.000415034 0.000374545 0.000334913 0.000298755 0.000270289 0.00025566 0.000261777 0.000293254 0.000350871 0.000433679 0.000541139 0.000673115 0.000828645 0.00100456 0.000812865 0.000818579 0.000820588 0.000819621 0.000816236 0.000810839 0.000803712 0.000795039 0.000784925 0.000773408 0.000760474 0.000746065 0.000730087 0.000712416 0.000692908 0.000671405 0.000647741 0.000621764 0.000593341 0.000562385 0.000528883 0.000492933 0.000454807 0.000415034 0.000374545 0.000334913 0.000298755 0.000270289 0.00025566 0.000261777 0.000293254 0.000350871 0.000433679 0.000541139 0.000673115 0.000828645 0.00100456 0.000814102 0.000819742 0.000821838 0.000821055 0.000817911 0.000812792 0.000805973 0.000797632 0.000787876 0.000776745 0.000764231 0.000750282 0.000734812 0.000717705 0.000698829 0.000678035 0.000655176 0.000630111 0.00060273 0.000572969 0.000540839 0.000506468 0.000470156 0.000432447 0.00039426 0.000357068 0.000323191 0.000296175 0.000281032 0.000283663 0.000309028 0.000359589 0.00043591 0.000538111 0.000666144 0.000818914 0.000993058 0.000816548 0.000822021 0.000824271 0.000823831 0.000821147 0.000816566 0.000810339 0.00080264 0.000793575 0.00078319 0.000771486 0.000758424 0.000743931 0.000727908 0.000710241 0.000690802 0.000669467 0.000646127 0.0006207 0.000593156 0.000563546 0.000532032 0.000498934 0.000464793 0.000430448 0.000397146 0.000366694 0.000341661 0.000325557 0.000322837 0.000338397 0.000376631 0.000440701 0.000532459 0.00065248 0.000799605 0.000970129 0.000820143 0.000825327 0.000827756 0.00082778 0.000825736 0.000821909 0.00081652 0.00080973 0.000801645 0.000792317 0.000781761 0.000769952 0.000756835 0.000742334 0.000726356 0.000708802 0.000689575 0.000668597 0.000645821 0.00062125 0.000594962 0.000567137 0.000538087 0.000508291 0.000478432 0.000449439 0.000422537 0.000399339 0.000382016 0.000373582 0.00037822 0.000401309 0.000448652 0.000524999 0.000632696 0.000771036 0.000935953 0.00082479 0.00082953 0.000832119 0.000832676 0.000831398 0.000828489 0.000824129 0.000818459 0.000811582 0.00080356 0.000794418 0.000784149 0.00077272 0.000760078 0.000746153 0.000730875 0.000714175 0.000696003 0.00067634 0.000655211 0.000632705 0.000608993 0.000584341 0.00055912 0.000533811 0.000508994 0.000485353 0.000463702 0.000445136 0.000431397 0.000425546 0.000432766 0.000460522 0.000516943 0.000607703 0.000733699 0.000890786 0.000830352 0.000834473 0.000837157 0.000838261 0.000837817 0.000835931 0.000832728 0.000828325 0.000822819 0.000816277 0.000808737 0.000800212 0.000790688 0.000780135 0.000768508 0.000755759 0.000741847 0.000726744 0.000710446 0.000692991 0.000674461 0.000654993 0.000634781 0.000614067 0.000593116 0.000572186 0.00055149 0.000531204 0.000511573 0.000493255 0.000478052 0.000470096 0.000477076 0.000509876 0.000578808 0.000688306 0.000834977 0.00083665 0.000839975 0.000842658 0.000844276 0.000844678 0.000843858 0.000841876 0.000838821 0.000834778 0.000829818 0.000823994 0.000817331 0.000809838 0.000801504 0.000792307 0.000782222 0.000771224 0.000759302 0.000746464 0.000732742 0.0007182 0.000702931 0.000687045 0.000670648 0.000653807 0.000636491 0.00061853 0.000599583 0.000579214 0.000557166 0.000534011 0.000512396 0.000498934 0.000505664 0.000547807 0.000635845 0.000768966 0.000843463 0.000845844 0.000848416 0.000850479 0.000851691 0.000851923 0.000851169 0.000849478 0.000846925 0.000843582 0.000839511 0.000834754 0.000829336 0.000823266 0.000816541 0.000809151 0.000801088 0.000792351 0.000782948 0.000772904 0.000762257 0.000751048 0.000739306 0.000727011 0.000714051 0.000700155 0.000684832 0.000667325 0.000646645 0.000621762 0.000592131 0.000558795 0.00052644 0.000506282 0.000517091 0.000577702 0.000693299 0.000850537 0.00085188 0.000854246 0.000856668 0.000858616 0.000859842 0.000860266 0.000859901 0.000858805 0.000857051 0.000854708 0.000851834 0.000848467 0.000844633 0.000840345 0.000835607 0.000830421 0.00082479 0.000818723 0.000812232 0.000805324 0.000797994 0.000790193 0.000781793 0.000772527 0.000761926 0.000749237 0.000733362 0.000712854 0.00068604 0.000651399 0.000608452 0.000559599 0.000513555 0.000489724 0.000515894 0.000608651 0.000857586 0.00085789 0.000859991 0.000862685 0.000865274 0.000867399 0.000868909 0.000869782 0.000870059 0.000869813 0.00086912 0.000868049 0.000866653 0.000864971 0.000863028 0.000860839 0.000858414 0.00085576 0.000852878 0.000849769 0.000846413 0.00084276 0.000838696 0.000834 0.000828281 0.000820903 0.0008109 0.000796897 0.000777073 0.000749215 0.000710981 0.000660553 0.000598088 0.000528849 0.000469372 0.000453491 0.0005159 0.000864305 0.000863683 0.000865523 0.000868422 0.00087155 0.000874454 0.000876927 0.000878912 0.000880438 0.000881576 0.000882408 0.000883016 0.000883464 0.000883804 0.00088407 0.000884287 0.000884468 0.00088462 0.000884741 0.000884816 0.000884805 0.000884619 0.000884091 0.000882923 0.000880624 0.000876427 0.000869193 0.000857324 0.00083869 0.00081064 0.000770159 0.000714315 0.000641306 0.000552836 0.000459902 0.000395376 0.000416312 0.000870367 0.000869084 0.000870741 0.000873811 0.000877382 0.000880939 0.000884231 0.000887176 0.000889793 0.000892156 0.000894355 0.000896481 0.000898612 0.000900809 0.000903117 0.000905563 0.000908165 0.000910929 0.000913847 0.000916894 0.000920009 0.000923075 0.000925881 0.000928071 0.000929077 0.000928027 0.000923651 0.000914169 0.000897209 0.000869769 0.000828296 0.000768983 0.00068847 0.000585421 0.000464544 0.000349266 0.000312153 0.000875436 0.000873923 0.000875558 0.000878808 0.000882748 0.000886837 0.0008908 0.000894539 0.000898071 0.000901475 0.000904853 0.000908309 0.000911934 0.000915798 0.000919953 0.000924431 0.000929251 0.000934415 0.000939912 0.000945705 0.00095172 0.000957817 0.000963753 0.00096913 0.000973322 0.000975381 0.000973936 0.000967072 0.000952228 0.000926132 0.000884822 0.000823839 0.000738697 0.000625855 0.00048491 0.000325765 0.000209268 0.000879176 0.000878028 0.00087987 0.00088336 0.000887637 0.000892168 0.000896666 0.000901035 0.000905296 0.000909542 0.000913893 0.000918469 0.000923376 0.000928697 0.000934488 0.000940784 0.000947604 0.000954946 0.000962793 0.000971101 0.000979783 0.000988684 0.000997541 0.00100593 0.00101317 0.00101829 0.00101982 0.00101576 0.00100342 0.000979328 0.000939226 0.000878213 0.000791079 0.000672976 0.000520562 0.000334225 0.000131386 0.000881306 0.00088117 0.000883485 0.000887353 0.000892014 0.000896953 0.000901893 0.000906746 0.000911555 0.000916438 0.000921542 0.000927014 0.000932977 0.000939527 0.000946729 0.000954619 0.000963212 0.000972503 0.000982468 0.000993054 0.00100417 0.00101564 0.0010272 0.0010384 0.00104856 0.00105664 0.00106117 0.00106006 0.00105055 0.00102902 0.000991056 0.000931483 0.000844732 0.000725449 0.000569519 0.000375623 0.000148949 0.000881709 0.000882871 0.000885987 0.000890533 0.000895769 0.000901191 0.000906547 0.000911782 0.000916979 0.000922299 0.000927933 0.000934064 0.000940844 0.000948386 0.000956764 0.000966016 0.00097615 0.000987157 0.000999003 0.00101163 0.00102493 0.00103874 0.00105278 0.0010666 0.00107949 0.00109044 0.00109792 0.00109986 0.00109341 0.00107494 0.00103991 0.000983081 0.000898819 0.000781925 0.000629174 0.000442994 0.000249298 0.000881313 0.000884543 0.000889514 0.000895305 0.000901287 0.00090712 0.000912699 0.00091809 0.000923467 0.000929058 0.000935097 0.000941792 0.00094931 0.000957763 0.000967218 0.000977704 0.00098922 0.00100174 0.00101522 0.00102959 0.00104474 0.00106046 0.00107647 0.00109228 0.00110717 0.00112006 0.00112942 0.00113312 0.00112834 0.00111145 0.00107807 0.00102321 0.000941826 0.00082988 0.000686734 0.000521303 0.000373222 0.000883323 0.000889531 0.000896279 0.000902939 0.000909216 0.000915052 0.000920558 0.000925946 0.000931481 0.000937436 0.000944053 0.000951529 0.000960002 0.000969557 0.000980233 0.000992035 0.00100494 0.00101891 0.00103389 0.00104979 0.00106646 0.00108368 0.00110111 0.00111822 0.00113422 0.00114796 0.00115786 0.00116176 0.00115688 0.00113976 0.00110639 0.00105247 0.000974169 0.000869592 0.000741896 0.000606434 0.000505635 0.00088809 0.000896572 0.0009044 0.000911412 0.000917658 0.000923331 0.000928713 0.000934129 0.000939901 0.000946319 0.000953616 0.00096196 0.000971455 0.000982153 0.000994062 0.00100716 0.00102141 0.00103676 0.00105313 0.0010704 0.00108842 0.00110692 0.00112551 0.00114362 0.00116039 0.00117465 0.00118477 0.00118862 0.00118354 0.00116635 0.00113351 0.00108164 0.00100838 0.000914241 0.000806022 0.000703032 0.000643908 0.000895763 0.000905478 0.000913652 0.000920542 0.000926485 0.000931874 0.00093712 0.000942619 0.000948719 0.000955702 0.000963771 0.000973055 0.000983618 0.000995473 0.0010086 0.00102295 0.00103847 0.00105508 0.00107268 0.00109116 0.0011103 0.00112983 0.0011493 0.0011681 0.00118534 0.0011998 0.00120988 0.00121355 0.0012083 0.00119134 0.00115979 0.0011113 0.00104518 0.000964331 0.000878506 0.000808447 0.000786106 0.000906043 0.000915935 0.000923776 0.000930132 0.000935557 0.00094059 0.000945722 0.000951381 0.000957909 0.000965554 0.000974474 0.000984748 0.000996395 0.00100939 0.00102368 0.0010392 0.00105586 0.00107359 0.00109226 0.00111172 0.00113175 0.00115203 0.0011721 0.00119129 0.00120869 0.00122311 0.00123299 0.00123642 0.0012312 0.00121498 0.00118566 0.00114208 0.00108524 0.0010202 0.000958672 0.000920693 0.000930716 0.000918419 0.000927548 0.000934468 0.000939956 0.000944716 0.00094937 0.000954445 0.000960359 0.000967416 0.000975809 0.000985637 0.000996923 0.00100964 0.00102372 0.00103908 0.00105564 0.00107331 0.00109197 0.00111149 0.00113171 0.00115237 0.00117312 0.00119349 0.00121279 0.00123011 0.0012443 0.00125391 0.00125722 0.00125237 0.0012376 0.00121167 0.00117466 0.00112917 0.00108201 0.00104571 0.00103808 0.00107653 0.000932272 0.000939851 0.000945377 0.000949758 0.000953775 0.000958081 0.000963188 0.000969464 0.000977147 0.000986357 0.000997122 0.00100941 0.00102313 0.0010382 0.00105452 0.00107196 0.00109044 0.00110982 0.00112996 0.00115067 0.00117169 0.00119265 0.00121305 0.00123222 0.00124928 0.00126316 0.00127254 0.00127598 0.00127206 0.00125964 0.00123841 0.00120968 0.00117746 0.00114969 0.00113868 0.00115912 0.00122246 0.000946908 0.00095232 0.000956109 0.000959244 0.000962521 0.000966563 0.000971817 0.000978569 0.000986962 0.000997029 0.00100872 0.00102195 0.00103659 0.00105252 0.00106961 0.00108775 0.00110682 0.00112668 0.00114719 0.00116813 0.00118924 0.00121015 0.00123036 0.00124922 0.00126593 0.00127951 0.00128886 0.00129288 0.0012906 0.00128161 0.00126652 0.00124776 0.00123042 0.00122294 0.00123652 0.00128247 0.00136748 0.00096157 0.00096437 0.000966223 0.000968087 0.000970708 0.000974621 0.000980161 0.000987497 0.000996661 0.00100759 0.00102016 0.00103424 0.00104965 0.00106626 0.00108392 0.00110253 0.00112194 0.00114203 0.00116265 0.00118357 0.00120453 0.00122517 0.00124502 0.00126348 0.00127984 0.00129329 0.00130297 0.00130816 0.00130843 0.00130408 0.0012966 0.00128936 0.00128814 0.00130119 0.00133808 0.00140687 0.00151057 0.000975423 0.000975358 0.000975233 0.000975925 0.000978059 0.000982021 0.000987997 0.00099601 0.00100597 0.00101772 0.00103108 0.00104585 0.00106185 0.00107892 0.00109693 0.00111575 0.00113525 0.00115532 0.00117579 0.00119646 0.00121707 0.00123728 0.00125668 0.00127475 0.0012909 0.00130452 0.00131506 0.00132219 0.00132605 0.00132763 0.0013292 0.0013348 0.00135043 0.00138368 0.00144217 0.00153111 0.00165075 0.00098756 0.000984588 0.000982621 0.000982369 0.000984264 0.000988491 0.000995048 0.0010038 0.00101454 0.00102703 0.00104101 0.00105629 0.00107265 0.00108994 0.00110804 0.00112681 0.00114616 0.00116596 0.00118606 0.00120628 0.0012264 0.00124611 0.00126507 0.00128287 0.00129909 0.00131335 0.00132542 0.00133541 0.00134401 0.00135282 0.00136472 0.00138411 0.00141684 0.00146943 0.00154754 0.00165398 0.00178704 0.000997 0.000991329 0.00098785 0.000987015 0.000988988 0.000993709 0.00100097 0.00101049 0.00102194 0.00103501 0.00104944 0.00106498 0.00108145 0.00109871 0.00111663 0.00113511 0.00115406 0.00117337 0.00119293 0.00121258 0.00123214 0.00125137 0.00127002 0.00128781 0.00130452 0.00132003 0.00133445 0.00134831 0.00136281 0.00138007 0.00140333 0.00143708 0.00148664 0.0015573 0.0016529 0.00177432 0.00191848 0.00100272 0.000994848 0.000990395 0.000989459 0.000991874 0.000997315 0.00100537 0.00101561 0.00102765 0.00104112 0.00105575 0.0010713 0.00108762 0.00110457 0.00112207 0.00114002 0.00115837 0.00117705 0.00119595 0.00121498 0.00123401 0.0012529 0.00127149 0.00128967 0.00130744 0.00132493 0.0013426 0.0013614 0.00138292 0.00140964 0.00144499 0.00149321 0.00155889 0.00164605 0.00175693 0.00189096 0.00204412 0.00100372 0.000994467 0.000989782 0.000989321 0.000992563 0.000998916 0.0010078 0.00101867 0.00103111 0.00104475 0.00105932 0.00107462 0.00109052 0.00110693 0.00112377 0.00114102 0.00115863 0.00117657 0.0011948 0.00121326 0.00123191 0.00125069 0.0012696 0.0012887 0.00130819 0.00132849 0.00135037 0.00137512 0.00140463 0.00144157 0.00148932 0.00155169 0.00163242 0.00173432 0.00185832 0.00200277 0.00216305 0.000999139 0.000989644 0.000985637 0.000986283 0.000990712 0.000998112 0.00100778 0.00101915 0.00103177 0.00104531 0.00105956 0.00107435 0.0010896 0.00110526 0.00112129 0.00113771 0.00115451 0.00117171 0.00118933 0.00120737 0.00122588 0.00124493 0.00126465 0.00128528 0.00130724 0.0013312 0.00135821 0.00138978 0.00142802 0.0014756 0.00153566 0.00161147 0.0017059 0.00182068 0.00195574 0.00210863 0.00227438 0.000988363 0.000980067 0.000977756 0.00098013 0.000986044 0.000994549 0.00100491 0.00101656 0.00102912 0.00104233 0.00105601 0.00107007 0.00108449 0.00109924 0.00111437 0.00112991 0.00114592 0.00116247 0.00117963 0.00119751 0.00121624 0.00123601 0.0012571 0.00127993 0.00130511 0.00133354 0.00136645 0.00140553 0.00145292 0.00151117 0.00158307 0.0016713 0.00177789 0.00190371 0.00204788 0.00220746 0.00237727 0.000971246 0.000965769 0.000966174 0.000970817 0.000978409 0.000987991 0.000998877 0.0010106 0.00102287 0.00103551 0.00104843 0.0010616 0.00107506 0.00108885 0.00110306 0.00111776 0.00113309 0.00114915 0.00116611 0.00118416 0.00120352 0.00122452 0.00124757 0.00127325 0.00130235 0.0013359 0.00137528 0.00142224 0.00147884 0.00154743 0.00163037 0.00172974 0.00184688 0.00198195 0.0021335 0.00229824 0.00247093 0.000948267 0.000947234 0.000951247 0.000958543 0.000967881 0.00097843 0.000989657 0.00100124 0.00101302 0.00102492 0.00103694 0.00104915 0.00106161 0.00107445 0.00108779 0.00110179 0.0011166 0.00113243 0.0011495 0.00116808 0.00118853 0.00121125 0.00123681 0.0012659 0.00129943 0.00133855 0.00138468 0.00143955 0.00150507 0.00158331 0.0016762 0.0017853 0.00191136 0.00205401 0.00221139 0.00238001 0.00255462 0.00092068 0.000925478 0.000933724 0.000943844 0.000954863 0.00096621 0.000977583 0.000988852 0.000999994 0.00101106 0.00102215 0.00103338 0.0010449 0.00105687 0.00106949 0.00108295 0.00109748 0.00111335 0.00113085 0.00115035 0.00117227 0.00119714 0.00122561 0.00125849 0.00129674 0.00134157 0.0013944 0.00145683 0.00153063 0.00161753 0.00171911 0.00183645 0.00196985 0.00211856 0.00228045 0.00245187 0.00262767 0.00089056 0.000902069 0.000914789 0.000927668 0.000940185 0.000952134 0.000963489 0.000974325 0.000984774 0.000994999 0.00100518 0.00101552 0.00102621 0.00103747 0.00104954 0.00106269 0.00107718 0.00109335 0.00111157 0.00113226 0.00115595 0.00118323 0.00121482 0.00125158 0.00129454 0.00134488 0.00140397 0.00147329 0.0015544 0.00164877 0.00175763 0.00188171 0.00202098 0.0021744 0.00233965 0.00251305 0.00268949 0.000860695 0.000879066 0.000896055 0.000911397 0.000925148 0.000937508 0.000948733 0.0009591 0.000968879 0.000978335 0.000987726 0.000997305 0.00100733 0.00101806 0.00102979 0.00104281 0.00105747 0.00107414 0.00109324 0.00111529 0.00114083 0.00117054 0.00120517 0.00124563 0.00129292 0.00134821 0.00141278 0.00148799 0.00157521 0.00167568 0.00179037 0.00191973 0.00206351 0.00222044 0.00238813 0.00256285 0.00273958 0.000834295 0.000858825 0.000879441 0.00089677 0.000911447 0.000924056 0.000935107 0.000945043 0.000954252 0.00096308 0.000971846 0.000980851 0.000990394 0.00100078 0.00101232 0.00102537 0.00104031 0.00105755 0.00107757 0.0011009 0.00112816 0.00116005 0.00119734 0.00124095 0.00129186 0.0013512 0.00142018 0.00150002 0.00159196 0.00169706 0.0018161 0.00194935 0.00209638 0.0022558 0.00242515 0.00260071 0.00277752 0.000814517 0.000843689 0.000866931 0.00088564 0.000900926 0.000913667 0.00092456 0.000934171 0.000942969 0.000951358 0.000959697 0.000968323 0.000977563 0.000987747 0.000999224 0.00101237 0.00102758 0.00104532 0.00106609 0.00109045 0.00111904 0.00115257 0.00119184 0.00123774 0.00129126 0.00135347 0.00142552 0.00150855 0.0016037 0.00171192 0.00183384 0.00196964 0.00211876 0.00227978 0.00245016 0.00262619 0.00280299 0.000803913 0.000835578 0.000860193 0.000879606 0.000895193 0.000907988 0.00091879 0.000928226 0.00093681 0.000944974 0.000953098 0.000961537 0.000970633 0.000980732 0.000992194 0.00100541 0.0010208 0.00103883 0.00106002 0.00108494 0.00111426 0.00114867 0.001189 0.00123611 0.001291 0.0013547 0.00142832 0.00151298 0.00160975 0.00171953 0.00184289 0.00197995 0.0021301 0.00229189 0.00246276 0.00263901 0.00281578 0.000803913 0.000835578 0.000860193 0.000879606 0.000895193 0.000907988 0.00091879 0.000928226 0.00093681 0.000944974 0.000953098 0.000961537 0.000970633 0.000980732 0.000992194 0.00100541 0.0010208 0.00103883 0.00106002 0.00108494 0.00111426 0.00114867 0.001189 0.00123611 0.001291 0.0013547 0.00142832 0.00151298 0.00160975 0.00171953 0.00184289 0.00197995 0.0021301 0.00229189 0.00246276 0.00263901 0.00281578 0.000814517 0.000843689 0.000866931 0.00088564 0.000900926 0.000913667 0.00092456 0.000934171 0.000942969 0.000951358 0.000959697 0.000968323 0.000977563 0.000987747 0.000999224 0.00101237 0.00102758 0.00104532 0.00106609 0.00109045 0.00111904 0.00115257 0.00119184 0.00123774 0.00129126 0.00135347 0.00142552 0.00150855 0.0016037 0.00171192 0.00183384 0.00196964 0.00211876 0.00227978 0.00245016 0.00262619 0.00280299 0.000834295 0.000858825 0.000879441 0.00089677 0.000911447 0.000924056 0.000935107 0.000945043 0.000954252 0.00096308 0.000971846 0.000980851 0.000990394 0.00100078 0.00101232 0.00102537 0.00104031 0.00105755 0.00107757 0.0011009 0.00112816 0.00116005 0.00119734 0.00124095 0.00129186 0.0013512 0.00142018 0.00150002 0.00159196 0.00169706 0.0018161 0.00194935 0.00209638 0.0022558 0.00242515 0.00260071 0.00277752 0.000860695 0.000879066 0.000896055 0.000911397 0.000925148 0.000937508 0.000948733 0.0009591 0.000968879 0.000978335 0.000987726 0.000997305 0.00100733 0.00101806 0.00102979 0.00104281 0.00105747 0.00107414 0.00109324 0.00111529 0.00114083 0.00117054 0.00120517 0.00124563 0.00129292 0.00134821 0.00141278 0.00148799 0.00157521 0.00167568 0.00179037 0.00191973 0.00206351 0.00222044 0.00238813 0.00256285 0.00273958 0.00089056 0.000902069 0.000914789 0.000927668 0.000940185 0.000952134 0.000963489 0.000974325 0.000984774 0.000994999 0.00100518 0.00101552 0.00102621 0.00103747 0.00104954 0.00106269 0.00107718 0.00109335 0.00111157 0.00113226 0.00115595 0.00118323 0.00121482 0.00125158 0.00129454 0.00134488 0.00140397 0.00147329 0.0015544 0.00164877 0.00175763 0.00188171 0.00202098 0.0021744 0.00233965 0.00251305 0.00268949 0.00092068 0.000925478 0.000933724 0.000943844 0.000954863 0.00096621 0.000977583 0.000988852 0.000999994 0.00101106 0.00102215 0.00103338 0.0010449 0.00105687 0.00106949 0.00108295 0.00109748 0.00111335 0.00113085 0.00115035 0.00117227 0.00119714 0.00122561 0.00125849 0.00129674 0.00134157 0.0013944 0.00145683 0.00153063 0.00161753 0.00171911 0.00183645 0.00196985 0.00211856 0.00228045 0.00245187 0.00262767 0.000948267 0.000947234 0.000951247 0.000958543 0.000967881 0.00097843 0.000989657 0.00100124 0.00101302 0.00102492 0.00103694 0.00104915 0.00106161 0.00107445 0.00108779 0.00110179 0.0011166 0.00113243 0.0011495 0.00116808 0.00118853 0.00121125 0.00123681 0.0012659 0.00129943 0.00133855 0.00138468 0.00143955 0.00150507 0.00158331 0.0016762 0.0017853 0.00191136 0.00205401 0.00221139 0.00238001 0.00255462 0.000971246 0.000965769 0.000966174 0.000970817 0.000978409 0.000987991 0.000998877 0.0010106 0.00102287 0.00103551 0.00104843 0.0010616 0.00107506 0.00108885 0.00110306 0.00111776 0.00113309 0.00114915 0.00116611 0.00118416 0.00120352 0.00122452 0.00124757 0.00127325 0.00130235 0.0013359 0.00137528 0.00142224 0.00147884 0.00154743 0.00163037 0.00172974 0.00184688 0.00198195 0.0021335 0.00229824 0.00247093 0.000988363 0.000980067 0.000977756 0.00098013 0.000986044 0.000994549 0.00100491 0.00101656 0.00102912 0.00104233 0.00105601 0.00107007 0.00108449 0.00109924 0.00111437 0.00112991 0.00114592 0.00116247 0.00117963 0.00119751 0.00121624 0.00123601 0.0012571 0.00127993 0.00130511 0.00133354 0.00136645 0.00140553 0.00145292 0.00151117 0.00158307 0.0016713 0.00177789 0.00190371 0.00204788 0.00220746 0.00237727 0.000999139 0.000989644 0.000985637 0.000986283 0.000990712 0.000998112 0.00100778 0.00101915 0.00103177 0.00104531 0.00105956 0.00107435 0.0010896 0.00110526 0.00112129 0.00113771 0.00115451 0.00117171 0.00118933 0.00120737 0.00122588 0.00124493 0.00126465 0.00128528 0.00130724 0.0013312 0.00135821 0.00138978 0.00142802 0.0014756 0.00153566 0.00161147 0.0017059 0.00182068 0.00195574 0.00210863 0.00227438 0.00100372 0.000994467 0.000989782 0.000989321 0.000992563 0.000998916 0.0010078 0.00101867 0.00103111 0.00104475 0.00105932 0.00107462 0.00109052 0.00110693 0.00112377 0.00114102 0.00115863 0.00117657 0.0011948 0.00121326 0.00123191 0.00125069 0.0012696 0.0012887 0.00130819 0.00132849 0.00135037 0.00137512 0.00140463 0.00144157 0.00148932 0.00155169 0.00163242 0.00173432 0.00185832 0.00200277 0.00216305 0.00100272 0.000994848 0.000990395 0.000989459 0.000991874 0.000997315 0.00100537 0.00101561 0.00102765 0.00104112 0.00105575 0.0010713 0.00108762 0.00110457 0.00112207 0.00114002 0.00115837 0.00117705 0.00119595 0.00121498 0.00123401 0.0012529 0.00127149 0.00128967 0.00130744 0.00132493 0.0013426 0.0013614 0.00138292 0.00140964 0.00144499 0.00149321 0.00155889 0.00164605 0.00175693 0.00189096 0.00204412 0.000997 0.000991329 0.00098785 0.000987015 0.000988988 0.000993709 0.00100097 0.00101049 0.00102194 0.00103501 0.00104944 0.00106498 0.00108145 0.00109871 0.00111663 0.00113511 0.00115406 0.00117337 0.00119293 0.00121258 0.00123214 0.00125137 0.00127002 0.00128781 0.00130452 0.00132003 0.00133445 0.00134831 0.00136281 0.00138007 0.00140333 0.00143708 0.00148664 0.0015573 0.0016529 0.00177432 0.00191848 0.00098756 0.000984588 0.000982621 0.000982369 0.000984264 0.000988491 0.000995048 0.0010038 0.00101454 0.00102703 0.00104101 0.00105629 0.00107265 0.00108994 0.00110804 0.00112681 0.00114616 0.00116596 0.00118606 0.00120628 0.0012264 0.00124611 0.00126507 0.00128287 0.00129909 0.00131335 0.00132542 0.00133541 0.00134401 0.00135282 0.00136472 0.00138411 0.00141684 0.00146943 0.00154754 0.00165398 0.00178704 0.000975423 0.000975358 0.000975233 0.000975925 0.000978059 0.000982021 0.000987997 0.00099601 0.00100597 0.00101772 0.00103108 0.00104585 0.00106185 0.00107892 0.00109693 0.00111575 0.00113525 0.00115532 0.00117579 0.00119646 0.00121707 0.00123728 0.00125668 0.00127475 0.0012909 0.00130452 0.00131506 0.00132219 0.00132605 0.00132763 0.0013292 0.0013348 0.00135043 0.00138368 0.00144217 0.00153111 0.00165075 0.00096157 0.00096437 0.000966223 0.000968087 0.000970708 0.000974621 0.000980161 0.000987497 0.000996661 0.00100759 0.00102016 0.00103424 0.00104965 0.00106626 0.00108392 0.00110253 0.00112194 0.00114203 0.00116265 0.00118357 0.00120453 0.00122517 0.00124502 0.00126348 0.00127984 0.00129329 0.00130297 0.00130816 0.00130843 0.00130408 0.0012966 0.00128936 0.00128814 0.00130119 0.00133808 0.00140687 0.00151057 0.000946908 0.00095232 0.000956109 0.000959244 0.000962521 0.000966563 0.000971817 0.000978569 0.000986962 0.000997029 0.00100872 0.00102195 0.00103659 0.00105252 0.00106961 0.00108775 0.00110682 0.00112668 0.00114719 0.00116813 0.00118924 0.00121015 0.00123036 0.00124922 0.00126593 0.00127951 0.00128886 0.00129288 0.0012906 0.00128161 0.00126652 0.00124776 0.00123042 0.00122294 0.00123652 0.00128247 0.00136748 0.000932272 0.000939851 0.000945377 0.000949758 0.000953775 0.000958081 0.000963188 0.000969464 0.000977147 0.000986357 0.000997122 0.00100941 0.00102313 0.0010382 0.00105452 0.00107196 0.00109044 0.00110982 0.00112996 0.00115067 0.00117169 0.00119265 0.00121305 0.00123222 0.00124928 0.00126316 0.00127254 0.00127598 0.00127206 0.00125964 0.00123841 0.00120968 0.00117746 0.00114969 0.00113868 0.00115912 0.00122246 0.000918419 0.000927548 0.000934468 0.000939956 0.000944716 0.00094937 0.000954445 0.000960359 0.000967416 0.000975809 0.000985637 0.000996923 0.00100964 0.00102372 0.00103908 0.00105564 0.00107331 0.00109197 0.00111149 0.00113171 0.00115237 0.00117312 0.00119349 0.00121279 0.00123011 0.0012443 0.00125391 0.00125722 0.00125237 0.0012376 0.00121167 0.00117466 0.00112917 0.00108201 0.00104571 0.00103808 0.00107653 0.000906043 0.000915935 0.000923776 0.000930132 0.000935557 0.00094059 0.000945722 0.000951381 0.000957909 0.000965554 0.000974474 0.000984748 0.000996395 0.00100939 0.00102368 0.0010392 0.00105586 0.00107359 0.00109226 0.00111172 0.00113175 0.00115203 0.0011721 0.00119129 0.00120869 0.00122311 0.00123299 0.00123642 0.0012312 0.00121498 0.00118566 0.00114208 0.00108524 0.0010202 0.000958672 0.000920693 0.000930716 0.000895763 0.000905478 0.000913652 0.000920542 0.000926485 0.000931874 0.00093712 0.000942619 0.000948719 0.000955702 0.000963771 0.000973055 0.000983618 0.000995473 0.0010086 0.00102295 0.00103847 0.00105508 0.00107268 0.00109116 0.0011103 0.00112983 0.0011493 0.0011681 0.00118534 0.0011998 0.00120988 0.00121355 0.0012083 0.00119134 0.00115979 0.0011113 0.00104518 0.000964331 0.000878506 0.000808447 0.000786106 0.00088809 0.000896572 0.0009044 0.000911412 0.000917658 0.000923331 0.000928713 0.000934129 0.000939901 0.000946319 0.000953616 0.00096196 0.000971455 0.000982153 0.000994062 0.00100716 0.00102141 0.00103676 0.00105313 0.0010704 0.00108842 0.00110692 0.00112551 0.00114362 0.00116039 0.00117465 0.00118477 0.00118862 0.00118354 0.00116635 0.00113351 0.00108164 0.00100838 0.000914241 0.000806022 0.000703032 0.000643908 0.000883323 0.000889531 0.000896279 0.000902939 0.000909216 0.000915052 0.000920558 0.000925946 0.000931481 0.000937436 0.000944053 0.000951529 0.000960002 0.000969557 0.000980233 0.000992035 0.00100494 0.00101891 0.00103389 0.00104979 0.00106646 0.00108368 0.00110111 0.00111822 0.00113422 0.00114796 0.00115786 0.00116176 0.00115688 0.00113976 0.00110639 0.00105247 0.000974169 0.000869592 0.000741896 0.000606434 0.000505635 0.000881313 0.000884543 0.000889514 0.000895305 0.000901287 0.00090712 0.000912699 0.00091809 0.000923467 0.000929058 0.000935097 0.000941792 0.00094931 0.000957763 0.000967218 0.000977704 0.00098922 0.00100174 0.00101522 0.00102959 0.00104474 0.00106046 0.00107647 0.00109228 0.00110717 0.00112006 0.00112942 0.00113312 0.00112834 0.00111145 0.00107807 0.00102321 0.000941826 0.00082988 0.000686734 0.000521303 0.000373222 0.000881709 0.000882871 0.000885987 0.000890533 0.000895769 0.000901191 0.000906547 0.000911782 0.000916979 0.000922299 0.000927933 0.000934064 0.000940844 0.000948386 0.000956764 0.000966016 0.00097615 0.000987157 0.000999003 0.00101163 0.00102493 0.00103874 0.00105278 0.0010666 0.00107949 0.00109044 0.00109792 0.00109986 0.00109341 0.00107494 0.00103991 0.000983081 0.000898818 0.000781925 0.000629174 0.000442994 0.000249298 0.000881306 0.00088117 0.000883485 0.000887353 0.000892014 0.000896953 0.000901893 0.000906746 0.000911555 0.000916438 0.000921542 0.000927014 0.000932977 0.000939527 0.000946729 0.000954619 0.000963212 0.000972503 0.000982468 0.000993054 0.00100417 0.00101564 0.0010272 0.0010384 0.00104856 0.00105664 0.00106117 0.00106006 0.00105055 0.00102902 0.000991056 0.000931483 0.000844732 0.000725449 0.000569519 0.000375623 0.000148949 0.000879176 0.000878028 0.00087987 0.00088336 0.000887637 0.000892168 0.000896666 0.000901035 0.000905296 0.000909542 0.000913893 0.000918469 0.000923376 0.000928697 0.000934488 0.000940784 0.000947604 0.000954946 0.000962793 0.000971101 0.000979783 0.000988684 0.000997541 0.00100593 0.00101317 0.00101829 0.00101982 0.00101576 0.00100342 0.000979328 0.000939226 0.000878213 0.000791079 0.000672976 0.000520562 0.000334225 0.000131386 0.000875436 0.000873923 0.000875558 0.000878808 0.000882748 0.000886837 0.0008908 0.000894539 0.000898071 0.000901475 0.000904853 0.000908309 0.000911934 0.000915798 0.000919953 0.000924431 0.000929251 0.000934415 0.000939912 0.000945705 0.00095172 0.000957817 0.000963753 0.00096913 0.000973322 0.000975381 0.000973936 0.000967072 0.000952228 0.000926132 0.000884822 0.000823839 0.000738697 0.000625855 0.00048491 0.000325765 0.000209268 0.000870367 0.000869084 0.000870741 0.000873811 0.000877382 0.000880939 0.000884231 0.000887176 0.000889793 0.000892156 0.000894355 0.000896481 0.000898612 0.000900809 0.000903117 0.000905563 0.000908165 0.000910929 0.000913847 0.000916894 0.000920009 0.000923075 0.000925881 0.000928071 0.000929077 0.000928027 0.000923651 0.000914169 0.000897209 0.000869769 0.000828296 0.000768983 0.00068847 0.000585421 0.000464544 0.000349266 0.000312153 0.000864305 0.000863683 0.000865523 0.000868422 0.00087155 0.000874454 0.000876927 0.000878912 0.000880438 0.000881576 0.000882408 0.000883016 0.000883464 0.000883804 0.00088407 0.000884287 0.000884468 0.00088462 0.000884741 0.000884816 0.000884805 0.000884619 0.000884091 0.000882923 0.000880624 0.000876427 0.000869193 0.000857324 0.00083869 0.00081064 0.000770159 0.000714315 0.000641306 0.000552836 0.000459902 0.000395376 0.000416312 0.000857586 0.00085789 0.000859991 0.000862685 0.000865274 0.000867399 0.000868909 0.000869782 0.000870059 0.000869813 0.00086912 0.000868049 0.000866653 0.000864971 0.000863028 0.000860839 0.000858414 0.00085576 0.000852878 0.000849769 0.000846413 0.00084276 0.000838696 0.000834 0.000828281 0.000820903 0.0008109 0.000796897 0.000777073 0.000749215 0.000710981 0.000660553 0.000598088 0.000528849 0.000469372 0.000453491 0.0005159 0.000850537 0.00085188 0.000854246 0.000856668 0.000858616 0.000859842 0.000860266 0.000859901 0.000858805 0.000857051 0.000854708 0.000851834 0.000848467 0.000844633 0.000840345 0.000835607 0.000830421 0.00082479 0.000818723 0.000812232 0.000805324 0.000797994 0.000790193 0.000781793 0.000772527 0.000761926 0.000749237 0.000733362 0.000712854 0.00068604 0.000651399 0.000608452 0.000559599 0.000513555 0.000489724 0.000515894 0.000608651 0.000843463 0.000845844 0.000848416 0.000850479 0.000851691 0.000851923 0.000851169 0.000849478 0.000846925 0.000843582 0.000839511 0.000834754 0.000829336 0.000823266 0.000816541 0.000809151 0.000801088 0.000792351 0.000782948 0.000772904 0.000762257 0.000751048 0.000739306 0.000727011 0.000714051 0.000700155 0.000684832 0.000667325 0.000646645 0.000621762 0.000592131 0.000558795 0.00052644 0.000506282 0.000517091 0.000577702 0.000693299 0.00083665 0.000839975 0.000842658 0.000844276 0.000844678 0.000843858 0.000841876 0.000838821 0.000834778 0.000829818 0.000823994 0.000817331 0.000809838 0.000801504 0.000792307 0.000782222 0.000771224 0.000759302 0.000746464 0.000732742 0.0007182 0.000702931 0.000687045 0.000670648 0.000653807 0.000636491 0.00061853 0.000599583 0.000579214 0.000557166 0.000534011 0.000512396 0.000498934 0.000505664 0.000547807 0.000635845 0.000768966 0.000830352 0.000834473 0.000837157 0.000838261 0.000837817 0.000835931 0.000832728 0.000828325 0.000822819 0.000816277 0.000808737 0.000800212 0.000790688 0.000780135 0.000768508 0.000755759 0.000741847 0.000726744 0.000710446 0.000692991 0.000674461 0.000654993 0.000634781 0.000614067 0.000593116 0.000572186 0.00055149 0.000531204 0.000511573 0.000493255 0.000478052 0.000470096 0.000477076 0.000509876 0.000578808 0.000688306 0.000834977 0.00082479 0.00082953 0.000832119 0.000832676 0.000831398 0.000828489 0.000824129 0.000818459 0.000811582 0.00080356 0.000794418 0.000784149 0.00077272 0.000760078 0.000746153 0.000730875 0.000714175 0.000696003 0.00067634 0.000655211 0.000632705 0.000608993 0.000584341 0.00055912 0.000533811 0.000508994 0.000485353 0.000463702 0.000445136 0.000431397 0.000425546 0.000432766 0.000460522 0.000516943 0.000607703 0.000733699 0.000890786 0.000820143 0.000825327 0.000827756 0.00082778 0.000825736 0.000821909 0.00081652 0.00080973 0.000801645 0.000792317 0.000781761 0.000769952 0.000756835 0.000742334 0.000726356 0.000708802 0.000689575 0.000668597 0.000645821 0.00062125 0.000594962 0.000567137 0.000538087 0.000508291 0.000478432 0.000449439 0.000422537 0.000399339 0.000382016 0.000373582 0.00037822 0.000401309 0.000448652 0.000524999 0.000632696 0.000771036 0.000935953 0.000816548 0.000822021 0.000824271 0.000823831 0.000821147 0.000816566 0.000810339 0.00080264 0.000793575 0.00078319 0.000771486 0.000758424 0.000743931 0.000727908 0.000710241 0.000690802 0.000669467 0.000646127 0.0006207 0.000593156 0.000563546 0.000532032 0.000498934 0.000464793 0.000430448 0.000397146 0.000366694 0.000341661 0.000325557 0.000322837 0.000338397 0.000376631 0.000440701 0.000532459 0.00065248 0.000799605 0.000970129 0.000814102 0.000819742 0.000821838 0.000821055 0.000817911 0.000812792 0.000805973 0.000797632 0.000787876 0.000776745 0.000764231 0.000750282 0.000734812 0.000717705 0.000698829 0.000678035 0.000655176 0.000630111 0.00060273 0.000572969 0.000540839 0.000506468 0.000470156 0.000432447 0.00039426 0.000357068 0.000323191 0.000296175 0.000281032 0.000283663 0.000309028 0.000359589 0.00043591 0.000538111 0.000666144 0.000818914 0.000993058 0.000812865 0.000818579 0.000820588 0.000819621 0.000816236 0.000810839 0.000803712 0.000795039 0.000784925 0.000773408 0.000760474 0.000746065 0.000730087 0.000712416 0.000692908 0.000671405 0.000647741 0.000621764 0.000593341 0.000562385 0.000528883 0.000492933 0.000454807 0.000415034 0.000374545 0.000334913 0.000298755 0.000270289 0.00025566 0.000261777 0.000293254 0.000350871 0.000433679 0.000541139 0.000673115 0.000828645 0.00100456 0.000812865 0.000818579 0.000820588 0.000819621 0.000816236 0.000810839 0.000803712 0.000795039 0.000784925 0.000773408 0.000760474 0.000746065 0.000730087 0.000712416 0.000692908 0.000671405 0.000647741 0.000621764 0.000593341 0.000562385 0.000528883 0.000492933 0.000454807 0.000415034 0.000374545 0.000334913 0.000298755 0.000270289 0.00025566 0.000261777 0.000293254 0.000350871 0.000433679 0.000541139 0.000673115 0.000828645 0.00100456 0.000814102 0.000819742 0.000821838 0.000821055 0.000817911 0.000812792 0.000805973 0.000797632 0.000787876 0.000776745 0.000764231 0.000750282 0.000734812 0.000717705 0.000698829 0.000678035 0.000655176 0.000630111 0.00060273 0.000572969 0.000540839 0.000506468 0.000470156 0.000432447 0.00039426 0.000357068 0.000323191 0.000296175 0.000281032 0.000283663 0.000309028 0.000359589 0.00043591 0.000538111 0.000666144 0.000818914 0.000993058 0.000816548 0.000822021 0.000824271 0.000823831 0.000821147 0.000816566 0.000810339 0.00080264 0.000793575 0.00078319 0.000771486 0.000758424 0.000743931 0.000727908 0.000710241 0.000690802 0.000669467 0.000646127 0.0006207 0.000593156 0.000563546 0.000532032 0.000498934 0.000464793 0.000430448 0.000397146 0.000366694 0.000341661 0.000325557 0.000322837 0.000338397 0.000376631 0.000440701 0.000532459 0.00065248 0.000799605 0.000970129 0.000820143 0.000825327 0.000827756 0.00082778 0.000825736 0.000821909 0.00081652 0.00080973 0.000801645 0.000792317 0.000781761 0.000769952 0.000756835 0.000742334 0.000726356 0.000708802 0.000689575 0.000668597 0.000645821 0.00062125 0.000594962 0.000567137 0.000538087 0.000508291 0.000478432 0.000449439 0.000422537 0.000399339 0.000382016 0.000373582 0.00037822 0.000401309 0.000448652 0.000524999 0.000632696 0.000771036 0.000935953 0.00082479 0.00082953 0.000832119 0.000832676 0.000831398 0.000828489 0.000824129 0.000818459 0.000811582 0.00080356 0.000794418 0.000784149 0.00077272 0.000760078 0.000746153 0.000730875 0.000714175 0.000696003 0.00067634 0.000655211 0.000632705 0.000608993 0.000584341 0.00055912 0.000533811 0.000508994 0.000485353 0.000463702 0.000445136 0.000431397 0.000425546 0.000432766 0.000460522 0.000516943 0.000607703 0.000733699 0.000890786 0.000830352 0.000834473 0.000837157 0.000838261 0.000837817 0.000835931 0.000832728 0.000828325 0.000822819 0.000816277 0.000808737 0.000800212 0.000790688 0.000780135 0.000768508 0.000755759 0.000741847 0.000726744 0.000710446 0.000692991 0.000674461 0.000654993 0.000634781 0.000614067 0.000593116 0.000572186 0.00055149 0.000531204 0.000511573 0.000493255 0.000478052 0.000470096 0.000477076 0.000509876 0.000578808 0.000688306 0.000834977 0.00083665 0.000839975 0.000842658 0.000844276 0.000844678 0.000843858 0.000841876 0.000838821 0.000834778 0.000829818 0.000823994 0.000817331 0.000809838 0.000801504 0.000792307 0.000782222 0.000771224 0.000759302 0.000746464 0.000732742 0.0007182 0.000702931 0.000687045 0.000670648 0.000653807 0.000636491 0.00061853 0.000599583 0.000579214 0.000557166 0.000534011 0.000512396 0.000498934 0.000505664 0.000547807 0.000635845 0.000768966 0.000843463 0.000845844 0.000848416 0.000850479 0.000851691 0.000851923 0.000851169 0.000849478 0.000846925 0.000843582 0.000839511 0.000834754 0.000829336 0.000823266 0.000816541 0.000809151 0.000801088 0.000792351 0.000782948 0.000772904 0.000762257 0.000751048 0.000739306 0.000727011 0.000714051 0.000700155 0.000684832 0.000667325 0.000646645 0.000621762 0.000592131 0.000558795 0.00052644 0.000506282 0.000517091 0.000577702 0.000693299 0.000850537 0.00085188 0.000854246 0.000856668 0.000858616 0.000859842 0.000860266 0.000859901 0.000858805 0.000857051 0.000854708 0.000851834 0.000848467 0.000844633 0.000840345 0.000835607 0.000830421 0.00082479 0.000818723 0.000812232 0.000805324 0.000797994 0.000790193 0.000781793 0.000772527 0.000761926 0.000749237 0.000733362 0.000712854 0.00068604 0.000651399 0.000608452 0.000559599 0.000513555 0.000489724 0.000515894 0.000608651 0.000857586 0.00085789 0.000859991 0.000862685 0.000865274 0.000867399 0.000868909 0.000869782 0.000870059 0.000869813 0.00086912 0.000868049 0.000866653 0.000864971 0.000863028 0.000860839 0.000858414 0.00085576 0.000852878 0.000849769 0.000846413 0.00084276 0.000838696 0.000834 0.000828281 0.000820903 0.0008109 0.000796897 0.000777073 0.000749215 0.000710981 0.000660553 0.000598088 0.000528849 0.000469372 0.000453491 0.0005159 0.000864305 0.000863683 0.000865523 0.000868422 0.00087155 0.000874454 0.000876927 0.000878912 0.000880438 0.000881576 0.000882408 0.000883016 0.000883464 0.000883804 0.00088407 0.000884287 0.000884468 0.00088462 0.000884741 0.000884816 0.000884805 0.000884619 0.000884091 0.000882923 0.000880624 0.000876427 0.000869193 0.000857324 0.00083869 0.00081064 0.000770159 0.000714315 0.000641306 0.000552836 0.000459902 0.000395376 0.000416312 0.000870367 0.000869084 0.000870741 0.000873811 0.000877382 0.000880939 0.000884231 0.000887176 0.000889793 0.000892156 0.000894355 0.000896481 0.000898612 0.000900809 0.000903117 0.000905563 0.000908165 0.000910929 0.000913847 0.000916894 0.000920009 0.000923075 0.000925881 0.000928071 0.000929077 0.000928027 0.000923651 0.000914169 0.000897209 0.000869769 0.000828296 0.000768983 0.00068847 0.000585421 0.000464544 0.000349266 0.000312153 0.000875436 0.000873923 0.000875558 0.000878808 0.000882748 0.000886837 0.0008908 0.000894539 0.000898071 0.000901475 0.000904853 0.000908309 0.000911934 0.000915798 0.000919953 0.000924431 0.000929251 0.000934415 0.000939912 0.000945705 0.00095172 0.000957817 0.000963753 0.00096913 0.000973322 0.000975381 0.000973936 0.000967072 0.000952228 0.000926132 0.000884822 0.000823839 0.000738697 0.000625855 0.00048491 0.000325765 0.000209268 0.000879176 0.000878028 0.00087987 0.00088336 0.000887637 0.000892168 0.000896666 0.000901035 0.000905296 0.000909542 0.000913893 0.000918469 0.000923376 0.000928697 0.000934488 0.000940784 0.000947604 0.000954946 0.000962793 0.000971101 0.000979783 0.000988684 0.000997541 0.00100593 0.00101317 0.00101829 0.00101982 0.00101576 0.00100342 0.000979328 0.000939226 0.000878213 0.000791079 0.000672976 0.000520562 0.000334225 0.000131386 0.000881306 0.00088117 0.000883485 0.000887353 0.000892014 0.000896953 0.000901893 0.000906746 0.000911555 0.000916438 0.000921542 0.000927014 0.000932977 0.000939527 0.000946729 0.000954619 0.000963212 0.000972503 0.000982468 0.000993054 0.00100417 0.00101564 0.0010272 0.0010384 0.00104856 0.00105664 0.00106117 0.00106006 0.00105055 0.00102902 0.000991056 0.000931483 0.000844732 0.000725449 0.000569519 0.000375623 0.000148949 0.000881709 0.000882871 0.000885987 0.000890533 0.000895769 0.000901191 0.000906547 0.000911782 0.000916979 0.000922299 0.000927933 0.000934064 0.000940844 0.000948386 0.000956764 0.000966016 0.00097615 0.000987157 0.000999003 0.00101163 0.00102493 0.00103874 0.00105278 0.0010666 0.00107949 0.00109044 0.00109792 0.00109986 0.00109341 0.00107494 0.00103991 0.000983081 0.000898818 0.000781925 0.000629174 0.000442994 0.000249298 
Sigma_rr 1 5920 float
116.107 116.124 115.861 115.352 114.667 113.871 113.01 112.114 111.192 110.241 109.246 108.181 107.016 105.717 104.251 102.581 100.674 98.498 96.0217 93.2152 90.0499 86.4988 82.5371 78.1441 73.3052 68.0152 62.2829 56.136 49.6276 42.8417 35.8983 28.9562 22.2097 15.8795 10.1926 5.35207 1.49644 112.998 113.026 112.71 112.14 111.404 110.571 109.687 108.777 107.85 106.896 105.898 104.828 103.657 102.351 100.878 99.2067 97.308 95.154 92.7191 89.979 86.911 83.4942 79.7102 75.544 70.9864 66.0362 60.7032 55.0122 49.0064 42.7512 36.3361 29.875 23.5029 17.3684 11.6211 6.39612 1.81685 109.916 109.873 109.46 108.805 108.005 107.13 106.222 105.303 104.373 103.42 102.422 101.352 100.178 98.8697 97.3983 95.7363 93.859 91.7438 89.3703 86.7198 83.7753 80.5213 76.9448 73.036 68.7894 64.2057 59.2939 54.073 48.5739 42.8409 36.9318 30.9166 24.8755 18.8947 13.0641 7.48113 2.26485 106.872 106.654 106.093 105.327 104.454 103.536 102.608 101.683 100.756 99.8079 98.8147 97.7475 96.5766 95.2742 93.8145 92.1749 90.3355 88.279 85.9902 83.4556 80.6632 77.6026 74.2652 70.6448 66.7381 62.546 58.074 53.3328 48.3387 43.1133 37.6819 32.0731 26.3175 20.449 14.511 8.56694 2.69954 103.789 103.317 102.571 101.681 100.732 99.7753 98.8344 97.9111 96.992 96.0545 95.0709 94.0128 92.8525 91.5656 90.1306 88.5299 86.7485 84.7742 82.5967 80.2072 77.5982 74.7632 71.6971 68.3957 64.8564 61.0779 57.06 52.8029 48.3062 43.5673 38.58 33.3336 27.8154 22.0152 15.9376 9.61377 3.1167 100.563 99.7931 98.8466 97.8322 96.8164 95.8329 94.8897 93.9772 93.0742 92.1534 91.1861 90.1449 89.0053 87.7469 86.3533 84.8116 83.112 81.2469 79.2104 76.9979 74.6055 72.0296 69.267 66.3142 63.1673 59.8207 56.2663 52.4917 48.4781 44.1984 39.6157 34.6838 29.3517 23.573 17.3205 10.6069 3.50987 97.0775 96.0041 94.8678 93.7477 92.6852 91.6929 90.7625 89.8724 88.9945 88.0986 87.1561 86.1423 85.0367 83.8237 82.492 81.0336 79.4433 77.7179 75.8553 73.854 71.7126 69.4294 67.0017 64.425 61.6918 58.7906 55.7033 52.4031 48.8519 44.9978 40.7751 36.1058 30.9065 25.1016 18.6429 11.5368 3.87621 93.2187 91.8748 90.5854 89.3953 88.317 87.3404 86.441 85.587 84.745 83.8842 82.9779 82.0053 80.951 79.8046 78.5596 77.213 75.7635 74.2116 72.558 70.8035 68.9483 66.9908 64.9274 62.7508 60.4484 58.0006 55.3776 52.5368 49.4202 45.9523 42.0405 37.5791 32.4586 26.5825 19.8918 12.397 4.21349 88.8846 87.3382 85.9571 84.7479 83.6934 82.7616 81.914 81.1114 80.3183 79.5055 78.6504 77.7373 76.7562 75.7021 74.5734 73.3711 72.0975 70.7554 69.3478 67.8765 66.3418 64.7411 63.0684 61.3117 59.4517 57.4588 55.2902 52.8869 50.1709 47.0443 43.3907 39.0813 33.9871 27.9991 21.0569 13.1831 4.5202 83.9904 82.3418 80.9506 79.785 78.7999 77.9448 77.1713 76.4372 75.7086 74.9604 74.1759 73.3453 72.4646 71.5337 70.5553 69.5337 68.4736 67.3798 66.2558 65.1035 63.9219 62.7062 61.446 60.1235 58.7109 57.1675 55.4364 53.4419 51.0867 48.2524 44.8022 40.5894 35.4722 29.3373 22.1303 13.8925 4.79547 78.4765 76.8524 75.5476 74.4952 73.6271 72.8811 72.205 71.5587 70.9133 70.2508 69.5615 68.8422 68.0943 67.3223 66.5323 65.7308 64.9241 64.1174 63.314 62.5145 61.7155 60.9083 60.0772 59.1968 58.2296 57.1229 55.8053 54.1845 52.1454 49.5514 46.2495 42.0802 36.8957 30.585 23.1065 14.5239 5.03911 72.3172 70.862 69.7465 68.8769 68.172 67.5663 67.0114 66.4744 65.9355 65.3852 64.8217 64.248 63.6707 63.0975 62.5369 61.9967 61.4835 61.002 60.5541 60.1378 59.746 59.3652 58.9729 58.5351 58.0039 57.3137 56.379 55.0915 53.3203 50.9136 47.7062 43.5315 38.2412 31.733 23.9823 15.0779 5.25157 65.5307 64.3926 63.565 62.9413 62.4399 62.0031 61.5937 61.1911 60.7869 60.3813 59.98 59.5918 59.2269 58.8954 58.6069 58.3693 58.1885 58.0676 58.0058 57.9977 58.0317 58.0881 58.1366 58.1343 58.0218 57.7213 57.133 56.1346 54.5812 52.3095 49.1462 44.9224 39.495 32.7744 24.7566 15.5565 5.43391 58.1881 57.501 57.0429 56.714 56.448 56.2054 55.967 55.7278 55.4921 55.2695 55.0721 54.9132 54.8051 54.7592 54.7849 54.8891 55.076 55.346 55.6951 56.1134 56.584 57.0801 57.5635 57.9814 58.2633 58.3192 58.0367 57.2806 55.8951 53.7085 50.5439 46.2344 40.6459 33.7053 25.4308 15.9631 5.58774 50.4212 50.2818 50.2446 50.2394 50.23 50.2038 50.1636 50.1214 50.093 50.0961 50.1478 50.2636 50.457 50.7388 51.1174 51.5977 52.1813 52.8655 53.6422 54.4967 55.4057 56.3354 57.2391 58.0542 58.6997 59.0741 59.0535 58.4927 57.2272 55.0806 51.8756 47.4514 41.686 34.5245 26.0082 16.3024 5.71514 42.4234 42.8681 43.2625 43.5861 43.8434 44.0531 44.2402 44.4316 44.6528 44.9266 45.2726 45.7071 46.2429 46.8894 47.6529 48.5358 49.5366 50.6489 51.8602 53.1503 54.4899 55.8379 57.139 58.3215 59.2944 59.946 60.143 59.7318 58.5425 56.3967 53.1202 48.5605 42.6102 35.2335 26.4942 16.58 5.81857 34.4427 35.43 36.2203 36.8537 37.3778 37.8403 38.2844 38.7472 39.2597 39.847 40.5285 41.3195 42.2309 43.2699 44.4402 45.7414 47.1685 48.7113 50.3528 52.0675 53.8198 55.5616 57.2297 58.7438 60.0041 60.8903 61.2614 60.9579 59.8066 57.63 54.2591 49.5521 43.4166 35.8362 26.8954 16.8024 5.90072 26.7631 28.1693 29.2761 30.1799 30.9628 31.6918 32.4199 33.1884 34.0286 34.9643 36.0129 37.1869 38.4947 39.9409 41.5264 43.2477 45.0968 47.0594 49.1144 51.2311 53.3682 55.471 57.4691 59.2748 60.7806 61.8593 62.364 62.1312 60.9871 58.7566 55.2777 50.4198 44.1062 36.3383 27.2199 16.9764 5.96446 19.6772 21.3116 22.6249 23.7465 24.7732 25.7765 26.8085 27.9069 29.0989 30.4037 31.8351 33.4023 35.1105 36.9617 38.9541 41.0815 43.333 45.6909 48.1299 50.615 53.0995 55.5231 57.8092 59.8636 61.5729 62.8041 63.4065 63.2144 62.0545 59.7559 56.1643 51.1604 44.6821 36.7472 27.4763 17.1091 6.01262 13.4525 15.0958 16.4962 17.7783 19.0277 20.3032 21.6449 23.0804 24.6287 26.3029 28.1119 30.0611 32.1532 34.3875 36.76 39.2623 41.8808 44.595 47.3762 50.1855 52.9719 55.6701 58.1985 60.4577 62.3296 63.6773 64.3471 64.173 62.9831 60.6112 56.9106 51.773 45.149 37.071 27.6732 17.2073 6.04792 8.3025 9.76048 11.1448 12.5343 13.9785 15.5089 17.1454 18.9013 20.7852 22.8033 24.9595 27.2559 29.6926 32.2671 34.9737 37.802 40.7366 43.7547 46.8249 49.9051 52.9408 55.8629 58.5858 61.0062 63.0024 64.4349 65.1485 64.9771 63.7513 61.3092 57.5114 52.2586 45.5127 37.3177 27.819 17.2773 6.07286 4.36983 5.52857 6.83228 8.2861 9.8889 11.6375 13.5287 15.5601 17.7305 20.0391 22.4859 25.07 27.7896 30.641 33.6171 36.7065 39.8922 43.1498 46.4458 49.7359 52.963 56.0551 58.9237 61.4629 63.5485 65.0391 65.7789 65.6023 64.3421 61.8403 57.9634 52.6196 45.7792 37.4951 27.9212 17.3246 6.08957 1.72919 2.58989 3.79914 5.28658 7.0023 8.91162 10.9911 13.2256 15.6056 18.1254 20.7817 23.5718 26.4928 29.5398 32.7053 35.9771 39.3371 42.76 46.2111 49.6444 53.0011 56.2074 59.173 61.79 63.933 65.4595 66.2134 66.0297 64.7428 62.1978 58.2652 52.8584 45.9535 37.6095 27.9857 17.3536 6.09975 0.406851 1.08361 2.23154 3.73269 5.50737 7.5022 9.68205 12.0244 14.5153 17.1463 19.9124 22.81 25.8357 28.9841 32.2473 35.6129 39.0623 42.5696 46.0995 49.6054 53.0275 56.2911 59.305 61.9606 64.1316 65.6751 66.4349 66.2465 64.9452 62.3776 58.4162 52.9772 46.0396 37.6655 28.0169 17.3674 6.10453 0.406851 1.08361 2.23154 3.73269 5.50737 7.5022 9.68205 12.0244 14.5153 17.1463 19.9124 22.81 25.8357 28.9841 32.2473 35.6129 39.0623 42.5696 46.0995 49.6054 53.0275 56.2911 59.305 61.9606 64.1316 65.6751 66.4349 66.2465 64.9452 62.3776 58.4162 52.9772 46.0396 37.6655 28.0169 17.3674 6.10453 1.72919 2.58989 3.79914 5.28658 7.0023 8.91162 10.9911 13.2256 15.6056 18.1254 20.7817 23.5718 26.4928 29.5398 32.7053 35.9771 39.3371 42.76 46.2111 49.6444 53.0011 56.2074 59.173 61.79 63.933 65.4595 66.2134 66.0297 64.7428 62.1978 58.2652 52.8584 45.9535 37.6095 27.9857 17.3536 6.09975 4.36983 5.52857 6.83228 8.2861 9.8889 11.6375 13.5287 15.5601 17.7305 20.0391 22.4859 25.07 27.7896 30.641 33.6171 36.7065 39.8922 43.1498 46.4458 49.7359 52.963 56.0551 58.9237 61.4629 63.5485 65.0391 65.7789 65.6023 64.3421 61.8403 57.9634 52.6196 45.7792 37.4951 27.9212 17.3246 6.08957 8.3025 9.76048 11.1448 12.5343 13.9785 15.5089 17.1454 18.9013 20.7852 22.8033 24.9595 27.2559 29.6926 32.2671 34.9737 37.802 40.7366 43.7547 46.8249 49.9051 52.9408 55.8629 58.5858 61.0062 63.0024 64.4349 65.1485 64.9771 63.7513 61.3092 57.5114 52.2586 45.5127 37.3177 27.819 17.2773 6.07286 13.4525 15.0958 16.4962 17.7783 19.0277 20.3032 21.6449 23.0804 24.6287 26.3029 28.1119 30.0611 32.1532 34.3875 36.76 39.2623 41.8808 44.595 47.3762 50.1855 52.9719 55.6701 58.1985 60.4577 62.3296 63.6773 64.3471 64.173 62.9831 60.6112 56.9106 51.773 45.149 37.071 27.6732 17.2073 6.04792 19.6772 21.3116 22.6249 23.7465 24.7732 25.7765 26.8085 27.9069 29.0989 30.4037 31.8351 33.4023 35.1105 36.9617 38.9541 41.0815 43.333 45.6909 48.1299 50.615 53.0995 55.5231 57.8092 59.8636 61.5729 62.8041 63.4065 63.2144 62.0545 59.7559 56.1643 51.1604 44.6821 36.7472 27.4763 17.1091 6.01262 26.7631 28.1693 29.2761 30.1799 30.9628 31.6918 32.4199 33.1884 34.0286 34.9643 36.0129 37.1869 38.4947 39.9409 41.5264 43.2477 45.0968 47.0594 49.1144 51.2311 53.3682 55.471 57.4691 59.2748 60.7806 61.8593 62.364 62.1312 60.9871 58.7566 55.2777 50.4198 44.1062 36.3383 27.2199 16.9764 5.96446 34.4427 35.43 36.2203 36.8537 37.3778 37.8403 38.2844 38.7472 39.2597 39.847 40.5285 41.3195 42.2309 43.2699 44.4402 45.7414 47.1685 48.7113 50.3528 52.0675 53.8198 55.5616 57.2297 58.7438 60.0041 60.8903 61.2614 60.9579 59.8066 57.63 54.2591 49.5521 43.4166 35.8362 26.8954 16.8024 5.90072 42.4234 42.8681 43.2625 43.5861 43.8434 44.0531 44.2402 44.4316 44.6528 44.9266 45.2726 45.7071 46.2429 46.8894 47.6529 48.5358 49.5366 50.6489 51.8602 53.1503 54.4899 55.8379 57.139 58.3215 59.2944 59.946 60.143 59.7318 58.5425 56.3967 53.1202 48.5605 42.6102 35.2335 26.4942 16.58 5.81857 50.4212 50.2818 50.2446 50.2394 50.23 50.2038 50.1636 50.1214 50.093 50.0961 50.1478 50.2636 50.457 50.7388 51.1174 51.5977 52.1813 52.8655 53.6422 54.4967 55.4057 56.3354 57.2391 58.0542 58.6997 59.0741 59.0535 58.4927 57.2272 55.0806 51.8756 47.4514 41.686 34.5245 26.0082 16.3024 5.71514 58.1881 57.501 57.0429 56.714 56.448 56.2054 55.967 55.7278 55.4921 55.2695 55.0721 54.9132 54.8051 54.7592 54.7849 54.8891 55.076 55.346 55.6951 56.1134 56.584 57.0801 57.5635 57.9814 58.2633 58.3192 58.0367 57.2806 55.8951 53.7085 50.5439 46.2344 40.6459 33.7053 25.4308 15.9631 5.58774 65.5307 64.3926 63.565 62.9413 62.4399 62.0031 61.5937 61.1911 60.7869 60.3813 59.98 59.5918 59.2269 58.8954 58.6069 58.3693 58.1885 58.0676 58.0058 57.9977 58.0317 58.0881 58.1366 58.1343 58.0218 57.7213 57.133 56.1346 54.5812 52.3095 49.1462 44.9224 39.495 32.7744 24.7566 15.5565 5.43391 72.3172 70.862 69.7465 68.8769 68.172 67.5663 67.0114 66.4744 65.9355 65.3852 64.8217 64.248 63.6707 63.0975 62.5369 61.9967 61.4835 61.002 60.5541 60.1378 59.746 59.3652 58.9729 58.5351 58.0039 57.3137 56.379 55.0915 53.3203 50.9136 47.7062 43.5315 38.2412 31.733 23.9823 15.0779 5.25157 78.4765 76.8524 75.5476 74.4952 73.6271 72.8811 72.205 71.5587 70.9133 70.2508 69.5615 68.8422 68.0943 67.3223 66.5323 65.7308 64.9241 64.1174 63.314 62.5145 61.7155 60.9083 60.0772 59.1968 58.2296 57.1229 55.8053 54.1845 52.1454 49.5514 46.2495 42.0802 36.8957 30.585 23.1065 14.5239 5.03911 83.9904 82.3418 80.9506 79.785 78.7999 77.9448 77.1713 76.4372 75.7086 74.9604 74.1759 73.3453 72.4646 71.5337 70.5553 69.5337 68.4736 67.3798 66.2558 65.1035 63.9219 62.7062 61.446 60.1235 58.7109 57.1675 55.4364 53.4419 51.0867 48.2524 44.8022 40.5894 35.4722 29.3373 22.1303 13.8925 4.79547 88.8846 87.3382 85.9571 84.7479 83.6934 82.7616 81.914 81.1114 80.3183 79.5055 78.6504 77.7373 76.7562 75.7021 74.5734 73.3711 72.0975 70.7554 69.3478 67.8765 66.3418 64.7411 63.0684 61.3117 59.4517 57.4588 55.2902 52.8869 50.1709 47.0443 43.3907 39.0813 33.9871 27.9991 21.0569 13.1831 4.5202 93.2187 91.8748 90.5854 89.3953 88.317 87.3404 86.441 85.587 84.745 83.8842 82.9779 82.0053 80.951 79.8046 78.5596 77.213 75.7635 74.2116 72.558 70.8035 68.9483 66.9908 64.9274 62.7508 60.4485 58.0006 55.3776 52.5368 49.4202 45.9523 42.0405 37.5791 32.4586 26.5825 19.8918 12.397 4.21349 97.0775 96.0041 94.8678 93.7477 92.6852 91.6929 90.7625 89.8724 88.9945 88.0986 87.1561 86.1423 85.0367 83.8237 82.492 81.0336 79.4433 77.7179 75.8553 73.854 71.7126 69.4294 67.0017 64.4249 61.6918 58.7906 55.7033 52.4031 48.8519 44.9978 40.7751 36.1058 30.9065 25.1016 18.6429 11.5368 3.87621 100.563 99.7931 98.8466 97.8322 96.8164 95.8329 94.8897 93.9772 93.0742 92.1534 91.1861 90.1449 89.0053 87.7469 86.3533 84.8116 83.112 81.2469 79.2104 76.9979 74.6055 72.0296 69.267 66.3142 63.1673 59.8207 56.2663 52.4917 48.4781 44.1984 39.6157 34.6838 29.3517 23.573 17.3205 10.6069 3.50987 103.789 103.317 102.571 101.681 100.732 99.7753 98.8344 97.9111 96.992 96.0545 95.0709 94.0128 92.8525 91.5656 90.1306 88.5299 86.7485 84.7742 82.5967 80.2072 77.5982 74.7632 71.6971 68.3957 64.8564 61.0779 57.06 52.8029 48.3062 43.5673 38.58 33.3336 27.8153 22.0152 15.9376 9.61377 3.1167 106.872 106.654 106.093 105.327 104.454 103.536 102.608 101.683 100.756 99.8079 98.8147 97.7475 96.5766 95.2742 93.8145 92.1749 90.3355 88.279 85.9902 83.4556 80.6632 77.6026 74.2652 70.6448 66.7381 62.546 58.074 53.3328 48.3387 43.1133 37.6819 32.0731 26.3175 20.449 14.511 8.56694 2.69954 109.916 109.873 109.46 108.805 108.005 107.13 106.222 105.303 104.373 103.42 102.422 101.352 100.178 98.8697 97.3983 95.7363 93.859 91.7438 89.3703 86.7198 83.7753 80.5213 76.9448 73.036 68.7894 64.2057 59.2939 54.073 48.5739 42.8409 36.9318 30.9166 24.8755 18.8947 13.0641 7.48113 2.26485 112.998 113.026 112.71 112.14 111.404 110.571 109.687 108.777 107.85 106.896 105.898 104.828 103.657 102.351 100.878 99.2067 97.308 95.154 92.7191 89.979 86.911 83.4943 79.7102 75.544 70.9864 66.0362 60.7032 55.0122 49.0064 42.7512 36.3361 29.875 23.5029 17.3684 11.6211 6.39612 1.81685 116.107 116.124 115.861 115.352 114.667 113.871 113.01 112.114 111.192 110.241 109.246 108.181 107.016 105.718 104.251 102.581 100.674 98.498 96.0217 93.2152 90.0499 86.4988 82.5371 78.1441 73.3052 68.0152 62.2829 56.136 49.6276 42.8417 35.8983 28.9562 22.2097 15.8795 10.1926 5.35207 1.49644 119.836 119.754 119.401 118.837 118.123 117.315 116.447 115.543 114.608 113.636 112.61 111.506 110.293 108.936 107.401 105.65 103.648 101.36 98.7503 95.7863 92.4351 88.6655 84.4492 79.7621 74.5874 68.9198 62.7707 56.1745 49.197 41.9425 34.5613 27.2533 20.2654 13.8805 8.39269 4.0708 1.10744 124.361 124.057 123.465 122.731 121.915 121.049 120.148 119.216 118.246 117.224 116.128 114.931 113.602 112.106 110.409 108.475 106.268 103.751 100.89 97.6478 93.9912 89.8872 85.3067 80.2261 74.6312 68.5217 61.9178 54.8674 47.4555 39.8122 32.1206 24.6196 17.6004 11.3901 6.32199 2.68785 0.66251 128.939 128.342 127.565 126.711 125.819 124.902 123.961 122.985 121.96 120.866 119.676 118.364 116.898 115.245 113.369 111.236 108.808 106.05 102.923 99.3908 95.4183 90.9716 86.0213 80.5451 74.532 67.9878 60.9423 53.4575 45.6377 37.638 29.6724 22.0155 14.9965 8.97841 4.32094 1.31985 0.130577 133.605 132.688 131.736 130.777 129.816 128.846 127.852 126.815 125.714 124.525 123.222 121.776 120.156 118.328 116.259 113.912 111.252 108.239 104.837 101.006 96.7113 91.9174 86.5958 80.7261 74.3014 67.334 59.864 51.9678 43.7688 35.4462 27.2425 19.4644 12.4735 6.66156 2.40702 0.0112841 -0.366392 138.291 137.08 135.965 134.907 133.876 132.843 131.781 130.665 129.469 128.167 126.731 125.134 123.343 121.328 119.053 116.483 113.58 110.306 106.621 102.488 97.8676 92.7265 87.0366 80.78 73.9544 66.5795 58.7058 50.4242 41.8765 33.2648 24.858 16.9909 10.0528 4.45877 0.602464 -1.20873 -0.828111 142.902 141.461 140.208 139.059 137.954 136.848 135.704 134.491 133.181 131.748 130.165 128.402 126.43 124.216 121.727 118.926 115.776 112.236 108.268 103.831 98.887 93.4032 87.3527 80.7207 73.5096 65.7469 57.4937 48.855 39.9906 31.1236 22.5468 14.6201 7.75607 2.38895 -1.07618 -2.33227 -1.25128 147.346 145.755 144.403 143.175 141.995 140.806 139.565 138.241 136.803 135.226 133.482 131.544 129.382 126.965 124.257 121.222 117.823 114.018 109.768 105.032 99.7718 93.955 87.5566 80.565 72.9882 64.8612 56.2558 47.2906 38.1419 29.0528 20.3373 12.377 5.60431 0.468398 -2.61869 -3.35529 -1.63527 151.539 149.888 148.479 147.19 145.936 144.656 143.309 141.86 140.284 138.553 136.641 134.522 132.167 129.543 126.617 123.35 119.706 115.642 111.117 106.091 100.527 94.3918 87.663 80.3326 72.414 63.9499 55.0221 45.7623 36.3624 27.0831 18.2574 10.2856 3.61648 -1.28969 -4.01804 -4.27581 -1.97976 155.407 153.782 152.363 151.03 149.705 148.331 146.869 145.29 143.568 141.678 139.596 137.296 134.749 131.923 128.783 125.292 121.411 117.098 112.312 107.012 101.16 94.7259 87.6891 80.0451 71.8126 63.0416 53.8236 44.3022 34.6836 25.2442 16.3337 8.36823 1.80946 -2.87453 -5.26925 -5.09287 -2.28468 158.89 157.368 155.976 154.618 153.228 151.759 150.182 148.47 146.601 144.553 142.304 139.828 137.095 134.075 130.733 127.03 122.926 118.381 113.351 107.796 101.679 94.9714 87.6537 79.7254 71.2104 62.1655 52.6911 42.9418 33.1362 23.5647 14.5913 6.64509 0.197857 -4.27739 -6.36876 -5.80617 -2.55022 161.939 160.578 159.246 157.878 156.429 154.869 153.178 151.337 149.327 147.129 144.721 142.079 139.174 135.975 132.446 128.548 124.242 119.485 114.235 108.45 102.096 95.1434 87.5761 79.3967 70.6337 61.3503 51.6548 41.7112 31.7493 22.0713 13.053 5.13421 -1.20578 -5.49119 -7.31405 -6.41589 -2.77668 164.519 163.354 162.101 160.733 159.233 157.591 155.794 153.833 151.693 149.357 146.806 144.015 140.956 137.597 133.903 129.834 125.349 120.407 114.965 108.981 102.421 95.2572 87.4756 79.0817 70.108 60.6233 50.7426 40.6383 30.5493 20.7878 11.739 3.85115 -2.39095 -6.5103 -8.10338 -6.92251 -2.96447 166.604 165.642 164.474 163.113 161.573 159.858 157.969 155.904 153.651 151.197 148.523 145.605 142.416 138.922 135.088 130.876 126.242 121.146 115.544 109.395 102.665 95.3276 87.3703 78.8012 69.6563 60.009 49.9799 39.748 29.5597 19.7349 10.6666 2.80898 -3.34907 -7.33036 -8.73568 -7.32667 -3.11404 168.178 167.4 166.308 164.958 163.386 161.613 159.651 157.502 155.159 152.611 149.84 146.822 143.53 139.931 135.989 131.665 126.916 121.7 115.975 109.699 102.838 95.3676 87.276 78.5735 69.2987 59.5286 49.388 39.0611 28.7997 18.9298 9.84967 2.01816 -4.07343 -7.94809 -9.21027 -7.62903 -3.22579 169.231 168.591 167.559 166.217 164.623 162.81 160.797 158.589 156.184 153.571 150.732 147.646 144.283 140.612 136.595 132.194 127.367 122.07 116.26 109.898 102.949 95.3879 87.2056 78.4132 69.0511 59.1986 48.9837 38.5938 28.2845 18.3856 9.29907 1.48657 -4.55905 -8.36114 -9.52681 -7.83023 -3.30007 169.758 169.193 168.192 166.856 165.251 163.417 161.377 159.139 156.702 154.056 151.183 148.061 144.662 140.954 136.9 132.46 127.593 122.254 116.402 109.996 103.002 95.3961 87.1681 78.3304 68.9245 59.0307 48.7787 38.3573 28.0243 18.1112 9.02196 1.21946 -4.80267 -8.56803 -9.68511 -7.93071 -3.33714 169.758 169.193 168.192 166.856 165.251 163.417 161.377 159.139 156.702 154.056 151.183 148.061 144.662 140.954 136.9 132.46 127.593 122.254 116.402 109.996 103.002 95.3961 87.1681 78.3304 68.9245 59.0307 48.7787 38.3573 28.0243 18.1112 9.02196 1.21946 -4.80267 -8.56803 -9.68511 -7.93071 -3.33714 169.231 168.591 167.559 166.217 164.623 162.81 160.797 158.589 156.184 153.571 150.732 147.646 144.283 140.612 136.595 132.194 127.367 122.07 116.26 109.898 102.949 95.3879 87.2056 78.4132 69.0511 59.1986 48.9837 38.5938 28.2845 18.3856 9.29907 1.48657 -4.55905 -8.36114 -9.52681 -7.83023 -3.30007 168.178 167.4 166.308 164.958 163.386 161.613 159.651 157.502 155.159 152.611 149.84 146.822 143.53 139.931 135.989 131.665 126.916 121.7 115.975 109.699 102.838 95.3676 87.276 78.5735 69.2987 59.5286 49.388 39.0611 28.7997 18.9298 9.84967 2.01816 -4.07343 -7.94809 -9.21027 -7.62903 -3.22579 166.604 165.642 164.474 163.113 161.573 159.858 157.969 155.904 153.651 151.197 148.523 145.605 142.416 138.922 135.088 130.876 126.242 121.146 115.544 109.395 102.665 95.3276 87.3703 78.8012 69.6563 60.009 49.9799 39.748 29.5597 19.7349 10.6666 2.80898 -3.34907 -7.33036 -8.73568 -7.32667 -3.11404 164.519 163.354 162.101 160.733 159.233 157.591 155.794 153.833 151.693 149.357 146.806 144.015 140.956 137.597 133.903 129.834 125.349 120.407 114.965 108.981 102.421 95.2572 87.4756 79.0817 70.108 60.6233 50.7426 40.6383 30.5493 20.7878 11.739 3.85115 -2.39095 -6.5103 -8.10338 -6.92251 -2.96447 161.939 160.578 159.246 157.878 156.429 154.869 153.178 151.337 149.327 147.129 144.721 142.079 139.174 135.975 132.446 128.548 124.242 119.485 114.235 108.45 102.096 95.1434 87.5761 79.3967 70.6337 61.3503 51.6548 41.7112 31.7493 22.0713 13.053 5.13421 -1.20578 -5.49119 -7.31405 -6.41589 -2.77668 158.89 157.368 155.976 154.618 153.228 151.759 150.182 148.47 146.601 144.553 142.304 139.828 137.095 134.075 130.733 127.03 122.926 118.381 113.351 107.796 101.679 94.9714 87.6537 79.7254 71.2104 62.1655 52.6911 42.9418 33.1362 23.5647 14.5913 6.64509 0.197857 -4.27739 -6.36876 -5.80617 -2.55022 155.407 153.782 152.363 151.03 149.705 148.331 146.869 145.29 143.568 141.678 139.596 137.296 134.749 131.923 128.783 125.292 121.411 117.098 112.312 107.012 101.16 94.7259 87.6891 80.0451 71.8126 63.0416 53.8236 44.3022 34.6836 25.2442 16.3337 8.36823 1.80946 -2.87453 -5.26925 -5.09287 -2.28468 151.539 149.888 148.479 147.19 145.936 144.656 143.309 141.86 140.284 138.553 136.641 134.522 132.167 129.543 126.617 123.35 119.706 115.642 111.117 106.091 100.527 94.3918 87.663 80.3326 72.414 63.9499 55.0221 45.7623 36.3624 27.0831 18.2574 10.2856 3.61648 -1.28969 -4.01804 -4.27581 -1.97976 147.346 145.755 144.403 143.175 141.995 140.806 139.565 138.241 136.803 135.226 133.482 131.544 129.382 126.965 124.257 121.222 117.823 114.018 109.768 105.032 99.7718 93.955 87.5566 80.565 72.9882 64.8612 56.2558 47.2906 38.1419 29.0528 20.3373 12.377 5.6043 0.468398 -2.61869 -3.35529 -1.63527 142.902 141.461 140.208 139.059 137.954 136.848 135.704 134.491 133.181 131.748 130.165 128.402 126.43 124.216 121.727 118.926 115.776 112.236 108.268 103.831 98.887 93.4032 87.3527 80.7207 73.5096 65.7469 57.4937 48.855 39.9906 31.1236 22.5468 14.6201 7.75607 2.38895 -1.07618 -2.33227 -1.25128 138.291 137.08 135.965 134.907 133.876 132.843 131.781 130.665 129.469 128.167 126.731 125.134 123.343 121.328 119.053 116.483 113.58 110.306 106.621 102.488 97.8676 92.7265 87.0366 80.78 73.9544 66.5795 58.7058 50.4242 41.8765 33.2648 24.858 16.9909 10.0528 4.45877 0.602464 -1.20873 -0.828112 133.605 132.688 131.736 130.777 129.816 128.846 127.852 126.815 125.714 124.525 123.222 121.776 120.156 118.328 116.259 113.912 111.252 108.239 104.837 101.006 96.7113 91.9174 86.5958 80.7261 74.3014 67.334 59.864 51.9678 43.7688 35.4462 27.2425 19.4644 12.4735 6.66156 2.40702 0.0112847 -0.366391 128.939 128.342 127.565 126.711 125.819 124.902 123.961 122.985 121.96 120.866 119.676 118.364 116.898 115.245 113.369 111.236 108.808 106.05 102.923 99.3908 95.4183 90.9716 86.0213 80.5451 74.532 67.9878 60.9423 53.4575 45.6377 37.638 29.6724 22.0155 14.9965 8.97841 4.32094 1.31985 0.130576 124.361 124.057 123.465 122.731 121.915 121.049 120.148 119.216 118.246 117.224 116.128 114.931 113.602 112.106 110.409 108.475 106.268 103.751 100.89 97.6478 93.9912 89.8872 85.3067 80.2261 74.6312 68.5217 61.9178 54.8674 47.4555 39.8122 32.1206 24.6196 17.6004 11.3901 6.32199 2.68785 0.662511 119.836 119.754 119.401 118.837 118.123 117.315 116.447 115.543 114.608 113.636 112.61 111.506 110.293 108.936 107.401 105.65 103.648 101.36 98.7503 95.7863 92.4351 88.6655 84.4492 79.7621 74.5874 68.9198 62.7707 56.1745 49.197 41.9425 34.5613 27.2533 20.2654 13.8805 8.39269 4.0708 1.10744 116.107 116.124 115.861 115.352 114.667 113.871 113.01 112.114 111.192 110.241 109.246 108.181 107.016 105.717 104.251 102.581 100.674 98.498 96.0217 93.2152 90.0499 86.4988 82.5371 78.1441 73.3052 68.0152 62.2829 56.136 49.6276 42.8417 35.8983 28.9562 22.2097 15.8795 10.1926 5.35207 1.49644 112.998 113.026 112.71 112.14 111.404 110.571 109.687 108.777 107.85 106.896 105.898 104.828 103.657 102.351 100.878 99.2067 97.308 95.154 92.7191 89.979 86.911 83.4943 79.7102 75.544 70.9864 66.0362 60.7032 55.0122 49.0064 42.7512 36.3361 29.875 23.5029 17.3684 11.6211 6.39612 1.81685 109.916 109.873 109.46 108.805 108.005 107.13 106.222 105.303 104.373 103.42 102.422 101.352 100.178 98.8697 97.3983 95.7363 93.859 91.7438 89.3703 86.7198 83.7753 80.5213 76.9448 73.036 68.7894 64.2057 59.2939 54.073 48.5739 42.8409 36.9318 30.9166 24.8755 18.8947 13.0641 7.48113 2.26485 106.872 106.654 106.093 105.327 104.454 103.536 102.608 101.683 100.756 99.8079 98.8147 97.7475 96.5766 95.2742 93.8145 92.1749 90.3355 88.279 85.9902 83.4556 80.6632 77.6026 74.2652 70.6448 66.7381 62.546 58.074 53.3328 48.3387 43.1133 37.6819 32.0731 26.3175 20.449 14.511 8.56695 2.69954 103.789 103.317 102.571 101.681 100.732 99.7753 98.8344 97.9111 96.992 96.0545 95.0709 94.0128 92.8525 91.5656 90.1306 88.5299 86.7485 84.7742 82.5967 80.2072 77.5982 74.7632 71.6971 68.3957 64.8564 61.0779 57.06 52.8029 48.3062 43.5673 38.58 33.3336 27.8153 22.0152 15.9376 9.61377 3.1167 100.563 99.7931 98.8466 97.8322 96.8164 95.8329 94.8897 93.9772 93.0742 92.1534 91.1861 90.1449 89.0053 87.7469 86.3533 84.8116 83.112 81.2469 79.2104 76.9979 74.6055 72.0296 69.267 66.3142 63.1673 59.8207 56.2663 52.4917 48.4781 44.1984 39.6157 34.6838 29.3517 23.573 17.3205 10.6069 3.50987 97.0775 96.0041 94.8678 93.7477 92.6852 91.6929 90.7625 89.8724 88.9945 88.0986 87.1561 86.1423 85.0367 83.8237 82.492 81.0336 79.4433 77.7179 75.8553 73.854 71.7126 69.4294 67.0017 64.425 61.6918 58.7906 55.7033 52.4031 48.8519 44.9978 40.7751 36.1058 30.9065 25.1016 18.6429 11.5368 3.87621 93.2187 91.8748 90.5854 89.3953 88.317 87.3404 86.441 85.587 84.745 83.8842 82.9779 82.0053 80.951 79.8046 78.5596 77.213 75.7635 74.2116 72.558 70.8035 68.9483 66.9908 64.9274 62.7508 60.4485 58.0006 55.3776 52.5368 49.4202 45.9523 42.0405 37.5791 32.4586 26.5825 19.8918 12.397 4.21349 88.8846 87.3382 85.9571 84.7479 83.6934 82.7616 81.914 81.1114 80.3183 79.5055 78.6504 77.7373 76.7562 75.7021 74.5734 73.3711 72.0975 70.7554 69.3478 67.8765 66.3418 64.7411 63.0684 61.3117 59.4517 57.4588 55.2902 52.8869 50.1709 47.0443 43.3907 39.0813 33.9871 27.9991 21.0569 13.1831 4.5202 83.9904 82.3418 80.9506 79.785 78.7999 77.9448 77.1713 76.4372 75.7086 74.9604 74.1759 73.3453 72.4646 71.5337 70.5553 69.5337 68.4736 67.3798 66.2558 65.1035 63.9219 62.7062 61.446 60.1235 58.7109 57.1675 55.4364 53.4419 51.0867 48.2524 44.8022 40.5894 35.4722 29.3373 22.1303 13.8925 4.79547 78.4765 76.8524 75.5476 74.4952 73.6271 72.8811 72.205 71.5587 70.9133 70.2508 69.5615 68.8422 68.0943 67.3223 66.5323 65.7308 64.9241 64.1174 63.314 62.5145 61.7155 60.9083 60.0772 59.1968 58.2296 57.1229 55.8053 54.1845 52.1454 49.5514 46.2495 42.0802 36.8957 30.585 23.1065 14.5239 5.03911 72.3172 70.862 69.7465 68.8769 68.172 67.5663 67.0114 66.4744 65.9355 65.3852 64.8217 64.248 63.6707 63.0975 62.5369 61.9967 61.4835 61.002 60.5541 60.1378 59.746 59.3652 58.9729 58.5351 58.0039 57.3137 56.379 55.0915 53.3203 50.9136 47.7062 43.5315 38.2412 31.733 23.9823 15.0779 5.25157 65.5307 64.3926 63.565 62.9413 62.4399 62.0031 61.5937 61.1911 60.7869 60.3813 59.98 59.5918 59.2269 58.8954 58.6069 58.3693 58.1885 58.0676 58.0058 57.9977 58.0317 58.0881 58.1366 58.1343 58.0218 57.7213 57.133 56.1346 54.5812 52.3095 49.1462 44.9224 39.495 32.7744 24.7566 15.5565 5.43391 58.1881 57.501 57.0429 56.714 56.448 56.2054 55.967 55.7278 55.4921 55.2695 55.0721 54.9132 54.8051 54.7592 54.7849 54.8891 55.076 55.346 55.6951 56.1134 56.584 57.0801 57.5635 57.9814 58.2633 58.3192 58.0367 57.2806 55.8951 53.7085 50.5439 46.2344 40.6459 33.7053 25.4308 15.9631 5.58774 50.4212 50.2818 50.2446 50.2394 50.23 50.2038 50.1636 50.1214 50.093 50.0961 50.1478 50.2636 50.457 50.7388 51.1174 51.5977 52.1813 52.8655 53.6422 54.4967 55.4057 56.3354 57.2391 58.0542 58.6997 59.0741 59.0535 58.4927 57.2272 55.0806 51.8756 47.4514 41.686 34.5245 26.0082 16.3024 5.71514 42.4234 42.8681 43.2625 43.5861 43.8434 44.0531 44.2402 44.4316 44.6528 44.9266 45.2726 45.7071 46.2429 46.8894 47.6529 48.5358 49.5366 50.6489 51.8602 53.1503 54.4899 55.8379 57.139 58.3215 59.2944 59.946 60.143 59.7318 58.5425 56.3967 53.1202 48.5605 42.6102 35.2335 26.4942 16.58 5.81857 34.4427 35.43 36.2203 36.8537 37.3778 37.8403 38.2844 38.7472 39.2597 39.847 40.5285 41.3195 42.2309 43.2699 44.4402 45.7414 47.1685 48.7113 50.3528 52.0675 53.8198 55.5616 57.2297 58.7438 60.0041 60.8903 61.2614 60.9579 59.8066 57.63 54.2591 49.5521 43.4166 35.8362 26.8954 16.8024 5.90072 26.7631 28.1693 29.2761 30.1799 30.9628 31.6918 32.4199 33.1884 34.0286 34.9643 36.0129 37.1869 38.4947 39.9409 41.5264 43.2477 45.0968 47.0594 49.1144 51.2311 53.3682 55.471 57.4691 59.2748 60.7806 61.8593 62.364 62.1312 60.9871 58.7566 55.2777 50.4198 44.1062 36.3383 27.2199 16.9764 5.96446 19.6772 21.3116 22.6249 23.7465 24.7732 25.7765 26.8085 27.9069 29.0989 30.4037 31.8351 33.4023 35.1105 36.9617 38.9541 41.0815 43.333 45.6909 48.1299 50.615 53.0995 55.5231 57.8092 59.8636 61.5729 62.8041 63.4065 63.2144 62.0545 59.7559 56.1643 51.1604 44.6821 36.7472 27.4763 17.1091 6.01262 13.4525 15.0958 16.4962 17.7783 19.0277 20.3032 21.6449 23.0804 24.6287 26.3029 28.1119 30.0611 32.1532 34.3875 36.76 39.2623 41.8808 44.595 47.3762 50.1855 52.9719 55.6701 58.1985 60.4577 62.3296 63.6773 64.3471 64.173 62.9831 60.6112 56.9106 51.773 45.149 37.071 27.6732 17.2073 6.04792 8.3025 9.76048 11.1448 12.5343 13.9785 15.5089 17.1454 18.9013 20.7852 22.8033 24.9595 27.2559 29.6926 32.2671 34.9737 37.802 40.7366 43.7547 46.8249 49.9051 52.9408 55.8629 58.5858 61.0062 63.0024 64.4349 65.1485 64.9771 63.7513 61.3092 57.5114 52.2586 45.5127 37.3177 27.819 17.2773 6.07286 4.36983 5.52857 6.83228 8.2861 9.8889 11.6375 13.5287 15.5601 17.7305 20.0391 22.4859 25.07 27.7896 30.641 33.6171 36.7065 39.8922 43.1498 46.4458 49.7359 52.963 56.0551 58.9237 61.4629 63.5485 65.0391 65.7789 65.6023 64.3421 61.8403 57.9634 52.6196 45.7792 37.4951 27.9212 17.3246 6.08957 1.72919 2.58989 3.79914 5.28658 7.0023 8.91162 10.9911 13.2256 15.6056 18.1254 20.7817 23.5718 26.4928 29.5398 32.7053 35.9771 39.3371 42.76 46.2111 49.6444 53.0011 56.2074 59.173 61.79 63.933 65.4595 66.2134 66.0297 64.7428 62.1978 58.2652 52.8584 45.9535 37.6095 27.9857 17.3536 6.09975 0.406851 1.08361 2.23154 3.73269 5.50737 7.5022 9.68205 12.0244 14.5153 17.1463 19.9124 22.81 25.8357 28.9841 32.2473 35.6129 39.0623 42.5696 46.0995 49.6054 53.0275 56.2911 59.305 61.9606 64.1316 65.6751 66.4349 66.2465 64.9452 62.3776 58.4162 52.9772 46.0396 37.6655 28.0169 17.3674 6.10453 0.406851 1.08361 2.23154 3.73269 5.50737 7.5022 9.68205 12.0244 14.5153 17.1463 19.9124 22.81 25.8357 28.9841 32.2473 35.6129 39.0623 42.5696 46.0995 49.6054 53.0275 56.2911 59.305 61.9606 64.1316 65.6751 66.4349 66.2465 64.9452 62.3776 58.4162 52.9772 46.0396 37.6655 28.0169 17.3674 6.10453 1.72919 2.58989 3.79914 5.28658 7.0023 8.91162 10.9911 13.2256 15.6056 18.1254 20.7817 23.5718 26.4928 29.5398 32.7053 35.9771 39.3371 42.76 46.2111 49.6444 53.0011 56.2074 59.173 61.79 63.933 65.4595 66.2134 66.0297 64.7428 62.1978 58.2652 52.8584 45.9535 37.6095 27.9857 17.3536 6.09975 4.36983 5.52857 6.83228 8.2861 9.8889 11.6375 13.5287 15.5601 17.7305 20.0391 22.4859 25.07 27.7896 30.641 33.6171 36.7065 39.8922 43.1498 46.4458 49.7359 52.963 56.0551 58.9237 61.4629 63.5485 65.0391 65.7789 65.6023 64.3421 61.8403 57.9634 52.6196 45.7792 37.4951 27.9212 17.3246 6.08957 8.3025 9.76048 11.1448 12.5343 13.9785 15.5089 17.1454 18.9013 20.7852 22.8033 24.9595 27.2559 29.6926 32.2671 34.9737 37.802 40.7366 43.7547 46.8249 49.9051 52.9408 55.8629 58.5858 61.0062 63.0024 64.4349 65.1485 64.9771 63.7513 61.3092 57.5114 52.2586 45.5127 37.3177 27.819 17.2773 6.07286 13.4525 15.0958 16.4962 17.7783 19.0277 20.3032 21.6449 23.0804 24.6287 26.3029 28.1119 30.0611 32.1532 34.3875 36.76 39.2623 41.8808 44.595 47.3762 50.1855 52.9719 55.6701 58.1985 60.4577 62.3296 63.6773 64.3471 64.173 62.9831 60.6112 56.9106 51.773 45.149 37.071 27.6732 17.2073 6.04792 19.6772 21.3116 22.6249 23.7465 24.7732 25.7765 26.8085 27.9069 29.0989 30.4037 31.8351 33.4023 35.1105 36.9617 38.9541 41.0815 43.333 45.6909 48.1299 50.615 53.0995 55.5231 57.8092 59.8636 61.5729 62.8041 63.4065 63.2144 62.0545 59.7559 56.1643 51.1604 44.6821 36.7472 27.4763 17.1091 6.01262 26.7631 28.1693 29.2761 30.1799 30.9628 31.6918 32.4199 33.1884 34.0286 34.9643 36.0129 37.1869 38.4947 39.9409 41.5264 43.2477 45.0968 47.0594 49.1144 51.2311 53.3682 55.471 57.4691 59.2748 60.7806 61.8593 62.364 62.1312 60.9871 58.7566 55.2777 50.4198 44.1062 36.3383 27.2199 16.9764 5.96446 34.4427 35.43 36.2203 36.8537 37.3778 37.8403 38.2844 38.7472 39.2597 39.847 40.5285 41.3195 42.2309 43.2699 44.4402 45.7414 47.1685 48.7113 50.3528 52.0675 53.8198 55.5616 57.2297 58.7438 60.0041 60.8903 61.2614 60.9579 59.8066 57.63 54.2591 49.5521 43.4166 35.8362 26.8954 16.8024 5.90072 42.4234 42.8681 43.2625 43.5861 43.8434 44.0531 44.2402 44.4316 44.6528 44.9266 45.2726 45.7071 46.2429 46.8894 47.6529 48.5358 49.5366 50.6489 51.8602 53.1503 54.4899 55.8379 57.139 58.3215 59.2944 59.946 60.143 59.7318 58.5425 56.3967 53.1202 48.5605 42.6102 35.2335 26.4942 16.58 5.81857 50.4212 50.2818 50.2446 50.2394 50.23 50.2038 50.1636 50.1214 50.093 50.0961 50.1478 50.2636 50.457 50.7388 51.1174 51.5977 52.1813 52.8655 53.6422 54.4967 55.4057 56.3354 57.2391 58.0542 58.6997 59.0741 59.0535 58.4927 57.2272 55.0806 51.8756 47.4514 41.686 34.5245 26.0082 16.3024 5.71514 58.1881 57.501 57.0429 56.714 56.448 56.2054 55.967 55.7278 55.4921 55.2695 55.0721 54.9132 54.8051 54.7592 54.7849 54.8891 55.076 55.346 55.6951 56.1134 56.584 57.0801 57.5635 57.9814 58.2633 58.3192 58.0367 57.2806 55.8951 53.7085 50.5439 46.2344 40.6459 33.7053 25.4308 15.9631 5.58774 65.5307 64.3926 63.565 62.9413 62.4399 62.0031 61.5937 61.1911 60.7869 60.3813 59.98 59.5918 59.2269 58.8954 58.6069 58.3693 58.1885 58.0676 58.0058 57.9977 58.0317 58.0881 58.1366 58.1343 58.0218 57.7213 57.133 56.1346 54.5812 52.3095 49.1462 44.9224 39.495 32.7744 24.7566 15.5565 5.43391 72.3172 70.862 69.7465 68.8769 68.172 67.5663 67.0114 66.4744 65.9355 65.3852 64.8217 64.248 63.6707 63.0975 62.5369 61.9967 61.4835 61.002 60.5541 60.1378 59.746 59.3652 58.9729 58.5351 58.0039 57.3137 56.379 55.0915 53.3203 50.9136 47.7062 43.5315 38.2412 31.733 23.9823 15.0779 5.25157 78.4765 76.8524 75.5476 74.4952 73.6271 72.8811 72.205 71.5587 70.9133 70.2508 69.5615 68.8422 68.0943 67.3223 66.5323 65.7308 64.9241 64.1174 63.314 62.5145 61.7155 60.9083 60.0772 59.1968 58.2296 57.1229 55.8053 54.1845 52.1454 49.5514 46.2495 42.0802 36.8957 30.585 23.1065 14.5239 5.03911 83.9904 82.3418 80.9506 79.785 78.7999 77.9448 77.1713 76.4372 75.7086 74.9604 74.1759 73.3453 72.4646 71.5337 70.5553 69.5337 68.4736 67.3798 66.2558 65.1035 63.9219 62.7062 61.446 60.1235 58.7109 57.1675 55.4364 53.4419 51.0867 48.2524 44.8022 40.5894 35.4722 29.3373 22.1303 13.8925 4.79547 88.8846 87.3382 85.9571 84.7479 83.6934 82.7616 81.914 81.1114 80.3183 79.5055 78.6504 77.7373 76.7562 75.7021 74.5734 73.3711 72.0975 70.7554 69.3478 67.8765 66.3418 64.7411 63.0684 61.3117 59.4517 57.4588 55.2902 52.8869 50.1709 47.0443 43.3907 39.0813 33.9871 27.9991 21.0569 13.1831 4.5202 93.2187 91.8748 90.5854 89.3953 88.317 87.3404 86.441 85.587 84.745 83.8842 82.9779 82.0053 80.951 79.8046 78.5596 77.213 75.7635 74.2116 72.558 70.8035 68.9483 66.9908 64.9274 62.7508 60.4485 58.0006 55.3776 52.5368 49.4202 45.9523 42.0405 37.5791 32.4586 26.5825 19.8918 12.397 4.21349 97.0775 96.0041 94.8678 93.7477 92.6852 91.6929 90.7625 89.8724 88.9945 88.0986 87.1561 86.1423 85.0367 83.8237 82.492 81.0336 79.4433 77.7179 75.8553 73.854 71.7126 69.4294 67.0017 64.425 61.6918 58.7906 55.7033 52.4031 48.8519 44.9978 40.7751 36.1058 30.9065 25.1016 18.6429 11.5368 3.87621 100.563 99.7931 98.8466 97.8322 96.8164 95.8329 94.8897 93.9772 93.0742 92.1534 91.1861 90.1449 89.0053 87.7469 86.3533 84.8116 83.112 81.2469 79.2104 76.9979 74.6055 72.0296 69.267 66.3142 63.1673 59.8207 56.2663 52.4917 48.4781 44.1984 39.6157 34.6838 29.3517 23.573 17.3205 10.6069 3.50987 103.789 103.317 102.571 101.681 100.732 99.7753 98.8344 97.9111 96.992 96.0545 95.0709 94.0128 92.8525 91.5656 90.1306 88.5299 86.7485 84.7742 82.5967 80.2072 77.5982 74.7632 71.6971 68.3957 64.8564 61.0779 57.06 52.8029 48.3062 43.5673 38.58 33.3336 27.8154 22.0152 15.9376 9.61377 3.1167 106.872 106.654 106.093 105.327 104.454 103.536 102.608 101.683 100.756 99.8079 98.8148 97.7475 96.5766 95.2742 93.8145 92.1749 90.3355 88.279 85.9902 83.4556 80.6632 77.6026 74.2652 70.6448 66.7381 62.546 58.074 53.3328 48.3387 43.1133 37.6819 32.0731 26.3175 20.449 14.511 8.56694 2.69954 109.916 109.873 109.46 108.805 108.005 107.13 106.222 105.303 104.373 103.42 102.422 101.352 100.178 98.8697 97.3983 95.7363 93.859 91.7438 89.3703 86.7198 83.7753 80.5213 76.9448 73.036 68.7894 64.2057 59.2939 54.073 48.5739 42.8409 36.9318 30.9166 24.8755 18.8947 13.0641 7.48113 2.26485 112.998 113.026 112.71 112.14 111.404 110.571 109.687 108.777 107.85 106.896 105.898 104.828 103.657 102.351 100.878 99.2067 97.308 95.154 92.7191 89.979 86.911 83.4943 79.7102 75.544 70.9864 66.0362 60.7032 55.0122 49.0064 42.7512 36.3361 29.875 23.5029 17.3684 11.6211 6.39612 1.81685 116.107 116.124 115.861 115.352 114.667 113.871 113.01 112.114 111.192 110.241 109.246 108.181 107.016 105.717 104.251 102.581 100.674 98.498 96.0217 93.2152 90.0499 86.4988 82.5371 78.1441 73.3052 68.0152 62.2829 56.136 49.6276 42.8417 35.8983 28.9562 22.2097 15.8795 10.1926 5.35207 1.49644 119.836 119.754 119.401 118.837 118.123 117.315 116.447 115.543 114.608 113.636 112.61 111.506 110.293 108.936 107.401 105.65 103.648 101.36 98.7503 95.7863 92.4351 88.6655 84.4492 79.7621 74.5874 68.9198 62.7707 56.1745 49.197 41.9425 34.5613 27.2533 20.2654 13.8805 8.39269 4.0708 1.10744 124.361 124.057 123.465 122.731 121.915 121.049 120.148 119.216 118.246 117.224 116.128 114.931 113.602 112.106 110.409 108.475 106.268 103.751 100.89 97.6478 93.9912 89.8872 85.3067 80.2261 74.6312 68.5217 61.9178 54.8674 47.4555 39.8122 32.1206 24.6196 17.6004 11.3901 6.32199 2.68785 0.662511 128.939 128.342 127.565 126.711 125.819 124.902 123.961 122.985 121.96 120.866 119.676 118.364 116.898 115.245 113.369 111.236 108.808 106.05 102.923 99.3908 95.4183 90.9716 86.0213 80.5451 74.532 67.9878 60.9423 53.4575 45.6377 37.638 29.6724 22.0155 14.9965 8.97841 4.32094 1.31985 0.130576 133.605 132.688 131.736 130.777 129.816 128.846 127.852 126.815 125.714 124.525 123.222 121.776 120.156 118.328 116.259 113.912 111.252 108.239 104.837 101.006 96.7113 91.9174 86.5958 80.7261 74.3014 67.334 59.864 51.9678 43.7688 35.4462 27.2425 19.4644 12.4735 6.66156 2.40702 0.0112847 -0.366391 138.291 137.08 135.965 134.907 133.876 132.843 131.781 130.665 129.469 128.167 126.731 125.134 123.343 121.328 119.053 116.483 113.58 110.306 106.621 102.488 97.8676 92.7265 87.0366 80.78 73.9544 66.5795 58.7058 50.4242 41.8765 33.2648 24.858 16.9909 10.0528 4.45877 0.602464 -1.20873 -0.828112 142.902 141.461 140.208 139.059 137.954 136.848 135.704 134.491 133.181 131.748 130.165 128.402 126.43 124.216 121.727 118.926 115.776 112.236 108.268 103.831 98.887 93.4032 87.3527 80.7207 73.5096 65.7469 57.4937 48.855 39.9906 31.1236 22.5468 14.6201 7.75607 2.38895 -1.07618 -2.33227 -1.25128 147.346 145.755 144.403 143.175 141.995 140.806 139.565 138.241 136.803 135.226 133.482 131.544 129.382 126.965 124.257 121.222 117.823 114.018 109.768 105.032 99.7718 93.955 87.5565 80.565 72.9882 64.8612 56.2558 47.2906 38.142 29.0528 20.3373 12.377 5.6043 0.468398 -2.61869 -3.35529 -1.63527 151.539 149.888 148.479 147.19 145.936 144.656 143.309 141.86 140.284 138.553 136.641 134.522 132.167 129.543 126.617 123.35 119.706 115.642 111.117 106.091 100.527 94.3918 87.663 80.3326 72.414 63.9499 55.0221 45.7623 36.3624 27.0831 18.2574 10.2856 3.61648 -1.28969 -4.01804 -4.27581 -1.97976 155.407 153.782 152.363 151.03 149.705 148.331 146.869 145.29 143.568 141.678 139.596 137.296 134.749 131.923 128.783 125.292 121.411 117.098 112.312 107.012 101.16 94.7259 87.6891 80.0451 71.8126 63.0416 53.8236 44.3022 34.6836 25.2442 16.3337 8.36823 1.80946 -2.87453 -5.26925 -5.09287 -2.28468 158.89 157.368 155.976 154.618 153.228 151.759 150.182 148.47 146.601 144.553 142.304 139.828 137.095 134.075 130.733 127.03 122.926 118.381 113.351 107.796 101.679 94.9714 87.6537 79.7254 71.2104 62.1655 52.6911 42.9418 33.1362 23.5647 14.5913 6.64509 0.197857 -4.27739 -6.36876 -5.80617 -2.55022 161.939 160.578 159.246 157.878 156.429 154.869 153.178 151.337 149.327 147.129 144.721 142.079 139.174 135.975 132.446 128.548 124.242 119.485 114.235 108.45 102.096 95.1434 87.5761 79.3967 70.6337 61.3503 51.6548 41.7112 31.7493 22.0713 13.053 5.13421 -1.20578 -5.49119 -7.31405 -6.41589 -2.77668 164.519 163.354 162.101 160.733 159.233 157.591 155.794 153.833 151.693 149.357 146.806 144.015 140.956 137.597 133.903 129.834 125.349 120.407 114.965 108.981 102.421 95.2572 87.4756 79.0817 70.108 60.6233 50.7426 40.6383 30.5493 20.7878 11.739 3.85115 -2.39095 -6.5103 -8.10338 -6.92251 -2.96447 166.604 165.642 164.474 163.113 161.573 159.858 157.969 155.904 153.651 151.197 148.523 145.605 142.416 138.922 135.088 130.876 126.242 121.146 115.544 109.395 102.665 95.3276 87.3703 78.8012 69.6563 60.009 49.9799 39.748 29.5597 19.7349 10.6666 2.80898 -3.34907 -7.33036 -8.73568 -7.32667 -3.11404 168.178 167.4 166.308 164.958 163.386 161.613 159.651 157.502 155.159 152.611 149.84 146.822 143.53 139.931 135.989 131.665 126.916 121.7 115.975 109.699 102.838 95.3676 87.276 78.5735 69.2987 59.5286 49.388 39.0611 28.7997 18.9298 9.84967 2.01816 -4.07343 -7.94809 -9.21027 -7.62903 -3.22579 169.231 168.591 167.559 166.217 164.623 162.81 160.797 158.589 156.184 153.571 150.732 147.646 144.283 140.612 136.595 132.194 127.367 122.07 116.26 109.898 102.949 95.3879 87.2056 78.4132 69.0511 59.1986 48.9837 38.5938 28.2845 18.3856 9.29907 1.48657 -4.55905 -8.36114 -9.52681 -7.83023 -3.30007 169.758 169.193 168.192 166.856 165.251 163.417 161.377 159.139 156.702 154.056 151.183 148.061 144.662 140.954 136.9 132.46 127.593 122.254 116.402 109.996 103.002 95.3961 87.1681 78.3304 68.9245 59.0307 48.7787 38.3573 28.0243 18.1112 9.02196 1.21946 -4.80267 -8.56803 -9.68511 -7.93071 -3.33714 169.758 169.193 168.192 166.856 165.251 163.417 161.377 159.139 156.702 154.056 151.183 148.061 144.662 140.954 136.9 132.46 127.593 122.254 116.402 109.996 103.002 95.3961 87.1681 78.3304 68.9245 59.0307 48.7787 38.3573 28.0243 18.1112 9.02196 1.21946 -4.80267 -8.56803 -9.68511 -7.93071 -3.33714 169.231 168.591 167.559 166.217 164.623 162.81 160.797 158.589 156.184 153.571 150.732 147.646 144.283 140.612 136.595 132.194 127.367 122.07 116.26 109.898 102.949 95.3879 87.2056 78.4132 69.0511 59.1986 48.9837 38.5938 28.2845 18.3856 9.29907 1.48657 -4.55905 -8.36114 -9.52681 -7.83023 -3.30007 168.178 167.4 166.308 164.958 163.386 161.613 159.651 157.502 155.159 152.611 149.84 146.822 143.53 139.931 135.989 131.665 126.916 121.7 115.975 109.699 102.838 95.3676 87.276 78.5735 69.2987 59.5286 49.388 39.0611 28.7997 18.9298 9.84967 2.01816 -4.07343 -7.94809 -9.21027 -7.62903 -3.22579 166.604 165.642 164.474 163.113 161.573 159.858 157.969 155.904 153.651 151.197 148.523 145.605 142.416 138.922 135.088 130.876 126.242 121.146 115.544 109.395 102.665 95.3276 87.3703 78.8012 69.6563 60.009 49.9799 39.748 29.5597 19.7349 10.6666 2.80898 -3.34907 -7.33036 -8.73568 -7.32667 -3.11404 164.519 163.354 162.101 160.733 159.233 157.591 155.794 153.833 151.693 149.357 146.806 144.015 140.956 137.597 133.903 129.834 125.349 120.407 114.965 108.981 102.421 95.2572 87.4756 79.0817 70.108 60.6233 50.7426 40.6383 30.5493 20.7878 11.739 3.85115 -2.39095 -6.5103 -8.10338 -6.92251 -2.96447 161.939 160.578 159.246 157.878 156.429 154.869 153.178 151.337 149.327 147.129 144.721 142.079 139.174 135.975 132.446 128.548 124.242 119.485 114.235 108.45 102.096 95.1434 87.5761 79.3967 70.6337 61.3503 51.6548 41.7112 31.7493 22.0713 13.053 5.13421 -1.20578 -5.49119 -7.31405 -6.41589 -2.77668 158.89 157.368 155.976 154.618 153.228 151.759 150.182 148.47 146.601 144.553 142.304 139.828 137.095 134.075 130.733 127.03 122.926 118.381 113.351 107.796 101.679 94.9714 87.6537 79.7254 71.2104 62.1655 52.6911 42.9418 33.1362 23.5647 14.5913 6.64509 0.197857 -4.27739 -6.36876 -5.80617 -2.55022 155.407 153.782 152.363 151.03 149.705 148.331 146.869 145.29 143.568 141.678 139.596 137.296 134.749 131.923 128.783 125.292 121.411 117.098 112.312 107.012 101.16 94.7259 87.6891 80.0451 71.8126 63.0416 53.8236 44.3022 34.6836 25.2442 16.3337 8.36823 1.80946 -2.87453 -5.26925 -5.09287 -2.28468 151.539 149.888 148.479 147.19 145.936 144.656 143.309 141.86 140.284 138.553 136.641 134.522 132.167 129.543 126.617 123.35 119.706 115.642 111.117 106.091 100.527 94.3918 87.663 80.3326 72.414 63.9499 55.0221 45.7623 36.3624 27.0831 18.2574 10.2856 3.61648 -1.28969 -4.01804 -4.27581 -1.97976 147.346 145.755 144.403 143.175 141.995 140.806 139.565 138.241 136.803 135.226 133.482 131.544 129.382 126.965 124.257 121.222 117.823 114.018 109.768 105.032 99.7718 93.955 87.5566 80.565 72.9882 64.8612 56.2558 47.2906 38.142 29.0528 20.3373 12.377 5.60431 0.468398 -2.61869 -3.35529 -1.63527 142.902 141.461 140.208 139.059 137.954 136.848 135.704 134.491 133.181 131.748 130.165 128.402 126.43 124.216 121.727 118.926 115.776 112.236 108.268 103.831 98.887 93.4032 87.3527 80.7207 73.5096 65.7469 57.4937 48.855 39.9906 31.1236 22.5468 14.6201 7.75607 2.38895 -1.07618 -2.33227 -1.25128 138.291 137.08 135.965 134.907 133.876 132.843 131.781 130.665 129.469 128.167 126.731 125.134 123.343 121.328 119.053 116.483 113.58 110.306 106.621 102.488 97.8676 92.7265 87.0366 80.78 73.9544 66.5795 58.7058 50.4242 41.8765 33.2648 24.858 16.9909 10.0528 4.45877 0.602465 -1.20873 -0.828111 133.605 132.688 131.736 130.777 129.816 128.846 127.852 126.815 125.714 124.525 123.222 121.776 120.156 118.328 116.259 113.912 111.252 108.239 104.837 101.006 96.7113 91.9174 86.5958 80.7261 74.3014 67.334 59.864 51.9678 43.7688 35.4462 27.2425 19.4644 12.4735 6.66156 2.40702 0.0112842 -0.366391 128.939 128.342 127.565 126.711 125.819 124.902 123.961 122.985 121.96 120.866 119.676 118.364 116.898 115.245 113.369 111.236 108.808 106.05 102.923 99.3908 95.4183 90.9716 86.0213 80.5451 74.532 67.9878 60.9423 53.4575 45.6377 37.638 29.6724 22.0155 14.9965 8.97841 4.32094 1.31985 0.130576 124.361 124.057 123.465 122.731 121.915 121.049 120.148 119.216 118.246 117.224 116.128 114.931 113.602 112.106 110.409 108.475 106.268 103.751 100.89 97.6478 93.9912 89.8872 85.3067 80.2261 74.6312 68.5217 61.9178 54.8674 47.4555 39.8122 32.1206 24.6196 17.6004 11.3901 6.32199 2.68785 0.662511 119.836 119.754 119.401 118.837 118.123 117.315 116.447 115.543 114.608 113.636 112.61 111.506 110.293 108.936 107.401 105.65 103.648 101.36 98.7503 95.7863 92.4351 88.6655 84.4492 79.7621 74.5874 68.9198 62.7707 56.1745 49.197 41.9425 34.5613 27.2533 20.2654 13.8805 8.39269 4.0708 1.10744 
Sigma_phiphi 1 5920 float
53.8221 55.1682 57.1178 59.247 61.2807 63.0502 64.467 65.5018 66.1684 66.5097 66.5868 66.47 66.2319 65.9416 65.6612 65.4438 65.3323 65.3595 65.5487 65.9145 66.4637 67.1957 68.1029 69.17 70.3731 71.6779 73.0372 74.3883 75.6501 76.7212 77.4788 77.7822 77.4797 76.4229 74.4893 71.6154 67.7758 57.5135 59.2645 61.3896 63.5366 65.4865 67.115 68.3671 69.2391 69.763 69.9946 70.0028 69.8617 69.6441 69.4168 69.2384 69.1572 69.2117 69.4309 69.835 70.4375 71.2455 72.2609 73.4808 74.8977 76.4989 78.2657 80.1721 82.1835 84.2551 86.3315 88.3463 90.2242 91.8846 93.2485 94.2472 94.8249 94.906 61.6351 63.7268 65.9685 68.0853 69.9149 71.3762 72.4475 73.1496 73.5322 73.6627 73.6164 73.4693 73.2927 73.1501 73.0949 73.1705 73.4105 73.84 74.477 75.3339 76.4192 77.738 79.2934 81.0866 83.1173 85.3836 87.8815 90.6049 93.5452 96.6909 100.028 103.54 107.206 111.001 114.89 118.813 122.701 66.2253 68.5731 70.8624 72.8947 74.5638 75.831 76.7065 77.235 77.4823 77.5253 77.4434 77.3125 77.2008 77.1665 77.2573 77.5109 77.956 78.6142 79.5015 80.6304 82.0112 83.6534 85.5671 87.7632 90.2549 93.0579 96.1909 99.6762 103.54 107.813 112.527 117.717 123.41 129.621 136.332 143.484 150.964 71.3155 73.8162 76.0735 77.9612 79.4271 80.4737 81.142 81.4982 81.6218 81.5965 81.503 81.4146 81.3942 81.4936 81.754 82.2069 82.8763 83.7808 84.9352 86.3527 88.0466 90.0318 92.326 94.9513 97.935 101.311 105.121 109.415 114.252 119.701 125.835 132.73 140.45 149.037 158.48 168.7 179.518 76.9256 79.4606 81.5964 83.2744 84.4941 85.2969 85.752 85.944 85.9624 85.8941 85.818 85.8018 85.9014 86.1608 86.6141 87.2869 88.1989 89.3661 90.803 92.5246 94.5481 96.8947 99.5911 102.671 106.176 110.16 114.685 119.83 125.683 132.347 139.929 148.538 158.265 169.162 181.215 194.309 208.186 83.0608 85.4981 87.4152 88.8164 89.7495 90.2916 90.5357 90.58 90.5196 90.4399 90.4144 90.5029 90.7522 91.198 91.8667 92.7784 93.9492 95.3936 97.1266 99.166 101.534 104.259 107.378 110.935 114.99 119.613 124.888 130.919 137.822 145.727 154.771 165.084 176.772 189.89 204.403 220.148 236.791 89.7063 91.9038 93.5011 94.5607 95.1739 95.448 95.4939 95.4172 95.3123 95.2589 95.321 95.5481 95.9769 96.6338 97.5384 98.7056 100.149 101.882 103.922 106.291 109.016 112.135 115.693 119.75 124.379 129.667 135.722 142.667 150.643 159.803 170.303 182.289 195.872 211.094 227.892 246.049 265.153 96.8215 98.6316 99.81 100.471 100.744 100.757 100.631 100.47 100.363 100.379 100.568 100.967 101.603 102.494 103.651 105.087 106.813 108.843 111.199 113.905 116.998 120.522 124.535 129.109 134.331 140.307 147.162 155.04 164.099 174.512 186.447 200.055 215.441 232.629 251.517 271.832 293.089 104.333 105.61 106.281 106.504 106.434 106.211 105.953 105.757 105.698 105.827 106.182 106.786 107.654 108.796 110.219 111.931 113.946 116.278 118.953 122.003 125.469 129.407 133.886 138.99 144.82 151.499 159.166 167.984 178.125 189.772 203.1 218.258 235.338 254.333 275.101 297.313 320.416 112.126 112.739 112.837 112.608 112.218 111.804 111.471 111.298 111.34 111.63 112.188 113.024 114.143 115.548 117.244 119.236 121.54 124.174 127.168 130.561 134.404 138.761 143.712 149.353 155.799 163.187 171.67 181.421 192.626 205.473 220.135 236.753 255.395 276.025 298.454 322.3 346.953 120.039 119.889 119.386 118.727 118.071 117.533 117.196 117.113 117.311 117.806 118.598 119.688 121.07 122.743 124.711 126.98 129.568 132.499 135.808 139.541 143.758 148.533 153.956 160.136 167.198 175.291 184.581 195.249 207.486 221.48 237.399 255.367 275.427 297.508 321.375 346.598 372.517 127.861 126.903 125.825 124.804 123.967 123.397 123.139 123.213 123.622 124.358 125.409 126.764 128.413 130.352 132.584 135.121 137.982 141.199 144.813 148.878 153.462 158.649 164.539 171.25 178.92 187.706 197.781 209.333 222.554 237.628 254.712 273.907 295.231 318.572 343.657 370.009 396.932 135.331 133.606 132.047 130.782 129.886 129.391 129.3 129.599 130.264 131.27 132.593 134.215 136.124 138.317 140.799 143.587 146.706 150.192 154.096 158.479 163.418 169.005 175.349 182.577 190.837 200.291 211.119 223.511 237.654 253.726 271.868 292.158 314.583 338.998 365.086 392.337 420.023 142.156 139.814 137.948 136.61 135.804 135.503 135.667 136.249 137.205 138.496 140.091 141.971 144.124 146.551 149.261 152.277 155.631 159.367 163.541 168.224 173.499 179.467 186.245 193.969 202.79 212.878 224.415 237.587 252.58 269.556 288.64 309.887 333.252 358.555 385.447 413.386 441.624 148.036 145.351 143.436 142.24 141.689 141.701 142.197 143.107 144.373 145.949 147.805 149.922 152.294 154.927 157.838 161.055 164.618 168.578 172.999 177.957 183.545 189.87 197.056 205.243 214.59 225.267 237.456 251.341 267.099 284.878 304.784 326.846 350.992 377.011 404.525 432.967 461.574 152.703 150.078 148.435 147.621 147.492 147.924 148.813 150.076 151.653 153.5 155.591 157.915 160.474 163.28 166.36 169.747 173.49 177.645 182.285 187.492 193.365 200.016 207.576 216.189 226.016 237.228 250.006 264.527 280.958 299.434 320.039 342.781 367.559 394.136 422.11 450.896 479.723 155.973 153.906 152.891 152.697 153.139 154.072 155.388 157.007 158.878 160.968 163.26 165.755 168.464 171.408 174.621 178.147 182.038 186.36 191.188 196.613 202.739 209.682 217.576 226.57 236.825 248.512 261.807 276.881 293.89 312.955 334.141 357.433 382.708 409.704 438.002 467.002 495.933 157.801 156.818 156.768 157.396 158.515 159.994 161.742 163.7 165.833 168.127 170.581 173.207 176.027 179.074 182.388 186.019 190.028 194.486 199.473 205.084 211.426 218.622 226.808 236.133 246.758 258.853 272.59 288.132 305.625 325.173 346.827 370.552 396.203 423.502 452.012 481.128 510.077 158.319 158.872 160.043 161.621 163.466 165.492 167.647 169.906 172.259 174.714 177.289 180.007 182.904 186.021 189.405 193.113 197.212 201.775 206.889 212.653 219.177 226.584 235.014 244.616 255.551 267.986 282.087 298.012 315.894 335.828 357.847 381.9 407.826 435.333 463.971 493.131 522.042 157.839 160.197 162.7 165.251 167.8 170.33 172.841 175.348 177.873 180.447 183.103 185.881 188.826 191.985 195.413 199.174 203.336 207.979 213.192 219.075 225.742 233.319 241.944 251.768 262.95 275.655 290.044 306.268 324.452 344.679 366.97 391.262 417.381 445.022 473.729 502.888 531.733 156.817 160.961 164.72 168.149 171.307 174.254 177.048 179.743 182.392 185.046 187.753 190.565 193.534 196.716 200.171 203.964 208.169 212.867 218.151 224.122 230.895 238.598 247.369 257.359 268.726 281.631 296.233 312.676 331.079 351.516 374 398.456 424.702 452.424 481.161 510.298 539.072 155.758 161.344 166.083 170.176 173.782 177.027 180.017 182.838 185.565 188.266 191.001 193.83 196.81 200.002 203.47 207.281 211.512 216.245 221.574 227.602 234.446 242.232 251.101 261.201 272.69 285.727 300.469 317.055 335.6 356.173 378.778 403.337 429.658 457.424 486.17 515.282 543.999 155.102 161.494 166.771 171.222 175.064 178.465 181.554 184.438 187.203 189.925 192.672 195.507 198.491 201.687 205.159 208.979 213.221 217.971 223.322 229.379 236.257 244.085 253.002 263.157 274.707 287.81 302.621 319.278 337.893 358.531 381.196 405.802 432.159 459.943 488.692 517.788 546.472 155.102 161.494 166.771 171.222 175.064 178.465 181.554 184.438 187.203 189.925 192.672 195.507 198.491 201.687 205.159 208.979 213.221 217.971 223.322 229.379 236.257 244.085 253.002 263.157 274.707 287.81 302.621 319.278 337.893 358.531 381.196 405.802 432.159 459.943 488.692 517.788 546.472 155.758 161.344 166.083 170.176 173.782 177.027 180.017 182.838 185.565 188.266 191.001 193.83 196.81 200.002 203.47 207.281 211.512 216.245 221.574 227.602 234.446 242.232 251.101 261.201 272.69 285.727 300.469 317.055 335.6 356.173 378.778 403.337 429.658 457.424 486.17 515.282 543.999 156.817 160.961 164.72 168.149 171.307 174.254 177.048 179.743 182.392 185.046 187.753 190.565 193.534 196.716 200.171 203.964 208.169 212.867 218.151 224.122 230.895 238.598 247.369 257.359 268.726 281.631 296.233 312.676 331.079 351.516 374 398.456 424.702 452.424 481.161 510.298 539.072 157.839 160.197 162.7 165.251 167.8 170.33 172.841 175.348 177.873 180.447 183.103 185.881 188.826 191.985 195.413 199.174 203.336 207.979 213.192 219.075 225.742 233.319 241.944 251.768 262.95 275.655 290.044 306.268 324.452 344.679 366.97 391.262 417.381 445.022 473.729 502.888 531.733 158.319 158.872 160.043 161.621 163.466 165.492 167.647 169.906 172.259 174.714 177.289 180.007 182.904 186.021 189.405 193.113 197.212 201.775 206.889 212.653 219.177 226.584 235.014 244.616 255.551 267.986 282.087 298.012 315.894 335.828 357.847 381.9 407.826 435.333 463.971 493.131 522.042 157.801 156.818 156.768 157.396 158.515 159.994 161.742 163.7 165.833 168.127 170.581 173.207 176.027 179.074 182.388 186.019 190.028 194.486 199.473 205.084 211.426 218.622 226.808 236.133 246.758 258.853 272.59 288.132 305.625 325.173 346.827 370.552 396.203 423.502 452.012 481.128 510.077 155.973 153.906 152.891 152.697 153.139 154.072 155.388 157.007 158.878 160.968 163.26 165.755 168.464 171.408 174.621 178.147 182.038 186.36 191.188 196.613 202.739 209.682 217.576 226.57 236.825 248.512 261.807 276.881 293.89 312.955 334.141 357.433 382.708 409.704 438.002 467.002 495.933 152.703 150.078 148.435 147.621 147.492 147.924 148.813 150.076 151.653 153.5 155.591 157.915 160.474 163.28 166.36 169.747 173.49 177.645 182.285 187.492 193.365 200.016 207.576 216.189 226.016 237.228 250.006 264.527 280.958 299.434 320.039 342.781 367.559 394.136 422.11 450.896 479.723 148.036 145.351 143.436 142.24 141.689 141.701 142.197 143.107 144.373 145.949 147.805 149.922 152.294 154.927 157.838 161.055 164.618 168.578 172.999 177.957 183.545 189.87 197.056 205.243 214.59 225.267 237.456 251.341 267.099 284.878 304.784 326.846 350.992 377.011 404.525 432.967 461.574 142.156 139.814 137.948 136.61 135.804 135.503 135.667 136.249 137.205 138.496 140.091 141.971 144.124 146.551 149.261 152.277 155.631 159.367 163.541 168.224 173.499 179.467 186.245 193.969 202.79 212.878 224.415 237.587 252.58 269.556 288.64 309.887 333.252 358.555 385.447 413.386 441.624 135.331 133.606 132.047 130.782 129.886 129.391 129.3 129.599 130.264 131.27 132.593 134.215 136.124 138.317 140.799 143.587 146.706 150.192 154.096 158.479 163.418 169.005 175.349 182.577 190.837 200.291 211.119 223.511 237.654 253.726 271.868 292.158 314.583 338.998 365.086 392.337 420.023 127.861 126.903 125.825 124.804 123.967 123.397 123.139 123.213 123.622 124.358 125.409 126.764 128.413 130.352 132.584 135.121 137.982 141.199 144.813 148.878 153.462 158.649 164.539 171.25 178.92 187.706 197.781 209.333 222.554 237.628 254.712 273.907 295.231 318.572 343.657 370.009 396.932 120.039 119.889 119.386 118.727 118.071 117.533 117.196 117.113 117.311 117.806 118.598 119.688 121.07 122.743 124.711 126.98 129.568 132.499 135.808 139.541 143.758 148.533 153.956 160.136 167.198 175.291 184.581 195.249 207.486 221.48 237.399 255.367 275.427 297.508 321.375 346.598 372.517 112.126 112.739 112.837 112.608 112.218 111.804 111.471 111.298 111.34 111.63 112.188 113.024 114.143 115.548 117.244 119.236 121.54 124.174 127.168 130.561 134.404 138.761 143.712 149.353 155.799 163.187 171.67 181.421 192.627 205.473 220.135 236.753 255.395 276.025 298.454 322.3 346.953 104.333 105.61 106.281 106.504 106.434 106.211 105.953 105.757 105.698 105.827 106.182 106.786 107.654 108.796 110.219 111.931 113.946 116.278 118.953 122.003 125.469 129.407 133.886 138.99 144.82 151.499 159.166 167.984 178.125 189.772 203.1 218.258 235.338 254.333 275.101 297.313 320.416 96.8215 98.6316 99.81 100.471 100.744 100.757 100.631 100.47 100.363 100.379 100.568 100.967 101.603 102.494 103.651 105.087 106.813 108.843 111.199 113.905 116.998 120.522 124.535 129.109 134.331 140.307 147.162 155.04 164.099 174.512 186.447 200.055 215.441 232.629 251.517 271.832 293.089 89.7063 91.9038 93.5011 94.5607 95.1739 95.448 95.4939 95.4172 95.3123 95.2589 95.321 95.5481 95.9769 96.6338 97.5384 98.7056 100.149 101.882 103.922 106.291 109.016 112.135 115.693 119.75 124.379 129.667 135.722 142.667 150.643 159.803 170.303 182.289 195.872 211.094 227.892 246.049 265.153 83.0608 85.4981 87.4152 88.8164 89.7495 90.2916 90.5357 90.58 90.5196 90.4399 90.4144 90.5029 90.7522 91.198 91.8667 92.7784 93.9492 95.3936 97.1266 99.166 101.534 104.259 107.378 110.935 114.99 119.613 124.888 130.919 137.822 145.727 154.771 165.084 176.772 189.89 204.403 220.148 236.791 76.9256 79.4606 81.5964 83.2744 84.4941 85.2969 85.752 85.944 85.9624 85.8941 85.818 85.8018 85.9014 86.1608 86.6141 87.2869 88.1989 89.3661 90.803 92.5246 94.5481 96.8947 99.5911 102.671 106.176 110.16 114.685 119.83 125.683 132.347 139.929 148.538 158.265 169.162 181.215 194.309 208.186 71.3155 73.8162 76.0735 77.9612 79.4271 80.4737 81.142 81.4982 81.6218 81.5965 81.503 81.4146 81.3942 81.4936 81.754 82.2068 82.8763 83.7808 84.9352 86.3527 88.0466 90.0318 92.326 94.9513 97.935 101.311 105.121 109.415 114.252 119.701 125.835 132.73 140.45 149.037 158.48 168.7 179.518 66.2253 68.5731 70.8624 72.8947 74.5638 75.831 76.7065 77.235 77.4823 77.5253 77.4434 77.3125 77.2008 77.1665 77.2573 77.5109 77.956 78.6142 79.5015 80.6304 82.0112 83.6534 85.5671 87.7632 90.2549 93.0579 96.1909 99.6762 103.54 107.813 112.527 117.717 123.41 129.621 136.332 143.484 150.964 61.6351 63.7268 65.9685 68.0853 69.9149 71.3762 72.4475 73.1496 73.5322 73.6627 73.6164 73.4693 73.2927 73.1501 73.0949 73.1705 73.4105 73.84 74.477 75.3339 76.4192 77.738 79.2934 81.0866 83.1173 85.3836 87.8815 90.6049 93.5452 96.6909 100.028 103.54 107.206 111.001 114.89 118.813 122.701 57.5135 59.2645 61.3896 63.5366 65.4865 67.115 68.3671 69.2391 69.763 69.9946 70.0028 69.8617 69.6441 69.4168 69.2384 69.1572 69.2117 69.4309 69.835 70.4375 71.2455 72.2609 73.4808 74.8977 76.4989 78.2657 80.1721 82.1835 84.2552 86.3315 88.3463 90.2242 91.8846 93.2485 94.2472 94.8249 94.906 53.8221 55.1682 57.1178 59.247 61.2807 63.0502 64.467 65.5018 66.1684 66.5097 66.5868 66.47 66.2319 65.9416 65.6612 65.4438 65.3323 65.3595 65.5487 65.9145 66.4637 67.1957 68.1029 69.17 70.3731 71.6779 73.0372 74.3883 75.6501 76.7212 77.4788 77.7822 77.4797 76.4229 74.4892 71.6154 67.7758 49.8404 51.3771 53.4832 55.6684 57.6878 59.4056 60.7572 61.7279 62.3381 62.6317 62.6675 62.5115 62.2311 61.8907 61.5483 61.2537 61.047 60.9593 61.0117 61.2166 61.5777 62.09 62.7392 63.5009 64.3385 65.2006 66.0172 66.6964 67.1203 67.1426 66.5887 65.261 62.9518 59.4665 54.6599 48.4806 41.0855 45.8161 48.0134 50.3274 52.4682 54.3006 55.7664 56.8524 57.5757 57.9735 58.0963 58.0016 57.7501 57.4008 57.0091 56.624 56.2868 56.0308 55.8801 55.8507 55.9491 56.1735 56.5121 56.9426 57.4301 57.9247 58.3577 58.6377 58.6459 58.232 57.2121 55.3692 52.4612 48.2382 42.4722 35.003 25.8037 15.0806 42.1809 44.8486 47.2286 49.2331 50.8311 52.0275 52.8486 53.3343 53.5329 53.4975 53.283 52.9437 52.5307 52.0908 51.6647 51.2861 50.9813 50.7685 50.6579 50.6508 50.7391 50.9044 51.116 51.3286 51.4788 51.4814 51.224 50.5625 49.3166 47.268 44.1625 39.7203 33.6575 25.7227 15.7519 3.74243 -10.0926 38.9974 41.8887 44.1976 45.9863 47.3093 48.2218 48.7792 49.0367 49.0485 48.8674 48.5438 48.125 47.6545 47.1707 46.7067 46.2889 45.9373 45.6643 45.4745 45.3637 45.3179 45.3118 45.3062 45.2455 45.0533 44.628 43.8376 42.5142 40.4502 37.3963 33.0661 27.1484 19.3332 9.35372 -2.952 -17.5693 -34.238 36.2961 39.1569 41.2569 42.7554 43.7678 44.385 44.6815 44.721 44.5589 44.2448 43.8232 43.3342 42.8131 42.2907 41.7928 41.3393 40.9438 40.6135 40.3474 40.1361 39.9594 39.7853 39.5664 39.2366 38.7072 37.8611 36.5476 34.5771 31.717 27.691 22.1852 14.8628 5.3941 -6.49638 -20.9649 -37.9707 -57.1939 34.0867 36.6766 38.4342 39.5728 40.2438 40.5579 40.5988 40.4319 40.1097 39.676 39.1681 38.6183 38.0543 37.4995 36.9725 36.4872 36.0518 35.6678 35.3293 35.0215 34.7186 34.3817 33.9553 33.3638 32.5061 31.2507 29.43 26.8341 23.2085 18.2534 11.6316 2.98603 -8.02675 -21.686 -38.1366 -57.3052 -78.8105 32.3625 34.4653 35.7585 36.4754 36.7798 36.7875 36.5811 36.2212 35.7536 35.2143 34.6322 34.0317 33.4327 32.8517 32.3009 31.7885 31.3173 30.8839 30.4777 30.0787 29.6555 29.1627 28.5373 27.6941 26.5209 24.873 22.5666 19.3744 15.0221 9.19006 1.52179 -8.35517 -20.7935 -36.0711 -54.3172 -75.4227 -98.9472 31.101 32.5318 33.2573 33.5029 33.4243 33.1275 32.6853 32.1477 31.5504 30.9197 30.2756 29.6342 29.0082 28.4074 27.8381 27.3033 26.8009 26.323 25.8543 25.3702 24.834 24.1942 23.3805 22.2989 20.8272 18.808 16.0437 12.2912 7.25922 0.611166 -8.02468 -19.0324 -32.7696 -49.5091 -69.3612 -92.1807 -117.473 30.2634 30.8759 30.9562 30.6979 30.2302 29.6376 28.9746 28.2763 27.5655 26.8576 26.1633 25.4905 24.8449 24.2302 23.6476 23.095 22.566 22.0487 21.5235 20.9613 20.3207 19.5445 18.5556 17.2523 15.5027 13.1387 9.9501 5.68001 0.0229232 -7.37183 -16.888 -28.9179 -43.8205 -61.861 -83.1293 -107.445 -134.266 29.7944 29.4893 28.8792 28.1048 27.2545 26.3816 25.5167 24.6761 23.8683 23.0969 22.3633 21.6677 21.0092 20.386 19.7945 19.2284 18.6774 18.1258 17.5505 16.9182 16.1831 15.2829 14.1344 12.629 10.6263 7.9485 4.37473 -0.363673 -6.58423 -14.649 -24.9509 -37.8874 -53.817 -72.995 -95.4911 -121.093 -149.215 29.6239 28.3573 27.0484 25.769 24.5565 23.4263 22.3815 21.4183 20.5296 19.7075 18.9445 18.2334 17.5676 16.9402 16.3436 15.7678 15.1991 14.6186 13.9997 13.3059 12.4874 11.4772 10.1872 8.50212 6.27465 3.31874 -0.595798 -5.74737 -12.4633 -21.1146 -32.1012 -45.8235 -62.6375 -82.7884 -106.327 -133.012 -162.221 29.6704 27.4605 25.4846 23.7358 22.195 20.8378 19.6385 18.5728 17.6188 16.7578 15.9737 15.253 14.584 13.9558 13.357 12.7745 12.192 11.5877 10.9323 10.1863 9.29644 8.19206 6.78036 4.94107 2.52064 -0.673807 -4.88002 -10.3843 -17.522 -26.6707 -38.2355 -52.6183 -70.1716 -91.131 -115.53 -143.103 -173.196 29.847 26.7776 24.2068 22.048 20.2264 18.6789 17.353 16.2054 15.201 14.3111 13.5127 12.7868 12.1175 11.4904 10.8913 10.3047 9.71184 9.0888 8.40405 7.61556 6.66745 5.48591 3.97448 2.00866 -0.569958 -3.95976 -8.40445 -14.1966 -21.6774 -31.2297 -43.2619 -58.1765 -76.3224 -97.9265 -123.008 -151.281 -182.067 30.0692 26.2874 23.2319 20.7441 18.7007 17.0053 15.5827 14.374 13.3329 12.4229 11.6154 10.8872 10.2191 9.59398 8.99566 8.40663 7.80648 7.1696 6.46273 5.64203 4.64953 3.40904 1.82136 -0.241214 -2.94077 -6.47977 -11.1064 -17.1177 -24.8592 -34.7176 -47.1031 -62.4184 -81.0091 -103.095 -128.685 -157.477 -188.773 30.2633 25.9719 22.5736 19.8559 17.659 15.8626 14.3748 13.1254 12.0604 11.138 10.3253 9.59628 8.92959 8.30646 7.70911 7.11884 6.51405 5.86804 5.14641 4.30405 3.28161 2.00132 0.362094 -1.76589 -4.54717 -8.18695 -12.9363 -19.0953 -27.0123 -37.0762 -49.6986 -65.2818 -84.1693 -106.576 -132.502 -161.637 -193.27 30.3748 25.8176 22.2419 19.4059 17.1307 15.2829 13.7623 12.4926 11.4159 10.4874 9.67237 8.94327 8.27754 7.65557 7.05886 6.46808 5.86105 5.21051 4.48149 3.62824 2.59073 1.29037 -0.374837 -2.5358 -5.35828 -9.04883 -13.86 -20.0933 -28.0986 -38.2657 -51.0068 -66.7243 -85.7602 -108.327 -134.421 -163.726 -195.526 30.3748 25.8176 22.2419 19.4059 17.1307 15.2829 13.7623 12.4926 11.4159 10.4874 9.67237 8.94327 8.27754 7.65557 7.05886 6.46808 5.86105 5.21051 4.48149 3.62824 2.59073 1.29037 -0.374837 -2.5358 -5.35828 -9.04883 -13.86 -20.0933 -28.0986 -38.2657 -51.0068 -66.7243 -85.7602 -108.327 -134.421 -163.726 -195.526 30.2633 25.9719 22.5736 19.8559 17.659 15.8626 14.3748 13.1254 12.0604 11.138 10.3253 9.59628 8.92959 8.30646 7.70911 7.11884 6.51405 5.86804 5.14641 4.30405 3.28161 2.00132 0.362094 -1.76589 -4.54717 -8.18695 -12.9363 -19.0953 -27.0123 -37.0762 -49.6986 -65.2818 -84.1693 -106.576 -132.502 -161.637 -193.27 30.0692 26.2874 23.2319 20.7441 18.7007 17.0053 15.5827 14.374 13.3329 12.4229 11.6154 10.8872 10.2191 9.59398 8.99566 8.40663 7.80648 7.1696 6.46273 5.64203 4.64953 3.40904 1.82136 -0.241214 -2.94077 -6.47977 -11.1064 -17.1177 -24.8592 -34.7176 -47.1031 -62.4184 -81.0091 -103.095 -128.685 -157.477 -188.773 29.847 26.7776 24.2068 22.048 20.2264 18.6789 17.353 16.2054 15.201 14.3111 13.5127 12.7868 12.1175 11.4904 10.8913 10.3047 9.71184 9.0888 8.40405 7.61556 6.66745 5.48591 3.97448 2.00866 -0.569959 -3.95976 -8.40445 -14.1966 -21.6774 -31.2297 -43.2619 -58.1765 -76.3224 -97.9265 -123.008 -151.281 -182.067 29.6704 27.4605 25.4846 23.7358 22.195 20.8378 19.6385 18.5728 17.6188 16.7578 15.9737 15.253 14.584 13.9558 13.357 12.7745 12.192 11.5877 10.9323 10.1863 9.29644 8.19206 6.78036 4.94107 2.52064 -0.673807 -4.88002 -10.3843 -17.522 -26.6707 -38.2355 -52.6183 -70.1716 -91.131 -115.53 -143.103 -173.196 29.6239 28.3573 27.0484 25.769 24.5565 23.4263 22.3815 21.4183 20.5296 19.7075 18.9445 18.2334 17.5676 16.9402 16.3436 15.7678 15.1991 14.6186 13.9997 13.3059 12.4874 11.4772 10.1872 8.50212 6.27465 3.31874 -0.595798 -5.74737 -12.4633 -21.1146 -32.1012 -45.8235 -62.6375 -82.7884 -106.327 -133.012 -162.221 29.7944 29.4893 28.8792 28.1048 27.2545 26.3816 25.5167 24.6761 23.8683 23.0969 22.3633 21.6677 21.0092 20.386 19.7945 19.2284 18.6774 18.1258 17.5505 16.9182 16.1831 15.2829 14.1344 12.629 10.6263 7.9485 4.37473 -0.363673 -6.58423 -14.649 -24.9509 -37.8874 -53.817 -72.995 -95.4911 -121.093 -149.215 30.2634 30.8759 30.9562 30.6979 30.2302 29.6376 28.9746 28.2763 27.5655 26.8576 26.1633 25.4905 24.8449 24.2302 23.6476 23.095 22.566 22.0487 21.5235 20.9613 20.3207 19.5445 18.5556 17.2523 15.5027 13.1387 9.9501 5.68001 0.0229232 -7.37183 -16.888 -28.9179 -43.8205 -61.861 -83.1293 -107.445 -134.266 31.101 32.5318 33.2573 33.5029 33.4243 33.1275 32.6853 32.1477 31.5504 30.9197 30.2756 29.6342 29.0082 28.4074 27.8381 27.3033 26.8009 26.323 25.8543 25.3702 24.834 24.1942 23.3805 22.2989 20.8272 18.808 16.0437 12.2912 7.25922 0.611166 -8.02467 -19.0324 -32.7696 -49.5091 -69.3612 -92.1807 -117.473 32.3625 34.4653 35.7585 36.4754 36.7798 36.7875 36.5811 36.2212 35.7536 35.2142 34.6322 34.0317 33.4327 32.8517 32.3009 31.7885 31.3173 30.8839 30.4777 30.0787 29.6555 29.1627 28.5373 27.6941 26.5209 24.873 22.5666 19.3744 15.0221 9.19006 1.52179 -8.35517 -20.7935 -36.0711 -54.3172 -75.4227 -98.9472 34.0867 36.6766 38.4342 39.5728 40.2438 40.5579 40.5988 40.4319 40.1097 39.676 39.1681 38.6183 38.0543 37.4995 36.9725 36.4872 36.0518 35.6678 35.3293 35.0215 34.7186 34.3817 33.9553 33.3638 32.5061 31.2507 29.43 26.8341 23.2085 18.2534 11.6316 2.98604 -8.02675 -21.686 -38.1366 -57.3052 -78.8105 36.2961 39.1569 41.2569 42.7554 43.7678 44.385 44.6815 44.721 44.5589 44.2448 43.8232 43.3342 42.8131 42.2907 41.7928 41.3393 40.9438 40.6135 40.3474 40.1361 39.9594 39.7853 39.5664 39.2366 38.7072 37.8611 36.5476 34.5771 31.717 27.691 22.1852 14.8628 5.3941 -6.49638 -20.9649 -37.9707 -57.1939 38.9974 41.8887 44.1976 45.9863 47.3093 48.2218 48.7792 49.0367 49.0485 48.8674 48.5438 48.125 47.6545 47.1707 46.7067 46.2889 45.9373 45.6643 45.4745 45.3637 45.3179 45.3118 45.3062 45.2455 45.0533 44.628 43.8376 42.5142 40.4502 37.3963 33.0661 27.1484 19.3332 9.35372 -2.952 -17.5693 -34.238 42.1809 44.8486 47.2286 49.2331 50.8311 52.0275 52.8486 53.3343 53.5329 53.4975 53.283 52.9437 52.5307 52.0908 51.6647 51.2861 50.9813 50.7685 50.6579 50.6508 50.7391 50.9044 51.116 51.3286 51.4788 51.4814 51.224 50.5625 49.3166 47.268 44.1625 39.7203 33.6575 25.7227 15.7519 3.74243 -10.0926 45.8161 48.0134 50.3274 52.4682 54.3006 55.7664 56.8524 57.5757 57.9735 58.0963 58.0016 57.7501 57.4008 57.0091 56.624 56.2868 56.0308 55.8801 55.8507 55.9491 56.1735 56.5121 56.9426 57.4301 57.9247 58.3577 58.6377 58.6459 58.232 57.2121 55.3691 52.4612 48.2382 42.4722 35.003 25.8037 15.0806 49.8404 51.3771 53.4832 55.6684 57.6878 59.4056 60.7572 61.7279 62.3381 62.6317 62.6675 62.5115 62.2311 61.8907 61.5483 61.2537 61.047 60.9593 61.0117 61.2166 61.5777 62.09 62.7392 63.5009 64.3385 65.2006 66.0172 66.6964 67.1203 67.1426 66.5887 65.261 62.9518 59.4665 54.6599 48.4806 41.0855 53.8221 55.1682 57.1178 59.247 61.2807 63.0502 64.467 65.5018 66.1684 66.5097 66.5868 66.47 66.2319 65.9416 65.6612 65.4438 65.3323 65.3595 65.5487 65.9145 66.4637 67.1957 68.1029 69.17 70.3731 71.6779 73.0372 74.3883 75.6501 76.7212 77.4788 77.7822 77.4797 76.4229 74.4892 71.6154 67.7758 57.5135 59.2645 61.3896 63.5366 65.4865 67.115 68.3671 69.2391 69.763 69.9946 70.0028 69.8617 69.6441 69.4168 69.2384 69.1572 69.2117 69.4309 69.835 70.4375 71.2455 72.2609 73.4808 74.8977 76.4989 78.2657 80.1721 82.1835 84.2551 86.3315 88.3463 90.2242 91.8846 93.2485 94.2472 94.8249 94.906 61.6351 63.7268 65.9685 68.0853 69.9149 71.3762 72.4475 73.1496 73.5322 73.6627 73.6164 73.4693 73.2927 73.1501 73.0949 73.1705 73.4105 73.84 74.477 75.3339 76.4192 77.738 79.2934 81.0866 83.1173 85.3836 87.8815 90.6049 93.5452 96.6909 100.028 103.54 107.206 111.001 114.89 118.813 122.701 66.2253 68.5731 70.8624 72.8947 74.5638 75.831 76.7065 77.235 77.4823 77.5253 77.4434 77.3125 77.2008 77.1665 77.2573 77.5109 77.956 78.6142 79.5015 80.6304 82.0112 83.6534 85.5671 87.7632 90.2549 93.0579 96.1909 99.6762 103.54 107.813 112.527 117.717 123.41 129.621 136.332 143.484 150.964 71.3155 73.8162 76.0735 77.9612 79.4271 80.4737 81.142 81.4982 81.6218 81.5965 81.503 81.4146 81.3942 81.4936 81.754 82.2068 82.8763 83.7808 84.9352 86.3527 88.0466 90.0318 92.326 94.9513 97.935 101.311 105.121 109.415 114.252 119.701 125.835 132.73 140.45 149.037 158.48 168.7 179.518 76.9256 79.4606 81.5964 83.2744 84.4941 85.2969 85.752 85.944 85.9624 85.8941 85.818 85.8018 85.9014 86.1608 86.6141 87.2869 88.1989 89.3661 90.803 92.5246 94.5481 96.8947 99.5911 102.671 106.176 110.16 114.685 119.83 125.683 132.347 139.929 148.538 158.265 169.162 181.215 194.309 208.186 83.0608 85.4981 87.4152 88.8164 89.7495 90.2916 90.5357 90.58 90.5196 90.4399 90.4144 90.5029 90.7522 91.198 91.8667 92.7784 93.9492 95.3936 97.1266 99.166 101.534 104.259 107.378 110.935 114.99 119.613 124.888 130.919 137.822 145.727 154.771 165.084 176.772 189.89 204.403 220.148 236.791 89.7063 91.9038 93.5011 94.5607 95.1739 95.448 95.4939 95.4172 95.3123 95.2589 95.321 95.5481 95.9769 96.6338 97.5384 98.7056 100.149 101.882 103.922 106.291 109.016 112.135 115.693 119.75 124.379 129.667 135.722 142.667 150.643 159.803 170.303 182.289 195.872 211.094 227.892 246.049 265.153 96.8215 98.6316 99.81 100.471 100.744 100.757 100.631 100.47 100.363 100.379 100.568 100.967 101.603 102.494 103.651 105.087 106.813 108.843 111.199 113.905 116.998 120.522 124.535 129.109 134.331 140.307 147.162 155.04 164.099 174.512 186.447 200.055 215.441 232.629 251.517 271.832 293.089 104.333 105.61 106.281 106.504 106.434 106.211 105.953 105.757 105.698 105.827 106.182 106.786 107.654 108.796 110.219 111.931 113.946 116.278 118.953 122.003 125.469 129.407 133.886 138.99 144.82 151.499 159.166 167.984 178.125 189.772 203.1 218.258 235.338 254.333 275.101 297.313 320.416 112.126 112.739 112.837 112.608 112.218 111.804 111.471 111.298 111.34 111.63 112.188 113.024 114.143 115.548 117.244 119.236 121.54 124.174 127.168 130.562 134.404 138.761 143.712 149.353 155.799 163.187 171.67 181.421 192.627 205.473 220.135 236.753 255.395 276.025 298.454 322.3 346.953 120.039 119.889 119.386 118.727 118.071 117.533 117.196 117.113 117.311 117.806 118.598 119.688 121.07 122.743 124.711 126.98 129.568 132.499 135.808 139.541 143.758 148.533 153.956 160.136 167.198 175.291 184.581 195.249 207.486 221.48 237.399 255.367 275.427 297.508 321.375 346.598 372.517 127.861 126.903 125.825 124.804 123.967 123.397 123.139 123.213 123.622 124.358 125.409 126.764 128.413 130.352 132.584 135.121 137.982 141.199 144.813 148.878 153.462 158.649 164.539 171.25 178.92 187.706 197.781 209.333 222.554 237.628 254.712 273.907 295.231 318.572 343.657 370.009 396.932 135.331 133.606 132.047 130.782 129.886 129.391 129.3 129.599 130.264 131.27 132.593 134.215 136.124 138.317 140.799 143.587 146.706 150.192 154.096 158.479 163.418 169.005 175.349 182.577 190.837 200.291 211.119 223.511 237.654 253.726 271.868 292.158 314.583 338.998 365.086 392.337 420.023 142.156 139.814 137.948 136.61 135.804 135.503 135.667 136.249 137.205 138.496 140.091 141.971 144.124 146.551 149.261 152.277 155.631 159.367 163.541 168.224 173.499 179.467 186.245 193.969 202.79 212.878 224.415 237.587 252.58 269.556 288.64 309.887 333.252 358.555 385.447 413.386 441.624 148.036 145.351 143.436 142.24 141.689 141.701 142.197 143.107 144.373 145.949 147.805 149.922 152.294 154.927 157.838 161.055 164.618 168.578 172.999 177.957 183.545 189.87 197.056 205.243 214.59 225.267 237.456 251.341 267.099 284.878 304.784 326.846 350.992 377.011 404.525 432.967 461.574 152.703 150.078 148.435 147.621 147.492 147.924 148.813 150.076 151.653 153.5 155.591 157.915 160.474 163.28 166.36 169.747 173.49 177.645 182.285 187.492 193.365 200.016 207.576 216.189 226.016 237.228 250.006 264.527 280.958 299.434 320.039 342.781 367.559 394.136 422.11 450.896 479.723 155.973 153.906 152.891 152.697 153.139 154.072 155.388 157.007 158.878 160.968 163.26 165.755 168.464 171.408 174.621 178.147 182.038 186.36 191.188 196.613 202.739 209.682 217.576 226.57 236.825 248.512 261.807 276.881 293.89 312.955 334.141 357.433 382.708 409.704 438.002 467.002 495.933 157.801 156.818 156.768 157.396 158.515 159.994 161.742 163.7 165.833 168.127 170.581 173.207 176.027 179.074 182.388 186.019 190.028 194.486 199.473 205.084 211.426 218.622 226.808 236.133 246.758 258.853 272.59 288.132 305.625 325.173 346.827 370.552 396.203 423.502 452.012 481.128 510.077 158.319 158.872 160.043 161.621 163.466 165.492 167.647 169.906 172.259 174.714 177.289 180.007 182.904 186.021 189.405 193.113 197.212 201.775 206.889 212.653 219.177 226.584 235.014 244.616 255.551 267.986 282.087 298.012 315.894 335.828 357.847 381.9 407.826 435.333 463.971 493.131 522.042 157.839 160.197 162.7 165.251 167.8 170.33 172.841 175.348 177.873 180.447 183.103 185.881 188.826 191.985 195.413 199.174 203.336 207.979 213.192 219.075 225.742 233.319 241.944 251.768 262.95 275.655 290.044 306.268 324.452 344.679 366.97 391.262 417.381 445.022 473.729 502.888 531.733 156.817 160.961 164.72 168.149 171.307 174.254 177.048 179.743 182.392 185.046 187.753 190.565 193.534 196.716 200.171 203.964 208.169 212.867 218.151 224.122 230.895 238.598 247.369 257.359 268.726 281.631 296.233 312.676 331.079 351.516 374 398.456 424.702 452.424 481.161 510.298 539.072 155.758 161.344 166.083 170.176 173.782 177.027 180.017 182.838 185.565 188.266 191.001 193.83 196.81 200.002 203.47 207.281 211.512 216.245 221.574 227.602 234.446 242.232 251.101 261.201 272.69 285.727 300.469 317.055 335.6 356.173 378.778 403.337 429.658 457.424 486.17 515.282 543.999 155.102 161.494 166.771 171.222 175.064 178.465 181.554 184.438 187.203 189.925 192.672 195.507 198.491 201.687 205.159 208.979 213.221 217.971 223.322 229.379 236.257 244.085 253.002 263.157 274.707 287.81 302.621 319.278 337.893 358.531 381.196 405.802 432.159 459.943 488.692 517.788 546.472 155.102 161.494 166.771 171.222 175.064 178.465 181.554 184.438 187.203 189.925 192.672 195.507 198.491 201.687 205.159 208.979 213.221 217.971 223.322 229.379 236.257 244.085 253.002 263.157 274.707 287.81 302.621 319.278 337.893 358.531 381.196 405.802 432.159 459.943 488.692 517.788 546.472 155.758 161.344 166.083 170.176 173.782 177.027 180.017 182.838 185.565 188.266 191.001 193.83 196.81 200.002 203.47 207.281 211.512 216.245 221.574 227.602 234.446 242.232 251.101 261.201 272.69 285.727 300.469 317.055 335.6 356.173 378.778 403.337 429.658 457.424 486.17 515.282 543.999 156.817 160.961 164.72 168.149 171.307 174.254 177.048 179.743 182.392 185.046 187.753 190.565 193.534 196.716 200.171 203.964 208.169 212.867 218.151 224.122 230.895 238.598 247.369 257.359 268.726 281.631 296.233 312.676 331.079 351.516 374 398.456 424.702 452.424 481.161 510.298 539.072 157.839 160.197 162.7 165.251 167.8 170.33 172.841 175.348 177.873 180.447 183.103 185.881 188.826 191.985 195.413 199.174 203.336 207.979 213.192 219.075 225.742 233.319 241.944 251.768 262.95 275.655 290.044 306.268 324.452 344.679 366.97 391.262 417.381 445.022 473.729 502.888 531.733 158.319 158.872 160.043 161.621 163.466 165.492 167.647 169.906 172.259 174.714 177.289 180.007 182.904 186.021 189.405 193.113 197.212 201.775 206.889 212.653 219.177 226.584 235.014 244.616 255.551 267.986 282.087 298.012 315.894 335.828 357.847 381.9 407.826 435.333 463.971 493.131 522.042 157.801 156.818 156.768 157.396 158.515 159.994 161.742 163.7 165.833 168.127 170.581 173.207 176.027 179.074 182.388 186.019 190.028 194.486 199.473 205.084 211.426 218.622 226.808 236.133 246.758 258.853 272.59 288.132 305.625 325.173 346.827 370.552 396.203 423.502 452.012 481.128 510.077 155.973 153.906 152.891 152.697 153.139 154.072 155.388 157.007 158.878 160.968 163.26 165.755 168.464 171.408 174.621 178.147 182.038 186.36 191.188 196.613 202.739 209.682 217.576 226.57 236.825 248.512 261.807 276.881 293.89 312.955 334.141 357.433 382.708 409.704 438.002 467.002 495.933 152.703 150.078 148.435 147.621 147.492 147.924 148.813 150.076 151.653 153.5 155.591 157.915 160.474 163.28 166.36 169.747 173.49 177.645 182.285 187.492 193.365 200.016 207.576 216.189 226.016 237.228 250.006 264.527 280.958 299.434 320.039 342.781 367.559 394.136 422.11 450.896 479.723 148.036 145.351 143.436 142.24 141.689 141.701 142.197 143.107 144.373 145.949 147.805 149.922 152.294 154.927 157.838 161.055 164.618 168.578 172.999 177.957 183.545 189.87 197.056 205.243 214.59 225.267 237.456 251.341 267.099 284.878 304.784 326.846 350.992 377.011 404.525 432.967 461.574 142.156 139.814 137.948 136.61 135.804 135.503 135.667 136.249 137.205 138.496 140.091 141.971 144.124 146.551 149.261 152.277 155.631 159.367 163.541 168.224 173.499 179.467 186.245 193.969 202.79 212.878 224.415 237.587 252.58 269.556 288.64 309.887 333.252 358.555 385.447 413.386 441.624 135.331 133.606 132.047 130.782 129.886 129.391 129.3 129.599 130.264 131.27 132.593 134.215 136.124 138.317 140.799 143.587 146.706 150.192 154.096 158.479 163.418 169.005 175.349 182.577 190.837 200.291 211.119 223.511 237.654 253.726 271.868 292.158 314.583 338.998 365.086 392.337 420.023 127.861 126.903 125.825 124.804 123.967 123.397 123.139 123.213 123.622 124.358 125.409 126.764 128.413 130.352 132.584 135.121 137.982 141.199 144.813 148.878 153.462 158.649 164.539 171.25 178.92 187.706 197.781 209.333 222.554 237.628 254.712 273.907 295.231 318.572 343.657 370.009 396.932 120.039 119.889 119.386 118.727 118.071 117.533 117.196 117.113 117.311 117.806 118.598 119.688 121.07 122.743 124.711 126.98 129.568 132.499 135.808 139.541 143.758 148.533 153.956 160.136 167.198 175.291 184.581 195.249 207.486 221.48 237.399 255.367 275.427 297.508 321.375 346.598 372.517 112.126 112.739 112.837 112.608 112.218 111.804 111.471 111.298 111.34 111.63 112.188 113.024 114.143 115.548 117.244 119.236 121.54 124.174 127.168 130.561 134.404 138.761 143.712 149.353 155.799 163.187 171.67 181.421 192.627 205.473 220.135 236.753 255.395 276.025 298.454 322.3 346.953 104.333 105.61 106.281 106.504 106.434 106.211 105.953 105.757 105.698 105.827 106.182 106.786 107.654 108.796 110.219 111.931 113.946 116.278 118.953 122.003 125.469 129.407 133.886 138.99 144.82 151.499 159.166 167.984 178.125 189.772 203.1 218.258 235.338 254.333 275.101 297.313 320.416 96.8215 98.6316 99.81 100.471 100.744 100.757 100.631 100.47 100.363 100.379 100.568 100.967 101.603 102.494 103.651 105.087 106.813 108.843 111.199 113.905 116.998 120.522 124.535 129.109 134.331 140.307 147.162 155.04 164.099 174.512 186.447 200.055 215.441 232.629 251.517 271.832 293.089 89.7063 91.9038 93.5011 94.5607 95.1739 95.448 95.4939 95.4172 95.3123 95.2589 95.321 95.5481 95.9769 96.6338 97.5384 98.7056 100.149 101.882 103.922 106.291 109.016 112.135 115.693 119.75 124.379 129.667 135.722 142.667 150.643 159.803 170.303 182.289 195.872 211.094 227.892 246.049 265.153 83.0608 85.4981 87.4152 88.8164 89.7495 90.2916 90.5357 90.58 90.5196 90.4399 90.4144 90.5029 90.7522 91.198 91.8667 92.7784 93.9492 95.3936 97.1266 99.166 101.534 104.259 107.378 110.935 114.99 119.613 124.888 130.919 137.822 145.727 154.771 165.084 176.772 189.89 204.403 220.148 236.791 76.9256 79.4606 81.5964 83.2744 84.4941 85.2969 85.752 85.944 85.9624 85.8941 85.818 85.8018 85.9014 86.1608 86.6141 87.2869 88.1989 89.3661 90.803 92.5246 94.5481 96.8947 99.5911 102.671 106.176 110.16 114.685 119.83 125.683 132.347 139.929 148.538 158.265 169.162 181.215 194.309 208.186 71.3155 73.8162 76.0735 77.9612 79.4271 80.4737 81.142 81.4982 81.6218 81.5965 81.503 81.4146 81.3942 81.4936 81.754 82.2068 82.8763 83.7808 84.9352 86.3527 88.0466 90.0318 92.326 94.9513 97.935 101.311 105.121 109.415 114.252 119.701 125.835 132.73 140.45 149.037 158.48 168.7 179.518 66.2253 68.5731 70.8624 72.8947 74.5638 75.831 76.7065 77.235 77.4823 77.5253 77.4434 77.3125 77.2008 77.1665 77.2573 77.5109 77.956 78.6142 79.5015 80.6304 82.0112 83.6534 85.5671 87.7632 90.2549 93.0579 96.1909 99.6762 103.54 107.813 112.527 117.717 123.41 129.621 136.332 143.484 150.964 61.6351 63.7268 65.9685 68.0853 69.9149 71.3762 72.4475 73.1496 73.5322 73.6627 73.6164 73.4693 73.2927 73.1501 73.0949 73.1705 73.4105 73.84 74.477 75.3339 76.4192 77.738 79.2934 81.0866 83.1173 85.3836 87.8815 90.6049 93.5452 96.6909 100.028 103.54 107.206 111.001 114.89 118.813 122.701 57.5135 59.2645 61.3896 63.5366 65.4865 67.115 68.3671 69.2391 69.763 69.9946 70.0028 69.8617 69.6441 69.4168 69.2384 69.1572 69.2117 69.4309 69.835 70.4375 71.2455 72.2609 73.4808 74.8977 76.4989 78.2657 80.1721 82.1835 84.2551 86.3315 88.3463 90.2242 91.8846 93.2485 94.2472 94.8249 94.906 53.8221 55.1682 57.1178 59.247 61.2807 63.0502 64.467 65.5018 66.1684 66.5097 66.5868 66.47 66.2319 65.9416 65.6612 65.4438 65.3323 65.3595 65.5487 65.9145 66.4637 67.1957 68.1029 69.17 70.3731 71.6779 73.0372 74.3883 75.6501 76.7212 77.4788 77.7822 77.4797 76.4229 74.4892 71.6154 67.7758 49.8404 51.3771 53.4832 55.6684 57.6878 59.4056 60.7572 61.7279 62.3381 62.6317 62.6675 62.5115 62.2311 61.8907 61.5483 61.2537 61.047 60.9593 61.0117 61.2166 61.5777 62.09 62.7392 63.5009 64.3385 65.2006 66.0172 66.6964 67.1203 67.1426 66.5887 65.261 62.9518 59.4665 54.6599 48.4806 41.0855 45.8161 48.0134 50.3274 52.4682 54.3006 55.7664 56.8524 57.5757 57.9735 58.0963 58.0016 57.7501 57.4008 57.0091 56.624 56.2868 56.0308 55.8801 55.8507 55.9491 56.1735 56.5121 56.9426 57.4301 57.9247 58.3577 58.6377 58.6459 58.232 57.2121 55.3691 52.4612 48.2382 42.4722 35.003 25.8037 15.0806 42.1809 44.8486 47.2286 49.2331 50.8311 52.0275 52.8486 53.3343 53.5329 53.4975 53.283 52.9437 52.5307 52.0908 51.6647 51.2861 50.9813 50.7685 50.6579 50.6508 50.7391 50.9044 51.116 51.3286 51.4788 51.4814 51.224 50.5625 49.3166 47.268 44.1625 39.7203 33.6575 25.7227 15.7519 3.74243 -10.0926 38.9974 41.8887 44.1976 45.9863 47.3093 48.2218 48.7792 49.0367 49.0485 48.8674 48.5438 48.125 47.6545 47.1707 46.7067 46.2889 45.9373 45.6643 45.4745 45.3637 45.3179 45.3118 45.3062 45.2455 45.0533 44.628 43.8376 42.5142 40.4502 37.3963 33.0661 27.1484 19.3332 9.35372 -2.952 -17.5693 -34.238 36.2961 39.1569 41.2569 42.7554 43.7678 44.385 44.6815 44.721 44.5589 44.2448 43.8232 43.3342 42.8131 42.2907 41.7928 41.3393 40.9438 40.6135 40.3474 40.1361 39.9594 39.7853 39.5664 39.2366 38.7072 37.8611 36.5476 34.5771 31.717 27.6911 22.1852 14.8628 5.3941 -6.49638 -20.9649 -37.9707 -57.1939 34.0867 36.6766 38.4342 39.5728 40.2438 40.5579 40.5988 40.4319 40.1097 39.676 39.1681 38.6183 38.0543 37.4995 36.9725 36.4872 36.0518 35.6678 35.3293 35.0215 34.7186 34.3817 33.9553 33.3638 32.5061 31.2507 29.43 26.8341 23.2085 18.2534 11.6316 2.98603 -8.02675 -21.686 -38.1366 -57.3052 -78.8105 32.3625 34.4653 35.7585 36.4754 36.7798 36.7875 36.5811 36.2212 35.7536 35.2142 34.6322 34.0317 33.4327 32.8517 32.3009 31.7885 31.3173 30.8839 30.4777 30.0787 29.6555 29.1627 28.5373 27.6941 26.5209 24.873 22.5666 19.3744 15.0221 9.19006 1.5218 -8.35517 -20.7935 -36.0711 -54.3172 -75.4227 -98.9472 31.101 32.5318 33.2573 33.5029 33.4243 33.1275 32.6853 32.1477 31.5504 30.9197 30.2756 29.6342 29.0082 28.4074 27.8381 27.3033 26.8009 26.323 25.8543 25.3702 24.834 24.1942 23.3805 22.2989 20.8272 18.808 16.0437 12.2912 7.25921 0.611164 -8.02468 -19.0324 -32.7696 -49.5091 -69.3612 -92.1807 -117.473 30.2634 30.8759 30.9562 30.6979 30.2302 29.6376 28.9746 28.2763 27.5655 26.8576 26.1633 25.4905 24.8449 24.2302 23.6476 23.095 22.566 22.0486 21.5235 20.9613 20.3207 19.5445 18.5556 17.2523 15.5027 13.1387 9.9501 5.68001 0.022925 -7.37183 -16.888 -28.9179 -43.8205 -61.861 -83.1293 -107.445 -134.266 29.7944 29.4893 28.8792 28.1048 27.2545 26.3816 25.5167 24.6761 23.8683 23.0969 22.3633 21.6677 21.0092 20.386 19.7945 19.2284 18.6774 18.1258 17.5505 16.9182 16.1831 15.2829 14.1344 12.629 10.6263 7.9485 4.37473 -0.363674 -6.58424 -14.649 -24.9509 -37.8874 -53.817 -72.995 -95.4911 -121.093 -149.215 29.6239 28.3573 27.0484 25.769 24.5565 23.4263 22.3815 21.4183 20.5296 19.7075 18.9445 18.2334 17.5676 16.9402 16.3436 15.7678 15.1991 14.6186 13.9997 13.3059 12.4874 11.4772 10.1872 8.50212 6.27465 3.31874 -0.595797 -5.74737 -12.4633 -21.1146 -32.1012 -45.8235 -62.6375 -82.7884 -106.327 -133.012 -162.221 29.6704 27.4605 25.4846 23.7358 22.195 20.8378 19.6385 18.5728 17.6188 16.7578 15.9737 15.253 14.584 13.9558 13.357 12.7745 12.192 11.5877 10.9323 10.1863 9.29644 8.19206 6.78036 4.94107 2.52064 -0.673807 -4.88002 -10.3843 -17.522 -26.6707 -38.2355 -52.6183 -70.1716 -91.131 -115.53 -143.103 -173.196 29.847 26.7776 24.2068 22.048 20.2264 18.6789 17.353 16.2054 15.201 14.3111 13.5127 12.7868 12.1175 11.4904 10.8913 10.3047 9.71184 9.0888 8.40405 7.61556 6.66745 5.48591 3.97448 2.00866 -0.569958 -3.95976 -8.40445 -14.1966 -21.6774 -31.2297 -43.2619 -58.1765 -76.3224 -97.9265 -123.008 -151.281 -182.067 30.0692 26.2874 23.2319 20.7441 18.7007 17.0053 15.5827 14.374 13.3329 12.4229 11.6154 10.8872 10.2191 9.59398 8.99566 8.40663 7.80648 7.1696 6.46273 5.64203 4.64953 3.40904 1.82136 -0.241214 -2.94077 -6.47977 -11.1064 -17.1177 -24.8592 -34.7176 -47.1031 -62.4184 -81.0091 -103.095 -128.685 -157.477 -188.773 30.2633 25.9719 22.5736 19.8559 17.659 15.8626 14.3748 13.1254 12.0604 11.138 10.3253 9.59628 8.92959 8.30646 7.70911 7.11884 6.51405 5.86804 5.14641 4.30405 3.28161 2.00131 0.362094 -1.76589 -4.54717 -8.18695 -12.9363 -19.0953 -27.0123 -37.0762 -49.6986 -65.2818 -84.1693 -106.576 -132.502 -161.637 -193.27 30.3748 25.8176 22.2419 19.4059 17.1307 15.2829 13.7623 12.4926 11.4159 10.4874 9.67237 8.94327 8.27754 7.65557 7.05886 6.46808 5.86105 5.21051 4.48149 3.62824 2.59073 1.29037 -0.374837 -2.5358 -5.35828 -9.04883 -13.86 -20.0933 -28.0986 -38.2657 -51.0068 -66.7243 -85.7602 -108.327 -134.421 -163.726 -195.526 30.3748 25.8176 22.2419 19.4059 17.1307 15.2829 13.7623 12.4926 11.4159 10.4874 9.67237 8.94327 8.27754 7.65557 7.05886 6.46808 5.86105 5.21051 4.48149 3.62824 2.59073 1.29037 -0.374837 -2.5358 -5.35828 -9.04883 -13.86 -20.0933 -28.0986 -38.2657 -51.0068 -66.7243 -85.7602 -108.327 -134.421 -163.726 -195.526 30.2633 25.9719 22.5736 19.8559 17.659 15.8626 14.3748 13.1254 12.0604 11.138 10.3253 9.59628 8.92959 8.30646 7.70911 7.11884 6.51405 5.86804 5.14641 4.30405 3.28161 2.00132 0.362094 -1.76589 -4.54717 -8.18695 -12.9363 -19.0953 -27.0123 -37.0762 -49.6986 -65.2818 -84.1693 -106.576 -132.502 -161.637 -193.27 30.0692 26.2874 23.2319 20.7441 18.7007 17.0053 15.5827 14.374 13.3329 12.4229 11.6154 10.8872 10.2191 9.59398 8.99566 8.40663 7.80648 7.1696 6.46273 5.64203 4.64953 3.40904 1.82136 -0.241215 -2.94077 -6.47977 -11.1064 -17.1177 -24.8592 -34.7176 -47.1031 -62.4184 -81.0091 -103.095 -128.685 -157.477 -188.773 29.847 26.7776 24.2068 22.048 20.2264 18.6789 17.353 16.2054 15.201 14.3111 13.5127 12.7868 12.1175 11.4904 10.8913 10.3047 9.71184 9.0888 8.40405 7.61556 6.66745 5.48591 3.97448 2.00866 -0.569958 -3.95976 -8.40445 -14.1966 -21.6774 -31.2297 -43.2619 -58.1765 -76.3224 -97.9265 -123.008 -151.281 -182.067 29.6704 27.4605 25.4846 23.7358 22.195 20.8378 19.6385 18.5728 17.6188 16.7578 15.9737 15.253 14.584 13.9558 13.357 12.7745 12.192 11.5877 10.9323 10.1863 9.29644 8.19206 6.78035 4.94107 2.52064 -0.673808 -4.88002 -10.3843 -17.522 -26.6707 -38.2355 -52.6183 -70.1716 -91.131 -115.53 -143.103 -173.196 29.6239 28.3573 27.0484 25.769 24.5565 23.4263 22.3815 21.4183 20.5296 19.7075 18.9445 18.2334 17.5676 16.9402 16.3436 15.7678 15.1991 14.6186 13.9997 13.3059 12.4874 11.4772 10.1872 8.50212 6.27465 3.31874 -0.595797 -5.74737 -12.4633 -21.1146 -32.1012 -45.8235 -62.6375 -82.7884 -106.327 -133.012 -162.221 29.7944 29.4893 28.8792 28.1048 27.2545 26.3816 25.5167 24.6761 23.8683 23.0969 22.3633 21.6677 21.0092 20.386 19.7945 19.2284 18.6774 18.1258 17.5505 16.9182 16.1831 15.2829 14.1344 12.629 10.6263 7.9485 4.37473 -0.363674 -6.58424 -14.649 -24.9509 -37.8874 -53.817 -72.995 -95.4911 -121.093 -149.215 30.2634 30.8759 30.9562 30.6979 30.2302 29.6376 28.9746 28.2763 27.5655 26.8576 26.1633 25.4905 24.8449 24.2302 23.6476 23.095 22.566 22.0486 21.5235 20.9613 20.3207 19.5445 18.5556 17.2523 15.5027 13.1387 9.9501 5.68001 0.0229248 -7.37183 -16.888 -28.9179 -43.8205 -61.861 -83.1293 -107.445 -134.266 31.101 32.5318 33.2573 33.5029 33.4243 33.1275 32.6853 32.1477 31.5504 30.9197 30.2756 29.6342 29.0082 28.4074 27.8381 27.3033 26.8009 26.323 25.8543 25.3702 24.834 24.1942 23.3804 22.2989 20.8272 18.808 16.0437 12.2912 7.25921 0.611163 -8.02468 -19.0324 -32.7696 -49.5091 -69.3612 -92.1807 -117.473 32.3625 34.4653 35.7585 36.4754 36.7798 36.7875 36.5811 36.2212 35.7536 35.2143 34.6322 34.0317 33.4327 32.8517 32.3009 31.7885 31.3173 30.8839 30.4777 30.0787 29.6555 29.1627 28.5373 27.6941 26.5209 24.873 22.5666 19.3744 15.0221 9.19006 1.5218 -8.35516 -20.7935 -36.0711 -54.3172 -75.4227 -98.9472 34.0867 36.6766 38.4342 39.5728 40.2438 40.5579 40.5988 40.4319 40.1097 39.676 39.1681 38.6183 38.0543 37.4995 36.9725 36.4872 36.0518 35.6678 35.3293 35.0215 34.7186 34.3817 33.9553 33.3638 32.5061 31.2507 29.43 26.8341 23.2085 18.2534 11.6316 2.98603 -8.02676 -21.686 -38.1366 -57.3052 -78.8105 36.2961 39.1569 41.2569 42.7554 43.7678 44.385 44.6815 44.721 44.5589 44.2448 43.8232 43.3342 42.8131 42.2907 41.7928 41.3392 40.9438 40.6135 40.3474 40.1361 39.9594 39.7853 39.5664 39.2366 38.7072 37.8611 36.5476 34.5771 31.717 27.6911 22.1852 14.8628 5.39411 -6.49638 -20.9649 -37.9707 -57.1939 38.9974 41.8887 44.1976 45.9863 47.3093 48.2218 48.7792 49.0367 49.0485 48.8674 48.5438 48.125 47.6545 47.1707 46.7067 46.2889 45.9373 45.6643 45.4745 45.3637 45.3179 45.3118 45.3062 45.2455 45.0533 44.628 43.8376 42.5142 40.4502 37.3963 33.0661 27.1484 19.3332 9.35372 -2.952 -17.5693 -34.238 42.1809 44.8486 47.2286 49.2331 50.8311 52.0275 52.8486 53.3343 53.5329 53.4975 53.283 52.9437 52.5307 52.0908 51.6647 51.2861 50.9813 50.7685 50.6579 50.6508 50.7391 50.9044 51.116 51.3286 51.4788 51.4814 51.224 50.5625 49.3166 47.268 44.1625 39.7203 33.6575 25.7227 15.7519 3.74243 -10.0926 45.8161 48.0134 50.3274 52.4682 54.3006 55.7664 56.8524 57.5757 57.9735 58.0963 58.0016 57.7501 57.4008 57.0091 56.624 56.2868 56.0308 55.8801 55.8507 55.9491 56.1735 56.5121 56.9426 57.4301 57.9247 58.3577 58.6377 58.6459 58.232 57.2121 55.3691 52.4612 48.2382 42.4722 35.003 25.8037 15.0806 49.8404 51.3771 53.4832 55.6684 57.6878 59.4056 60.7572 61.7279 62.3381 62.6317 62.6675 62.5115 62.2311 61.8907 61.5483 61.2537 61.047 60.9593 61.0117 61.2166 61.5777 62.09 62.7392 63.5009 64.3385 65.2006 66.0172 66.6964 67.1203 67.1426 66.5887 65.261 62.9518 59.4665 54.6599 48.4806 41.0855 
Tau_rphi 1 5920 float
-79.1691 -79.6289 -80.4242 -81.3956 -82.4238 -83.4438 -84.4339 -85.4019 -86.3735 -87.3821 -88.4622 -89.6443 -90.9527 -92.4041 -94.0079 -95.7673 -97.6796 -99.7378 -101.93 -104.238 -106.638 -109.094 -111.556 -113.952 -116.18 -118.099 -119.513 -120.163 -119.711 -117.728 -113.698 -107.024 -97.0664 -83.2152 -64.996 -42.2238 -15.212 -80.5946 -81.4147 -82.4009 -83.4302 -84.4371 -85.401 -86.3318 -87.2572 -88.2135 -89.2376 -90.3624 -91.614 -93.0105 -94.5623 -96.2727 -98.1396 -100.156 -102.312 -104.591 -106.974 -109.433 -111.929 -114.407 -116.788 -118.966 -120.788 -122.054 -122.495 -121.767 -119.441 -115.009 -107.894 -97.4917 -83.2465 -64.7557 -41.9229 -15.1141 -82.2043 -83.2886 -84.3702 -85.3925 -86.3428 -87.238 -88.1122 -89.0068 -89.9637 -91.0193 -92.2025 -93.5331 -95.0224 -96.6738 -98.4852 -100.449 -102.556 -104.79 -107.136 -109.569 -112.058 -114.561 -117.017 -119.345 -121.427 -123.106 -124.174 -124.355 -123.303 -120.596 -115.735 -108.173 -97.3502 -82.7712 -64.1098 -41.3395 -14.8484 -83.9813 -85.1985 -86.284 -87.245 -88.113 -88.9341 -89.7593 -90.6378 -91.6119 -92.7143 -93.9674 -95.3835 -96.9662 -98.7127 -100.615 -102.662 -104.84 -107.132 -109.517 -111.971 -114.459 -116.933 -119.331 -121.561 -123.503 -124.992 -125.813 -125.688 -124.273 -121.151 -115.847 -107.845 -96.637 -81.7925 -63.0581 -40.4702 -14.4769 -85.8717 -87.0877 -88.0943 -88.9495 -89.7183 -90.4667 -91.2551 -92.1341 -93.1422 -94.305 -95.6364 -97.1403 -98.8129 -100.645 -102.624 -104.735 -106.962 -109.285 -111.682 -114.124 -116.576 -118.985 -121.282 -123.373 -125.13 -126.383 -126.912 -126.441 -124.627 -121.071 -115.32 -106.899 -95.3526 -80.3192 -61.6159 -39.3478 -14.0183 -87.7964 -88.8894 -89.7475 -90.4642 -91.1264 -91.8103 -92.578 -93.4756 -94.5333 -95.7671 -97.181 -98.7703 -100.524 -102.427 -104.464 -106.616 -108.864 -111.189 -113.565 -115.962 -118.34 -120.644 -122.801 -124.71 -126.238 -127.212 -127.41 -126.558 -124.324 -120.323 -114.136 -105.328 -93.5046 -78.3692 -59.8112 -38.0009 -13.4837 -89.6557 -90.5248 -91.1819 -91.7413 -92.3 -92.9346 -93.7012 -94.6356 -95.7564 -97.0677 -98.5632 -100.23 -102.05 -104.004 -106.074 -108.239 -110.479 -112.773 -115.094 -117.409 -119.676 -121.836 -123.81 -125.495 -126.755 -127.412 -127.248 -125.991 -123.323 -118.882 -112.282 -103.137 -91.1084 -75.9689 -57.6758 -36.4565 -12.8835 -91.3311 -91.902 -92.3267 -92.7266 -93.1965 -93.8038 -94.5912 -95.5797 -96.7731 -98.163 -99.7328 -101.462 -103.328 -105.308 -107.382 -109.529 -111.728 -113.956 -116.185 -118.381 -120.498 -122.474 -124.228 -125.653 -126.608 -126.919 -126.367 -124.692 -121.591 -116.73 -109.756 -100.335 -88.1878 -73.1507 -55.2439 -34.7409 -12.2278 -92.686 -92.9158 -93.1019 -93.3587 -93.7665 -94.3745 -95.2057 -96.2624 -97.5326 -98.9954 -100.625 -102.396 -104.281 -106.257 -108.303 -110.397 -112.518 -114.644 -116.745 -118.785 -120.715 -122.472 -123.971 -125.102 -125.725 -125.667 -124.716 -122.623 -119.104 -113.855 -106.563 -96.9431 -84.7734 -69.9513 -52.5508 -32.8804 -11.5266 -93.5661 -93.4493 -93.4195 -93.5693 -93.9533 -94.5941 -95.4905 -96.6245 -97.9687 -99.4911 -101.16 -102.944 -104.816 -106.754 -108.736 -110.741 -112.748 -114.736 -116.673 -118.521 -120.232 -121.737 -122.951 -123.764 -124.036 -123.599 -122.248 -119.751 -115.846 -110.259 -102.719 -92.9884 -80.9021 -66.4108 -49.6332 -30.9008 -10.7897 -93.8021 -93.3767 -93.1853 -93.284 -93.6915 -94.3984 -95.3772 -96.5904 -97.9972 -99.5578 -101.236 -103 -104.825 -106.687 -108.567 -110.446 -112.305 -114.12 -115.86 -117.486 -118.948 -120.176 -121.085 -121.564 -121.478 -120.663 -118.928 -116.056 -111.811 -105.951 -98.2463 -88.5064 -76.6156 -62.5716 -46.5277 -28.8275 -10.0265 -93.2158 -92.5682 -92.3012 -92.4217 -92.9052 -93.7085 -94.7795 -96.0645 -97.5136 -99.083 -100.736 -102.443 -104.181 -105.929 -107.672 -109.391 -111.068 -112.679 -114.195 -115.575 -116.766 -117.701 -118.293 -118.434 -117.994 -116.819 -114.73 -111.529 -107.006 -100.953 -93.1797 -83.5391 -71.9596 -58.4776 -43.2706 -26.6844 -9.24565 -91.63 -90.8972 -90.669 -90.8947 -91.5059 -92.4284 -93.591 -94.93 -96.3921 -97.9343 -99.5233 -101.134 -102.746 -104.345 -105.916 -107.445 -108.913 -110.297 -111.568 -112.684 -113.593 -114.227 -114.503 -114.316 -113.542 -112.038 -109.64 -106.171 -101.449 -95.2963 -87.56 -78.1335 -66.9823 -54.1726 -39.897 -24.4941 -8.45525 -88.8845 -88.2486 -88.1925 -88.6085 -89.3905 -90.4426 -91.6836 -93.0484 -94.4867 -95.9615 -97.4461 -98.9215 -100.374 -101.792 -103.164 -104.478 -105.717 -106.859 -107.873 -108.718 -109.344 -109.684 -109.657 -109.165 -108.092 -106.306 -103.661 -100.001 -95.1698 -89.0208 -81.4353 -72.3406 -61.7329 -49.6995 -36.4396 -22.2768 -7.66237 -84.8564 -84.5291 -84.7813 -85.4614 -86.4406 -87.6161 -88.9092 -90.2626 -91.6362 -93.0028 -94.3452 -95.6519 -96.9152 -98.1281 -99.2826 -100.368 -101.368 -102.261 -103.018 -103.598 -103.953 -104.017 -103.716 -102.956 -101.633 -99.6283 -96.8117 -93.0493 -88.2099 -82.1761 -74.8587 -66.2135 -56.26 -45.099 -32.9282 -20.0504 -6.87304 -79.4834 -79.6766 -80.3538 -81.3454 -82.5241 -83.7984 -85.1055 -86.4051 -87.6725 -88.894 -90.0628 -91.1757 -92.2308 -93.2252 -94.1534 -95.0061 -95.7687 -96.42 -96.9312 -97.2643 -97.3713 -97.193 -96.6583 -95.6837 -94.1744 -92.0252 -89.1245 -85.3588 -80.6205 -74.8176 -67.8864 -59.8053 -50.6102 -40.4083 -29.3892 -17.8298 -6.09218 -72.7844 -73.6683 -74.8402 -76.151 -77.5021 -78.8325 -80.1074 -81.31 -82.4347 -83.4824 -84.4568 -85.3625 -86.2024 -86.977 -87.6828 -88.3118 -88.8503 -89.2782 -89.5679 -89.6837 -89.5808 -89.2049 -88.4914 -87.3659 -85.7448 -83.5374 -80.649 -76.9856 -72.4611 -67.0056 -60.5759 -53.1676 -44.8266 -35.6601 -25.8442 -15.6267 -5.32346 -64.872 -66.5246 -68.1883 -69.7752 -71.2415 -72.5711 -73.7648 -74.8324 -75.7876 -76.645 -77.4178 -78.1163 -78.7476 -79.3142 -79.8142 -80.2405 -80.5804 -80.815 -80.9187 -80.8587 -80.5943 -80.0767 -79.2489 -78.0461 -76.3965 -74.2234 -71.4484 -67.9955 -63.7974 -58.8024 -52.9838 -46.3485 -38.9472 -30.8817 -22.3104 -13.4497 -4.56932 -55.9487 -58.3098 -60.3712 -62.1378 -63.6355 -64.8995 -65.9664 -66.8708 -67.6431 -68.3085 -68.8868 -69.3926 -69.8349 -70.2178 -70.5401 -70.7955 -70.9724 -71.0536 -71.0161 -70.8305 -70.461 -69.8654 -68.9945 -67.7936 -66.2028 -64.1589 -61.5987 -58.4624 -54.6986 -50.2707 -45.1636 -39.3914 -33.0043 -26.0945 -18.7999 -11.3038 -3.83096 -46.2816 -49.1276 -51.3991 -53.202 -54.63 -55.763 -56.6663 -57.3926 -57.9831 -58.4691 -58.8739 -59.2135 -59.4977 -59.7309 -59.9123 -60.0366 -60.0933 -60.0674 -59.939 -59.683 -59.2693 -58.6623 -57.8217 -56.7027 -55.2571 -53.4348 -51.1863 -48.466 -45.2359 -41.4711 -37.1646 -32.3333 -27.0233 -21.3138 -15.3197 -9.19086 -3.10834 -36.1582 -39.1143 -41.3342 -43.0001 -44.2516 -45.1948 -45.9098 -46.4564 -46.8789 -47.2097 -47.4716 -47.6798 -47.8435 -47.9667 -48.0487 -48.0851 -48.0671 -47.9824 -47.8148 -47.544 -47.1459 -46.5927 -45.8526 -44.891 -43.6709 -42.1546 -40.3052 -38.0892 -35.48 -32.4612 -29.0307 -25.2051 -21.0231 -16.5487 -11.8721 -7.10973 -2.40035 -25.8312 -28.4315 -30.3045 -31.6553 -32.6309 -33.3373 -33.8508 -34.2263 -34.5031 -34.7087 -34.8624 -34.9765 -35.0584 -35.1112 -35.1345 -35.1246 -35.0752 -34.9769 -34.8176 -34.5826 -34.2543 -33.8126 -33.2347 -32.4961 -31.5708 -30.4323 -29.0552 -27.4169 -25.4999 -23.2941 -20.7998 -18.0307 -15.016 -11.8024 -8.45494 -5.05642 -1.70487 -15.4717 -17.2583 -18.5117 -19.3927 -20.0125 -20.4491 -20.757 -20.9746 -21.1288 -21.2382 -21.3154 -21.3686 -21.4024 -21.4188 -21.4175 -21.3961 -21.3508 -21.2756 -21.1633 -21.0047 -20.7892 -20.5046 -20.1373 -19.6726 -19.0951 -18.3891 -17.5398 -16.5341 -15.3622 -14.0186 -12.5043 -10.8282 -9.00843 -7.07338 -5.06232 -3.02471 -1.01892 -5.14952 -5.78624 -6.22726 -6.53332 -6.74586 -6.89345 -6.99589 -7.06695 -7.11618 -7.15012 -7.1732 -7.18822 -7.19678 -7.19956 -7.19644 -7.18665 -7.16881 -7.14096 -7.10061 -7.04471 -6.96969 -6.87147 -6.74553 -6.58695 -6.39062 -6.1514 -5.86439 -5.52534 -5.13103 -4.6798 -4.17208 -3.61094 -3.00252 -2.35638 -1.68561 -1.00668 -0.33896 5.14952 5.78624 6.22726 6.53332 6.74586 6.89345 6.99589 7.06695 7.11618 7.15012 7.1732 7.18822 7.19678 7.19956 7.19644 7.18665 7.16881 7.14096 7.10061 7.04471 6.96969 6.87147 6.74553 6.58695 6.39062 6.1514 5.86439 5.52534 5.13103 4.6798 4.17208 3.61094 3.00252 2.35638 1.68561 1.00668 0.33896 15.4717 17.2583 18.5117 19.3927 20.0125 20.4491 20.757 20.9746 21.1288 21.2382 21.3154 21.3686 21.4024 21.4188 21.4175 21.3961 21.3508 21.2756 21.1633 21.0047 20.7892 20.5046 20.1373 19.6726 19.0951 18.3891 17.5398 16.5341 15.3622 14.0186 12.5043 10.8282 9.00843 7.07338 5.06232 3.02471 1.01892 25.8312 28.4315 30.3045 31.6553 32.6309 33.3373 33.8508 34.2263 34.5031 34.7087 34.8624 34.9765 35.0584 35.1112 35.1345 35.1246 35.0752 34.9769 34.8176 34.5826 34.2543 33.8126 33.2347 32.4961 31.5708 30.4323 29.0552 27.4169 25.4999 23.2941 20.7998 18.0307 15.016 11.8024 8.45494 5.05642 1.70487 36.1582 39.1143 41.3342 43.0001 44.2516 45.1948 45.9098 46.4564 46.8789 47.2097 47.4716 47.6798 47.8435 47.9667 48.0487 48.0851 48.0671 47.9824 47.8148 47.544 47.1459 46.5927 45.8526 44.891 43.6709 42.1546 40.3052 38.0892 35.48 32.4612 29.0307 25.2051 21.0231 16.5487 11.8721 7.10973 2.40035 46.2816 49.1276 51.3991 53.202 54.63 55.763 56.6663 57.3926 57.9831 58.4691 58.8739 59.2135 59.4977 59.7309 59.9123 60.0366 60.0933 60.0674 59.939 59.683 59.2693 58.6623 57.8217 56.7027 55.2571 53.4348 51.1863 48.466 45.2359 41.4711 37.1646 32.3333 27.0233 21.3138 15.3197 9.19086 3.10834 55.9487 58.3098 60.3712 62.1378 63.6355 64.8995 65.9664 66.8708 67.6431 68.3085 68.8868 69.3926 69.8349 70.2178 70.5401 70.7955 70.9724 71.0536 71.0161 70.8305 70.461 69.8654 68.9945 67.7936 66.2028 64.1589 61.5987 58.4624 54.6986 50.2707 45.1636 39.3914 33.0043 26.0945 18.7999 11.3038 3.83096 64.872 66.5246 68.1883 69.7752 71.2415 72.5711 73.7648 74.8324 75.7876 76.645 77.4178 78.1163 78.7476 79.3142 79.8142 80.2405 80.5804 80.815 80.9187 80.8587 80.5943 80.0767 79.2489 78.0461 76.3965 74.2234 71.4484 67.9955 63.7974 58.8024 52.9838 46.3485 38.9472 30.8817 22.3104 13.4497 4.56932 72.7844 73.6683 74.8402 76.151 77.5021 78.8325 80.1074 81.31 82.4347 83.4824 84.4568 85.3625 86.2024 86.977 87.6828 88.3118 88.8503 89.2782 89.5679 89.6837 89.5808 89.2049 88.4914 87.3659 85.7448 83.5374 80.649 76.9856 72.4611 67.0056 60.5759 53.1676 44.8266 35.6601 25.8442 15.6267 5.32346 79.4834 79.6766 80.3538 81.3454 82.5241 83.7984 85.1055 86.4051 87.6725 88.894 90.0628 91.1757 92.2308 93.2252 94.1534 95.0061 95.7687 96.42 96.9312 97.2643 97.3713 97.193 96.6583 95.6837 94.1744 92.0252 89.1245 85.3588 80.6205 74.8176 67.8864 59.8053 50.6102 40.4083 29.3892 17.8298 6.09218 84.8564 84.5291 84.7813 85.4614 86.4406 87.6161 88.9092 90.2626 91.6362 93.0028 94.3452 95.6519 96.9152 98.1281 99.2826 100.368 101.368 102.261 103.018 103.598 103.953 104.017 103.716 102.956 101.633 99.6283 96.8117 93.0493 88.2099 82.1761 74.8587 66.2135 56.26 45.099 32.9282 20.0504 6.87304 88.8845 88.2486 88.1925 88.6085 89.3905 90.4426 91.6836 93.0484 94.4867 95.9615 97.4461 98.9215 100.374 101.792 103.164 104.478 105.717 106.859 107.873 108.718 109.344 109.684 109.657 109.165 108.092 106.306 103.661 100.001 95.1698 89.0208 81.4353 72.3406 61.7329 49.6995 36.4396 22.2768 7.66237 91.63 90.8972 90.669 90.8947 91.5059 92.4284 93.591 94.93 96.3921 97.9343 99.5233 101.134 102.746 104.345 105.916 107.445 108.913 110.297 111.568 112.684 113.593 114.227 114.503 114.316 113.542 112.038 109.64 106.171 101.449 95.2963 87.56 78.1335 66.9823 54.1726 39.897 24.4941 8.45525 93.2158 92.5682 92.3012 92.4217 92.9052 93.7085 94.7795 96.0645 97.5136 99.083 100.736 102.443 104.181 105.929 107.672 109.391 111.068 112.679 114.195 115.575 116.766 117.701 118.293 118.434 117.994 116.819 114.73 111.529 107.006 100.953 93.1797 83.5391 71.9596 58.4776 43.2706 26.6844 9.24565 93.8021 93.3767 93.1853 93.284 93.6915 94.3984 95.3772 96.5904 97.9972 99.5578 101.236 103 104.825 106.687 108.567 110.446 112.305 114.12 115.86 117.486 118.948 120.176 121.085 121.564 121.478 120.663 118.928 116.056 111.811 105.951 98.2463 88.5064 76.6156 62.5716 46.5277 28.8275 10.0265 93.5661 93.4493 93.4195 93.5693 93.9533 94.5941 95.4905 96.6245 97.9687 99.4911 101.16 102.944 104.816 106.754 108.736 110.741 112.748 114.736 116.673 118.521 120.232 121.737 122.951 123.764 124.036 123.599 122.248 119.751 115.846 110.259 102.719 92.9884 80.9021 66.4108 49.6332 30.9008 10.7897 92.686 92.9158 93.1019 93.3587 93.7665 94.3745 95.2057 96.2624 97.5326 98.9954 100.625 102.396 104.281 106.257 108.303 110.397 112.518 114.644 116.745 118.785 120.715 122.472 123.971 125.102 125.725 125.667 124.716 122.623 119.104 113.855 106.563 96.9431 84.7734 69.9513 52.5508 32.8804 11.5266 91.3311 91.902 92.3267 92.7266 93.1965 93.8038 94.5912 95.5797 96.7731 98.163 99.7328 101.462 103.328 105.308 107.382 109.529 111.728 113.956 116.185 118.381 120.498 122.474 124.228 125.653 126.608 126.919 126.367 124.692 121.591 116.73 109.756 100.335 88.1878 73.1507 55.2439 34.7409 12.2278 89.6557 90.5248 91.1819 91.7413 92.3 92.9346 93.7012 94.6356 95.7564 97.0677 98.5632 100.23 102.05 104.004 106.074 108.239 110.479 112.773 115.094 117.409 119.676 121.836 123.81 125.495 126.755 127.412 127.248 125.991 123.323 118.882 112.282 103.137 91.1084 75.9689 57.6758 36.4565 12.8835 87.7964 88.8894 89.7475 90.4642 91.1264 91.8103 92.578 93.4756 94.5333 95.7671 97.181 98.7703 100.524 102.427 104.464 106.616 108.864 111.189 113.565 115.962 118.34 120.644 122.801 124.71 126.238 127.212 127.41 126.558 124.324 120.323 114.136 105.328 93.5046 78.3692 59.8112 38.0009 13.4837 85.8717 87.0877 88.0943 88.9495 89.7183 90.4667 91.2551 92.1341 93.1422 94.305 95.6364 97.1403 98.8129 100.645 102.624 104.735 106.962 109.285 111.682 114.124 116.576 118.985 121.282 123.373 125.13 126.383 126.912 126.441 124.627 121.071 115.32 106.899 95.3526 80.3192 61.6159 39.3478 14.0183 83.9813 85.1985 86.284 87.245 88.113 88.9341 89.7593 90.6378 91.6119 92.7143 93.9674 95.3835 96.9662 98.7127 100.615 102.662 104.84 107.132 109.517 111.971 114.459 116.933 119.331 121.561 123.503 124.992 125.813 125.688 124.273 121.151 115.847 107.845 96.637 81.7925 63.0581 40.4702 14.4769 82.2043 83.2886 84.3702 85.3925 86.3428 87.238 88.1122 89.0068 89.9637 91.0193 92.2025 93.5331 95.0224 96.6738 98.4852 100.449 102.556 104.79 107.136 109.569 112.058 114.561 117.017 119.345 121.427 123.106 124.174 124.355 123.303 120.596 115.735 108.173 97.3502 82.7712 64.1098 41.3395 14.8484 80.5946 81.4147 82.4009 83.4302 84.4371 85.401 86.3318 87.2572 88.2135 89.2376 90.3624 91.614 93.0105 94.5623 96.2727 98.1396 100.156 102.312 104.591 106.974 109.433 111.929 114.407 116.788 118.966 120.788 122.054 122.495 121.767 119.441 115.009 107.894 97.4917 83.2465 64.7557 41.9229 15.1141 79.1691 79.6289 80.4242 81.3956 82.4238 83.4438 84.4339 85.4019 86.3735 87.3821 88.4622 89.6443 90.9527 92.4041 94.0079 95.7673 97.6796 99.7378 101.93 104.238 106.638 109.094 111.556 113.952 116.18 118.099 119.513 120.163 119.711 117.728 113.698 107.024 97.0664 83.2152 64.996 42.2238 15.212 77.644 77.902 78.5458 79.4452 80.461 81.5046 82.5345 83.5435 84.5464 85.5701 86.6456 87.8028 89.067 90.4575 91.9871 93.6621 95.4833 97.4463 99.5417 101.754 104.06 106.426 108.805 111.125 113.288 115.157 116.543 117.192 116.776 114.876 110.987 104.524 94.8589 81.3855 63.6291 41.3937 14.9584 75.4194 75.6821 76.4021 77.3592 78.4153 79.489 80.5434 81.5726 82.5903 83.6211 84.6935 85.8353 87.0706 88.4183 89.8916 91.4979 93.2394 95.1129 97.11 99.2156 101.407 103.65 105.894 108.071 110.079 111.783 112.995 113.469 112.887 110.848 106.875 100.42 90.9068 77.7891 60.6573 39.378 14.2423 72.6313 73.0055 73.843 74.8891 76.004 77.1141 78.1889 79.2267 80.2427 81.2617 82.3115 83.419 84.6078 85.8968 87.2996 88.8244 90.4741 92.2464 94.1334 96.1204 98.1843 100.291 102.389 104.409 106.252 107.782 108.818 109.12 108.382 106.228 102.207 95.8135 86.521 73.8436 57.4317 37.1938 13.414 69.249 69.8712 70.8748 72.028 73.2055 74.3464 75.4299 76.4605 77.4571 78.4459 79.4551 80.5117 81.639 82.8558 84.176 85.608 87.1554 88.8163 90.5829 92.4407 94.3664 96.3253 98.2674 100.122 101.792 103.145 104.006 104.143 103.269 101.028 97.0015 90.7264 81.7263 69.5717 53.9661 34.8525 12.5356 65.3076 66.2766 67.485 68.7541 69.9889 71.1481 72.2244 73.2304 74.1901 75.1319 76.0852 77.0768 78.13 79.2634 80.4908 81.8209 83.2571 84.7977 86.4352 88.1548 89.9335 91.7365 93.5143 95.1977 96.6916 97.8683 98.5592 98.547 97.5593 95.2656 91.2815 85.1852 76.5501 64.9996 50.2853 32.386 11.6197 60.866 62.2304 63.6598 65.0415 66.3206 67.4814 68.5328 69.4971 70.4039 71.2844 72.1688 73.0842 74.0534 75.0947 76.2215 77.4422 78.7601 80.1734 81.6746 83.2491 84.8738 86.5146 88.1232 89.6321 90.9501 91.9551 92.4877 92.344 91.271 88.9643 85.0738 79.2195 71.0227 60.1569 46.4184 29.8171 10.674 55.9916 57.7503 59.3902 60.867 62.1704 63.3133 64.3218 65.2287 66.069 66.8765 67.6822 68.5129 69.3909 70.3337 71.354 72.4598 73.6541 74.9349 76.2945 77.7186 79.1847 80.6595 82.0965 83.4311 84.5768 85.4187 85.8078 85.5556 84.4295 82.1527 78.4096 72.8617 65.1766 55.0745 42.3924 27.164 9.70427 50.7547 52.8616 54.6743 56.2144 57.5157 58.619 59.5673 60.4031 61.1662 61.8921 62.6122 63.3526 64.1347 64.9749 65.8851 66.8724 67.9395 69.0841 70.2987 71.5692 72.8739 74.1812 75.4468 76.6101 77.5903 78.2808 78.5448 78.2101 77.0661 74.8643 71.3239 66.147 59.0456 49.783 38.2317 24.4425 8.71558 45.2256 47.5946 49.5181 51.0771 52.3445 53.3857 54.258 55.0115 55.6894 56.3283 56.9588 57.606 58.2898 59.0254 59.8235 60.6905 61.6285 62.635 63.7026 64.8179 65.9606 67.1009 68.1976 69.1951 70.019 70.5726 70.7322 70.3432 69.2182 67.1375 63.8549 59.1123 52.6635 44.3114 33.9585 21.6658 7.71237 39.4719 41.9836 43.9367 45.4604 46.6587 47.6152 48.3974 49.0602 49.6479 50.1969 50.7364 51.2897 51.8749 52.5058 53.1916 53.9379 54.7462 55.614 56.5343 57.4946 58.476 59.4516 60.3839 61.2227 61.9016 62.3345 62.4118 61.998 60.9291 59.0149 56.0437 51.7956 46.0638 38.6872 29.5927 18.8457 6.69834 33.5563 36.0663 37.9546 39.3834 40.476 41.3263 42.0064 42.5723 43.0675 43.5262 43.9754 44.4359 44.9239 45.4512 46.0257 46.6521 47.3315 48.0613 48.835 49.6415 50.4639 51.2783 52.0519 52.7406 53.2867 53.6157 53.6334 53.2236 52.2471 50.5428 47.9331 44.2352 39.2791 32.9357 25.152 15.992 5.67656 27.5332 29.8836 31.6071 32.88 33.8312 34.5557 35.1241 35.5893 35.9914 36.3612 36.7223 37.0926 37.4858 37.9117 38.3769 38.8852 39.437 40.0302 40.659 41.3138 41.9802 42.6378 43.2589 43.8065 44.2322 44.474 44.4537 44.0755 43.2249 41.7703 39.5677 36.4696 32.3408 27.0807 20.652 13.113 4.64943 21.4466 23.4789 24.9405 25.9999 26.7772 27.3591 27.8081 28.1706 28.4806 28.764 29.04 29.3232 29.6246 29.9519 30.3102 30.7023 31.1286 31.5871 32.0731 32.5787 33.0924 33.5978 34.0728 34.488 34.8051 34.975 34.9364 34.6142 33.9192 32.7492 30.9928 28.537 25.2791 21.144 16.1064 10.2155 3.61882 15.3284 16.8984 18.0117 18.8076 19.3838 19.8093 20.1336 20.3925 20.6121 20.8118 21.006 21.2055 21.4181 21.6495 21.9033 22.1815 22.4843 22.81 23.1553 23.5142 23.8784 24.2359 24.5705 24.861 25.0795 25.1907 25.1504 24.9048 24.3898 23.5328 22.2546 20.4753 18.1229 15.1456 11.5272 7.30512 2.58604 9.19847 10.1906 10.8876 11.3814 11.7357 11.995 12.191 12.3462 12.4771 12.5958 12.711 12.8294 12.9558 13.0936 13.245 13.4111 13.592 13.7867 13.993 14.2075 14.4248 14.6378 14.8366 15.0083 15.1361 15.1987 15.1693 15.0155 14.699 14.1761 13.3995 12.3218 10.9001 9.10421 6.92519 4.38623 1.55203 3.06614 3.40548 3.64279 3.81017 3.92972 4.01684 4.08239 4.1341 4.17758 4.21691 4.2551 4.29436 4.3363 4.38205 4.43235 4.48757 4.54773 4.6125 4.68113 4.75245 4.8247 4.89543 4.96138 5.01818 5.06022 5.08034 5.06966 5.01731 4.91053 4.73477 4.47431 4.11335 3.63776 3.03752 2.30985 1.46259 0.517405 -3.06614 -3.40548 -3.64279 -3.81017 -3.92972 -4.01684 -4.08239 -4.1341 -4.17758 -4.21691 -4.2551 -4.29436 -4.3363 -4.38205 -4.43235 -4.48757 -4.54773 -4.6125 -4.68113 -4.75245 -4.8247 -4.89543 -4.96138 -5.01818 -5.06022 -5.08034 -5.06966 -5.01731 -4.91053 -4.73477 -4.47431 -4.11335 -3.63776 -3.03752 -2.30985 -1.46259 -0.517405 -9.19847 -10.1906 -10.8876 -11.3814 -11.7357 -11.995 -12.191 -12.3462 -12.4771 -12.5958 -12.711 -12.8294 -12.9558 -13.0936 -13.245 -13.4111 -13.592 -13.7867 -13.993 -14.2075 -14.4248 -14.6378 -14.8366 -15.0083 -15.1361 -15.1987 -15.1693 -15.0155 -14.699 -14.1761 -13.3995 -12.3218 -10.9001 -9.10421 -6.92519 -4.38623 -1.55203 -15.3284 -16.8984 -18.0117 -18.8076 -19.3838 -19.8093 -20.1336 -20.3925 -20.6121 -20.8118 -21.006 -21.2055 -21.4181 -21.6495 -21.9033 -22.1815 -22.4843 -22.81 -23.1553 -23.5142 -23.8784 -24.2359 -24.5705 -24.861 -25.0795 -25.1907 -25.1504 -24.9048 -24.3898 -23.5328 -22.2546 -20.4753 -18.1229 -15.1456 -11.5272 -7.30512 -2.58604 -21.4466 -23.4789 -24.9405 -25.9999 -26.7772 -27.3591 -27.8081 -28.1706 -28.4806 -28.764 -29.04 -29.3232 -29.6246 -29.9519 -30.3102 -30.7023 -31.1286 -31.5871 -32.0731 -32.5787 -33.0924 -33.5978 -34.0728 -34.488 -34.8051 -34.975 -34.9364 -34.6142 -33.9192 -32.7492 -30.9928 -28.537 -25.2791 -21.144 -16.1064 -10.2155 -3.61882 -27.5332 -29.8836 -31.6071 -32.88 -33.8312 -34.5557 -35.1241 -35.5893 -35.9914 -36.3612 -36.7223 -37.0926 -37.4858 -37.9117 -38.3769 -38.8852 -39.437 -40.0302 -40.659 -41.3138 -41.9802 -42.6378 -43.2589 -43.8065 -44.2322 -44.474 -44.4537 -44.0755 -43.2249 -41.7703 -39.5677 -36.4696 -32.3408 -27.0807 -20.652 -13.113 -4.64943 -33.5563 -36.0663 -37.9546 -39.3834 -40.476 -41.3263 -42.0064 -42.5723 -43.0675 -43.5262 -43.9754 -44.4359 -44.9239 -45.4512 -46.0257 -46.6521 -47.3315 -48.0613 -48.835 -49.6415 -50.4639 -51.2783 -52.0519 -52.7406 -53.2867 -53.6157 -53.6334 -53.2236 -52.2471 -50.5428 -47.9331 -44.2352 -39.2791 -32.9357 -25.152 -15.992 -5.67656 -39.4719 -41.9836 -43.9367 -45.4604 -46.6587 -47.6152 -48.3974 -49.0602 -49.6479 -50.1969 -50.7364 -51.2897 -51.8749 -52.5058 -53.1916 -53.9379 -54.7462 -55.614 -56.5343 -57.4946 -58.476 -59.4516 -60.3839 -61.2227 -61.9016 -62.3345 -62.4118 -61.998 -60.9291 -59.0149 -56.0437 -51.7956 -46.0638 -38.6872 -29.5927 -18.8457 -6.69834 -45.2256 -47.5946 -49.5181 -51.0771 -52.3445 -53.3857 -54.258 -55.0115 -55.6894 -56.3283 -56.9588 -57.606 -58.2898 -59.0254 -59.8235 -60.6905 -61.6285 -62.635 -63.7026 -64.8179 -65.9606 -67.1009 -68.1976 -69.1951 -70.019 -70.5726 -70.7322 -70.3432 -69.2182 -67.1375 -63.8549 -59.1123 -52.6635 -44.3114 -33.9585 -21.6658 -7.71237 -50.7547 -52.8616 -54.6743 -56.2144 -57.5157 -58.619 -59.5673 -60.4031 -61.1662 -61.8921 -62.6122 -63.3526 -64.1347 -64.9749 -65.8851 -66.8724 -67.9395 -69.0841 -70.2987 -71.5692 -72.8739 -74.1812 -75.4468 -76.6101 -77.5903 -78.2808 -78.5448 -78.2101 -77.0661 -74.8643 -71.3239 -66.147 -59.0456 -49.783 -38.2317 -24.4425 -8.71558 -55.9916 -57.7503 -59.3902 -60.867 -62.1704 -63.3133 -64.3218 -65.2287 -66.069 -66.8765 -67.6822 -68.5129 -69.3909 -70.3337 -71.3541 -72.4598 -73.6541 -74.9349 -76.2945 -77.7186 -79.1847 -80.6595 -82.0965 -83.4311 -84.5768 -85.4187 -85.8078 -85.5556 -84.4295 -82.1527 -78.4096 -72.8617 -65.1766 -55.0745 -42.3924 -27.164 -9.70427 -60.866 -62.2304 -63.6598 -65.0415 -66.3206 -67.4814 -68.5328 -69.4971 -70.4039 -71.2844 -72.1688 -73.0842 -74.0534 -75.0947 -76.2215 -77.4422 -78.7601 -80.1734 -81.6746 -83.2491 -84.8738 -86.5146 -88.1232 -89.6321 -90.9501 -91.9551 -92.4877 -92.344 -91.271 -88.9643 -85.0738 -79.2195 -71.0227 -60.1569 -46.4184 -29.8171 -10.674 -65.3076 -66.2766 -67.485 -68.7541 -69.9889 -71.1481 -72.2244 -73.2304 -74.1901 -75.1319 -76.0852 -77.0768 -78.13 -79.2634 -80.4908 -81.8209 -83.2571 -84.7977 -86.4352 -88.1548 -89.9335 -91.7365 -93.5143 -95.1977 -96.6916 -97.8683 -98.5592 -98.547 -97.5593 -95.2656 -91.2815 -85.1852 -76.5501 -64.9996 -50.2853 -32.386 -11.6197 -69.249 -69.8712 -70.8748 -72.028 -73.2055 -74.3464 -75.4299 -76.4605 -77.4571 -78.4459 -79.4551 -80.5117 -81.639 -82.8558 -84.176 -85.608 -87.1554 -88.8163 -90.5829 -92.4407 -94.3664 -96.3253 -98.2674 -100.122 -101.792 -103.145 -104.006 -104.143 -103.269 -101.028 -97.0015 -90.7264 -81.7263 -69.5717 -53.9661 -34.8525 -12.5356 -72.6313 -73.0055 -73.843 -74.8891 -76.004 -77.1141 -78.1889 -79.2267 -80.2427 -81.2617 -82.3115 -83.419 -84.6078 -85.8968 -87.2996 -88.8244 -90.4741 -92.2464 -94.1334 -96.1204 -98.1843 -100.291 -102.389 -104.409 -106.252 -107.782 -108.818 -109.12 -108.382 -106.228 -102.207 -95.8135 -86.521 -73.8436 -57.4317 -37.1938 -13.414 -75.4194 -75.6821 -76.4021 -77.3592 -78.4153 -79.489 -80.5434 -81.5726 -82.5903 -83.6211 -84.6935 -85.8353 -87.0706 -88.4183 -89.8916 -91.4979 -93.2394 -95.1129 -97.11 -99.2156 -101.407 -103.65 -105.894 -108.071 -110.079 -111.783 -112.995 -113.469 -112.887 -110.848 -106.875 -100.42 -90.9068 -77.7891 -60.6573 -39.378 -14.2423 -77.644 -77.902 -78.5458 -79.4452 -80.461 -81.5046 -82.5345 -83.5435 -84.5464 -85.5701 -86.6456 -87.8028 -89.067 -90.4575 -91.9871 -93.6621 -95.4833 -97.4463 -99.5417 -101.754 -104.06 -106.426 -108.805 -111.125 -113.288 -115.157 -116.543 -117.192 -116.776 -114.876 -110.987 -104.524 -94.8589 -81.3855 -63.6291 -41.3937 -14.9584 -79.1691 -79.6289 -80.4242 -81.3956 -82.4238 -83.4438 -84.4339 -85.4019 -86.3735 -87.3821 -88.4622 -89.6443 -90.9527 -92.4041 -94.0079 -95.7673 -97.6796 -99.7378 -101.93 -104.238 -106.638 -109.094 -111.556 -113.952 -116.18 -118.099 -119.513 -120.163 -119.711 -117.728 -113.698 -107.024 -97.0664 -83.2152 -64.996 -42.2238 -15.212 -80.5946 -81.4147 -82.4009 -83.4302 -84.4371 -85.401 -86.3318 -87.2572 -88.2135 -89.2376 -90.3624 -91.614 -93.0105 -94.5623 -96.2727 -98.1396 -100.156 -102.312 -104.591 -106.974 -109.433 -111.929 -114.407 -116.788 -118.966 -120.788 -122.054 -122.495 -121.767 -119.441 -115.009 -107.894 -97.4917 -83.2465 -64.7557 -41.9229 -15.1141 -82.2043 -83.2886 -84.3702 -85.3925 -86.3428 -87.238 -88.1122 -89.0068 -89.9637 -91.0193 -92.2025 -93.5331 -95.0224 -96.6738 -98.4852 -100.449 -102.556 -104.79 -107.136 -109.569 -112.058 -114.561 -117.017 -119.345 -121.427 -123.106 -124.174 -124.355 -123.303 -120.596 -115.735 -108.173 -97.3502 -82.7712 -64.1098 -41.3395 -14.8484 -83.9813 -85.1985 -86.284 -87.245 -88.113 -88.9341 -89.7593 -90.6378 -91.6119 -92.7143 -93.9674 -95.3835 -96.9662 -98.7127 -100.615 -102.662 -104.84 -107.132 -109.517 -111.971 -114.459 -116.933 -119.331 -121.561 -123.503 -124.992 -125.813 -125.688 -124.273 -121.151 -115.847 -107.845 -96.637 -81.7925 -63.0581 -40.4702 -14.4769 -85.8717 -87.0877 -88.0943 -88.9495 -89.7183 -90.4667 -91.2551 -92.1341 -93.1422 -94.305 -95.6364 -97.1403 -98.8129 -100.645 -102.624 -104.735 -106.962 -109.285 -111.682 -114.124 -116.576 -118.985 -121.282 -123.373 -125.13 -126.383 -126.912 -126.441 -124.627 -121.071 -115.32 -106.899 -95.3526 -80.3192 -61.6159 -39.3478 -14.0183 -87.7964 -88.8894 -89.7475 -90.4642 -91.1264 -91.8103 -92.578 -93.4756 -94.5333 -95.7671 -97.181 -98.7703 -100.524 -102.427 -104.464 -106.616 -108.864 -111.189 -113.565 -115.962 -118.34 -120.644 -122.801 -124.71 -126.238 -127.212 -127.41 -126.558 -124.324 -120.323 -114.136 -105.328 -93.5046 -78.3692 -59.8112 -38.0009 -13.4837 -89.6557 -90.5248 -91.1819 -91.7413 -92.3 -92.9346 -93.7012 -94.6356 -95.7564 -97.0677 -98.5632 -100.23 -102.05 -104.004 -106.074 -108.239 -110.479 -112.773 -115.094 -117.409 -119.676 -121.836 -123.81 -125.495 -126.755 -127.412 -127.248 -125.991 -123.323 -118.882 -112.282 -103.137 -91.1084 -75.9689 -57.6758 -36.4565 -12.8835 -91.3311 -91.902 -92.3267 -92.7266 -93.1965 -93.8038 -94.5912 -95.5797 -96.7731 -98.163 -99.7328 -101.462 -103.328 -105.308 -107.382 -109.529 -111.728 -113.956 -116.185 -118.381 -120.498 -122.474 -124.228 -125.653 -126.608 -126.919 -126.367 -124.692 -121.591 -116.73 -109.756 -100.335 -88.1878 -73.1507 -55.2439 -34.7409 -12.2278 -92.686 -92.9158 -93.1019 -93.3587 -93.7665 -94.3745 -95.2057 -96.2624 -97.5326 -98.9954 -100.625 -102.396 -104.281 -106.257 -108.303 -110.397 -112.518 -114.644 -116.745 -118.785 -120.715 -122.472 -123.971 -125.102 -125.725 -125.667 -124.716 -122.623 -119.104 -113.855 -106.563 -96.9431 -84.7734 -69.9513 -52.5508 -32.8804 -11.5266 -93.5661 -93.4493 -93.4195 -93.5693 -93.9533 -94.5941 -95.4905 -96.6245 -97.9687 -99.4911 -101.16 -102.944 -104.816 -106.754 -108.736 -110.741 -112.748 -114.736 -116.673 -118.521 -120.232 -121.737 -122.951 -123.764 -124.036 -123.599 -122.248 -119.751 -115.846 -110.259 -102.719 -92.9884 -80.9021 -66.4108 -49.6332 -30.9008 -10.7897 -93.8021 -93.3767 -93.1853 -93.284 -93.6915 -94.3984 -95.3772 -96.5904 -97.9972 -99.5578 -101.236 -103 -104.825 -106.687 -108.567 -110.446 -112.305 -114.12 -115.86 -117.486 -118.948 -120.176 -121.085 -121.564 -121.478 -120.663 -118.928 -116.056 -111.811 -105.951 -98.2463 -88.5064 -76.6156 -62.5716 -46.5277 -28.8275 -10.0265 -93.2158 -92.5682 -92.3012 -92.4217 -92.9052 -93.7085 -94.7795 -96.0645 -97.5136 -99.083 -100.736 -102.443 -104.181 -105.929 -107.672 -109.391 -111.068 -112.679 -114.195 -115.575 -116.766 -117.701 -118.293 -118.434 -117.994 -116.819 -114.73 -111.529 -107.006 -100.953 -93.1797 -83.5391 -71.9596 -58.4776 -43.2706 -26.6844 -9.24565 -91.63 -90.8972 -90.669 -90.8947 -91.5059 -92.4284 -93.591 -94.93 -96.3921 -97.9343 -99.5233 -101.134 -102.746 -104.345 -105.916 -107.445 -108.913 -110.297 -111.568 -112.684 -113.593 -114.227 -114.503 -114.316 -113.542 -112.038 -109.64 -106.171 -101.449 -95.2963 -87.56 -78.1335 -66.9823 -54.1726 -39.897 -24.4941 -8.45525 -88.8845 -88.2486 -88.1925 -88.6085 -89.3905 -90.4426 -91.6836 -93.0484 -94.4867 -95.9615 -97.4461 -98.9215 -100.374 -101.792 -103.164 -104.478 -105.717 -106.859 -107.873 -108.718 -109.344 -109.684 -109.657 -109.165 -108.092 -106.306 -103.661 -100.001 -95.1698 -89.0208 -81.4353 -72.3406 -61.7329 -49.6995 -36.4396 -22.2768 -7.66237 -84.8564 -84.5291 -84.7813 -85.4614 -86.4406 -87.6161 -88.9092 -90.2626 -91.6362 -93.0028 -94.3452 -95.6519 -96.9152 -98.1281 -99.2826 -100.368 -101.368 -102.261 -103.018 -103.598 -103.953 -104.017 -103.716 -102.956 -101.633 -99.6283 -96.8117 -93.0493 -88.2099 -82.1761 -74.8587 -66.2135 -56.26 -45.099 -32.9282 -20.0504 -6.87304 -79.4834 -79.6766 -80.3538 -81.3454 -82.5241 -83.7984 -85.1055 -86.4051 -87.6725 -88.894 -90.0628 -91.1757 -92.2308 -93.2252 -94.1534 -95.0061 -95.7687 -96.42 -96.9312 -97.2643 -97.3713 -97.193 -96.6583 -95.6837 -94.1744 -92.0252 -89.1245 -85.3588 -80.6205 -74.8176 -67.8864 -59.8053 -50.6102 -40.4083 -29.3892 -17.8298 -6.09218 -72.7844 -73.6683 -74.8402 -76.151 -77.5021 -78.8325 -80.1074 -81.31 -82.4347 -83.4824 -84.4568 -85.3625 -86.2024 -86.977 -87.6828 -88.3118 -88.8503 -89.2782 -89.5679 -89.6837 -89.5808 -89.2049 -88.4914 -87.3659 -85.7448 -83.5374 -80.649 -76.9856 -72.4611 -67.0056 -60.5759 -53.1676 -44.8266 -35.6601 -25.8442 -15.6267 -5.32346 -64.872 -66.5246 -68.1883 -69.7752 -71.2415 -72.5711 -73.7648 -74.8324 -75.7876 -76.645 -77.4178 -78.1163 -78.7476 -79.3142 -79.8142 -80.2405 -80.5804 -80.815 -80.9187 -80.8587 -80.5943 -80.0767 -79.2489 -78.0461 -76.3965 -74.2234 -71.4484 -67.9955 -63.7974 -58.8024 -52.9838 -46.3485 -38.9472 -30.8817 -22.3104 -13.4497 -4.56932 -55.9487 -58.3098 -60.3712 -62.1378 -63.6355 -64.8995 -65.9664 -66.8708 -67.6431 -68.3085 -68.8868 -69.3926 -69.8349 -70.2178 -70.5401 -70.7955 -70.9724 -71.0536 -71.0161 -70.8305 -70.461 -69.8654 -68.9945 -67.7936 -66.2028 -64.1589 -61.5987 -58.4624 -54.6986 -50.2707 -45.1636 -39.3914 -33.0043 -26.0945 -18.7999 -11.3038 -3.83096 -46.2816 -49.1276 -51.3991 -53.202 -54.63 -55.763 -56.6663 -57.3926 -57.9831 -58.4691 -58.8739 -59.2135 -59.4977 -59.7309 -59.9123 -60.0366 -60.0933 -60.0674 -59.939 -59.683 -59.2693 -58.6623 -57.8217 -56.7027 -55.2571 -53.4348 -51.1863 -48.466 -45.2359 -41.4711 -37.1646 -32.3333 -27.0233 -21.3138 -15.3197 -9.19086 -3.10834 -36.1582 -39.1143 -41.3342 -43.0001 -44.2516 -45.1948 -45.9098 -46.4564 -46.8789 -47.2097 -47.4716 -47.6798 -47.8435 -47.9667 -48.0487 -48.0851 -48.0671 -47.9824 -47.8148 -47.544 -47.1459 -46.5927 -45.8526 -44.891 -43.6709 -42.1546 -40.3052 -38.0892 -35.48 -32.4612 -29.0307 -25.2051 -21.0231 -16.5487 -11.8721 -7.10973 -2.40035 -25.8312 -28.4315 -30.3045 -31.6553 -32.6309 -33.3373 -33.8508 -34.2263 -34.5031 -34.7087 -34.8624 -34.9765 -35.0584 -35.1112 -35.1345 -35.1246 -35.0752 -34.9769 -34.8176 -34.5826 -34.2543 -33.8126 -33.2347 -32.4961 -31.5708 -30.4323 -29.0552 -27.4169 -25.4999 -23.2941 -20.7998 -18.0307 -15.016 -11.8024 -8.45494 -5.05642 -1.70487 -15.4717 -17.2583 -18.5117 -19.3927 -20.0125 -20.4491 -20.757 -20.9746 -21.1288 -21.2382 -21.3154 -21.3686 -21.4024 -21.4188 -21.4175 -21.3961 -21.3508 -21.2756 -21.1633 -21.0047 -20.7892 -20.5046 -20.1373 -19.6726 -19.0951 -18.3891 -17.5398 -16.5341 -15.3622 -14.0186 -12.5043 -10.8282 -9.00843 -7.07338 -5.06232 -3.02471 -1.01892 -5.14952 -5.78624 -6.22726 -6.53332 -6.74586 -6.89345 -6.99589 -7.06695 -7.11618 -7.15012 -7.1732 -7.18822 -7.19678 -7.19956 -7.19644 -7.18665 -7.16881 -7.14096 -7.10061 -7.04471 -6.96969 -6.87147 -6.74553 -6.58695 -6.39062 -6.1514 -5.86439 -5.52534 -5.13103 -4.6798 -4.17208 -3.61094 -3.00252 -2.35638 -1.68561 -1.00668 -0.33896 5.14952 5.78624 6.22726 6.53332 6.74586 6.89345 6.99589 7.06695 7.11618 7.15012 7.1732 7.18822 7.19678 7.19956 7.19644 7.18665 7.16881 7.14096 7.10061 7.04471 6.96969 6.87147 6.74553 6.58695 6.39062 6.1514 5.86439 5.52534 5.13103 4.6798 4.17208 3.61094 3.00252 2.35638 1.68561 1.00668 0.33896 15.4717 17.2583 18.5117 19.3927 20.0125 20.4491 20.757 20.9746 21.1288 21.2382 21.3154 21.3686 21.4024 21.4188 21.4175 21.3961 21.3508 21.2756 21.1633 21.0047 20.7892 20.5046 20.1373 19.6726 19.0951 18.3891 17.5398 16.5341 15.3622 14.0186 12.5043 10.8282 9.00843 7.07338 5.06232 3.02471 1.01892 25.8312 28.4315 30.3045 31.6553 32.6309 33.3373 33.8508 34.2263 34.5031 34.7087 34.8624 34.9765 35.0584 35.1112 35.1345 35.1246 35.0752 34.9769 34.8176 34.5826 34.2543 33.8126 33.2347 32.4961 31.5708 30.4323 29.0552 27.4169 25.4999 23.2941 20.7998 18.0307 15.016 11.8024 8.45494 5.05642 1.70487 36.1582 39.1143 41.3342 43.0001 44.2516 45.1948 45.9098 46.4564 46.8789 47.2097 47.4716 47.6798 47.8435 47.9667 48.0487 48.0851 48.0671 47.9824 47.8148 47.544 47.1459 46.5927 45.8526 44.891 43.6709 42.1546 40.3052 38.0892 35.48 32.4612 29.0307 25.2051 21.0231 16.5487 11.8721 7.10973 2.40035 46.2816 49.1276 51.3991 53.202 54.63 55.763 56.6663 57.3926 57.9831 58.4691 58.8739 59.2135 59.4977 59.7309 59.9123 60.0366 60.0933 60.0674 59.939 59.683 59.2693 58.6623 57.8217 56.7027 55.2571 53.4348 51.1863 48.466 45.2359 41.4711 37.1646 32.3333 27.0233 21.3138 15.3197 9.19086 3.10834 55.9487 58.3098 60.3712 62.1378 63.6355 64.8995 65.9664 66.8708 67.6431 68.3085 68.8868 69.3926 69.8349 70.2178 70.5401 70.7955 70.9724 71.0536 71.0161 70.8305 70.461 69.8654 68.9945 67.7936 66.2028 64.1589 61.5987 58.4624 54.6986 50.2707 45.1636 39.3914 33.0043 26.0945 18.7999 11.3038 3.83096 64.872 66.5246 68.1883 69.7752 71.2415 72.5711 73.7648 74.8324 75.7876 76.645 77.4178 78.1163 78.7476 79.3142 79.8142 80.2405 80.5804 80.815 80.9187 80.8587 80.5943 80.0767 79.2489 78.0461 76.3965 74.2234 71.4484 67.9955 63.7974 58.8024 52.9838 46.3485 38.9472 30.8817 22.3104 13.4497 4.56932 72.7844 73.6683 74.8402 76.151 77.5021 78.8325 80.1074 81.31 82.4347 83.4824 84.4568 85.3625 86.2024 86.977 87.6828 88.3118 88.8503 89.2782 89.5679 89.6837 89.5808 89.2049 88.4914 87.3659 85.7448 83.5374 80.649 76.9856 72.4611 67.0056 60.5759 53.1676 44.8266 35.6601 25.8442 15.6267 5.32346 79.4834 79.6766 80.3538 81.3454 82.5241 83.7984 85.1055 86.4051 87.6725 88.894 90.0628 91.1757 92.2308 93.2252 94.1534 95.0061 95.7687 96.42 96.9312 97.2643 97.3713 97.193 96.6583 95.6837 94.1744 92.0252 89.1245 85.3588 80.6205 74.8176 67.8864 59.8053 50.6102 40.4083 29.3892 17.8298 6.09218 84.8564 84.5291 84.7813 85.4614 86.4406 87.6161 88.9092 90.2626 91.6362 93.0028 94.3452 95.6519 96.9152 98.1281 99.2826 100.368 101.368 102.261 103.018 103.598 103.953 104.017 103.716 102.956 101.633 99.6283 96.8117 93.0493 88.2099 82.1761 74.8587 66.2135 56.26 45.099 32.9282 20.0504 6.87304 88.8845 88.2486 88.1925 88.6085 89.3905 90.4426 91.6836 93.0484 94.4867 95.9615 97.4461 98.9215 100.374 101.792 103.164 104.478 105.717 106.859 107.873 108.718 109.344 109.684 109.657 109.165 108.092 106.306 103.661 100.001 95.1698 89.0208 81.4353 72.3406 61.7329 49.6995 36.4396 22.2768 7.66237 91.63 90.8972 90.669 90.8947 91.5059 92.4284 93.591 94.93 96.3921 97.9343 99.5233 101.134 102.746 104.345 105.916 107.445 108.913 110.297 111.568 112.684 113.593 114.227 114.503 114.316 113.542 112.038 109.64 106.171 101.449 95.2963 87.56 78.1335 66.9823 54.1726 39.897 24.4941 8.45525 93.2158 92.5682 92.3012 92.4217 92.9052 93.7085 94.7795 96.0645 97.5136 99.083 100.736 102.443 104.181 105.929 107.672 109.391 111.068 112.679 114.195 115.575 116.766 117.701 118.293 118.434 117.994 116.819 114.73 111.529 107.006 100.953 93.1797 83.5391 71.9596 58.4776 43.2706 26.6844 9.24565 93.8021 93.3767 93.1853 93.284 93.6915 94.3984 95.3772 96.5904 97.9972 99.5578 101.236 103 104.825 106.687 108.567 110.446 112.305 114.12 115.86 117.486 118.948 120.176 121.085 121.564 121.478 120.663 118.928 116.056 111.811 105.951 98.2463 88.5064 76.6156 62.5716 46.5277 28.8275 10.0265 93.5661 93.4493 93.4195 93.5693 93.9533 94.5941 95.4905 96.6245 97.9687 99.4911 101.16 102.944 104.816 106.754 108.736 110.741 112.748 114.736 116.673 118.521 120.232 121.737 122.951 123.764 124.036 123.599 122.248 119.751 115.846 110.259 102.719 92.9884 80.9021 66.4108 49.6332 30.9008 10.7897 92.686 92.9158 93.1019 93.3587 93.7665 94.3745 95.2057 96.2624 97.5326 98.9954 100.625 102.396 104.281 106.257 108.303 110.397 112.518 114.644 116.745 118.785 120.715 122.472 123.971 125.102 125.725 125.667 124.716 122.623 119.104 113.855 106.563 96.9431 84.7734 69.9513 52.5508 32.8804 11.5266 91.3311 91.902 92.3267 92.7266 93.1965 93.8038 94.5912 95.5797 96.7731 98.163 99.7328 101.462 103.328 105.308 107.382 109.529 111.728 113.956 116.185 118.381 120.498 122.474 124.228 125.653 126.608 126.919 126.367 124.692 121.591 116.73 109.756 100.335 88.1878 73.1507 55.2439 34.7409 12.2278 89.6557 90.5248 91.1819 91.7413 92.3 92.9346 93.7012 94.6356 95.7564 97.0677 98.5632 100.23 102.05 104.004 106.074 108.239 110.479 112.773 115.094 117.409 119.676 121.836 123.81 125.495 126.755 127.412 127.248 125.991 123.323 118.882 112.282 103.137 91.1084 75.9689 57.6758 36.4565 12.8835 87.7964 88.8894 89.7475 90.4642 91.1264 91.8103 92.578 93.4756 94.5333 95.7671 97.181 98.7703 100.524 102.427 104.464 106.616 108.864 111.189 113.565 115.962 118.34 120.644 122.801 124.71 126.238 127.212 127.41 126.558 124.324 120.323 114.136 105.328 93.5046 78.3692 59.8112 38.0009 13.4837 85.8717 87.0877 88.0943 88.9495 89.7183 90.4667 91.2551 92.1341 93.1422 94.305 95.6364 97.1403 98.8129 100.645 102.624 104.735 106.962 109.285 111.682 114.124 116.576 118.985 121.282 123.373 125.13 126.383 126.912 126.441 124.627 121.071 115.32 106.899 95.3526 80.3192 61.6159 39.3478 14.0183 83.9813 85.1985 86.284 87.245 88.113 88.9341 89.7593 90.6378 91.6119 92.7143 93.9674 95.3835 96.9662 98.7127 100.615 102.662 104.84 107.132 109.517 111.971 114.459 116.933 119.331 121.561 123.503 124.992 125.813 125.688 124.273 121.151 115.847 107.845 96.637 81.7925 63.0581 40.4702 14.4769 82.2043 83.2886 84.3702 85.3925 86.3428 87.238 88.1122 89.0068 89.9637 91.0193 92.2025 93.5331 95.0224 96.6738 98.4852 100.449 102.556 104.79 107.136 109.569 112.058 114.561 117.017 119.345 121.427 123.106 124.174 124.355 123.303 120.596 115.735 108.173 97.3502 82.7712 64.1098 41.3395 14.8484 80.5946 81.4147 82.4009 83.4302 84.4371 85.401 86.3318 87.2572 88.2135 89.2376 90.3624 91.614 93.0105 94.5623 96.2727 98.1396 100.156 102.312 104.591 106.974 109.433 111.929 114.407 116.788 118.966 120.788 122.054 122.495 121.767 119.441 115.009 107.894 97.4917 83.2465 64.7557 41.9229 15.1141 79.1691 79.6289 80.4242 81.3956 82.4238 83.4438 84.4339 85.4019 86.3735 87.3821 88.4622 89.6443 90.9527 92.4041 94.0079 95.7673 97.6796 99.7378 101.93 104.238 106.638 109.094 111.556 113.952 116.18 118.099 119.513 120.163 119.711 117.728 113.698 107.024 97.0664 83.2152 64.996 42.2238 15.212 77.644 77.902 78.5458 79.4452 80.461 81.5046 82.5345 83.5435 84.5464 85.5701 86.6456 87.8028 89.067 90.4575 91.9871 93.6621 95.4833 97.4463 99.5417 101.754 104.06 106.426 108.805 111.125 113.288 115.157 116.543 117.192 116.776 114.876 110.987 104.524 94.8589 81.3855 63.6291 41.3937 14.9584 75.4194 75.6821 76.4021 77.3592 78.4153 79.489 80.5434 81.5726 82.5903 83.6211 84.6935 85.8353 87.0706 88.4183 89.8916 91.4979 93.2394 95.1129 97.11 99.2156 101.407 103.65 105.894 108.071 110.079 111.783 112.995 113.469 112.887 110.848 106.875 100.42 90.9068 77.7891 60.6573 39.378 14.2423 72.6313 73.0055 73.843 74.8891 76.004 77.1141 78.1889 79.2267 80.2427 81.2617 82.3115 83.419 84.6078 85.8968 87.2996 88.8244 90.4741 92.2464 94.1334 96.1204 98.1843 100.291 102.389 104.409 106.252 107.782 108.818 109.12 108.382 106.228 102.207 95.8135 86.521 73.8436 57.4317 37.1938 13.414 69.249 69.8712 70.8748 72.028 73.2055 74.3464 75.4299 76.4605 77.4571 78.4459 79.4551 80.5117 81.639 82.8558 84.176 85.608 87.1554 88.8163 90.5829 92.4407 94.3664 96.3253 98.2674 100.122 101.792 103.145 104.006 104.143 103.269 101.028 97.0015 90.7264 81.7263 69.5717 53.9661 34.8525 12.5356 65.3076 66.2766 67.485 68.7541 69.9889 71.1481 72.2244 73.2304 74.1901 75.1319 76.0852 77.0768 78.13 79.2634 80.4908 81.8209 83.2571 84.7977 86.4352 88.1548 89.9335 91.7365 93.5143 95.1977 96.6916 97.8683 98.5592 98.547 97.5593 95.2656 91.2815 85.1852 76.5501 64.9996 50.2853 32.386 11.6197 60.866 62.2304 63.6598 65.0415 66.3206 67.4814 68.5328 69.4971 70.4039 71.2844 72.1688 73.0842 74.0534 75.0947 76.2215 77.4422 78.7601 80.1734 81.6746 83.2491 84.8738 86.5146 88.1232 89.6321 90.9501 91.9551 92.4877 92.344 91.271 88.9643 85.0738 79.2195 71.0227 60.1569 46.4184 29.8171 10.674 55.9916 57.7503 59.3902 60.867 62.1704 63.3133 64.3218 65.2287 66.069 66.8765 67.6822 68.5129 69.3909 70.3337 71.354 72.4598 73.6541 74.9349 76.2945 77.7186 79.1847 80.6595 82.0965 83.4311 84.5768 85.4187 85.8078 85.5556 84.4295 82.1527 78.4096 72.8617 65.1766 55.0745 42.3924 27.164 9.70427 50.7547 52.8616 54.6743 56.2144 57.5157 58.619 59.5673 60.4031 61.1662 61.8921 62.6122 63.3526 64.1347 64.9749 65.8851 66.8724 67.9395 69.0841 70.2987 71.5692 72.8739 74.1812 75.4468 76.6101 77.5903 78.2808 78.5448 78.2101 77.0661 74.8643 71.3239 66.147 59.0456 49.783 38.2317 24.4425 8.71558 45.2256 47.5946 49.5181 51.0771 52.3445 53.3857 54.258 55.0115 55.6894 56.3283 56.9588 57.606 58.2898 59.0254 59.8235 60.6905 61.6285 62.635 63.7026 64.8179 65.9606 67.1009 68.1976 69.1951 70.019 70.5726 70.7322 70.3432 69.2182 67.1375 63.8549 59.1123 52.6635 44.3114 33.9585 21.6658 7.71237 39.4719 41.9836 43.9367 45.4604 46.6587 47.6152 48.3974 49.0602 49.6479 50.1969 50.7364 51.2897 51.8749 52.5058 53.1916 53.9379 54.7462 55.614 56.5343 57.4946 58.476 59.4516 60.3839 61.2227 61.9016 62.3345 62.4118 61.998 60.9291 59.0149 56.0437 51.7956 46.0638 38.6872 29.5927 18.8457 6.69834 33.5563 36.0663 37.9546 39.3834 40.476 41.3263 42.0064 42.5723 43.0675 43.5262 43.9754 44.4359 44.9239 45.4512 46.0257 46.6521 47.3315 48.0613 48.835 49.6415 50.4639 51.2783 52.0519 52.7406 53.2867 53.6157 53.6334 53.2236 52.2471 50.5428 47.9331 44.2352 39.2791 32.9357 25.152 15.992 5.67656 27.5332 29.8836 31.6071 32.88 33.8312 34.5557 35.1241 35.5893 35.9914 36.3612 36.7223 37.0926 37.4858 37.9117 38.3769 38.8852 39.437 40.0302 40.659 41.3138 41.9802 42.6378 43.2589 43.8065 44.2322 44.474 44.4537 44.0755 43.2249 41.7703 39.5677 36.4696 32.3408 27.0807 20.652 13.113 4.64943 21.4466 23.4789 24.9405 25.9999 26.7772 27.3591 27.8081 28.1706 28.4806 28.764 29.04 29.3232 29.6246 29.9519 30.3102 30.7023 31.1286 31.5871 32.0731 32.5787 33.0924 33.5978 34.0728 34.488 34.8051 34.975 34.9364 34.6142 33.9192 32.7492 30.9928 28.537 25.2791 21.144 16.1064 10.2155 3.61882 15.3284 16.8984 18.0117 18.8076 19.3838 19.8093 20.1336 20.3925 20.6121 20.8118 21.006 21.2055 21.4181 21.6495 21.9033 22.1815 22.4843 22.81 23.1553 23.5142 23.8784 24.2359 24.5705 24.861 25.0795 25.1907 25.1504 24.9048 24.3898 23.5328 22.2546 20.4753 18.1229 15.1456 11.5272 7.30512 2.58604 9.19847 10.1906 10.8876 11.3814 11.7357 11.995 12.191 12.3462 12.4771 12.5958 12.711 12.8294 12.9558 13.0936 13.245 13.4111 13.592 13.7867 13.993 14.2075 14.4248 14.6378 14.8366 15.0083 15.1361 15.1987 15.1693 15.0155 14.699 14.1761 13.3995 12.3218 10.9001 9.10421 6.92519 4.38623 1.55203 3.06614 3.40548 3.64279 3.81017 3.92972 4.01684 4.08239 4.1341 4.17758 4.21691 4.2551 4.29436 4.3363 4.38205 4.43235 4.48757 4.54773 4.6125 4.68113 4.75245 4.8247 4.89543 4.96138 5.01818 5.06022 5.08034 5.06966 5.01731 4.91053 4.73477 4.47431 4.11335 3.63776 3.03752 2.30985 1.46259 0.517405 -3.06614 -3.40548 -3.64279 -3.81017 -3.92972 -4.01684 -4.08239 -4.1341 -4.17758 -4.21691 -4.2551 -4.29436 -4.3363 -4.38205 -4.43235 -4.48757 -4.54773 -4.6125 -4.68113 -4.75245 -4.8247 -4.89543 -4.96138 -5.01818 -5.06022 -5.08034 -5.06966 -5.01731 -4.91053 -4.73477 -4.47431 -4.11335 -3.63776 -3.03752 -2.30985 -1.46259 -0.517405 -9.19847 -10.1906 -10.8876 -11.3814 -11.7357 -11.995 -12.191 -12.3462 -12.4771 -12.5958 -12.711 -12.8294 -12.9558 -13.0936 -13.245 -13.4111 -13.592 -13.7867 -13.993 -14.2075 -14.4248 -14.6378 -14.8366 -15.0083 -15.1361 -15.1987 -15.1693 -15.0155 -14.699 -14.1761 -13.3995 -12.3218 -10.9001 -9.10421 -6.92519 -4.38623 -1.55203 -15.3284 -16.8984 -18.0117 -18.8076 -19.3838 -19.8093 -20.1336 -20.3925 -20.6121 -20.8118 -21.006 -21.2055 -21.4181 -21.6495 -21.9033 -22.1815 -22.4843 -22.81 -23.1553 -23.5142 -23.8784 -24.2359 -24.5705 -24.861 -25.0795 -25.1907 -25.1504 -24.9048 -24.3898 -23.5328 -22.2546 -20.4753 -18.1229 -15.1456 -11.5272 -7.30512 -2.58604 -21.4466 -23.4789 -24.9405 -25.9999 -26.7772 -27.3591 -27.8081 -28.1706 -28.4806 -28.764 -29.04 -29.3232 -29.6246 -29.9519 -30.3102 -30.7023 -31.1286 -31.5871 -32.0731 -32.5787 -33.0924 -33.5978 -34.0728 -34.488 -34.8051 -34.975 -34.9364 -34.6142 -33.9192 -32.7492 -30.9928 -28.537 -25.2791 -21.144 -16.1064 -10.2155 -3.61882 -27.5332 -29.8836 -31.6071 -32.88 -33.8312 -34.5557 -35.1241 -35.5893 -35.9914 -36.3612 -36.7223 -37.0926 -37.4858 -37.9117 -38.3769 -38.8852 -39.437 -40.0302 -40.659 -41.3138 -41.9802 -42.6378 -43.2589 -43.8065 -44.2322 -44.474 -44.4537 -44.0755 -43.2249 -41.7703 -39.5677 -36.4696 -32.3408 -27.0807 -20.652 -13.113 -4.64943 -33.5563 -36.0663 -37.9546 -39.3834 -40.476 -41.3263 -42.0064 -42.5723 -43.0675 -43.5262 -43.9754 -44.4359 -44.9239 -45.4512 -46.0257 -46.6521 -47.3315 -48.0613 -48.835 -49.6415 -50.4639 -51.2783 -52.0519 -52.7406 -53.2867 -53.6157 -53.6334 -53.2236 -52.2471 -50.5428 -47.9331 -44.2352 -39.2791 -32.9357 -25.152 -15.992 -5.67656 -39.4719 -41.9836 -43.9367 -45.4604 -46.6587 -47.6152 -48.3974 -49.0602 -49.6479 -50.1969 -50.7364 -51.2897 -51.8749 -52.5058 -53.1916 -53.9379 -54.7462 -55.614 -56.5343 -57.4946 -58.476 -59.4516 -60.3839 -61.2227 -61.9016 -62.3345 -62.4118 -61.998 -60.9291 -59.0149 -56.0437 -51.7956 -46.0638 -38.6872 -29.5927 -18.8457 -6.69834 -45.2256 -47.5946 -49.5181 -51.0771 -52.3445 -53.3857 -54.258 -55.0115 -55.6894 -56.3283 -56.9588 -57.606 -58.2898 -59.0254 -59.8235 -60.6905 -61.6285 -62.635 -63.7026 -64.8179 -65.9606 -67.1009 -68.1976 -69.1951 -70.019 -70.5726 -70.7322 -70.3432 -69.2182 -67.1375 -63.8549 -59.1123 -52.6635 -44.3114 -33.9585 -21.6658 -7.71237 -50.7547 -52.8616 -54.6743 -56.2144 -57.5157 -58.619 -59.5673 -60.4031 -61.1662 -61.8921 -62.6122 -63.3526 -64.1347 -64.9749 -65.8851 -66.8724 -67.9395 -69.0841 -70.2987 -71.5692 -72.8739 -74.1812 -75.4468 -76.6101 -77.5903 -78.2808 -78.5448 -78.2101 -77.0661 -74.8643 -71.3239 -66.147 -59.0456 -49.783 -38.2317 -24.4425 -8.71558 -55.9916 -57.7503 -59.3902 -60.867 -62.1704 -63.3133 -64.3218 -65.2287 -66.069 -66.8765 -67.6822 -68.5129 -69.3909 -70.3337 -71.354 -72.4598 -73.6541 -74.9349 -76.2945 -77.7186 -79.1847 -80.6595 -82.0965 -83.4311 -84.5768 -85.4187 -85.8078 -85.5556 -84.4295 -82.1527 -78.4096 -72.8617 -65.1766 -55.0745 -42.3924 -27.164 -9.70427 -60.866 -62.2304 -63.6598 -65.0415 -66.3206 -67.4814 -68.5328 -69.4971 -70.4039 -71.2844 -72.1688 -73.0842 -74.0534 -75.0947 -76.2215 -77.4422 -78.7601 -80.1734 -81.6746 -83.2491 -84.8738 -86.5146 -88.1232 -89.6321 -90.9501 -91.9551 -92.4877 -92.344 -91.271 -88.9643 -85.0738 -79.2195 -71.0227 -60.1569 -46.4184 -29.8171 -10.674 -65.3076 -66.2766 -67.485 -68.7541 -69.9889 -71.1481 -72.2244 -73.2304 -74.1901 -75.1319 -76.0852 -77.0768 -78.13 -79.2634 -80.4908 -81.8209 -83.2571 -84.7977 -86.4352 -88.1548 -89.9335 -91.7365 -93.5143 -95.1977 -96.6916 -97.8683 -98.5592 -98.547 -97.5593 -95.2656 -91.2815 -85.1852 -76.5501 -64.9996 -50.2853 -32.386 -11.6197 -69.249 -69.8712 -70.8748 -72.028 -73.2055 -74.3464 -75.4299 -76.4605 -77.4571 -78.4459 -79.4551 -80.5117 -81.639 -82.8558 -84.176 -85.608 -87.1554 -88.8163 -90.5829 -92.4407 -94.3664 -96.3253 -98.2674 -100.122 -101.792 -103.145 -104.006 -104.143 -103.269 -101.028 -97.0015 -90.7264 -81.7263 -69.5717 -53.9661 -34.8525 -12.5356 -72.6313 -73.0055 -73.843 -74.8891 -76.004 -77.1141 -78.1889 -79.2267 -80.2427 -81.2617 -82.3115 -83.419 -84.6078 -85.8968 -87.2996 -88.8244 -90.4741 -92.2464 -94.1334 -96.1204 -98.1843 -100.291 -102.389 -104.409 -106.252 -107.782 -108.818 -109.12 -108.382 -106.228 -102.207 -95.8135 -86.521 -73.8436 -57.4317 -37.1938 -13.414 -75.4194 -75.6821 -76.4021 -77.3592 -78.4153 -79.489 -80.5434 -81.5726 -82.5903 -83.6211 -84.6935 -85.8353 -87.0706 -88.4183 -89.8916 -91.4979 -93.2394 -95.1129 -97.11 -99.2156 -101.407 -103.65 -105.894 -108.071 -110.079 -111.783 -112.995 -113.469 -112.887 -110.848 -106.875 -100.42 -90.9068 -77.7891 -60.6573 -39.378 -14.2423 -77.644 -77.902 -78.5458 -79.4452 -80.461 -81.5046 -82.5345 -83.5435 -84.5464 -85.5701 -86.6456 -87.8028 -89.067 -90.4575 -91.9871 -93.6621 -95.4833 -97.4463 -99.5417 -101.754 -104.06 -106.426 -108.805 -111.125 -113.288 -115.157 -116.543 -117.192 -116.776 -114.876 -110.987 -104.524 -94.8589 -81.3855 -63.6291 -41.3937 -14.9584 
Sigma_intensity 1 5920 float
170.093 170.717 171.676 172.794 173.948 175.074 176.151 177.191 178.229 179.308 180.474 181.766 183.217 184.848 186.673 188.697 190.919 193.336 195.938 198.711 201.634 204.669 207.758 210.81 213.684 216.172 217.979 218.693 217.77 214.51 208.067 197.48 181.772 160.167 132.54 100.611 72.0319 170.481 171.679 172.982 174.267 175.479 176.605 177.668 178.708 179.776 180.925 182.202 183.645 185.28 187.125 189.185 191.463 193.954 196.65 199.541 202.609 205.826 209.15 212.515 215.817 218.905 221.557 223.466 224.219 223.277 219.975 213.534 203.127 188.015 167.831 143.186 117.042 97.5876 171.401 173.038 174.549 175.902 177.108 178.203 179.242 180.287 181.401 182.64 184.048 185.658 187.491 189.556 191.854 194.382 197.133 200.095 203.254 206.587 210.064 213.635 217.223 220.718 223.956 226.707 228.66 229.404 228.424 225.105 218.768 208.757 194.618 176.449 155.562 135.685 124.274 172.882 174.757 176.335 177.665 178.812 179.852 180.864 181.925 183.103 184.451 186.008 187.8 189.838 192.126 194.659 197.429 200.424 203.63 207.028 210.593 214.288 218.056 221.815 225.443 228.77 231.561 233.508 234.214 233.202 229.928 223.839 214.481 201.72 186.116 169.552 156.03 151.718 174.866 176.776 178.289 179.515 180.563 181.534 182.524 183.617 184.876 186.352 188.073 190.056 192.304 194.812 197.57 200.565 203.782 207.203 210.806 214.562 218.429 222.343 226.215 229.918 233.278 236.06 237.967 238.629 237.621 234.491 228.833 220.422 209.451 196.899 185.024 177.694 179.628 177.255 179.017 180.352 181.412 182.33 183.228 184.208 185.349 186.711 188.331 190.228 192.406 194.86 197.577 200.543 203.739 207.149 210.75 214.518 218.42 222.407 226.413 230.343 234.068 237.412 240.151 242.004 242.643 241.708 238.857 233.853 226.708 217.929 208.828 201.823 200.349 207.77 179.928 181.391 182.458 183.303 184.079 184.91 185.895 187.107 188.589 190.367 192.445 194.815 197.465 200.373 203.522 206.889 210.455 214.195 218.082 222.08 226.136 230.181 234.119 237.818 241.112 243.789 245.6 246.265 245.508 243.111 239.014 233.468 227.25 221.891 219.765 223.709 235.935 182.753 183.798 184.529 185.134 185.767 186.547 187.561 188.864 190.484 192.427 194.684 197.237 200.062 203.137 206.435 209.936 213.616 217.449 221.407 225.449 229.524 233.559 237.459 241.1 244.324 246.945 248.751 249.525 249.087 247.351 244.439 240.817 237.472 236.027 238.648 247.516 263.923 185.583 186.123 186.481 186.841 187.347 188.102 189.171 190.587 192.356 194.465 196.892 199.607 202.582 205.788 209.198 212.788 216.535 220.413 224.391 228.429 232.475 236.458 240.289 243.852 247.009 249.604 251.474 252.475 252.528 251.688 250.245 248.847 248.611 251.13 258.25 271.526 291.54 188.257 188.244 188.22 188.354 188.765 189.53 190.683 192.23 194.152 196.421 198.998 201.848 204.936 208.232 211.707 215.339 219.104 222.977 226.927 230.916 234.894 238.796 242.539 246.026 249.143 251.772 253.806 255.182 255.929 256.234 256.536 257.616 260.633 267.05 278.339 295.503 318.594 190.599 190.026 189.646 189.597 189.963 190.779 192.044 193.734 195.807 198.216 200.916 203.863 207.021 210.359 213.851 217.475 221.209 225.03 228.909 232.812 236.694 240.499 244.158 247.594 250.724 253.476 255.806 257.734 259.393 261.094 263.39 267.133 273.45 283.599 298.676 319.218 344.898 192.421 191.326 190.655 190.494 190.875 191.786 193.188 195.024 197.234 199.757 202.541 205.541 208.721 212.051 215.509 219.076 222.733 226.461 230.235 234.028 237.802 241.514 245.113 248.548 251.773 254.765 257.548 260.224 263.023 266.353 270.843 277.357 286.922 300.559 319.009 342.444 370.266 193.525 192.006 191.146 190.965 191.432 192.482 194.037 196.014 198.336 200.936 203.759 206.761 209.911 213.183 216.559 220.024 223.566 227.17 230.819 234.492 238.165 241.809 245.397 248.907 252.335 255.711 259.122 262.75 266.904 272.061 278.883 288.189 300.867 317.688 339.088 364.956 394.515 193.719 191.932 191.028 190.939 191.565 192.791 194.504 196.604 199.004 201.636 204.448 207.402 210.47 213.637 216.888 220.217 223.616 227.079 230.596 234.159 237.758 241.383 245.033 248.719 252.48 256.398 260.622 265.398 271.094 278.224 287.438 299.476 315.057 334.723 358.656 386.535 417.468 192.834 191.001 190.228 190.353 191.207 192.636 194.502 196.695 199.131 201.745 204.495 207.35 210.293 213.315 216.41 219.578 222.821 226.141 229.54 233.022 236.595 240.272 244.077 248.059 252.297 256.922 262.134 268.228 275.608 284.791 296.382 311.014 329.239 351.392 377.457 406.965 438.956 190.754 189.153 188.707 189.165 190.306 191.948 193.947 196.196 198.621 201.169 203.809 206.524 209.306 212.154 215.074 218.073 221.163 224.357 227.669 231.119 234.734 238.55 242.62 247.027 251.887 257.373 263.725 271.267 280.413 291.656 305.533 322.56 343.132 367.415 395.242 426.04 458.814 187.45 186.393 186.472 187.368 188.833 190.682 192.783 195.047 197.414 199.853 202.346 204.89 207.487 210.149 212.89 215.729 218.686 221.786 225.06 228.542 232.28 236.332 240.782 245.738 251.353 257.828 265.43 274.492 285.417 298.655 314.662 333.84 356.448 382.516 411.766 443.56 476.89 183.015 182.816 183.591 184.999 186.801 188.837 191.004 193.24 195.512 197.809 200.13 202.485 204.891 207.369 209.944 212.645 215.504 218.558 221.853 225.44 229.385 233.772 238.704 244.318 250.789 258.339 267.244 277.832 290.479 305.579 323.508 344.563 368.892 396.423 426.799 459.341 493.041 177.691 178.617 180.209 182.162 184.289 186.479 188.674 190.848 192.999 195.135 197.274 199.441 201.665 203.976 206.412 209.009 211.814 214.877 218.255 222.017 226.248 231.049 236.544 242.888 250.271 258.923 269.119 281.169 295.411 312.184 331.788 354.434 380.182 408.882 440.126 473.211 507.14 171.878 174.099 176.554 179.04 181.456 183.762 185.953 188.045 190.061 192.035 194 195.994 198.058 200.232 202.562 205.098 207.896 211.017 214.532 218.527 223.098 228.362 234.459 241.555 249.846 259.562 270.966 284.345 299.998 318.212 339.222 363.17 390.05 419.659 451.552 485.018 519.072 166.114 169.66 172.939 175.9 178.554 180.939 183.106 185.106 186.994 188.819 190.631 192.48 194.415 196.486 198.749 201.263 204.091 207.308 210.996 215.25 220.18 225.914 232.598 240.406 249.534 260.205 272.667 287.183 304.015 323.406 345.541 370.508 398.257 428.546 460.909 494.629 528.739 161.019 165.753 169.732 173.077 175.909 178.343 180.476 182.393 184.171 185.875 187.566 189.304 191.146 193.15 195.378 197.897 200.779 204.106 207.97 212.474 217.736 223.889 231.087 239.503 249.329 260.782 274.094 289.504 307.248 327.533 350.507 376.225 404.6 435.37 468.055 501.936 536.062 157.202 162.832 167.318 170.928 173.879 176.338 178.44 180.295 181.993 183.612 185.222 186.886 188.67 190.635 192.85 195.387 198.323 201.747 205.755 210.456 215.974 222.445 230.024 238.884 249.213 261.22 275.125 291.151 309.515 330.4 353.931 380.14 408.921 439.997 472.88 506.855 540.978 155.155 161.267 166.017 169.764 172.772 175.242 177.326 179.148 180.804 182.38 183.948 185.577 187.332 189.281 191.493 194.044 197.014 200.493 204.583 209.394 215.051 221.694 229.476 238.57 249.162 261.456 275.665 292.006 310.683 331.869 355.678 382.129 411.11 442.334 475.312 509.329 543.446 155.155 161.267 166.017 169.764 172.772 175.242 177.326 179.148 180.804 182.38 183.948 185.577 187.332 189.281 191.493 194.044 197.014 200.493 204.583 209.394 215.051 221.694 229.476 238.57 249.162 261.456 275.665 292.006 310.683 331.869 355.678 382.129 411.11 442.334 475.312 509.329 543.446 157.202 162.832 167.318 170.928 173.879 176.338 178.44 180.295 181.993 183.612 185.222 186.886 188.67 190.635 192.85 195.387 198.323 201.747 205.755 210.456 215.974 222.445 230.024 238.884 249.213 261.22 275.125 291.151 309.515 330.4 353.931 380.14 408.921 439.997 472.88 506.855 540.978 161.019 165.753 169.732 173.077 175.909 178.343 180.476 182.393 184.171 185.875 187.566 189.304 191.146 193.15 195.378 197.897 200.779 204.106 207.97 212.474 217.736 223.889 231.087 239.503 249.329 260.782 274.094 289.504 307.248 327.533 350.507 376.225 404.6 435.37 468.055 501.936 536.062 166.114 169.66 172.939 175.9 178.554 180.939 183.106 185.106 186.994 188.819 190.631 192.48 194.415 196.486 198.749 201.263 204.091 207.308 210.996 215.25 220.18 225.914 232.598 240.406 249.534 260.205 272.667 287.183 304.015 323.406 345.541 370.508 398.257 428.546 460.909 494.629 528.739 171.878 174.099 176.554 179.04 181.456 183.762 185.953 188.045 190.061 192.035 194 195.994 198.058 200.232 202.562 205.098 207.896 211.017 214.532 218.527 223.098 228.362 234.459 241.555 249.846 259.562 270.966 284.345 299.998 318.212 339.222 363.17 390.05 419.659 451.552 485.018 519.072 177.691 178.617 180.209 182.162 184.289 186.479 188.674 190.848 192.999 195.135 197.274 199.441 201.665 203.976 206.412 209.009 211.814 214.877 218.255 222.017 226.248 231.049 236.544 242.888 250.271 258.923 269.119 281.169 295.411 312.184 331.788 354.434 380.182 408.882 440.126 473.211 507.14 183.015 182.816 183.591 184.999 186.801 188.837 191.004 193.24 195.512 197.809 200.13 202.485 204.891 207.369 209.944 212.645 215.504 218.558 221.853 225.44 229.385 233.772 238.704 244.318 250.789 258.339 267.244 277.832 290.479 305.579 323.508 344.563 368.892 396.423 426.799 459.341 493.041 187.45 186.393 186.472 187.368 188.833 190.682 192.783 195.047 197.414 199.853 202.346 204.89 207.487 210.149 212.89 215.729 218.686 221.786 225.06 228.542 232.28 236.332 240.782 245.738 251.353 257.828 265.43 274.492 285.417 298.655 314.662 333.84 356.448 382.516 411.766 443.56 476.89 190.754 189.153 188.707 189.165 190.306 191.948 193.947 196.196 198.621 201.169 203.809 206.524 209.306 212.154 215.074 218.073 221.163 224.357 227.669 231.119 234.734 238.55 242.62 247.027 251.887 257.373 263.725 271.267 280.413 291.656 305.533 322.56 343.132 367.415 395.242 426.04 458.814 192.834 191.001 190.228 190.353 191.207 192.636 194.502 196.695 199.131 201.745 204.495 207.35 210.293 213.315 216.41 219.578 222.821 226.141 229.54 233.022 236.595 240.272 244.077 248.059 252.297 256.922 262.134 268.228 275.608 284.791 296.382 311.014 329.239 351.392 377.457 406.965 438.956 193.719 191.932 191.028 190.939 191.565 192.791 194.504 196.604 199.004 201.636 204.448 207.402 210.47 213.637 216.888 220.217 223.616 227.079 230.596 234.159 237.758 241.383 245.033 248.719 252.48 256.398 260.622 265.398 271.094 278.224 287.438 299.476 315.057 334.723 358.656 386.535 417.468 193.525 192.006 191.146 190.965 191.432 192.482 194.037 196.014 198.336 200.936 203.759 206.761 209.911 213.183 216.559 220.024 223.566 227.17 230.819 234.492 238.165 241.809 245.397 248.907 252.335 255.711 259.122 262.75 266.904 272.061 278.883 288.189 300.867 317.688 339.088 364.956 394.515 192.421 191.326 190.655 190.494 190.875 191.786 193.188 195.024 197.234 199.757 202.541 205.541 208.721 212.051 215.509 219.076 222.733 226.461 230.235 234.028 237.802 241.514 245.113 248.548 251.773 254.765 257.548 260.224 263.023 266.353 270.843 277.357 286.922 300.559 319.009 342.444 370.266 190.599 190.026 189.646 189.597 189.963 190.779 192.044 193.734 195.807 198.216 200.916 203.863 207.021 210.359 213.851 217.475 221.209 225.03 228.909 232.812 236.694 240.499 244.158 247.594 250.724 253.476 255.806 257.734 259.393 261.094 263.39 267.133 273.45 283.599 298.676 319.218 344.898 188.257 188.244 188.22 188.354 188.765 189.53 190.683 192.23 194.152 196.421 198.998 201.848 204.936 208.232 211.707 215.339 219.104 222.977 226.927 230.916 234.894 238.796 242.539 246.026 249.143 251.772 253.806 255.182 255.929 256.234 256.536 257.616 260.633 267.05 278.339 295.503 318.594 185.583 186.123 186.481 186.841 187.347 188.102 189.171 190.587 192.356 194.465 196.892 199.607 202.582 205.788 209.198 212.788 216.535 220.413 224.391 228.429 232.475 236.458 240.289 243.852 247.009 249.604 251.474 252.475 252.528 251.688 250.245 248.847 248.611 251.13 258.25 271.526 291.54 182.753 183.798 184.529 185.134 185.767 186.547 187.561 188.864 190.484 192.427 194.684 197.237 200.062 203.137 206.435 209.936 213.616 217.449 221.407 225.449 229.524 233.559 237.459 241.1 244.324 246.945 248.751 249.525 249.087 247.351 244.439 240.817 237.472 236.027 238.648 247.516 263.923 179.928 181.391 182.458 183.303 184.079 184.91 185.895 187.107 188.589 190.367 192.445 194.815 197.465 200.373 203.522 206.889 210.455 214.195 218.082 222.08 226.136 230.181 234.119 237.818 241.112 243.789 245.6 246.265 245.508 243.111 239.014 233.468 227.25 221.891 219.765 223.709 235.935 177.255 179.017 180.352 181.412 182.33 183.228 184.208 185.349 186.711 188.331 190.228 192.406 194.86 197.577 200.543 203.739 207.149 210.75 214.518 218.42 222.407 226.413 230.343 234.068 237.412 240.151 242.004 242.643 241.708 238.857 233.853 226.708 217.929 208.828 201.823 200.349 207.77 174.866 176.776 178.289 179.515 180.563 181.534 182.524 183.617 184.876 186.352 188.073 190.056 192.304 194.812 197.57 200.565 203.781 207.203 210.806 214.562 218.429 222.343 226.215 229.918 233.278 236.06 237.967 238.629 237.621 234.491 228.833 220.422 209.451 196.899 185.024 177.694 179.628 172.882 174.757 176.335 177.665 178.812 179.852 180.864 181.925 183.103 184.451 186.008 187.8 189.838 192.126 194.659 197.429 200.424 203.63 207.028 210.593 214.288 218.056 221.815 225.443 228.77 231.561 233.508 234.214 233.202 229.928 223.839 214.481 201.72 186.116 169.552 156.03 151.718 171.401 173.038 174.549 175.902 177.108 178.203 179.242 180.287 181.401 182.64 184.048 185.658 187.491 189.556 191.854 194.382 197.133 200.095 203.254 206.587 210.064 213.635 217.223 220.718 223.956 226.707 228.66 229.404 228.424 225.105 218.768 208.757 194.618 176.449 155.562 135.685 124.274 170.481 171.679 172.982 174.267 175.479 176.605 177.668 178.708 179.776 180.925 182.202 183.645 185.28 187.125 189.185 191.463 193.954 196.65 199.541 202.609 205.826 209.15 212.515 215.817 218.905 221.557 223.466 224.219 223.277 219.975 213.534 203.127 188.015 167.831 143.186 117.042 97.5876 170.093 170.717 171.676 172.794 173.948 175.074 176.151 177.191 178.229 179.308 180.474 181.766 183.217 184.848 186.673 188.697 190.919 193.336 195.938 198.711 201.634 204.669 207.758 210.81 213.684 216.172 217.979 218.693 217.77 214.51 208.067 197.48 181.772 160.167 132.54 100.611 72.0319 170.17 170.394 170.996 171.873 172.883 173.93 174.964 175.974 176.977 178.004 179.091 180.274 181.583 183.039 184.656 186.441 188.397 190.521 192.808 195.244 197.812 200.478 203.187 205.853 208.342 210.454 211.899 212.272 211.029 207.463 200.703 189.735 173.472 150.912 121.431 85.4979 48.1145 170.092 170.066 170.513 171.259 172.159 173.112 174.065 175.002 175.93 176.873 177.858 178.914 180.065 181.329 182.719 184.242 185.9 187.693 189.616 191.659 193.804 196.019 198.25 200.412 202.372 203.932 204.805 204.592 202.755 198.601 191.274 179.776 163.033 140.012 109.917 72.4953 28.7471 169.681 169.459 169.815 170.488 171.314 172.188 173.057 173.9 174.722 175.542 176.381 177.265 178.212 179.238 180.356 181.571 182.887 184.305 185.819 187.423 189.098 190.816 192.525 194.144 195.543 196.529 196.825 196.043 193.661 189.01 181.271 169.495 152.678 129.884 100.469 64.5054 25.3575 168.959 168.667 168.983 169.61 170.37 171.16 171.924 172.646 173.328 173.985 174.637 175.304 176.003 176.749 177.551 178.415 179.345 180.342 181.403 182.521 183.682 184.859 186.004 187.042 187.851 188.249 187.97 186.645 183.78 178.743 170.771 159.001 142.568 120.79 93.5876 62.8726 40.3888 167.981 167.733 168.053 168.646 169.335 170.021 170.657 171.225 171.73 172.186 172.61 173.021 173.432 173.856 174.301 174.774 175.276 175.809 176.373 176.961 177.562 178.153 178.695 179.118 179.312 179.109 178.265 176.435 173.161 167.865 159.861 148.414 132.875 112.986 89.657 67.4084 60.2455 166.811 166.691 167.046 167.605 168.209 168.77 169.247 169.63 169.925 170.144 170.305 170.422 170.509 170.574 170.626 170.667 170.702 170.732 170.755 170.769 170.767 170.732 170.63 170.404 169.96 169.15 167.754 165.464 161.867 156.454 148.641 137.863 123.772 106.697 88.7611 76.3075 80.3483 165.514 165.573 165.978 166.498 166.998 167.408 167.699 167.868 167.921 167.874 167.74 167.533 167.264 166.939 166.564 166.142 165.674 165.162 164.606 164.005 163.358 162.653 161.868 160.962 159.858 158.434 156.504 153.801 149.975 144.598 137.219 127.487 115.431 102.068 90.5887 87.5239 99.5688 164.154 164.413 164.87 165.337 165.713 165.949 166.031 165.961 165.749 165.411 164.959 164.404 163.754 163.014 162.187 161.272 160.271 159.185 158.014 156.761 155.428 154.013 152.507 150.886 149.098 147.052 144.603 141.539 137.581 132.406 125.72 117.431 108.003 99.1161 94.5167 99.5676 117.47 162.788 163.248 163.744 164.142 164.376 164.421 164.276 163.949 163.457 162.811 162.026 161.108 160.062 158.89 157.592 156.166 154.61 152.924 151.109 149.171 147.116 144.952 142.686 140.313 137.812 135.13 132.172 128.794 124.802 120 114.281 107.847 101.603 97.7125 99.7986 111.497 133.807 161.473 162.115 162.633 162.945 163.023 162.865 162.482 161.892 161.112 160.155 159.031 157.745 156.299 154.69 152.915 150.969 148.846 146.545 144.067 141.419 138.613 135.666 132.6 129.435 126.185 122.843 119.376 115.719 111.788 107.533 103.064 98.8925 96.2942 97.5932 105.727 122.718 148.41 160.258 161.053 161.571 161.784 161.699 161.335 160.716 159.867 158.804 157.541 156.086 154.441 152.603 150.566 148.322 145.862 143.177 140.262 137.116 133.747 130.171 126.414 122.513 118.515 114.471 110.432 106.438 102.522 98.7336 95.1983 92.264 90.7286 92.0757 98.4061 111.71 132.843 161.151 159.184 160.099 160.599 160.706 160.46 159.898 159.057 157.963 156.635 155.087 153.323 151.341 149.135 146.695 144.008 141.059 137.836 134.329 130.534 126.456 122.112 117.536 112.778 107.91 103.025 98.2359 93.6731 89.4944 85.9112 83.2596 82.1304 83.5239 88.8807 99.77 117.287 141.604 171.922 158.288 159.288 159.757 159.762 159.367 158.628 157.588 156.278 154.717 152.917 150.88 148.601 146.069 143.27 140.187 136.799 133.088 129.039 124.643 119.901 114.828 109.457 103.851 98.1002 92.3375 86.7417 81.5496 77.0725 73.7292 72.1013 72.9965 77.4525 86.5899 101.325 122.11 148.81 180.639 157.594 158.65 159.084 158.999 158.481 157.597 156.395 154.91 153.16 151.156 148.897 146.376 143.579 140.486 137.076 133.325 129.207 124.702 119.795 114.479 108.764 102.682 96.2943 89.7051 83.0765 76.6491 70.772 65.9405 62.8326 62.3075 65.3105 72.6898 85.0553 102.765 125.929 154.324 187.235 157.122 158.21 158.615 158.464 157.857 156.869 155.553 153.943 152.06 149.912 147.497 144.804 141.819 138.517 134.874 130.861 126.449 121.612 116.327 110.583 104.382 97.7484 90.74 83.4623 76.0922 68.9141 62.3758 57.1617 54.2391 54.7469 59.6424 69.4006 84.1306 103.855 128.566 158.05 191.66 156.883 157.986 158.373 158.187 157.534 156.492 155.116 153.443 151.49 149.268 146.771 143.991 140.907 137.496 133.731 129.581 125.014 120 114.515 108.54 102.074 95.1361 87.7778 80.1015 72.2871 64.6382 57.6596 52.1658 49.3424 50.523 56.598 67.7181 83.7 104.44 129.911 159.928 193.881 156.883 157.986 158.373 158.187 157.534 156.492 155.116 153.443 151.49 149.268 146.771 143.991 140.907 137.496 133.731 129.581 125.014 120 114.515 108.54 102.074 95.1361 87.7778 80.1015 72.2871 64.6382 57.6596 52.1658 49.3424 50.523 56.598 67.7181 83.7 104.44 129.911 159.928 193.881 157.122 158.21 158.615 158.464 157.857 156.869 155.553 153.943 152.06 149.912 147.497 144.804 141.819 138.517 134.874 130.861 126.449 121.612 116.327 110.583 104.382 97.7484 90.74 83.4623 76.0922 68.9141 62.3758 57.1617 54.2391 54.7469 59.6424 69.4006 84.1306 103.855 128.566 158.05 191.66 157.594 158.65 159.084 158.999 158.481 157.597 156.395 154.91 153.16 151.156 148.897 146.376 143.579 140.486 137.076 133.325 129.207 124.702 119.795 114.479 108.764 102.682 96.2943 89.7051 83.0765 76.6491 70.772 65.9405 62.8326 62.3075 65.3105 72.6898 85.0553 102.765 125.929 154.324 187.235 158.288 159.288 159.757 159.762 159.367 158.628 157.588 156.278 154.717 152.917 150.88 148.601 146.069 143.27 140.187 136.799 133.088 129.039 124.643 119.901 114.828 109.457 103.851 98.1002 92.3375 86.7417 81.5496 77.0725 73.7292 72.1013 72.9965 77.4525 86.5899 101.325 122.11 148.81 180.639 159.184 160.099 160.599 160.706 160.46 159.898 159.057 157.963 156.635 155.087 153.323 151.341 149.135 146.695 144.008 141.059 137.836 134.329 130.534 126.456 122.112 117.536 112.778 107.91 103.025 98.2359 93.6731 89.4944 85.9112 83.2596 82.1304 83.5239 88.8807 99.77 117.287 141.604 171.922 160.258 161.053 161.571 161.784 161.699 161.335 160.716 159.867 158.804 157.541 156.086 154.441 152.603 150.566 148.322 145.862 143.177 140.262 137.116 133.747 130.171 126.414 122.513 118.515 114.471 110.432 106.438 102.522 98.7336 95.1983 92.264 90.7286 92.0757 98.4061 111.71 132.843 161.151 161.473 162.115 162.633 162.945 163.023 162.865 162.482 161.892 161.112 160.155 159.031 157.745 156.299 154.69 152.915 150.969 148.846 146.545 144.067 141.419 138.613 135.666 132.6 129.435 126.185 122.843 119.376 115.719 111.788 107.533 103.064 98.8925 96.2942 97.5932 105.727 122.718 148.41 162.788 163.248 163.744 164.142 164.376 164.421 164.276 163.949 163.457 162.811 162.026 161.108 160.062 158.89 157.592 156.166 154.61 152.924 151.109 149.171 147.116 144.952 142.686 140.313 137.812 135.13 132.172 128.794 124.802 120 114.281 107.847 101.603 97.7125 99.7986 111.497 133.807 164.154 164.413 164.87 165.337 165.713 165.949 166.031 165.961 165.749 165.411 164.959 164.404 163.754 163.014 162.187 161.272 160.271 159.185 158.014 156.761 155.428 154.013 152.507 150.886 149.098 147.052 144.603 141.539 137.581 132.406 125.72 117.431 108.003 99.1161 94.5167 99.5676 117.47 165.514 165.573 165.978 166.498 166.998 167.408 167.699 167.868 167.921 167.874 167.74 167.533 167.264 166.939 166.564 166.142 165.674 165.162 164.606 164.005 163.358 162.653 161.868 160.962 159.858 158.434 156.504 153.801 149.975 144.598 137.219 127.487 115.431 102.068 90.5887 87.5239 99.5688 166.811 166.691 167.046 167.605 168.209 168.77 169.247 169.63 169.925 170.144 170.305 170.422 170.509 170.574 170.626 170.667 170.702 170.732 170.755 170.769 170.767 170.732 170.63 170.404 169.96 169.15 167.754 165.464 161.867 156.454 148.641 137.863 123.772 106.697 88.7611 76.3075 80.3483 167.981 167.733 168.053 168.646 169.335 170.021 170.657 171.225 171.73 172.186 172.61 173.021 173.432 173.856 174.301 174.774 175.276 175.809 176.373 176.961 177.562 178.153 178.695 179.118 179.312 179.109 178.265 176.435 173.161 167.865 159.861 148.414 132.875 112.986 89.657 67.4084 60.2455 168.959 168.667 168.983 169.61 170.37 171.16 171.924 172.646 173.328 173.985 174.637 175.304 176.003 176.749 177.551 178.415 179.345 180.342 181.403 182.521 183.682 184.859 186.004 187.042 187.851 188.249 187.97 186.645 183.78 178.743 170.771 159.001 142.568 120.79 93.5876 62.8726 40.3887 169.681 169.459 169.815 170.488 171.314 172.188 173.057 173.9 174.722 175.542 176.381 177.264 178.212 179.238 180.356 181.571 182.887 184.305 185.819 187.423 189.098 190.816 192.525 194.144 195.543 196.529 196.825 196.043 193.661 189.01 181.271 169.495 152.678 129.884 100.469 64.5054 25.3575 170.092 170.066 170.513 171.259 172.159 173.112 174.065 175.002 175.93 176.873 177.858 178.914 180.065 181.329 182.719 184.242 185.9 187.693 189.616 191.659 193.804 196.019 198.25 200.412 202.372 203.932 204.805 204.592 202.755 198.601 191.274 179.776 163.033 140.012 109.917 72.4953 28.7471 170.17 170.394 170.996 171.873 172.883 173.93 174.964 175.974 176.977 178.004 179.091 180.274 181.583 183.039 184.656 186.441 188.397 190.521 192.808 195.244 197.812 200.478 203.187 205.853 208.342 210.454 211.899 212.272 211.029 207.463 200.703 189.735 173.472 150.912 121.431 85.4979 48.1145 170.093 170.717 171.676 172.794 173.948 175.074 176.151 177.191 178.229 179.308 180.474 181.766 183.217 184.848 186.673 188.697 190.919 193.336 195.938 198.711 201.634 204.669 207.758 210.81 213.684 216.172 217.979 218.693 217.77 214.51 208.067 197.48 181.772 160.167 132.54 100.611 72.0319 170.481 171.679 172.982 174.267 175.479 176.605 177.668 178.708 179.776 180.925 182.202 183.645 185.28 187.125 189.185 191.463 193.954 196.65 199.541 202.609 205.826 209.15 212.515 215.817 218.905 221.557 223.466 224.219 223.277 219.975 213.534 203.127 188.015 167.831 143.186 117.042 97.5876 171.401 173.038 174.549 175.902 177.108 178.203 179.242 180.287 181.401 182.64 184.048 185.658 187.491 189.556 191.854 194.382 197.133 200.095 203.254 206.587 210.064 213.635 217.223 220.718 223.956 226.707 228.66 229.404 228.424 225.105 218.768 208.757 194.618 176.449 155.562 135.685 124.274 172.882 174.757 176.335 177.665 178.812 179.852 180.864 181.925 183.103 184.451 186.008 187.8 189.838 192.126 194.659 197.429 200.424 203.63 207.028 210.593 214.288 218.056 221.815 225.443 228.77 231.561 233.508 234.214 233.202 229.928 223.839 214.481 201.72 186.116 169.552 156.03 151.718 174.866 176.776 178.289 179.515 180.563 181.534 182.524 183.617 184.876 186.352 188.073 190.056 192.304 194.812 197.57 200.565 203.781 207.203 210.806 214.562 218.429 222.343 226.215 229.918 233.278 236.06 237.967 238.629 237.621 234.491 228.833 220.422 209.451 196.899 185.024 177.694 179.628 177.255 179.017 180.352 181.412 182.33 183.228 184.208 185.349 186.711 188.331 190.228 192.406 194.86 197.577 200.543 203.739 207.149 210.75 214.518 218.42 222.407 226.413 230.343 234.068 237.412 240.151 242.004 242.643 241.708 238.857 233.853 226.708 217.929 208.828 201.823 200.349 207.77 179.928 181.391 182.458 183.303 184.079 184.91 185.895 187.107 188.589 190.367 192.445 194.815 197.465 200.373 203.522 206.889 210.455 214.195 218.082 222.08 226.136 230.181 234.119 237.818 241.112 243.789 245.6 246.265 245.508 243.111 239.014 233.468 227.25 221.891 219.765 223.709 235.935 182.753 183.798 184.529 185.134 185.767 186.547 187.561 188.864 190.484 192.427 194.684 197.237 200.062 203.137 206.435 209.936 213.616 217.449 221.407 225.449 229.524 233.559 237.459 241.1 244.324 246.945 248.751 249.525 249.087 247.351 244.439 240.817 237.472 236.027 238.648 247.516 263.923 185.583 186.123 186.481 186.841 187.347 188.102 189.171 190.587 192.356 194.465 196.892 199.607 202.582 205.788 209.198 212.788 216.535 220.413 224.391 228.429 232.475 236.458 240.289 243.852 247.009 249.604 251.474 252.475 252.528 251.688 250.245 248.847 248.611 251.13 258.25 271.526 291.54 188.257 188.244 188.22 188.354 188.765 189.53 190.683 192.23 194.152 196.421 198.998 201.848 204.936 208.232 211.707 215.339 219.104 222.977 226.927 230.916 234.894 238.796 242.539 246.026 249.143 251.772 253.806 255.182 255.929 256.234 256.536 257.616 260.633 267.05 278.339 295.503 318.594 190.599 190.026 189.646 189.597 189.963 190.779 192.044 193.734 195.807 198.216 200.916 203.863 207.021 210.359 213.851 217.475 221.209 225.03 228.909 232.812 236.694 240.499 244.158 247.594 250.724 253.476 255.806 257.734 259.393 261.094 263.39 267.133 273.45 283.599 298.676 319.218 344.898 192.421 191.326 190.655 190.494 190.875 191.786 193.188 195.024 197.234 199.757 202.541 205.541 208.721 212.051 215.509 219.076 222.733 226.461 230.235 234.028 237.802 241.514 245.113 248.548 251.773 254.765 257.548 260.224 263.023 266.353 270.843 277.357 286.922 300.559 319.009 342.444 370.266 193.525 192.006 191.146 190.965 191.432 192.482 194.037 196.014 198.336 200.936 203.759 206.761 209.911 213.183 216.559 220.024 223.566 227.17 230.819 234.492 238.165 241.809 245.397 248.907 252.335 255.711 259.122 262.75 266.904 272.061 278.883 288.189 300.867 317.688 339.088 364.956 394.515 193.719 191.932 191.028 190.939 191.565 192.791 194.504 196.604 199.004 201.636 204.448 207.402 210.47 213.637 216.888 220.217 223.616 227.079 230.596 234.159 237.758 241.383 245.033 248.719 252.48 256.398 260.622 265.398 271.094 278.224 287.438 299.476 315.057 334.723 358.656 386.535 417.468 192.834 191.001 190.228 190.353 191.207 192.636 194.502 196.695 199.131 201.745 204.495 207.35 210.293 213.315 216.41 219.578 222.821 226.141 229.54 233.022 236.595 240.272 244.077 248.059 252.297 256.922 262.134 268.228 275.608 284.791 296.382 311.014 329.239 351.392 377.457 406.965 438.956 190.754 189.153 188.707 189.165 190.306 191.948 193.947 196.196 198.621 201.169 203.809 206.524 209.306 212.154 215.074 218.073 221.163 224.357 227.669 231.119 234.734 238.55 242.62 247.027 251.887 257.373 263.725 271.267 280.413 291.656 305.533 322.56 343.132 367.415 395.242 426.04 458.814 187.45 186.393 186.472 187.368 188.833 190.682 192.783 195.047 197.414 199.853 202.346 204.89 207.487 210.149 212.89 215.729 218.686 221.786 225.06 228.542 232.28 236.332 240.782 245.738 251.353 257.828 265.43 274.492 285.417 298.655 314.662 333.84 356.448 382.516 411.766 443.56 476.89 183.015 182.816 183.591 184.999 186.801 188.837 191.004 193.24 195.512 197.809 200.13 202.485 204.891 207.369 209.944 212.645 215.504 218.558 221.853 225.44 229.385 233.772 238.704 244.318 250.789 258.339 267.244 277.832 290.479 305.579 323.508 344.563 368.892 396.423 426.799 459.341 493.041 177.691 178.617 180.209 182.162 184.289 186.479 188.674 190.848 192.999 195.135 197.274 199.441 201.665 203.976 206.412 209.009 211.814 214.877 218.255 222.017 226.248 231.049 236.544 242.888 250.271 258.923 269.119 281.169 295.411 312.184 331.788 354.434 380.182 408.882 440.126 473.211 507.14 171.878 174.099 176.554 179.04 181.456 183.762 185.953 188.045 190.061 192.035 194 195.994 198.058 200.232 202.562 205.098 207.896 211.017 214.532 218.527 223.098 228.362 234.459 241.555 249.846 259.562 270.966 284.345 299.998 318.212 339.222 363.17 390.05 419.659 451.552 485.018 519.072 166.114 169.66 172.939 175.9 178.554 180.939 183.106 185.106 186.994 188.819 190.631 192.48 194.415 196.486 198.749 201.263 204.091 207.308 210.996 215.25 220.18 225.914 232.598 240.406 249.534 260.205 272.667 287.183 304.015 323.406 345.541 370.508 398.257 428.546 460.909 494.629 528.739 161.019 165.753 169.732 173.077 175.909 178.343 180.476 182.393 184.171 185.875 187.566 189.304 191.146 193.15 195.378 197.897 200.779 204.106 207.97 212.474 217.736 223.889 231.087 239.503 249.329 260.782 274.094 289.504 307.248 327.533 350.507 376.225 404.6 435.37 468.055 501.936 536.062 157.202 162.832 167.318 170.928 173.879 176.338 178.44 180.295 181.993 183.612 185.222 186.886 188.67 190.635 192.85 195.387 198.323 201.747 205.755 210.456 215.974 222.445 230.024 238.884 249.213 261.22 275.125 291.151 309.515 330.4 353.931 380.14 408.921 439.997 472.88 506.855 540.978 155.155 161.267 166.017 169.764 172.772 175.242 177.326 179.148 180.804 182.38 183.948 185.577 187.332 189.281 191.493 194.044 197.014 200.493 204.583 209.394 215.051 221.694 229.476 238.57 249.162 261.456 275.665 292.006 310.683 331.869 355.678 382.129 411.11 442.334 475.312 509.329 543.446 155.155 161.267 166.017 169.764 172.772 175.242 177.326 179.148 180.804 182.38 183.948 185.577 187.332 189.281 191.493 194.044 197.014 200.493 204.583 209.394 215.051 221.694 229.476 238.57 249.162 261.456 275.665 292.006 310.683 331.869 355.678 382.129 411.11 442.334 475.312 509.329 543.446 157.202 162.832 167.318 170.928 173.879 176.338 178.44 180.295 181.993 183.612 185.222 186.886 188.67 190.635 192.85 195.387 198.323 201.747 205.755 210.456 215.974 222.445 230.024 238.884 249.213 261.22 275.125 291.151 309.515 330.4 353.931 380.14 408.921 439.997 472.88 506.855 540.978 161.019 165.753 169.732 173.077 175.909 178.343 180.476 182.393 184.171 185.875 187.566 189.304 191.146 193.15 195.378 197.897 200.779 204.106 207.97 212.474 217.736 223.889 231.087 239.503 249.329 260.782 274.094 289.504 307.248 327.533 350.507 376.225 404.6 435.37 468.055 501.936 536.062 166.114 169.66 172.939 175.9 178.554 180.939 183.106 185.106 186.994 188.819 190.631 192.48 194.415 196.486 198.749 201.263 204.091 207.308 210.996 215.25 220.18 225.914 232.598 240.406 249.534 260.205 272.667 287.183 304.015 323.406 345.541 370.508 398.257 428.546 460.909 494.629 528.739 171.878 174.099 176.554 179.04 181.456 183.762 185.953 188.045 190.061 192.035 194 195.994 198.058 200.232 202.562 205.098 207.896 211.017 214.532 218.527 223.098 228.362 234.459 241.555 249.846 259.562 270.966 284.345 299.998 318.212 339.222 363.17 390.05 419.659 451.552 485.018 519.072 177.691 178.617 180.209 182.162 184.289 186.479 188.674 190.848 192.999 195.135 197.274 199.441 201.665 203.976 206.412 209.009 211.814 214.877 218.255 222.017 226.248 231.049 236.544 242.888 250.271 258.923 269.119 281.169 295.411 312.184 331.788 354.434 380.182 408.882 440.126 473.211 507.14 183.015 182.816 183.591 184.999 186.801 188.837 191.004 193.24 195.512 197.809 200.13 202.485 204.891 207.369 209.944 212.645 215.504 218.558 221.853 225.44 229.385 233.772 238.704 244.318 250.789 258.339 267.244 277.832 290.479 305.579 323.508 344.563 368.892 396.423 426.799 459.341 493.041 187.45 186.393 186.472 187.368 188.833 190.682 192.783 195.047 197.414 199.853 202.346 204.89 207.487 210.149 212.89 215.729 218.686 221.786 225.06 228.542 232.28 236.332 240.782 245.738 251.353 257.828 265.43 274.492 285.417 298.655 314.662 333.84 356.448 382.516 411.766 443.56 476.89 190.754 189.153 188.707 189.165 190.306 191.948 193.947 196.196 198.621 201.169 203.809 206.524 209.306 212.154 215.074 218.073 221.163 224.357 227.669 231.119 234.734 238.55 242.62 247.027 251.887 257.373 263.725 271.267 280.413 291.656 305.533 322.56 343.132 367.415 395.242 426.04 458.814 192.834 191.001 190.228 190.353 191.207 192.636 194.502 196.695 199.131 201.745 204.495 207.35 210.293 213.315 216.41 219.578 222.821 226.141 229.54 233.022 236.595 240.272 244.077 248.059 252.297 256.922 262.134 268.228 275.608 284.791 296.382 311.014 329.239 351.392 377.457 406.965 438.956 193.719 191.932 191.028 190.939 191.565 192.791 194.504 196.604 199.004 201.636 204.448 207.402 210.47 213.637 216.888 220.217 223.616 227.079 230.596 234.159 237.758 241.383 245.033 248.719 252.48 256.398 260.622 265.398 271.094 278.224 287.438 299.476 315.057 334.723 358.656 386.535 417.468 193.525 192.006 191.146 190.965 191.432 192.482 194.037 196.014 198.336 200.936 203.759 206.761 209.911 213.183 216.559 220.024 223.566 227.17 230.819 234.492 238.165 241.809 245.397 248.907 252.335 255.711 259.122 262.75 266.904 272.061 278.883 288.189 300.867 317.688 339.088 364.956 394.515 192.421 191.326 190.655 190.494 190.875 191.786 193.188 195.024 197.234 199.757 202.541 205.541 208.721 212.051 215.509 219.076 222.733 226.461 230.235 234.028 237.802 241.514 245.113 248.548 251.773 254.765 257.548 260.224 263.023 266.353 270.843 277.357 286.922 300.559 319.009 342.444 370.266 190.599 190.026 189.646 189.597 189.963 190.779 192.044 193.734 195.807 198.216 200.916 203.863 207.021 210.359 213.851 217.475 221.209 225.03 228.909 232.812 236.694 240.499 244.158 247.594 250.724 253.476 255.806 257.734 259.393 261.094 263.39 267.133 273.45 283.599 298.676 319.218 344.898 188.257 188.244 188.22 188.354 188.765 189.53 190.683 192.23 194.152 196.421 198.998 201.848 204.936 208.232 211.707 215.339 219.104 222.977 226.927 230.916 234.894 238.796 242.539 246.026 249.143 251.772 253.806 255.182 255.929 256.234 256.536 257.616 260.633 267.05 278.339 295.503 318.594 185.583 186.123 186.481 186.841 187.347 188.102 189.171 190.587 192.356 194.465 196.892 199.607 202.582 205.788 209.198 212.788 216.535 220.413 224.391 228.429 232.475 236.458 240.289 243.852 247.009 249.604 251.474 252.475 252.528 251.688 250.245 248.847 248.611 251.13 258.25 271.526 291.54 182.753 183.798 184.529 185.134 185.767 186.547 187.561 188.864 190.484 192.427 194.684 197.237 200.062 203.137 206.435 209.936 213.616 217.449 221.407 225.449 229.524 233.559 237.459 241.1 244.324 246.945 248.751 249.525 249.087 247.351 244.439 240.817 237.472 236.027 238.648 247.516 263.923 179.928 181.391 182.458 183.303 184.079 184.91 185.895 187.107 188.589 190.367 192.445 194.815 197.465 200.373 203.522 206.889 210.455 214.195 218.082 222.08 226.136 230.181 234.119 237.818 241.112 243.789 245.6 246.265 245.508 243.111 239.014 233.468 227.25 221.891 219.765 223.709 235.935 177.255 179.017 180.352 181.412 182.33 183.228 184.208 185.349 186.711 188.331 190.228 192.406 194.86 197.577 200.543 203.739 207.149 210.75 214.518 218.42 222.407 226.413 230.343 234.068 237.412 240.151 242.004 242.643 241.708 238.857 233.853 226.708 217.929 208.828 201.823 200.349 207.77 174.866 176.776 178.289 179.515 180.563 181.534 182.524 183.617 184.876 186.352 188.073 190.056 192.304 194.812 197.57 200.565 203.781 207.203 210.806 214.562 218.429 222.343 226.215 229.918 233.278 236.06 237.967 238.629 237.621 234.491 228.833 220.422 209.451 196.899 185.024 177.694 179.628 172.882 174.757 176.335 177.665 178.812 179.852 180.864 181.925 183.103 184.451 186.008 187.8 189.838 192.126 194.659 197.429 200.424 203.63 207.028 210.593 214.288 218.056 221.815 225.443 228.77 231.561 233.508 234.214 233.202 229.928 223.839 214.481 201.72 186.116 169.552 156.03 151.718 171.401 173.038 174.549 175.902 177.108 178.203 179.242 180.287 181.401 182.64 184.048 185.658 187.491 189.556 191.854 194.382 197.133 200.095 203.254 206.587 210.064 213.635 217.223 220.718 223.956 226.707 228.66 229.404 228.424 225.105 218.768 208.757 194.618 176.449 155.562 135.685 124.274 170.481 171.679 172.982 174.267 175.479 176.605 177.668 178.708 179.776 180.925 182.202 183.645 185.28 187.125 189.185 191.463 193.954 196.65 199.541 202.609 205.826 209.15 212.515 215.817 218.905 221.557 223.466 224.219 223.277 219.975 213.534 203.127 188.015 167.831 143.186 117.042 97.5876 170.093 170.717 171.676 172.794 173.948 175.074 176.151 177.191 178.229 179.308 180.474 181.766 183.217 184.848 186.673 188.697 190.919 193.336 195.938 198.711 201.634 204.669 207.758 210.81 213.684 216.172 217.979 218.693 217.77 214.51 208.067 197.48 181.772 160.167 132.54 100.611 72.0319 170.17 170.394 170.996 171.873 172.883 173.93 174.964 175.974 176.977 178.004 179.091 180.274 181.583 183.039 184.656 186.441 188.397 190.521 192.808 195.244 197.812 200.478 203.187 205.853 208.342 210.454 211.899 212.272 211.029 207.463 200.703 189.735 173.472 150.912 121.431 85.4979 48.1145 170.092 170.066 170.513 171.259 172.159 173.112 174.065 175.002 175.93 176.873 177.858 178.914 180.065 181.329 182.719 184.242 185.9 187.693 189.616 191.659 193.804 196.019 198.25 200.412 202.372 203.932 204.805 204.592 202.755 198.601 191.274 179.776 163.033 140.012 109.917 72.4953 28.7471 169.681 169.459 169.815 170.488 171.314 172.188 173.057 173.9 174.722 175.542 176.381 177.264 178.212 179.238 180.356 181.571 182.887 184.305 185.819 187.423 189.098 190.816 192.525 194.144 195.543 196.529 196.825 196.043 193.661 189.01 181.271 169.495 152.678 129.884 100.469 64.5054 25.3575 168.959 168.667 168.983 169.61 170.37 171.16 171.924 172.646 173.328 173.985 174.637 175.304 176.003 176.749 177.551 178.415 179.345 180.342 181.403 182.521 183.682 184.859 186.004 187.042 187.851 188.249 187.97 186.645 183.78 178.743 170.771 159.001 142.568 120.79 93.5876 62.8726 40.3887 167.981 167.733 168.053 168.646 169.335 170.021 170.657 171.225 171.73 172.186 172.61 173.021 173.432 173.856 174.301 174.774 175.276 175.809 176.373 176.961 177.562 178.153 178.695 179.118 179.312 179.109 178.265 176.435 173.161 167.865 159.861 148.414 132.875 112.986 89.657 67.4084 60.2455 166.811 166.691 167.046 167.605 168.209 168.77 169.247 169.63 169.925 170.144 170.305 170.422 170.509 170.574 170.626 170.667 170.702 170.732 170.755 170.769 170.767 170.732 170.63 170.404 169.96 169.15 167.754 165.464 161.867 156.454 148.641 137.863 123.772 106.697 88.7611 76.3075 80.3483 165.514 165.573 165.978 166.498 166.998 167.408 167.699 167.868 167.921 167.874 167.74 167.533 167.264 166.939 166.564 166.142 165.674 165.162 164.606 164.005 163.358 162.653 161.868 160.962 159.858 158.434 156.504 153.801 149.975 144.598 137.219 127.487 115.431 102.068 90.5887 87.5239 99.5688 164.154 164.413 164.87 165.337 165.713 165.949 166.031 165.961 165.749 165.411 164.959 164.404 163.754 163.014 162.187 161.272 160.271 159.185 158.014 156.761 155.428 154.013 152.507 150.886 149.098 147.052 144.603 141.539 137.581 132.406 125.72 117.431 108.003 99.1161 94.5167 99.5676 117.47 162.788 163.248 163.744 164.142 164.376 164.421 164.276 163.949 163.457 162.811 162.026 161.108 160.062 158.89 157.592 156.166 154.61 152.924 151.109 149.171 147.116 144.952 142.686 140.313 137.812 135.13 132.172 128.794 124.802 120 114.281 107.847 101.603 97.7125 99.7986 111.497 133.807 161.473 162.115 162.633 162.945 163.023 162.865 162.482 161.892 161.112 160.155 159.031 157.745 156.299 154.69 152.915 150.969 148.846 146.545 144.067 141.419 138.613 135.666 132.6 129.435 126.185 122.843 119.376 115.719 111.788 107.533 103.064 98.8925 96.2942 97.5932 105.727 122.718 148.41 160.258 161.053 161.571 161.784 161.699 161.335 160.716 159.867 158.804 157.541 156.086 154.441 152.603 150.566 148.322 145.862 143.177 140.262 137.116 133.747 130.171 126.414 122.513 118.515 114.471 110.432 106.438 102.522 98.7336 95.1983 92.264 90.7286 92.0757 98.4061 111.71 132.843 161.151 159.184 160.099 160.599 160.706 160.46 159.898 159.057 157.963 156.635 155.087 153.323 151.341 149.135 146.695 144.008 141.059 137.836 134.329 130.534 126.456 122.112 117.536 112.778 107.91 103.025 98.2359 93.6731 89.4944 85.9112 83.2596 82.1304 83.5239 88.8807 99.77 117.287 141.604 171.922 158.288 159.288 159.757 159.762 159.367 158.628 157.588 156.278 154.717 152.917 150.88 148.601 146.069 143.27 140.187 136.799 133.088 129.039 124.643 119.901 114.828 109.457 103.851 98.1002 92.3375 86.7417 81.5496 77.0725 73.7292 72.1013 72.9965 77.4525 86.5899 101.325 122.11 148.81 180.639 157.594 158.65 159.084 158.999 158.481 157.597 156.395 154.91 153.16 151.156 148.897 146.376 143.579 140.486 137.076 133.325 129.207 124.702 119.795 114.479 108.764 102.682 96.2943 89.7051 83.0765 76.6491 70.772 65.9405 62.8326 62.3075 65.3105 72.6898 85.0553 102.765 125.929 154.324 187.235 157.122 158.21 158.615 158.464 157.857 156.869 155.553 153.943 152.06 149.912 147.497 144.804 141.819 138.517 134.874 130.861 126.449 121.612 116.327 110.583 104.382 97.7484 90.74 83.4623 76.0922 68.9141 62.3758 57.1617 54.2391 54.7469 59.6424 69.4006 84.1306 103.855 128.566 158.05 191.66 156.883 157.986 158.373 158.187 157.534 156.492 155.116 153.443 151.49 149.268 146.771 143.991 140.907 137.496 133.731 129.581 125.014 120 114.515 108.54 102.074 95.1361 87.7778 80.1015 72.2871 64.6382 57.6596 52.1658 49.3424 50.523 56.598 67.7181 83.7 104.44 129.911 159.928 193.881 156.883 157.986 158.373 158.187 157.534 156.492 155.116 153.443 151.49 149.268 146.771 143.991 140.907 137.496 133.731 129.581 125.014 120 114.515 108.54 102.074 95.1361 87.7778 80.1015 72.2871 64.6382 57.6596 52.1658 49.3424 50.523 56.598 67.7181 83.7 104.44 129.911 159.928 193.881 157.122 158.21 158.615 158.464 157.857 156.869 155.553 153.943 152.06 149.912 147.497 144.804 141.819 138.517 134.874 130.861 126.449 121.612 116.327 110.583 104.382 97.7484 90.74 83.4623 76.0922 68.9141 62.3758 57.1617 54.2391 54.7469 59.6424 69.4006 84.1306 103.855 128.566 158.05 191.66 157.594 158.65 159.084 158.999 158.481 157.597 156.395 154.91 153.16 151.156 148.897 146.376 143.579 140.486 137.076 133.325 129.207 124.702 119.795 114.479 108.764 102.682 96.2943 89.7051 83.0765 76.6491 70.772 65.9405 62.8326 62.3075 65.3105 72.6898 85.0553 102.765 125.929 154.324 187.235 158.288 159.288 159.757 159.762 159.367 158.628 157.588 156.278 154.717 152.917 150.88 148.601 146.069 143.27 140.187 136.799 133.088 129.039 124.643 119.901 114.828 109.457 103.851 98.1002 92.3375 86.7417 81.5496 77.0725 73.7292 72.1013 72.9965 77.4525 86.5899 101.325 122.11 148.81 180.639 159.184 160.099 160.599 160.706 160.46 159.898 159.057 157.963 156.635 155.087 153.323 151.341 149.135 146.695 144.008 141.059 137.836 134.329 130.534 126.456 122.112 117.536 112.778 107.91 103.025 98.2359 93.6731 89.4944 85.9112 83.2596 82.1304 83.5239 88.8807 99.77 117.287 141.604 171.922 160.258 161.053 161.571 161.784 161.699 161.335 160.716 159.867 158.804 157.541 156.086 154.441 152.603 150.566 148.322 145.862 143.177 140.262 137.116 133.747 130.171 126.414 122.513 118.515 114.471 110.432 106.438 102.522 98.7336 95.1983 92.264 90.7286 92.0757 98.4061 111.71 132.843 161.151 161.473 162.115 162.633 162.945 163.023 162.865 162.482 161.892 161.112 160.155 159.031 157.745 156.299 154.69 152.915 150.969 148.846 146.545 144.067 141.419 138.613 135.666 132.6 129.435 126.185 122.843 119.376 115.719 111.788 107.533 103.064 98.8925 96.2942 97.5932 105.727 122.718 148.41 162.788 163.248 163.744 164.142 164.376 164.421 164.276 163.949 163.457 162.811 162.026 161.108 160.062 158.89 157.592 156.166 154.61 152.924 151.109 149.171 147.116 144.952 142.686 140.313 137.812 135.13 132.172 128.794 124.802 120 114.281 107.847 101.603 97.7125 99.7986 111.497 133.807 164.154 164.413 164.87 165.337 165.713 165.949 166.031 165.961 165.749 165.411 164.959 164.404 163.754 163.014 162.187 161.272 160.271 159.185 158.014 156.761 155.428 154.013 152.507 150.886 149.098 147.052 144.603 141.539 137.581 132.406 125.72 117.431 108.003 99.1161 94.5167 99.5676 117.47 165.514 165.573 165.978 166.498 166.998 167.408 167.699 167.868 167.921 167.874 167.74 167.533 167.264 166.939 166.564 166.142 165.674 165.162 164.606 164.005 163.358 162.653 161.868 160.962 159.858 158.434 156.504 153.801 149.975 144.598 137.219 127.487 115.431 102.068 90.5887 87.5239 99.5688 166.811 166.691 167.046 167.605 168.209 168.77 169.247 169.63 169.925 170.144 170.305 170.422 170.509 170.574 170.626 170.667 170.702 170.732 170.755 170.769 170.767 170.732 170.63 170.404 169.96 169.15 167.754 165.464 161.867 156.454 148.641 137.863 123.772 106.697 88.7611 76.3075 80.3483 167.981 167.733 168.053 168.646 169.335 170.021 170.657 171.225 171.73 172.186 172.61 173.021 173.432 173.856 174.301 174.774 175.276 175.809 176.373 176.961 177.562 178.153 178.695 179.118 179.312 179.109 178.265 176.435 173.161 167.865 159.861 148.414 132.875 112.986 89.657 67.4084 60.2455 168.959 168.667 168.983 169.61 170.37 171.16 171.924 172.646 173.328 173.985 174.637 175.304 176.003 176.749 177.551 178.415 179.345 180.342 181.403 182.521 183.682 184.859 186.004 187.042 187.851 188.249 187.97 186.645 183.78 178.743 170.771 159.001 142.568 120.79 93.5876 62.8726 40.3887 169.681 169.459 169.815 170.488 171.314 172.188 173.057 173.9 174.722 175.542 176.381 177.265 178.212 179.238 180.356 181.571 182.887 184.305 185.819 187.423 189.098 190.816 192.525 194.144 195.543 196.529 196.825 196.043 193.661 189.01 181.271 169.495 152.678 129.884 100.469 64.5054 25.3575 170.092 170.066 170.513 171.259 172.159 173.112 174.065 175.002 175.93 176.873 177.858 178.914 180.065 181.329 182.719 184.242 185.9 187.693 189.616 191.659 193.804 196.019 198.25 200.412 202.372 203.932 204.805 204.592 202.755 198.601 191.274 179.776 163.033 140.012 109.917 72.4953 28.7471 170.17 170.394 170.996 171.873 172.883 173.93 174.964 175.974 176.977 178.004 179.091 180.274 181.583 183.039 184.656 186.441 188.397 190.521 192.808 195.244 197.812 200.478 203.187 205.853 208.342 210.454 211.899 212.272 211.029 207.463 200.703 189.735 173.472 150.912 121.431 85.4979 48.1145 
POINT_DATA 6080
SCALARS NodeID int 1
LOOKUP_TABLE my_table
0
1
2
3
4
5
6
7
8
9
10
11
12
13
14
15
16
17
18
19
20
21
22
23
24
25
26
27
28
29
30
31
32
33
34
35
36
37
38
39
40
41
42
43
44
45
46
47
48
49
50
51
52
53
54
55
56
57
58
59
60
61
62
63
64
65
66
67
68
69
70
71
72
73
74
75
76
77
78
79
80
81
82
83
84
85
86
87
88
89
90
91
92
93
94
95
96
97
98
99
100
101
102
103
104
105
106
107
108
109
110
111
112
113
114
115
116
117
118
119
120
121
122
123
124
125
126
127
128
129
130
131
132
133
134
135
136
137
138
139
140
141
142
143
144
145
146
147
148
149
150
151
152
153
154
155
156
157
158
159
160
161
162
163
164
165
166
167
168
169
170
171
172
173
174
175
176
177
178
179
180
181
182
183
184
185
186
187
188
189
190
191
192
193
194
195
196
197
198
199
200
201
202
203
204
205
206
207
208
209
210
211
212
213
214
215
216
217
218
219
220
221
222
223
224
225
226
227
228
229
230
231
232
233
234
235
236
237
238
239
240
241
242
243
244
245
246
247
248
249
250
251
252
253
254
255
256
257
258
259
260
261
262
263
264
265
266
267
268
269
270
271
272
273
274
275
276
277
278
279
280
281
282
283
284
285
286
287
288
289
290
291
292
293
294
295
296
297
298
299
300
301
302
303
304
305
306
307
308
309
310
311
312
313
314
315
316
317
318
319
320
321
322
323
324
325
326
327
328
329
330
331
332
333
334
335
336
337
338
339
340
341
342
343
344
345
346
347
348
349
350
351
352
353
354
355
356
357
358
359
360
361
362
363
364
365
366
367
368
369
370
371
372
373
374
375
376
377
378
379
380
381
382
383
384
385
386
387
388
389
390
391
392
393
394
395
396
397
398
399
400
401
402
403
404
405
406
407
408
409
410
411
412
413
414
415
416
417
418
419
420
421
422
423
424
425
426
427
428
429
430
431
432
433
434
435
436
437
438
439
440
441
442
443
444
445
446
447
448
449
450
451
452
453
454
455
456
457
458
459
460
461
462
463
464
465
466
467
468
469
470
471
472
473
474
475
476
477
478
479
480
481
482
483
484
485
486
487
488
489
490
491
492
493
494
495
496
497
498
499
500
501
502
503
504
505
506
507
508
509
510
511
512
513
514
515
516
517
518
519
520
521
522
523
524
525
526
527
528
529
530
531
532
533
534
535
536
537
538
539
540
541
542
543
544
545
546
547
548
549
550
551
552
553
554
555
556
557
558
559
560
561
562
563
564
565
566
567
568
569
570
571
572
573
574
575
576
577
578
579
580
581
582
583
584
585
586
587
588
589
590
591
592
593
594
595
596
597
598
599
600
601
602
603
604
605
606
607
608
609
610
611
612
613
614
615
616
617
618
619
620
621
622
623
624
625
626
627
628
629
630
631
632
633
634
635
636
637
638
639
640
641
642
643
644
645
646
647
648
649
650
651
652
653
654
655
656
657
658
659
660
661
662
663
664
665
666
667
668
669
670
671
672
673
674
675
676
677
678
679
680
681
682
683
684
685
686
687
688
689
690
691
692
693
694
695
696
697
698
699
700
701
702
703
704
705
706
707
708
709
710
711
712
713
714
715
716
717
718
719
720
721
722
723
724
725
726
727
728
729
730
731
732
733
734
735
736
737
738
739
740
741
742
743
744
745
746
747
748
749
750
751
752
753
754
755
756
757
758
759
760
761
762
763
764
765
766
767
768
769
770
771
772
773
774
775
776
777
778
779
780
781
782
783
784
785
786
787
788
789
790
791
792
793
794
795
796
797
798
799
800
801
802
803
804
805
806
807
808
809
810
811
812
813
814
815
816
817
818
819
820
821
822
823
824
825
826
827
828
829
830
831
832
833
834
835
836
837
838
839
840
841
842
843
844
845
846
847
848
849
850
851
852
853
854
855
856
857
858
859
860
861
862
863
864
865
866
867
868
869
870
871
872
873
874
875
876
877
878
879
880
881
882
883
884
885
886
887
888
889
890
891
892
893
894
895
896
897
898
899
900
901
902
903
904
905
906
907
908
909
910
911
912
913
914
915
916
917
918
919
920
921
922
923
924
925
926
927
928
929
930
931
932
933
934
935
936
937
938
939
940
941
942
943
944
945
946
947
948
949
950
951
952
953
954
955
956
957
958
959
960
961
962
963
964
965
966
967
968
969
970
971
972
973
974
975
976
977
978
979
980
981
982
983
984
985
986
987
988
989
990
991
992
993
994
995
996
997
998
999
1000
1001
1002
1003
1004
1005
1006
1007
1008
1009
1010
1011
1012
1013
1014
1015
1016
1017
1018
1019
1020
1021
1022
1023
1024
1025
1026
1027
1028
1029
1030
1031
1032
1033
1034
1035
1036
1037
1038
1039
1040
1041
1042
1043
1044
1045
1046
1047
1048
1049
1050
1051
1052
1053
1054
1055
1056
1057
1058
1059
1060
1061
1062
1063
1064
1065
1066
1067
1068
1069
1070
1071
1072
1073
1074
1075
1076
1077
1078
1079
1080
1081
1082
1083
1084
1085
1086
1087
1088
1089
1090
1091
1092
1093
1094
1095
1096
1097
1098
1099
1100
1101
1102
1103
1104
1105
1106
1107
1108
1109
1110
1111
1112
1113
1114
1115
1116
1117
1118
1119
1120
1121
1122
1123
1124
1125
1126
1127
1128
1129
1130
1131
1132
1133
1134
1135
1136
1137
1138
1139
1140
1141
1142
1143
1144
1145
1146
1147
1148
1149
1150
1151
1152
1153
1154
1155
1156
1157
1158
1159
1160
1161
1162
1163
1164
1165
1166
1167
1168
1169
1170
1171
1172
1173
1174
1175
1176
1177
1178
1179
1180
1181
1182
1183
1184
1185
1186
1187
1188
1189
1190
1191
1192
1193
1194
1195
1196
1197
1198
1199
1200
1201
1202
1203
1204
1205
1206
1207
1208
1209
1210
1211
1212
1213
1214
1215
1216
1217
1218
1219
1220
1221
1222
1223
1224
1225
1226
1227
1228
1229
1230
1231
1232
1233
1234
1235
1236
1237
1238
1239
1240
1241
1242
1243
1244
1245
1246
1247
1248
1249
1250
1251
1252
1253
1254
1255
1256
1257
1258
1259
1260
1261
1262
1263
1264
1265
1266
1267
1268
1269
1270
1271
1272
1273
1274
1275
1276
1277
1278
1279
1280
1281
1282
1283
1284
1285
1286
1287
1288
1289
1290
1291
1292
1293
1294
1295
1296
1297
1298
1299
1300
1301
1302
1303
1304
1305
1306
1307
1308
1309
1310
1311
1312
1313
1314
1315
1316
1317
1318
1319
1320
1321
1322
1323
1324
1325
1326
1327
1328
1329
1330
1331
1332
1333
1334
1335
1336
1337
1338
1339
1340
1341
1342
1343
1344
1345
1346
1347
1348
1349
1350
1351
1352
1353
1354
1355
1356
1357
1358
1359
1360
1361
1362
1363
1364
1365
1366
1367
1368
1369
1370
1371
1372
1373
1374
1375
1376
1377
1378
1379
1380
1381
1382
1383
1384
1385
1386
1387
1388
1389
1390
1391
1392
1393
1394
1395
1396
1397
1398
1399
1400
1401
1402
1403
1404
1405
1406
1407
1408
1409
1410
1411
1412
1413
1414
1415
1416
1417
1418
1419
1420
1421
1422
1423
1424
1425
1426
1427
1428
1429
1430
1431
1432
1433
1434
1435
1436
1437
1438
1439
1440
1441
1442
1443
1444
1445
1446
1447
1448
1449
1450
1451
1452
1453
1454
1455
1456
1457
1458
1459
1460
1461
1462
1463
1464
1465
1466
1467
1468
1469
1470
1471
1472
1473
1474
1475
1476
1477
1478
1479
1480
1481
1482
1483
1484
1485
1486
1487
1488
1489
1490
1491
1492
1493
1494
1495
1496
1497
1498
1499
1500
1501
1502
1503
1504
1505
1506
1507
1508
1509
1510
1511
1512
1513
1514
1515
1516
1517
1518
1519
1520
1521
1522
1523
1524
1525
1526
1527
1528
1529
1530
1531
1532
1533
1534
1535
1536
1537
1538
1539
1540
1541
1542
1543
1544
1545
1546
1547
1548
1549
1550
1551
1552
1553
1554
1555
1556
1557
1558
1559
1560
1561
1562
1563
1564
1565
1566
1567
1568
1569
1570
1571
1572
1573
1574
1575
1576
1577
1578
1579
1580
1581
1582
1583
1584
1585
1586
1587
1588
1589
1590
1591
1592
1593
1594
1595
1596
1597
1598
1599
1600
1601
1602
1603
1604
1605
1606
1607
1608
1609
1610
1611
1612
1613
1614
1615
1616
1617
1618
1619
1620
1621
1622
1623
1624
1625
1626
1627
1628
1629
1630
1631
1632
1633
1634
1635
1636
1637
1638
1639
1640
1641
1642
1643
1644
1645
1646
1647
1648
1649
1650
1651
1652
1653
1654
1655
1656
1657
1658
1659
1660
1661
1662
1663
1664
1665
1666
1667
1668
1669
1670
1671
1672
1673
1674
1675
1676
1677
1678
1679
1680
1681
1682
1683
1684
1685
1686
1687
1688
1689
1690
1691
1692
1693
1694
1695
1696
1697
1698
1699
1700
1701
1702
1703
1704
1705
1706
1707
1708
1709
1710
1711
1712
1713
1714
1715
1716
1717
1718
1719
1720
1721
1722
1723
1724
1725
1726
1727
1728
1729
1730
1731
1732
1733
1734
1735
1736
1737
1738
1739
1740
1741
1742
1743
1744
1745
1746
1747
1748
1749
1750
1751
1752
1753
1754
1755
1756
1757
1758
1759
1760
1761
1762
1763
1764
1765
1766
1767
1768
1769
1770
1771
1772
1773
1774
1775
1776
1777
1778
1779
1780
1781
1782
1783
1784
1785
1786
1787
1788
1789
1790
1791
1792
1793
1794
1795
1796
1797
1798
1799
1800
1801
1802
1803
1804
1805
1806
1807
1808
1809
1810
1811
1812
1813
1814
1815
1816
1817
1818
1819
1820
1821
1822
1823
1824
1825
1826
1827
1828
1829
1830
1831
1832
1833
1834
1835
1836
1837
1838
1839
1840
1841
1842
1843
1844
1845
1846
1847
1848
1849
1850
1851
1852
1853
1854
1855
1856
1857
1858
1859
1860
1861
1862
1863
1864
1865
1866
1867
1868
1869
1870
1871
1872
1873
1874
1875
1876
1877
1878
1879
1880
1881
1882
1883
1884
1885
1886
1887
1888
1889
1890
1891
1892
1893
1894
1895
1896
1897
1898
1899
1900
1901
1902
1903
1904
1905
1906
1907
1908
1909
1910
1911
1912
1913
1914
1915
1916
1917
1918
1919
1920
1921
1922
1923
1924
1925
1926
1927
1928
1929
1930
1931
1932
1933
1934
1935
1936
1937
1938
1939
1940
1941
1942
1943
1944
1945
1946
1947
1948
1949
1950
1951
1952
1953
1954
1955
1956
1957
1958
1959
1960
1961
1962
1963
1964
1965
1966
1967
1968
1969
1970
1971
1972
1973
1974
1975
1976
1977
1978
1979
1980
1981
1982
1983
1984
1985
1986
1987
1988
1989
1990
1991
1992
1993
1994
1995
1996
1997
1998
1999
2000
2001
2002
2003
2004
2005
2006
2007
2008
2009
2010
2011
2012
2013
2014
2015
2016
2017
2018
2019
2020
2021
2022
2023
2024
2025
2026
2027
2028
2029
2030
2031
2032
2033
2034
2035
2036
2037
2038
2039
2040
2041
2042
2043
2044
2045
2046
2047
2048
2049
2050
2051
2052
2053
2054
2055
2056
2057
2058
2059
2060
2061
2062
2063
2064
2065
2066
2067
2068
2069
2070
2071
2072
2073
2074
2075
2076
2077
2078
2079
2080
2081
2082
2083
2084
2085
2086
2087
2088
2089
2090
2091
2092
2093
2094
2095
2096
2097
2098
2099
2100
2101
2102
2103
2104
2105
2106
2107
2108
2109
2110
2111
2112
2113
2114
2115
2116
2117
2118
2119
2120
2121
2122
2123
2124
2125
2126
2127
2128
2129
2130
2131
2132
2133
2134
2135
2136
2137
2138
2139
2140
2141
2142
2143
2144
2145
2146
2147
2148
2149
2150
2151
2152
2153
2154
2155
2156
2157
2158
2159
2160
2161
2162
2163
2164
2165
2166
2167
2168
2169
2170
2171
2172
2173
2174
2175
2176
2177
2178
2179
2180
2181
2182
2183
2184
2185
2186
2187
2188
2189
2190
2191
2192
2193
2194
2195
2196
2197
2198
2199
2200
2201
2202
2203
2204
2205
2206
2207
2208
2209
2210
2211
2212
2213
2214
2215
2216
2217
2218
2219
2220
2221
2222
2223
2224
2225
2226
2227
2228
2229
2230
2231
2232
2233
2234
2235
2236
2237
2238
2239
2240
2241
2242
2243
2244
2245
2246
2247
2248
2249
2250
2251
2252
2253
2254
2255
2256
2257
2258
2259
2260
2261
2262
2263
2264
2265
2266
2267
2268
2269
2270
2271
2272
2273
2274
2275
2276
2277
2278
2279
2280
2281
2282
2283
2284
2285
2286
2287
2288
2289
2290
2291
2292
2293
2294
2295
2296
2297
2298
2299
2300
2301
2302
2303
2304
2305
2306
2307
2308
2309
2310
2311
2312
2313
2314
2315
2316
2317
2318
2319
2320
2321
2322
2323
2324
2325
2326
2327
2328
2329
2330
2331
2332
2333
2334
2335
2336
2337
2338
2339
2340
2341
2342
2343
2344
2345
2346
2347
2348
2349
2350
2351
2352
2353
2354
2355
2356
2357
2358
2359
2360
2361
2362
2363
2364
2365
2366
2367
2368
2369
2370
2371
2372
2373
2374
2375
2376
2377
2378
2379
2380
2381
2382
2383
2384
2385
2386
2387
2388
2389
2390
2391
2392
2393
2394
2395
2396
2397
2398
2399
2400
2401
2402
2403
2404
2405
2406
2407
2408
2409
2410
2411
2412
2413
2414
2415
2416
2417
2418
2419
2420
2421
2422
2423
2424
2425
2426
2427
2428
2429
2430
2431
2432
2433
2434
2435
2436
2437
2438
2439
2440
2441
2442
2443
2444
2445
2446
2447
2448
2449
2450
2451
2452
2453
2454
2455
2456
2457
2458
2459
2460
2461
2462
2463
2464
2465
2466
2467
2468
2469
2470
2471
2472
2473
2474
2475
2476
2477
2478
2479
2480
2481
2482
2483
2484
2485
2486
2487
2488
2489
2490
2491
2492
2493
2494
2495
2496
2497
2498
2499
2500
2501
2502
2503
2504
2505
2506
2507
2508
2509
2510
2511
2512
2513
2514
2515
2516
2517
2518
2519
2520
2521
2522
2523
2524
2525
2526
2527
2528
2529
2530
2531
2532
2533
2534
2535
2536
2537
2538
2539
2540
2541
2542
2543
2544
2545
2546
2547
2548
2549
2550
2551
2552
2553
2554
2555
2556
2557
2558
2559
2560
2561
2562
2563
2564
2565
2566
2567
2568
2569
2570
2571
2572
2573
2574
2575
2576
2577
2578
2579
2580
2581
2582
2583
2584
2585
2586
2587
2588
2589
2590
2591
2592
2593
2594
2595
2596
2597
2598
2599
2600
2601
2602
2603
2604
2605
2606
2607
2608
2609
2610
2611
2612
2613
2614
2615
2616
2617
2618
2619
2620
2621
2622
2623
2624
2625
2626
2627
2628
2629
2630
2631
2632
2633
2634
2635
2636
2637
2638
2639
2640
2641
2642
2643
2644
2645
2646
2647
2648
2649
2650
2651
2652
2653
2654
2655
2656
2657
2658
2659
2660
2661
2662
2663
2664
2665
2666
2667
2668
2669
2670
2671
2672
2673
2674
2675
2676
2677
2678
2679
2680
2681
2682
2683
2684
2685
2686
2687
2688
2689
2690
2691
2692
2693
2694
2695
2696
2697
2698
2699
2700
2701
2702
2703
2704
2705
2706
2707
2708
2709
2710
2711
2712
2713
2714
2715
2716
2717
2718
2719
2720
2721
2722
2723
2724
2725
2726
2727
2728
2729
2730
2731
2732
2733
2734
2735
2736
2737
2738
2739
2740
2741
2742
2743
2744
2745
2746
2747
2748
2749
2750
2751
2752
2753
2754
2755
2756
2757
2758
2759
2760
2761
2762
2763
2764
2765
2766
2767
2768
2769
2770
2771
2772
2773
2774
2775
2776
2777
2778
2779
2780
2781
2782
2783
2784
2785
2786
2787
2788
2789
2790
2791
2792
2793
2794
2795
2796
2797
2798
2799
2800
2801
2802
2803
2804
2805
2806
2807
2808
2809
2810
2811
2812
2813
2814
2815
2816
2817
2818
2819
2820
2821
2822
2823
2824
2825
2826
2827
2828
2829
2830
2831
2832
2833
2834
2835
2836
2837
2838
2839
2840
2841
2842
2843
2844
2845
2846
2847
2848
2849
2850
2851
2852
2853
2854
2855
2856
2857
2858
2859
2860
2861
2862
2863
2864
2865
2866
2867
2868
2869
2870
2871
2872
2873
2874
2875
2876
2877
2878
2879
2880
2881
2882
2883
2884
2885
2886
2887
2888
2889
2890
2891
2892
2893
2894
2895
2896
2897
2898
2899
2900
2901
2902
2903
2904
2905
2906
2907
2908
2909
2910
2911
2912
2913
2914
2915
2916
2917
2918
2919
2920
2921
2922
2923
2924
2925
2926
2927
2928
2929
2930
2931
2932
2933
2934
2935
2936
2937
2938
2939
2940
2941
2942
2943
2944
2945
2946
2947
2948
2949
2950
2951
2952
2953
2954
2955
2956
2957
2958
2959
2960
2961
2962
2963
2964
2965
2966
2967
2968
2969
2970
2971
2972
2973
2974
2975
2976
2977
2978
2979
2980
2981
2982
2983
2984
2985
2986
2987
2988
2989
2990
2991
2992
2993
2994
2995
2996
2997
2998
2999
3000
3001
3002
3003
3004
3005
3006
3007
3008
3009
3010
3011
3012
3013
3014
3015
3016
3017
3018
3019
3020
3021
3022
3023
3024
3025
3026
3027
3028
3029
3030
3031
3032
3033
3034
3035
3036
3037
3038
3039
3040
3041
3042
3043
3044
3045
3046
3047
3048
3049
3050
3051
3052
3053
3054
3055
3056
3057
3058
3059
3060
3061
3062
3063
3064
3065
3066
3067
3068
3069
3070
3071
3072
3073
3074
3075
3076
3077
3078
3079
3080
3081
3082
3083
3084
3085
3086
3087
3088
3089
3090
3091
3092
3093
3094
3095
3096
3097
3098
3099
3100
3101
3102
3103
3104
3105
3106
3107
3108
3109
3110
3111
3112
3113
3114
3115
3116
3117
3118
3119
3120
3121
3122
3123
3124
3125
3126
3127
3128
3129
3130
3131
3132
3133
3134
3135
3136
3137
3138
3139
3140
3141
3142
3143
3144
3145
3146
3147
3148
3149
3150
3151
3152
3153
3154
3155
3156
3157
3158
3159
3160
3161
3162
3163
3164
3165
3166
3167
3168
3169
3170
3171
3172
3173
3174
3175
3176
3177
3178
3179
3180
3181
3182
3183
3184
3185
3186
3187
3188
3189
3190
3191
3192
3193
3194
3195
3196
3197
3198
3199
3200
3201
3202
3203
3204
3205
3206
3207
3208
3209
3210
3211
3212
3213
3214
3215
3216
3217
3218
3219
3220
3221
3222
3223
3224
3225
3226
3227
3228
3229
3230
3231
3232
3233
3234
3235
3236
3237
3238
3239
3240
3241
3242
3243
3244
3245
3246
3247
3248
3249
3250
3251
3252
3253
3254
3255
3256
3257
3258
3259
3260
3261
3262
3263
3264
3265
3266
3267
3268
3269
3270
3271
3272
3273
3274
3275
3276
3277
3278
3279
3280
3281
3282
3283
3284
3285
3286
3287
3288
3289
3290
3291
3292
3293
3294
3295
3296
3297
3298
3299
3300
3301
3302
3303
3304
3305
3306
3307
3308
3309
3310
3311
3312
3313
3314
3315
3316
3317
3318
3319
3320
3321
3322
3323
3324
3325
3326
3327
3328
3329
3330
3331
3332
3333
3334
3335
3336
3337
3338
3339
3340
3341
3342
3343
3344
3345
3346
3347
3348
3349
3350
3351
3352
3353
3354
3355
3356
3357
3358
3359
3360
3361
3362
3363
3364
3365
3366
3367
3368
3369
3370
3371
3372
3373
3374
3375
3376
3377
3378
3379
3380
3381
3382
3383
3384
3385
3386
3387
3388
3389
3390
3391
3392
3393
3394
3395
3396
3397
3398
3399
3400
3401
3402
3403
3404
3405
3406
3407
3408
3409
3410
3411
3412
3413
3414
3415
3416
3417
3418
3419
3420
3421
3422
3423
3424
3425
3426
3427
3428
3429
3430
3431
3432
3433
3434
3435
3436
3437
3438
3439
3440
3441
3442
3443
3444
3445
3446
3447
3448
3449
3450
3451
3452
3453
3454
3455
3456
3457
3458
3459
3460
3461
3462
3463
3464
3465
3466
3467
3468
3469
3470
3471
3472
3473
3474
3475
3476
3477
3478
3479
3480
3481
3482
3483
3484
3485
3486
3487
3488
3489
3490
3491
3492
3493
3494
3495
3496
3497
3498
3499
3500
3501
3502
3503
3504
3505
3506
3507
3508
3509
3510
3511
3512
3513
3514
3515
3516
3517
3518
3519
3520
3521
3522
3523
3524
3525
3526
3527
3528
3529
3530
3531
3532
3533
3534
3535
3536
3537
3538
3539
3540
3541
3542
3543
3544
3545
3546
3547
3548
3549
3550
3551
3552
3553
3554
3555
3556
3557
3558
3559
3560
3561
3562
3563
3564
3565
3566
3567
3568
3569
3570
3571
3572
3573
3574
3575
3576
3577
3578
3579
3580
3581
3582
3583
3584
3585
3586
3587
3588
3589
3590
3591
3592
3593
3594
3595
3596
3597
3598
3599
3600
3601
3602
3603
3604
3605
3606
3607
3608
3609
3610
3611
3612
3613
3614
3615
3616
3617
3618
3619
3620
3621
3622
3623
3624
3625
3626
3627
3628
3629
3630
3631
3632
3633
3634
3635
3636
3637
3638
3639
3640
3641
3642
3643
3644
3645
3646
3647
3648
3649
3650
3651
3652
3653
3654
3655
3656
3657
3658
3659
3660
3661
3662
3663
3664
3665
3666
3667
3668
3669
3670
3671
3672
3673
3674
3675
3676
3677
3678
3679
3680
3681
3682
3683
3684
3685
3686
3687
3688
3689
3690
3691
3692
3693
3694
3695
3696
3697
3698
3699
3700
3701
3702
3703
3704
3705
3706
3707
3708
3709
3710
3711
3712
3713
3714
3715
3716
3717
3718
3719
3720
3721
3722
3723
3724
3725
3726
3727
3728
3729
3730
3731
3732
3733
3734
3735
3736
3737
3738
3739
3740
3741
3742
3743
3744
3745
3746
3747
3748
3749
3750
3751
3752
3753
3754
3755
3756
3757
3758
3759
3760
3761
3762
3763
3764
3765
3766
3767
3768
3769
3770
3771
3772
3773
3774
3775
3776
3777
3778
3779
3780
3781
3782
3783
3784
3785
3786
3787
3788
3789
3790
3791
3792
3793
3794
3795
3796
3797
3798
3799
3800
3801
3802
3803
3804
3805
3806
3807
3808
3809
3810
3811
3812
3813
3814
3815
3816
3817
3818
3819
3820
3821
3822
3823
3824
3825
3826
3827
3828
3829
3830
3831
3832
3833
3834
3835
3836
3837
3838
3839
3840
3841
3842
3843
3844
3845
3846
3847
3848
3849
3850
3851
3852
3853
3854
3855
3856
3857
3858
3859
3860
3861
3862
3863
3864
3865
3866
3867
3868
3869
3870
3871
3872
3873
3874
3875
3876
3877
3878
3879
3880
3881
3882
3883
3884
3885
3886
3887
3888
3889
3890
3891
3892
3893
3894
3895
3896
3897
3898
3899
3900
3901
3902
3903
3904
3905
3906
3907
3908
3909
3910
3911
3912
3913
3914
3915
3916
3917
3918
3919
3920
3921
3922
3923
3924
3925
3926
3927
3928
3929
3930
3931
3932
3933
3934
3935
3936
3937
3938
3939
3940
3941
3942
3943
3944
3945
3946
3947
3948
3949
3950
3951
3952
3953
3954
3955
3956
3957
3958
3959
3960
3961
3962
3963
3964
3965
3966
3967
3968
3969
3970
3971
3972
3973
3974
3975
3976
3977
3978
3979
3980
3981
3982
3983
3984
3985
3986
3987
3988
3989
3990
3991
3992
3993
3994
3995
3996
3997
3998
3999
4000
4001
4002
4003
4004
4005
4006
4007
4008
4009
4010
4011
4012
4013
4014
4015
4016
4017
4018
4019
4020
4021
4022
4023
4024
4025
4026
4027
4028
4029
4030
4031
4032
4033
4034
4035
4036
4037
4038
4039
4040
4041
4042
4043
4044
4045
4046
4047
4048
4049
4050
4051
4052
4053
4054
4055
4056
4057
4058
4059
4060
4061
4062
4063
4064
4065
4066
4067
4068
4069
4070
4071
4072
4073
4074
4075
4076
4077
4078
4079
4080
4081
4082
4083
4084
4085
4086
4087
4088
4089
4090
4091
4092
4093
4094
4095
4096
4097
4098
4099
4100
4101
4102
4103
4104
4105
4106
4107
4108
4109
4110
4111
4112
4113
4114
4115
4116
4117
4118
4119
4120
4121
4122
4123
4124
4125
4126
4127
4128
4129
4130
4131
4132
4133
4134
4135
4136
4137
4138
4139
4140
4141
4142
4143
4144
4145
4146
4147
4148
4149
4150
4151
4152
4153
4154
4155
4156
4157
4158
4159
4160
4161
4162
4163
4164
4165
4166
4167
4168
4169
4170
4171
4172
4173
4174
4175
4176
4177
4178
4179
4180
4181
4182
4183
4184
4185
4186
4187
4188
4189
4190
4191
4192
4193
4194
4195
4196
4197
4198
4199
4200
4201
4202
4203
4204
4205
4206
4207
4208
4209
4210
4211
4212
4213
4214
4215
4216
4217
4218
4219
4220
4221
4222
4223
4224
4225
4226
4227
4228
4229
4230
4231
4232
4233
4234
4235
4236
4237
4238
4239
4240
4241
4242
4243
4244
4245
4246
4247
4248
4249
4250
4251
4252
4253
4254
4255
4256
4257
4258
4259
4260
4261
4262
4263
4264
4265
4266
4267
4268
4269
4270
4271
4272
4273
4274
4275
4276
4277
4278
4279
4280
4281
4282
4283
4284
4285
4286
4287
4288
4289
4290
4291
4292
4293
4294
4295
4296
4297
4298
4299
4300
4301
4302
4303
4304
4305
4306
4307
4308
4309
4310
4311
4312
4313
4314
4315
4316
4317
4318
4319
4320
4321
4322
4323
4324
4325
4326
4327
4328
4329
4330
4331
4332
4333
4334
4335
4336
4337
4338
4339
4340
4341
4342
4343
4344
4345
4346
4347
4348
4349
4350
4351
4352
4353
4354
4355
4356
4357
4358
4359
4360
4361
4362
4363
4364
4365
4366
4367
4368
4369
4370
4371
4372
4373
4374
4375
4376
4377
4378
4379
4380
4381
4382
4383
4384
4385
4386
4387
4388
4389
4390
4391
4392
4393
4394
4395
4396
4397
4398
4399
4400
4401
4402
4403
4404
4405
4406
4407
4408
4409
4410
4411
4412
4413
4414
4415
4416
4417
4418
4419
4420
4421
4422
4423
4424
4425
4426
4427
4428
4429
4430
4431
4432
4433
4434
4435
4436
4437
4438
4439
4440
4441
4442
4443
4444
4445
4446
4447
4448
4449
4450
4451
4452
4453
4454
4455
4456
4457
4458
4459
4460
4461
4462
4463
4464
4465
4466
4467
4468
4469
4470
4471
4472
4473
4474
4475
4476
4477
4478
4479
4480
4481
4482
4483
4484
4485
4486
4487
4488
4489
4490
4491
4492
4493
4494
4495
4496
4497
4498
4499
4500
4501
4502
4503
4504
4505
4506
4507
4508
4509
4510
4511
4512
4513
4514
4515
4516
4517
4518
4519
4520
4521
4522
4523
4524
4525
4526
4527
4528
4529
4530
4531
4532
4533
4534
4535
4536
4537
4538
4539
4540
4541
4542
4543
4544
4545
4546
4547
4548
4549
4550
4551
4552
4553
4554
4555
4556
4557
4558
4559
4560
4561
4562
4563
4564
4565
4566
4567
4568
4569
4570
4571
4572
4573
4574
4575
4576
4577
4578
4579
4580
4581
4582
4583
4584
4585
4586
4587
4588
4589
4590
4591
4592
4593
4594
4595
4596
4597
4598
4599
4600
4601
4602
4603
4604
4605
4606
4607
4608
4609
4610
4611
4612
4613
4614
4615
4616
4617
4618
4619
4620
4621
4622
4623
4624
4625
4626
4627
4628
4629
4630
4631
4632
4633
4634
4635
4636
4637
4638
4639
4640
4641
4642
4643
4644
4645
4646
4647
4648
4649
4650
4651
4652
4653
4654
4655
4656
4657
4658
4659
4660
4661
4662
4663
4664
4665
4666
4667
4668
4669
4670
4671
4672
4673
4674
4675
4676
4677
4678
4679
4680
4681
4682
4683
4684
4685
4686
4687
4688
4689
4690
4691
4692
4693
4694
4695
4696
4697
4698
4699
4700
4701
4702
4703
4704
4705
4706
4707
4708
4709
4710
4711
4712
4713
4714
4715
4716
4717
4718
4719
4720
4721
4722
4723
4724
4725
4726
4727
4728
4729
4730
4731
4732
4733
4734
4735
4736
4737
4738
4739
4740
4741
4742
4743
4744
4745
4746
4747
4748
4749
4750
4751
4752
4753
4754
4755
4756
4757
4758
4759
4760
4761
4762
4763
4764
4765
4766
4767
4768
4769
4770
4771
4772
4773
4774
4775
4776
4777
4778
4779
4780
4781
4782
4783
4784
4785
4786
4787
4788
4789
4790
4791
4792
4793
4794
4795
4796
4797
4798
4799
4800
4801
4802
4803
4804
4805
4806
4807
4808
4809
4810
4811
4812
4813
4814
4815
4816
4817
4818
4819
4820
4821
4822
4823
4824
4825
4826
4827
4828
4829
4830
4831
4832
4833
4834
4835
4836
4837
4838
4839
4840
4841
4842
4843
4844
4845
4846
4847
4848
4849
4850
4851
4852
4853
4854
4855
4856
4857
4858
4859
4860
4861
4862
4863
4864
4865
4866
4867
4868
4869
4870
4871
4872
4873
4874
4875
4876
4877
4878
4879
4880
4881
4882
4883
4884
4885
4886
4887
4888
4889
4890
4891
4892
4893
4894
4895
4896
4897
4898
4899
4900
4901
4902
4903
4904
4905
4906
4907
4908
4909
4910
4911
4912
4913
4914
4915
4916
4917
4918
4919
4920
4921
4922
4923
4924
4925
4926
4927
4928
4929
4930
4931
4932
4933
4934
4935
4936
4937
4938
4939
4940
4941
4942
4943
4944
4945
4946
4947
4948
4949
4950
4951
4952
4953
4954
4955
4956
4957
4958
4959
4960
4961
4962
4963
4964
4965
4966
4967
4968
4969
4970
4971
4972
4973
4974
4975
4976
4977
4978
4979
4980
4981
4982
4983
4984
4985
4986
4987
4988
4989
4990
4991
4992
4993
4994
4995
4996
4997
4998
4999
5000
5001
5002
5003
5004
5005
5006
5007
5008
5009
5010
5011
5012
5013
5014
5015
5016
5017
5018
5019
5020
5021
5022
5023
5024
5025
5026
5027
5028
5029
5030
5031
5032
5033
5034
5035
5036
5037
5038
5039
5040
5041
5042
5043
5044
5045
5046
5047
5048
5049
5050
5051
5052
5053
5054
5055
5056
5057
5058
5059
5060
5061
5062
5063
5064
5065
5066
5067
5068
5069
5070
5071
5072
5073
5074
5075
5076
5077
5078
5079
5080
5081
5082
5083
5084
5085
5086
5087
5088
5089
5090
5091
5092
5093
5094
5095
5096
5097
5098
5099
5100
5101
5102
5103
5104
5105
5106
5107
5108
5109
5110
5111
5112
5113
5114
5115
5116
5117
5118
5119
5120
5121
5122
5123
5124
5125
5126
5127
5128
5129
5130
5131
5132
5133
5134
5135
5136
5137
5138
5139
5140
5141
5142
5143
5144
5145
5146
5147
5148
5149
5150
5151
5152
5153
5154
5155
5156
5157
5158
5159
5160
5161
5162
5163
5164
5165
5166
5167
5168
5169
5170
5171
5172
5173
5174
5175
5176
5177
5178
5179
5180
5181
5182
5183
5184
5185
5186
5187
5188
5189
5190
5191
5192
5193
5194
5195
5196
5197
5198
5199
5200
5201
5202
5203
5204
5205
5206
5207
5208
5209
5210
5211
5212
5213
5214
5215
5216
5217
5218
5219
5220
5221
5222
5223
5224
5225
5226
5227
5228
5229
5230
5231
5232
5233
5234
5235
5236
5237
5238
5239
5240
5241
5242
5243
5244
5245
5246
5247
5248
5249
5250
5251
5252
5253
5254
5255
5256
5257
5258
5259
5260
5261
5262
5263
5264
5265
5266
5267
5268
5269
5270
5271
5272
5273
5274
5275
5276
5277
5278
5279
5280
5281
5282
5283
5284
5285
5286
5287
5288
5289
5290
5291
5292
5293
5294
5295
5296
5297
5298
5299
5300
5301
5302
5303
5304
5305
5306
5307
5308
5309
5310
5311
5312
5313
5314
5315
5316
5317
5318
5319
5320
5321
5322
5323
5324
5325
5326
5327
5328
5329
5330
5331
5332
5333
5334
5335
5336
5337
5338
5339
5340
5341
5342
5343
5344
5345
5346
5347
5348
5349
5350
5351
5352
5353
5354
5355
5356
5357
5358
5359
5360
5361
5362
5363
5364
5365
5366
5367
5368
5369
5370
5371
5372
5373
5374
5375
5376
5377
5378
5379
5380
5381
5382
5383
5384
5385
5386
5387
5388
5389
5390
5391
5392
5393
5394
5395
5396
5397
5398
5399
5400
5401
5402
5403
5404
5405
5406
5407
5408
5409
5410
5411
5412
5413
5414
5415
5416
5417
5418
5419
5420
5421
5422
5423
5424
5425
5426
5427
5428
5429
5430
5431
5432
5433
5434
5435
5436
5437
5438
5439
5440
5441
5442
5443
5444
5445
5446
5447
5448
5449
5450
5451
5452
5453
5454
5455
5456
5457
5458
5459
5460
5461
5462
5463
5464
5465
5466
5467
5468
5469
5470
5471
5472
5473
5474
5475
5476
5477
5478
5479
5480
5481
5482
5483
5484
5485
5486
5487
5488
5489
5490
5491
5492
5493
5494
5495
5496
5497
5498
5499
5500
5501
5502
5503
5504
5505
5506
5507
5508
5509
5510
5511
5512
5513
5514
5515
5516
5517
5518
5519
5520
5521
5522
5523
5524
5525
5526
5527
5528
5529
5530
5531
5532
5533
5534
5535
5536
5537
5538
5539
5540
5541
5542
5543
5544
5545
5546
5547
5548
5549
5550
5551
5552
5553
5554
5555
5556
5557
5558
5559
5560
5561
5562
5563
5564
5565
5566
5567
5568
5569
5570
5571
5572
5573
5574
5575
5576
5577
5578
5579
5580
5581
5582
5583
5584
5585
5586
5587
5588
5589
5590
5591
5592
5593
5594
5595
5596
5597
5598
5599
5600
5601
5602
5603
5604
5605
5606
5607
5608
5609
5610
5611
5612
5613
5614
5615
5616
5617
5618
5619
5620
5621
5622
5623
5624
5625
5626
5627
5628
5629
5630
5631
5632
5633
5634
5635
5636
5637
5638
5639
5640
5641
5642
5643
5644
5645
5646
5647
5648
5649
5650
5651
5652
5653
5654
5655
5656
5657
5658
5659
5660
5661
5662
5663
5664
5665
5666
5667
5668
5669
5670
5671
5672
5673
5674
5675
5676
5677
5678
5679
5680
5681
5682
5683
5684
5685
5686
5687
5688
5689
5690
5691
5692
5693
5694
5695
5696
5697
5698
5699
5700
5701
5702
5703
5704
5705
5706
5707
5708
5709
5710
5711
5712
5713
5714
5715
5716
5717
5718
5719
5720
5721
5722
5723
5724
5725
5726
5727
5728
5729
5730
5731
5732
5733
5734
5735
5736
5737
5738
5739
5740
5741
5742
5743
5744
5745
5746
5747
5748
5749
5750
5751
5752
5753
5754
5755
5756
5757
5758
5759
5760
5761
5762
5763
5764
5765
5766
5767
5768
5769
5770
5771
5772
5773
5774
5775
5776
5777
5778
5779
5780
5781
5782
5783
5784
5785
5786
5787
5788
5789
5790
5791
5792
5793
5794
5795
5796
5797
5798
5799
5800
5801
5802
5803
5804
5805
5806
5807
5808
5809
5810
5811
5812
5813
5814
5815
5816
5817
5818
5819
5820
5821
5822
5823
5824
5825
5826
5827
5828
5829
5830
5831
5832
5833
5834
5835
5836
5837
5838
5839
5840
5841
5842
5843
5844
5845
5846
5847
5848
5849
5850
5851
5852
5853
5854
5855
5856
5857
5858
5859
5860
5861
5862
5863
5864
5865
5866
5867
5868
5869
5870
5871
5872
5873
5874
5875
5876
5877
5878
5879
5880
5881
5882
5883
5884
5885
5886
5887
5888
5889
5890
5891
5892
5893
5894
5895
5896
5897
5898
5899
5900
5901
5902
5903
5904
5905
5906
5907
5908
5909
5910
5911
5912
5913
5914
5915
5916
5917
5918
5919
5920
5921
5922
5923
5924
5925
5926
5927
5928
5929
5930
5931
5932
5933
5934
5935
5936
5937
5938
5939
5940
5941
5942
5943
5944
5945
5946
5947
5948
5949
5950
5951
5952
5953
5954
5955
5956
5957
5958
5959
5960
5961
5962
5963
5964
5965
5966
5967
5968
5969
5970
5971
5972
5973
5974
5975
5976
5977
5978
5979
5980
5981
5982
5983
5984
5985
5986
5987
5988
5989
5990
5991
5992
5993
5994
5995
5996
5997
5998
5999
6000
6001
6002
6003
6004
6005
6006
6007
6008
6009
6010
6011
6012
6013
6014
6015
6016
6017
6018
6019
6020
6021
6022
6023
6024
6025
6026
6027
6028
6029
6030
6031
6032
6033
6034
6035
6036
6037
6038
6039
6040
6041
6042
6043
6044
6045
6046
6047
6048
6049
6050
6051
6052
6053
6054
6055
6056
6057
6058
6059
6060
6061
6062
6063
6064
6065
6066
6067
6068
6069
6070
6071
6072
6073
6074
6075
6076
6077
6078
6079
FIELD FieldData2 2
Displacement 3 6080 float
-0.00276877 0.000355479 0 -0.0026732 0.000352238 0 -0.00257982 0.000348627 0 -0.00248869 0.000344195 0 -0.0023999 0.000338742 0 -0.00231355 0.000332286 0 -0.00222973 0.000324967 0 -0.00214846 0.000316979 0 -0.00206978 0.000308511 0 -0.00199368 0.000299731 0 -0.00192015 0.000290766 0 -0.00184918 0.000281703 0 -0.00178075 0.000272598 0 -0.00171488 0.000263481 0 -0.0016516 0.00025437 0 -0.00159097 0.000245277 0 -0.00153306 0.000236222 0 -0.00147797 0.000227236 0 -0.00142581 0.000218366 0 -0.00137674 0.000209683 0 -0.00133088 0.000201281 0 -0.0012884 0.000193281 0 -0.00124946 0.000185832 0 -0.00121424 0.000179115 0 -0.00118289 0.000173344 0 -0.00115559 0.00016877 0 -0.00113252 0.000165683 0 -0.00111382 0.000164412 0 -0.00109964 0.000165324 0 -0.00109011 0.00016882 0 -0.00108531 0.000175318 0 -0.00108528 0.000185229 0 -0.00108999 0.000198922 0 -0.00109928 0.000216661 0 -0.00111286 0.000238536 0 -0.00113024 0.000264365 0 -0.00115072 0.000293607 0 -0.00117329 0.000325265 0 -0.0027866 0.000323133 0 -0.00269115 0.000321525 0 -0.00259824 0.000319508 0 -0.00250779 0.000316463 0 -0.00241977 0.000312214 0 -0.00233418 0.000306811 0 -0.00225104 0.000300418 0 -0.00217037 0.000293239 0 -0.0020922 0.000285476 0 -0.00201653 0.000277302 0 -0.00194337 0.000268855 0 -0.00187275 0.000260236 0 -0.00180468 0.000251511 0 -0.0017392 0.000242726 0 -0.00167637 0.000233912 0 -0.00161626 0.000225094 0 -0.00155895 0.000216301 0 -0.00150455 0.000207571 0 -0.00145318 0.000198959 0 -0.00140498 0.000190536 0 -0.00136007 0.000182396 0 -0.00131862 0.000174658 0 -0.00128078 0.00016747 0 -0.00124669 0.000161007 0 -0.00121651 0.000155479 0 -0.00119038 0.000151134 0 -0.00116846 0.000148256 0 -0.00115085 0.00014717 0 -0.00113766 0.000148238 0 -0.00112896 0.000151855 0 -0.00112478 0.000158435 0 -0.00112509 0.000168381 0 -0.00112977 0.000182056 0 -0.00113861 0.000199714 0 -0.00115125 0.000221437 0 -0.00116717 0.00024704 0 -0.00118565 0.00027598 0 -0.00120577 0.000307277 0 -0.00265879 0.00037317 0 -0.00256745 0.000368821 0 -0.00247795 0.00036373 0 -0.00239053 0.00035773 0 -0.00230539 0.000350833 0 -0.00222266 0.00034317 0 -0.00214244 0.000334919 0 -0.00206474 0.000326266 0 -0.00198958 0.000317367 0 -0.00191693 0.000308346 0 -0.00184675 0.000299285 0 -0.001779 0.000290233 0 -0.00171368 0.000281214 0 -0.00165078 0.000272234 0 -0.00159034 0.000263299 0 -0.00153239 0.000254413 0 -0.00147703 0.000245596 0 -0.00142435 0.000236881 0 -0.00137446 0.000228323 0 -0.00132749 0.000219999 0 -0.00128358 0.000212012 0 -0.0012429 0.000204489 0 -0.00120558 0.000197588 0 -0.00117181 0.000191493 0 -0.00114173 0.000186421 0 -0.00111554 0.000182621 0 -0.00109338 0.000180378 0 -0.00107543 0.000180006 0 -0.00106185 0.000181852 0 -0.00105278 0.000186285 0 -0.00104834 0.000193678 0 -0.00104859 0.000204386 0 -0.00105354 0.000218702 0 -0.00106309 0.00023681 0 -0.001077 0.000258711 0 -0.00109481 0.000284147 0 -0.00111584 0.000312525 0 -0.0011391 0.000342858 0 -0.00280522 0.000290781 0 -0.00271023 0.000291261 0 -0.00261792 0.000290949 0 -0.00252811 0.000289305 0 -0.0024407 0.000286226 0 -0.00235567 0.000281819 0 -0.00227301 0.000276285 0 -0.00219276 0.000269855 0 -0.00211494 0.000262745 0 -0.00203958 0.000255142 0 -0.00196671 0.000247194 0 -0.00189639 0.000239013 0 -0.00182865 0.000230678 0 -0.00176356 0.000222246 0 -0.00170117 0.000213759 0 -0.00164158 0.000205253 0 -0.00158488 0.000196763 0 -0.00153118 0.000188335 0 -0.0014806 0.000180025 0 -0.00143326 0.000171907 0 -0.0013893 0.000164074 0 -0.00134885 0.000156644 0 -0.00131207 0.000149758 0 -0.00127907 0.000143591 0 -0.00125 0.000138347 0 -0.00122498 0.000134266 0 -0.00120412 0.000131628 0 -0.00118749 0.000130749 0 -0.00117517 0.000131985 0 -0.00116716 0.000135721 0 -0.00116344 0.000142358 0 -0.00116392 0.000152289 0 -0.0011684 0.000165859 0 -0.00117661 0.00018331 0 -0.00118813 0.000204707 0 -0.00120244 0.000229857 0 -0.00121882 0.000258214 0 -0.00123643 0.00028882 0 -0.00254875 0.000390246 0 -0.00246121 0.000384475 0 -0.00237535 0.000377859 0 -0.00229154 0.000370431 0 -0.00221002 0.000362325 0 -0.00213093 0.000353719 0 -0.00205433 0.000344792 0 -0.00198024 0.0003357 0 -0.0019086 0.000326558 0 -0.00183939 0.000317445 0 -0.00177253 0.000308403 0 -0.00170798 0.000299447 0 -0.00164572 0.000290576 0 -0.00158574 0.000281781 0 -0.00152808 0.000273058 0 -0.00147278 0.000264411 0 -0.00141992 0.000255861 0 -0.0013696 0.000247448 0 -0.00132192 0.000239236 0 -0.00127702 0.000231309 0 -0.00123503 0.000223778 0 -0.0011961 0.000216779 0 -0.00116038 0.000210472 0 -0.00112804 0.000205047 0 -0.00109923 0.000200719 0 -0.00107413 0.000197733 0 -0.00105291 0.000196362 0 -0.00103573 0.000196903 0 -0.00102278 0.000199677 0 -0.00101421 0.000205012 0 -0.00101016 0.000213232 0 -0.00101073 0.000224624 0 -0.00101595 0.000239406 0 -0.00102576 0.000257675 0 -0.00103994 0.000279347 0 -0.00105806 0.000304096 0 -0.00107945 0.000331296 0 -0.00110311 0.000359989 0 -0.00282506 0.000258858 0 -0.00273056 0.000261699 0 -0.00263878 0.000263131 0 -0.00254945 0.000262843 0 -0.00246246 0.000260859 0 -0.00237778 0.000257368 0 -0.00229542 0.000252621 0 -0.00221542 0.000246879 0 -0.00213781 0.000240377 0 -0.00206267 0.000233317 0 -0.00199003 0.000225856 0 -0.00191996 0.000218117 0 -0.00185253 0.000210189 0 -0.0017878 0.000202138 0 -0.00172586 0.000194013 0 -0.0016668 0.000185859 0 -0.00161071 0.000177717 0 -0.0015577 0.000169636 0 -0.00150789 0.000161676 0 -0.00146141 0.000153909 0 -0.00141837 0.000146429 0 -0.0013789 0.00013935 0 -0.00134313 0.00013281 0 -0.00131117 0.000126978 0 -0.00128315 0.000122053 0 -0.00125914 0.000118268 0 -0.00123924 0.000115893 0 -0.00122349 0.000115236 0 -0.00121191 0.000116642 0 -0.00120445 0.00012048 0 -0.00120105 0.000127137 0 -0.00120152 0.000136987 0 -0.00120564 0.000150353 0 -0.00121306 0.000167457 0 -0.00122334 0.000188347 0 -0.00123592 0.000212817 0 -0.00125012 0.000240326 0 -0.00126519 0.000269938 0 -0.00243828 0.000406386 0 -0.00235419 0.000399138 0 -0.00227184 0.000391124 0 -0.00219161 0.000382503 0 -0.00211373 0.000373462 0 -0.00203832 0.000364185 0 -0.00196539 0.000354827 0 -0.00189491 0.000345502 0 -0.00182681 0.000336284 0 -0.00176101 0.000327208 0 -0.00169745 0.00031828 0 -0.00163606 0.000309488 0 -0.00157682 0.000300815 0 -0.00151972 0.000292241 0 -0.0014648 0.000283759 0 -0.00141209 0.000275378 0 -0.00136169 0.000267122 0 -0.00131368 0.000259042 0 -0.00126818 0.000251208 0 -0.00122531 0.000243715 0 -0.0011852 0.000236681 0 -0.00114801 0.000230247 0 -0.00111387 0.000224577 0 -0.00108295 0.000219862 0 -0.00105541 0.000216313 0 -0.00103142 0.000214167 0 -0.00101115 0.00021368 0 -0.000994783 0.000215129 0 -0.000982502 0.0002188 0 -0.00097448 0.000224977 0 -0.000970873 0.000233925 0 -0.0009718 0.000245864 0 -0.000977316 0.000260931 0 -0.00098737 0.000279139 0 -0.00100176 0.000300326 0 -0.00102007 0.000324109 0 -0.00104161 0.000349844 0 -0.0010654 0.000376608 0 -0.00284613 0.000227857 0 -0.00275204 0.000233089 0 -0.0026606 0.000236204 0 -0.00257154 0.000237172 0 -0.00248476 0.000236181 0 -0.00240024 0.000233514 0 -0.00231801 0.000229478 0 -0.00223812 0.000224367 0 -0.00216063 0.000218436 0 -0.00208562 0.000211898 0 -0.00201315 0.000204921 0 -0.0019433 0.000197635 0 -0.00187615 0.000190137 0 -0.00181178 0.000182497 0 -0.00175028 0.000174774 0 -0.00169173 0.000167015 0 -0.00163625 0.000159267 0 -0.00158392 0.000151581 0 -0.00153487 0.000144018 0 -0.00148922 0.00013665 0 -0.00144706 0.000129568 0 -0.00140852 0.000122883 0 -0.00137371 0.00011673 0 -0.00134273 0.00011127 0 -0.00131567 0.000106695 0 -0.0012926 0.00010323 0 -0.00127356 0.000101134 0 -0.00125857 0.000100705 0 -0.0012476 0.000102269 0 -0.00124056 0.000106181 0 -0.00123731 0.000112806 0 -0.00123765 0.000122493 0 -0.00124126 0.000135544 0 -0.00124777 0.000152154 0 -0.00125669 0.000172351 0 -0.00126747 0.000195919 0 -0.00127947 0.000222327 0 -0.001292 0.000250664 0 -0.00232695 0.000421535 0 -0.00224613 0.00041293 0 -0.00216725 0.000403753 0 -0.00209063 0.00039422 0 -0.00201646 0.00038453 0 -0.00194478 0.000374844 0 -0.00187556 0.000365279 0 -0.00180873 0.000355905 0 -0.00174416 0.000346751 0 -0.00168178 0.000337815 0 -0.00162148 0.000329076 0 -0.00156322 0.000320501 0 -0.00150695 0.000312062 0 -0.00145269 0.000303737 0 -0.00140045 0.00029552 0 -0.00135029 0.000287426 0 -0.0013023 0.000279489 0 -0.00125657 0.000271768 0 -0.00121321 0.000264344 0 -0.00117235 0.000257319 0 -0.00113411 0.000250817 0 -0.00109863 0.000244984 0 -0.00106607 0.000239988 0 -0.00103658 0.000236012 0 -0.00101032 0.000233265 0 -0.000987454 0.000231968 0 -0.000968173 0.00023236 0 -0.000952658 0.000234687 0 -0.000941097 0.000239198 0 -0.000933676 0.000246129 0 -0.000930562 0.000255682 0 -0.000931885 0.000268004 0 -0.000937708 0.000283156 0 -0.000947984 0.00030107 0 -0.00096251 0.000321518 0 -0.000980869 0.000344071 0 -0.00100237 0.000368084 0 -0.00102604 0.000392684 0 -0.00286825 0.000198214 0 -0.00277439 0.000205664 0 -0.00268308 0.000210298 0 -0.00259408 0.000212376 0 -0.00250731 0.000212252 0 -0.00242278 0.000210308 0 -0.00234052 0.000206907 0 -0.00226062 0.000202374 0 -0.00218316 0.000196983 0 -0.00210821 0.000190956 0 -0.00203587 0.000184468 0 -0.00196621 0.000177652 0 -0.00189933 0.00017061 0 -0.0018353 0.000163419 0 -0.00177422 0.000156138 0 -0.00171618 0.00014882 0 -0.00166128 0.000141513 0 -0.00160962 0.00013427 0 -0.00156131 0.000127151 0 -0.00151644 0.000120227 0 -0.00147513 0.000113587 0 -0.00143747 0.000107338 0 -0.00140356 0.000101607 0 -0.00137348 9.65512e-05 0 -0.0013473 9.23523e-05 0 -0.00132507 8.9225e-05 0 -0.00130679 8.74167e-05 0 -0.00129244 8.72078e-05 0 -0.00128195 8.8909e-05 0 -0.00127519 9.28528e-05 0 -0.00127198 9.93798e-05 0 -0.00127203 0.000108814 0 -0.00127502 0.000121426 0 -0.00128052 0.000137387 0 -0.00128802 0.000156705 0 -0.00129697 0.000179158 0 -0.00130678 0.000204223 0 -0.00131683 0.000231031 0 -0.00221436 0.000435844 0 -0.0021368 0.000426111 0 -0.00206145 0.000416058 0 -0.00198855 0.000405911 0 -0.00191817 0.000395849 0 -0.00185031 0.000385995 0 -0.00178485 0.000376419 0 -0.00172167 0.000367147 0 -0.00166065 0.00035817 0 -0.00160165 0.000349454 0 -0.00154459 0.000340956 0 -0.00148941 0.000332634 0 -0.00143608 0.000324452 0 -0.0013846 0.000316393 0 -0.001335 0.000308457 0 -0.00128736 0.000300667 0 -0.00124175 0.00029307 0 -0.00119827 0.000285732 0 -0.00115703 0.000278744 0 -0.00111815 0.000272216 0 -0.00108177 0.000266278 0 -0.00104801 0.000261076 0 -0.00101703 0.000256776 0 -0.000988974 0.000253558 0 -0.000964012 0.000251618 0 -0.000942314 0.000251161 0 -0.000924062 0.000252401 0 -0.000909446 0.000255553 0 -0.000898661 0.000260821 0 -0.000891895 0.000268388 0 -0.000889321 0.000278395 0 -0.00089107 0.000290916 0 -0.000897202 0.000305937 0 -0.000907666 0.00032332 0 -0.000922248 0.000342781 0 -0.000940522 0.000363863 0 -0.000961794 0.000385934 0 -0.00098508 0.000408189 0 -0.00289105 0.000170282 0 -0.00279723 0.000179619 0 -0.00270584 0.000185524 0 -0.0026167 0.000188521 0 -0.00252976 0.000189121 0 -0.00244506 0.000187794 0 -0.00236267 0.000184956 0 -0.00228266 0.000180956 0 -0.00220515 0.000176081 0 -0.00213022 0.00017056 0 -0.00205796 0.00016457 0 -0.00198847 0.000158247 0 -0.00192183 0.000151693 0 -0.00185813 0.000144988 0 -0.00179746 0.000138193 0 -0.00173992 0.000131361 0 -0.00168558 0.000124543 0 -0.00163455 0.000117789 0 -0.00158693 0.000111161 0 -0.00154282 0.000104726 0 -0.00150229 9.8569e-05 0 -0.00146545 9.27921e-05 0 -0.00143237 8.75176e-05 0 -0.00140312 8.28918e-05 0 -0.00137773 7.90878e-05 0 -0.00135623 7.63077e-05 0 -0.0013386 7.47842e-05 0 -0.00132477 7.47799e-05 0 -0.00131465 7.65846e-05 0 -0.00130806 8.05066e-05 0 -0.00130475 8.68592e-05 0 -0.00130443 9.59367e-05 0 -0.0013067 0.000107981 0 -0.00131112 0.000123136 0 -0.00131717 0.000141391 0 -0.0013243 0.000162521 0 -0.00133196 0.000186021 0 -0.00133963 0.00021107 0 -0.00210018 0.000449615 0 -0.00202601 0.000439042 0 -0.00195435 0.000428415 0 -0.0018853 0.000417942 0 -0.00181885 0.00040776 0 -0.00175488 0.000397944 0 -0.00169323 0.00038852 0 -0.00163374 0.000379469 0 -0.00157624 0.00037075 0 -0.00152061 0.000362306 0 -0.00146675 0.000354082 0 -0.00141461 0.000346029 0 -0.00136417 0.000338115 0 -0.00131543 0.00033033 0 -0.00126845 0.000322684 0 -0.00122329 0.00031521 0 -0.00118003 0.000307967 0 -0.00113878 0.000301032 0 -0.00109965 0.000294503 0 -0.00106275 0.000288496 0 -0.00102821 0.000283142 0 -0.000996179 0.000278589 0 -0.000966791 0.000274998 0 -0.000940202 0.000272538 0 -0.000916575 0.000271392 0 -0.000896083 0.000271743 0 -0.00087891 0.000273778 0 -0.000865247 0.000277673 0 -0.000855292 0.000283587 0 -0.000849232 0.000291647 0 -0.000847238 0.000301932 0 -0.000849432 0.000314448 0 -0.000855865 0.000329112 0 -0.000866471 0.000345727 0 -0.000881018 0.000363967 0 -0.000899065 0.000383363 0 -0.000919914 0.000403312 0 -0.000942592 0.000423095 0 -0.00291408 0.000144326 0 -0.00282012 0.000155103 0 -0.00272847 0.000161966 0 -0.00263901 0.000165659 0 -0.00255176 0.000166826 0 -0.00246677 0.000166011 0 -0.00238413 0.000163666 0 -0.00230395 0.00016016 0 -0.00222633 0.000155785 0 -0.00215138 0.00015077 0 -0.00207918 0.000145293 0 -0.00200983 0.000139489 0 -0.00194342 0.000133457 0 -0.00188003 0.000127278 0 -0.00181975 0.000121012 0 -0.00176266 0.000114712 0 -0.00170886 0.000108427 0 -0.00165843 0.00010221 0 -0.00161147 9.61149e-05 0 -0.00156804 9.02099e-05 0 -0.00152825 8.45741e-05 0 -0.00149216 7.9303e-05 0 -0.00145983 7.45116e-05 0 -0.00143131 7.03366e-05 0 -0.00140663 6.69394e-05 0 -0.00138576 6.4508e-05 0 -0.00136867 6.3258e-05 0 -0.00135527 6.34322e-05 0 -0.0013454 6.52968e-05 0 -0.00133886 6.91334e-05 0 -0.00133538 7.52258e-05 0 -0.00133459 8.3837e-05 0 -0.00133609 9.51789e-05 0 -0.00133939 0.00010937 0 -0.00134398 0.000126384 0 -0.00134934 0.000145995 0 -0.00135495 0.000167726 0 -0.00136036 0.00019081 0 -0.00198416 0.000463258 0 -0.00191364 0.000452148 0 -0.0018459 0.000441242 0 -0.0017809 0.000430702 0 -0.0017185 0.000420615 0 -0.00165851 0.000411006 0 -0.00160071 0.000401854 0 -0.00154491 0.000393105 0 -0.00149092 0.000384693 0 -0.00143863 0.000376547 0 -0.00138794 0.000368605 0 -0.0013388 0.000360822 0 -0.00129121 0.000353175 0 -0.00124519 0.000345662 0 -0.00120079 0.000338306 0 -0.00115809 0.000331155 0 -0.00111717 0.000324276 0 -0.00107813 0.000317757 0 -0.0010411 0.000311701 0 -0.00100618 0.000306228 0 -0.000973504 0.000301471 0 -0.000943212 0.000297572 0 -0.000915444 0.000294684 0 -0.000890353 0.000292965 0 -0.000868101 0.000292577 0 -0.000848863 0.00029368 0 -0.000832821 0.000296428 0 -0.000820167 0.000300957 0 -0.000811093 0.000307379 0 -0.000805784 0.000315765 0 -0.000804397 0.000326131 0 -0.000807044 0.000338425 0 -0.000813756 0.000352502 0 -0.000824442 0.000368119 0 -0.000838853 0.000384922 0 -0.000856531 0.000402449 0 -0.000876778 0.000420142 0 -0.000898639 0.000437375 0 -0.00293684 0.000120526 0 -0.00284257 0.000132213 0 -0.0027505 0.000139674 0 -0.00266059 0.000143821 0 -0.00257291 0.000145392 0 -0.00248753 0.000144983 0 -0.00240459 0.000143067 0 -0.00232418 0.000140021 0 -0.00224642 0.000136134 0 -0.00217142 0.000131633 0 -0.00209925 0.000126688 0 -0.00203003 0.00012143 0 -0.00196382 0.000115956 0 -0.00190072 0.000110342 0 -0.0018408 0.000104647 0 -0.00178415 9.89233e-05 0 -0.00173085 9.32171e-05 0 -0.00168097 8.75773e-05 0 -0.0016346 8.20574e-05 0 -0.00159182 7.67197e-05 0 -0.00155269 7.16381e-05 0 -0.00151727 6.6901e-05 0 -0.00148561 6.26145e-05 0 -0.00145774 5.89044e-05 0 -0.00143366 5.59188e-05 0 -0.00141334 5.38298e-05 0 -0.00139669 5.28341e-05 0 -0.00138361 5.31521e-05 0 -0.0013739 5.50246e-05 0 -0.00136733 5.87045e-05 0 -0.00136358 6.44444e-05 0 -0.00136228 7.24756e-05 0 -0.00136297 8.298e-05 0 -0.00136516 9.6052e-05 0 -0.00136834 0.000111654 0 -0.00137199 0.000129566 0 -0.00137567 0.000149343 0 -0.001379 0.000170283 0 -0.00186618 0.000477256 0 -0.00179965 0.000465902 0 -0.0017361 0.000454977 0 -0.00167535 0.000444588 0 -0.00161715 0.000434765 0 -0.00156122 0.000425483 0 -0.00150731 0.00041668 0 -0.0014552 0.000408276 0 -0.00140471 0.000400186 0 -0.00135573 0.000392335 0 -0.00130817 0.000384664 0 -0.001262 0.000377135 0 -0.00121723 0.000369738 0 -0.00117389 0.000362486 0 -0.00113205 0.000355415 0 -0.00109179 0.000348585 0 -0.00105319 0.000342073 0 -0.00101637 0.000335974 0 -0.00098144 0.000330397 0 -0.000948515 0.000325462 0 -0.000917723 0.000321297 0 -0.000889199 0.000318041 0 -0.000863085 0.000315832 0 -0.000839532 0.000314814 0 -0.000818703 0.000315125 0 -0.000800768 0.000316898 0 -0.00078591 0.000320251 0 -0.000774315 0.000325279 0 -0.000766167 0.000332045 0 -0.000761641 0.000340567 0 -0.000760878 0.000350805 0 -0.000763968 0.000362651 0 -0.000770919 0.000375914 0 -0.000781614 0.000390316 0 -0.000795781 0.000405493 0 -0.00081295 0.000421003 0 -0.000832427 0.000436349 0 -0.00085329 0.000451005 0 -0.00295876 9.89724e-05 0 -0.00286406 0.000110992 0 -0.00277145 0.000118665 0 -0.002681 0.00012301 0 -0.00259281 0.000124822 0 -0.002507 0.000124717 0 -0.00242371 0.000123173 0 -0.00234304 0.000120559 0 -0.00226512 0.000117155 0 -0.00219004 0.000113176 0 -0.0021179 0.000108785 0 -0.00204877 0.000104103 0 -0.00198275 9.92212e-05 0 -0.00191991 9.42111e-05 0 -0.00186033 8.91287e-05 0 -0.00180407 8.40217e-05 0 -0.00175122 7.89344e-05 0 -0.00170185 7.39117e-05 0 -0.00165602 6.90032e-05 0 -0.00161381 6.42659e-05 0 -0.00157527 5.97669e-05 0 -0.00154045 5.55868e-05 0 -0.00150938 5.18213e-05 0 -0.00148207 4.85842e-05 0 -0.0014585 4.60086e-05 0 -0.00143862 4.42489e-05 0 -0.00142233 4.34813e-05 0 -0.00140948 4.3902e-05 0 -0.00139985 4.57245e-05 0 -0.00139319 4.91716e-05 0 -0.00138913 5.44637e-05 0 -0.00138727 6.18005e-05 0 -0.00138715 7.1335e-05 0 -0.00138827 8.31404e-05 0 -0.00139011 9.71705e-05 0 -0.00139218 0.000113218 0 -0.00139409 0.000130877 0 -0.00139552 0.000149517 0 -0.00174618 0.000492135 0 -0.00168406 0.000480791 0 -0.00162503 0.000470062 0 -0.00156874 0.000459989 0 -0.00151486 0.000450544 0 -0.00146307 0.000441657 0 -0.00141307 0.000433234 0 -0.00136464 0.000425175 0 -0.00131763 0.000417389 0 -0.00127192 0.000409804 0 -0.00122745 0.00040237 0 -0.00118422 0.000395064 0 -0.00114224 0.000387891 0 -0.00110157 0.000380878 0 -0.00106227 0.000374077 0 -0.00102444 0.000367557 0 -0.000988179 0.000361406 0 -0.000953584 0.000355723 0 -0.000920771 0.000350618 0 -0.000889861 0.000346209 0 -0.000860979 0.000342619 0 -0.000834257 0.000339974 0 -0.000809836 0.000338399 0 -0.000787866 0.000338018 0 -0.000768507 0.000338944 0 -0.000751926 0.000341278 0 -0.000738298 0.000345103 0 -0.000727804 0.00035047 0 -0.000720615 0.000357396 0 -0.000716889 0.000365849 0 -0.000716747 0.000375739 0 -0.000720254 0.000386913 0 -0.000727389 0.000399144 0 -0.000738009 0.000412136 0 -0.000751821 0.000425527 0 -0.000768345 0.000438913 0 -0.000786902 0.000451864 0 -0.000806612 0.000463959 0 -0.00297927 7.96674e-05 0 -0.00288406 9.14192e-05 0 -0.00279085 9.89114e-05 0 -0.00269981 0.000103203 0 -0.00261108 0.000105098 0 -0.00252481 0.000105202 0 -0.00244115 0.000103978 0 -0.00236021 0.000101773 0 -0.00228211 9.88493e-05 0 -0.00220695 9.54056e-05 0 -0.00213482 9.15895e-05 0 -0.00206578 8.7512e-05 0 -0.00199993 8.32564e-05 0 -0.00193732 7.88869e-05 0 -0.00187803 7.44544e-05 0 -0.00182213 7.00024e-05 0 -0.00176968 6.55708e-05 0 -0.00172075 6.12003e-05 0 -0.0016754 5.69353e-05 0 -0.00163369 5.28265e-05 0 -0.00159567 4.89338e-05 0 -0.00156136 4.53284e-05 0 -0.0015308 4.20948e-05 0 -0.00150396 3.93331e-05 0 -0.00148082 3.71604e-05 0 -0.0014613 3.5712e-05 0 -0.00144528 3.51415e-05 0 -0.00143259 3.56196e-05 0 -0.00142298 3.73312e-05 0 -0.00141617 4.04678e-05 0 -0.00141177 4.52177e-05 0 -0.00140937 5.1749e-05 0 -0.00140848 6.01877e-05 0 -0.00140858 7.05884e-05 0 -0.00140919 8.29016e-05 0 -0.00140983 9.69374e-05 0 -0.00141014 0.000112335 0 -0.00140989 0.000128544 0 -0.00162425 0.000508428 0 -0.001567 0.000497299 0 -0.0015128 0.000486921 0 -0.00146118 0.000477266 0 -0.00141175 0.000468253 0 -0.00136413 0.000459773 0 -0.00131805 0.00045171 0 -0.0012733 0.000443955 0 -0.00122972 0.000436422 0 -0.00118725 0.000429048 0 -0.00114584 0.000421799 0 -0.00110552 0.00041467 0 -0.00106631 0.000407681 0 -0.00102829 0.000400877 0 -0.000991544 0.000394322 0 -0.000956156 0.000388094 0 -0.000922231 0.000382287 0 -0.000889877 0.000377003 0 -0.000859208 0.000372349 0 -0.000830342 0.000368439 0 -0.000803403 0.000365385 0 -0.000778522 0.0003633 0 -0.000755837 0.000362292 0 -0.000735495 0.00036246 0 -0.000717651 0.000363891 0 -0.000702466 0.000366654 0 -0.000690108 0.000370793 0 -0.000680743 0.00037632 0 -0.00067453 0.000383206 0 -0.000671603 0.000391376 0 -0.000672061 0.000400699 0 -0.00067594 0.000410985 0 -0.000683189 0.000421985 0 -0.000693641 0.000433397 0 -0.000706984 0.00044488 0 -0.000722738 0.000456072 0 -0.000740247 0.000466622 0 -0.00075868 0.000476212 0 -0.00299781 6.25217e-05 0 -0.00290205 7.34142e-05 0 -0.00280823 8.03448e-05 0 -0.00271659 8.43432e-05 0 -0.00262732 8.61728e-05 0 -0.0025406 8.64012e-05 0 -0.00245658 8.54508e-05 0 -0.00237538 8.3637e-05 0 -0.00229711 8.11946e-05 0 -0.00222187 7.82987e-05 0 -0.00214973 7.50795e-05 0 -0.00208076 7.16342e-05 0 -0.00201505 6.80356e-05 0 -0.00195265 6.43397e-05 0 -0.00189361 6.05911e-05 0 -0.00183802 5.68276e-05 0 -0.00178592 5.30842e-05 0 -0.00173737 4.93961e-05 0 -0.00169244 4.58018e-05 0 -0.00165115 4.2345e-05 0 -0.00161357 3.90773e-05 0 -0.00157969 3.60595e-05 0 -0.00154955 3.3364e-05 0 -0.0015231 3.1076e-05 0 -0.00150031 2.92953e-05 0 -0.00148107 2.81365e-05 0 -0.00146525 2.77296e-05 0 -0.00145266 2.82186e-05 0 -0.00144303 2.97584e-05 0 -0.00143604 3.25092e-05 0 -0.00143131 3.66267e-05 0 -0.00142839 4.22485e-05 0 -0.00142678 4.94755e-05 0 -0.00142598 5.83472e-05 0 -0.00142549 6.88144e-05 0 -0.00142487 8.07102e-05 0 -0.00142379 9.37251e-05 0 -0.00142208 0.000107393 0 -0.00150059 0.00052665 0 -0.00144868 0.000515873 0 -0.00139961 0.000505929 0 -0.00135285 0.000496725 0 -0.00130794 0.000488131 0 -0.00126453 0.000480013 0 -0.00122236 0.000472242 0 -0.00118124 0.000464714 0 -0.00114107 0.000457351 0 -0.0011018 0.00045011 0 -0.00106343 0.000442976 0 -0.00102599 0.000435964 0 -0.000989548 0.00042911 0 -0.000954182 0.000422474 0 -0.000919982 0.000416131 0 -0.000887047 0.000410166 0 -0.000855481 0.000404675 0 -0.000825394 0.000399759 0 -0.000796898 0.00039552 0 -0.000770111 0.000392063 0 -0.000745153 0.000389488 0 -0.000722154 0.00038789 0 -0.000701246 0.000387357 0 -0.000682573 0.000387964 0 -0.000666281 0.000389768 0 -0.000652525 0.000392806 0 -0.00064146 0.000397084 0 -0.000633238 0.000402577 0 -0.000627996 0.000409217 0 -0.000625848 0.00041689 0 -0.000626864 0.000425432 0 -0.000631052 0.00043463 0 -0.000638333 0.000444225 0 -0.000648517 0.000453922 0 -0.00066128 0.00046341 0 -0.000676151 0.000472383 0 -0.000692503 0.000480566 0 -0.000709564 0.000487741 0 -0.00301384 4.7355e-05 0 -0.00291754 5.6834e-05 0 -0.00282314 6.28522e-05 0 -0.00273094 6.63391e-05 0 -0.00264117 6.79728e-05 0 -0.00255404 6.825e-05 0 -0.00246969 6.75358e-05 0 -0.00238825 6.60996e-05 0 -0.00230982 6.41403e-05 0 -0.0022345 6.18051e-05 0 -0.00216236 5.92028e-05 0 -0.00209345 5.64143e-05 0 -0.00202785 5.35002e-05 0 -0.00196562 5.05069e-05 0 -0.0019068 4.74715e-05 0 -0.00185146 4.44253e-05 0 -0.00179966 4.13973e-05 0 -0.00175143 3.84169e-05 0 -0.00170683 3.55156e-05 0 -0.0016659 3.27296e-05 0 -0.00162867 3.0101e-05 0 -0.00159515 2.76796e-05 0 -0.00156534 2.55247e-05 0 -0.0015392 2.37058e-05 0 -0.00151668 2.23037e-05 0 -0.00149765 2.14118e-05 0 -0.00148198 2.11352e-05 0 -0.00146944 2.15902e-05 0 -0.00145976 2.29011e-05 0 -0.0014526 2.51962e-05 0 -0.00144756 2.85993e-05 0 -0.00144417 3.32185e-05 0 -0.00144194 3.91315e-05 0 -0.00144036 4.63657e-05 0 -0.00143893 5.48764e-05 0 -0.00143724 6.45242e-05 0 -0.00143501 7.50556e-05 0 -0.00143208 8.60923e-05 0 -0.00137556 0.000547254 0 -0.00132942 0.000536887 0 -0.00128574 0.000527383 0 -0.00124396 0.000518587 0 -0.00120363 0.000510335 0 -0.00116443 0.000502476 0 -0.00112613 0.000494883 0 -0.0010886 0.000487466 0 -0.00105179 0.000480166 0 -0.00101569 0.00047296 0 -0.000980326 0.000465858 0 -0.000945764 0.00045889 0 -0.000912084 0.000452113 0 -0.000879376 0.000445597 0 -0.00084774 0.000439422 0 -0.000817279 0.00043368 0 -0.000788099 0.000428464 0 -0.00076031 0.00042387 0 -0.000734021 0.000419994 0 -0.000709348 0.000416925 0 -0.000686409 0.000414751 0 -0.000665328 0.000413547 0 -0.000646233 0.000413378 0 -0.000629259 0.000414292 0 -0.000614545 0.000416318 0 -0.000602235 0.00041946 0 -0.000592469 0.000423692 0 -0.00058538 0.000428951 0 -0.000581086 0.000435138 0 -0.000579674 0.000442108 0 -0.000581186 0.000449674 0 -0.000585604 0.000457609 0 -0.000592823 0.000465657 0 -0.000602637 0.000473542 0 -0.000614717 0.000480991 0 -0.000628606 0.000487756 0 -0.000643716 0.000493642 0 -0.000659343 0.000498522 0 -0.00302687 3.38987e-05 0 -0.0029301 4.1477e-05 0 -0.00283519 4.62786e-05 0 -0.0027425 4.90678e-05 0 -0.00265231 5.03949e-05 0 -0.00256483 5.06589e-05 0 -0.0024802 5.01502e-05 0 -0.00239856 4.90814e-05 0 -0.00232001 4.76083e-05 0 -0.00224462 4.58454e-05 0 -0.00217246 4.38774e-05 0 -0.0021036 4.17666e-05 0 -0.0020381 3.956e-05 0 -0.00197599 3.72932e-05 0 -0.00191735 3.4995e-05 0 -0.00186221 3.26896e-05 0 -0.00181063 3.03992e-05 0 -0.00176265 2.81465e-05 0 -0.00171832 2.59558e-05 0 -0.00167766 2.38546e-05 0 -0.00164071 2.18754e-05 0 -0.00160746 2.00561e-05 0 -0.00157791 1.84418e-05 0 -0.00155201 1.70855e-05 0 -0.00152968 1.60487e-05 0 -0.00151082 1.54021e-05 0 -0.00149524 1.52252e-05 0 -0.00148273 1.56057e-05 0 -0.00147299 1.66374e-05 0 -0.00146568 1.84163e-05 0 -0.00146037 2.10345e-05 0 -0.00145659 2.45722e-05 0 -0.00145385 2.90855e-05 0 -0.00145163 3.45924e-05 0 -0.00144945 4.10562e-05 0 -0.00144691 4.83688e-05 0 -0.00144376 5.63367e-05 0 -0.00143988 6.46732e-05 0 -0.00124963 0.000570585 0 -0.00120963 0.000560602 0 -0.00117154 0.000551459 0 -0.00113481 0.000542954 0 -0.00109905 0.0005349 0 -0.001064 0.000527145 0 -0.00102952 0.000519578 0 -0.000995535 0.000512127 0 -0.00096204 0.00050476 0 -0.000929073 0.000497479 0 -0.000896702 0.000490312 0 -0.00086501 0.000483312 0 -0.000834096 0.000476545 0 -0.000804061 0.000470089 0 -0.00077501 0.000464031 0 -0.00074705 0.00045846 0 -0.000720286 0.000453465 0 -0.000694826 0.000449134 0 -0.000670779 0.00044555 0 -0.000648254 0.00044279 0 -0.000627365 0.000440921 0 -0.000608231 0.000439998 0 -0.000590972 0.000440064 0 -0.000575716 0.000441139 0 -0.000562589 0.000443224 0 -0.000551722 0.000446292 0 -0.000543238 0.000450287 0 -0.000537252 0.000455118 0 -0.000533858 0.000460655 0 -0.000533117 0.000466734 0 -0.000535046 0.000473154 0 -0.000539601 0.000479686 0 -0.000546659 0.000486084 0 -0.000556 0.0004921 0 -0.000567302 0.000497505 0 -0.000580128 0.000502113 0 -0.000593936 0.000505803 0 -0.000608091 0.000508534 0 -0.00303649 2.18048e-05 0 -0.00293935 2.70889e-05 0 -0.00284405 3.04314e-05 0 -0.00275099 3.23759e-05 0 -0.00266048 3.33102e-05 0 -0.00257272 3.35132e-05 0 -0.00248789 3.3187e-05 0 -0.00240609 3.24782e-05 0 -0.00232744 3.14942e-05 0 -0.002252 3.03133e-05 0 -0.00217984 2.89932e-05 0 -0.00211101 2.75766e-05 0 -0.00204557 2.60953e-05 0 -0.00198356 2.45737e-05 0 -0.00192504 2.30311e-05 0 -0.00187005 2.14842e-05 0 -0.00181863 1.99481e-05 0 -0.00177083 1.84381e-05 0 -0.00172669 1.69706e-05 0 -0.00168623 1.55645e-05 0 -0.00164947 1.42415e-05 0 -0.00161642 1.30274e-05 0 -0.00158705 1.19525e-05 0 -0.00156131 1.10526e-05 0 -0.00153912 1.0369e-05 0 -0.00152036 9.94919e-06 0 -0.00150485 9.84655e-06 0 -0.00149235 1.01198e-05 0 -0.00148256 1.08316e-05 0 -0.00147512 1.20457e-05 0 -0.0014696 1.38235e-05 0 -0.00146554 1.62176e-05 0 -0.00146241 1.92645e-05 0 -0.00145972 2.2975e-05 0 -0.00145699 2.7323e-05 0 -0.00145384 3.22347e-05 0 -0.00145002 3.75795e-05 0 -0.00144546 4.3165e-05 0 -0.00112345 0.000596821 0 -0.00108984 0.000587109 0 -0.00105741 0.000578169 0 -0.00102571 0.000569765 0 -0.000994459 0.00056171 0 -0.00096349 0.000553863 0 -0.000932746 0.000546137 0 -0.000902235 0.000538488 0 -0.000872008 0.000530912 0 -0.000842149 0.000523435 0 -0.000812755 0.000516105 0 -0.000783935 0.000508987 0 -0.000755799 0.000502158 0 -0.000728456 0.0004957 0 -0.000702015 0.000489698 0 -0.000676584 0.000484237 0 -0.000652267 0.000479397 0 -0.000629167 0.000475256 0 -0.00060739 0.000471881 0 -0.00058704 0.000469332 0 -0.000568224 0.000467659 0 -0.000551053 0.000466893 0 -0.000535639 0.000467053 0 -0.000522099 0.000468134 0 -0.000510547 0.00047011 0 -0.000501098 0.000472928 0 -0.000493858 0.000476504 0 -0.00048892 0.000480723 0 -0.000486354 0.000485436 0 -0.000486201 0.000490465 0 -0.000488452 0.000495604 0 -0.000493042 0.00050063 0 -0.000499835 0.000505317 0 -0.000508607 0.00050945 0 -0.000519047 0.000512849 0 -0.000530748 0.000515386 0 -0.000543216 0.00051701 0 -0.000555889 0.000517754 0 -0.00304239 1.06592e-05 0 -0.00294501 1.33725e-05 0 -0.00284946 1.50871e-05 0 -0.00275617 1.60853e-05 0 -0.00266546 1.65675e-05 0 -0.00257754 1.66772e-05 0 -0.00249257 1.6518e-05 0 -0.00241068 1.61647e-05 0 -0.00233197 1.5672e-05 0 -0.00225649 1.50798e-05 0 -0.00218432 1.44173e-05 0 -0.00211552 1.37062e-05 0 -0.00205011 1.29624e-05 0 -0.00198817 1.21984e-05 0 -0.00192972 1.1424e-05 0 -0.00187482 1.06476e-05 0 -0.0018235 9.87674e-06 0 -0.00177581 9.11927e-06 0 -0.00173178 8.38349e-06 0 -0.00169144 7.67885e-06 0 -0.0016548 7.01637e-06 0 -0.00162186 6.40901e-06 0 -0.0015926 5.87207e-06 0 -0.00156696 5.42348e-06 0 -0.00154485 5.08408e-06 0 -0.00152615 4.87769e-06 0 -0.00151067 4.83112e-06 0 -0.00149817 4.97379e-06 0 -0.00148834 5.33703e-06 0 -0.00148082 5.95277e-06 0 -0.00147518 6.8515e-06 0 -0.00147093 8.05941e-06 0 -0.00146758 9.59444e-06 0 -0.0014646 1.14616e-05 0 -0.00146154 1.36473e-05 0 -0.00145801 1.61141e-05 0 -0.00145378 1.87964e-05 0 -0.00144881 2.15974e-05 0 -0.000997803 0.000625915 0 -0.000970649 0.000616278 0 -0.000943828 0.000607308 0 -0.000917045 0.000598761 0 -0.000890162 0.000590461 0 -0.000863147 0.000582296 0 -0.000836041 0.00057421 0 -0.000808929 0.000566192 0 -0.000781923 0.000558262 0 -0.000755145 0.000550469 0 -0.000728722 0.000542875 0 -0.000702779 0.000535557 0 -0.000677435 0.000528593 0 -0.000652807 0.000522065 0 -0.000629003 0.000516053 0 -0.000606128 0.000510632 0 -0.000584283 0.000505873 0 -0.000563568 0.000501838 0 -0.000544081 0.000498579 0 -0.00052592 0.000496137 0 -0.000509185 0.000494541 0 -0.000493976 0.000493801 0 -0.000480398 0.000493911 0 -0.000468552 0.000494845 0 -0.00045854 0.000496552 0 -0.00045046 0.000498954 0 -0.0004444 0.000501946 0 -0.000440432 0.000505396 0 -0.000438606 0.000509141 0 -0.000438939 0.000512997 0 -0.000441405 0.000516762 0 -0.000445924 0.000520225 0 -0.000452349 0.000523186 0 -0.000460463 0.000525466 0 -0.000469971 0.000526933 0 -0.000480501 0.000527517 0 -0.000491614 0.000527228 0 -0.000502817 0.000526163 0 -0.00304438 0 0 -0.00294692 0 0 -0.00285129 0 0 -0.00275792 0 0 -0.00266713 0 0 -0.00257915 0 0 -0.00249414 0 0 -0.00241222 0 0 -0.00233349 0 0 -0.002258 0 0 -0.00218583 0 0 -0.00211703 0 0 -0.00205164 0 0 -0.00198971 0 0 -0.00193129 0 0 -0.00187642 0 0 -0.00182514 0 0 -0.00177748 0 0 -0.00173349 0 0 -0.00169319 0 0 -0.00165659 0 0 -0.00162369 0 0 -0.00159446 0 0 -0.00156885 0 0 -0.00154677 0 0 -0.00152809 0 0 -0.00151262 0 0 -0.00150012 0 0 -0.00149028 0 0 -0.00148273 0 0 -0.00147704 0 0 -0.00147274 0 0 -0.0014693 0 0 -0.00146623 0 0 -0.00146305 0 0 -0.0014594 0 0 -0.00145504 0 0 -0.00144993 0 0 -0.000873549 0.000657524 0 -0.000852703 0.000647701 0 -0.000831271 0.000638417 0 -0.00080918 0.000629442 0 -0.00078647 0.000620634 0 -0.000763249 0.000611917 0 -0.000739662 0.000603272 0 -0.00071587 0.000594717 0 -0.000692035 0.000586297 0 -0.000668315 0.000578077 0 -0.000644858 0.000570129 0 -0.0006218 0.000562531 0 -0.000599266 0.000555362 0 -0.000577373 0.000548696 0 -0.000556227 0.000542606 0 -0.000535929 0.000537155 0 -0.000516576 0.000532398 0 -0.000498259 0.000528382 0 -0.000481069 0.000525141 0 -0.000465097 0.000522698 0 -0.000450433 0.00052106 0 -0.000437168 0.000520218 0 -0.000425392 0.000520143 0 -0.000415196 0.000520788 0 -0.000406666 0.00052208 0 -0.000399883 0.000523924 0 -0.000394918 0.000526198 0 -0.000391823 0.000528756 0 -0.00039063 0.000531431 0 -0.000391338 0.000534037 0 -0.000393905 0.00053638 0 -0.000398242 0.000538272 0 -0.000404203 0.000539536 0 -0.00041158 0.000540035 0 -0.000420101 0.000539682 0 -0.000429434 0.000538459 0 -0.000439194 0.000536429 0 -0.000448958 0.000533741 0 -0.00304239 -1.06592e-05 0 -0.00294501 -1.33725e-05 0 -0.00284946 -1.50871e-05 0 -0.00275617 -1.60853e-05 0 -0.00266546 -1.65675e-05 0 -0.00257754 -1.66772e-05 0 -0.00249257 -1.6518e-05 0 -0.00241068 -1.61647e-05 0 -0.00233197 -1.5672e-05 0 -0.00225649 -1.50798e-05 0 -0.00218432 -1.44173e-05 0 -0.00211552 -1.37062e-05 0 -0.00205011 -1.29624e-05 0 -0.00198817 -1.21984e-05 0 -0.00192972 -1.1424e-05 0 -0.00187482 -1.06476e-05 0 -0.0018235 -9.87674e-06 0 -0.00177581 -9.11927e-06 0 -0.00173178 -8.38349e-06 0 -0.00169144 -7.67885e-06 0 -0.0016548 -7.01637e-06 0 -0.00162186 -6.40901e-06 0 -0.0015926 -5.87207e-06 0 -0.00156696 -5.42348e-06 0 -0.00154485 -5.08408e-06 0 -0.00152615 -4.87769e-06 0 -0.00151067 -4.83112e-06 0 -0.00149817 -4.97379e-06 0 -0.00148834 -5.33703e-06 0 -0.00148082 -5.95277e-06 0 -0.00147518 -6.8515e-06 0 -0.00147093 -8.05941e-06 0 -0.00146758 -9.59444e-06 0 -0.0014646 -1.14616e-05 0 -0.00146154 -1.36473e-05 0 -0.00145801 -1.61141e-05 0 -0.00145378 -1.87964e-05 0 -0.00144881 -2.15974e-05 0 -0.000751603 0.000690957 0 -0.000736649 0.000680651 0 -0.000720217 0.000670746 0 -0.000702487 0.000661054 0 -0.00068369 0.000651479 0 -0.000664071 0.000641993 0 -0.00064387 0.000632609 0 -0.000623313 0.000623373 0 -0.000602601 0.000614349 0 -0.000581918 0.000605609 0 -0.000561422 0.000597229 0 -0.000541257 0.000589286 0 -0.000521547 0.000581849 0 -0.000502405 0.000574986 0 -0.000483933 0.000568754 0 -0.000466226 0.000563203 0 -0.00044937 0.000558372 0 -0.000433452 0.00055429 0 -0.000418552 0.000550974 0 -0.00040475 0.000548428 0 -0.000392128 0.000546639 0 -0.000380765 0.000545579 0 -0.000370739 0.000545202 0 -0.000362126 0.000545439 0 -0.000354999 0.000546201 0 -0.000349422 0.000547379 0 -0.000345448 0.000548838 0 -0.000343114 0.000550427 0 -0.000342436 0.000551975 0 -0.000343399 0.000553303 0 -0.000345952 0.000554231 0 -0.000350003 0.000554591 0 -0.000355411 0.000554236 0 -0.000361983 0.000553066 0 -0.000369477 0.000551036 0 -0.000377601 0.000548174 0 -0.000386026 0.000544589 0 -0.000394394 0.000540472 0 -0.00303649 -2.18048e-05 0 -0.00293935 -2.70889e-05 0 -0.00284405 -3.04314e-05 0 -0.00275099 -3.23759e-05 0 -0.00266048 -3.33102e-05 0 -0.00257272 -3.35132e-05 0 -0.00248789 -3.3187e-05 0 -0.00240609 -3.24782e-05 0 -0.00232744 -3.14942e-05 0 -0.002252 -3.03133e-05 0 -0.00217984 -2.89932e-05 0 -0.00211101 -2.75766e-05 0 -0.00204557 -2.60953e-05 0 -0.00198356 -2.45737e-05 0 -0.00192504 -2.30311e-05 0 -0.00187005 -2.14842e-05 0 -0.00181863 -1.99481e-05 0 -0.00177083 -1.84381e-05 0 -0.00172669 -1.69706e-05 0 -0.00168623 -1.55645e-05 0 -0.00164947 -1.42415e-05 0 -0.00161642 -1.30274e-05 0 -0.00158705 -1.19525e-05 0 -0.00156131 -1.10526e-05 0 -0.00153912 -1.0369e-05 0 -0.00152036 -9.94919e-06 0 -0.00150485 -9.84655e-06 0 -0.00149235 -1.01198e-05 0 -0.00148256 -1.08316e-05 0 -0.00147512 -1.20457e-05 0 -0.0014696 -1.38235e-05 0 -0.00146554 -1.62176e-05 0 -0.00146241 -1.92645e-05 0 -0.00145972 -2.2975e-05 0 -0.00145699 -2.7323e-05 0 -0.00145384 -3.22347e-05 0 -0.00145002 -3.75795e-05 0 -0.00144546 -4.3165e-05 0 -0.000632821 0.000725148 0 -0.00062307 0.000714065 0 -0.000611078 0.000703248 0 -0.000597283 0.00069258 0 -0.000582089 0.000682022 0 -0.000565858 0.00067159 0 -0.000548903 0.00066133 0 -0.000531494 0.000651309 0 -0.000513858 0.000641599 0 -0.000496189 0.000632276 0 -0.000478651 0.000623412 0 -0.000461384 0.000615075 0 -0.000444507 0.000607325 0 -0.000428126 0.000600215 0 -0.000412335 0.000593787 0 -0.000397218 0.000588075 0 -0.000382854 0.000583103 0 -0.000369319 0.000578882 0 -0.000356683 0.000575411 0 -0.000345018 0.000572677 0 -0.000334391 0.000570648 0 -0.00032487 0.00056928 0 -0.000316522 0.000568509 0 -0.000309408 0.000568253 0 -0.000303586 0.000568409 0 -0.000299107 0.000568855 0 -0.00029601 0.000569452 0 -0.000294316 0.000570044 0 -0.00029403 0.000570463 0 -0.000295128 0.00057054 0 -0.000297555 0.00057011 0 -0.000301222 0.000569026 0 -0.000305997 0.000567173 0 -0.00031171 0.000564482 0 -0.000318149 0.000560947 0 -0.000325066 0.000556634 0 -0.000332185 0.00055169 0 -0.000339212 0.000546339 0 -0.00302687 -3.38987e-05 0 -0.0029301 -4.1477e-05 0 -0.00283519 -4.62786e-05 0 -0.0027425 -4.90678e-05 0 -0.00265231 -5.03949e-05 0 -0.00256483 -5.06589e-05 0 -0.0024802 -5.01502e-05 0 -0.00239856 -4.90814e-05 0 -0.00232001 -4.76083e-05 0 -0.00224462 -4.58454e-05 0 -0.00217246 -4.38774e-05 0 -0.0021036 -4.17666e-05 0 -0.0020381 -3.956e-05 0 -0.00197599 -3.72932e-05 0 -0.00191735 -3.4995e-05 0 -0.00186221 -3.26896e-05 0 -0.00181063 -3.03992e-05 0 -0.00176265 -2.81465e-05 0 -0.00171832 -2.59558e-05 0 -0.00167766 -2.38546e-05 0 -0.00164071 -2.18754e-05 0 -0.00160746 -2.00561e-05 0 -0.00157791 -1.84418e-05 0 -0.00155201 -1.70855e-05 0 -0.00152968 -1.60487e-05 0 -0.00151082 -1.54021e-05 0 -0.00149524 -1.52252e-05 0 -0.00148273 -1.56057e-05 0 -0.00147299 -1.66374e-05 0 -0.00146568 -1.84163e-05 0 -0.00146037 -2.10345e-05 0 -0.00145659 -2.45722e-05 0 -0.00145385 -2.90855e-05 0 -0.00145163 -3.45924e-05 0 -0.00144945 -4.10562e-05 0 -0.00144691 -4.83688e-05 0 -0.00144376 -5.63367e-05 0 -0.00143988 -6.46732e-05 0 -0.000517892 0.000758666 0 -0.000512401 0.000746562 0 -0.000504155 0.000734611 0 -0.0004938 0.00072278 0 -0.000481869 0.000711093 0 -0.000468799 0.000699609 0 -0.000454947 0.000688399 0 -0.000440601 0.000677541 0 -0.000425995 0.00066711 0 -0.000411319 0.000657178 0 -0.000396732 0.000647808 0 -0.000382363 0.000639055 0 -0.000368321 0.000630966 0 -0.000354701 0.000623578 0 -0.000341586 0.000616918 0 -0.000329049 0.000611004 0 -0.000317158 0.000605842 0 -0.000305977 0.000601427 0 -0.000295566 0.000597743 0 -0.000285985 0.000594759 0 -0.000277291 0.000592431 0 -0.000269539 0.000590697 0 -0.000262782 0.000589481 0 -0.00025707 0.000588689 0 -0.000252448 0.000588207 0 -0.000248952 0.000587908 0 -0.00024661 0.000587647 0 -0.000245434 0.00058727 0 -0.000245418 0.000586614 0 -0.000246536 0.00058552 0 -0.000248733 0.000583839 0 -0.000251927 0.000581447 0 -0.000256003 0.000578254 0 -0.000260815 0.000574223 0 -0.000266183 0.000569378 0 -0.000271905 0.000563817 0 -0.000277754 0.000557717 0 -0.000283496 0.000551328 0 -0.00301384 -4.7355e-05 0 -0.00291754 -5.6834e-05 0 -0.00282314 -6.28522e-05 0 -0.00273094 -6.63391e-05 0 -0.00264117 -6.79728e-05 0 -0.00255404 -6.825e-05 0 -0.00246969 -6.75358e-05 0 -0.00238825 -6.60996e-05 0 -0.00230982 -6.41403e-05 0 -0.0022345 -6.18051e-05 0 -0.00216236 -5.92028e-05 0 -0.00209345 -5.64143e-05 0 -0.00202785 -5.35002e-05 0 -0.00196562 -5.05069e-05 0 -0.0019068 -4.74715e-05 0 -0.00185146 -4.44253e-05 0 -0.00179966 -4.13973e-05 0 -0.00175143 -3.84169e-05 0 -0.00170683 -3.55156e-05 0 -0.0016659 -3.27296e-05 0 -0.00162867 -3.0101e-05 0 -0.00159515 -2.76796e-05 0 -0.00156534 -2.55247e-05 0 -0.0015392 -2.37058e-05 0 -0.00151668 -2.23037e-05 0 -0.00149765 -2.14118e-05 0 -0.00148198 -2.11352e-05 0 -0.00146944 -2.15902e-05 0 -0.00145976 -2.29011e-05 0 -0.0014526 -2.51962e-05 0 -0.00144756 -2.85993e-05 0 -0.00144417 -3.32185e-05 0 -0.00144194 -3.91315e-05 0 -0.00144036 -4.63657e-05 0 -0.00143893 -5.48764e-05 0 -0.00143724 -6.45242e-05 0 -0.00143501 -7.50556e-05 0 -0.00143208 -8.60923e-05 0 -0.000407212 0.000789788 0 -0.000404859 0.000776526 0 -0.000399581 0.000763328 0 -0.000392139 0.000750256 0 -0.000383123 0.000737398 0 -0.000372993 0.000724846 0 -0.000362106 0.000712689 0 -0.000350743 0.000701008 0 -0.000339122 0.000689875 0 -0.000327418 0.000679352 0 -0.000315772 0.00066949 0 -0.000304296 0.000660331 0 -0.000293084 0.000651904 0 -0.000282217 0.000644232 0 -0.000271764 0.000637327 0 -0.000261785 0.00063119 0 -0.000252337 0.000625813 0 -0.000243471 0.000621177 0 -0.000235236 0.000617251 0 -0.000227679 0.00061399 0 -0.000220846 0.000611338 0 -0.00021478 0.000609222 0 -0.000209522 0.000607553 0 -0.000205111 0.000606229 0 -0.000201578 0.000605131 0 -0.000198951 0.000604125 0 -0.000197247 0.000603066 0 -0.00019647 0.000601802 0 -0.000196611 0.000600178 0 -0.000197644 0.000598045 0 -0.000199519 0.000595269 0 -0.000202166 0.000591746 0 -0.000205489 0.000587408 0 -0.000209367 0.000582243 0 -0.000213659 0.000576302 0 -0.000218202 0.000569709 0 -0.000222822 0.000562661 0 -0.000227334 0.000555427 0 -0.00299781 -6.25217e-05 0 -0.00290205 -7.34142e-05 0 -0.00280823 -8.03448e-05 0 -0.00271659 -8.43432e-05 0 -0.00262732 -8.61728e-05 0 -0.0025406 -8.64012e-05 0 -0.00245658 -8.54508e-05 0 -0.00237538 -8.3637e-05 0 -0.00229711 -8.11946e-05 0 -0.00222187 -7.82987e-05 0 -0.00214973 -7.50795e-05 0 -0.00208076 -7.16342e-05 0 -0.00201505 -6.80356e-05 0 -0.00195265 -6.43397e-05 0 -0.00189361 -6.05911e-05 0 -0.00183802 -5.68276e-05 0 -0.00178592 -5.30842e-05 0 -0.00173737 -4.93961e-05 0 -0.00169244 -4.58018e-05 0 -0.00165115 -4.2345e-05 0 -0.00161357 -3.90773e-05 0 -0.00157969 -3.60595e-05 0 -0.00154955 -3.3364e-05 0 -0.0015231 -3.1076e-05 0 -0.00150031 -2.92953e-05 0 -0.00148107 -2.81365e-05 0 -0.00146525 -2.77296e-05 0 -0.00145266 -2.82186e-05 0 -0.00144303 -2.97584e-05 0 -0.00143604 -3.25092e-05 0 -0.00143131 -3.66267e-05 0 -0.00142839 -4.22485e-05 0 -0.00142678 -4.94755e-05 0 -0.00142598 -5.83472e-05 0 -0.00142549 -6.88144e-05 0 -0.00142487 -8.07102e-05 0 -0.00142379 -9.37251e-05 0 -0.00142208 -0.000107393 0 -0.000300779 0.000816644 0 -0.000300378 0.00080223 0 -0.000297282 0.000787818 0 -0.00029224 0.000773566 0 -0.000285813 0.000759614 0 -0.000278419 0.000746081 0 -0.000270376 0.000733065 0 -0.000261924 0.000720645 0 -0.000253249 0.000708887 0 -0.000244495 0.000697839 0 -0.000235776 0.00068754 0 -0.000227184 0.000678016 0 -0.000218793 0.000669283 0 -0.000210665 0.000661349 0 -0.000202853 0.000654212 0 -0.000195405 0.00064786 0 -0.000188363 0.000642273 0 -0.000181767 0.000637419 0 -0.000175653 0.000633255 0 -0.000170057 0.000629726 0 -0.000165013 0.000626766 0 -0.000160551 0.000624293 0 -0.000156703 0.00062221 0 -0.000153495 0.000620409 0 -0.00015095 0.000618765 0 -0.000149086 0.000617144 0 -0.000147912 0.0006154 0 -0.000147431 0.000613384 0 -0.000147631 0.000610949 0 -0.000148489 0.000607954 0 -0.000149965 0.00060428 0 -0.000152003 0.000599838 0 -0.00015453 0.000594579 0 -0.000157455 0.00058851 0 -0.000160669 0.000581703 0 -0.000164054 0.000574298 0 -0.00016748 0.000566512 0 -0.000170815 0.000558627 0 -0.00297927 -7.96674e-05 0 -0.00288406 -9.14192e-05 0 -0.00279085 -9.89114e-05 0 -0.00269981 -0.000103203 0 -0.00261108 -0.000105098 0 -0.00252481 -0.000105202 0 -0.00244115 -0.000103978 0 -0.00236021 -0.000101773 0 -0.00228211 -9.88493e-05 0 -0.00220695 -9.54056e-05 0 -0.00213482 -9.15895e-05 0 -0.00206578 -8.7512e-05 0 -0.00199993 -8.32564e-05 0 -0.00193732 -7.88869e-05 0 -0.00187803 -7.44544e-05 0 -0.00182213 -7.00024e-05 0 -0.00176968 -6.55708e-05 0 -0.00172075 -6.12003e-05 0 -0.0016754 -5.69353e-05 0 -0.00163369 -5.28265e-05 0 -0.00159567 -4.89338e-05 0 -0.00156136 -4.53284e-05 0 -0.0015308 -4.20948e-05 0 -0.00150396 -3.93331e-05 0 -0.00148082 -3.71604e-05 0 -0.0014613 -3.5712e-05 0 -0.00144528 -3.51415e-05 0 -0.00143259 -3.56196e-05 0 -0.00142298 -3.73312e-05 0 -0.00141617 -4.04678e-05 0 -0.00141177 -4.52177e-05 0 -0.00140937 -5.1749e-05 0 -0.00140848 -6.01877e-05 0 -0.00140858 -7.05884e-05 0 -0.00140919 -8.29016e-05 0 -0.00140983 -9.69374e-05 0 -0.00141014 -0.000112335 0 -0.00140989 -0.000128544 0 -0.00019812 0.000837416 0 -0.000198572 0.000822019 0 -0.000196956 0.000806587 0 -0.000193872 0.000791358 0 -0.000189757 0.000776513 0 -0.00018493 0.000762188 0 -0.000179628 0.000748485 0 -0.000174029 0.00073548 0 -0.000168266 0.000723227 0 -0.000162443 0.000711765 0 -0.000156639 0.000701121 0 -0.00015092 0.000691307 0 -0.000145336 0.000682329 0 -0.000139929 0.000674183 0 -0.000134738 0.000666855 0 -0.000129792 0.000660325 0 -0.000125122 0.000654561 0 -0.000120753 0.000649522 0 -0.00011671 0.000645159 0 -0.000113017 0.000641408 0 -0.000109695 0.000638194 0 -0.000106766 0.000635431 0 -0.000104249 0.000633016 0 -0.000102162 0.000630836 0 -0.000100518 0.000628765 0 -9.93283e-05 0.000626666 0 -9.85983e-05 0.000624396 0 -9.83273e-05 0.000621809 0 -9.85068e-05 0.000618761 0 -9.91194e-05 0.000615121 0 -0.000100137 0.000610781 0 -0.000101522 0.000605661 0 -0.000103223 0.000599727 0 -0.000105179 0.000593001 0 -0.000107319 0.000585567 0 -0.000109563 0.00057758 0 -0.000111828 0.000569267 0 -0.000114026 0.000560917 0 -0.00295876 -9.89724e-05 0 -0.00286406 -0.000110992 0 -0.00277145 -0.000118665 0 -0.002681 -0.00012301 0 -0.00259281 -0.000124822 0 -0.002507 -0.000124717 0 -0.00242371 -0.000123173 0 -0.00234304 -0.000120559 0 -0.00226512 -0.000117155 0 -0.00219004 -0.000113176 0 -0.0021179 -0.000108785 0 -0.00204877 -0.000104103 0 -0.00198275 -9.92212e-05 0 -0.00191991 -9.42111e-05 0 -0.00186033 -8.91287e-05 0 -0.00180407 -8.40217e-05 0 -0.00175122 -7.89344e-05 0 -0.00170185 -7.39117e-05 0 -0.00165602 -6.90032e-05 0 -0.00161381 -6.42659e-05 0 -0.00157527 -5.97669e-05 0 -0.00154045 -5.55868e-05 0 -0.00150938 -5.18213e-05 0 -0.00148207 -4.85842e-05 0 -0.0014585 -4.60086e-05 0 -0.00143862 -4.42489e-05 0 -0.00142233 -4.34813e-05 0 -0.00140948 -4.3902e-05 0 -0.00139985 -4.57245e-05 0 -0.00139319 -4.91716e-05 0 -0.00138913 -5.44637e-05 0 -0.00138727 -6.18005e-05 0 -0.00138715 -7.1335e-05 0 -0.00138827 -8.31404e-05 0 -0.00139011 -9.71705e-05 0 -0.00139218 -0.000113218 0 -0.00139409 -0.000130877 0 -0.00139552 -0.000149517 0 -9.8298e-05 0.000850569 0 -9.87556e-05 0.000834509 0 -9.809e-05 0.000818396 0 -9.66354e-05 0.000802521 0 -9.46307e-05 0.000787091 0 -9.2249e-05 0.000772252 0 -8.96167e-05 0.000758105 0 -8.68279e-05 0.000744723 0 -8.3953e-05 0.000732154 0 -8.10455e-05 0.000720427 0 -7.81469e-05 0.000709561 0 -7.52901e-05 0.000699561 0 -7.25014e-05 0.000690424 0 -6.98025e-05 0.000682139 0 -6.72119e-05 0.000674687 0 -6.47457e-05 0.000668038 0 -6.24184e-05 0.000662156 0 -6.02431e-05 0.000656995 0 -5.82323e-05 0.000652499 0 -5.63976e-05 0.000648601 0 -5.47501e-05 0.000645221 0 -5.32999e-05 0.000642268 0 -5.20568e-05 0.000639638 0 -5.10291e-05 0.000637215 0 -5.02236e-05 0.000634872 0 -4.96452e-05 0.000632471 0 -4.92964e-05 0.00062987 0 -4.91763e-05 0.000626924 0 -4.92802e-05 0.000623496 0 -4.95988e-05 0.000619457 0 -5.0118e-05 0.000614706 0 -5.08178e-05 0.000609171 0 -5.1673e-05 0.000602826 0 -5.26529e-05 0.0005957 0 -5.37218e-05 0.000587888 0 -5.48403e-05 0.000579551 0 -5.59667e-05 0.000570921 0 -5.70581e-05 0.000562294 0 -0.00293684 -0.000120526 0 -0.00284257 -0.000132213 0 -0.0027505 -0.000139674 0 -0.00266059 -0.000143821 0 -0.00257291 -0.000145392 0 -0.00248753 -0.000144983 0 -0.00240459 -0.000143067 0 -0.00232418 -0.000140021 0 -0.00224642 -0.000136134 0 -0.00217142 -0.000131633 0 -0.00209925 -0.000126688 0 -0.00203003 -0.00012143 0 -0.00196382 -0.000115956 0 -0.00190072 -0.000110342 0 -0.0018408 -0.000104647 0 -0.00178415 -9.89233e-05 0 -0.00173085 -9.32171e-05 0 -0.00168097 -8.75773e-05 0 -0.0016346 -8.20574e-05 0 -0.00159182 -7.67197e-05 0 -0.00155269 -7.16381e-05 0 -0.00151727 -6.6901e-05 0 -0.00148561 -6.26145e-05 0 -0.00145774 -5.89044e-05 0 -0.00143366 -5.59188e-05 0 -0.00141334 -5.38298e-05 0 -0.00139669 -5.28341e-05 0 -0.00138361 -5.31521e-05 0 -0.0013739 -5.50246e-05 0 -0.00136733 -5.87045e-05 0 -0.00136358 -6.44444e-05 0 -0.00136228 -7.24756e-05 0 -0.00136297 -8.298e-05 0 -0.00136516 -9.6052e-05 0 -0.00136834 -0.000111654 0 -0.00137199 -0.000129566 0 -0.00137567 -0.000149343 0 -0.001379 -0.000170283 0 0 0.000855074 0 0 0.00083878 0 0 0.000822428 0 0 0.000806328 0 0 0.000790694 0 0 0.000775676 0 0 0.000761376 0 0 0.000747864 0 0 0.000735185 0 0 0.000723367 0 0 0.000712425 0 0 0.00070236 0 0 0.000693169 0 0 0.000684836 0 0 0.000677339 0 0 0.000670649 0 0 0.000664726 0 0 0.000659523 0 0 0.00065498 0 0 0.00065103 0 0 0.000647592 0 0 0.000644573 0 0 0.000641869 0 0 0.000639363 0 0 0.000636925 0 0 0.000634421 0 0 0.000631707 0 0 0.00062864 0 0 0.000625082 0 0 0.000620909 0 0 0.000616019 0 0 0.000610344 0 0 0.00060386 0 0 0.000596601 0 0 0.000588662 0 0 0.000580208 0 0 0.000571473 0 0 0.000562754 0 -0.00291408 -0.000144326 0 -0.00282012 -0.000155103 0 -0.00272847 -0.000161966 0 -0.00263901 -0.000165659 0 -0.00255176 -0.000166826 0 -0.00246677 -0.000166011 0 -0.00238413 -0.000163666 0 -0.00230395 -0.00016016 0 -0.00222633 -0.000155785 0 -0.00215138 -0.00015077 0 -0.00207918 -0.000145293 0 -0.00200983 -0.000139489 0 -0.00194342 -0.000133457 0 -0.00188003 -0.000127278 0 -0.00181975 -0.000121012 0 -0.00176266 -0.000114712 0 -0.00170886 -0.000108427 0 -0.00165843 -0.00010221 0 -0.00161147 -9.61149e-05 0 -0.00156804 -9.02099e-05 0 -0.00152825 -8.45741e-05 0 -0.00149216 -7.9303e-05 0 -0.00145983 -7.45116e-05 0 -0.00143131 -7.03366e-05 0 -0.00140663 -6.69394e-05 0 -0.00138576 -6.4508e-05 0 -0.00136867 -6.3258e-05 0 -0.00135527 -6.34322e-05 0 -0.0013454 -6.52968e-05 0 -0.00133886 -6.91334e-05 0 -0.00133538 -7.52258e-05 0 -0.00133459 -8.3837e-05 0 -0.00133609 -9.51789e-05 0 -0.00133939 -0.00010937 0 -0.00134398 -0.000126384 0 -0.00134934 -0.000145995 0 -0.00135495 -0.000167726 0 -0.00136036 -0.00019081 0 9.8298e-05 0.000850569 0 9.87556e-05 0.000834509 0 9.809e-05 0.000818396 0 9.66354e-05 0.000802521 0 9.46307e-05 0.000787091 0 9.2249e-05 0.000772252 0 8.96167e-05 0.000758105 0 8.68279e-05 0.000744723 0 8.3953e-05 0.000732154 0 8.10455e-05 0.000720427 0 7.81469e-05 0.000709561 0 7.52901e-05 0.000699561 0 7.25014e-05 0.000690424 0 6.98025e-05 0.000682139 0 6.72119e-05 0.000674687 0 6.47457e-05 0.000668038 0 6.24184e-05 0.000662156 0 6.02431e-05 0.000656995 0 5.82323e-05 0.000652499 0 5.63976e-05 0.000648601 0 5.47501e-05 0.000645221 0 5.32999e-05 0.000642268 0 5.20568e-05 0.000639638 0 5.10291e-05 0.000637215 0 5.02236e-05 0.000634872 0 4.96452e-05 0.000632471 0 4.92964e-05 0.00062987 0 4.91763e-05 0.000626924 0 4.92802e-05 0.000623496 0 4.95988e-05 0.000619457 0 5.0118e-05 0.000614706 0 5.08178e-05 0.000609171 0 5.1673e-05 0.000602826 0 5.26529e-05 0.0005957 0 5.37218e-05 0.000587888 0 5.48403e-05 0.000579551 0 5.59667e-05 0.000570921 0 5.70581e-05 0.000562294 0 -0.00289105 -0.000170282 0 -0.00279723 -0.000179619 0 -0.00270584 -0.000185524 0 -0.0026167 -0.000188521 0 -0.00252976 -0.000189121 0 -0.00244506 -0.000187794 0 -0.00236267 -0.000184956 0 -0.00228266 -0.000180956 0 -0.00220515 -0.000176081 0 -0.00213022 -0.00017056 0 -0.00205796 -0.00016457 0 -0.00198847 -0.000158247 0 -0.00192183 -0.000151693 0 -0.00185813 -0.000144988 0 -0.00179746 -0.000138193 0 -0.00173992 -0.000131361 0 -0.00168558 -0.000124543 0 -0.00163455 -0.000117789 0 -0.00158693 -0.000111161 0 -0.00154282 -0.000104726 0 -0.00150229 -9.8569e-05 0 -0.00146545 -9.27921e-05 0 -0.00143237 -8.75176e-05 0 -0.00140312 -8.28918e-05 0 -0.00137773 -7.90878e-05 0 -0.00135623 -7.63077e-05 0 -0.0013386 -7.47842e-05 0 -0.00132477 -7.47799e-05 0 -0.00131465 -7.65846e-05 0 -0.00130806 -8.05066e-05 0 -0.00130475 -8.68592e-05 0 -0.00130443 -9.59367e-05 0 -0.0013067 -0.000107981 0 -0.00131112 -0.000123136 0 -0.00131717 -0.000141391 0 -0.0013243 -0.000162521 0 -0.00133196 -0.000186021 0 -0.00133963 -0.00021107 0 0.00019812 0.000837416 0 0.000198572 0.000822019 0 0.000196956 0.000806587 0 0.000193872 0.000791358 0 0.000189757 0.000776513 0 0.00018493 0.000762188 0 0.000179628 0.000748485 0 0.000174029 0.00073548 0 0.000168266 0.000723227 0 0.000162443 0.000711765 0 0.000156639 0.000701121 0 0.00015092 0.000691307 0 0.000145336 0.000682329 0 0.000139929 0.000674183 0 0.000134738 0.000666855 0 0.000129792 0.000660325 0 0.000125122 0.000654561 0 0.000120753 0.000649522 0 0.00011671 0.000645159 0 0.000113017 0.000641408 0 0.000109695 0.000638194 0 0.000106766 0.000635431 0 0.000104249 0.000633016 0 0.000102162 0.000630836 0 0.000100518 0.000628765 0 9.93283e-05 0.000626666 0 9.85983e-05 0.000624396 0 9.83273e-05 0.000621809 0 9.85068e-05 0.000618761 0 9.91194e-05 0.000615121 0 0.000100137 0.000610781 0 0.000101522 0.000605661 0 0.000103223 0.000599727 0 0.000105179 0.000593001 0 0.000107319 0.000585567 0 0.000109563 0.00057758 0 0.000111828 0.000569267 0 0.000114026 0.000560917 0 -0.00286825 -0.000198214 0 -0.00277439 -0.000205664 0 -0.00268308 -0.000210298 0 -0.00259408 -0.000212376 0 -0.00250731 -0.000212252 0 -0.00242278 -0.000210308 0 -0.00234052 -0.000206907 0 -0.00226062 -0.000202374 0 -0.00218316 -0.000196983 0 -0.00210821 -0.000190956 0 -0.00203587 -0.000184468 0 -0.00196621 -0.000177652 0 -0.00189933 -0.00017061 0 -0.0018353 -0.000163419 0 -0.00177422 -0.000156138 0 -0.00171618 -0.00014882 0 -0.00166128 -0.000141513 0 -0.00160962 -0.00013427 0 -0.00156131 -0.000127151 0 -0.00151644 -0.000120227 0 -0.00147513 -0.000113587 0 -0.00143747 -0.000107338 0 -0.00140356 -0.000101607 0 -0.00137348 -9.65512e-05 0 -0.0013473 -9.23523e-05 0 -0.00132507 -8.9225e-05 0 -0.00130679 -8.74167e-05 0 -0.00129244 -8.72078e-05 0 -0.00128195 -8.8909e-05 0 -0.00127519 -9.28528e-05 0 -0.00127198 -9.93798e-05 0 -0.00127203 -0.000108814 0 -0.00127502 -0.000121426 0 -0.00128052 -0.000137387 0 -0.00128802 -0.000156705 0 -0.00129697 -0.000179158 0 -0.00130678 -0.000204223 0 -0.00131683 -0.000231031 0 0.000300779 0.000816644 0 0.000300378 0.00080223 0 0.000297282 0.000787818 0 0.00029224 0.000773566 0 0.000285813 0.000759614 0 0.000278419 0.000746081 0 0.000270376 0.000733065 0 0.000261924 0.000720645 0 0.000253249 0.000708887 0 0.000244495 0.000697839 0 0.000235776 0.00068754 0 0.000227184 0.000678016 0 0.000218793 0.000669283 0 0.000210665 0.000661349 0 0.000202853 0.000654212 0 0.000195405 0.00064786 0 0.000188363 0.000642273 0 0.000181767 0.000637419 0 0.000175653 0.000633255 0 0.000170057 0.000629726 0 0.000165013 0.000626766 0 0.000160551 0.000624293 0 0.000156703 0.00062221 0 0.000153495 0.000620409 0 0.00015095 0.000618765 0 0.000149086 0.000617144 0 0.000147912 0.0006154 0 0.000147431 0.000613384 0 0.000147631 0.000610949 0 0.000148489 0.000607954 0 0.000149965 0.00060428 0 0.000152003 0.000599838 0 0.00015453 0.000594579 0 0.000157455 0.00058851 0 0.000160669 0.000581703 0 0.000164054 0.000574298 0 0.00016748 0.000566512 0 0.000170815 0.000558627 0 -0.00284613 -0.000227857 0 -0.00275204 -0.000233089 0 -0.0026606 -0.000236204 0 -0.00257154 -0.000237172 0 -0.00248476 -0.000236181 0 -0.00240024 -0.000233514 0 -0.00231801 -0.000229478 0 -0.00223812 -0.000224367 0 -0.00216063 -0.000218436 0 -0.00208562 -0.000211898 0 -0.00201315 -0.000204921 0 -0.0019433 -0.000197635 0 -0.00187615 -0.000190137 0 -0.00181178 -0.000182497 0 -0.00175028 -0.000174774 0 -0.00169173 -0.000167015 0 -0.00163625 -0.000159267 0 -0.00158392 -0.000151581 0 -0.00153487 -0.000144018 0 -0.00148922 -0.00013665 0 -0.00144706 -0.000129568 0 -0.00140852 -0.000122883 0 -0.00137371 -0.00011673 0 -0.00134273 -0.00011127 0 -0.00131567 -0.000106695 0 -0.0012926 -0.00010323 0 -0.00127356 -0.000101134 0 -0.00125857 -0.000100705 0 -0.0012476 -0.000102269 0 -0.00124056 -0.000106181 0 -0.00123731 -0.000112806 0 -0.00123765 -0.000122493 0 -0.00124126 -0.000135544 0 -0.00124777 -0.000152154 0 -0.00125669 -0.000172351 0 -0.00126747 -0.000195919 0 -0.00127947 -0.000222327 0 -0.001292 -0.000250664 0 0.000407212 0.000789788 0 0.000404859 0.000776526 0 0.000399581 0.000763328 0 0.000392139 0.000750256 0 0.000383123 0.000737398 0 0.000372993 0.000724846 0 0.000362106 0.000712689 0 0.000350743 0.000701008 0 0.000339122 0.000689875 0 0.000327418 0.000679352 0 0.000315772 0.00066949 0 0.000304296 0.000660331 0 0.000293084 0.000651904 0 0.000282217 0.000644232 0 0.000271764 0.000637327 0 0.000261785 0.00063119 0 0.000252337 0.000625813 0 0.000243471 0.000621177 0 0.000235236 0.000617251 0 0.000227679 0.00061399 0 0.000220846 0.000611338 0 0.00021478 0.000609222 0 0.000209522 0.000607553 0 0.000205111 0.000606229 0 0.000201578 0.000605131 0 0.000198951 0.000604125 0 0.000197247 0.000603066 0 0.00019647 0.000601802 0 0.000196611 0.000600178 0 0.000197644 0.000598045 0 0.000199519 0.000595269 0 0.000202166 0.000591746 0 0.000205489 0.000587408 0 0.000209367 0.000582243 0 0.000213659 0.000576302 0 0.000218202 0.000569709 0 0.000222822 0.000562661 0 0.000227334 0.000555427 0 -0.00282506 -0.000258858 0 -0.00273056 -0.000261699 0 -0.00263878 -0.000263131 0 -0.00254945 -0.000262843 0 -0.00246246 -0.000260859 0 -0.00237778 -0.000257368 0 -0.00229542 -0.000252621 0 -0.00221542 -0.000246879 0 -0.00213781 -0.000240377 0 -0.00206267 -0.000233317 0 -0.00199003 -0.000225856 0 -0.00191996 -0.000218117 0 -0.00185253 -0.000210189 0 -0.0017878 -0.000202138 0 -0.00172586 -0.000194013 0 -0.0016668 -0.000185859 0 -0.00161071 -0.000177717 0 -0.0015577 -0.000169636 0 -0.00150789 -0.000161676 0 -0.00146141 -0.000153909 0 -0.00141837 -0.000146429 0 -0.0013789 -0.00013935 0 -0.00134313 -0.00013281 0 -0.00131117 -0.000126978 0 -0.00128315 -0.000122053 0 -0.00125914 -0.000118268 0 -0.00123924 -0.000115893 0 -0.00122349 -0.000115236 0 -0.00121191 -0.000116642 0 -0.00120445 -0.00012048 0 -0.00120105 -0.000127137 0 -0.00120152 -0.000136987 0 -0.00120564 -0.000150353 0 -0.00121306 -0.000167457 0 -0.00122334 -0.000188347 0 -0.00123592 -0.000212817 0 -0.00125012 -0.000240326 0 -0.00126519 -0.000269938 0 0.000517892 0.000758666 0 0.000512401 0.000746562 0 0.000504155 0.000734611 0 0.0004938 0.00072278 0 0.000481869 0.000711093 0 0.000468799 0.000699609 0 0.000454947 0.000688399 0 0.000440601 0.000677541 0 0.000425995 0.00066711 0 0.000411319 0.000657178 0 0.000396732 0.000647808 0 0.000382363 0.000639055 0 0.000368321 0.000630966 0 0.000354701 0.000623578 0 0.000341586 0.000616918 0 0.000329049 0.000611004 0 0.000317158 0.000605842 0 0.000305977 0.000601427 0 0.000295566 0.000597743 0 0.000285985 0.000594759 0 0.000277291 0.000592431 0 0.000269539 0.000590697 0 0.000262782 0.000589481 0 0.00025707 0.000588689 0 0.000252448 0.000588207 0 0.000248952 0.000587908 0 0.00024661 0.000587647 0 0.000245434 0.00058727 0 0.000245418 0.000586614 0 0.000246536 0.00058552 0 0.000248733 0.000583839 0 0.000251927 0.000581447 0 0.000256003 0.000578254 0 0.000260815 0.000574223 0 0.000266183 0.000569378 0 0.000271905 0.000563817 0 0.000277754 0.000557717 0 0.000283496 0.000551328 0 -0.00280522 -0.000290781 0 -0.00271023 -0.000291261 0 -0.00261792 -0.000290949 0 -0.00252811 -0.000289305 0 -0.0024407 -0.000286226 0 -0.00235567 -0.000281819 0 -0.00227301 -0.000276285 0 -0.00219276 -0.000269855 0 -0.00211494 -0.000262745 0 -0.00203958 -0.000255142 0 -0.00196671 -0.000247194 0 -0.00189639 -0.000239013 0 -0.00182865 -0.000230678 0 -0.00176356 -0.000222246 0 -0.00170117 -0.000213759 0 -0.00164158 -0.000205253 0 -0.00158488 -0.000196763 0 -0.00153118 -0.000188335 0 -0.0014806 -0.000180025 0 -0.00143326 -0.000171907 0 -0.0013893 -0.000164074 0 -0.00134885 -0.000156644 0 -0.00131207 -0.000149758 0 -0.00127907 -0.000143591 0 -0.00125 -0.000138347 0 -0.00122498 -0.000134266 0 -0.00120412 -0.000131628 0 -0.00118749 -0.000130749 0 -0.00117517 -0.000131985 0 -0.00116716 -0.000135721 0 -0.00116344 -0.000142358 0 -0.00116392 -0.000152289 0 -0.0011684 -0.000165859 0 -0.00117661 -0.00018331 0 -0.00118813 -0.000204707 0 -0.00120244 -0.000229857 0 -0.00121882 -0.000258214 0 -0.00123643 -0.00028882 0 0.000632821 0.000725148 0 0.00062307 0.000714065 0 0.000611078 0.000703248 0 0.000597283 0.00069258 0 0.000582089 0.000682022 0 0.000565858 0.00067159 0 0.000548903 0.00066133 0 0.000531494 0.000651309 0 0.000513858 0.000641599 0 0.000496189 0.000632276 0 0.000478651 0.000623412 0 0.000461384 0.000615075 0 0.000444507 0.000607325 0 0.000428126 0.000600215 0 0.000412335 0.000593787 0 0.000397218 0.000588075 0 0.000382854 0.000583103 0 0.000369319 0.000578882 0 0.000356683 0.000575411 0 0.000345018 0.000572677 0 0.000334391 0.000570648 0 0.00032487 0.00056928 0 0.000316522 0.000568509 0 0.000309408 0.000568253 0 0.000303586 0.000568409 0 0.000299107 0.000568855 0 0.00029601 0.000569452 0 0.000294316 0.000570044 0 0.00029403 0.000570463 0 0.000295128 0.00057054 0 0.000297555 0.00057011 0 0.000301222 0.000569026 0 0.000305997 0.000567173 0 0.00031171 0.000564482 0 0.000318149 0.000560947 0 0.000325066 0.000556634 0 0.000332185 0.00055169 0 0.000339212 0.000546339 0 -0.0027866 -0.000323133 0 -0.00269115 -0.000321525 0 -0.00259824 -0.000319508 0 -0.00250779 -0.000316463 0 -0.00241977 -0.000312214 0 -0.00233418 -0.000306811 0 -0.00225104 -0.000300418 0 -0.00217037 -0.000293239 0 -0.0020922 -0.000285476 0 -0.00201653 -0.000277302 0 -0.00194337 -0.000268855 0 -0.00187275 -0.000260236 0 -0.00180468 -0.000251511 0 -0.0017392 -0.000242726 0 -0.00167637 -0.000233912 0 -0.00161626 -0.000225094 0 -0.00155895 -0.000216301 0 -0.00150455 -0.000207571 0 -0.00145318 -0.000198959 0 -0.00140498 -0.000190536 0 -0.00136007 -0.000182396 0 -0.00131862 -0.000174658 0 -0.00128078 -0.00016747 0 -0.00124669 -0.000161007 0 -0.00121651 -0.000155479 0 -0.00119038 -0.000151134 0 -0.00116846 -0.000148256 0 -0.00115085 -0.00014717 0 -0.00113766 -0.000148238 0 -0.00112896 -0.000151855 0 -0.00112478 -0.000158435 0 -0.00112509 -0.000168381 0 -0.00112977 -0.000182056 0 -0.00113861 -0.000199714 0 -0.00115125 -0.000221437 0 -0.00116717 -0.00024704 0 -0.00118565 -0.00027598 0 -0.00120577 -0.000307277 0 0.000751603 0.000690957 0 0.000736649 0.000680651 0 0.000720217 0.000670746 0 0.000702487 0.000661054 0 0.00068369 0.000651479 0 0.000664071 0.000641993 0 0.00064387 0.000632609 0 0.000623313 0.000623373 0 0.000602601 0.000614349 0 0.000581918 0.000605609 0 0.000561422 0.000597229 0 0.000541257 0.000589286 0 0.000521547 0.000581849 0 0.000502405 0.000574986 0 0.000483933 0.000568754 0 0.000466226 0.000563203 0 0.00044937 0.000558372 0 0.000433452 0.00055429 0 0.000418552 0.000550974 0 0.00040475 0.000548428 0 0.000392128 0.000546639 0 0.000380765 0.000545579 0 0.000370739 0.000545202 0 0.000362126 0.000545439 0 0.000354999 0.000546201 0 0.000349422 0.000547379 0 0.000345448 0.000548838 0 0.000343114 0.000550427 0 0.000342436 0.000551975 0 0.000343399 0.000553303 0 0.000345952 0.000554231 0 0.000350003 0.000554591 0 0.000355411 0.000554236 0 0.000361983 0.000553066 0 0.000369477 0.000551036 0 0.000377601 0.000548174 0 0.000386026 0.000544589 0 0.000394394 0.000540472 0 -0.00276877 -0.000355479 0 -0.0026732 -0.000352238 0 -0.00257982 -0.000348627 0 -0.00248869 -0.000344195 0 -0.0023999 -0.000338742 0 -0.00231355 -0.000332286 0 -0.00222973 -0.000324967 0 -0.00214846 -0.000316979 0 -0.00206978 -0.000308511 0 -0.00199368 -0.000299731 0 -0.00192015 -0.000290766 0 -0.00184918 -0.000281703 0 -0.00178075 -0.000272598 0 -0.00171488 -0.000263481 0 -0.0016516 -0.00025437 0 -0.00159097 -0.000245277 0 -0.00153306 -0.000236222 0 -0.00147797 -0.000227236 0 -0.00142581 -0.000218366 0 -0.00137674 -0.000209683 0 -0.00133088 -0.000201281 0 -0.0012884 -0.000193281 0 -0.00124946 -0.000185832 0 -0.00121424 -0.000179115 0 -0.00118289 -0.000173344 0 -0.00115559 -0.00016877 0 -0.00113252 -0.000165683 0 -0.00111382 -0.000164412 0 -0.00109964 -0.000165324 0 -0.00109011 -0.00016882 0 -0.00108531 -0.000175318 0 -0.00108528 -0.000185229 0 -0.00108999 -0.000198922 0 -0.00109928 -0.000216661 0 -0.00111286 -0.000238536 0 -0.00113024 -0.000264365 0 -0.00115072 -0.000293607 0 -0.00117329 -0.000325265 0 0.000873549 0.000657524 0 0.000852703 0.000647701 0 0.000831271 0.000638417 0 0.00080918 0.000629442 0 0.00078647 0.000620634 0 0.000763249 0.000611917 0 0.000739662 0.000603272 0 0.00071587 0.000594717 0 0.000692035 0.000586297 0 0.000668315 0.000578077 0 0.000644858 0.000570129 0 0.0006218 0.000562531 0 0.000599266 0.000555362 0 0.000577373 0.000548696 0 0.000556227 0.000542606 0 0.000535929 0.000537155 0 0.000516576 0.000532398 0 0.000498259 0.000528382 0 0.000481069 0.000525141 0 0.000465097 0.000522698 0 0.000450433 0.00052106 0 0.000437168 0.000520218 0 0.000425392 0.000520143 0 0.000415196 0.000520788 0 0.000406666 0.00052208 0 0.000399883 0.000523924 0 0.000394918 0.000526198 0 0.000391823 0.000528756 0 0.00039063 0.000531431 0 0.000391338 0.000534037 0 0.000393905 0.00053638 0 0.000398242 0.000538272 0 0.000404203 0.000539536 0 0.00041158 0.000540035 0 0.000420101 0.000539682 0 0.000429434 0.000538459 0 0.000439194 0.000536429 0 0.000448958 0.000533741 0 -0.00265879 -0.00037317 0 -0.00256745 -0.000368821 0 -0.00247795 -0.00036373 0 -0.00239053 -0.00035773 0 -0.00230539 -0.000350833 0 -0.00222266 -0.00034317 0 -0.00214244 -0.000334919 0 -0.00206474 -0.000326266 0 -0.00198958 -0.000317367 0 -0.00191693 -0.000308346 0 -0.00184675 -0.000299285 0 -0.001779 -0.000290233 0 -0.00171368 -0.000281214 0 -0.00165078 -0.000272234 0 -0.00159034 -0.000263299 0 -0.00153239 -0.000254413 0 -0.00147703 -0.000245596 0 -0.00142435 -0.000236881 0 -0.00137446 -0.000228323 0 -0.00132749 -0.000219999 0 -0.00128358 -0.000212012 0 -0.0012429 -0.000204489 0 -0.00120558 -0.000197588 0 -0.00117181 -0.000191493 0 -0.00114173 -0.000186421 0 -0.00111554 -0.000182621 0 -0.00109338 -0.000180378 0 -0.00107543 -0.000180006 0 -0.00106185 -0.000181852 0 -0.00105278 -0.000186285 0 -0.00104834 -0.000193678 0 -0.00104859 -0.000204386 0 -0.00105354 -0.000218702 0 -0.00106309 -0.00023681 0 -0.001077 -0.000258711 0 -0.00109481 -0.000284147 0 -0.00111584 -0.000312525 0 -0.0011391 -0.000342858 0 0.000997803 0.000625915 0 0.000970649 0.000616278 0 0.000943828 0.000607308 0 0.000917045 0.000598761 0 0.000890162 0.000590461 0 0.000863147 0.000582296 0 0.000836041 0.00057421 0 0.000808929 0.000566192 0 0.000781923 0.000558262 0 0.000755145 0.000550469 0 0.000728722 0.000542875 0 0.000702779 0.000535557 0 0.000677435 0.000528593 0 0.000652807 0.000522065 0 0.000629003 0.000516053 0 0.000606128 0.000510632 0 0.000584283 0.000505873 0 0.000563568 0.000501838 0 0.000544081 0.000498579 0 0.00052592 0.000496137 0 0.000509185 0.000494541 0 0.000493976 0.000493801 0 0.000480398 0.000493911 0 0.000468552 0.000494845 0 0.00045854 0.000496552 0 0.00045046 0.000498954 0 0.0004444 0.000501946 0 0.000440432 0.000505396 0 0.000438606 0.000509141 0 0.000438939 0.000512997 0 0.000441405 0.000516762 0 0.000445924 0.000520225 0 0.000452349 0.000523186 0 0.000460463 0.000525466 0 0.000469971 0.000526933 0 0.000480501 0.000527517 0 0.000491614 0.000527228 0 0.000502817 0.000526163 0 -0.00254875 -0.000390246 0 -0.00246121 -0.000384475 0 -0.00237535 -0.000377859 0 -0.00229154 -0.000370431 0 -0.00221002 -0.000362325 0 -0.00213093 -0.000353719 0 -0.00205433 -0.000344792 0 -0.00198024 -0.0003357 0 -0.0019086 -0.000326558 0 -0.00183939 -0.000317445 0 -0.00177253 -0.000308403 0 -0.00170798 -0.000299447 0 -0.00164572 -0.000290576 0 -0.00158574 -0.000281781 0 -0.00152808 -0.000273058 0 -0.00147278 -0.000264411 0 -0.00141992 -0.000255861 0 -0.0013696 -0.000247448 0 -0.00132192 -0.000239236 0 -0.00127702 -0.000231309 0 -0.00123503 -0.000223778 0 -0.0011961 -0.000216779 0 -0.00116038 -0.000210472 0 -0.00112804 -0.000205047 0 -0.00109923 -0.000200719 0 -0.00107413 -0.000197733 0 -0.00105291 -0.000196362 0 -0.00103573 -0.000196903 0 -0.00102278 -0.000199677 0 -0.00101421 -0.000205012 0 -0.00101016 -0.000213232 0 -0.00101073 -0.000224624 0 -0.00101595 -0.000239406 0 -0.00102576 -0.000257675 0 -0.00103994 -0.000279347 0 -0.00105806 -0.000304096 0 -0.00107945 -0.000331296 0 -0.00110311 -0.000359989 0 0.00112345 0.000596821 0 0.00108984 0.000587109 0 0.00105741 0.000578169 0 0.00102571 0.000569765 0 0.000994459 0.00056171 0 0.00096349 0.000553863 0 0.000932746 0.000546137 0 0.000902235 0.000538488 0 0.000872008 0.000530912 0 0.000842149 0.000523435 0 0.000812755 0.000516105 0 0.000783935 0.000508987 0 0.000755799 0.000502158 0 0.000728456 0.0004957 0 0.000702015 0.000489698 0 0.000676584 0.000484237 0 0.000652267 0.000479397 0 0.000629167 0.000475256 0 0.00060739 0.000471881 0 0.00058704 0.000469332 0 0.000568224 0.000467659 0 0.000551053 0.000466893 0 0.000535639 0.000467053 0 0.000522099 0.000468134 0 0.000510547 0.00047011 0 0.000501098 0.000472928 0 0.000493858 0.000476504 0 0.00048892 0.000480723 0 0.000486354 0.000485436 0 0.000486201 0.000490465 0 0.000488452 0.000495604 0 0.000493042 0.00050063 0 0.000499835 0.000505317 0 0.000508607 0.00050945 0 0.000519047 0.000512849 0 0.000530748 0.000515386 0 0.000543216 0.00051701 0 0.000555889 0.000517754 0 -0.00243828 -0.000406386 0 -0.00235419 -0.000399138 0 -0.00227184 -0.000391124 0 -0.00219161 -0.000382503 0 -0.00211373 -0.000373462 0 -0.00203832 -0.000364185 0 -0.00196539 -0.000354827 0 -0.00189491 -0.000345502 0 -0.00182681 -0.000336284 0 -0.00176101 -0.000327208 0 -0.00169745 -0.00031828 0 -0.00163606 -0.000309488 0 -0.00157682 -0.000300815 0 -0.00151972 -0.000292241 0 -0.0014648 -0.000283759 0 -0.00141209 -0.000275378 0 -0.00136169 -0.000267122 0 -0.00131368 -0.000259042 0 -0.00126818 -0.000251208 0 -0.00122531 -0.000243715 0 -0.0011852 -0.000236681 0 -0.00114801 -0.000230247 0 -0.00111387 -0.000224577 0 -0.00108295 -0.000219862 0 -0.00105541 -0.000216313 0 -0.00103142 -0.000214167 0 -0.00101115 -0.00021368 0 -0.000994783 -0.000215129 0 -0.000982502 -0.0002188 0 -0.00097448 -0.000224977 0 -0.000970873 -0.000233925 0 -0.0009718 -0.000245864 0 -0.000977316 -0.000260931 0 -0.00098737 -0.000279139 0 -0.00100176 -0.000300326 0 -0.00102007 -0.000324109 0 -0.00104161 -0.000349844 0 -0.0010654 -0.000376608 0 0.00124963 0.000570585 0 0.00120963 0.000560602 0 0.00117154 0.000551459 0 0.00113481 0.000542954 0 0.00109905 0.0005349 0 0.001064 0.000527145 0 0.00102952 0.000519578 0 0.000995535 0.000512127 0 0.00096204 0.00050476 0 0.000929073 0.000497479 0 0.000896702 0.000490312 0 0.00086501 0.000483312 0 0.000834096 0.000476545 0 0.000804061 0.000470089 0 0.00077501 0.000464031 0 0.00074705 0.00045846 0 0.000720286 0.000453465 0 0.000694826 0.000449134 0 0.000670779 0.00044555 0 0.000648254 0.00044279 0 0.000627365 0.000440921 0 0.000608231 0.000439998 0 0.000590972 0.000440064 0 0.000575716 0.000441139 0 0.000562589 0.000443224 0 0.000551722 0.000446292 0 0.000543238 0.000450287 0 0.000537252 0.000455118 0 0.000533858 0.000460655 0 0.000533117 0.000466734 0 0.000535046 0.000473154 0 0.000539601 0.000479686 0 0.000546659 0.000486084 0 0.000556 0.0004921 0 0.000567302 0.000497505 0 0.000580128 0.000502113 0 0.000593936 0.000505803 0 0.000608091 0.000508534 0 -0.00232695 -0.000421535 0 -0.00224613 -0.00041293 0 -0.00216725 -0.000403753 0 -0.00209063 -0.00039422 0 -0.00201646 -0.00038453 0 -0.00194478 -0.000374844 0 -0.00187556 -0.000365279 0 -0.00180873 -0.000355905 0 -0.00174416 -0.000346751 0 -0.00168178 -0.000337815 0 -0.00162148 -0.000329076 0 -0.00156322 -0.000320501 0 -0.00150695 -0.000312062 0 -0.00145269 -0.000303737 0 -0.00140045 -0.00029552 0 -0.00135029 -0.000287426 0 -0.0013023 -0.000279489 0 -0.00125657 -0.000271768 0 -0.00121321 -0.000264344 0 -0.00117235 -0.000257319 0 -0.00113411 -0.000250817 0 -0.00109863 -0.000244984 0 -0.00106607 -0.000239988 0 -0.00103658 -0.000236012 0 -0.00101032 -0.000233265 0 -0.000987454 -0.000231968 0 -0.000968173 -0.00023236 0 -0.000952658 -0.000234687 0 -0.000941097 -0.000239198 0 -0.000933676 -0.000246129 0 -0.000930562 -0.000255682 0 -0.000931885 -0.000268004 0 -0.000937708 -0.000283156 0 -0.000947984 -0.00030107 0 -0.00096251 -0.000321518 0 -0.000980869 -0.000344071 0 -0.00100237 -0.000368084 0 -0.00102604 -0.000392684 0 0.00137556 0.000547254 0 0.00132942 0.000536887 0 0.00128574 0.000527383 0 0.00124396 0.000518587 0 0.00120363 0.000510335 0 0.00116443 0.000502476 0 0.00112613 0.000494883 0 0.0010886 0.000487466 0 0.00105179 0.000480166 0 0.00101569 0.00047296 0 0.000980326 0.000465858 0 0.000945764 0.00045889 0 0.000912084 0.000452113 0 0.000879376 0.000445597 0 0.00084774 0.000439422 0 0.000817279 0.00043368 0 0.000788099 0.000428464 0 0.00076031 0.00042387 0 0.000734021 0.000419994 0 0.000709348 0.000416925 0 0.000686409 0.000414751 0 0.000665328 0.000413547 0 0.000646233 0.000413378 0 0.000629259 0.000414292 0 0.000614545 0.000416318 0 0.000602235 0.00041946 0 0.000592469 0.000423692 0 0.00058538 0.000428951 0 0.000581086 0.000435138 0 0.000579674 0.000442108 0 0.000581186 0.000449674 0 0.000585604 0.000457609 0 0.000592823 0.000465657 0 0.000602637 0.000473542 0 0.000614717 0.000480991 0 0.000628606 0.000487756 0 0.000643716 0.000493642 0 0.000659343 0.000498522 0 -0.00221436 -0.000435844 0 -0.0021368 -0.000426111 0 -0.00206145 -0.000416058 0 -0.00198855 -0.000405911 0 -0.00191817 -0.000395849 0 -0.00185031 -0.000385995 0 -0.00178485 -0.000376419 0 -0.00172167 -0.000367147 0 -0.00166065 -0.00035817 0 -0.00160165 -0.000349454 0 -0.00154459 -0.000340956 0 -0.00148941 -0.000332634 0 -0.00143608 -0.000324452 0 -0.0013846 -0.000316393 0 -0.001335 -0.000308457 0 -0.00128736 -0.000300667 0 -0.00124175 -0.00029307 0 -0.00119827 -0.000285732 0 -0.00115703 -0.000278744 0 -0.00111815 -0.000272216 0 -0.00108177 -0.000266278 0 -0.00104801 -0.000261076 0 -0.00101703 -0.000256776 0 -0.000988974 -0.000253558 0 -0.000964012 -0.000251618 0 -0.000942314 -0.000251161 0 -0.000924062 -0.000252401 0 -0.000909446 -0.000255553 0 -0.000898661 -0.000260821 0 -0.000891895 -0.000268388 0 -0.000889321 -0.000278395 0 -0.00089107 -0.000290916 0 -0.000897202 -0.000305937 0 -0.000907666 -0.00032332 0 -0.000922248 -0.000342781 0 -0.000940522 -0.000363863 0 -0.000961794 -0.000385934 0 -0.00098508 -0.000408189 0 0.00150059 0.00052665 0 0.00144868 0.000515873 0 0.00139961 0.000505929 0 0.00135285 0.000496725 0 0.00130794 0.000488131 0 0.00126453 0.000480013 0 0.00122236 0.000472242 0 0.00118124 0.000464714 0 0.00114107 0.000457351 0 0.0011018 0.00045011 0 0.00106343 0.000442976 0 0.00102599 0.000435964 0 0.000989548 0.00042911 0 0.000954182 0.000422474 0 0.000919982 0.000416131 0 0.000887047 0.000410166 0 0.000855481 0.000404675 0 0.000825394 0.000399759 0 0.000796898 0.00039552 0 0.000770111 0.000392063 0 0.000745153 0.000389488 0 0.000722154 0.00038789 0 0.000701246 0.000387357 0 0.000682573 0.000387964 0 0.000666281 0.000389768 0 0.000652525 0.000392806 0 0.00064146 0.000397084 0 0.000633238 0.000402577 0 0.000627996 0.000409217 0 0.000625848 0.00041689 0 0.000626864 0.000425432 0 0.000631052 0.00043463 0 0.000638333 0.000444225 0 0.000648517 0.000453922 0 0.00066128 0.00046341 0 0.000676151 0.000472383 0 0.000692503 0.000480566 0 0.000709564 0.000487741 0 -0.00210018 -0.000449615 0 -0.00202601 -0.000439042 0 -0.00195435 -0.000428415 0 -0.0018853 -0.000417942 0 -0.00181885 -0.00040776 0 -0.00175488 -0.000397944 0 -0.00169323 -0.00038852 0 -0.00163374 -0.000379469 0 -0.00157624 -0.00037075 0 -0.00152061 -0.000362306 0 -0.00146675 -0.000354082 0 -0.00141461 -0.000346029 0 -0.00136417 -0.000338115 0 -0.00131543 -0.00033033 0 -0.00126845 -0.000322684 0 -0.00122329 -0.00031521 0 -0.00118003 -0.000307967 0 -0.00113878 -0.000301032 0 -0.00109965 -0.000294503 0 -0.00106275 -0.000288496 0 -0.00102821 -0.000283142 0 -0.000996179 -0.000278589 0 -0.000966791 -0.000274998 0 -0.000940202 -0.000272538 0 -0.000916575 -0.000271392 0 -0.000896083 -0.000271743 0 -0.00087891 -0.000273778 0 -0.000865247 -0.000277673 0 -0.000855292 -0.000283587 0 -0.000849232 -0.000291647 0 -0.000847238 -0.000301932 0 -0.000849432 -0.000314448 0 -0.000855865 -0.000329112 0 -0.000866471 -0.000345727 0 -0.000881018 -0.000363967 0 -0.000899065 -0.000383363 0 -0.000919914 -0.000403312 0 -0.000942592 -0.000423095 0 0.00162425 0.000508428 0 0.001567 0.000497299 0 0.0015128 0.000486921 0 0.00146118 0.000477266 0 0.00141175 0.000468253 0 0.00136413 0.000459773 0 0.00131805 0.00045171 0 0.0012733 0.000443955 0 0.00122972 0.000436422 0 0.00118725 0.000429048 0 0.00114584 0.000421799 0 0.00110552 0.00041467 0 0.00106631 0.000407681 0 0.00102829 0.000400877 0 0.000991544 0.000394322 0 0.000956156 0.000388094 0 0.000922231 0.000382287 0 0.000889877 0.000377003 0 0.000859208 0.000372349 0 0.000830342 0.000368439 0 0.000803403 0.000365385 0 0.000778522 0.0003633 0 0.000755837 0.000362292 0 0.000735495 0.00036246 0 0.000717651 0.000363891 0 0.000702466 0.000366654 0 0.000690108 0.000370793 0 0.000680743 0.00037632 0 0.00067453 0.000383206 0 0.000671603 0.000391376 0 0.000672061 0.000400699 0 0.00067594 0.000410985 0 0.000683189 0.000421985 0 0.000693641 0.000433397 0 0.000706984 0.00044488 0 0.000722738 0.000456072 0 0.000740247 0.000466622 0 0.00075868 0.000476212 0 -0.00198416 -0.000463258 0 -0.00191364 -0.000452148 0 -0.0018459 -0.000441242 0 -0.0017809 -0.000430702 0 -0.0017185 -0.000420615 0 -0.00165851 -0.000411006 0 -0.00160071 -0.000401854 0 -0.00154491 -0.000393105 0 -0.00149092 -0.000384693 0 -0.00143863 -0.000376547 0 -0.00138794 -0.000368605 0 -0.0013388 -0.000360822 0 -0.00129121 -0.000353175 0 -0.00124519 -0.000345662 0 -0.00120079 -0.000338306 0 -0.00115809 -0.000331155 0 -0.00111717 -0.000324276 0 -0.00107813 -0.000317757 0 -0.0010411 -0.000311701 0 -0.00100618 -0.000306228 0 -0.000973504 -0.000301471 0 -0.000943212 -0.000297572 0 -0.000915444 -0.000294684 0 -0.000890353 -0.000292965 0 -0.000868101 -0.000292577 0 -0.000848863 -0.00029368 0 -0.000832821 -0.000296428 0 -0.000820167 -0.000300957 0 -0.000811093 -0.000307379 0 -0.000805784 -0.000315765 0 -0.000804397 -0.000326131 0 -0.000807044 -0.000338425 0 -0.000813756 -0.000352502 0 -0.000824442 -0.000368119 0 -0.000838853 -0.000384922 0 -0.000856531 -0.000402449 0 -0.000876778 -0.000420142 0 -0.000898639 -0.000437375 0 0.00174618 0.000492135 0 0.00168406 0.000480791 0 0.00162503 0.000470062 0 0.00156874 0.000459989 0 0.00151486 0.000450544 0 0.00146307 0.000441657 0 0.00141307 0.000433234 0 0.00136464 0.000425175 0 0.00131763 0.000417389 0 0.00127192 0.000409804 0 0.00122745 0.00040237 0 0.00118422 0.000395064 0 0.00114224 0.000387891 0 0.00110157 0.000380878 0 0.00106227 0.000374077 0 0.00102444 0.000367557 0 0.000988179 0.000361406 0 0.000953584 0.000355723 0 0.000920771 0.000350618 0 0.000889861 0.000346209 0 0.000860979 0.000342619 0 0.000834257 0.000339974 0 0.000809836 0.000338399 0 0.000787866 0.000338018 0 0.000768507 0.000338944 0 0.000751926 0.000341278 0 0.000738298 0.000345103 0 0.000727804 0.00035047 0 0.000720615 0.000357396 0 0.000716889 0.000365849 0 0.000716747 0.000375739 0 0.000720254 0.000386913 0 0.000727389 0.000399144 0 0.000738009 0.000412136 0 0.000751821 0.000425527 0 0.000768345 0.000438913 0 0.000786902 0.000451864 0 0.000806612 0.000463959 0 -0.00186618 -0.000477256 0 -0.00179965 -0.000465902 0 -0.0017361 -0.000454977 0 -0.00167535 -0.000444588 0 -0.00161715 -0.000434765 0 -0.00156122 -0.000425483 0 -0.00150731 -0.00041668 0 -0.0014552 -0.000408276 0 -0.00140471 -0.000400186 0 -0.00135573 -0.000392335 0 -0.00130817 -0.000384664 0 -0.001262 -0.000377135 0 -0.00121723 -0.000369738 0 -0.00117389 -0.000362486 0 -0.00113205 -0.000355415 0 -0.00109179 -0.000348585 0 -0.00105319 -0.000342073 0 -0.00101637 -0.000335974 0 -0.00098144 -0.000330397 0 -0.000948515 -0.000325462 0 -0.000917723 -0.000321297 0 -0.000889199 -0.000318041 0 -0.000863085 -0.000315832 0 -0.000839532 -0.000314814 0 -0.000818703 -0.000315125 0 -0.000800768 -0.000316898 0 -0.00078591 -0.000320251 0 -0.000774315 -0.000325279 0 -0.000766167 -0.000332045 0 -0.000761641 -0.000340567 0 -0.000760878 -0.000350805 0 -0.000763968 -0.000362651 0 -0.000770919 -0.000375914 0 -0.000781614 -0.000390316 0 -0.000795781 -0.000405493 0 -0.00081295 -0.000421003 0 -0.000832427 -0.000436349 0 -0.00085329 -0.000451005 0 0.00186618 0.000477256 0 0.00179965 0.000465902 0 0.0017361 0.000454977 0 0.00167535 0.000444588 0 0.00161715 0.000434765 0 0.00156122 0.000425483 0 0.00150731 0.00041668 0 0.0014552 0.000408276 0 0.00140471 0.000400186 0 0.00135573 0.000392335 0 0.00130817 0.000384664 0 0.001262 0.000377135 0 0.00121723 0.000369738 0 0.00117389 0.000362486 0 0.00113205 0.000355415 0 0.00109179 0.000348585 0 0.00105319 0.000342073 0 0.00101637 0.000335974 0 0.00098144 0.000330397 0 0.000948515 0.000325462 0 0.000917723 0.000321297 0 0.000889199 0.000318041 0 0.000863085 0.000315832 0 0.000839532 0.000314814 0 0.000818703 0.000315125 0 0.000800768 0.000316898 0 0.00078591 0.000320251 0 0.000774315 0.000325279 0 0.000766167 0.000332045 0 0.000761641 0.000340567 0 0.000760878 0.000350805 0 0.000763968 0.000362651 0 0.000770919 0.000375914 0 0.000781614 0.000390316 0 0.000795781 0.000405493 0 0.00081295 0.000421003 0 0.000832427 0.000436349 0 0.00085329 0.000451005 0 -0.00174618 -0.000492135 0 -0.00168406 -0.000480791 0 -0.00162503 -0.000470062 0 -0.00156874 -0.000459989 0 -0.00151486 -0.000450544 0 -0.00146307 -0.000441657 0 -0.00141307 -0.000433234 0 -0.00136464 -0.000425175 0 -0.00131763 -0.000417389 0 -0.00127192 -0.000409804 0 -0.00122745 -0.00040237 0 -0.00118422 -0.000395064 0 -0.00114224 -0.000387891 0 -0.00110157 -0.000380878 0 -0.00106227 -0.000374077 0 -0.00102444 -0.000367557 0 -0.000988179 -0.000361406 0 -0.000953584 -0.000355723 0 -0.000920771 -0.000350618 0 -0.000889861 -0.000346209 0 -0.000860979 -0.000342619 0 -0.000834257 -0.000339974 0 -0.000809836 -0.000338399 0 -0.000787866 -0.000338018 0 -0.000768507 -0.000338944 0 -0.000751926 -0.000341278 0 -0.000738298 -0.000345103 0 -0.000727804 -0.00035047 0 -0.000720615 -0.000357396 0 -0.000716889 -0.000365849 0 -0.000716747 -0.000375739 0 -0.000720254 -0.000386913 0 -0.000727389 -0.000399144 0 -0.000738009 -0.000412136 0 -0.000751821 -0.000425527 0 -0.000768345 -0.000438913 0 -0.000786902 -0.000451864 0 -0.000806612 -0.000463959 0 0.00198416 0.000463258 0 0.00191364 0.000452148 0 0.0018459 0.000441242 0 0.0017809 0.000430702 0 0.0017185 0.000420615 0 0.00165851 0.000411006 0 0.00160071 0.000401854 0 0.00154491 0.000393105 0 0.00149092 0.000384693 0 0.00143863 0.000376547 0 0.00138794 0.000368605 0 0.0013388 0.000360822 0 0.00129121 0.000353175 0 0.00124519 0.000345662 0 0.00120079 0.000338306 0 0.00115809 0.000331155 0 0.00111717 0.000324276 0 0.00107813 0.000317757 0 0.0010411 0.000311701 0 0.00100618 0.000306228 0 0.000973504 0.000301471 0 0.000943212 0.000297572 0 0.000915444 0.000294684 0 0.000890353 0.000292965 0 0.000868101 0.000292577 0 0.000848863 0.00029368 0 0.000832821 0.000296428 0 0.000820167 0.000300957 0 0.000811093 0.000307379 0 0.000805784 0.000315765 0 0.000804397 0.000326131 0 0.000807044 0.000338425 0 0.000813756 0.000352502 0 0.000824442 0.000368119 0 0.000838853 0.000384922 0 0.000856531 0.000402449 0 0.000876778 0.000420142 0 0.000898639 0.000437375 0 -0.00162425 -0.000508428 0 -0.001567 -0.000497299 0 -0.0015128 -0.000486921 0 -0.00146118 -0.000477266 0 -0.00141175 -0.000468253 0 -0.00136413 -0.000459773 0 -0.00131805 -0.00045171 0 -0.0012733 -0.000443955 0 -0.00122972 -0.000436422 0 -0.00118725 -0.000429048 0 -0.00114584 -0.000421799 0 -0.00110552 -0.00041467 0 -0.00106631 -0.000407681 0 -0.00102829 -0.000400877 0 -0.000991544 -0.000394322 0 -0.000956156 -0.000388094 0 -0.000922231 -0.000382287 0 -0.000889877 -0.000377003 0 -0.000859208 -0.000372349 0 -0.000830342 -0.000368439 0 -0.000803403 -0.000365385 0 -0.000778522 -0.0003633 0 -0.000755837 -0.000362292 0 -0.000735495 -0.00036246 0 -0.000717651 -0.000363891 0 -0.000702466 -0.000366654 0 -0.000690108 -0.000370793 0 -0.000680743 -0.00037632 0 -0.00067453 -0.000383206 0 -0.000671603 -0.000391376 0 -0.000672061 -0.000400699 0 -0.00067594 -0.000410985 0 -0.000683189 -0.000421985 0 -0.000693641 -0.000433397 0 -0.000706984 -0.00044488 0 -0.000722738 -0.000456072 0 -0.000740247 -0.000466622 0 -0.00075868 -0.000476212 0 0.00210018 0.000449615 0 0.00202601 0.000439042 0 0.00195435 0.000428415 0 0.0018853 0.000417942 0 0.00181885 0.00040776 0 0.00175488 0.000397944 0 0.00169323 0.00038852 0 0.00163374 0.000379469 0 0.00157624 0.00037075 0 0.00152061 0.000362306 0 0.00146675 0.000354082 0 0.00141461 0.000346029 0 0.00136417 0.000338115 0 0.00131543 0.00033033 0 0.00126845 0.000322684 0 0.00122329 0.00031521 0 0.00118003 0.000307967 0 0.00113878 0.000301032 0 0.00109965 0.000294503 0 0.00106275 0.000288496 0 0.00102821 0.000283142 0 0.000996179 0.000278589 0 0.000966791 0.000274998 0 0.000940202 0.000272538 0 0.000916575 0.000271392 0 0.000896083 0.000271743 0 0.00087891 0.000273778 0 0.000865247 0.000277673 0 0.000855292 0.000283587 0 0.000849232 0.000291647 0 0.000847238 0.000301932 0 0.000849432 0.000314448 0 0.000855865 0.000329112 0 0.000866471 0.000345727 0 0.000881018 0.000363967 0 0.000899065 0.000383363 0 0.000919914 0.000403312 0 0.000942592 0.000423095 0 -0.00150059 -0.00052665 0 -0.00144868 -0.000515873 0 -0.00139961 -0.000505929 0 -0.00135285 -0.000496725 0 -0.00130794 -0.000488131 0 -0.00126453 -0.000480013 0 -0.00122236 -0.000472242 0 -0.00118124 -0.000464714 0 -0.00114107 -0.000457351 0 -0.0011018 -0.00045011 0 -0.00106343 -0.000442976 0 -0.00102599 -0.000435964 0 -0.000989548 -0.00042911 0 -0.000954182 -0.000422474 0 -0.000919982 -0.000416131 0 -0.000887047 -0.000410166 0 -0.000855481 -0.000404675 0 -0.000825394 -0.000399759 0 -0.000796898 -0.00039552 0 -0.000770111 -0.000392063 0 -0.000745153 -0.000389488 0 -0.000722154 -0.00038789 0 -0.000701246 -0.000387357 0 -0.000682573 -0.000387964 0 -0.000666281 -0.000389768 0 -0.000652525 -0.000392806 0 -0.00064146 -0.000397084 0 -0.000633238 -0.000402577 0 -0.000627996 -0.000409217 0 -0.000625848 -0.00041689 0 -0.000626864 -0.000425432 0 -0.000631052 -0.00043463 0 -0.000638333 -0.000444225 0 -0.000648517 -0.000453922 0 -0.00066128 -0.00046341 0 -0.000676151 -0.000472383 0 -0.000692503 -0.000480566 0 -0.000709564 -0.000487741 0 0.00221436 0.000435844 0 0.0021368 0.000426111 0 0.00206145 0.000416058 0 0.00198855 0.000405911 0 0.00191817 0.000395849 0 0.00185031 0.000385995 0 0.00178485 0.000376419 0 0.00172167 0.000367147 0 0.00166065 0.00035817 0 0.00160165 0.000349454 0 0.00154459 0.000340956 0 0.00148941 0.000332634 0 0.00143608 0.000324452 0 0.0013846 0.000316393 0 0.001335 0.000308457 0 0.00128736 0.000300667 0 0.00124175 0.00029307 0 0.00119827 0.000285732 0 0.00115703 0.000278744 0 0.00111815 0.000272216 0 0.00108177 0.000266278 0 0.00104801 0.000261076 0 0.00101703 0.000256776 0 0.000988974 0.000253558 0 0.000964012 0.000251618 0 0.000942314 0.000251161 0 0.000924062 0.000252401 0 0.000909446 0.000255553 0 0.000898661 0.000260821 0 0.000891895 0.000268388 0 0.000889321 0.000278395 0 0.00089107 0.000290916 0 0.000897202 0.000305937 0 0.000907666 0.00032332 0 0.000922248 0.000342781 0 0.000940522 0.000363863 0 0.000961794 0.000385934 0 0.00098508 0.000408189 0 -0.00137556 -0.000547254 0 -0.00132942 -0.000536887 0 -0.00128574 -0.000527383 0 -0.00124396 -0.000518587 0 -0.00120363 -0.000510335 0 -0.00116443 -0.000502476 0 -0.00112613 -0.000494883 0 -0.0010886 -0.000487466 0 -0.00105179 -0.000480166 0 -0.00101569 -0.00047296 0 -0.000980326 -0.000465858 0 -0.000945764 -0.00045889 0 -0.000912084 -0.000452113 0 -0.000879376 -0.000445597 0 -0.00084774 -0.000439422 0 -0.000817279 -0.00043368 0 -0.000788099 -0.000428464 0 -0.00076031 -0.00042387 0 -0.000734021 -0.000419994 0 -0.000709348 -0.000416925 0 -0.000686409 -0.000414751 0 -0.000665328 -0.000413547 0 -0.000646233 -0.000413378 0 -0.000629259 -0.000414292 0 -0.000614545 -0.000416318 0 -0.000602235 -0.00041946 0 -0.000592469 -0.000423692 0 -0.00058538 -0.000428951 0 -0.000581086 -0.000435138 0 -0.000579674 -0.000442108 0 -0.000581186 -0.000449674 0 -0.000585604 -0.000457609 0 -0.000592823 -0.000465657 0 -0.000602637 -0.000473542 0 -0.000614717 -0.000480991 0 -0.000628606 -0.000487756 0 -0.000643716 -0.000493642 0 -0.000659343 -0.000498522 0 0.00232695 0.000421535 0 0.00224613 0.00041293 0 0.00216725 0.000403753 0 0.00209063 0.00039422 0 0.00201646 0.00038453 0 0.00194478 0.000374844 0 0.00187556 0.000365279 0 0.00180873 0.000355905 0 0.00174416 0.000346751 0 0.00168178 0.000337815 0 0.00162148 0.000329076 0 0.00156322 0.000320501 0 0.00150695 0.000312062 0 0.00145269 0.000303737 0 0.00140045 0.00029552 0 0.00135029 0.000287426 0 0.0013023 0.000279489 0 0.00125657 0.000271768 0 0.00121321 0.000264344 0 0.00117235 0.000257319 0 0.00113411 0.000250817 0 0.00109863 0.000244984 0 0.00106607 0.000239988 0 0.00103658 0.000236012 0 0.00101032 0.000233265 0 0.000987454 0.000231968 0 0.000968173 0.00023236 0 0.000952658 0.000234687 0 0.000941097 0.000239198 0 0.000933676 0.000246129 0 0.000930562 0.000255682 0 0.000931885 0.000268004 0 0.000937708 0.000283156 0 0.000947984 0.00030107 0 0.00096251 0.000321518 0 0.000980869 0.000344071 0 0.00100237 0.000368084 0 0.00102604 0.000392684 0 -0.00124963 -0.000570585 0 -0.00120963 -0.000560602 0 -0.00117154 -0.000551459 0 -0.00113481 -0.000542954 0 -0.00109905 -0.0005349 0 -0.001064 -0.000527145 0 -0.00102952 -0.000519578 0 -0.000995535 -0.000512127 0 -0.00096204 -0.00050476 0 -0.000929073 -0.000497479 0 -0.000896702 -0.000490312 0 -0.00086501 -0.000483312 0 -0.000834096 -0.000476545 0 -0.000804061 -0.000470089 0 -0.00077501 -0.000464031 0 -0.00074705 -0.00045846 0 -0.000720286 -0.000453465 0 -0.000694826 -0.000449134 0 -0.000670779 -0.00044555 0 -0.000648254 -0.00044279 0 -0.000627365 -0.000440921 0 -0.000608231 -0.000439998 0 -0.000590972 -0.000440064 0 -0.000575716 -0.000441139 0 -0.000562589 -0.000443224 0 -0.000551722 -0.000446292 0 -0.000543238 -0.000450287 0 -0.000537252 -0.000455118 0 -0.000533858 -0.000460655 0 -0.000533117 -0.000466734 0 -0.000535046 -0.000473154 0 -0.000539601 -0.000479686 0 -0.000546659 -0.000486084 0 -0.000556 -0.0004921 0 -0.000567302 -0.000497505 0 -0.000580128 -0.000502113 0 -0.000593936 -0.000505803 0 -0.000608091 -0.000508534 0 0.00243828 0.000406386 0 0.00235419 0.000399138 0 0.00227184 0.000391124 0 0.00219161 0.000382503 0 0.00211373 0.000373462 0 0.00203832 0.000364185 0 0.00196539 0.000354827 0 0.00189491 0.000345502 0 0.00182681 0.000336284 0 0.00176101 0.000327208 0 0.00169745 0.00031828 0 0.00163606 0.000309488 0 0.00157682 0.000300815 0 0.00151972 0.000292241 0 0.0014648 0.000283759 0 0.00141209 0.000275378 0 0.00136169 0.000267122 0 0.00131368 0.000259042 0 0.00126818 0.000251208 0 0.00122531 0.000243715 0 0.0011852 0.000236681 0 0.00114801 0.000230247 0 0.00111387 0.000224577 0 0.00108295 0.000219862 0 0.00105541 0.000216313 0 0.00103142 0.000214167 0 0.00101115 0.00021368 0 0.000994783 0.000215129 0 0.000982502 0.0002188 0 0.00097448 0.000224977 0 0.000970873 0.000233925 0 0.0009718 0.000245864 0 0.000977316 0.000260931 0 0.00098737 0.000279139 0 0.00100176 0.000300326 0 0.00102007 0.000324109 0 0.00104161 0.000349844 0 0.0010654 0.000376608 0 -0.00112345 -0.000596821 0 -0.00108984 -0.000587109 0 -0.00105741 -0.000578169 0 -0.00102571 -0.000569765 0 -0.000994459 -0.00056171 0 -0.00096349 -0.000553863 0 -0.000932746 -0.000546137 0 -0.000902235 -0.000538488 0 -0.000872008 -0.000530912 0 -0.000842149 -0.000523435 0 -0.000812755 -0.000516105 0 -0.000783935 -0.000508987 0 -0.000755799 -0.000502158 0 -0.000728456 -0.0004957 0 -0.000702015 -0.000489698 0 -0.000676584 -0.000484237 0 -0.000652267 -0.000479397 0 -0.000629167 -0.000475256 0 -0.00060739 -0.000471881 0 -0.00058704 -0.000469332 0 -0.000568224 -0.000467659 0 -0.000551053 -0.000466893 0 -0.000535639 -0.000467053 0 -0.000522099 -0.000468134 0 -0.000510547 -0.00047011 0 -0.000501098 -0.000472928 0 -0.000493858 -0.000476504 0 -0.00048892 -0.000480723 0 -0.000486354 -0.000485436 0 -0.000486201 -0.000490465 0 -0.000488452 -0.000495604 0 -0.000493042 -0.00050063 0 -0.000499835 -0.000505317 0 -0.000508607 -0.00050945 0 -0.000519047 -0.000512849 0 -0.000530748 -0.000515386 0 -0.000543216 -0.00051701 0 -0.000555889 -0.000517754 0 0.00254875 0.000390246 0 0.00246121 0.000384475 0 0.00237535 0.000377859 0 0.00229154 0.000370431 0 0.00221002 0.000362325 0 0.00213093 0.000353719 0 0.00205433 0.000344792 0 0.00198024 0.0003357 0 0.0019086 0.000326558 0 0.00183939 0.000317445 0 0.00177253 0.000308403 0 0.00170798 0.000299447 0 0.00164572 0.000290576 0 0.00158574 0.000281781 0 0.00152808 0.000273058 0 0.00147278 0.000264411 0 0.00141992 0.000255861 0 0.0013696 0.000247448 0 0.00132192 0.000239236 0 0.00127702 0.000231309 0 0.00123503 0.000223778 0 0.0011961 0.000216779 0 0.00116038 0.000210472 0 0.00112804 0.000205047 0 0.00109923 0.000200719 0 0.00107413 0.000197733 0 0.00105291 0.000196362 0 0.00103573 0.000196903 0 0.00102278 0.000199677 0 0.00101421 0.000205012 0 0.00101016 0.000213232 0 0.00101073 0.000224624 0 0.00101595 0.000239406 0 0.00102576 0.000257675 0 0.00103994 0.000279347 0 0.00105806 0.000304096 0 0.00107945 0.000331296 0 0.00110311 0.000359989 0 -0.000997803 -0.000625915 0 -0.000970649 -0.000616278 0 -0.000943828 -0.000607308 0 -0.000917045 -0.000598761 0 -0.000890162 -0.000590461 0 -0.000863147 -0.000582296 0 -0.000836041 -0.00057421 0 -0.000808929 -0.000566192 0 -0.000781923 -0.000558262 0 -0.000755145 -0.000550469 0 -0.000728722 -0.000542875 0 -0.000702779 -0.000535557 0 -0.000677435 -0.000528593 0 -0.000652807 -0.000522065 0 -0.000629003 -0.000516053 0 -0.000606128 -0.000510632 0 -0.000584283 -0.000505873 0 -0.000563568 -0.000501838 0 -0.000544081 -0.000498579 0 -0.00052592 -0.000496137 0 -0.000509185 -0.000494541 0 -0.000493976 -0.000493801 0 -0.000480398 -0.000493911 0 -0.000468552 -0.000494845 0 -0.00045854 -0.000496552 0 -0.00045046 -0.000498954 0 -0.0004444 -0.000501946 0 -0.000440432 -0.000505396 0 -0.000438606 -0.000509141 0 -0.000438939 -0.000512997 0 -0.000441405 -0.000516762 0 -0.000445924 -0.000520225 0 -0.000452349 -0.000523186 0 -0.000460463 -0.000525466 0 -0.000469971 -0.000526933 0 -0.000480501 -0.000527517 0 -0.000491614 -0.000527228 0 -0.000502817 -0.000526163 0 0.00265879 0.00037317 0 0.00256745 0.000368821 0 0.00247795 0.00036373 0 0.00239053 0.00035773 0 0.00230539 0.000350833 0 0.00222266 0.00034317 0 0.00214244 0.000334919 0 0.00206474 0.000326266 0 0.00198958 0.000317367 0 0.00191693 0.000308346 0 0.00184675 0.000299285 0 0.001779 0.000290233 0 0.00171368 0.000281214 0 0.00165078 0.000272234 0 0.00159034 0.000263299 0 0.00153239 0.000254413 0 0.00147703 0.000245596 0 0.00142435 0.000236881 0 0.00137446 0.000228323 0 0.00132749 0.000219999 0 0.00128358 0.000212012 0 0.0012429 0.000204489 0 0.00120558 0.000197588 0 0.00117181 0.000191493 0 0.00114173 0.000186421 0 0.00111554 0.000182621 0 0.00109338 0.000180378 0 0.00107543 0.000180006 0 0.00106185 0.000181852 0 0.00105278 0.000186285 0 0.00104834 0.000193678 0 0.00104859 0.000204386 0 0.00105354 0.000218702 0 0.00106309 0.00023681 0 0.001077 0.000258711 0 0.00109481 0.000284147 0 0.00111584 0.000312525 0 0.0011391 0.000342858 0 -0.000873549 -0.000657524 0 -0.000852703 -0.000647701 0 -0.000831271 -0.000638417 0 -0.00080918 -0.000629442 0 -0.00078647 -0.000620634 0 -0.000763249 -0.000611917 0 -0.000739662 -0.000603272 0 -0.00071587 -0.000594717 0 -0.000692035 -0.000586297 0 -0.000668315 -0.000578077 0 -0.000644858 -0.000570129 0 -0.0006218 -0.000562531 0 -0.000599266 -0.000555362 0 -0.000577373 -0.000548696 0 -0.000556227 -0.000542606 0 -0.000535929 -0.000537155 0 -0.000516576 -0.000532398 0 -0.000498259 -0.000528382 0 -0.000481069 -0.000525141 0 -0.000465097 -0.000522698 0 -0.000450433 -0.00052106 0 -0.000437168 -0.000520218 0 -0.000425392 -0.000520143 0 -0.000415196 -0.000520788 0 -0.000406666 -0.00052208 0 -0.000399883 -0.000523924 0 -0.000394918 -0.000526198 0 -0.000391823 -0.000528756 0 -0.00039063 -0.000531431 0 -0.000391338 -0.000534037 0 -0.000393905 -0.00053638 0 -0.000398242 -0.000538272 0 -0.000404203 -0.000539536 0 -0.00041158 -0.000540035 0 -0.000420101 -0.000539682 0 -0.000429434 -0.000538459 0 -0.000439194 -0.000536429 0 -0.000448958 -0.000533741 0 0.00276877 0.000355479 0 0.0026732 0.000352238 0 0.00257982 0.000348627 0 0.00248869 0.000344195 0 0.0023999 0.000338742 0 0.00231355 0.000332286 0 0.00222973 0.000324967 0 0.00214846 0.000316979 0 0.00206978 0.000308511 0 0.00199368 0.000299731 0 0.00192015 0.000290766 0 0.00184918 0.000281703 0 0.00178075 0.000272598 0 0.00171488 0.000263481 0 0.0016516 0.00025437 0 0.00159097 0.000245277 0 0.00153306 0.000236222 0 0.00147797 0.000227236 0 0.00142581 0.000218366 0 0.00137674 0.000209683 0 0.00133088 0.000201281 0 0.0012884 0.000193281 0 0.00124946 0.000185832 0 0.00121424 0.000179115 0 0.00118289 0.000173344 0 0.00115559 0.00016877 0 0.00113252 0.000165683 0 0.00111382 0.000164412 0 0.00109964 0.000165324 0 0.00109011 0.00016882 0 0.00108531 0.000175318 0 0.00108528 0.000185229 0 0.00108999 0.000198922 0 0.00109928 0.000216661 0 0.00111286 0.000238536 0 0.00113024 0.000264365 0 0.00115072 0.000293607 0 0.00117329 0.000325265 0 -0.000751603 -0.000690957 0 -0.000736649 -0.000680651 0 -0.000720217 -0.000670746 0 -0.000702487 -0.000661054 0 -0.00068369 -0.000651479 0 -0.000664071 -0.000641993 0 -0.00064387 -0.000632609 0 -0.000623313 -0.000623373 0 -0.000602601 -0.000614349 0 -0.000581918 -0.000605609 0 -0.000561422 -0.000597229 0 -0.000541257 -0.000589286 0 -0.000521547 -0.000581849 0 -0.000502405 -0.000574986 0 -0.000483933 -0.000568754 0 -0.000466226 -0.000563203 0 -0.00044937 -0.000558372 0 -0.000433452 -0.00055429 0 -0.000418552 -0.000550974 0 -0.00040475 -0.000548428 0 -0.000392128 -0.000546639 0 -0.000380765 -0.000545579 0 -0.000370739 -0.000545202 0 -0.000362126 -0.000545439 0 -0.000354999 -0.000546201 0 -0.000349422 -0.000547379 0 -0.000345448 -0.000548838 0 -0.000343114 -0.000550427 0 -0.000342436 -0.000551975 0 -0.000343399 -0.000553303 0 -0.000345952 -0.000554231 0 -0.000350003 -0.000554591 0 -0.000355411 -0.000554236 0 -0.000361983 -0.000553066 0 -0.000369477 -0.000551036 0 -0.000377601 -0.000548174 0 -0.000386026 -0.000544589 0 -0.000394394 -0.000540472 0 0.0027866 0.000323133 0 0.00269115 0.000321525 0 0.00259824 0.000319508 0 0.00250779 0.000316463 0 0.00241977 0.000312214 0 0.00233418 0.000306811 0 0.00225104 0.000300418 0 0.00217037 0.000293239 0 0.0020922 0.000285476 0 0.00201653 0.000277302 0 0.00194337 0.000268855 0 0.00187275 0.000260236 0 0.00180468 0.000251511 0 0.0017392 0.000242726 0 0.00167637 0.000233912 0 0.00161626 0.000225094 0 0.00155895 0.000216301 0 0.00150455 0.000207571 0 0.00145318 0.000198959 0 0.00140498 0.000190536 0 0.00136007 0.000182396 0 0.00131862 0.000174658 0 0.00128078 0.00016747 0 0.00124669 0.000161007 0 0.00121651 0.000155479 0 0.00119038 0.000151134 0 0.00116846 0.000148256 0 0.00115085 0.00014717 0 0.00113766 0.000148238 0 0.00112896 0.000151855 0 0.00112478 0.000158435 0 0.00112509 0.000168381 0 0.00112977 0.000182056 0 0.00113861 0.000199714 0 0.00115125 0.000221437 0 0.00116717 0.00024704 0 0.00118565 0.00027598 0 0.00120577 0.000307277 0 -0.000632821 -0.000725148 0 -0.00062307 -0.000714065 0 -0.000611078 -0.000703248 0 -0.000597283 -0.00069258 0 -0.000582089 -0.000682022 0 -0.000565858 -0.00067159 0 -0.000548903 -0.00066133 0 -0.000531494 -0.000651309 0 -0.000513858 -0.000641599 0 -0.000496189 -0.000632276 0 -0.000478651 -0.000623412 0 -0.000461384 -0.000615075 0 -0.000444507 -0.000607325 0 -0.000428126 -0.000600215 0 -0.000412335 -0.000593787 0 -0.000397218 -0.000588075 0 -0.000382854 -0.000583103 0 -0.000369319 -0.000578882 0 -0.000356683 -0.000575411 0 -0.000345018 -0.000572677 0 -0.000334391 -0.000570648 0 -0.00032487 -0.00056928 0 -0.000316522 -0.000568509 0 -0.000309408 -0.000568253 0 -0.000303586 -0.000568409 0 -0.000299107 -0.000568855 0 -0.00029601 -0.000569452 0 -0.000294316 -0.000570044 0 -0.00029403 -0.000570463 0 -0.000295128 -0.00057054 0 -0.000297555 -0.00057011 0 -0.000301222 -0.000569026 0 -0.000305997 -0.000567173 0 -0.00031171 -0.000564482 0 -0.000318149 -0.000560947 0 -0.000325066 -0.000556634 0 -0.000332185 -0.00055169 0 -0.000339212 -0.000546339 0 0.00280522 0.000290781 0 0.00271023 0.000291261 0 0.00261792 0.000290949 0 0.00252811 0.000289305 0 0.0024407 0.000286226 0 0.00235567 0.000281819 0 0.00227301 0.000276285 0 0.00219276 0.000269855 0 0.00211494 0.000262745 0 0.00203958 0.000255142 0 0.00196671 0.000247194 0 0.00189639 0.000239013 0 0.00182865 0.000230678 0 0.00176356 0.000222246 0 0.00170117 0.000213759 0 0.00164158 0.000205253 0 0.00158488 0.000196763 0 0.00153118 0.000188335 0 0.0014806 0.000180025 0 0.00143326 0.000171907 0 0.0013893 0.000164074 0 0.00134885 0.000156644 0 0.00131207 0.000149758 0 0.00127907 0.000143591 0 0.00125 0.000138347 0 0.00122498 0.000134266 0 0.00120412 0.000131628 0 0.00118749 0.000130749 0 0.00117517 0.000131985 0 0.00116716 0.000135721 0 0.00116344 0.000142358 0 0.00116392 0.000152289 0 0.0011684 0.000165859 0 0.00117661 0.00018331 0 0.00118813 0.000204707 0 0.00120244 0.000229857 0 0.00121882 0.000258214 0 0.00123643 0.00028882 0 -0.000517892 -0.000758666 0 -0.000512401 -0.000746562 0 -0.000504155 -0.000734611 0 -0.0004938 -0.00072278 0 -0.000481869 -0.000711093 0 -0.000468799 -0.000699609 0 -0.000454947 -0.000688399 0 -0.000440601 -0.000677541 0 -0.000425995 -0.00066711 0 -0.000411319 -0.000657178 0 -0.000396732 -0.000647808 0 -0.000382363 -0.000639055 0 -0.000368321 -0.000630966 0 -0.000354701 -0.000623578 0 -0.000341586 -0.000616918 0 -0.000329049 -0.000611004 0 -0.000317158 -0.000605842 0 -0.000305977 -0.000601427 0 -0.000295566 -0.000597743 0 -0.000285985 -0.000594759 0 -0.000277291 -0.000592431 0 -0.000269539 -0.000590697 0 -0.000262782 -0.000589481 0 -0.00025707 -0.000588689 0 -0.000252448 -0.000588207 0 -0.000248952 -0.000587908 0 -0.00024661 -0.000587647 0 -0.000245434 -0.00058727 0 -0.000245418 -0.000586614 0 -0.000246536 -0.00058552 0 -0.000248733 -0.000583839 0 -0.000251927 -0.000581447 0 -0.000256003 -0.000578254 0 -0.000260815 -0.000574223 0 -0.000266183 -0.000569378 0 -0.000271905 -0.000563817 0 -0.000277754 -0.000557717 0 -0.000283496 -0.000551328 0 0.00282506 0.000258858 0 0.00273056 0.000261699 0 0.00263878 0.000263131 0 0.00254945 0.000262843 0 0.00246246 0.000260859 0 0.00237778 0.000257368 0 0.00229542 0.000252621 0 0.00221542 0.000246879 0 0.00213781 0.000240377 0 0.00206267 0.000233317 0 0.00199003 0.000225856 0 0.00191996 0.000218117 0 0.00185253 0.000210189 0 0.0017878 0.000202138 0 0.00172586 0.000194013 0 0.0016668 0.000185859 0 0.00161071 0.000177717 0 0.0015577 0.000169636 0 0.00150789 0.000161676 0 0.00146141 0.000153909 0 0.00141837 0.000146429 0 0.0013789 0.00013935 0 0.00134313 0.00013281 0 0.00131117 0.000126978 0 0.00128315 0.000122053 0 0.00125914 0.000118268 0 0.00123924 0.000115893 0 0.00122349 0.000115236 0 0.00121191 0.000116642 0 0.00120445 0.00012048 0 0.00120105 0.000127137 0 0.00120152 0.000136987 0 0.00120564 0.000150353 0 0.00121306 0.000167457 0 0.00122334 0.000188347 0 0.00123592 0.000212817 0 0.00125012 0.000240326 0 0.00126519 0.000269938 0 -0.000407212 -0.000789788 0 -0.000404859 -0.000776526 0 -0.000399581 -0.000763328 0 -0.000392139 -0.000750256 0 -0.000383123 -0.000737398 0 -0.000372993 -0.000724846 0 -0.000362106 -0.000712689 0 -0.000350743 -0.000701008 0 -0.000339122 -0.000689875 0 -0.000327418 -0.000679352 0 -0.000315772 -0.00066949 0 -0.000304296 -0.000660331 0 -0.000293084 -0.000651904 0 -0.000282217 -0.000644232 0 -0.000271764 -0.000637327 0 -0.000261785 -0.00063119 0 -0.000252337 -0.000625813 0 -0.000243471 -0.000621177 0 -0.000235236 -0.000617251 0 -0.000227679 -0.00061399 0 -0.000220846 -0.000611338 0 -0.00021478 -0.000609222 0 -0.000209522 -0.000607553 0 -0.000205111 -0.000606229 0 -0.000201578 -0.000605131 0 -0.000198951 -0.000604125 0 -0.000197247 -0.000603066 0 -0.00019647 -0.000601802 0 -0.000196611 -0.000600178 0 -0.000197644 -0.000598045 0 -0.000199519 -0.000595269 0 -0.000202166 -0.000591746 0 -0.000205489 -0.000587408 0 -0.000209367 -0.000582243 0 -0.000213659 -0.000576302 0 -0.000218202 -0.000569709 0 -0.000222822 -0.000562661 0 -0.000227334 -0.000555427 0 0.00284613 0.000227857 0 0.00275204 0.000233089 0 0.0026606 0.000236204 0 0.00257154 0.000237172 0 0.00248476 0.000236181 0 0.00240024 0.000233514 0 0.00231801 0.000229478 0 0.00223812 0.000224367 0 0.00216063 0.000218436 0 0.00208562 0.000211898 0 0.00201315 0.000204921 0 0.0019433 0.000197635 0 0.00187615 0.000190137 0 0.00181178 0.000182497 0 0.00175028 0.000174774 0 0.00169173 0.000167015 0 0.00163625 0.000159267 0 0.00158392 0.000151581 0 0.00153487 0.000144018 0 0.00148922 0.00013665 0 0.00144706 0.000129568 0 0.00140852 0.000122883 0 0.00137371 0.00011673 0 0.00134273 0.00011127 0 0.00131567 0.000106695 0 0.0012926 0.00010323 0 0.00127356 0.000101134 0 0.00125857 0.000100705 0 0.0012476 0.000102269 0 0.00124056 0.000106181 0 0.00123731 0.000112806 0 0.00123765 0.000122493 0 0.00124126 0.000135544 0 0.00124777 0.000152154 0 0.00125669 0.000172351 0 0.00126747 0.000195919 0 0.00127947 0.000222327 0 0.001292 0.000250664 0 -0.000300779 -0.000816644 0 -0.000300378 -0.00080223 0 -0.000297282 -0.000787818 0 -0.00029224 -0.000773566 0 -0.000285813 -0.000759614 0 -0.000278419 -0.000746081 0 -0.000270376 -0.000733065 0 -0.000261924 -0.000720645 0 -0.000253249 -0.000708887 0 -0.000244495 -0.000697839 0 -0.000235776 -0.00068754 0 -0.000227184 -0.000678016 0 -0.000218793 -0.000669283 0 -0.000210665 -0.000661349 0 -0.000202853 -0.000654212 0 -0.000195405 -0.00064786 0 -0.000188363 -0.000642273 0 -0.000181767 -0.000637419 0 -0.000175653 -0.000633255 0 -0.000170057 -0.000629726 0 -0.000165013 -0.000626766 0 -0.000160551 -0.000624293 0 -0.000156703 -0.00062221 0 -0.000153495 -0.000620409 0 -0.00015095 -0.000618765 0 -0.000149086 -0.000617144 0 -0.000147912 -0.0006154 0 -0.000147431 -0.000613384 0 -0.000147631 -0.000610949 0 -0.000148489 -0.000607954 0 -0.000149965 -0.00060428 0 -0.000152003 -0.000599838 0 -0.00015453 -0.000594579 0 -0.000157455 -0.00058851 0 -0.000160669 -0.000581703 0 -0.000164054 -0.000574298 0 -0.00016748 -0.000566512 0 -0.000170815 -0.000558627 0 0.00286825 0.000198214 0 0.00277439 0.000205664 0 0.00268308 0.000210298 0 0.00259408 0.000212376 0 0.00250731 0.000212252 0 0.00242278 0.000210308 0 0.00234052 0.000206907 0 0.00226062 0.000202374 0 0.00218316 0.000196983 0 0.00210821 0.000190956 0 0.00203587 0.000184468 0 0.00196621 0.000177652 0 0.00189933 0.00017061 0 0.0018353 0.000163419 0 0.00177422 0.000156138 0 0.00171618 0.00014882 0 0.00166128 0.000141513 0 0.00160962 0.00013427 0 0.00156131 0.000127151 0 0.00151644 0.000120227 0 0.00147513 0.000113587 0 0.00143747 0.000107338 0 0.00140356 0.000101607 0 0.00137348 9.65512e-05 0 0.0013473 9.23523e-05 0 0.00132507 8.9225e-05 0 0.00130679 8.74167e-05 0 0.00129244 8.72078e-05 0 0.00128195 8.8909e-05 0 0.00127519 9.28528e-05 0 0.00127198 9.93798e-05 0 0.00127203 0.000108814 0 0.00127502 0.000121426 0 0.00128052 0.000137387 0 0.00128802 0.000156705 0 0.00129697 0.000179158 0 0.00130678 0.000204223 0 0.00131683 0.000231031 0 -0.00019812 -0.000837416 0 -0.000198572 -0.000822019 0 -0.000196956 -0.000806587 0 -0.000193872 -0.000791358 0 -0.000189757 -0.000776513 0 -0.00018493 -0.000762188 0 -0.000179628 -0.000748485 0 -0.000174029 -0.00073548 0 -0.000168266 -0.000723227 0 -0.000162443 -0.000711765 0 -0.000156639 -0.000701121 0 -0.00015092 -0.000691307 0 -0.000145336 -0.000682329 0 -0.000139929 -0.000674183 0 -0.000134738 -0.000666855 0 -0.000129792 -0.000660325 0 -0.000125122 -0.000654561 0 -0.000120753 -0.000649522 0 -0.00011671 -0.000645159 0 -0.000113017 -0.000641408 0 -0.000109695 -0.000638194 0 -0.000106766 -0.000635431 0 -0.000104249 -0.000633016 0 -0.000102162 -0.000630836 0 -0.000100518 -0.000628765 0 -9.93283e-05 -0.000626666 0 -9.85983e-05 -0.000624396 0 -9.83273e-05 -0.000621809 0 -9.85068e-05 -0.000618761 0 -9.91194e-05 -0.000615121 0 -0.000100137 -0.000610781 0 -0.000101522 -0.000605661 0 -0.000103223 -0.000599727 0 -0.000105179 -0.000593001 0 -0.000107319 -0.000585567 0 -0.000109563 -0.00057758 0 -0.000111828 -0.000569267 0 -0.000114026 -0.000560917 0 0.00289105 0.000170282 0 0.00279723 0.000179619 0 0.00270584 0.000185524 0 0.0026167 0.000188521 0 0.00252976 0.000189121 0 0.00244506 0.000187794 0 0.00236267 0.000184956 0 0.00228266 0.000180956 0 0.00220515 0.000176081 0 0.00213022 0.00017056 0 0.00205796 0.00016457 0 0.00198847 0.000158247 0 0.00192183 0.000151693 0 0.00185813 0.000144988 0 0.00179746 0.000138193 0 0.00173992 0.000131361 0 0.00168558 0.000124543 0 0.00163455 0.000117789 0 0.00158693 0.000111161 0 0.00154282 0.000104726 0 0.00150229 9.8569e-05 0 0.00146545 9.27921e-05 0 0.00143237 8.75176e-05 0 0.00140312 8.28918e-05 0 0.00137773 7.90878e-05 0 0.00135623 7.63077e-05 0 0.0013386 7.47842e-05 0 0.00132477 7.47799e-05 0 0.00131465 7.65846e-05 0 0.00130806 8.05066e-05 0 0.00130475 8.68592e-05 0 0.00130443 9.59367e-05 0 0.0013067 0.000107981 0 0.00131112 0.000123136 0 0.00131717 0.000141391 0 0.0013243 0.000162521 0 0.00133196 0.000186021 0 0.00133963 0.00021107 0 -9.8298e-05 -0.000850569 0 -9.87556e-05 -0.000834509 0 -9.809e-05 -0.000818396 0 -9.66354e-05 -0.000802521 0 -9.46307e-05 -0.000787091 0 -9.2249e-05 -0.000772252 0 -8.96167e-05 -0.000758105 0 -8.68279e-05 -0.000744723 0 -8.3953e-05 -0.000732154 0 -8.10455e-05 -0.000720427 0 -7.81469e-05 -0.000709561 0 -7.52901e-05 -0.000699561 0 -7.25014e-05 -0.000690424 0 -6.98025e-05 -0.000682139 0 -6.72119e-05 -0.000674687 0 -6.47457e-05 -0.000668038 0 -6.24184e-05 -0.000662156 0 -6.02431e-05 -0.000656995 0 -5.82323e-05 -0.000652499 0 -5.63976e-05 -0.000648601 0 -5.47501e-05 -0.000645221 0 -5.32999e-05 -0.000642268 0 -5.20568e-05 -0.000639638 0 -5.10291e-05 -0.000637215 0 -5.02236e-05 -0.000634872 0 -4.96452e-05 -0.000632471 0 -4.92964e-05 -0.00062987 0 -4.91763e-05 -0.000626924 0 -4.92802e-05 -0.000623496 0 -4.95988e-05 -0.000619457 0 -5.0118e-05 -0.000614706 0 -5.08178e-05 -0.000609171 0 -5.1673e-05 -0.000602826 0 -5.26529e-05 -0.0005957 0 -5.37218e-05 -0.000587888 0 -5.48403e-05 -0.000579551 0 -5.59667e-05 -0.000570921 0 -5.70581e-05 -0.000562294 0 0.00291408 0.000144326 0 0.00282012 0.000155103 0 0.00272847 0.000161966 0 0.00263901 0.000165659 0 0.00255176 0.000166826 0 0.00246677 0.000166011 0 0.00238413 0.000163666 0 0.00230395 0.00016016 0 0.00222633 0.000155785 0 0.00215138 0.00015077 0 0.00207918 0.000145293 0 0.00200983 0.000139489 0 0.00194342 0.000133457 0 0.00188003 0.000127278 0 0.00181975 0.000121012 0 0.00176266 0.000114712 0 0.00170886 0.000108427 0 0.00165843 0.00010221 0 0.00161147 9.61149e-05 0 0.00156804 9.02099e-05 0 0.00152825 8.45741e-05 0 0.00149216 7.9303e-05 0 0.00145983 7.45116e-05 0 0.00143131 7.03366e-05 0 0.00140663 6.69394e-05 0 0.00138576 6.4508e-05 0 0.00136867 6.3258e-05 0 0.00135527 6.34322e-05 0 0.0013454 6.52968e-05 0 0.00133886 6.91334e-05 0 0.00133538 7.52258e-05 0 0.00133459 8.3837e-05 0 0.00133609 9.51789e-05 0 0.00133939 0.00010937 0 0.00134398 0.000126384 0 0.00134934 0.000145995 0 0.00135495 0.000167726 0 0.00136036 0.00019081 0 0 -0.000855074 0 0 -0.00083878 0 0 -0.000822428 0 0 -0.000806328 0 0 -0.000790694 0 0 -0.000775676 0 0 -0.000761376 0 0 -0.000747864 0 0 -0.000735185 0 0 -0.000723367 0 0 -0.000712425 0 0 -0.00070236 0 0 -0.000693169 0 0 -0.000684836 0 0 -0.000677339 0 0 -0.000670649 0 0 -0.000664726 0 0 -0.000659523 0 0 -0.00065498 0 0 -0.00065103 0 0 -0.000647592 0 0 -0.000644573 0 0 -0.000641869 0 0 -0.000639363 0 0 -0.000636925 0 0 -0.000634421 0 0 -0.000631707 0 0 -0.00062864 0 0 -0.000625082 0 0 -0.000620909 0 0 -0.000616019 0 0 -0.000610344 0 0 -0.00060386 0 0 -0.000596601 0 0 -0.000588662 0 0 -0.000580208 0 0 -0.000571473 0 0 -0.000562754 0 0.00293684 0.000120526 0 0.00284257 0.000132213 0 0.0027505 0.000139674 0 0.00266059 0.000143821 0 0.00257291 0.000145392 0 0.00248753 0.000144983 0 0.00240459 0.000143067 0 0.00232418 0.000140021 0 0.00224642 0.000136134 0 0.00217142 0.000131633 0 0.00209925 0.000126688 0 0.00203003 0.00012143 0 0.00196382 0.000115956 0 0.00190072 0.000110342 0 0.0018408 0.000104647 0 0.00178415 9.89233e-05 0 0.00173085 9.32171e-05 0 0.00168097 8.75773e-05 0 0.0016346 8.20574e-05 0 0.00159182 7.67197e-05 0 0.00155269 7.16381e-05 0 0.00151727 6.6901e-05 0 0.00148561 6.26145e-05 0 0.00145774 5.89044e-05 0 0.00143366 5.59188e-05 0 0.00141334 5.38298e-05 0 0.00139669 5.28341e-05 0 0.00138361 5.31521e-05 0 0.0013739 5.50246e-05 0 0.00136733 5.87045e-05 0 0.00136358 6.44444e-05 0 0.00136228 7.24756e-05 0 0.00136297 8.298e-05 0 0.00136516 9.6052e-05 0 0.00136834 0.000111654 0 0.00137199 0.000129566 0 0.00137567 0.000149343 0 0.001379 0.000170283 0 9.8298e-05 -0.000850569 0 9.87556e-05 -0.000834509 0 9.809e-05 -0.000818396 0 9.66354e-05 -0.000802521 0 9.46307e-05 -0.000787091 0 9.2249e-05 -0.000772252 0 8.96167e-05 -0.000758105 0 8.68279e-05 -0.000744723 0 8.3953e-05 -0.000732154 0 8.10455e-05 -0.000720427 0 7.81469e-05 -0.000709561 0 7.52901e-05 -0.000699561 0 7.25014e-05 -0.000690424 0 6.98025e-05 -0.000682139 0 6.72119e-05 -0.000674687 0 6.47457e-05 -0.000668038 0 6.24184e-05 -0.000662156 0 6.02431e-05 -0.000656995 0 5.82323e-05 -0.000652499 0 5.63976e-05 -0.000648601 0 5.47501e-05 -0.000645221 0 5.32999e-05 -0.000642268 0 5.20568e-05 -0.000639638 0 5.10291e-05 -0.000637215 0 5.02236e-05 -0.000634872 0 4.96452e-05 -0.000632471 0 4.92964e-05 -0.00062987 0 4.91763e-05 -0.000626924 0 4.92802e-05 -0.000623496 0 4.95988e-05 -0.000619457 0 5.0118e-05 -0.000614706 0 5.08178e-05 -0.000609171 0 5.1673e-05 -0.000602826 0 5.26529e-05 -0.0005957 0 5.37218e-05 -0.000587888 0 5.48403e-05 -0.000579551 0 5.59667e-05 -0.000570921 0 5.70581e-05 -0.000562294 0 0.00295876 9.89724e-05 0 0.00286406 0.000110992 0 0.00277145 0.000118665 0 0.002681 0.00012301 0 0.00259281 0.000124822 0 0.002507 0.000124717 0 0.00242371 0.000123173 0 0.00234304 0.000120559 0 0.00226512 0.000117155 0 0.00219004 0.000113176 0 0.0021179 0.000108785 0 0.00204877 0.000104103 0 0.00198275 9.92212e-05 0 0.00191991 9.42111e-05 0 0.00186033 8.91287e-05 0 0.00180407 8.40217e-05 0 0.00175122 7.89344e-05 0 0.00170185 7.39117e-05 0 0.00165602 6.90032e-05 0 0.00161381 6.42659e-05 0 0.00157527 5.97669e-05 0 0.00154045 5.55868e-05 0 0.00150938 5.18213e-05 0 0.00148207 4.85842e-05 0 0.0014585 4.60086e-05 0 0.00143862 4.42489e-05 0 0.00142233 4.34813e-05 0 0.00140948 4.3902e-05 0 0.00139985 4.57245e-05 0 0.00139319 4.91716e-05 0 0.00138913 5.44637e-05 0 0.00138727 6.18005e-05 0 0.00138715 7.1335e-05 0 0.00138827 8.31404e-05 0 0.00139011 9.71705e-05 0 0.00139218 0.000113218 0 0.00139409 0.000130877 0 0.00139552 0.000149517 0 0.00019812 -0.000837416 0 0.000198572 -0.000822019 0 0.000196956 -0.000806587 0 0.000193872 -0.000791358 0 0.000189757 -0.000776513 0 0.00018493 -0.000762188 0 0.000179628 -0.000748485 0 0.000174029 -0.00073548 0 0.000168266 -0.000723227 0 0.000162443 -0.000711765 0 0.000156639 -0.000701121 0 0.00015092 -0.000691307 0 0.000145336 -0.000682329 0 0.000139929 -0.000674183 0 0.000134738 -0.000666855 0 0.000129792 -0.000660325 0 0.000125122 -0.000654561 0 0.000120753 -0.000649522 0 0.00011671 -0.000645159 0 0.000113017 -0.000641408 0 0.000109695 -0.000638194 0 0.000106766 -0.000635431 0 0.000104249 -0.000633016 0 0.000102162 -0.000630836 0 0.000100518 -0.000628765 0 9.93283e-05 -0.000626666 0 9.85983e-05 -0.000624396 0 9.83273e-05 -0.000621809 0 9.85068e-05 -0.000618761 0 9.91194e-05 -0.000615121 0 0.000100137 -0.000610781 0 0.000101522 -0.000605661 0 0.000103223 -0.000599727 0 0.000105179 -0.000593001 0 0.000107319 -0.000585567 0 0.000109563 -0.00057758 0 0.000111828 -0.000569267 0 0.000114026 -0.000560917 0 0.00297927 7.96674e-05 0 0.00288406 9.14192e-05 0 0.00279085 9.89114e-05 0 0.00269981 0.000103203 0 0.00261108 0.000105098 0 0.00252481 0.000105202 0 0.00244115 0.000103978 0 0.00236021 0.000101773 0 0.00228211 9.88493e-05 0 0.00220695 9.54056e-05 0 0.00213482 9.15895e-05 0 0.00206578 8.7512e-05 0 0.00199993 8.32564e-05 0 0.00193732 7.88869e-05 0 0.00187803 7.44544e-05 0 0.00182213 7.00024e-05 0 0.00176968 6.55708e-05 0 0.00172075 6.12003e-05 0 0.0016754 5.69353e-05 0 0.00163369 5.28265e-05 0 0.00159567 4.89338e-05 0 0.00156136 4.53284e-05 0 0.0015308 4.20948e-05 0 0.00150396 3.93331e-05 0 0.00148082 3.71604e-05 0 0.0014613 3.5712e-05 0 0.00144528 3.51415e-05 0 0.00143259 3.56196e-05 0 0.00142298 3.73312e-05 0 0.00141617 4.04678e-05 0 0.00141177 4.52177e-05 0 0.00140937 5.1749e-05 0 0.00140848 6.01877e-05 0 0.00140858 7.05884e-05 0 0.00140919 8.29016e-05 0 0.00140983 9.69374e-05 0 0.00141014 0.000112335 0 0.00140989 0.000128544 0 0.000300779 -0.000816644 0 0.000300378 -0.00080223 0 0.000297282 -0.000787818 0 0.00029224 -0.000773566 0 0.000285813 -0.000759614 0 0.000278419 -0.000746081 0 0.000270376 -0.000733065 0 0.000261924 -0.000720645 0 0.000253249 -0.000708887 0 0.000244495 -0.000697839 0 0.000235776 -0.00068754 0 0.000227184 -0.000678016 0 0.000218793 -0.000669283 0 0.000210665 -0.000661349 0 0.000202853 -0.000654212 0 0.000195405 -0.00064786 0 0.000188363 -0.000642273 0 0.000181767 -0.000637419 0 0.000175653 -0.000633255 0 0.000170057 -0.000629726 0 0.000165013 -0.000626766 0 0.000160551 -0.000624293 0 0.000156703 -0.00062221 0 0.000153495 -0.000620409 0 0.00015095 -0.000618765 0 0.000149086 -0.000617144 0 0.000147912 -0.0006154 0 0.000147431 -0.000613384 0 0.000147631 -0.000610949 0 0.000148489 -0.000607954 0 0.000149965 -0.00060428 0 0.000152003 -0.000599838 0 0.00015453 -0.000594579 0 0.000157455 -0.00058851 0 0.000160669 -0.000581703 0 0.000164054 -0.000574298 0 0.00016748 -0.000566512 0 0.000170815 -0.000558627 0 0.00299781 6.25217e-05 0 0.00290205 7.34142e-05 0 0.00280823 8.03448e-05 0 0.00271659 8.43432e-05 0 0.00262732 8.61728e-05 0 0.0025406 8.64012e-05 0 0.00245658 8.54508e-05 0 0.00237538 8.3637e-05 0 0.00229711 8.11946e-05 0 0.00222187 7.82987e-05 0 0.00214973 7.50795e-05 0 0.00208076 7.16342e-05 0 0.00201505 6.80356e-05 0 0.00195265 6.43397e-05 0 0.00189361 6.05911e-05 0 0.00183802 5.68276e-05 0 0.00178592 5.30842e-05 0 0.00173737 4.93961e-05 0 0.00169244 4.58018e-05 0 0.00165115 4.2345e-05 0 0.00161357 3.90773e-05 0 0.00157969 3.60595e-05 0 0.00154955 3.3364e-05 0 0.0015231 3.1076e-05 0 0.00150031 2.92953e-05 0 0.00148107 2.81365e-05 0 0.00146525 2.77296e-05 0 0.00145266 2.82186e-05 0 0.00144303 2.97584e-05 0 0.00143604 3.25092e-05 0 0.00143131 3.66267e-05 0 0.00142839 4.22485e-05 0 0.00142678 4.94755e-05 0 0.00142598 5.83472e-05 0 0.00142549 6.88144e-05 0 0.00142487 8.07102e-05 0 0.00142379 9.37251e-05 0 0.00142208 0.000107393 0 0.000407212 -0.000789788 0 0.000404859 -0.000776526 0 0.000399581 -0.000763328 0 0.000392139 -0.000750256 0 0.000383123 -0.000737398 0 0.000372993 -0.000724846 0 0.000362106 -0.000712689 0 0.000350743 -0.000701008 0 0.000339122 -0.000689875 0 0.000327418 -0.000679352 0 0.000315772 -0.00066949 0 0.000304296 -0.000660331 0 0.000293084 -0.000651904 0 0.000282217 -0.000644232 0 0.000271764 -0.000637327 0 0.000261785 -0.00063119 0 0.000252337 -0.000625813 0 0.000243471 -0.000621177 0 0.000235236 -0.000617251 0 0.000227679 -0.00061399 0 0.000220846 -0.000611338 0 0.00021478 -0.000609222 0 0.000209522 -0.000607553 0 0.000205111 -0.000606229 0 0.000201578 -0.000605131 0 0.000198951 -0.000604125 0 0.000197247 -0.000603066 0 0.00019647 -0.000601802 0 0.000196611 -0.000600178 0 0.000197644 -0.000598045 0 0.000199519 -0.000595269 0 0.000202166 -0.000591746 0 0.000205489 -0.000587408 0 0.000209367 -0.000582243 0 0.000213659 -0.000576302 0 0.000218202 -0.000569709 0 0.000222822 -0.000562661 0 0.000227334 -0.000555427 0 0.00301384 4.7355e-05 0 0.00291754 5.6834e-05 0 0.00282314 6.28522e-05 0 0.00273094 6.63391e-05 0 0.00264117 6.79728e-05 0 0.00255404 6.825e-05 0 0.00246969 6.75358e-05 0 0.00238825 6.60996e-05 0 0.00230982 6.41403e-05 0 0.0022345 6.18051e-05 0 0.00216236 5.92028e-05 0 0.00209345 5.64143e-05 0 0.00202785 5.35002e-05 0 0.00196562 5.05069e-05 0 0.0019068 4.74715e-05 0 0.00185146 4.44253e-05 0 0.00179966 4.13973e-05 0 0.00175143 3.84169e-05 0 0.00170683 3.55156e-05 0 0.0016659 3.27296e-05 0 0.00162867 3.0101e-05 0 0.00159515 2.76796e-05 0 0.00156534 2.55247e-05 0 0.0015392 2.37058e-05 0 0.00151668 2.23037e-05 0 0.00149765 2.14118e-05 0 0.00148198 2.11352e-05 0 0.00146944 2.15902e-05 0 0.00145976 2.29011e-05 0 0.0014526 2.51962e-05 0 0.00144756 2.85993e-05 0 0.00144417 3.32185e-05 0 0.00144194 3.91315e-05 0 0.00144036 4.63657e-05 0 0.00143893 5.48764e-05 0 0.00143724 6.45242e-05 0 0.00143501 7.50556e-05 0 0.00143208 8.60923e-05 0 0.000517892 -0.000758666 0 0.000512401 -0.000746562 0 0.000504155 -0.000734611 0 0.0004938 -0.00072278 0 0.000481869 -0.000711093 0 0.000468799 -0.000699609 0 0.000454947 -0.000688399 0 0.000440601 -0.000677541 0 0.000425995 -0.00066711 0 0.000411319 -0.000657178 0 0.000396732 -0.000647808 0 0.000382363 -0.000639055 0 0.000368321 -0.000630966 0 0.000354701 -0.000623578 0 0.000341586 -0.000616918 0 0.000329049 -0.000611004 0 0.000317158 -0.000605842 0 0.000305977 -0.000601427 0 0.000295566 -0.000597743 0 0.000285985 -0.000594759 0 0.000277291 -0.000592431 0 0.000269539 -0.000590697 0 0.000262782 -0.000589481 0 0.00025707 -0.000588689 0 0.000252448 -0.000588207 0 0.000248952 -0.000587908 0 0.00024661 -0.000587647 0 0.000245434 -0.00058727 0 0.000245418 -0.000586614 0 0.000246536 -0.00058552 0 0.000248733 -0.000583839 0 0.000251927 -0.000581447 0 0.000256003 -0.000578254 0 0.000260815 -0.000574223 0 0.000266183 -0.000569378 0 0.000271905 -0.000563817 0 0.000277754 -0.000557717 0 0.000283496 -0.000551328 0 0.00302687 3.38987e-05 0 0.0029301 4.1477e-05 0 0.00283519 4.62786e-05 0 0.0027425 4.90678e-05 0 0.00265231 5.03949e-05 0 0.00256483 5.06589e-05 0 0.0024802 5.01502e-05 0 0.00239856 4.90814e-05 0 0.00232001 4.76083e-05 0 0.00224462 4.58454e-05 0 0.00217246 4.38774e-05 0 0.0021036 4.17666e-05 0 0.0020381 3.956e-05 0 0.00197599 3.72932e-05 0 0.00191735 3.4995e-05 0 0.00186221 3.26896e-05 0 0.00181063 3.03992e-05 0 0.00176265 2.81465e-05 0 0.00171832 2.59558e-05 0 0.00167766 2.38546e-05 0 0.00164071 2.18754e-05 0 0.00160746 2.00561e-05 0 0.00157791 1.84418e-05 0 0.00155201 1.70855e-05 0 0.00152968 1.60487e-05 0 0.00151082 1.54021e-05 0 0.00149524 1.52252e-05 0 0.00148273 1.56057e-05 0 0.00147299 1.66374e-05 0 0.00146568 1.84163e-05 0 0.00146037 2.10345e-05 0 0.00145659 2.45722e-05 0 0.00145385 2.90855e-05 0 0.00145163 3.45924e-05 0 0.00144945 4.10562e-05 0 0.00144691 4.83688e-05 0 0.00144376 5.63367e-05 0 0.00143988 6.46732e-05 0 0.000632821 -0.000725148 0 0.00062307 -0.000714065 0 0.000611078 -0.000703248 0 0.000597283 -0.00069258 0 0.000582089 -0.000682022 0 0.000565858 -0.00067159 0 0.000548903 -0.00066133 0 0.000531494 -0.000651309 0 0.000513858 -0.000641599 0 0.000496189 -0.000632276 0 0.000478651 -0.000623412 0 0.000461384 -0.000615075 0 0.000444507 -0.000607325 0 0.000428126 -0.000600215 0 0.000412335 -0.000593787 0 0.000397218 -0.000588075 0 0.000382854 -0.000583103 0 0.000369319 -0.000578882 0 0.000356683 -0.000575411 0 0.000345018 -0.000572677 0 0.000334391 -0.000570648 0 0.00032487 -0.00056928 0 0.000316522 -0.000568509 0 0.000309408 -0.000568253 0 0.000303586 -0.000568409 0 0.000299107 -0.000568855 0 0.00029601 -0.000569452 0 0.000294316 -0.000570044 0 0.00029403 -0.000570463 0 0.000295128 -0.00057054 0 0.000297555 -0.00057011 0 0.000301222 -0.000569026 0 0.000305997 -0.000567173 0 0.00031171 -0.000564482 0 0.000318149 -0.000560947 0 0.000325066 -0.000556634 0 0.000332185 -0.00055169 0 0.000339212 -0.000546339 0 0.00303649 2.18048e-05 0 0.00293935 2.70889e-05 0 0.00284405 3.04314e-05 0 0.00275099 3.23759e-05 0 0.00266048 3.33102e-05 0 0.00257272 3.35132e-05 0 0.00248789 3.3187e-05 0 0.00240609 3.24782e-05 0 0.00232744 3.14942e-05 0 0.002252 3.03133e-05 0 0.00217984 2.89932e-05 0 0.00211101 2.75766e-05 0 0.00204557 2.60953e-05 0 0.00198356 2.45737e-05 0 0.00192504 2.30311e-05 0 0.00187005 2.14842e-05 0 0.00181863 1.99481e-05 0 0.00177083 1.84381e-05 0 0.00172669 1.69706e-05 0 0.00168623 1.55645e-05 0 0.00164947 1.42415e-05 0 0.00161642 1.30274e-05 0 0.00158705 1.19525e-05 0 0.00156131 1.10526e-05 0 0.00153912 1.0369e-05 0 0.00152036 9.94919e-06 0 0.00150485 9.84655e-06 0 0.00149235 1.01198e-05 0 0.00148256 1.08316e-05 0 0.00147512 1.20457e-05 0 0.0014696 1.38235e-05 0 0.00146554 1.62176e-05 0 0.00146241 1.92645e-05 0 0.00145972 2.2975e-05 0 0.00145699 2.7323e-05 0 0.00145384 3.22347e-05 0 0.00145002 3.75795e-05 0 0.00144546 4.3165e-05 0 0.000751603 -0.000690957 0 0.000736649 -0.000680651 0 0.000720217 -0.000670746 0 0.000702487 -0.000661054 0 0.00068369 -0.000651479 0 0.000664071 -0.000641993 0 0.00064387 -0.000632609 0 0.000623313 -0.000623373 0 0.000602601 -0.000614349 0 0.000581918 -0.000605609 0 0.000561422 -0.000597229 0 0.000541257 -0.000589286 0 0.000521547 -0.000581849 0 0.000502405 -0.000574986 0 0.000483933 -0.000568754 0 0.000466226 -0.000563203 0 0.00044937 -0.000558372 0 0.000433452 -0.00055429 0 0.000418552 -0.000550974 0 0.00040475 -0.000548428 0 0.000392128 -0.000546639 0 0.000380765 -0.000545579 0 0.000370739 -0.000545202 0 0.000362126 -0.000545439 0 0.000354999 -0.000546201 0 0.000349422 -0.000547379 0 0.000345448 -0.000548838 0 0.000343114 -0.000550427 0 0.000342436 -0.000551975 0 0.000343399 -0.000553303 0 0.000345952 -0.000554231 0 0.000350003 -0.000554591 0 0.000355411 -0.000554236 0 0.000361983 -0.000553066 0 0.000369477 -0.000551036 0 0.000377601 -0.000548174 0 0.000386026 -0.000544589 0 0.000394394 -0.000540472 0 0.00304239 1.06592e-05 0 0.00294501 1.33725e-05 0 0.00284946 1.50871e-05 0 0.00275617 1.60853e-05 0 0.00266546 1.65675e-05 0 0.00257754 1.66772e-05 0 0.00249257 1.6518e-05 0 0.00241068 1.61647e-05 0 0.00233197 1.5672e-05 0 0.00225649 1.50798e-05 0 0.00218432 1.44173e-05 0 0.00211552 1.37062e-05 0 0.00205011 1.29624e-05 0 0.00198817 1.21984e-05 0 0.00192972 1.1424e-05 0 0.00187482 1.06476e-05 0 0.0018235 9.87674e-06 0 0.00177581 9.11927e-06 0 0.00173178 8.38349e-06 0 0.00169144 7.67885e-06 0 0.0016548 7.01637e-06 0 0.00162186 6.40901e-06 0 0.0015926 5.87207e-06 0 0.00156696 5.42348e-06 0 0.00154485 5.08408e-06 0 0.00152615 4.87769e-06 0 0.00151067 4.83112e-06 0 0.00149817 4.97379e-06 0 0.00148834 5.33703e-06 0 0.00148082 5.95277e-06 0 0.00147518 6.8515e-06 0 0.00147093 8.05941e-06 0 0.00146758 9.59444e-06 0 0.0014646 1.14616e-05 0 0.00146154 1.36473e-05 0 0.00145801 1.61141e-05 0 0.00145378 1.87964e-05 0 0.00144881 2.15974e-05 0 0.000873549 -0.000657524 0 0.000852703 -0.000647701 0 0.000831271 -0.000638417 0 0.00080918 -0.000629442 0 0.00078647 -0.000620634 0 0.000763249 -0.000611917 0 0.000739662 -0.000603272 0 0.00071587 -0.000594717 0 0.000692035 -0.000586297 0 0.000668315 -0.000578077 0 0.000644858 -0.000570129 0 0.0006218 -0.000562531 0 0.000599266 -0.000555362 0 0.000577373 -0.000548696 0 0.000556227 -0.000542606 0 0.000535929 -0.000537155 0 0.000516576 -0.000532398 0 0.000498259 -0.000528382 0 0.000481069 -0.000525141 0 0.000465097 -0.000522698 0 0.000450433 -0.00052106 0 0.000437168 -0.000520218 0 0.000425392 -0.000520143 0 0.000415196 -0.000520788 0 0.000406666 -0.00052208 0 0.000399883 -0.000523924 0 0.000394918 -0.000526198 0 0.000391823 -0.000528756 0 0.00039063 -0.000531431 0 0.000391338 -0.000534037 0 0.000393905 -0.00053638 0 0.000398242 -0.000538272 0 0.000404203 -0.000539536 0 0.00041158 -0.000540035 0 0.000420101 -0.000539682 0 0.000429434 -0.000538459 0 0.000439194 -0.000536429 0 0.000448958 -0.000533741 0 0.00304438 0 0 0.00294692 0 0 0.00285129 0 0 0.00275792 0 0 0.00266713 0 0 0.00257915 0 0 0.00249414 0 0 0.00241222 0 0 0.00233349 0 0 0.002258 0 0 0.00218583 0 0 0.00211703 0 0 0.00205164 0 0 0.00198971 0 0 0.00193129 0 0 0.00187642 0 0 0.00182514 0 0 0.00177748 0 0 0.00173349 0 0 0.00169319 0 0 0.00165659 0 0 0.00162369 0 0 0.00159446 0 0 0.00156885 0 0 0.00154677 0 0 0.00152809 0 0 0.00151262 0 0 0.00150012 0 0 0.00149028 0 0 0.00148273 0 0 0.00147704 0 0 0.00147274 0 0 0.0014693 0 0 0.00146623 0 0 0.00146305 0 0 0.0014594 0 0 0.00145504 0 0 0.00144993 0 0 0.000997803 -0.000625915 0 0.000970649 -0.000616278 0 0.000943828 -0.000607308 0 0.000917045 -0.000598761 0 0.000890162 -0.000590461 0 0.000863147 -0.000582296 0 0.000836041 -0.00057421 0 0.000808929 -0.000566192 0 0.000781923 -0.000558262 0 0.000755145 -0.000550469 0 0.000728722 -0.000542875 0 0.000702779 -0.000535557 0 0.000677435 -0.000528593 0 0.000652807 -0.000522065 0 0.000629003 -0.000516053 0 0.000606128 -0.000510632 0 0.000584283 -0.000505873 0 0.000563568 -0.000501838 0 0.000544081 -0.000498579 0 0.00052592 -0.000496137 0 0.000509185 -0.000494541 0 0.000493976 -0.000493801 0 0.000480398 -0.000493911 0 0.000468552 -0.000494845 0 0.00045854 -0.000496552 0 0.00045046 -0.000498954 0 0.0004444 -0.000501946 0 0.000440432 -0.000505396 0 0.000438606 -0.000509141 0 0.000438939 -0.000512997 0 0.000441405 -0.000516762 0 0.000445924 -0.000520225 0 0.000452349 -0.000523186 0 0.000460463 -0.000525466 0 0.000469971 -0.000526933 0 0.000480501 -0.000527517 0 0.000491614 -0.000527228 0 0.000502817 -0.000526163 0 0.00304239 -1.06592e-05 0 0.00294501 -1.33725e-05 0 0.00284946 -1.50871e-05 0 0.00275617 -1.60853e-05 0 0.00266546 -1.65675e-05 0 0.00257754 -1.66772e-05 0 0.00249257 -1.6518e-05 0 0.00241068 -1.61647e-05 0 0.00233197 -1.5672e-05 0 0.00225649 -1.50798e-05 0 0.00218432 -1.44173e-05 0 0.00211552 -1.37062e-05 0 0.00205011 -1.29624e-05 0 0.00198817 -1.21984e-05 0 0.00192972 -1.1424e-05 0 0.00187482 -1.06476e-05 0 0.0018235 -9.87674e-06 0 0.00177581 -9.11927e-06 0 0.00173178 -8.38349e-06 0 0.00169144 -7.67885e-06 0 0.0016548 -7.01637e-06 0 0.00162186 -6.40901e-06 0 0.0015926 -5.87207e-06 0 0.00156696 -5.42348e-06 0 0.00154485 -5.08408e-06 0 0.00152615 -4.87769e-06 0 0.00151067 -4.83112e-06 0 0.00149817 -4.97379e-06 0 0.00148834 -5.33703e-06 0 0.00148082 -5.95277e-06 0 0.00147518 -6.8515e-06 0 0.00147093 -8.05941e-06 0 0.00146758 -9.59444e-06 0 0.0014646 -1.14616e-05 0 0.00146154 -1.36473e-05 0 0.00145801 -1.61141e-05 0 0.00145378 -1.87964e-05 0 0.00144881 -2.15974e-05 0 0.00112345 -0.000596821 0 0.00108984 -0.000587109 0 0.00105741 -0.000578169 0 0.00102571 -0.000569765 0 0.000994459 -0.00056171 0 0.00096349 -0.000553863 0 0.000932746 -0.000546137 0 0.000902235 -0.000538488 0 0.000872008 -0.000530912 0 0.000842149 -0.000523435 0 0.000812755 -0.000516105 0 0.000783935 -0.000508987 0 0.000755799 -0.000502158 0 0.000728456 -0.0004957 0 0.000702015 -0.000489698 0 0.000676584 -0.000484237 0 0.000652267 -0.000479397 0 0.000629167 -0.000475256 0 0.00060739 -0.000471881 0 0.00058704 -0.000469332 0 0.000568224 -0.000467659 0 0.000551053 -0.000466893 0 0.000535639 -0.000467053 0 0.000522099 -0.000468134 0 0.000510547 -0.00047011 0 0.000501098 -0.000472928 0 0.000493858 -0.000476504 0 0.00048892 -0.000480723 0 0.000486354 -0.000485436 0 0.000486201 -0.000490465 0 0.000488452 -0.000495604 0 0.000493042 -0.00050063 0 0.000499835 -0.000505317 0 0.000508607 -0.00050945 0 0.000519047 -0.000512849 0 0.000530748 -0.000515386 0 0.000543216 -0.00051701 0 0.000555889 -0.000517754 0 0.00303649 -2.18048e-05 0 0.00293935 -2.70889e-05 0 0.00284405 -3.04314e-05 0 0.00275099 -3.23759e-05 0 0.00266048 -3.33102e-05 0 0.00257272 -3.35132e-05 0 0.00248789 -3.3187e-05 0 0.00240609 -3.24782e-05 0 0.00232744 -3.14942e-05 0 0.002252 -3.03133e-05 0 0.00217984 -2.89932e-05 0 0.00211101 -2.75766e-05 0 0.00204557 -2.60953e-05 0 0.00198356 -2.45737e-05 0 0.00192504 -2.30311e-05 0 0.00187005 -2.14842e-05 0 0.00181863 -1.99481e-05 0 0.00177083 -1.84381e-05 0 0.00172669 -1.69706e-05 0 0.00168623 -1.55645e-05 0 0.00164947 -1.42415e-05 0 0.00161642 -1.30274e-05 0 0.00158705 -1.19525e-05 0 0.00156131 -1.10526e-05 0 0.00153912 -1.0369e-05 0 0.00152036 -9.94919e-06 0 0.00150485 -9.84655e-06 0 0.00149235 -1.01198e-05 0 0.00148256 -1.08316e-05 0 0.00147512 -1.20457e-05 0 0.0014696 -1.38235e-05 0 0.00146554 -1.62176e-05 0 0.00146241 -1.92645e-05 0 0.00145972 -2.2975e-05 0 0.00145699 -2.7323e-05 0 0.00145384 -3.22347e-05 0 0.00145002 -3.75795e-05 0 0.00144546 -4.3165e-05 0 0.00124963 -0.000570585 0 0.00120963 -0.000560602 0 0.00117154 -0.000551459 0 0.00113481 -0.000542954 0 0.00109905 -0.0005349 0 0.001064 -0.000527145 0 0.00102952 -0.000519578 0 0.000995535 -0.000512127 0 0.00096204 -0.00050476 0 0.000929073 -0.000497479 0 0.000896702 -0.000490312 0 0.00086501 -0.000483312 0 0.000834096 -0.000476545 0 0.000804061 -0.000470089 0 0.00077501 -0.000464031 0 0.00074705 -0.00045846 0 0.000720286 -0.000453465 0 0.000694826 -0.000449134 0 0.000670779 -0.00044555 0 0.000648254 -0.00044279 0 0.000627365 -0.000440921 0 0.000608231 -0.000439998 0 0.000590972 -0.000440064 0 0.000575716 -0.000441139 0 0.000562589 -0.000443224 0 0.000551722 -0.000446292 0 0.000543238 -0.000450287 0 0.000537252 -0.000455118 0 0.000533858 -0.000460655 0 0.000533117 -0.000466734 0 0.000535046 -0.000473154 0 0.000539601 -0.000479686 0 0.000546659 -0.000486084 0 0.000556 -0.0004921 0 0.000567302 -0.000497505 0 0.000580128 -0.000502113 0 0.000593936 -0.000505803 0 0.000608091 -0.000508534 0 0.00302687 -3.38987e-05 0 0.0029301 -4.1477e-05 0 0.00283519 -4.62786e-05 0 0.0027425 -4.90678e-05 0 0.00265231 -5.03949e-05 0 0.00256483 -5.06589e-05 0 0.0024802 -5.01502e-05 0 0.00239856 -4.90814e-05 0 0.00232001 -4.76083e-05 0 0.00224462 -4.58454e-05 0 0.00217246 -4.38774e-05 0 0.0021036 -4.17666e-05 0 0.0020381 -3.956e-05 0 0.00197599 -3.72932e-05 0 0.00191735 -3.4995e-05 0 0.00186221 -3.26896e-05 0 0.00181063 -3.03992e-05 0 0.00176265 -2.81465e-05 0 0.00171832 -2.59558e-05 0 0.00167766 -2.38546e-05 0 0.00164071 -2.18754e-05 0 0.00160746 -2.00561e-05 0 0.00157791 -1.84418e-05 0 0.00155201 -1.70855e-05 0 0.00152968 -1.60487e-05 0 0.00151082 -1.54021e-05 0 0.00149524 -1.52252e-05 0 0.00148273 -1.56057e-05 0 0.00147299 -1.66374e-05 0 0.00146568 -1.84163e-05 0 0.00146037 -2.10345e-05 0 0.00145659 -2.45722e-05 0 0.00145385 -2.90855e-05 0 0.00145163 -3.45924e-05 0 0.00144945 -4.10562e-05 0 0.00144691 -4.83688e-05 0 0.00144376 -5.63367e-05 0 0.00143988 -6.46732e-05 0 0.00137556 -0.000547254 0 0.00132942 -0.000536887 0 0.00128574 -0.000527383 0 0.00124396 -0.000518587 0 0.00120363 -0.000510335 0 0.00116443 -0.000502476 0 0.00112613 -0.000494883 0 0.0010886 -0.000487466 0 0.00105179 -0.000480166 0 0.00101569 -0.00047296 0 0.000980326 -0.000465858 0 0.000945764 -0.00045889 0 0.000912084 -0.000452113 0 0.000879376 -0.000445597 0 0.00084774 -0.000439422 0 0.000817279 -0.00043368 0 0.000788099 -0.000428464 0 0.00076031 -0.00042387 0 0.000734021 -0.000419994 0 0.000709348 -0.000416925 0 0.000686409 -0.000414751 0 0.000665328 -0.000413547 0 0.000646233 -0.000413378 0 0.000629259 -0.000414292 0 0.000614545 -0.000416318 0 0.000602235 -0.00041946 0 0.000592469 -0.000423692 0 0.00058538 -0.000428951 0 0.000581086 -0.000435138 0 0.000579674 -0.000442108 0 0.000581186 -0.000449674 0 0.000585604 -0.000457609 0 0.000592823 -0.000465657 0 0.000602637 -0.000473542 0 0.000614717 -0.000480991 0 0.000628606 -0.000487756 0 0.000643716 -0.000493642 0 0.000659343 -0.000498522 0 0.00301384 -4.7355e-05 0 0.00291754 -5.6834e-05 0 0.00282314 -6.28522e-05 0 0.00273094 -6.63391e-05 0 0.00264117 -6.79728e-05 0 0.00255404 -6.825e-05 0 0.00246969 -6.75358e-05 0 0.00238825 -6.60996e-05 0 0.00230982 -6.41403e-05 0 0.0022345 -6.18051e-05 0 0.00216236 -5.92028e-05 0 0.00209345 -5.64143e-05 0 0.00202785 -5.35002e-05 0 0.00196562 -5.05069e-05 0 0.0019068 -4.74715e-05 0 0.00185146 -4.44253e-05 0 0.00179966 -4.13973e-05 0 0.00175143 -3.84169e-05 0 0.00170683 -3.55156e-05 0 0.0016659 -3.27296e-05 0 0.00162867 -3.0101e-05 0 0.00159515 -2.76796e-05 0 0.00156534 -2.55247e-05 0 0.0015392 -2.37058e-05 0 0.00151668 -2.23037e-05 0 0.00149765 -2.14118e-05 0 0.00148198 -2.11352e-05 0 0.00146944 -2.15902e-05 0 0.00145976 -2.29011e-05 0 0.0014526 -2.51962e-05 0 0.00144756 -2.85993e-05 0 0.00144417 -3.32185e-05 0 0.00144194 -3.91315e-05 0 0.00144036 -4.63657e-05 0 0.00143893 -5.48764e-05 0 0.00143724 -6.45242e-05 0 0.00143501 -7.50556e-05 0 0.00143208 -8.60923e-05 0 0.00150059 -0.00052665 0 0.00144868 -0.000515873 0 0.00139961 -0.000505929 0 0.00135285 -0.000496725 0 0.00130794 -0.000488131 0 0.00126453 -0.000480013 0 0.00122236 -0.000472242 0 0.00118124 -0.000464714 0 0.00114107 -0.000457351 0 0.0011018 -0.00045011 0 0.00106343 -0.000442976 0 0.00102599 -0.000435964 0 0.000989548 -0.00042911 0 0.000954182 -0.000422474 0 0.000919982 -0.000416131 0 0.000887047 -0.000410166 0 0.000855481 -0.000404675 0 0.000825394 -0.000399759 0 0.000796898 -0.00039552 0 0.000770111 -0.000392063 0 0.000745153 -0.000389488 0 0.000722154 -0.00038789 0 0.000701246 -0.000387357 0 0.000682573 -0.000387964 0 0.000666281 -0.000389768 0 0.000652525 -0.000392806 0 0.00064146 -0.000397084 0 0.000633238 -0.000402577 0 0.000627996 -0.000409217 0 0.000625848 -0.00041689 0 0.000626864 -0.000425432 0 0.000631052 -0.00043463 0 0.000638333 -0.000444225 0 0.000648517 -0.000453922 0 0.00066128 -0.00046341 0 0.000676151 -0.000472383 0 0.000692503 -0.000480566 0 0.000709564 -0.000487741 0 0.00299781 -6.25217e-05 0 0.00290205 -7.34142e-05 0 0.00280823 -8.03448e-05 0 0.00271659 -8.43432e-05 0 0.00262732 -8.61728e-05 0 0.0025406 -8.64012e-05 0 0.00245658 -8.54508e-05 0 0.00237538 -8.3637e-05 0 0.00229711 -8.11946e-05 0 0.00222187 -7.82987e-05 0 0.00214973 -7.50795e-05 0 0.00208076 -7.16342e-05 0 0.00201505 -6.80356e-05 0 0.00195265 -6.43397e-05 0 0.00189361 -6.05911e-05 0 0.00183802 -5.68276e-05 0 0.00178592 -5.30842e-05 0 0.00173737 -4.93961e-05 0 0.00169244 -4.58018e-05 0 0.00165115 -4.2345e-05 0 0.00161357 -3.90773e-05 0 0.00157969 -3.60595e-05 0 0.00154955 -3.3364e-05 0 0.0015231 -3.1076e-05 0 0.00150031 -2.92953e-05 0 0.00148107 -2.81365e-05 0 0.00146525 -2.77296e-05 0 0.00145266 -2.82186e-05 0 0.00144303 -2.97584e-05 0 0.00143604 -3.25092e-05 0 0.00143131 -3.66267e-05 0 0.00142839 -4.22485e-05 0 0.00142678 -4.94755e-05 0 0.00142598 -5.83472e-05 0 0.00142549 -6.88144e-05 0 0.00142487 -8.07102e-05 0 0.00142379 -9.37251e-05 0 0.00142208 -0.000107393 0 0.00162425 -0.000508428 0 0.001567 -0.000497299 0 0.0015128 -0.000486921 0 0.00146118 -0.000477266 0 0.00141175 -0.000468253 0 0.00136413 -0.000459773 0 0.00131805 -0.00045171 0 0.0012733 -0.000443955 0 0.00122972 -0.000436422 0 0.00118725 -0.000429048 0 0.00114584 -0.000421799 0 0.00110552 -0.00041467 0 0.00106631 -0.000407681 0 0.00102829 -0.000400877 0 0.000991544 -0.000394322 0 0.000956156 -0.000388094 0 0.000922231 -0.000382287 0 0.000889877 -0.000377003 0 0.000859208 -0.000372349 0 0.000830342 -0.000368439 0 0.000803403 -0.000365385 0 0.000778522 -0.0003633 0 0.000755837 -0.000362292 0 0.000735495 -0.00036246 0 0.000717651 -0.000363891 0 0.000702466 -0.000366654 0 0.000690108 -0.000370793 0 0.000680743 -0.00037632 0 0.00067453 -0.000383206 0 0.000671603 -0.000391376 0 0.000672061 -0.000400699 0 0.00067594 -0.000410985 0 0.000683189 -0.000421985 0 0.000693641 -0.000433397 0 0.000706984 -0.00044488 0 0.000722738 -0.000456072 0 0.000740247 -0.000466622 0 0.00075868 -0.000476212 0 0.00297927 -7.96674e-05 0 0.00288406 -9.14192e-05 0 0.00279085 -9.89114e-05 0 0.00269981 -0.000103203 0 0.00261108 -0.000105098 0 0.00252481 -0.000105202 0 0.00244115 -0.000103978 0 0.00236021 -0.000101773 0 0.00228211 -9.88493e-05 0 0.00220695 -9.54056e-05 0 0.00213482 -9.15895e-05 0 0.00206578 -8.7512e-05 0 0.00199993 -8.32564e-05 0 0.00193732 -7.88869e-05 0 0.00187803 -7.44544e-05 0 0.00182213 -7.00024e-05 0 0.00176968 -6.55708e-05 0 0.00172075 -6.12003e-05 0 0.0016754 -5.69353e-05 0 0.00163369 -5.28265e-05 0 0.00159567 -4.89338e-05 0 0.00156136 -4.53284e-05 0 0.0015308 -4.20948e-05 0 0.00150396 -3.93331e-05 0 0.00148082 -3.71604e-05 0 0.0014613 -3.5712e-05 0 0.00144528 -3.51415e-05 0 0.00143259 -3.56196e-05 0 0.00142298 -3.73312e-05 0 0.00141617 -4.04678e-05 0 0.00141177 -4.52177e-05 0 0.00140937 -5.1749e-05 0 0.00140848 -6.01877e-05 0 0.00140858 -7.05884e-05 0 0.00140919 -8.29016e-05 0 0.00140983 -9.69374e-05 0 0.00141014 -0.000112335 0 0.00140989 -0.000128544 0 0.00174618 -0.000492135 0 0.00168406 -0.000480791 0 0.00162503 -0.000470062 0 0.00156874 -0.000459989 0 0.00151486 -0.000450544 0 0.00146307 -0.000441657 0 0.00141307 -0.000433234 0 0.00136464 -0.000425175 0 0.00131763 -0.000417389 0 0.00127192 -0.000409804 0 0.00122745 -0.00040237 0 0.00118422 -0.000395064 0 0.00114224 -0.000387891 0 0.00110157 -0.000380878 0 0.00106227 -0.000374077 0 0.00102444 -0.000367557 0 0.000988179 -0.000361406 0 0.000953584 -0.000355723 0 0.000920771 -0.000350618 0 0.000889861 -0.000346209 0 0.000860979 -0.000342619 0 0.000834257 -0.000339974 0 0.000809836 -0.000338399 0 0.000787866 -0.000338018 0 0.000768507 -0.000338944 0 0.000751926 -0.000341278 0 0.000738298 -0.000345103 0 0.000727804 -0.00035047 0 0.000720615 -0.000357396 0 0.000716889 -0.000365849 0 0.000716747 -0.000375739 0 0.000720254 -0.000386913 0 0.000727389 -0.000399144 0 0.000738009 -0.000412136 0 0.000751821 -0.000425527 0 0.000768345 -0.000438913 0 0.000786902 -0.000451864 0 0.000806612 -0.000463959 0 0.00295876 -9.89724e-05 0 0.00286406 -0.000110992 0 0.00277145 -0.000118665 0 0.002681 -0.00012301 0 0.00259281 -0.000124822 0 0.002507 -0.000124717 0 0.00242371 -0.000123173 0 0.00234304 -0.000120559 0 0.00226512 -0.000117155 0 0.00219004 -0.000113176 0 0.0021179 -0.000108785 0 0.00204877 -0.000104103 0 0.00198275 -9.92212e-05 0 0.00191991 -9.42111e-05 0 0.00186033 -8.91287e-05 0 0.00180407 -8.40217e-05 0 0.00175122 -7.89344e-05 0 0.00170185 -7.39117e-05 0 0.00165602 -6.90032e-05 0 0.00161381 -6.42659e-05 0 0.00157527 -5.97669e-05 0 0.00154045 -5.55868e-05 0 0.00150938 -5.18213e-05 0 0.00148207 -4.85842e-05 0 0.0014585 -4.60086e-05 0 0.00143862 -4.42489e-05 0 0.00142233 -4.34813e-05 0 0.00140948 -4.3902e-05 0 0.00139985 -4.57245e-05 0 0.00139319 -4.91716e-05 0 0.00138913 -5.44637e-05 0 0.00138727 -6.18005e-05 0 0.00138715 -7.1335e-05 0 0.00138827 -8.31404e-05 0 0.00139011 -9.71705e-05 0 0.00139218 -0.000113218 0 0.00139409 -0.000130877 0 0.00139552 -0.000149517 0 0.00186618 -0.000477256 0 0.00179965 -0.000465902 0 0.0017361 -0.000454977 0 0.00167535 -0.000444588 0 0.00161715 -0.000434765 0 0.00156122 -0.000425483 0 0.00150731 -0.00041668 0 0.0014552 -0.000408276 0 0.00140471 -0.000400186 0 0.00135573 -0.000392335 0 0.00130817 -0.000384664 0 0.001262 -0.000377135 0 0.00121723 -0.000369738 0 0.00117389 -0.000362486 0 0.00113205 -0.000355415 0 0.00109179 -0.000348585 0 0.00105319 -0.000342073 0 0.00101637 -0.000335974 0 0.00098144 -0.000330397 0 0.000948515 -0.000325462 0 0.000917723 -0.000321297 0 0.000889199 -0.000318041 0 0.000863085 -0.000315832 0 0.000839532 -0.000314814 0 0.000818703 -0.000315125 0 0.000800768 -0.000316898 0 0.00078591 -0.000320251 0 0.000774315 -0.000325279 0 0.000766167 -0.000332045 0 0.000761641 -0.000340567 0 0.000760878 -0.000350805 0 0.000763968 -0.000362651 0 0.000770919 -0.000375914 0 0.000781614 -0.000390316 0 0.000795781 -0.000405493 0 0.00081295 -0.000421003 0 0.000832427 -0.000436349 0 0.00085329 -0.000451005 0 0.00293684 -0.000120526 0 0.00284257 -0.000132213 0 0.0027505 -0.000139674 0 0.00266059 -0.000143821 0 0.00257291 -0.000145392 0 0.00248753 -0.000144983 0 0.00240459 -0.000143067 0 0.00232418 -0.000140021 0 0.00224642 -0.000136134 0 0.00217142 -0.000131633 0 0.00209925 -0.000126688 0 0.00203003 -0.00012143 0 0.00196382 -0.000115956 0 0.00190072 -0.000110342 0 0.0018408 -0.000104647 0 0.00178415 -9.89233e-05 0 0.00173085 -9.32171e-05 0 0.00168097 -8.75773e-05 0 0.0016346 -8.20574e-05 0 0.00159182 -7.67197e-05 0 0.00155269 -7.16381e-05 0 0.00151727 -6.6901e-05 0 0.00148561 -6.26145e-05 0 0.00145774 -5.89044e-05 0 0.00143366 -5.59188e-05 0 0.00141334 -5.38298e-05 0 0.00139669 -5.28341e-05 0 0.00138361 -5.31521e-05 0 0.0013739 -5.50246e-05 0 0.00136733 -5.87045e-05 0 0.00136358 -6.44444e-05 0 0.00136228 -7.24756e-05 0 0.00136297 -8.298e-05 0 0.00136516 -9.6052e-05 0 0.00136834 -0.000111654 0 0.00137199 -0.000129566 0 0.00137567 -0.000149343 0 0.001379 -0.000170283 0 0.00198416 -0.000463258 0 0.00191364 -0.000452148 0 0.0018459 -0.000441242 0 0.0017809 -0.000430702 0 0.0017185 -0.000420615 0 0.00165851 -0.000411006 0 0.00160071 -0.000401854 0 0.00154491 -0.000393105 0 0.00149092 -0.000384693 0 0.00143863 -0.000376547 0 0.00138794 -0.000368605 0 0.0013388 -0.000360822 0 0.00129121 -0.000353175 0 0.00124519 -0.000345662 0 0.00120079 -0.000338306 0 0.00115809 -0.000331155 0 0.00111717 -0.000324276 0 0.00107813 -0.000317757 0 0.0010411 -0.000311701 0 0.00100618 -0.000306228 0 0.000973504 -0.000301471 0 0.000943212 -0.000297572 0 0.000915444 -0.000294684 0 0.000890353 -0.000292965 0 0.000868101 -0.000292577 0 0.000848863 -0.00029368 0 0.000832821 -0.000296428 0 0.000820167 -0.000300957 0 0.000811093 -0.000307379 0 0.000805784 -0.000315765 0 0.000804397 -0.000326131 0 0.000807044 -0.000338425 0 0.000813756 -0.000352502 0 0.000824442 -0.000368119 0 0.000838853 -0.000384922 0 0.000856531 -0.000402449 0 0.000876778 -0.000420142 0 0.000898639 -0.000437375 0 0.00291408 -0.000144326 0 0.00282012 -0.000155103 0 0.00272847 -0.000161966 0 0.00263901 -0.000165659 0 0.00255176 -0.000166826 0 0.00246677 -0.000166011 0 0.00238413 -0.000163666 0 0.00230395 -0.00016016 0 0.00222633 -0.000155785 0 0.00215138 -0.00015077 0 0.00207918 -0.000145293 0 0.00200983 -0.000139489 0 0.00194342 -0.000133457 0 0.00188003 -0.000127278 0 0.00181975 -0.000121012 0 0.00176266 -0.000114712 0 0.00170886 -0.000108427 0 0.00165843 -0.00010221 0 0.00161147 -9.61149e-05 0 0.00156804 -9.02099e-05 0 0.00152825 -8.45741e-05 0 0.00149216 -7.9303e-05 0 0.00145983 -7.45116e-05 0 0.00143131 -7.03366e-05 0 0.00140663 -6.69394e-05 0 0.00138576 -6.4508e-05 0 0.00136867 -6.3258e-05 0 0.00135527 -6.34322e-05 0 0.0013454 -6.52968e-05 0 0.00133886 -6.91334e-05 0 0.00133538 -7.52258e-05 0 0.00133459 -8.3837e-05 0 0.00133609 -9.51789e-05 0 0.00133939 -0.00010937 0 0.00134398 -0.000126384 0 0.00134934 -0.000145995 0 0.00135495 -0.000167726 0 0.00136036 -0.00019081 0 0.00210018 -0.000449615 0 0.00202601 -0.000439042 0 0.00195435 -0.000428415 0 0.0018853 -0.000417942 0 0.00181885 -0.00040776 0 0.00175488 -0.000397944 0 0.00169323 -0.00038852 0 0.00163374 -0.000379469 0 0.00157624 -0.00037075 0 0.00152061 -0.000362306 0 0.00146675 -0.000354082 0 0.00141461 -0.000346029 0 0.00136417 -0.000338115 0 0.00131543 -0.00033033 0 0.00126845 -0.000322684 0 0.00122329 -0.00031521 0 0.00118003 -0.000307967 0 0.00113878 -0.000301032 0 0.00109965 -0.000294503 0 0.00106275 -0.000288496 0 0.00102821 -0.000283142 0 0.000996179 -0.000278589 0 0.000966791 -0.000274998 0 0.000940202 -0.000272538 0 0.000916575 -0.000271392 0 0.000896083 -0.000271743 0 0.00087891 -0.000273778 0 0.000865247 -0.000277673 0 0.000855292 -0.000283587 0 0.000849232 -0.000291647 0 0.000847238 -0.000301932 0 0.000849432 -0.000314448 0 0.000855865 -0.000329112 0 0.000866471 -0.000345727 0 0.000881018 -0.000363967 0 0.000899065 -0.000383363 0 0.000919914 -0.000403312 0 0.000942592 -0.000423095 0 0.00289105 -0.000170282 0 0.00279723 -0.000179619 0 0.00270584 -0.000185524 0 0.0026167 -0.000188521 0 0.00252976 -0.000189121 0 0.00244506 -0.000187794 0 0.00236267 -0.000184956 0 0.00228266 -0.000180956 0 0.00220515 -0.000176081 0 0.00213022 -0.00017056 0 0.00205796 -0.00016457 0 0.00198847 -0.000158247 0 0.00192183 -0.000151693 0 0.00185813 -0.000144988 0 0.00179746 -0.000138193 0 0.00173992 -0.000131361 0 0.00168558 -0.000124543 0 0.00163455 -0.000117789 0 0.00158693 -0.000111161 0 0.00154282 -0.000104726 0 0.00150229 -9.8569e-05 0 0.00146545 -9.27921e-05 0 0.00143237 -8.75176e-05 0 0.00140312 -8.28918e-05 0 0.00137773 -7.90878e-05 0 0.00135623 -7.63077e-05 0 0.0013386 -7.47842e-05 0 0.00132477 -7.47799e-05 0 0.00131465 -7.65846e-05 0 0.00130806 -8.05066e-05 0 0.00130475 -8.68592e-05 0 0.00130443 -9.59367e-05 0 0.0013067 -0.000107981 0 0.00131112 -0.000123136 0 0.00131717 -0.000141391 0 0.0013243 -0.000162521 0 0.00133196 -0.000186021 0 0.00133963 -0.00021107 0 0.00221436 -0.000435844 0 0.0021368 -0.000426111 0 0.00206145 -0.000416058 0 0.00198855 -0.000405911 0 0.00191817 -0.000395849 0 0.00185031 -0.000385995 0 0.00178485 -0.000376419 0 0.00172167 -0.000367147 0 0.00166065 -0.00035817 0 0.00160165 -0.000349454 0 0.00154459 -0.000340956 0 0.00148941 -0.000332634 0 0.00143608 -0.000324452 0 0.0013846 -0.000316393 0 0.001335 -0.000308457 0 0.00128736 -0.000300667 0 0.00124175 -0.00029307 0 0.00119827 -0.000285732 0 0.00115703 -0.000278744 0 0.00111815 -0.000272216 0 0.00108177 -0.000266278 0 0.00104801 -0.000261076 0 0.00101703 -0.000256776 0 0.000988974 -0.000253558 0 0.000964012 -0.000251618 0 0.000942314 -0.000251161 0 0.000924062 -0.000252401 0 0.000909446 -0.000255553 0 0.000898661 -0.000260821 0 0.000891895 -0.000268388 0 0.000889321 -0.000278395 0 0.00089107 -0.000290916 0 0.000897202 -0.000305937 0 0.000907666 -0.00032332 0 0.000922248 -0.000342781 0 0.000940522 -0.000363863 0 0.000961794 -0.000385934 0 0.00098508 -0.000408189 0 0.00286825 -0.000198214 0 0.00277439 -0.000205664 0 0.00268308 -0.000210298 0 0.00259408 -0.000212376 0 0.00250731 -0.000212252 0 0.00242278 -0.000210308 0 0.00234052 -0.000206907 0 0.00226062 -0.000202374 0 0.00218316 -0.000196983 0 0.00210821 -0.000190956 0 0.00203587 -0.000184468 0 0.00196621 -0.000177652 0 0.00189933 -0.00017061 0 0.0018353 -0.000163419 0 0.00177422 -0.000156138 0 0.00171618 -0.00014882 0 0.00166128 -0.000141513 0 0.00160962 -0.00013427 0 0.00156131 -0.000127151 0 0.00151644 -0.000120227 0 0.00147513 -0.000113587 0 0.00143747 -0.000107338 0 0.00140356 -0.000101607 0 0.00137348 -9.65512e-05 0 0.0013473 -9.23523e-05 0 0.00132507 -8.9225e-05 0 0.00130679 -8.74167e-05 0 0.00129244 -8.72078e-05 0 0.00128195 -8.8909e-05 0 0.00127519 -9.28528e-05 0 0.00127198 -9.93798e-05 0 0.00127203 -0.000108814 0 0.00127502 -0.000121426 0 0.00128052 -0.000137387 0 0.00128802 -0.000156705 0 0.00129697 -0.000179158 0 0.00130678 -0.000204223 0 0.00131683 -0.000231031 0 0.00232695 -0.000421535 0 0.00224613 -0.00041293 0 0.00216725 -0.000403753 0 0.00209063 -0.00039422 0 0.00201646 -0.00038453 0 0.00194478 -0.000374844 0 0.00187556 -0.000365279 0 0.00180873 -0.000355905 0 0.00174416 -0.000346751 0 0.00168178 -0.000337815 0 0.00162148 -0.000329076 0 0.00156322 -0.000320501 0 0.00150695 -0.000312062 0 0.00145269 -0.000303737 0 0.00140045 -0.00029552 0 0.00135029 -0.000287426 0 0.0013023 -0.000279489 0 0.00125657 -0.000271768 0 0.00121321 -0.000264344 0 0.00117235 -0.000257319 0 0.00113411 -0.000250817 0 0.00109863 -0.000244984 0 0.00106607 -0.000239988 0 0.00103658 -0.000236012 0 0.00101032 -0.000233265 0 0.000987454 -0.000231968 0 0.000968173 -0.00023236 0 0.000952658 -0.000234687 0 0.000941097 -0.000239198 0 0.000933676 -0.000246129 0 0.000930562 -0.000255682 0 0.000931885 -0.000268004 0 0.000937708 -0.000283156 0 0.000947984 -0.00030107 0 0.00096251 -0.000321518 0 0.000980869 -0.000344071 0 0.00100237 -0.000368084 0 0.00102604 -0.000392684 0 0.00284613 -0.000227857 0 0.00275204 -0.000233089 0 0.0026606 -0.000236204 0 0.00257154 -0.000237172 0 0.00248476 -0.000236181 0 0.00240024 -0.000233514 0 0.00231801 -0.000229478 0 0.00223812 -0.000224367 0 0.00216063 -0.000218436 0 0.00208562 -0.000211898 0 0.00201315 -0.000204921 0 0.0019433 -0.000197635 0 0.00187615 -0.000190137 0 0.00181178 -0.000182497 0 0.00175028 -0.000174774 0 0.00169173 -0.000167015 0 0.00163625 -0.000159267 0 0.00158392 -0.000151581 0 0.00153487 -0.000144018 0 0.00148922 -0.00013665 0 0.00144706 -0.000129568 0 0.00140852 -0.000122883 0 0.00137371 -0.00011673 0 0.00134273 -0.00011127 0 0.00131567 -0.000106695 0 0.0012926 -0.00010323 0 0.00127356 -0.000101134 0 0.00125857 -0.000100705 0 0.0012476 -0.000102269 0 0.00124056 -0.000106181 0 0.00123731 -0.000112806 0 0.00123765 -0.000122493 0 0.00124126 -0.000135544 0 0.00124777 -0.000152154 0 0.00125669 -0.000172351 0 0.00126747 -0.000195919 0 0.00127947 -0.000222327 0 0.001292 -0.000250664 0 0.00243828 -0.000406386 0 0.00235419 -0.000399138 0 0.00227184 -0.000391124 0 0.00219161 -0.000382503 0 0.00211373 -0.000373462 0 0.00203832 -0.000364185 0 0.00196539 -0.000354827 0 0.00189491 -0.000345502 0 0.00182681 -0.000336284 0 0.00176101 -0.000327208 0 0.00169745 -0.00031828 0 0.00163606 -0.000309488 0 0.00157682 -0.000300815 0 0.00151972 -0.000292241 0 0.0014648 -0.000283759 0 0.00141209 -0.000275378 0 0.00136169 -0.000267122 0 0.00131368 -0.000259042 0 0.00126818 -0.000251208 0 0.00122531 -0.000243715 0 0.0011852 -0.000236681 0 0.00114801 -0.000230247 0 0.00111387 -0.000224577 0 0.00108295 -0.000219862 0 0.00105541 -0.000216313 0 0.00103142 -0.000214167 0 0.00101115 -0.00021368 0 0.000994783 -0.000215129 0 0.000982502 -0.0002188 0 0.00097448 -0.000224977 0 0.000970873 -0.000233925 0 0.0009718 -0.000245864 0 0.000977316 -0.000260931 0 0.00098737 -0.000279139 0 0.00100176 -0.000300326 0 0.00102007 -0.000324109 0 0.00104161 -0.000349844 0 0.0010654 -0.000376608 0 0.00282506 -0.000258858 0 0.00273056 -0.000261699 0 0.00263878 -0.000263131 0 0.00254945 -0.000262843 0 0.00246246 -0.000260859 0 0.00237778 -0.000257368 0 0.00229542 -0.000252621 0 0.00221542 -0.000246879 0 0.00213781 -0.000240377 0 0.00206267 -0.000233317 0 0.00199003 -0.000225856 0 0.00191996 -0.000218117 0 0.00185253 -0.000210189 0 0.0017878 -0.000202138 0 0.00172586 -0.000194013 0 0.0016668 -0.000185859 0 0.00161071 -0.000177717 0 0.0015577 -0.000169636 0 0.00150789 -0.000161676 0 0.00146141 -0.000153909 0 0.00141837 -0.000146429 0 0.0013789 -0.00013935 0 0.00134313 -0.00013281 0 0.00131117 -0.000126978 0 0.00128315 -0.000122053 0 0.00125914 -0.000118268 0 0.00123924 -0.000115893 0 0.00122349 -0.000115236 0 0.00121191 -0.000116642 0 0.00120445 -0.00012048 0 0.00120105 -0.000127137 0 0.00120152 -0.000136987 0 0.00120564 -0.000150353 0 0.00121306 -0.000167457 0 0.00122334 -0.000188347 0 0.00123592 -0.000212817 0 0.00125012 -0.000240326 0 0.00126519 -0.000269938 0 0.00254875 -0.000390246 0 0.00246121 -0.000384475 0 0.00237535 -0.000377859 0 0.00229154 -0.000370431 0 0.00221002 -0.000362325 0 0.00213093 -0.000353719 0 0.00205433 -0.000344792 0 0.00198024 -0.0003357 0 0.0019086 -0.000326558 0 0.00183939 -0.000317445 0 0.00177253 -0.000308403 0 0.00170798 -0.000299447 0 0.00164572 -0.000290576 0 0.00158574 -0.000281781 0 0.00152808 -0.000273058 0 0.00147278 -0.000264411 0 0.00141992 -0.000255861 0 0.0013696 -0.000247448 0 0.00132192 -0.000239236 0 0.00127702 -0.000231309 0 0.00123503 -0.000223778 0 0.0011961 -0.000216779 0 0.00116038 -0.000210472 0 0.00112804 -0.000205047 0 0.00109923 -0.000200719 0 0.00107413 -0.000197733 0 0.00105291 -0.000196362 0 0.00103573 -0.000196903 0 0.00102278 -0.000199677 0 0.00101421 -0.000205012 0 0.00101016 -0.000213232 0 0.00101073 -0.000224624 0 0.00101595 -0.000239406 0 0.00102576 -0.000257675 0 0.00103994 -0.000279347 0 0.00105806 -0.000304096 0 0.00107945 -0.000331296 0 0.00110311 -0.000359989 0 0.00280522 -0.000290781 0 0.00271023 -0.000291261 0 0.00261792 -0.000290949 0 0.00252811 -0.000289305 0 0.0024407 -0.000286226 0 0.00235567 -0.000281819 0 0.00227301 -0.000276285 0 0.00219276 -0.000269855 0 0.00211494 -0.000262745 0 0.00203958 -0.000255142 0 0.00196671 -0.000247194 0 0.00189639 -0.000239013 0 0.00182865 -0.000230678 0 0.00176356 -0.000222246 0 0.00170117 -0.000213759 0 0.00164158 -0.000205253 0 0.00158488 -0.000196763 0 0.00153118 -0.000188335 0 0.0014806 -0.000180025 0 0.00143326 -0.000171907 0 0.0013893 -0.000164074 0 0.00134885 -0.000156644 0 0.00131207 -0.000149758 0 0.00127907 -0.000143591 0 0.00125 -0.000138347 0 0.00122498 -0.000134266 0 0.00120412 -0.000131628 0 0.00118749 -0.000130749 0 0.00117517 -0.000131985 0 0.00116716 -0.000135721 0 0.00116344 -0.000142358 0 0.00116392 -0.000152289 0 0.0011684 -0.000165859 0 0.00117661 -0.00018331 0 0.00118813 -0.000204707 0 0.00120244 -0.000229857 0 0.00121882 -0.000258214 0 0.00123643 -0.00028882 0 0.00265879 -0.00037317 0 0.00256745 -0.000368821 0 0.00247795 -0.00036373 0 0.00239053 -0.00035773 0 0.00230539 -0.000350833 0 0.00222266 -0.00034317 0 0.00214244 -0.000334919 0 0.00206474 -0.000326266 0 0.00198958 -0.000317367 0 0.00191693 -0.000308346 0 0.00184675 -0.000299285 0 0.001779 -0.000290233 0 0.00171368 -0.000281214 0 0.00165078 -0.000272234 0 0.00159034 -0.000263299 0 0.00153239 -0.000254413 0 0.00147703 -0.000245596 0 0.00142435 -0.000236881 0 0.00137446 -0.000228323 0 0.00132749 -0.000219999 0 0.00128358 -0.000212012 0 0.0012429 -0.000204489 0 0.00120558 -0.000197588 0 0.00117181 -0.000191493 0 0.00114173 -0.000186421 0 0.00111554 -0.000182621 0 0.00109338 -0.000180378 0 0.00107543 -0.000180006 0 0.00106185 -0.000181852 0 0.00105278 -0.000186285 0 0.00104834 -0.000193678 0 0.00104859 -0.000204386 0 0.00105354 -0.000218702 0 0.00106309 -0.00023681 0 0.001077 -0.000258711 0 0.00109481 -0.000284147 0 0.00111584 -0.000312525 0 0.0011391 -0.000342858 0 0.0027866 -0.000323133 0 0.00269115 -0.000321525 0 0.00259824 -0.000319508 0 0.00250779 -0.000316463 0 0.00241977 -0.000312214 0 0.00233418 -0.000306811 0 0.00225104 -0.000300418 0 0.00217037 -0.000293239 0 0.0020922 -0.000285476 0 0.00201653 -0.000277302 0 0.00194337 -0.000268855 0 0.00187275 -0.000260236 0 0.00180468 -0.000251511 0 0.0017392 -0.000242726 0 0.00167637 -0.000233912 0 0.00161626 -0.000225094 0 0.00155895 -0.000216301 0 0.00150455 -0.000207571 0 0.00145318 -0.000198959 0 0.00140498 -0.000190536 0 0.00136007 -0.000182396 0 0.00131862 -0.000174658 0 0.00128078 -0.00016747 0 0.00124669 -0.000161007 0 0.00121651 -0.000155479 0 0.00119038 -0.000151134 0 0.00116846 -0.000148256 0 0.00115085 -0.00014717 0 0.00113766 -0.000148238 0 0.00112896 -0.000151855 0 0.00112478 -0.000158435 0 0.00112509 -0.000168381 0 0.00112977 -0.000182056 0 0.00113861 -0.000199714 0 0.00115125 -0.000221437 0 0.00116717 -0.00024704 0 0.00118565 -0.00027598 0 0.00120577 -0.000307277 0 0.00276877 -0.000355479 0 0.0026732 -0.000352238 0 0.00257982 -0.000348627 0 0.00248869 -0.000344195 0 0.0023999 -0.000338742 0 0.00231355 -0.000332286 0 0.00222973 -0.000324967 0 0.00214846 -0.000316979 0 0.00206978 -0.000308511 0 0.00199368 -0.000299731 0 0.00192015 -0.000290766 0 0.00184918 -0.000281703 0 0.00178075 -0.000272598 0 0.00171488 -0.000263481 0 0.0016516 -0.00025437 0 0.00159097 -0.000245277 0 0.00153306 -0.000236222 0 0.00147797 -0.000227236 0 0.00142581 -0.000218366 0 0.00137674 -0.000209683 0 0.00133088 -0.000201281 0 0.0012884 -0.000193281 0 0.00124946 -0.000185832 0 0.00121424 -0.000179115 0 0.00118289 -0.000173344 0 0.00115559 -0.00016877 0 0.00113252 -0.000165683 0 0.00111382 -0.000164412 0 0.00109964 -0.000165324 0 0.00109011 -0.00016882 0 0.00108531 -0.000175318 0 0.00108528 -0.000185229 0 0.00108999 -0.000198922 0 0.00109928 -0.000216661 0 0.00111286 -0.000238536 0 0.00113024 -0.000264365 0 0.00115072 -0.000293607 0 0.00117329 -0.000325265 0 
Thickness 1 6080 float
1 1 1 1 1 1 1 1 1 1 1 1 1 1 1 1 1 1 1 1 1 1 1 1 1 1 1 1 1 1 1 1 1 1 1 1 1 1 1 1 1 1 1 1 1 1 1 1 1 1 1 1 1 1 1 1 1 1 1 1 1 1 1 1 1 1 1 1 1 1 1 1 1 1 1 1 1 1 1 1 1 1 1 1 1 1 1 1 1 1 1 1 1 1 1 1 1 1 1 1 1 1 1 1 1 1 1 1 1 1 1 1 1 1 1 1 1 1 1 1 1 1 1 1 1 1 1 1 1 1 1 1 1 1 1 1 1 1 1 1 1 1 1 1 1 1 1 1 1 1 1 1 1 1 1 1 1 1 1 1 1 1 1 1 1 1 1 1 1 1 1 1 1 1 1 1 1 1 1 1 1 1 1 1 1 1 1 1 1 1 1 1 1 1 1 1 1 1 1 1 1 1 1 1 1 1 1 1 1 1 1 1 1 1 1 1 1 1 1 1 1 1 1 1 1 1 1 1 1 1 1 1 1 1 1 1 1 1 1 1 1 1 1 1 1 1 1 1 1 1 1 1 1 1 1 1 1 1 1 1 1 1 1 1 1 1 1 1 1 1 1 1 1 1 1 1 1 1 1 1 1 1 1 1 1 1 1 1 1 1 1 1 1 1 1 1 1 1 1 1 1 1 1 1 1 1 1 1 1 1 1 1 1 1 1 1 1 1 1 1 1 1 1 1 1 1 1 1 1 1 1 1 1 1 1 1 1 1 1 1 1 1 1 1 1 1 1 1 1 1 1 1 1 1 1 1 1 1 1 1 1 1 1 1 1 1 1 1 1 1 1 1 1 1 1 1 1 1 1 1 1 1 1 1 1 1 1 1 1 1 1 1 1 1 1 1 1 1 1 1 1 1 1 1 1 1 1 1 1 1 1 1 1 1 1 1 1 1 1 1 1 1 1 1 1 1 1 1 1 1 1 1 1 1 1 1 1 1 1 1 1 1 1 1 1 1 1 1 1 1 1 1 1 1 1 1 1 1 1 1 1 1 1 1 1 1 1 1 1 1 1 1 1 1 1 1 1 1 1 1 1 1 1 1 1 1 1 1 1 1 1 1 1 1 1 1 1 1 1 1 1 1 1 1 1 1 1 1 1 1 1 1 1 1 1 1 1 1 1 1 1 1 1 1 1 1 1 1 1 1 1 1 1 1 1 1 1 1 1 1 1 1 1 1 1 1 1 1 1 1 1 1 1 1 1 1 1 1 1 1 1 1 1 1 1 1 1 1 1 1 1 1 1 1 1 1 1 1 1 1 1 1 1 1 1 1 1 1 1 1 1 1 1 1 1 1 1 1 1 1 1 1 1 1 1 1 1 1 1 1 1 1 1 1 1 1 1 1 1 1 1 1 1 1 1 1 1 1 1 1 1 1 1 1 1 1 1 1 1 1 1 1 1 1 1 1 1 1 1 1 1 1 1 1 1 1 1 1 1 1 1 1 1 1 1 1 1 1 1 1 1 1 1 1 1 1 1 1 1 1 1 1 1 1 1 1 1 1 1 1 1 1 1 1 1 1 1 1 1 1 1 1 1 1 1 1 1 1 1 1 1 1 1 1 1 1 1 1 1 1 1 1 1 1 1 1 1 1 1 1 1 1 1 1 1 1 1 1 1 1 1 1 1 1 1 1 1 1 1 1 1 1 1 1 1 1 1 1 1 1 1 1 1 1 1 1 1 1 1 1 1 1 1 1 1 1 1 1 1 1 1 1 1 1 1 1 1 1 1 1 1 1 1 1 1 1 1 1 1 1 1 1 1 1 1 1 1 1 1 1 1 1 1 1 1 1 1 1 1 1 1 1 1 1 1 1 1 1 1 1 1 1 1 1 1 1 1 1 1 1 1 1 1 1 1 1 1 1 1 1 1 1 1 1 1 1 1 1 1 1 1 1 1 1 1 1 1 1 1 1 1 1 1 1 1 1 1 1 1 1 1 1 1 1 1 1 1 1 1 1 1 1 1 1 1 1 1 1 1 1 1 1 1 1 1 1 1 1 1 1 1 1 1 1 1 1 1 1 1 1 1 1 1 1 1 1 1 1 1 1 1 1 1 1 1 1 1 1 1 1 1 1 1 1 1 1 1 1 1 1 1 1 1 1 1 1 1 1 1 1 1 1 1 1 1 1 1 1 1 1 1 1 1 1 1 1 1 1 1 1 1 1 1 1 1 1 1 1 1 1 1 1 1 1 1 1 1 1 1 1 1 1 1 1 1 1 1 1 1 1 1 1 1 1 1 1 1 1 1 1 1 1 1 1 1 1 1 1 1 1 1 1 1 1 1 1 1 1 1 1 1 1 1 1 1 1 1 1 1 1 1 1 1 1 1 1 1 1 1 1 1 1 1 1 1 1 1 1 1 1 1 1 1 1 1 1 1 1 1 1 1 1 1 1 1 1 1 1 1 1 1 1 1 1 1 1 1 1 1 1 1 1 1 1 1 1 1 1 1 1 1 1 1 1 1 1 1 1 1 1 1 1 1 1 1 1 1 1 1 1 1 1 1 1 1 1 1 1 1 1 1 1 1 1 1 1 1 1 1 1 1 1 1 1 1 1 1 1 1 1 1 1 1 1 1 1 1 1 1 1 1 1 1 1 1 1 1 1 1 1 1 1 1 1 1 1 1 1 1 1 1 1 1 1 1 1 1 1 1 1 1 1 1 1 1 1 1 1 1 1 1 1 1 1 1 1 1 1 1 1 1 1 1 1 1 1 1 1 1 1 1 1 1 1 1 1 1 1 1 1 1 1 1 1 1 1 1 1 1 1 1 1 1 1 1 1 1 1 1 1 1 1 1 1 1 1 1 1 1 1 1 1 1 1 1 1 1 1 1 1 1 1 1 1 1 1 1 1 1 1 1 1 1 1 1 1 1 1 1 1 1 1 1 1 1 1 1 1 1 1 1 1 1 1 1 1 1 1 1 1 1 1 1 1 1 1 1 1 1 1 1 1 1 1 1 1 1 1 1 1 1 1 1 1 1 1 1 1 1 1 1 1 1 1 1 1 1 1 1 1 1 1 1 1 1 1 1 1 1 1 1 1 1 1 1 1 1 1 1 1 1 1 1 1 1 1 1 1 1 1 1 1 1 1 1 1 1 1 1 1 1 1 1 1 1 1 1 1 1 1 1 1 1 1 1 1 1 1 1 1 1 1 1 1 1 1 1 1 1 1 1 1 1 1 1 1 1 1 1 1 1 1 1 1 1 1 1 1 1 1 1 1 1 1 1 1 1 1 1 1 1 1 1 1 1 1 1 1 1 1 1 1 1 1 1 1 1 1 1 1 1 1 1 1 1 1 1 1 1 1 1 1 1 1 1 1 1 1 1 1 1 1 1 1 1 1 1 1 1 1 1 1 1 1 1 1 1 1 1 1 1 1 1 1 1 1 1 1 1 1 1 1 1 1 1 1 1 1 1 1 1 1 1 1 1 1 1 1 1 1 1 1 1 1 1 1 1 1 1 1 1 1 1 1 1 1 1 1 1 1 1 1 1 1 1 1 1 1 1 1 1 1 1 1 1 1 1 1 1 1 1 1 1 1 1 1 1 1 1 1 1 1 1 1 1 1 1 1 1 1 1 1 1 1 1 1 1 1 1 1 1 1 1 1 1 1 1 1 1 1 1 1 1 1 1 1 1 1 1 1 1 1 1 1 1 1 1 1 1 1 1 1 1 1 1 1 1 1 1 1 1 1 1 1 1 1 1 1 1 1 1 1 1 1 1 1 1 1 1 1 1 1 1 1 1 1 1 1 1 1 1 1 1 1 1 1 1 1 1 1 1 1 1 1 1 1 1 1 1 1 1 1 1 1 1 1 1 1 1 1 1 1 1 1 1 1 1 1 1 1 1 1 1 1 1 1 1 1 1 1 1 1 1 1 1 1 1 1 1 1 1 1 1 1 1 1 1 1 1 1 1 1 1 1 1 1 1 1 1 1 1 1 1 1 1 1 1 1 1 1 1 1 1 1 1 1 1 1 1 1 1 1 1 1 1 1 1 1 1 1 1 1 1 1 1 1 1 1 1 1 1 1 1 1 1 1 1 1 1 1 1 1 1 1 1 1 1 1 1 1 1 1 1 1 1 1 1 1 1 1 1 1 1 1 1 1 1 1 1 1 1 1 1 1 1 1 1 1 1 1 1 1 1 1 1 1 1 1 1 1 1 1 1 1 1 1 1 1 1 1 1 1 1 1 1 1 1 1 1 1 1 1 1 1 1 1 1 1 1 1 1 1 1 1 1 1 1 1 1 1 1 1 1 1 1 1 1 1 1 1 1 1 1 1 1 1 1 1 1 1 1 1 1 1 1 1 1 1 1 1 1 1 1 1 1 1 1 1 1 1 1 1 1 1 1 1 1 1 1 1 1 1 1 1 1 1 1 1 1 1 1 1 1 1 1 1 1 1 1 1 1 1 1 1 1 1 1 1 1 1 1 1 1 1 1 1 1 1 1 1 1 1 1 1 1 1 1 1 1 1 1 1 1 1 1 1 1 1 1 1 1 1 1 1 1 1 1 1 1 1 1 1 1 1 1 1 1 1 1 1 1 1 1 1 1 1 1 1 1 1 1 1 1 1 1 1 1 1 1 1 1 1 1 1 1 1 1 1 1 1 1 1 1 1 1 1 1 1 1 1 1 1 1 1 1 1 1 1 1 1 1 1 1 1 1 1 1 1 1 1 1 1 1 1 1 1 1 1 1 1 1 1 1 1 1 1 1 1 1 1 1 1 1 1 1 1 1 1 1 1 1 1 1 1 1 1 1 1 1 1 1 1 1 1 1 1 1 1 1 1 1 1 1 1 1 1 1 1 1 1 1 1 1 1 1 1 1 1 1 1 1 1 1 1 1 1 1 1 1 1 1 1 1 1 1 1 1 1 1 1 1 1 1 1 1 1 1 1 1 1 1 1 1 1 1 1 1 1 1 1 1 1 1 1 1 1 1 1 1 1 1 1 1 1 1 1 1 1 1 1 1 1 1 1 1 1 1 1 1 1 1 1 1 1 1 1 1 1 1 1 1 1 1 1 1 1 1 1 1 1 1 1 1 1 1 1 1 1 1 1 1 1 1 1 1 1 1 1 1 1 1 1 1 1 1 1 1 1 1 1 1 1 1 1 1 1 1 1 1 1 1 1 1 1 1 1 1 1 1 1 1 1 1 1 1 1 1 1 1 1 1 1 1 1 1 1 1 1 1 1 1 1 1 1 1 1 1 1 1 1 1 1 1 1 1 1 1 1 1 1 1 1 1 1 1 1 1 1 1 1 1 1 1 1 1 1 1 1 1 1 1 1 1 1 1 1 1 1 1 1 1 1 1 1 1 1 1 1 1 1 1 1 1 1 1 1 1 1 1 1 1 1 1 1 1 1 1 1 1 1 1 1 1 1 1 1 1 1 1 1 1 1 1 1 1 1 1 1 1 1 1 1 1 1 1 1 1 1 1 1 1 1 1 1 1 1 1 1 1 1 1 1 1 1 1 1 1 1 1 1 1 1 1 1 1 1 1 1 1 1 1 1 1 1 1 1 1 1 1 1 1 1 1 1 1 1 1 1 1 1 1 1 1 1 1 1 1 1 1 1 1 1 1 1 1 1 1 1 1 1 1 1 1 1 1 1 1 1 1 1 1 1 1 1 1 1 1 1 1 1 1 1 1 1 1 1 1 1 1 1 1 1 1 1 1 1 1 1 1 1 1 1 1 1 1 1 1 1 1 1 1 1 1 1 1 1 1 1 1 1 1 1 1 1 1 1 1 1 1 1 1 1 1 1 1 1 1 1 1 1 1 1 1 1 1 1 1 1 1 1 1 1 1 1 1 1 1 1 1 1 1 1 1 1 1 1 1 1 1 1 1 1 1 1 1 1 1 1 1 1 1 1 1 1 1 1 1 1 1 1 1 1 1 1 1 1 1 1 1 1 1 1 1 1 1 1 1 1 1 1 1 1 1 1 1 1 1 1 1 1 1 1 1 1 1 1 1 1 1 1 1 1 1 1 1 1 1 1 1 1 1 1 1 1 1 1 1 1 1 1 1 1 1 1 1 1 1 1 1 1 1 1 1 1 1 1 1 1 1 1 1 1 1 1 1 1 1 1 1 1 1 1 1 1 1 1 1 1 1 1 1 1 1 1 1 1 1 1 1 1 1 1 1 1 1 1 1 1 1 1 1 1 1 1 1 1 1 1 1 1 1 1 1 1 1 1 1 1 1 1 1 1 1 1 1 1 1 1 1 1 1 1 1 1 1 1 1 1 1 1 1 1 1 1 1 1 1 1 1 1 1 1 1 1 1 1 1 1 1 1 1 1 1 1 1 1 1 1 1 1 1 1 1 1 1 1 1 1 1 1 1 1 1 1 1 1 1 1 1 1 1 1 1 1 1 1 1 1 1 1 1 1 1 1 1 1 1 1 1 1 1 1 1 1 1 1 1 1 1 1 1 1 1 1 1 1 1 1 1 1 1 1 1 1 1 1 1 1 1 1 1 1 1 1 1 1 1 1 1 1 1 1 1 1 1 1 1 1 1 1 1 1 1 1 1 1 1 1 1 1 1 1 1 1 1 1 1 1 1 1 1 1 1 1 1 1 1 1 1 1 1 1 1 1 1 1 1 1 1 1 1 1 1 1 1 1 1 1 1 1 1 1 1 1 1 1 1 1 1 1 1 1 1 1 1 1 1 1 1 1 1 1 1 1 1 1 1 1 1 1 1 1 1 1 1 1 1 1 1 1 1 1 1 1 1 1 1 1 1 1 1 1 1 1 1 1 1 1 1 1 1 1 1 1 1 1 1 1 1 1 1 1 1 1 1 1 1 1 1 1 1 1 1 1 1 1 1 1 1 1 1 1 1 1 1 1 1 1 1 1 1 1 1 1 1 1 1 1 1 1 1 1 1 1 1 1 1 1 1 1 1 1 1 1 1 1 1 1 1 1 1 1 1 1 1 1 1 1 1 1 1 1 1 1 1 1 1 1 1 1 1 1 1 1 1 1 1 1 1 1 1 1 1 1 1 1 1 1 1 1 1 1 1 1 1 1 1 1 1 1 1 1 1 1 1 1 1 1 1 1 1 1 1 1 1 1 1 1 1 1 1 1 1 1 1 1 1 1 1 1 1 1 1 1 1 1 1 1 1 1 1 1 1 1 1 1 1 1 1 1 1 1 1 1 1 1 1 1 1 1 1 1 1 1 1 1 1 1 1 1 1 1 1 1 1 1 1 1 1 1 1 1 1 1 1 1 1 1 1 1 1 1 1 1 1 1 1 1 1 1 1 1 1 1 1 1 1 1 1 1 1 1 1 1 1 1 1 1 1 1 1 1 1 1 1 1 1 1 1 1 1 1 1 1 1 1 1 1 1 1 1 1 1 1 1 1 1 1 1 1 1 1 1 1 1 1 1 1 1 1 1 1 1 1 1 1 1 1 1 1 1 1 1 1 1 1 1 1 1 1 1 1 1 1 1 1 1 1 1 1 1 1 1 1 1 1 1 1 1 1 1 1 1 1 1 1 1 1 1 1 1 1 1 1 1 1 1 1 1 1 1 1 1 1 1 1 1 1 1 1 1 1 1 1 1 1 1 1 1 1 1 1 1 1 1 1 1 1 1 1 1 1 1 1 1 1 1 1 1 1 1 1 1 1 1 1 1 1 1 1 1 1 1 1 1 1 1 1 1 1 1 1 1 1 1 1 1 1 1 1 1 1 1 1 1 1 1 1 1 1 1 1 1 1 1 1 1 1 1 1 1 1 1 1 1 1 1 1 1 1 1 1 1 1 1 1 1 1 1 1 1 1 1 1 1 1 1 1 1 1 1 1 1 1 1 1 1 1 1 1 1 1 1 1 1 1 1 1 1 1 1 1 1 1 1 1 1 1 1 1 1 1 1 1 1 1 1 1 1 1 1 1 1 1 1 1 1 1 1 1 1 1 1 1 1 1 1 1 1 1 1 1 1 1 1 1 1 1 1 1 1 1 1 1 1 1 1 1 1 1 1 1 1 1 1 1 1 1 1 1 1 1 1 1 1 1 1 1 1 1 1 1 1 1 1 1 1 1 1 1 1 1 1 1 1 1 1 1 1 1 1 1 1 1 1 1 1 1 1 1 1 1 1 1 1 1 1 1 1 1 1 1 1 1 1 1 1 1 1 1 1 1 1 1 1 1 1 1 1 1 1 1 1 1 1 1 1 1 1 1 1 1 1 1 1 1 1 1 1 1 1 1 1 1 1 1 1 1 1 1 1 1 1 1 1 1 1 1 1 1 1 1 1 1 1 1 1 1 1 1 1 1 1 1 1 1 1 1 1 1 1 1 1 1 1 1 1 1 1 1 1 1 1 1 1 1 1 1 1 1 1 1 1 1 1 1 1 1 1 1 1 1 1 1 1 1 1 1 1 1 1 1 1 1 1 1 1 1 1 1 1 1 1 1 1 1 1 1 1 1 1 1 1 1 1 1 1 1 1 1 1 1 1 1 1 1 1 1 1 1 1 1 1 1 1 1 1 1 1 1 1 1 1 1 1 1 1 1 1 1 1 1 1 1 1 1 1 1 1 1 1 1 1 1 1 1 1 1 1 1 1 1 1 1 1 1 1 1 1 1 1 1 1 1 1 1 1 1 1 1 1 1 1 1 1 1 1 1 1 1 1 1 1 1 1 1 1 1 1 1 1 1 1 1 1 1 1 1 1 1 1 1 1 1 1 1 1 1 1 1 1 1 1 1 1 1 1 1 1 1 1 1 1 1 1 1 1 1 1 1 1 1 1 1 1 1 1 1 1 1 1 1 1 1 1 1 1 1 1 1 1 1 1 1 1 1 1 1 1 1 1 1 1 1 1 1 1 1 1 1 1 1 1 1 1 1 1 1 1 1 1 1 1 1 1 1 1 1 1 1 1 1 1 1 1 1 1 1 1 1 1 1 1 1 1 1 1 1 1 1 1 1 1 1 1 1 1 1 1 1 1 1 1 1 1 1 1 1 1 1 1 1 1 1 1 1 1 1 1 1 1 1 1 1 1 1 1 1 1 1 1 1 1 1 1 1 1 1 1 1 1 1 1 1 1 1 1 1 1 1 1 1 1 1 1 1 1 1 1 1 1 1 1 1 1 1 1 1 1 1 1 1 1 1 1 1 1 1 1 1 1 1 1 1 1 1 1 1 1 1 1 1 1 1 1 1 1 1 1 1 1 1 1 1 1 1 1 1 1 1 1 1 1 1 1 1 1 1 1 1 1 1 1 1 1 1 1 1 1 1 1 1 1 1 1 1 1 1 1 1 1 1 1 1 1 1 1 1 1 1 1 1 1 1 1 1 1 1 1 1 1 1 1 1 1 1 1 1 1 1 1 1 1 1 1 1 1 1 1 1 1 1 1 1 1 1 1 1 1 1 1 1 1 1 1 1 1 1 1 1 1 1 1 1 1 1 1 1 1 1 1 1 1 1 1 1 1 1 1 1 1 1 1 1 1 1 1 1 1 1 1 1 1 1 1 1 1 1 1 1 1 1 1 1 1 1 1 1 1 1 1 1 1 1 1 1 1 1 1 1 1 1 1 1 1 1 1 1 1 1 1 1 1 1 1 1 1 1 1 1 1 1 1 1 1 1 1 1 1 1 1 1 1 1 1 1 1 1 1 1 1 1 1 1 1 1 1 1 1 1 1 1 1 1 1 1 1 1 1 1 1 1 1 1 1 1 1 1 1 1 1 1 1 1 1 1 1 1 1 1 1 1 1 1 1 1 1 1 1 1 1 1 1 1 1 1 1 1 1 1 1 1 1 1 1 1 1 1 1 1 1 1 1 1 1 1 1 1 1 1 1 1 1 1 1 1 1 1 1 1 1 1 1 1 1 1 1 1 1 1 1 1 1 1 1 1 1 1 1 1 1 1 1 1 1 1 1 1 1 1 1 1 1 1 1 1 1 1 1 1 1 1 1 1 1 1 1 1 1 1 1 1 1 1 1 1 1 1 1 1 1 1 1 1 1 1 1 1 1 1 1 1 1 1 1 1 1 1 1 1 1 1 1 1 1 1 1 1 1 1 1 1 1 1 1 1 1 1 1 1 1 1 1 1 1 1 1 1 1 1 1 1 1 1 1 1 1 1 1 1 1 1 1 1 1 1 1 1 1 1 1 1 1 1 1 1 1 1 1 1 1 1 1 1 1 1 1 1 1 1 1 1 1 1 1 1 1 1 1 1 1 1 1 1 1 1 1 1 1 1 1 1 1 1 1 1 1 1 1 1 1 1 1 1 1 1 1 1 1 1 1 1 1 1 1 1 1 1 1 1 1 1 1 1 1 1 1 1 1 1 1 1 1 1 1 1 1 1 1 1 1 1 1 1 1 1 1 1 1 1 1 1 1 1 1 1 1 1 1 1 1 1 1 1 1 1 1 1 1 1 1 1 1 1 1 1 1 1 1 1 1 1 1 1 1 1 1 1 1 1 1 1 1 1 1 1 1 1 1 1 1 1 1 1 1 1 1 1 1 1 1 1 1 1 1 1 1 1 1 1 1 1 1 1 1 1 1 1 1 1 1 1 1 1 1 1 1 1 1 1 1 1 1 1 1 1 1 1 1 1 1 1 1 1 1 1 1 1 1 1 1 1 1 1 1 1 1 1 1 1 1 1 1 1 1 1 1 1 1 1 1 1 1 1 1 1 1 1 1 1 1 1 1 1 1 1 1 1 1 1 1 1 1 1 1 1 1 1 1 1 1 1 1 1 1 1 1 1 1 1 1 1 1 1 1 1 1 1 1 1 1 1 1 1 1 1 1 1 1 1 1 1 1 1 1 1 1 1 1 1 1 1 1 1 1 1 1 1 1 1 1 1 1 1 1 1 1 1 1 1 1 1 1 1 1 1 1 1 1 1 1 1 1 1 1 1 1 1 1 1 1 1 1 1 1 1 1 1 1 1 1 1 1 1 1 1 1 1 1 1 1 1 1 1 1 1 1 1 1 1 1 1 1 1 1 1 1 1 1 1 1 1 1 1 1 1 1 1 1 1 1 1 1 1 1 1 1 1 1 1 1 1 1 1 1 1 1 1 1 1 1 1 1 1 1 1 1 1 1 1 1 1 1 1 1 1 1 1 1 1 1 1 1 1 1 1 1 1 1 1 1 1 1 1 1 1 1 1 1 1 1 1 1 1 1 1 1 1 1 1 1 1 1 1 1 1 1 1 1 1 1 1 1 1 1 1 1 1 1 1 1 1 1 1 1 1 1 1 1 1 1 1 1 1 1 1 1 1 1 1 1 1 1 1 1 1 1 1 1 1 1 1 1 1 1 1 1 1 1 1 1 1 1 1 1 1 1 1 1 1 1 1 1 1 1 1 1 1 1 1 1 1 1 1 1 1 1 1 1 1 1 1 1 1 1 1 1 1 1 1 1 1 1 1 1 1 1 1 1 1 1 1 1 1 1 1 1 1 1 1 1 1 1 1 1 1 1 1 1 1 1 1 1 1 1 1 1 1 1 1 1 1 1 1 1 1 1 1 1 1 1 1 1 1 1 1 1 1 1 1 1 1 1 1 1 1 1 1 1 1 1 1 1 1 1 1 1 1 1 1 1 1 1 1 1 1 1 1 1 1 1 1 1 1 1 1 1 1 1 1 1 1 1 1 1 1 1 1 1 1 1 1 1 1 1 1 1 1 1 1 1 1 1 1 1 1 1 1 1 1 1 1 1 1 1 1 1 1 1 1 1 1 1 1 1 1 1 1 1 1 1 1 1 1 1 1 1 1 1 1 1 1 1 1 1 1 1 1 1 1 1 1 1 1 1 1 1 1 1 1 1 1 1 1 1 1 1 1 1 1 1 1 1 1 1 1 1 1 1 1 1 1 1 1 1 1 1 1 1 1 1 1 1 1 1 1 1 1 1 1 1 1 1 1 1 1 1 1 1 1 1 1 1 1 1 1 1 1 1 1 1 1 1 1 1 1 1 1 1 1 1 1 1 1 1 1 1 1 1 1 1 1 1 1 1 1 1 1 1 1 1 1 1 1 1 1 1 1 1 1 1 1 1 1 1 1 1 1 1 1 1 1 1 1 1 1 1 1 1 1 1 1 1 1 1 1 1 1 1 1 1 1 1 1 1 1 1 1 1 1 1 1 1 1 1 1 1 1 1 1 1 1 1 1 1 1 1 1 1 1 1 1 1 1 1 1 1 1 1 1 1 1 1 1 1 1 1 1 1 1 1 1 1 1 1 1 1 1 1 1 1 1 1 1 1 1 1 1 1 1 1 1 1 1 1 1 1 1 1 1 1 1 1 1 1 1 1 1 1 1 1 1 1 1 1 1 1 1 1 1 1 1 1 1 1 1 1 1 1 1 1 1 1 1 1 1 1 1 1 1 1 1 1 1 1 1 1 1 1 1 1 1 1 1 1 1 1 1 1 1 1 1 1 1 1 1 1 1 1 1 1 1 1 1 1 1 1 1 1 1 1 1 1 1 1 1 1 1 1 1 1 1 1 1 1 1 1 1 1 1 1 1 1 1 1 1 1 1 1 1 1 1 1 1 1 1 1 1 1 1 1 1 1 1 1 1 1 1 1 1 1 1 1 1 1 1 1 1 1 1 1 1 1 1 1 1 1 1 1 1 1 1 1 1 1 1 1 1 1 1 1 1 1 1 1 1 1 1 1 1 1 1 1 1 1 1 1 1 1 1 1 1 1 1 1 1 1 1 1 1 1 1 1 1 1 1 1 1 1 1 1 1 1 1 1 1 1 1 1 1 1 1 1 1 1 1 1 1 1 1 1 1 1 1 1 1 1 1 1 1 1 1 1 1 1 1 1 1 1 1 1 1 1 1 1 1 1 1 1 1 1 1 1 1 1 1 1 1 1 1 1 1 1 1 1 1 1 1 1 1 1 1 1 1 1 1 1 1 1 1 1 1 1 1 1 1 1 1 1 1 1 1 1 1 1 1 1 1 1 1 1 1 1 1 1 1 1 1 1 1 1 1 1 1 1 1 1 1 1 1 1 1 1 1 1 1 1 1 1 1 1 1 1 1 1 1 1 1 1 1 1 1 1 1 1 1 1 1 1 1 1 1 1 1 1 1 1 1 1 1 1 1 1 1 1 1 1 1 1 1 1 1 1 1 1 1 1 1 1 1 1 1 1 1 1 1 1 1 1 1 1 1 1 1 1 1 1 1 1 1 1 1 1 1 1 1 1 1 1 1 1 1 1 1 1 1 1 1 1 1 1 1 1 1 1 1 1 1 1 1 1 1 1 1 1 1 1 1 1 1 1 1 1 1 1 1 1 1 1 1 1 1 1 1 1 1 1 1 1 1 1 1 1 1 1 1 1 1 1 1 1 1 1 1 1 1 1 1 1 1 1 1 1 1 1 1 1 1 1 1 1 1 1 1 1 1 1 1 1 1 1 1 1 1 1 1 1 1 1 1 1 1 1 1 1 1 1 1 1 1 1 1 1 1 1 1 1 1 1 1 1 1 1 1 1 1 1 1 1 1 1 1 1 1 1 1 1 1 1 1 1 1 1 1 1 1 1 1 1 1 1 1 1 1 1 1 1 1 1 1 1 1 1 1 1 1 1 1 1 1 1 1 1 1 1 1 1 1 1 1 1 1 1 1 1 1 1 1 1 1 1 1 1 1 1 1 1 1 1 1 