# vtk DataFile Version 2.0
Solution
ASCII
DATASET POLYDATA
POINTS 1200 float
1 0 0
0.938931 0 0
0.881591 0 0
0.827753 0 0
0.777203 0 0
0.72974 0 0
0.685175 0 0
0.643332 0 0
0.604045 0 0
0.567156 0 0
0.532521 0 0
0.5 0 0
0.998027 -0.0627905 0
0.937078 -0.058956 0
0.879852 -0.0553556 0
0.82612 -0.0519751 0
0.77567 -0.048801 0
0.7283 -0.0458208 0
0.683823 -0.0430225 0
0.642063 -0.0403952 0
0.602853 -0.0379283 0
0.566037 -0.035612 0
0.53147 -0.0334372 0
0.499013 -0.0313953 0
0.998027 0.0627905 0
0.937078 0.058956 0
0.879852 0.0553556 0
0.82612 0.0519751 0
0.77567 0.048801 0
0.7283 0.0458208 0
0.683823 0.0430225 0
0.642063 0.0403952 0
0.602853 0.0379283 0
0.566037 0.035612 0
0.53147 0.0334372 0
0.499013 0.0313953 0
0.992115 -0.125333 0
0.931527 -0.117679 0
0.87464 -0.110493 0
0.821226 -0.103745 0
0.771075 -0.0974094 0
0.723986 -0.0914607 0
0.679773 -0.0858753 0
0.63826 -0.0806309 0
0.599282 -0.0757069 0
0.562684 -0.0710835 0
0.528321 -0.0667425 0
0.496057 -0.0626666 0
0.992115 0.125333 0
0.931527 0.117679 0
0.87464 0.110493 0
0.821226 0.103745 0
0.771075 0.0974094 0
0.723986 0.0914607 0
0.679773 0.0858753 0
0.63826 0.0806309 0
0.599282 0.0757069 0
0.562684 0.0710835 0
0.528321 0.0667425 0
0.496057 0.0626666 0
0.982287 -0.187381 0
0.9223 -0.175938 0
0.865976 -0.165194 0
0.813091 -0.155105 0
0.763437 -0.145633 0
0.716814 -0.13674 0
0.673039 -0.128389 0
0.631937 -0.120548 0
0.593345 -0.113187 0
0.55711 -0.106274 0
0.523088 -0.0997844 0
0.491144 -0.0936907 0
0.982287 0.187381 0
0.9223 0.175938 0
0.865976 0.165194 0
0.813091 0.155105 0
0.763437 0.145633 0
0.716814 0.13674 0
0.673039 0.128389 0
0.631937 0.120548 0
0.593345 0.113187 0
0.55711 0.106274 0
0.523088 0.0997844 0
0.491144 0.0936907 0
0.968583 -0.24869 0
0.909433 -0.233503 0
0.853894 -0.219243 0
0.801748 -0.205854 0
0.752786 -0.193283 0
0.706814 -0.181479 0
0.663649 -0.170396 0
0.623121 -0.15999 0
0.585068 -0.15022 0
0.549338 -0.141046 0
0.51579 -0.132432 0
0.484292 -0.124345 0
0.968583 0.24869 0
0.909433 0.233503 0
0.853894 0.219243 0
0.801748 0.205854 0
0.752786 0.193283 0
0.706814 0.181479 0
0.663649 0.170396 0
0.623121 0.15999 0
0.585068 0.15022 0
0.549338 0.141046 0
0.51579 0.132432 0
0.484292 0.124345 0
0.951057 -0.309017 0
0.892976 -0.290146 0
0.838443 -0.272427 0
0.78724 -0.25579 0
0.739164 -0.240169 0
0.694024 -0.225502 0
0.651641 -0.211731 0
0.611846 -0.198801 0
0.574481 -0.18666 0
0.539398 -0.175261 0
0.506457 -0.164558 0
0.475528 -0.154508 0
0.951057 0.309017 0
0.892976 0.290146 0
0.838443 0.272427 0
0.78724 0.25579 0
0.739164 0.240169 0
0.694024 0.225502 0
0.651641 0.211731 0
0.611846 0.198801 0
0.574481 0.18666 0
0.539398 0.175261 0
0.506457 0.164558 0
0.475528 0.154508 0
0.929776 -0.368125 0
0.872996 -0.345644 0
0.819683 -0.324535 0
0.769626 -0.304716 0
0.722625 -0.286108 0
0.678495 -0.268635 0
0.63706 -0.25223 0
0.598155 -0.236826 0
0.561627 -0.222364 0
0.527329 -0.208784 0
0.495125 -0.196034 0
0.464888 -0.184062 0
0.929776 0.368125 0
0.872996 0.345644 0
0.819683 0.324535 0
0.769626 0.304716 0
0.722625 0.286108 0
0.678495 0.268635 0
0.63706 0.25223 0
0.598155 0.236826 0
0.561627 0.222364 0
0.527329 0.208784 0
0.495125 0.196034 0
0.464888 0.184062 0
0.904827 -0.425779 0
0.84957 -0.399777 0
0.797688 -0.375363 0
0.748974 -0.35244 0
0.703234 -0.330917 0
0.660289 -0.310708 0
0.619965 -0.291734 0
0.582105 -0.273918 0
0.546556 -0.25719 0
0.513178 -0.241483 0
0.481839 -0.226736 0
0.452414 -0.21289 0
0.904827 0.425779 0
0.84957 0.399777 0
0.797688 0.375363 0
0.748974 0.35244 0
0.703234 0.330917 0
0.660289 0.310708 0
0.619965 0.291734 0
0.582105 0.273918 0
0.546556 0.25719 0
0.513178 0.241483 0
0.481839 0.226736 0
0.452414 0.21289 0
0.876307 -0.481754 0
0.822791 -0.452333 0
0.772544 -0.42471 0
0.725366 -0.398773 0
0.681068 -0.37442 0
0.639476 -0.351555 0
0.600424 -0.330086 0
0.563757 -0.309928 0
0.529328 -0.291001 0
0.497003 -0.27323 0
0.466651 -0.256544 0
0.438153 -0.240877 0
0.876307 0.481754 0
0.822791 0.452333 0
0.772544 0.42471 0
0.725366 0.398773 0
0.681068 0.37442 0
0.639476 0.351555 0
0.600424 0.330086 0
0.563757 0.309928 0
0.529328 0.291001 0
0.497003 0.27323 0
0.466651 0.256544 0
0.438153 0.240877 0
0.844328 -0.535827 0
0.792766 -0.503104 0
0.744352 -0.47238 0
0.698895 -0.443532 0
0.656214 -0.416446 0
0.61614 -0.391014 0
0.578513 -0.367135 0
0.543184 -0.344715 0
0.510012 -0.323663 0
0.478866 -0.303898 0
0.449622 -0.285339 0
0.422164 -0.267913 0
0.844328 0.535827 0
0.792766 0.503104 0
0.744352 0.47238 0
0.698895 0.443532 0
0.656214 0.416446 0
0.61614 0.391014 0
0.578513 0.367135 0
0.543184 0.344715 0
0.510012 0.323663 0
0.478866 0.303898 0
0.449622 0.285339 0
0.422164 0.267913 0
0.809017 -0.587785 0
0.759611 -0.55189 0
0.713222 -0.518186 0
0.669666 -0.486541 0
0.628771 -0.456829 0
0.590372 -0.42893 0
0.554319 -0.402736 0
0.520467 -0.378141 0
0.488682 -0.355049 0
0.458839 -0.333366 0
0.430818 -0.313008 0
0.404508 -0.293893 0
0.809017 0.587785 0
0.759611 0.55189 0
0.713222 0.518186 0
0.669666 0.486541 0
0.628771 0.456829 0
0.590372 0.42893 0
0.554319 0.402736 0
0.520467 0.378141 0
0.488682 0.355049 0
0.458839 0.333366 0
0.430818 0.313008 0
0.404508 0.293893 0
0.770513 -0.637424 0
0.723459 -0.598497 0
0.679278 -0.561947 0
0.637795 -0.52763 0
0.598845 -0.495408 0
0.562274 -0.465154 0
0.527937 -0.436747 0
0.495696 -0.410076 0
0.465424 -0.385033 0
0.437001 -0.361519 0
0.410314 -0.339441 0
0.385257 -0.318712 0
0.770513 0.637424 0
0.723459 0.598497 0
0.679278 0.561947 0
0.637795 0.52763 0
0.598845 0.495408 0
0.562274 0.465154 0
0.527937 0.436747 0
0.495696 0.410076 0
0.465424 0.385033 0
0.437001 0.361519 0
0.410314 0.339441 0
0.385257 0.318712 0
0.728969 -0.684547 0
0.684451 -0.642742 0
0.642652 -0.603491 0
0.603406 -0.566636 0
0.566557 -0.532032 0
0.531958 -0.499541 0
0.499471 -0.469035 0
0.468969 -0.440391 0
0.44033 -0.413497 0
0.413439 -0.388245 0
0.388191 -0.364535 0
0.364484 -0.342274 0
0.728969 0.684547 0
0.684451 0.642742 0
0.642652 0.603491 0
0.603406 0.566636 0
0.566557 0.532032 0
0.531958 0.499541 0
0.499471 0.469035 0
0.468969 0.440391 0
0.44033 0.413497 0
0.413439 0.388245 0
0.388191 0.364535 0
0.364484 0.342274 0
0.684547 -0.728969 0
0.642742 -0.684451 0
0.603491 -0.642652 0
0.566636 -0.603406 0
0.532032 -0.566557 0
0.499541 -0.531958 0
0.469035 -0.499471 0
0.440391 -0.468969 0
0.413497 -0.44033 0
0.388245 -0.413439 0
0.364535 -0.388191 0
0.342274 -0.364484 0
0.684547 0.728969 0
0.642742 0.684451 0
0.603491 0.642652 0
0.566636 0.603406 0
0.532032 0.566557 0
0.499541 0.531958 0
0.469035 0.499471 0
0.440391 0.468969 0
0.413497 0.44033 0
0.388245 0.413439 0
0.364535 0.388191 0
0.342274 0.364484 0
0.637424 -0.770513 0
0.598497 -0.723459 0
0.561947 -0.679278 0
0.52763 -0.637795 0
0.495408 -0.598845 0
0.465154 -0.562274 0
0.436747 -0.527937 0
0.410076 -0.495696 0
0.385033 -0.465424 0
0.361519 -0.437001 0
0.339441 -0.410314 0
0.318712 -0.385257 0
0.637424 0.770513 0
0.598497 0.723459 0
0.561947 0.679278 0
0.52763 0.637795 0
0.495408 0.598845 0
0.465154 0.562274 0
0.436747 0.527937 0
0.410076 0.495696 0
0.385033 0.465424 0
0.361519 0.437001 0
0.339441 0.410314 0
0.318712 0.385257 0
0.587785 -0.809017 0
0.55189 -0.759611 0
0.518186 -0.713222 0
0.486541 -0.669666 0
0.456829 -0.628771 0
0.42893 -0.590372 0
0.402736 -0.554319 0
0.378141 -0.520467 0
0.355049 -0.488682 0
0.333366 -0.458839 0
0.313008 -0.430818 0
0.293893 -0.404508 0
0.587785 0.809017 0
0.55189 0.759611 0
0.518186 0.713222 0
0.486541 0.669666 0
0.456829 0.628771 0
0.42893 0.590372 0
0.402736 0.554319 0
0.378141 0.520467 0
0.355049 0.488682 0
0.333366 0.458839 0
0.313008 0.430818 0
0.293893 0.404508 0
0.535827 -0.844328 0
0.503104 -0.792766 0
0.47238 -0.744352 0
0.443532 -0.698895 0
0.416446 -0.656214 0
0.391014 -0.61614 0
0.367135 -0.578513 0
0.344715 -0.543184 0
0.323663 -0.510012 0
0.303898 -0.478866 0
0.285339 -0.449622 0
0.267913 -0.422164 0
0.535827 0.844328 0
0.503104 0.792766 0
0.47238 0.744352 0
0.443532 0.698895 0
0.416446 0.656214 0
0.391014 0.61614 0
0.367135 0.578513 0
0.344715 0.543184 0
0.323663 0.510012 0
0.303898 0.478866 0
0.285339 0.449622 0
0.267913 0.422164 0
0.481754 -0.876307 0
0.452333 -0.822791 0
0.42471 -0.772544 0
0.398773 -0.725366 0
0.37442 -0.681068 0
0.351555 -0.639476 0
0.330086 -0.600424 0
0.309928 -0.563757 0
0.291001 -0.529328 0
0.27323 -0.497003 0
0.256544 -0.466651 0
0.240877 -0.438153 0
0.481754 0.876307 0
0.452333 0.822791 0
0.42471 0.772544 0
0.398773 0.725366 0
0.37442 0.681068 0
0.351555 0.639476 0
0.330086 0.600424 0
0.309928 0.563757 0
0.291001 0.529328 0
0.27323 0.497003 0
0.256544 0.466651 0
0.240877 0.438153 0
0.425779 -0.904827 0
0.399777 -0.84957 0
0.375363 -0.797688 0
0.35244 -0.748974 0
0.330917 -0.703234 0
0.310708 -0.660289 0
0.291734 -0.619965 0
0.273918 -0.582105 0
0.25719 -0.546556 0
0.241483 -0.513178 0
0.226736 -0.481839 0
0.21289 -0.452414 0
0.425779 0.904827 0
0.399777 0.84957 0
0.375363 0.797688 0
0.35244 0.748974 0
0.330917 0.703234 0
0.310708 0.660289 0
0.291734 0.619965 0
0.273918 0.582105 0
0.25719 0.546556 0
0.241483 0.513178 0
0.226736 0.481839 0
0.21289 0.452414 0
0.368125 -0.929776 0
0.345644 -0.872996 0
0.324535 -0.819683 0
0.304716 -0.769626 0
0.286108 -0.722625 0
0.268635 -0.678495 0
0.25223 -0.63706 0
0.236826 -0.598155 0
0.222364 -0.561627 0
0.208784 -0.527329 0
0.196034 -0.495125 0
0.184062 -0.464888 0
0.368125 0.929776 0
0.345644 0.872996 0
0.324535 0.819683 0
0.304716 0.769626 0
0.286108 0.722625 0
0.268635 0.678495 0
0.25223 0.63706 0
0.236826 0.598155 0
0.222364 0.561627 0
0.208784 0.527329 0
0.196034 0.495125 0
0.184062 0.464888 0
0.309017 -0.951057 0
0.290146 -0.892976 0
0.272427 -0.838443 0
0.25579 -0.78724 0
0.240169 -0.739164 0
0.225502 -0.694024 0
0.211731 -0.651641 0
0.198801 -0.611846 0
0.18666 -0.574481 0
0.175261 -0.539398 0
0.164558 -0.506457 0
0.154508 -0.475528 0
0.309017 0.951057 0
0.290146 0.892976 0
0.272427 0.838443 0
0.25579 0.78724 0
0.240169 0.739164 0
0.225502 0.694024 0
0.211731 0.651641 0
0.198801 0.611846 0
0.18666 0.574481 0
0.175261 0.539398 0
0.164558 0.506457 0
0.154508 0.475528 0
0.24869 -0.968583 0
0.233503 -0.909433 0
0.219243 -0.853894 0
0.205854 -0.801748 0
0.193283 -0.752786 0
0.181479 -0.706814 0
0.170396 -0.663649 0
0.15999 -0.623121 0
0.15022 -0.585068 0
0.141046 -0.549338 0
0.132432 -0.51579 0
0.124345 -0.484292 0
0.24869 0.968583 0
0.233503 0.909433 0
0.219243 0.853894 0
0.205854 0.801748 0
0.193283 0.752786 0
0.181479 0.706814 0
0.170396 0.663649 0
0.15999 0.623121 0
0.15022 0.585068 0
0.141046 0.549338 0
0.132432 0.51579 0
0.124345 0.484292 0
0.187381 -0.982287 0
0.175938 -0.9223 0
0.165194 -0.865976 0
0.155105 -0.813091 0
0.145633 -0.763437 0
0.13674 -0.716814 0
0.128389 -0.673039 0
0.120548 -0.631937 0
0.113187 -0.593345 0
0.106274 -0.55711 0
0.0997844 -0.523088 0
0.0936907 -0.491144 0
0.187381 0.982287 0
0.175938 0.9223 0
0.165194 0.865976 0
0.155105 0.813091 0
0.145633 0.763437 0
0.13674 0.716814 0
0.128389 0.673039 0
0.120548 0.631937 0
0.113187 0.593345 0
0.106274 0.55711 0
0.0997844 0.523088 0
0.0936907 0.491144 0
0.125333 -0.992115 0
0.117679 -0.931527 0
0.110493 -0.87464 0
0.103745 -0.821226 0
0.0974094 -0.771075 0
0.0914607 -0.723986 0
0.0858753 -0.679773 0
0.0806309 -0.63826 0
0.0757069 -0.599282 0
0.0710835 -0.562684 0
0.0667425 -0.528321 0
0.0626666 -0.496057 0
0.125333 0.992115 0
0.117679 0.931527 0
0.110493 0.87464 0
0.103745 0.821226 0
0.0974094 0.771075 0
0.0914607 0.723986 0
0.0858753 0.679773 0
0.0806309 0.63826 0
0.0757069 0.599282 0
0.0710835 0.562684 0
0.0667425 0.528321 0
0.0626666 0.496057 0
0.0627905 -0.998027 0
0.058956 -0.937078 0
0.0553556 -0.879852 0
0.0519751 -0.82612 0
0.048801 -0.77567 0
0.0458208 -0.7283 0
0.0430225 -0.683823 0
0.0403952 -0.642063 0
0.0379283 -0.602853 0
0.035612 -0.566037 0
0.0334372 -0.53147 0
0.0313953 -0.499013 0
0.0627905 0.998027 0
0.058956 0.937078 0
0.0553556 0.879852 0
0.0519751 0.82612 0
0.048801 0.77567 0
0.0458208 0.7283 0
0.0430225 0.683823 0
0.0403952 0.642063 0
0.0379283 0.602853 0
0.035612 0.566037 0
0.0334372 0.53147 0
0.0313953 0.499013 0
-1.83697e-16 -1 0
-1.72479e-16 -0.938931 0
-1.61946e-16 -0.881591 0
-1.52056e-16 -0.827753 0
-1.4277e-16 -0.777203 0
-1.34051e-16 -0.72974 0
-1.25865e-16 -0.685175 0
-1.18178e-16 -0.643332 0
-1.10961e-16 -0.604045 0
-1.04185e-16 -0.567156 0
-9.78224e-17 -0.532521 0
-9.18485e-17 -0.5 0
-1.60812e-16 1 0
-1.50992e-16 0.938931 0
-1.41771e-16 0.881591 0
-1.33113e-16 0.827753 0
-1.24984e-16 0.777203 0
-1.17351e-16 0.72974 0
-1.10185e-16 0.685175 0
-1.03456e-16 0.643332 0
-9.71378e-17 0.604045 0
-9.12057e-17 0.567156 0
-8.56358e-17 0.532521 0
-8.04061e-17 0.5 0
-0.0627905 -0.998027 0
-0.058956 -0.937078 0
-0.0553556 -0.879852 0
-0.0519751 -0.82612 0
-0.048801 -0.77567 0
-0.0458208 -0.7283 0
-0.0430225 -0.683823 0
-0.0403952 -0.642063 0
-0.0379283 -0.602853 0
-0.035612 -0.566037 0
-0.0334372 -0.53147 0
-0.0313953 -0.499013 0
-0.0627905 0.998027 0
-0.058956 0.937078 0
-0.0553556 0.879852 0
-0.0519751 0.82612 0
-0.048801 0.77567 0
-0.0458208 0.7283 0
-0.0430225 0.683823 0
-0.0403952 0.642063 0
-0.0379283 0.602853 0
-0.035612 0.566037 0
-0.0334372 0.53147 0
-0.0313953 0.499013 0
-0.125333 -0.992115 0
-0.117679 -0.931527 0
-0.110493 -0.87464 0
-0.103745 -0.821226 0
-0.0974094 -0.771075 0
-0.0914607 -0.723986 0
-0.0858753 -0.679773 0
-0.0806309 -0.63826 0
-0.0757069 -0.599282 0
-0.0710835 -0.562684 0
-0.0667425 -0.528321 0
-0.0626666 -0.496057 0
-0.125333 0.992115 0
-0.117679 0.931527 0
-0.110493 0.87464 0
-0.103745 0.821226 0
-0.0974094 0.771075 0
-0.0914607 0.723986 0
-0.0858753 0.679773 0
-0.0806309 0.63826 0
-0.0757069 0.599282 0
-0.0710835 0.562684 0
-0.0667425 0.528321 0
-0.0626666 0.496057 0
-0.187381 -0.982287 0
-0.175938 -0.9223 0
-0.165194 -0.865976 0
-0.155105 -0.813091 0
-0.145633 -0.763437 0
-0.13674 -0.716814 0
-0.128389 -0.673039 0
-0.120548 -0.631937 0
-0.113187 -0.593345 0
-0.106274 -0.55711 0
-0.0997844 -0.523088 0
-0.0936907 -0.491144 0
-0.187381 0.982287 0
-0.175938 0.9223 0
-0.165194 0.865976 0
-0.155105 0.813091 0
-0.145633 0.763437 0
-0.13674 0.716814 0
-0.128389 0.673039 0
-0.120548 0.631937 0
-0.113187 0.593345 0
-0.106274 0.55711 0
-0.0997844 0.523088 0
-0.0936907 0.491144 0
-0.24869 -0.968583 0
-0.233503 -0.909433 0
-0.219243 -0.853894 0
-0.205854 -0.801748 0
-0.193283 -0.752786 0
-0.181479 -0.706814 0
-0.170396 -0.663649 0
-0.15999 -0.623121 0
-0.15022 -0.585068 0
-0.141046 -0.549338 0
-0.132432 -0.51579 0
-0.124345 -0.484292 0
-0.24869 0.968583 0
-0.233503 0.909433 0
-0.219243 0.853894 0
-0.205854 0.801748 0
-0.193283 0.752786 0
-0.181479 0.706814 0
-0.170396 0.663649 0
-0.15999 0.623121 0
-0.15022 0.585068 0
-0.141046 0.549338 0
-0.132432 0.51579 0
-0.124345 0.484292 0
-0.309017 -0.951057 0
-0.290146 -0.892976 0
-0.272427 -0.838443 0
-0.25579 -0.78724 0
-0.240169 -0.739164 0
-0.225502 -0.694024 0
-0.211731 -0.651641 0
-0.198801 -0.611846 0
-0.18666 -0.574481 0
-0.175261 -0.539398 0
-0.164558 -0.506457 0
-0.154508 -0.475528 0
-0.309017 0.951057 0
-0.290146 0.892976 0
-0.272427 0.838443 0
-0.25579 0.78724 0
-0.240169 0.739164 0
-0.225502 0.694024 0
-0.211731 0.651641 0
-0.198801 0.611846 0
-0.18666 0.574481 0
-0.175261 0.539398 0
-0.164558 0.506457 0
-0.154508 0.475528 0
-0.368125 -0.929776 0
-0.345644 -0.872996 0
-0.324535 -0.819683 0
-0.304716 -0.769626 0
-0.286108 -0.722625 0
-0.268635 -0.678495 0
-0.25223 -0.63706 0
-0.236826 -0.598155 0
-0.222364 -0.561627 0
-0.208784 -0.527329 0
-0.196034 -0.495125 0
-0.184062 -0.464888 0
-0.368125 0.929776 0
-0.345644 0.872996 0
-0.324535 0.819683 0
-0.304716 0.769626 0
-0.286108 0.722625 0
-0.268635 0.678495 0
-0.25223 0.63706 0
-0.236826 0.598155 0
-0.222364 0.561627 0
-0.208784 0.527329 0
-0.196034 0.495125 0
-0.184062 0.464888 0
-0.425779 -0.904827 0
-0.399777 -0.84957 0
-0.375363 -0.797688 0
-0.35244 -0.748974 0
-0.330917 -0.703234 0
-0.310708 -0.660289 0
-0.291734 -0.619965 0
-0.273918 -0.582105 0
-0.25719 -0.546556 0
-0.241483 -0.513178 0
-0.226736 -0.481839 0
-0.21289 -0.452414 0
-0.425779 0.904827 0
-0.399777 0.84957 0
-0.375363 0.797688 0
-0.35244 0.748974 0
-0.330917 0.703234 0
-0.310708 0.660289 0
-0.291734 0.619965 0
-0.273918 0.582105 0
-0.25719 0.546556 0
-0.241483 0.513178 0
-0.226736 0.481839 0
-0.21289 0.452414 0
-0.481754 -0.876307 0
-0.452333 -0.822791 0
-0.42471 -0.772544 0
-0.398773 -0.725366 0
-0.37442 -0.681068 0
-0.351555 -0.639476 0
-0.330086 -0.600424 0
-0.309928 -0.563757 0
-0.291001 -0.529328 0
-0.27323 -0.497003 0
-0.256544 -0.466651 0
-0.240877 -0.438153 0
-0.481754 0.876307 0
-0.452333 0.822791 0
-0.42471 0.772544 0
-0.398773 0.725366 0
-0.37442 0.681068 0
-0.351555 0.639476 0
-0.330086 0.600424 0
-0.309928 0.563757 0
-0.291001 0.529328 0
-0.27323 0.497003 0
-0.256544 0.466651 0
-0.240877 0.438153 0
-0.535827 -0.844328 0
-0.503104 -0.792766 0
-0.47238 -0.744352 0
-0.443532 -0.698895 0
-0.416446 -0.656214 0
-0.391014 -0.61614 0
-0.367135 -0.578513 0
-0.344715 -0.543184 0
-0.323663 -0.510012 0
-0.303898 -0.478866 0
-0.285339 -0.449622 0
-0.267913 -0.422164 0
-0.535827 0.844328 0
-0.503104 0.792766 0
-0.47238 0.744352 0
-0.443532 0.698895 0
-0.416446 0.656214 0
-0.391014 0.61614 0
-0.367135 0.578513 0
-0.344715 0.543184 0
-0.323663 0.510012 0
-0.303898 0.478866 0
-0.285339 0.449622 0
-0.267913 0.422164 0
-0.587785 -0.809017 0
-0.55189 -0.759611 0
-0.518186 -0.713222 0
-0.486541 -0.669666 0
-0.456829 -0.628771 0
-0.42893 -0.590372 0
-0.402736 -0.554319 0
-0.378141 -0.520467 0
-0.355049 -0.488682 0
-0.333366 -0.458839 0
-0.313008 -0.430818 0
-0.293893 -0.404508 0
-0.587785 0.809017 0
-0.55189 0.759611 0
-0.518186 0.713222 0
-0.486541 0.669666 0
-0.456829 0.628771 0
-0.42893 0.590372 0
-0.402736 0.554319 0
-0.378141 0.520467 0
-0.355049 0.488682 0
-0.333366 0.458839 0
-0.313008 0.430818 0
-0.293893 0.404508 0
-0.637424 -0.770513 0
-0.598497 -0.723459 0
-0.561947 -0.679278 0
-0.52763 -0.637795 0
-0.495408 -0.598845 0
-0.465154 -0.562274 0
-0.436747 -0.527937 0
-0.410076 -0.495696 0
-0.385033 -0.465424 0
-0.361519 -0.437001 0
-0.339441 -0.410314 0
-0.318712 -0.385257 0
-0.637424 0.770513 0
-0.598497 0.723459 0
-0.561947 0.679278 0
-0.52763 0.637795 0
-0.495408 0.598845 0
-0.465154 0.562274 0
-0.436747 0.527937 0
-0.410076 0.495696 0
-0.385033 0.465424 0
-0.361519 0.437001 0
-0.339441 0.410314 0
-0.318712 0.385257 0
-0.684547 -0.728969 0
-0.642742 -0.684451 0
-0.603491 -0.642652 0
-0.566636 -0.603406 0
-0.532032 -0.566557 0
-0.499541 -0.531958 0
-0.469035 -0.499471 0
-0.440391 -0.468969 0
-0.413497 -0.44033 0
-0.388245 -0.413439 0
-0.364535 -0.388191 0
-0.342274 -0.364484 0
-0.684547 0.728969 0
-0.642742 0.684451 0
-0.603491 0.642652 0
-0.566636 0.603406 0
-0.532032 0.566557 0
-0.499541 0.531958 0
-0.469035 0.499471 0
-0.440391 0.468969 0
-0.413497 0.44033 0
-0.388245 0.413439 0
-0.364535 0.388191 0
-0.342274 0.364484 0
-0.728969 -0.684547 0
-0.684451 -0.642742 0
-0.642652 -0.603491 0
-0.603406 -0.566636 0
-0.566557 -0.532032 0
-0.531958 -0.499541 0
-0.499471 -0.469035 0
-0.468969 -0.440391 0
-0.44033 -0.413497 0
-0.413439 -0.388245 0
-0.388191 -0.364535 0
-0.364484 -0.342274 0
-0.728969 0.684547 0
-0.684451 0.642742 0
-0.642652 0.603491 0
-0.603406 0.566636 0
-0.566557 0.532032 0
-0.531958 0.499541 0
-0.499471 0.469035 0
-0.468969 0.440391 0
-0.44033 0.413497 0
-0.413439 0.388245 0
-0.388191 0.364535 0
-0.364484 0.342274 0
-0.770513 -0.637424 0
-0.723459 -0.598497 0
-0.679278 -0.561947 0
-0.637795 -0.52763 0
-0.598845 -0.495408 0
-0.562274 -0.465154 0
-0.527937 -0.436747 0
-0.495696 -0.410076 0
-0.465424 -0.385033 0
-0.437001 -0.361519 0
-0.410314 -0.339441 0
-0.385257 -0.318712 0
-0.770513 0.637424 0
-0.723459 0.598497 0
-0.679278 0.561947 0
-0.637795 0.52763 0
-0.598845 0.495408 0
-0.562274 0.465154 0
-0.527937 0.436747 0
-0.495696 0.410076 0
-0.465424 0.385033 0
-0.437001 0.361519 0
-0.410314 0.339441 0
-0.385257 0.318712 0
-0.809017 -0.587785 0
-0.759611 -0.55189 0
-0.713222 -0.518186 0
-0.669666 -0.486541 0
-0.628771 -0.456829 0
-0.590372 -0.42893 0
-0.554319 -0.402736 0
-0.520467 -0.378141 0
-0.488682 -0.355049 0
-0.458839 -0.333366 0
-0.430818 -0.313008 0
-0.404508 -0.293893 0
-0.809017 0.587785 0
-0.759611 0.55189 0
-0.713222 0.518186 0
-0.669666 0.486541 0
-0.628771 0.456829 0
-0.590372 0.42893 0
-0.554319 0.402736 0
-0.520467 0.378141 0
-0.488682 0.355049 0
-0.458839 0.333366 0
-0.430818 0.313008 0
-0.404508 0.293893 0
-0.844328 -0.535827 0
-0.792766 -0.503104 0
-0.744352 -0.47238 0
-0.698895 -0.443532 0
-0.656214 -0.416446 0
-0.61614 -0.391014 0
-0.578513 -0.367135 0
-0.543184 -0.344715 0
-0.510012 -0.323663 0
-0.478866 -0.303898 0
-0.449622 -0.285339 0
-0.422164 -0.267913 0
-0.844328 0.535827 0
-0.792766 0.503104 0
-0.744352 0.47238 0
-0.698895 0.443532 0
-0.656214 0.416446 0
-0.61614 0.391014 0
-0.578513 0.367135 0
-0.543184 0.344715 0
-0.510012 0.323663 0
-0.478866 0.303898 0
-0.449622 0.285339 0
-0.422164 0.267913 0
-0.876307 -0.481754 0
-0.822791 -0.452333 0
-0.772544 -0.42471 0
-0.725366 -0.398773 0
-0.681068 -0.37442 0
-0.639476 -0.351555 0
-0.600424 -0.330086 0
-0.563757 -0.309928 0
-0.529328 -0.291001 0
-0.497003 -0.27323 0
-0.466651 -0.256544 0
-0.438153 -0.240877 0
-0.876307 0.481754 0
-0.822791 0.452333 0
-0.772544 0.42471 0
-0.725366 0.398773 0
-0.681068 0.37442 0
-0.639476 0.351555 0
-0.600424 0.330086 0
-0.563757 0.309928 0
-0.529328 0.291001 0
-0.497003 0.27323 0
-0.466651 0.256544 0
-0.438153 0.240877 0
-0.904827 -0.425779 0
-0.84957 -0.399777 0
-0.797688 -0.375363 0
-0.748974 -0.35244 0
-0.703234 -0.330917 0
-0.660289 -0.310708 0
-0.619965 -0.291734 0
-0.582105 -0.273918 0
-0.546556 -0.25719 0
-0.513178 -0.241483 0
-0.481839 -0.226736 0
-0.452414 -0.21289 0
-0.904827 0.425779 0
-0.84957 0.399777 0
-0.797688 0.375363 0
-0.748974 0.35244 0
-0.703234 0.330917 0
-0.660289 0.310708 0
-0.619965 0.291734 0
-0.582105 0.273918 0
-0.546556 0.25719 0
-0.513178 0.241483 0
-0.481839 0.226736 0
-0.452414 0.21289 0
-0.929776 -0.368125 0
-0.872996 -0.345644 0
-0.819683 -0.324535 0
-0.769626 -0.304716 0
-0.722625 -0.286108 0
-0.678495 -0.268635 0
-0.63706 -0.25223 0
-0.598155 -0.236826 0
-0.561627 -0.222364 0
-0.527329 -0.208784 0
-0.495125 -0.196034 0
-0.464888 -0.184062 0
-0.929776 0.368125 0
-0.872996 0.345644 0
-0.819683 0.324535 0
-0.769626 0.304716 0
-0.722625 0.286108 0
-0.678495 0.268635 0
-0.63706 0.25223 0
-0.598155 0.236826 0
-0.561627 0.222364 0
-0.527329 0.208784 0
-0.495125 0.196034 0
-0.464888 0.184062 0
-0.951057 -0.309017 0
-0.892976 -0.290146 0
-0.838443 -0.272427 0
-0.78724 -0.25579 0
-0.739164 -0.240169 0
-0.694024 -0.225502 0
-0.651641 -0.211731 0
-0.611846 -0.198801 0
-0.574481 -0.18666 0
-0.539398 -0.175261 0
-0.506457 -0.164558 0
-0.475528 -0.154508 0
-0.951057 0.309017 0
-0.892976 0.290146 0
-0.838443 0.272427 0
-0.78724 0.25579 0
-0.739164 0.240169 0
-0.694024 0.225502 0
-0.651641 0.211731 0
-0.611846 0.198801 0
-0.574481 0.18666 0
-0.539398 0.175261 0
-0.506457 0.164558 0
-0.475528 0.154508 0
-0.968583 -0.24869 0
-0.909433 -0.233503 0
-0.853894 -0.219243 0
-0.801748 -0.205854 0
-0.752786 -0.193283 0
-0.706814 -0.181479 0
-0.663649 -0.170396 0
-0.623121 -0.15999 0
-0.585068 -0.15022 0
-0.549338 -0.141046 0
-0.51579 -0.132432 0
-0.484292 -0.124345 0
-0.968583 0.24869 0
-0.909433 0.233503 0
-0.853894 0.219243 0
-0.801748 0.205854 0
-0.752786 0.193283 0
-0.706814 0.181479 0
-0.663649 0.170396 0
-0.623121 0.15999 0
-0.585068 0.15022 0
-0.549338 0.141046 0
-0.51579 0.132432 0
-0.484292 0.124345 0
-0.982287 -0.187381 0
-0.9223 -0.175938 0
-0.865976 -0.165194 0
-0.813091 -0.155105 0
-0.763437 -0.145633 0
-0.716814 -0.13674 0
-0.673039 -0.128389 0
-0.631937 -0.120548 0
-0.593345 -0.113187 0
-0.55711 -0.106274 0
-0.523088 -0.0997844 0
-0.491144 -0.0936907 0
-0.982287 0.187381 0
-0.9223 0.175938 0
-0.865976 0.165194 0
-0.813091 0.155105 0
-0.763437 0.145633 0
-0.716814 0.13674 0
-0.673039 0.128389 0
-0.631937 0.120548 0
-0.593345 0.113187 0
-0.55711 0.106274 0
-0.523088 0.0997844 0
-0.491144 0.0936907 0
-0.992115 -0.125333 0
-0.931527 -0.117679 0
-0.87464 -0.110493 0
-0.821226 -0.103745 0
-0.771075 -0.0974094 0
-0.723986 -0.0914607 0
-0.679773 -0.0858753 0
-0.63826 -0.0806309 0
-0.599282 -0.0757069 0
-0.562684 -0.0710835 0
-0.528321 -0.0667425 0
-0.496057 -0.0626666 0
-0.992115 0.125333 0
-0.931527 0.117679 0
-0.87464 0.110493 0
-0.821226 0.103745 0
-0.771075 0.0974094 0
-0.723986 0.0914607 0
-0.679773 0.0858753 0
-0.63826 0.0806309 0
-0.599282 0.0757069 0
-0.562684 0.0710835 0
-0.528321 0.0667425 0
-0.496057 0.0626666 0
-0.998027 -0.0627905 0
-0.937078 -0.058956 0
-0.879852 -0.0553556 0
-0.82612 -0.0519751 0
-0.77567 -0.048801 0
-0.7283 -0.0458208 0
-0.683823 -0.0430225 0
-0.642063 -0.0403952 0
-0.602853 -0.0379283 0
-0.566037 -0.035612 0
-0.53147 -0.0334372 0
-0.499013 -0.0313953 0
-0.998027 0.0627905 0
-0.937078 0.058956 0
-0.879852 0.0553556 0
-0.82612 0.0519751 0
-0.77567 0.048801 0
-0.7283 0.0458208 0
-0.683823 0.0430225 0
-0.642063 0.0403952 0
-0.602853 0.0379283 0
-0.566037 0.035612 0
-0.53147 0.0334372 0
-0.499013 0.0313953 0
-1 -3.21625e-16 0
-0.938931 -3.01983e-16 0
-0.881591 -2.83541e-16 0
-0.827753 -2.66226e-16 0
-0.777203 -2.49968e-16 0
-0.72974 -2.34702e-16 0
-0.685175 -2.20369e-16 0
-0.643332 -2.06911e-16 0
-0.604045 -1.94276e-16 0
-0.567156 -1.82411e-16 0
-0.532521 -1.71272e-16 0
-0.5 -1.60812e-16 0
POLYGONS 1100 5500
4 25 1 0 24 
4 26 2 1 25 
4 27 3 2 26 
4 28 4 3 27 
4 29 5 4 28 
4 30 6 5 29 
4 31 7 6 30 
4 32 8 7 31 
4 33 9 8 32 
4 34 10 9 33 
4 35 11 10 34 
4 49 25 24 48 
4 50 26 25 49 
4 51 27 26 50 
4 52 28 27 51 
4 53 29 28 52 
4 54 30 29 53 
4 55 31 30 54 
4 56 32 31 55 
4 57 33 32 56 
4 58 34 33 57 
4 59 35 34 58 
4 73 49 48 72 
4 74 50 49 73 
4 75 51 50 74 
4 76 52 51 75 
4 77 53 52 76 
4 78 54 53 77 
4 79 55 54 78 
4 80 56 55 79 
4 81 57 56 80 
4 82 58 57 81 
4 83 59 58 82 
4 97 73 72 96 
4 98 74 73 97 
4 99 75 74 98 
4 100 76 75 99 
4 101 77 76 100 
4 102 78 77 101 
4 103 79 78 102 
4 104 80 79 103 
4 105 81 80 104 
4 106 82 81 105 
4 107 83 82 106 
4 121 97 96 120 
4 122 98 97 121 
4 123 99 98 122 
4 124 100 99 123 
4 125 101 100 124 
4 126 102 101 125 
4 127 103 102 126 
4 128 104 103 127 
4 129 105 104 128 
4 130 106 105 129 
4 131 107 106 130 
4 145 121 120 144 
4 146 122 121 145 
4 147 123 122 146 
4 148 124 123 147 
4 149 125 124 148 
4 150 126 125 149 
4 151 127 126 150 
4 152 128 127 151 
4 153 129 128 152 
4 154 130 129 153 
4 155 131 130 154 
4 169 145 144 168 
4 170 146 145 169 
4 171 147 146 170 
4 172 148 147 171 
4 173 149 148 172 
4 174 150 149 173 
4 175 151 150 174 
4 176 152 151 175 
4 177 153 152 176 
4 178 154 153 177 
4 179 155 154 178 
4 193 169 168 192 
4 194 170 169 193 
4 195 171 170 194 
4 196 172 171 195 
4 197 173 172 196 
4 198 174 173 197 
4 199 175 174 198 
4 200 176 175 199 
4 201 177 176 200 
4 202 178 177 201 
4 203 179 178 202 
4 217 193 192 216 
4 218 194 193 217 
4 219 195 194 218 
4 220 196 195 219 
4 221 197 196 220 
4 222 198 197 221 
4 223 199 198 222 
4 224 200 199 223 
4 225 201 200 224 
4 226 202 201 225 
4 227 203 202 226 
4 241 217 216 240 
4 242 218 217 241 
4 243 219 218 242 
4 244 220 219 243 
4 245 221 220 244 
4 246 222 221 245 
4 247 223 222 246 
4 248 224 223 247 
4 249 225 224 248 
4 250 226 225 249 
4 251 227 226 250 
4 265 241 240 264 
4 266 242 241 265 
4 267 243 242 266 
4 268 244 243 267 
4 269 245 244 268 
4 270 246 245 269 
4 271 247 246 270 
4 272 248 247 271 
4 273 249 248 272 
4 274 250 249 273 
4 275 251 250 274 
4 289 265 264 288 
4 290 266 265 289 
4 291 267 266 290 
4 292 268 267 291 
4 293 269 268 292 
4 294 270 269 293 
4 295 271 270 294 
4 296 272 271 295 
4 297 273 272 296 
4 298 274 273 297 
4 299 275 274 298 
4 313 289 288 312 
4 314 290 289 313 
4 315 291 290 314 
4 316 292 291 315 
4 317 293 292 316 
4 318 294 293 317 
4 319 295 294 318 
4 320 296 295 319 
4 321 297 296 320 
4 322 298 297 321 
4 323 299 298 322 
4 337 313 312 336 
4 338 314 313 337 
4 339 315 314 338 
4 340 316 315 339 
4 341 317 316 340 
4 342 318 317 341 
4 343 319 318 342 
4 344 320 319 343 
4 345 321 320 344 
4 346 322 321 345 
4 347 323 322 346 
4 361 337 336 360 
4 362 338 337 361 
4 363 339 338 362 
4 364 340 339 363 
4 365 341 340 364 
4 366 342 341 365 
4 367 343 342 366 
4 368 344 343 367 
4 369 345 344 368 
4 370 346 345 369 
4 371 347 346 370 
4 385 361 360 384 
4 386 362 361 385 
4 387 363 362 386 
4 388 364 363 387 
4 389 365 364 388 
4 390 366 365 389 
4 391 367 366 390 
4 392 368 367 391 
4 393 369 368 392 
4 394 370 369 393 
4 395 371 370 394 
4 409 385 384 408 
4 410 386 385 409 
4 411 387 386 410 
4 412 388 387 411 
4 413 389 388 412 
4 414 390 389 413 
4 415 391 390 414 
4 416 392 391 415 
4 417 393 392 416 
4 418 394 393 417 
4 419 395 394 418 
4 433 409 408 432 
4 434 410 409 433 
4 435 411 410 434 
4 436 412 411 435 
4 437 413 412 436 
4 438 414 413 437 
4 439 415 414 438 
4 440 416 415 439 
4 441 417 416 440 
4 442 418 417 441 
4 443 419 418 442 
4 457 433 432 456 
4 458 434 433 457 
4 459 435 434 458 
4 460 436 435 459 
4 461 437 436 460 
4 462 438 437 461 
4 463 439 438 462 
4 464 440 439 463 
4 465 441 440 464 
4 466 442 441 465 
4 467 443 442 466 
4 481 457 456 480 
4 482 458 457 481 
4 483 459 458 482 
4 484 460 459 483 
4 485 461 460 484 
4 486 462 461 485 
4 487 463 462 486 
4 488 464 463 487 
4 489 465 464 488 
4 490 466 465 489 
4 491 467 466 490 
4 505 481 480 504 
4 506 482 481 505 
4 507 483 482 506 
4 508 484 483 507 
4 509 485 484 508 
4 510 486 485 509 
4 511 487 486 510 
4 512 488 487 511 
4 513 489 488 512 
4 514 490 489 513 
4 515 491 490 514 
4 529 505 504 528 
4 530 506 505 529 
4 531 507 506 530 
4 532 508 507 531 
4 533 509 508 532 
4 534 510 509 533 
4 535 511 510 534 
4 536 512 511 535 
4 537 513 512 536 
4 538 514 513 537 
4 539 515 514 538 
4 553 529 528 552 
4 554 530 529 553 
4 555 531 530 554 
4 556 532 531 555 
4 557 533 532 556 
4 558 534 533 557 
4 559 535 534 558 
4 560 536 535 559 
4 561 537 536 560 
4 562 538 537 561 
4 563 539 538 562 
4 577 553 552 576 
4 578 554 553 577 
4 579 555 554 578 
4 580 556 555 579 
4 581 557 556 580 
4 582 558 557 581 
4 583 559 558 582 
4 584 560 559 583 
4 585 561 560 584 
4 586 562 561 585 
4 587 563 562 586 
4 601 577 576 600 
4 602 578 577 601 
4 603 579 578 602 
4 604 580 579 603 
4 605 581 580 604 
4 606 582 581 605 
4 607 583 582 606 
4 608 584 583 607 
4 609 585 584 608 
4 610 586 585 609 
4 611 587 586 610 
4 625 601 600 624 
4 626 602 601 625 
4 627 603 602 626 
4 628 604 603 627 
4 629 605 604 628 
4 630 606 605 629 
4 631 607 606 630 
4 632 608 607 631 
4 633 609 608 632 
4 634 610 609 633 
4 635 611 610 634 
4 649 625 624 648 
4 650 626 625 649 
4 651 627 626 650 
4 652 628 627 651 
4 653 629 628 652 
4 654 630 629 653 
4 655 631 630 654 
4 656 632 631 655 
4 657 633 632 656 
4 658 634 633 657 
4 659 635 634 658 
4 673 649 648 672 
4 674 650 649 673 
4 675 651 650 674 
4 676 652 651 675 
4 677 653 652 676 
4 678 654 653 677 
4 679 655 654 678 
4 680 656 655 679 
4 681 657 656 680 
4 682 658 657 681 
4 683 659 658 682 
4 697 673 672 696 
4 698 674 673 697 
4 699 675 674 698 
4 700 676 675 699 
4 701 677 676 700 
4 702 678 677 701 
4 703 679 678 702 
4 704 680 679 703 
4 705 681 680 704 
4 706 682 681 705 
4 707 683 682 706 
4 721 697 696 720 
4 722 698 697 721 
4 723 699 698 722 
4 724 700 699 723 
4 725 701 700 724 
4 726 702 701 725 
4 727 703 702 726 
4 728 704 703 727 
4 729 705 704 728 
4 730 706 705 729 
4 731 707 706 730 
4 745 721 720 744 
4 746 722 721 745 
4 747 723 722 746 
4 748 724 723 747 
4 749 725 724 748 
4 750 726 725 749 
4 751 727 726 750 
4 752 728 727 751 
4 753 729 728 752 
4 754 730 729 753 
4 755 731 730 754 
4 769 745 744 768 
4 770 746 745 769 
4 771 747 746 770 
4 772 748 747 771 
4 773 749 748 772 
4 774 750 749 773 
4 775 751 750 774 
4 776 752 751 775 
4 777 753 752 776 
4 778 754 753 777 
4 779 755 754 778 
4 793 769 768 792 
4 794 770 769 793 
4 795 771 770 794 
4 796 772 771 795 
4 797 773 772 796 
4 798 774 773 797 
4 799 775 774 798 
4 800 776 775 799 
4 801 777 776 800 
4 802 778 777 801 
4 803 779 778 802 
4 817 793 792 816 
4 818 794 793 817 
4 819 795 794 818 
4 820 796 795 819 
4 821 797 796 820 
4 822 798 797 821 
4 823 799 798 822 
4 824 800 799 823 
4 825 801 800 824 
4 826 802 801 825 
4 827 803 802 826 
4 841 817 816 840 
4 842 818 817 841 
4 843 819 818 842 
4 844 820 819 843 
4 845 821 820 844 
4 846 822 821 845 
4 847 823 822 846 
4 848 824 823 847 
4 849 825 824 848 
4 850 826 825 849 
4 851 827 826 850 
4 865 841 840 864 
4 866 842 841 865 
4 867 843 842 866 
4 868 844 843 867 
4 869 845 844 868 
4 870 846 845 869 
4 871 847 846 870 
4 872 848 847 871 
4 873 849 848 872 
4 874 850 849 873 
4 875 851 850 874 
4 889 865 864 888 
4 890 866 865 889 
4 891 867 866 890 
4 892 868 867 891 
4 893 869 868 892 
4 894 870 869 893 
4 895 871 870 894 
4 896 872 871 895 
4 897 873 872 896 
4 898 874 873 897 
4 899 875 874 898 
4 913 889 888 912 
4 914 890 889 913 
4 915 891 890 914 
4 916 892 891 915 
4 917 893 892 916 
4 918 894 893 917 
4 919 895 894 918 
4 920 896 895 919 
4 921 897 896 920 
4 922 898 897 921 
4 923 899 898 922 
4 937 913 912 936 
4 938 914 913 937 
4 939 915 914 938 
4 940 916 915 939 
4 941 917 916 940 
4 942 918 917 941 
4 943 919 918 942 
4 944 920 919 943 
4 945 921 920 944 
4 946 922 921 945 
4 947 923 922 946 
4 961 937 936 960 
4 962 938 937 961 
4 963 939 938 962 
4 964 940 939 963 
4 965 941 940 964 
4 966 942 941 965 
4 967 943 942 966 
4 968 944 943 967 
4 969 945 944 968 
4 970 946 945 969 
4 971 947 946 970 
4 985 961 960 984 
4 986 962 961 985 
4 987 963 962 986 
4 988 964 963 987 
4 989 965 964 988 
4 990 966 965 989 
4 991 967 966 990 
4 992 968 967 991 
4 993 969 968 992 
4 994 970 969 993 
4 995 971 970 994 
4 1009 985 984 1008 
4 1010 986 985 1009 
4 1011 987 986 1010 
4 1012 988 987 1011 
4 1013 989 988 1012 
4 1014 990 989 1013 
4 1015 991 990 1014 
4 1016 992 991 1015 
4 1017 993 992 1016 
4 1018 994 993 1017 
4 1019 995 994 1018 
4 1033 1009 1008 1032 
4 1034 1010 1009 1033 
4 1035 1011 1010 1034 
4 1036 1012 1011 1035 
4 1037 1013 1012 1036 
4 1038 1014 1013 1037 
4 1039 1015 1014 1038 
4 1040 1016 1015 1039 
4 1041 1017 1016 1040 
4 1042 1018 1017 1041 
4 1043 1019 1018 1042 
4 1057 1033 1032 1056 
4 1058 1034 1033 1057 
4 1059 1035 1034 1058 
4 1060 1036 1035 1059 
4 1061 1037 1036 1060 
4 1062 1038 1037 1061 
4 1063 1039 1038 1062 
4 1064 1040 1039 1063 
4 1065 1041 1040 1064 
4 1066 1042 1041 1065 
4 1067 1043 1042 1066 
4 1081 1057 1056 1080 
4 1082 1058 1057 1081 
4 1083 1059 1058 1082 
4 1084 1060 1059 1083 
4 1085 1061 1060 1084 
4 1086 1062 1061 1085 
4 1087 1063 1062 1086 
4 1088 1064 1063 1087 
4 1089 1065 1064 1088 
4 1090 1066 1065 1089 
4 1091 1067 1066 1090 
4 1105 1081 1080 1104 
4 1106 1082 1081 1105 
4 1107 1083 1082 1106 
4 1108 1084 1083 1107 
4 1109 1085 1084 1108 
4 1110 1086 1085 1109 
4 1111 1087 1086 1110 
4 1112 1088 1087 1111 
4 1113 1089 1088 1112 
4 1114 1090 1089 1113 
4 1115 1091 1090 1114 
4 1129 1105 1104 1128 
4 1130 1106 1105 1129 
4 1131 1107 1106 1130 
4 1132 1108 1107 1131 
4 1133 1109 1108 1132 
4 1134 1110 1109 1133 
4 1135 1111 1110 1134 
4 1136 1112 1111 1135 
4 1137 1113 1112 1136 
4 1138 1114 1113 1137 
4 1139 1115 1114 1138 
4 1153 1129 1128 1152 
4 1154 1130 1129 1153 
4 1155 1131 1130 1154 
4 1156 1132 1131 1155 
4 1157 1133 1132 1156 
4 1158 1134 1133 1157 
4 1159 1135 1134 1158 
4 1160 1136 1135 1159 
4 1161 1137 1136 1160 
4 1162 1138 1137 1161 
4 1163 1139 1138 1162 
4 1177 1153 1152 1176 
4 1178 1154 1153 1177 
4 1179 1155 1154 1178 
4 1180 1156 1155 1179 
4 1181 1157 1156 1180 
4 1182 1158 1157 1181 
4 1183 1159 1158 1182 
4 1184 1160 1159 1183 
4 1185 1161 1160 1184 
4 1186 1162 1161 1185 
4 1187 1163 1162 1186 
4 1189 1177 1176 1188 
4 1190 1178 1177 1189 
4 1191 1179 1178 1190 
4 1192 1180 1179 1191 
4 1193 1181 1180 1192 
4 1194 1182 1181 1193 
4 1195 1183 1182 1194 
4 1196 1184 1183 1195 
4 1197 1185 1184 1196 
4 1198 1186 1185 1197 
4 1199 1187 1186 1198 
4 1165 1189 1188 1164 
4 1166 1190 1189 1165 
4 1167 1191 1190 1166 
4 1168 1192 1191 1167 
4 1169 1193 1192 1168 
4 1170 1194 1193 1169 
4 1171 1195 1194 1170 
4 1172 1196 1195 1171 
4 1173 1197 1196 1172 
4 1174 1198 1197 1173 
4 1175 1199 1198 1174 
4 1141 1165 1164 1140 
4 1142 1166 1165 1141 
4 1143 1167 1166 1142 
4 1144 1168 1167 1143 
4 1145 1169 1168 1144 
4 1146 1170 1169 1145 
4 1147 1171 1170 1146 
4 1148 1172 1171 1147 
4 1149 1173 1172 1148 
4 1150 1174 1173 1149 
4 1151 1175 1174 1150 
4 1117 1141 1140 1116 
4 1118 1142 1141 1117 
4 1119 1143 1142 1118 
4 1120 1144 1143 1119 
4 1121 1145 1144 1120 
4 1122 1146 1145 1121 
4 1123 1147 1146 1122 
4 1124 1148 1147 1123 
4 1125 1149 1148 1124 
4 1126 1150 1149 1125 
4 1127 1151 1150 1126 
4 1093 1117 1116 1092 
4 1094 1118 1117 1093 
4 1095 1119 1118 1094 
4 1096 1120 1119 1095 
4 1097 1121 1120 1096 
4 1098 1122 1121 1097 
4 1099 1123 1122 1098 
4 1100 1124 1123 1099 
4 1101 1125 1124 1100 
4 1102 1126 1125 1101 
4 1103 1127 1126 1102 
4 1069 1093 1092 1068 
4 1070 1094 1093 1069 
4 1071 1095 1094 1070 
4 1072 1096 1095 1071 
4 1073 1097 1096 1072 
4 1074 1098 1097 1073 
4 1075 1099 1098 1074 
4 1076 1100 1099 1075 
4 1077 1101 1100 1076 
4 1078 1102 1101 1077 
4 1079 1103 1102 1078 
4 1045 1069 1068 1044 
4 1046 1070 1069 1045 
4 1047 1071 1070 1046 
4 1048 1072 1071 1047 
4 1049 1073 1072 1048 
4 1050 1074 1073 1049 
4 1051 1075 1074 1050 
4 1052 1076 1075 1051 
4 1053 1077 1076 1052 
4 1054 1078 1077 1053 
4 1055 1079 1078 1054 
4 1021 1045 1044 1020 
4 1022 1046 1045 1021 
4 1023 1047 1046 1022 
4 1024 1048 1047 1023 
4 1025 1049 1048 1024 
4 1026 1050 1049 1025 
4 1027 1051 1050 1026 
4 1028 1052 1051 1027 
4 1029 1053 1052 1028 
4 1030 1054 1053 1029 
4 1031 1055 1054 1030 
4 997 1021 1020 996 
4 998 1022 1021 997 
4 999 1023 1022 998 
4 1000 1024 1023 999 
4 1001 1025 1024 1000 
4 1002 1026 1025 1001 
4 1003 1027 1026 1002 
4 1004 1028 1027 1003 
4 1005 1029 1028 1004 
4 1006 1030 1029 1005 
4 1007 1031 1030 1006 
4 973 997 996 972 
4 974 998 997 973 
4 975 999 998 974 
4 976 1000 999 975 
4 977 1001 1000 976 
4 978 1002 1001 977 
4 979 1003 1002 978 
4 980 1004 1003 979 
4 981 1005 1004 980 
4 982 1006 1005 981 
4 983 1007 1006 982 
4 949 973 972 948 
4 950 974 973 949 
4 951 975 974 950 
4 952 976 975 951 
4 953 977 976 952 
4 954 978 977 953 
4 955 979 978 954 
4 956 980 979 955 
4 957 981 980 956 
4 958 982 981 957 
4 959 983 982 958 
4 925 949 948 924 
4 926 950 949 925 
4 927 951 950 926 
4 928 952 951 927 
4 929 953 952 928 
4 930 954 953 929 
4 931 955 954 930 
4 932 956 955 931 
4 933 957 956 932 
4 934 958 957 933 
4 935 959 958 934 
4 901 925 924 900 
4 902 926 925 901 
4 903 927 926 902 
4 904 928 927 903 
4 905 929 928 904 
4 906 930 929 905 
4 907 931 930 906 
4 908 932 931 907 
4 909 933 932 908 
4 910 934 933 909 
4 911 935 934 910 
4 877 901 900 876 
4 878 902 901 877 
4 879 903 902 878 
4 880 904 903 879 
4 881 905 904 880 
4 882 906 905 881 
4 883 907 906 882 
4 884 908 907 883 
4 885 909 908 884 
4 886 910 909 885 
4 887 911 910 886 
4 853 877 876 852 
4 854 878 877 853 
4 855 879 878 854 
4 856 880 879 855 
4 857 881 880 856 
4 858 882 881 857 
4 859 883 882 858 
4 860 884 883 859 
4 861 885 884 860 
4 862 886 885 861 
4 863 887 886 862 
4 829 853 852 828 
4 830 854 853 829 
4 831 855 854 830 
4 832 856 855 831 
4 833 857 856 832 
4 834 858 857 833 
4 835 859 858 834 
4 836 860 859 835 
4 837 861 860 836 
4 838 862 861 837 
4 839 863 862 838 
4 805 829 828 804 
4 806 830 829 805 
4 807 831 830 806 
4 808 832 831 807 
4 809 833 832 808 
4 810 834 833 809 
4 811 835 834 810 
4 812 836 835 811 
4 813 837 836 812 
4 814 838 837 813 
4 815 839 838 814 
4 781 805 804 780 
4 782 806 805 781 
4 783 807 806 782 
4 784 808 807 783 
4 785 809 808 784 
4 786 810 809 785 
4 787 811 810 786 
4 788 812 811 787 
4 789 813 812 788 
4 790 814 813 789 
4 791 815 814 790 
4 757 781 780 756 
4 758 782 781 757 
4 759 783 782 758 
4 760 784 783 759 
4 761 785 784 760 
4 762 786 785 761 
4 763 787 786 762 
4 764 788 787 763 
4 765 789 788 764 
4 766 790 789 765 
4 767 791 790 766 
4 733 757 756 732 
4 734 758 757 733 
4 735 759 758 734 
4 736 760 759 735 
4 737 761 760 736 
4 738 762 761 737 
4 739 763 762 738 
4 740 764 763 739 
4 741 765 764 740 
4 742 766 765 741 
4 743 767 766 742 
4 709 733 732 708 
4 710 734 733 709 
4 711 735 734 710 
4 712 736 735 711 
4 713 737 736 712 
4 714 738 737 713 
4 715 739 738 714 
4 716 740 739 715 
4 717 741 740 716 
4 718 742 741 717 
4 719 743 742 718 
4 685 709 708 684 
4 686 710 709 685 
4 687 711 710 686 
4 688 712 711 687 
4 689 713 712 688 
4 690 714 713 689 
4 691 715 714 690 
4 692 716 715 691 
4 693 717 716 692 
4 694 718 717 693 
4 695 719 718 694 
4 661 685 684 660 
4 662 686 685 661 
4 663 687 686 662 
4 664 688 687 663 
4 665 689 688 664 
4 666 690 689 665 
4 667 691 690 666 
4 668 692 691 667 
4 669 693 692 668 
4 670 694 693 669 
4 671 695 694 670 
4 637 661 660 636 
4 638 662 661 637 
4 639 663 662 638 
4 640 664 663 639 
4 641 665 664 640 
4 642 666 665 641 
4 643 667 666 642 
4 644 668 667 643 
4 645 669 668 644 
4 646 670 669 645 
4 647 671 670 646 
4 613 637 636 612 
4 614 638 637 613 
4 615 639 638 614 
4 616 640 639 615 
4 617 641 640 616 
4 618 642 641 617 
4 619 643 642 618 
4 620 644 643 619 
4 621 645 644 620 
4 622 646 645 621 
4 623 647 646 622 
4 589 613 612 588 
4 590 614 613 589 
4 591 615 614 590 
4 592 616 615 591 
4 593 617 616 592 
4 594 618 617 593 
4 595 619 618 594 
4 596 620 619 595 
4 597 621 620 596 
4 598 622 621 597 
4 599 623 622 598 
4 565 589 588 564 
4 566 590 589 565 
4 567 591 590 566 
4 568 592 591 567 
4 569 593 592 568 
4 570 594 593 569 
4 571 595 594 570 
4 572 596 595 571 
4 573 597 596 572 
4 574 598 597 573 
4 575 599 598 574 
4 541 565 564 540 
4 542 566 565 541 
4 543 567 566 542 
4 544 568 567 543 
4 545 569 568 544 
4 546 570 569 545 
4 547 571 570 546 
4 548 572 571 547 
4 549 573 572 548 
4 550 574 573 549 
4 551 575 574 550 
4 517 541 540 516 
4 518 542 541 517 
4 519 543 542 518 
4 520 544 543 519 
4 521 545 544 520 
4 522 546 545 521 
4 523 547 546 522 
4 524 548 547 523 
4 525 549 548 524 
4 526 550 549 525 
4 527 551 550 526 
4 493 517 516 492 
4 494 518 517 493 
4 495 519 518 494 
4 496 520 519 495 
4 497 521 520 496 
4 498 522 521 497 
4 499 523 522 498 
4 500 524 523 499 
4 501 525 524 500 
4 502 526 525 501 
4 503 527 526 502 
4 469 493 492 468 
4 470 494 493 469 
4 471 495 494 470 
4 472 496 495 471 
4 473 497 496 472 
4 474 498 497 473 
4 475 499 498 474 
4 476 500 499 475 
4 477 501 500 476 
4 478 502 501 477 
4 479 503 502 478 
4 445 469 468 444 
4 446 470 469 445 
4 447 471 470 446 
4 448 472 471 447 
4 449 473 472 448 
4 450 474 473 449 
4 451 475 474 450 
4 452 476 475 451 
4 453 477 476 452 
4 454 478 477 453 
4 455 479 478 454 
4 421 445 444 420 
4 422 446 445 421 
4 423 447 446 422 
4 424 448 447 423 
4 425 449 448 424 
4 426 450 449 425 
4 427 451 450 426 
4 428 452 451 427 
4 429 453 452 428 
4 430 454 453 429 
4 431 455 454 430 
4 397 421 420 396 
4 398 422 421 397 
4 399 423 422 398 
4 400 424 423 399 
4 401 425 424 400 
4 402 426 425 401 
4 403 427 426 402 
4 404 428 427 403 
4 405 429 428 404 
4 406 430 429 405 
4 407 431 430 406 
4 373 397 396 372 
4 374 398 397 373 
4 375 399 398 374 
4 376 400 399 375 
4 377 401 400 376 
4 378 402 401 377 
4 379 403 402 378 
4 380 404 403 379 
4 381 405 404 380 
4 382 406 405 381 
4 383 407 406 382 
4 349 373 372 348 
4 350 374 373 349 
4 351 375 374 350 
4 352 376 375 351 
4 353 377 376 352 
4 354 378 377 353 
4 355 379 378 354 
4 356 380 379 355 
4 357 381 380 356 
4 358 382 381 357 
4 359 383 382 358 
4 325 349 348 324 
4 326 350 349 325 
4 327 351 350 326 
4 328 352 351 327 
4 329 353 352 328 
4 330 354 353 329 
4 331 355 354 330 
4 332 356 355 331 
4 333 357 356 332 
4 334 358 357 333 
4 335 359 358 334 
4 301 325 324 300 
4 302 326 325 301 
4 303 327 326 302 
4 304 328 327 303 
4 305 329 328 304 
4 306 330 329 305 
4 307 331 330 306 
4 308 332 331 307 
4 309 333 332 308 
4 310 334 333 309 
4 311 335 334 310 
4 277 301 300 276 
4 278 302 301 277 
4 279 303 302 278 
4 280 304 303 279 
4 281 305 304 280 
4 282 306 305 281 
4 283 307 306 282 
4 284 308 307 283 
4 285 309 308 284 
4 286 310 309 285 
4 287 311 310 286 
4 253 277 276 252 
4 254 278 277 253 
4 255 279 278 254 
4 256 280 279 255 
4 257 281 280 256 
4 258 282 281 257 
4 259 283 282 258 
4 260 284 283 259 
4 261 285 284 260 
4 262 286 285 261 
4 263 287 286 262 
4 229 253 252 228 
4 230 254 253 229 
4 231 255 254 230 
4 232 256 255 231 
4 233 257 256 232 
4 234 258 257 233 
4 235 259 258 234 
4 236 260 259 235 
4 237 261 260 236 
4 238 262 261 237 
4 239 263 262 238 
4 205 229 228 204 
4 206 230 229 205 
4 207 231 230 206 
4 208 232 231 207 
4 209 233 232 208 
4 210 234 233 209 
4 211 235 234 210 
4 212 236 235 211 
4 213 237 236 212 
4 214 238 237 213 
4 215 239 238 214 
4 181 205 204 180 
4 182 206 205 181 
4 183 207 206 182 
4 184 208 207 183 
4 185 209 208 184 
4 186 210 209 185 
4 187 211 210 186 
4 188 212 211 187 
4 189 213 212 188 
4 190 214 213 189 
4 191 215 214 190 
4 157 181 180 156 
4 158 182 181 157 
4 159 183 182 158 
4 160 184 183 159 
4 161 185 184 160 
4 162 186 185 161 
4 163 187 186 162 
4 164 188 187 163 
4 165 189 188 164 
4 166 190 189 165 
4 167 191 190 166 
4 133 157 156 132 
4 134 158 157 133 
4 135 159 158 134 
4 136 160 159 135 
4 137 161 160 136 
4 138 162 161 137 
4 139 163 162 138 
4 140 164 163 139 
4 141 165 164 140 
4 142 166 165 141 
4 143 167 166 142 
4 109 133 132 108 
4 110 134 133 109 
4 111 135 134 110 
4 112 136 135 111 
4 113 137 136 112 
4 114 138 137 113 
4 115 139 138 114 
4 116 140 139 115 
4 117 141 140 116 
4 118 142 141 117 
4 119 143 142 118 
4 85 109 108 84 
4 86 110 109 85 
4 87 111 110 86 
4 88 112 111 87 
4 89 113 112 88 
4 90 114 113 89 
4 91 115 114 90 
4 92 116 115 91 
4 93 117 116 92 
4 94 118 117 93 
4 95 119 118 94 
4 61 85 84 60 
4 62 86 85 61 
4 63 87 86 62 
4 64 88 87 63 
4 65 89 88 64 
4 66 90 89 65 
4 67 91 90 66 
4 68 92 91 67 
4 69 93 92 68 
4 70 94 93 69 
4 71 95 94 70 
4 37 61 60 36 
4 38 62 61 37 
4 39 63 62 38 
4 40 64 63 39 
4 41 65 64 40 
4 42 66 65 41 
4 43 67 66 42 
4 44 68 67 43 
4 45 69 68 44 
4 46 70 69 45 
4 47 71 70 46 
4 13 37 36 12 
4 14 38 37 13 
4 15 39 38 14 
4 16 40 39 15 
4 17 41 40 16 
4 18 42 41 17 
4 19 43 42 18 
4 20 44 43 19 
4 21 45 44 20 
4 22 46 45 21 
4 23 47 46 22 
4 1 13 12 0 
4 2 14 13 1 
4 3 15 14 2 
4 4 16 15 3 
4 5 17 16 4 
4 6 18 17 5 
4 7 19 18 6 
4 8 20 19 7 
4 9 21 20 8 
4 10 22 21 9 
4 11 23 22 10 
CELL_DATA 1100
SCALARS ElementID int 1
LOOKUP_TABLE default
0
1
2
3
4
5
6
7
8
9
10
11
12
13
14
15
16
17
18
19
20
21
22
23
24
25
26
27
28
29
30
31
32
33
34
35
36
37
38
39
40
41
42
43
44
45
46
47
48
49
50
51
52
53
54
55
56
57
58
59
60
61
62
63
64
65
66
67
68
69
70
71
72
73
74
75
76
77
78
79
80
81
82
83
84
85
86
87
88
89
90
91
92
93
94
95
96
97
98
99
100
101
102
103
104
105
106
107
108
109
110
111
112
113
114
115
116
117
118
119
120
121
122
123
124
125
126
127
128
129
130
131
132
133
134
135
136
137
138
139
140
141
142
143
144
145
146
147
148
149
150
151
152
153
154
155
156
157
158
159
160
161
162
163
164
165
166
167
168
169
170
171
172
173
174
175
176
177
178
179
180
181
182
183
184
185
186
187
188
189
190
191
192
193
194
195
196
197
198
199
200
201
202
203
204
205
206
207
208
209
210
211
212
213
214
215
216
217
218
219
220
221
222
223
224
225
226
227
228
229
230
231
232
233
234
235
236
237
238
239
240
241
242
243
244
245
246
247
248
249
250
251
252
253
254
255
256
257
258
259
260
261
262
263
264
265
266
267
268
269
270
271
272
273
274
275
276
277
278
279
280
281
282
283
284
285
286
287
288
289
290
291
292
293
294
295
296
297
298
299
300
301
302
303
304
305
306
307
308
309
310
311
312
313
314
315
316
317
318
319
320
321
322
323
324
325
326
327
328
329
330
331
332
333
334
335
336
337
338
339
340
341
342
343
344
345
346
347
348
349
350
351
352
353
354
355
356
357
358
359
360
361
362
363
364
365
366
367
368
369
370
371
372
373
374
375
376
377
378
379
380
381
382
383
384
385
386
387
388
389
390
391
392
393
394
395
396
397
398
399
400
401
402
403
404
405
406
407
408
409
410
411
412
413
414
415
416
417
418
419
420
421
422
423
424
425
426
427
428
429
430
431
432
433
434
435
436
437
438
439
440
441
442
443
444
445
446
447
448
449
450
451
452
453
454
455
456
457
458
459
460
461
462
463
464
465
466
467
468
469
470
471
472
473
474
475
476
477
478
479
480
481
482
483
484
485
486
487
488
489
490
491
492
493
494
495
496
497
498
499
500
501
502
503
504
505
506
507
508
509
510
511
512
513
514
515
516
517
518
519
520
521
522
523
524
525
526
527
528
529
530
531
532
533
534
535
536
537
538
539
540
541
542
543
544
545
546
547
548
549
550
551
552
553
554
555
556
557
558
559
560
561
562
563
564
565
566
567
568
569
570
571
572
573
574
575
576
577
578
579
580
581
582
583
584
585
586
587
588
589
590
591
592
593
594
595
596
597
598
599
600
601
602
603
604
605
606
607
608
609
610
611
612
613
614
615
616
617
618
619
620
621
622
623
624
625
626
627
628
629
630
631
632
633
634
635
636
637
638
639
640
641
642
643
644
645
646
647
648
649
650
651
652
653
654
655
656
657
658
659
660
661
662
663
664
665
666
667
668
669
670
671
672
673
674
675
676
677
678
679
680
681
682
683
684
685
686
687
688
689
690
691
692
693
694
695
696
697
698
699
700
701
702
703
704
705
706
707
708
709
710
711
712
713
714
715
716
717
718
719
720
721
722
723
724
725
726
727
728
729
730
731
732
733
734
735
736
737
738
739
740
741
742
743
744
745
746
747
748
749
750
751
752
753
754
755
756
757
758
759
760
761
762
763
764
765
766
767
768
769
770
771
772
773
774
775
776
777
778
779
780
781
782
783
784
785
786
787
788
789
790
791
792
793
794
795
796
797
798
799
800
801
802
803
804
805
806
807
808
809
810
811
812
813
814
815
816
817
818
819
820
821
822
823
824
825
826
827
828
829
830
831
832
833
834
835
836
837
838
839
840
841
842
843
844
845
846
847
848
849
850
851
852
853
854
855
856
857
858
859
860
861
862
863
864
865
866
867
868
869
870
871
872
873
874
875
876
877
878
879
880
881
882
883
884
885
886
887
888
889
890
891
892
893
894
895
896
897
898
899
900
901
902
903
904
905
906
907
908
909
910
911
912
913
914
915
916
917
918
919
920
921
922
923
924
925
926
927
928
929
930
931
932
933
934
935
936
937
938
939
940
941
942
943
944
945
946
947
948
949
950
951
952
953
954
955
956
957
958
959
960
961
962
963
964
965
966
967
968
969
970
971
972
973
974
975
976
977
978
979
980
981
982
983
984
985
986
987
988
989
990
991
992
993
994
995
996
997
998
999
1000
1001
1002
1003
1004
1005
1006
1007
1008
1009
1010
1011
1012
1013
1014
1015
1016
1017
1018
1019
1020
1021
1022
1023
1024
1025
1026
1027
1028
1029
1030
1031
1032
1033
1034
1035
1036
1037
1038
1039
1040
1041
1042
1043
1044
1045
1046
1047
1048
1049
1050
1051
1052
1053
1054
1055
1056
1057
1058
1059
1060
1061
1062
1063
1064
1065
1066
1067
1068
1069
1070
1071
1072
1073
1074
1075
1076
1077
1078
1079
1080
1081
1082
1083
1084
1085
1086
1087
1088
1089
1090
1091
1092
1093
1094
1095
1096
1097
1098
1099
FIELD FieldData 11
Eps_rr 1 1100 float
-1.90476e-05 -2.09708e-05 -2.36314e-05 -2.68651e-05 -3.04631e-05 -3.41498e-05 -3.75533e-05 -4.01662e-05 -4.12933e-05 -3.99835e-05 -3.49392e-05 -1.87988e-05 -2.07285e-05 -2.33836e-05 -2.6604e-05 -3.0186e-05 -3.38611e-05 -3.72666e-05 -3.99072e-05 -4.11046e-05 -3.99294e-05 -3.51132e-05 -1.83072e-05 -2.02496e-05 -2.28939e-05 -2.60876e-05 -2.96377e-05 -3.32894e-05 -3.66982e-05 -3.93935e-05 -4.07293e-05 -3.982e-05 -3.54553e-05 -1.75846e-05 -1.95458e-05 -2.21736e-05 -2.53276e-05 -2.883e-05 -3.24462e-05 -3.58588e-05 -3.86332e-05 -4.01718e-05 -3.96535e-05 -3.59536e-05 -1.66483e-05 -1.86341e-05 -2.12401e-05 -2.43413e-05 -2.77802e-05 -3.13484e-05 -3.47637e-05 -3.76386e-05 -3.94385e-05 -3.94268e-05 -3.65906e-05 -1.55212e-05 -1.75367e-05 -2.01155e-05 -2.31515e-05 -2.65111e-05 -3.00182e-05 -3.34332e-05 -3.64258e-05 -3.85382e-05 -3.91361e-05 -3.73434e-05 -1.4231e-05 -1.62807e-05 -1.88271e-05 -2.17857e-05 -2.50508e-05 -2.84831e-05 -3.18923e-05 -3.50146e-05 -3.74811e-05 -3.87768e-05 -3.8184e-05 -1.28098e-05 -1.48976e-05 -1.74066e-05 -2.02763e-05 -2.34318e-05 -2.67748e-05 -3.01702e-05 -3.34281e-05 -3.62798e-05 -3.83437e-05 -3.90802e-05 -1.12936e-05 -1.34226e-05 -1.58897e-05 -1.86597e-05 -2.16911e-05 -2.49296e-05 -2.82999e-05 -3.16929e-05 -3.49484e-05 -3.78309e-05 -3.99954e-05 -9.72131e-06 -1.18943e-05 -1.43153e-05 -1.69759e-05 -1.98691e-05 -2.29873e-05 -2.63181e-05 -2.9838e-05 -3.35026e-05 -3.72322e-05 -4.08898e-05 -8.13455e-06 -1.03535e-05 -1.2725e-05 -1.52676e-05 -1.80095e-05 -2.09908e-05 -2.42641e-05 -2.78949e-05 -3.19596e-05 -3.65411e-05 -4.17209e-05 -6.57632e-06 -8.84276e-06 -1.11624e-05 -1.35797e-05 -1.6158e-05 -1.89851e-05 -2.21795e-05 -2.58971e-05 -3.03376e-05 -3.57511e-05 -4.24439e-05 -5.09032e-06 -7.40557e-06 -9.67155e-06 -1.19576e-05 -1.43609e-05 -1.70163e-05 -2.01072e-05 -2.38792e-05 -2.86557e-05 -3.48555e-05 -4.30123e-05 -3.72002e-06 -6.08506e-06 -8.29629e-06 -1.04459e-05 -1.26637e-05 -1.51297e-05 -1.80898e-05 -2.18764e-05 -2.69338e-05 -3.38478e-05 -4.33793e-05 -2.50779e-06 -4.92303e-06 -7.0779e-06 -9.08581e-06 -1.11079e-05 -1.33673e-05 -1.61682e-05 -1.99237e-05 -2.51924e-05 -3.27221e-05 -4.34975e-05 -1.49415e-06 -3.95844e-06 -6.05241e-06 -7.91065e-06 -9.72658e-06 -1.17643e-05 -1.43794e-05 -1.80552e-05 -2.34532e-05 -3.14739e-05 -4.33205e-05 -7.17425e-07 -3.22557e-06 -5.24607e-06 -6.93962e-06 -8.53721e-06 -1.03429e-05 -1.27535e-05 -1.63045e-05 -2.17409e-05 -3.01017e-05 -4.2803e-05 -2.14012e-07 -2.75133e-06 -4.66829e-06 -6.16731e-06 -7.53127e-06 -9.10508e-06 -1.13106e-05 -1.47061e-05 -2.00875e-05 -2.86106e-05 -4.19021e-05 -1.9882e-08 -2.55143e-06 -4.30021e-06 -5.54866e-06 -6.65962e-06 -8.02134e-06 -1.00551e-05 -1.32965e-05 -1.85389e-05 -2.70185e-05 -4.05771e-05 -1.74906e-07 -2.62224e-06 -4.0769e-06 -4.97889e-06 -5.81819e-06 -7.01975e-06 -8.96753e-06 -1.21117e-05 -1.71625e-05 -2.53654e-05 -3.879e-05 -7.24974e-07 -2.92648e-06 -3.85361e-06 -4.27869e-06 -4.84664e-06 -5.98406e-06 -7.98407e-06 -1.11631e-05 -1.60391e-05 -2.37297e-05 -3.65001e-05 -1.75152e-06 -3.32075e-06 -3.37251e-06 -3.201e-06 -3.58995e-06 -4.7816e-06 -6.95784e-06 -1.0338e-05 -1.52007e-05 -2.22103e-05 -3.36847e-05 -3.21451e-06 -3.5069e-06 -2.14613e-06 -1.64411e-06 -2.05934e-06 -3.34177e-06 -5.6322e-06 -9.18791e-06 -1.42561e-05 -2.08953e-05 -3.0185e-05 -5.63212e-06 -1.96069e-06 -2.57276e-07 -8.53155e-08 -6.17825e-07 -1.77414e-06 -3.73023e-06 -6.84217e-06 -1.15859e-05 -1.82705e-05 -2.63932e-05 -3.97447e-06 -1.9701e-07 3.80618e-07 3.19386e-07 3.73201e-08 -4.56243e-07 -1.26371e-06 -2.58233e-06 -4.72906e-06 -8.12404e-06 -1.24373e-05 3.97447e-06 1.9701e-07 -3.80618e-07 -3.19386e-07 -3.732e-08 4.56242e-07 1.26371e-06 2.58233e-06 4.72906e-06 8.12404e-06 1.24373e-05 5.63212e-06 1.96069e-06 2.57276e-07 8.53154e-08 6.17825e-07 1.77414e-06 3.73023e-06 6.84217e-06 1.15859e-05 1.82705e-05 2.63932e-05 3.21451e-06 3.5069e-06 2.14613e-06 1.64411e-06 2.05934e-06 3.34177e-06 5.6322e-06 9.18791e-06 1.42561e-05 2.08953e-05 3.0185e-05 1.75152e-06 3.32075e-06 3.37251e-06 3.201e-06 3.58995e-06 4.7816e-06 6.95784e-06 1.0338e-05 1.52007e-05 2.22103e-05 3.36847e-05 7.24974e-07 2.92648e-06 3.85361e-06 4.27869e-06 4.84664e-06 5.98406e-06 7.98407e-06 1.11631e-05 1.60391e-05 2.37297e-05 3.65001e-05 1.74906e-07 2.62224e-06 4.0769e-06 4.97889e-06 5.81819e-06 7.01975e-06 8.96753e-06 1.21117e-05 1.71625e-05 2.53654e-05 3.879e-05 1.9882e-08 2.55143e-06 4.30021e-06 5.54866e-06 6.65962e-06 8.02134e-06 1.00551e-05 1.32965e-05 1.85389e-05 2.70185e-05 4.05771e-05 2.14012e-07 2.75133e-06 4.66829e-06 6.16731e-06 7.53127e-06 9.10508e-06 1.13106e-05 1.47061e-05 2.00875e-05 2.86106e-05 4.19021e-05 7.17425e-07 3.22557e-06 5.24607e-06 6.93962e-06 8.53721e-06 1.03429e-05 1.27535e-05 1.63045e-05 2.17409e-05 3.01017e-05 4.2803e-05 1.49415e-06 3.95844e-06 6.05241e-06 7.91065e-06 9.72658e-06 1.17643e-05 1.43794e-05 1.80552e-05 2.34532e-05 3.14739e-05 4.33205e-05 2.50779e-06 4.92303e-06 7.0779e-06 9.08581e-06 1.11079e-05 1.33673e-05 1.61682e-05 1.99237e-05 2.51924e-05 3.27221e-05 4.34975e-05 3.72002e-06 6.08506e-06 8.29629e-06 1.04459e-05 1.26637e-05 1.51297e-05 1.80898e-05 2.18764e-05 2.69338e-05 3.38478e-05 4.33793e-05 5.09032e-06 7.40557e-06 9.67155e-06 1.19576e-05 1.43609e-05 1.70163e-05 2.01072e-05 2.38792e-05 2.86557e-05 3.48555e-05 4.30123e-05 6.57632e-06 8.84276e-06 1.11624e-05 1.35797e-05 1.6158e-05 1.89851e-05 2.21795e-05 2.58971e-05 3.03376e-05 3.57511e-05 4.24439e-05 8.13455e-06 1.03535e-05 1.2725e-05 1.52676e-05 1.80095e-05 2.09908e-05 2.42641e-05 2.78949e-05 3.19596e-05 3.65411e-05 4.17209e-05 9.72131e-06 1.18943e-05 1.43153e-05 1.69759e-05 1.98691e-05 2.29873e-05 2.63181e-05 2.9838e-05 3.35026e-05 3.72322e-05 4.08898e-05 1.12936e-05 1.34226e-05 1.58897e-05 1.86597e-05 2.16911e-05 2.49296e-05 2.82999e-05 3.16929e-05 3.49484e-05 3.78309e-05 3.99954e-05 1.28098e-05 1.48976e-05 1.74066e-05 2.02763e-05 2.34318e-05 2.67748e-05 3.01702e-05 3.34281e-05 3.62798e-05 3.83437e-05 3.90802e-05 1.4231e-05 1.62807e-05 1.88271e-05 2.17857e-05 2.50508e-05 2.84831e-05 3.18923e-05 3.50146e-05 3.74811e-05 3.87768e-05 3.8184e-05 1.55212e-05 1.75367e-05 2.01155e-05 2.31515e-05 2.65111e-05 3.00182e-05 3.34332e-05 3.64258e-05 3.85382e-05 3.91361e-05 3.73434e-05 1.66483e-05 1.86341e-05 2.12401e-05 2.43413e-05 2.77802e-05 3.13484e-05 3.47637e-05 3.76386e-05 3.94385e-05 3.94268e-05 3.65906e-05 1.75846e-05 1.95458e-05 2.21736e-05 2.53276e-05 2.883e-05 3.24462e-05 3.58588e-05 3.86332e-05 4.01718e-05 3.96535e-05 3.59536e-05 1.83072e-05 2.02496e-05 2.28939e-05 2.60876e-05 2.96377e-05 3.32894e-05 3.66982e-05 3.93935e-05 4.07293e-05 3.982e-05 3.54553e-05 1.87988e-05 2.07285e-05 2.33836e-05 2.6604e-05 3.0186e-05 3.38611e-05 3.72666e-05 3.99072e-05 4.11046e-05 3.99294e-05 3.51132e-05 1.90476e-05 2.09708e-05 2.36314e-05 2.68651e-05 3.04631e-05 3.41498e-05 3.75533e-05 4.01662e-05 4.12933e-05 3.99835e-05 3.49392e-05 1.90476e-05 2.09708e-05 2.36314e-05 2.68651e-05 3.04631e-05 3.41498e-05 3.75533e-05 4.01662e-05 4.12933e-05 3.99835e-05 3.49392e-05 1.87988e-05 2.07285e-05 2.33836e-05 2.6604e-05 3.0186e-05 3.38611e-05 3.72666e-05 3.99072e-05 4.11046e-05 3.99294e-05 3.51132e-05 1.83072e-05 2.02496e-05 2.28939e-05 2.60876e-05 2.96377e-05 3.32894e-05 3.66982e-05 3.93935e-05 4.07293e-05 3.982e-05 3.54553e-05 1.75846e-05 1.95458e-05 2.21736e-05 2.53276e-05 2.883e-05 3.24462e-05 3.58588e-05 3.86332e-05 4.01718e-05 3.96535e-05 3.59536e-05 1.66483e-05 1.86341e-05 2.12401e-05 2.43413e-05 2.77802e-05 3.13484e-05 3.47637e-05 3.76386e-05 3.94385e-05 3.94268e-05 3.65906e-05 1.55212e-05 1.75367e-05 2.01155e-05 2.31515e-05 2.65111e-05 3.00182e-05 3.34332e-05 3.64258e-05 3.85382e-05 3.91361e-05 3.73434e-05 1.4231e-05 1.62807e-05 1.88271e-05 2.17857e-05 2.50508e-05 2.84831e-05 3.18923e-05 3.50146e-05 3.74811e-05 3.87768e-05 3.8184e-05 1.28098e-05 1.48976e-05 1.74066e-05 2.02763e-05 2.34318e-05 2.67748e-05 3.01702e-05 3.34281e-05 3.62798e-05 3.83437e-05 3.90802e-05 1.12936e-05 1.34226e-05 1.58897e-05 1.86597e-05 2.16911e-05 2.49296e-05 2.82999e-05 3.16929e-05 3.49484e-05 3.78309e-05 3.99954e-05 9.72131e-06 1.18943e-05 1.43153e-05 1.69759e-05 1.98691e-05 2.29873e-05 2.63181e-05 2.9838e-05 3.35026e-05 3.72322e-05 4.08898e-05 8.13455e-06 1.03535e-05 1.2725e-05 1.52676e-05 1.80095e-05 2.09908e-05 2.42641e-05 2.78949e-05 3.19596e-05 3.65411e-05 4.17209e-05 6.57632e-06 8.84276e-06 1.11624e-05 1.35797e-05 1.6158e-05 1.89851e-05 2.21795e-05 2.58971e-05 3.03376e-05 3.57511e-05 4.24439e-05 5.09032e-06 7.40557e-06 9.67155e-06 1.19576e-05 1.43609e-05 1.70163e-05 2.01072e-05 2.38792e-05 2.86557e-05 3.48555e-05 4.30123e-05 3.72002e-06 6.08506e-06 8.29629e-06 1.04459e-05 1.26637e-05 1.51297e-05 1.80898e-05 2.18764e-05 2.69338e-05 3.38478e-05 4.33793e-05 2.50779e-06 4.92303e-06 7.0779e-06 9.08581e-06 1.11079e-05 1.33673e-05 1.61682e-05 1.99237e-05 2.51924e-05 3.27221e-05 4.34975e-05 1.49415e-06 3.95844e-06 6.05241e-06 7.91065e-06 9.72658e-06 1.17643e-05 1.43794e-05 1.80552e-05 2.34532e-05 3.14739e-05 4.33205e-05 7.17425e-07 3.22557e-06 5.24607e-06 6.93962e-06 8.53721e-06 1.03429e-05 1.27535e-05 1.63045e-05 2.17409e-05 3.01017e-05 4.2803e-05 2.14012e-07 2.75133e-06 4.66829e-06 6.16731e-06 7.53127e-06 9.10508e-06 1.13106e-05 1.47061e-05 2.00875e-05 2.86106e-05 4.19021e-05 1.9882e-08 2.55143e-06 4.30021e-06 5.54866e-06 6.65962e-06 8.02134e-06 1.00551e-05 1.32965e-05 1.85389e-05 2.70185e-05 4.05771e-05 1.74906e-07 2.62224e-06 4.0769e-06 4.97889e-06 5.81819e-06 7.01975e-06 8.96753e-06 1.21117e-05 1.71625e-05 2.53654e-05 3.879e-05 7.24974e-07 2.92648e-06 3.85361e-06 4.27869e-06 4.84664e-06 5.98406e-06 7.98407e-06 1.11631e-05 1.60391e-05 2.37297e-05 3.65001e-05 1.75152e-06 3.32075e-06 3.37251e-06 3.201e-06 3.58995e-06 4.7816e-06 6.95784e-06 1.0338e-05 1.52007e-05 2.22103e-05 3.36847e-05 3.21451e-06 3.5069e-06 2.14613e-06 1.64411e-06 2.05934e-06 3.34177e-06 5.6322e-06 9.18791e-06 1.42561e-05 2.08953e-05 3.0185e-05 5.63212e-06 1.96069e-06 2.57276e-07 8.53154e-08 6.17825e-07 1.77414e-06 3.73023e-06 6.84217e-06 1.15859e-05 1.82705e-05 2.63932e-05 3.97447e-06 1.9701e-07 -3.80618e-07 -3.19386e-07 -3.73199e-08 4.56242e-07 1.26371e-06 2.58233e-06 4.72906e-06 8.12404e-06 1.24373e-05 -3.97447e-06 -1.9701e-07 3.80618e-07 3.19386e-07 3.73201e-08 -4.56243e-07 -1.26371e-06 -2.58233e-06 -4.72906e-06 -8.12404e-06 -1.24373e-05 -5.63212e-06 -1.96069e-06 -2.57276e-07 -8.53155e-08 -6.17825e-07 -1.77414e-06 -3.73023e-06 -6.84217e-06 -1.15859e-05 -1.82705e-05 -2.63932e-05 -3.21451e-06 -3.5069e-06 -2.14613e-06 -1.64411e-06 -2.05934e-06 -3.34177e-06 -5.6322e-06 -9.18791e-06 -1.42561e-05 -2.08953e-05 -3.0185e-05 -1.75152e-06 -3.32075e-06 -3.37251e-06 -3.201e-06 -3.58995e-06 -4.7816e-06 -6.95784e-06 -1.0338e-05 -1.52007e-05 -2.22103e-05 -3.36847e-05 -7.24974e-07 -2.92648e-06 -3.85361e-06 -4.27869e-06 -4.84664e-06 -5.98406e-06 -7.98407e-06 -1.11631e-05 -1.60391e-05 -2.37297e-05 -3.65001e-05 -1.74906e-07 -2.62224e-06 -4.0769e-06 -4.97889e-06 -5.81819e-06 -7.01975e-06 -8.96753e-06 -1.21117e-05 -1.71625e-05 -2.53654e-05 -3.879e-05 -1.9882e-08 -2.55143e-06 -4.30021e-06 -5.54866e-06 -6.65962e-06 -8.02134e-06 -1.00551e-05 -1.32965e-05 -1.85389e-05 -2.70185e-05 -4.05771e-05 -2.14012e-07 -2.75133e-06 -4.66829e-06 -6.16731e-06 -7.53127e-06 -9.10508e-06 -1.13106e-05 -1.47061e-05 -2.00875e-05 -2.86106e-05 -4.19021e-05 -7.17425e-07 -3.22557e-06 -5.24607e-06 -6.93962e-06 -8.53721e-06 -1.03429e-05 -1.27535e-05 -1.63045e-05 -2.17409e-05 -3.01017e-05 -4.2803e-05 -1.49415e-06 -3.95844e-06 -6.05241e-06 -7.91065e-06 -9.72658e-06 -1.17643e-05 -1.43794e-05 -1.80552e-05 -2.34532e-05 -3.14739e-05 -4.33205e-05 -2.50779e-06 -4.92303e-06 -7.0779e-06 -9.08581e-06 -1.11079e-05 -1.33673e-05 -1.61682e-05 -1.99237e-05 -2.51924e-05 -3.27221e-05 -4.34975e-05 -3.72002e-06 -6.08506e-06 -8.29629e-06 -1.04459e-05 -1.26637e-05 -1.51297e-05 -1.80898e-05 -2.18764e-05 -2.69338e-05 -3.38478e-05 -4.33793e-05 -5.09032e-06 -7.40557e-06 -9.67155e-06 -1.19576e-05 -1.43609e-05 -1.70163e-05 -2.01072e-05 -2.38792e-05 -2.86557e-05 -3.48555e-05 -4.30123e-05 -6.57632e-06 -8.84276e-06 -1.11624e-05 -1.35797e-05 -1.6158e-05 -1.89851e-05 -2.21795e-05 -2.58971e-05 -3.03376e-05 -3.57511e-05 -4.24439e-05 -8.13455e-06 -1.03535e-05 -1.2725e-05 -1.52676e-05 -1.80095e-05 -2.09908e-05 -2.42641e-05 -2.78949e-05 -3.19596e-05 -3.65411e-05 -4.17209e-05 -9.72131e-06 -1.18943e-05 -1.43153e-05 -1.69759e-05 -1.98691e-05 -2.29873e-05 -2.63181e-05 -2.9838e-05 -3.35026e-05 -3.72322e-05 -4.08898e-05 -1.12936e-05 -1.34226e-05 -1.58897e-05 -1.86597e-05 -2.16911e-05 -2.49296e-05 -2.82999e-05 -3.16929e-05 -3.49484e-05 -3.78309e-05 -3.99954e-05 -1.28098e-05 -1.48976e-05 -1.74066e-05 -2.02763e-05 -2.34318e-05 -2.67748e-05 -3.01702e-05 -3.34281e-05 -3.62798e-05 -3.83437e-05 -3.90802e-05 -1.4231e-05 -1.62807e-05 -1.88271e-05 -2.17857e-05 -2.50508e-05 -2.84831e-05 -3.18923e-05 -3.50146e-05 -3.74811e-05 -3.87768e-05 -3.8184e-05 -1.55212e-05 -1.75367e-05 -2.01155e-05 -2.31515e-05 -2.65111e-05 -3.00182e-05 -3.34332e-05 -3.64258e-05 -3.85382e-05 -3.91361e-05 -3.73434e-05 -1.66483e-05 -1.86341e-05 -2.12401e-05 -2.43413e-05 -2.77802e-05 -3.13484e-05 -3.47637e-05 -3.76386e-05 -3.94385e-05 -3.94268e-05 -3.65906e-05 -1.75846e-05 -1.95458e-05 -2.21736e-05 -2.53276e-05 -2.883e-05 -3.24462e-05 -3.58588e-05 -3.86332e-05 -4.01718e-05 -3.96535e-05 -3.59536e-05 -1.83072e-05 -2.02496e-05 -2.28939e-05 -2.60876e-05 -2.96377e-05 -3.32894e-05 -3.66982e-05 -3.93935e-05 -4.07293e-05 -3.982e-05 -3.54553e-05 -1.87988e-05 -2.07285e-05 -2.33836e-05 -2.6604e-05 -3.0186e-05 -3.38611e-05 -3.72666e-05 -3.99072e-05 -4.11046e-05 -3.99294e-05 -3.51132e-05 -1.90476e-05 -2.09708e-05 -2.36314e-05 -2.68651e-05 -3.04631e-05 -3.41498e-05 -3.75533e-05 -4.01662e-05 -4.12933e-05 -3.99835e-05 -3.49392e-05 
Eps_phiphi 1 1100 float
5.73383e-05 5.05974e-05 4.48925e-05 3.98634e-05 3.51089e-05 3.01595e-05 2.44436e-05 1.72435e-05 7.63888e-06 -5.56705e-06 -2.39435e-05 5.65977e-05 5.00632e-05 4.45451e-05 3.96919e-05 3.51118e-05 3.03466e-05 2.48384e-05 1.78864e-05 8.59171e-06 -4.21536e-06 -2.20691e-05 5.51342e-05 4.90079e-05 4.38593e-05 3.93535e-05 3.5118e-05 3.07167e-05 2.56189e-05 1.91574e-05 1.04754e-05 -1.5426e-06 -1.83619e-05 5.29832e-05 4.74577e-05 4.28526e-05 3.88578e-05 3.51285e-05 3.12619e-05 2.67672e-05 2.10268e-05 1.32465e-05 2.39046e-06 -1.29043e-05 5.01968e-05 4.54514e-05 4.15513e-05 3.82184e-05 3.51448e-05 3.19704e-05 2.82567e-05 2.3451e-05 1.68406e-05 7.49397e-06 -5.81829e-06 4.68432e-05 4.30396e-05 3.99894e-05 3.74537e-05 3.51688e-05 3.28271e-05 3.00531e-05 2.63729e-05 2.11737e-05 1.36504e-05 2.73665e-06 4.3005e-05 4.02837e-05 3.82085e-05 3.65859e-05 3.52033e-05 3.38133e-05 3.21142e-05 2.97233e-05 2.61433e-05 2.07167e-05 1.25661e-05 3.87784e-05 3.7255e-05 3.62569e-05 3.56409e-05 3.52512e-05 3.49081e-05 3.43917e-05 3.34218e-05 3.16306e-05 2.85262e-05 2.34439e-05 3.42706e-05 3.40335e-05 3.41888e-05 3.46479e-05 3.53166e-05 3.6088e-05 3.68314e-05 3.73782e-05 3.7502e-05 3.68918e-05 3.51156e-05 2.95986e-05 3.0706e-05 3.20635e-05 3.36392e-05 3.5404e-05 3.73279e-05 3.93747e-05 4.14945e-05 4.36118e-05 4.5609e-05 4.73027e-05 2.4886e-05 2.7365e-05 2.99441e-05 3.26496e-05 3.55191e-05 3.86018e-05 4.19597e-05 4.56666e-05 4.98045e-05 5.44586e-05 5.97069e-05 2.02614e-05 2.41067e-05 2.78968e-05 3.17159e-05 3.56681e-05 3.98831e-05 4.45224e-05 4.97859e-05 5.59176e-05 6.32112e-05 7.20144e-05 1.58553e-05 2.10294e-05 2.59896e-05 3.08762e-05 3.58584e-05 4.11454e-05 4.69979e-05 5.37418e-05 6.17841e-05 7.163e-05 8.39012e-05 1.17975e-05 1.82316e-05 2.42911e-05 3.0169e-05 3.60975e-05 4.23626e-05 4.93215e-05 5.74235e-05 6.72362e-05 7.94754e-05 9.50377e-05 8.21525e-06 1.58104e-05 2.28687e-05 2.96317e-05 3.63919e-05 4.35088e-05 5.14304e-05 6.0723e-05 7.21086e-05 8.6509e-05 0.000105093 5.23082e-06 1.38604e-05 2.17869e-05 2.9298e-05 3.6745e-05 4.45568e-05 5.3264e-05 6.35377e-05 7.62425e-05 9.24982e-05 0.000113742 2.96186e-06 1.24722e-05 2.11034e-05 2.91921e-05 3.71514e-05 4.54761e-05 5.47658e-05 6.57757e-05 7.94926e-05 9.72215e-05 0.000120666 1.52372e-06 1.17323e-05 2.08643e-05 2.93204e-05 3.7589e-05 4.62282e-05 5.58845e-05 6.73626e-05 8.17363e-05 0.000100476 0.000125556 1.03717e-06 1.17233e-05 2.10935e-05 2.96557e-05 3.80046e-05 4.6759e-05 5.65768e-05 6.82534e-05 8.28889e-05 0.000102087 0.000128113 1.6453e-06 1.25229e-05 2.17741e-05 3.01132e-05 3.82956e-05 4.69907e-05 5.68086e-05 6.84466e-05 8.29287e-05 0.000101926 0.000128038 3.54575e-06 1.41969e-05 2.28109e-05 3.05175e-05 3.82973e-05 4.68165e-05 5.65515e-05 6.79916e-05 8.19273e-05 9.99393e-05 0.000125006 7.05916e-06 1.67588e-05 2.39544e-05 3.05806e-05 3.78071e-05 4.61207e-05 5.57568e-05 6.69514e-05 8.0067e-05 9.62156e-05 0.000118644 1.272e-05 2.00145e-05 2.46693e-05 2.99704e-05 3.6728e-05 4.48341e-05 5.43202e-05 6.52347e-05 7.75232e-05 9.10993e-05 0.000108476 2.16697e-05 2.29056e-05 2.41595e-05 2.88197e-05 3.52228e-05 4.30279e-05 5.21112e-05 6.24332e-05 7.37674e-05 8.4995e-05 9.43023e-05 3.44066e-05 2.2578e-05 2.35951e-05 2.77768e-05 3.37633e-05 4.09698e-05 4.91681e-05 5.81464e-05 6.74033e-05 7.53884e-05 7.47437e-05 -3.44066e-05 -2.2578e-05 -2.35951e-05 -2.77768e-05 -3.37633e-05 -4.09698e-05 -4.91681e-05 -5.81464e-05 -6.74033e-05 -7.53884e-05 -7.47437e-05 -2.16697e-05 -2.29056e-05 -2.41595e-05 -2.88197e-05 -3.52228e-05 -4.30279e-05 -5.21112e-05 -6.24332e-05 -7.37674e-05 -8.4995e-05 -9.43023e-05 -1.272e-05 -2.00145e-05 -2.46693e-05 -2.99704e-05 -3.6728e-05 -4.48341e-05 -5.43202e-05 -6.52347e-05 -7.75232e-05 -9.10993e-05 -0.000108476 -7.05916e-06 -1.67588e-05 -2.39544e-05 -3.05806e-05 -3.78071e-05 -4.61207e-05 -5.57568e-05 -6.69514e-05 -8.0067e-05 -9.62156e-05 -0.000118644 -3.54575e-06 -1.41969e-05 -2.28109e-05 -3.05175e-05 -3.82973e-05 -4.68165e-05 -5.65515e-05 -6.79916e-05 -8.19273e-05 -9.99393e-05 -0.000125006 -1.6453e-06 -1.25229e-05 -2.17741e-05 -3.01132e-05 -3.82956e-05 -4.69907e-05 -5.68086e-05 -6.84466e-05 -8.29287e-05 -0.000101926 -0.000128038 -1.03717e-06 -1.17233e-05 -2.10935e-05 -2.96557e-05 -3.80046e-05 -4.6759e-05 -5.65768e-05 -6.82534e-05 -8.28889e-05 -0.000102087 -0.000128113 -1.52372e-06 -1.17323e-05 -2.08643e-05 -2.93204e-05 -3.7589e-05 -4.62282e-05 -5.58845e-05 -6.73626e-05 -8.17363e-05 -0.000100476 -0.000125556 -2.96186e-06 -1.24722e-05 -2.11034e-05 -2.91921e-05 -3.71514e-05 -4.54761e-05 -5.47658e-05 -6.57757e-05 -7.94926e-05 -9.72215e-05 -0.000120666 -5.23082e-06 -1.38604e-05 -2.17869e-05 -2.9298e-05 -3.6745e-05 -4.45568e-05 -5.3264e-05 -6.35377e-05 -7.62425e-05 -9.24982e-05 -0.000113742 -8.21525e-06 -1.58104e-05 -2.28687e-05 -2.96317e-05 -3.63919e-05 -4.35088e-05 -5.14304e-05 -6.0723e-05 -7.21086e-05 -8.6509e-05 -0.000105093 -1.17975e-05 -1.82316e-05 -2.42911e-05 -3.0169e-05 -3.60975e-05 -4.23626e-05 -4.93215e-05 -5.74235e-05 -6.72362e-05 -7.94754e-05 -9.50377e-05 -1.58553e-05 -2.10294e-05 -2.59896e-05 -3.08762e-05 -3.58584e-05 -4.11454e-05 -4.69979e-05 -5.37418e-05 -6.17841e-05 -7.163e-05 -8.39012e-05 -2.02614e-05 -2.41067e-05 -2.78968e-05 -3.17159e-05 -3.56681e-05 -3.98831e-05 -4.45224e-05 -4.97859e-05 -5.59176e-05 -6.32112e-05 -7.20144e-05 -2.4886e-05 -2.7365e-05 -2.99441e-05 -3.26496e-05 -3.55191e-05 -3.86018e-05 -4.19597e-05 -4.56666e-05 -4.98045e-05 -5.44586e-05 -5.97069e-05 -2.95986e-05 -3.0706e-05 -3.20635e-05 -3.36392e-05 -3.5404e-05 -3.73279e-05 -3.93747e-05 -4.14945e-05 -4.36118e-05 -4.5609e-05 -4.73027e-05 -3.42706e-05 -3.40335e-05 -3.41888e-05 -3.46479e-05 -3.53166e-05 -3.6088e-05 -3.68314e-05 -3.73782e-05 -3.7502e-05 -3.68918e-05 -3.51156e-05 -3.87784e-05 -3.7255e-05 -3.62569e-05 -3.56409e-05 -3.52512e-05 -3.49081e-05 -3.43917e-05 -3.34218e-05 -3.16306e-05 -2.85262e-05 -2.34439e-05 -4.3005e-05 -4.02837e-05 -3.82085e-05 -3.65859e-05 -3.52033e-05 -3.38133e-05 -3.21142e-05 -2.97233e-05 -2.61433e-05 -2.07167e-05 -1.25661e-05 -4.68432e-05 -4.30396e-05 -3.99894e-05 -3.74537e-05 -3.51688e-05 -3.28271e-05 -3.00531e-05 -2.63729e-05 -2.11737e-05 -1.36504e-05 -2.73665e-06 -5.01968e-05 -4.54514e-05 -4.15513e-05 -3.82184e-05 -3.51448e-05 -3.19704e-05 -2.82567e-05 -2.3451e-05 -1.68406e-05 -7.49397e-06 5.81829e-06 -5.29832e-05 -4.74577e-05 -4.28526e-05 -3.88578e-05 -3.51285e-05 -3.12619e-05 -2.67672e-05 -2.10268e-05 -1.32465e-05 -2.39046e-06 1.29043e-05 -5.51342e-05 -4.90079e-05 -4.38593e-05 -3.93535e-05 -3.5118e-05 -3.07167e-05 -2.56189e-05 -1.91574e-05 -1.04754e-05 1.5426e-06 1.83619e-05 -5.65977e-05 -5.00632e-05 -4.45451e-05 -3.96919e-05 -3.51118e-05 -3.03466e-05 -2.48384e-05 -1.78864e-05 -8.59171e-06 4.21536e-06 2.20691e-05 -5.73383e-05 -5.05974e-05 -4.48925e-05 -3.98634e-05 -3.51089e-05 -3.01595e-05 -2.44436e-05 -1.72435e-05 -7.63888e-06 5.56705e-06 2.39435e-05 -5.73383e-05 -5.05974e-05 -4.48925e-05 -3.98634e-05 -3.51089e-05 -3.01595e-05 -2.44436e-05 -1.72435e-05 -7.63888e-06 5.56705e-06 2.39435e-05 -5.65977e-05 -5.00632e-05 -4.45451e-05 -3.96919e-05 -3.51118e-05 -3.03466e-05 -2.48384e-05 -1.78864e-05 -8.59171e-06 4.21536e-06 2.20691e-05 -5.51342e-05 -4.90079e-05 -4.38593e-05 -3.93535e-05 -3.5118e-05 -3.07167e-05 -2.56189e-05 -1.91574e-05 -1.04754e-05 1.5426e-06 1.83619e-05 -5.29832e-05 -4.74577e-05 -4.28526e-05 -3.88578e-05 -3.51285e-05 -3.12619e-05 -2.67672e-05 -2.10268e-05 -1.32465e-05 -2.39046e-06 1.29043e-05 -5.01968e-05 -4.54514e-05 -4.15513e-05 -3.82184e-05 -3.51448e-05 -3.19704e-05 -2.82567e-05 -2.3451e-05 -1.68406e-05 -7.49397e-06 5.81829e-06 -4.68432e-05 -4.30396e-05 -3.99894e-05 -3.74537e-05 -3.51688e-05 -3.28271e-05 -3.00531e-05 -2.63729e-05 -2.11737e-05 -1.36504e-05 -2.73665e-06 -4.3005e-05 -4.02837e-05 -3.82085e-05 -3.65859e-05 -3.52033e-05 -3.38133e-05 -3.21142e-05 -2.97233e-05 -2.61433e-05 -2.07167e-05 -1.25661e-05 -3.87784e-05 -3.7255e-05 -3.62569e-05 -3.56409e-05 -3.52512e-05 -3.49081e-05 -3.43917e-05 -3.34218e-05 -3.16306e-05 -2.85262e-05 -2.34439e-05 -3.42706e-05 -3.40335e-05 -3.41888e-05 -3.46479e-05 -3.53166e-05 -3.6088e-05 -3.68314e-05 -3.73782e-05 -3.7502e-05 -3.68918e-05 -3.51156e-05 -2.95986e-05 -3.0706e-05 -3.20635e-05 -3.36392e-05 -3.5404e-05 -3.73279e-05 -3.93747e-05 -4.14945e-05 -4.36118e-05 -4.5609e-05 -4.73027e-05 -2.4886e-05 -2.7365e-05 -2.99441e-05 -3.26496e-05 -3.55191e-05 -3.86018e-05 -4.19597e-05 -4.56666e-05 -4.98045e-05 -5.44586e-05 -5.97069e-05 -2.02614e-05 -2.41067e-05 -2.78968e-05 -3.17159e-05 -3.56681e-05 -3.98831e-05 -4.45224e-05 -4.97859e-05 -5.59176e-05 -6.32112e-05 -7.20144e-05 -1.58553e-05 -2.10294e-05 -2.59896e-05 -3.08762e-05 -3.58584e-05 -4.11454e-05 -4.69979e-05 -5.37418e-05 -6.17841e-05 -7.163e-05 -8.39012e-05 -1.17975e-05 -1.82316e-05 -2.42911e-05 -3.0169e-05 -3.60975e-05 -4.23626e-05 -4.93215e-05 -5.74235e-05 -6.72362e-05 -7.94754e-05 -9.50377e-05 -8.21525e-06 -1.58104e-05 -2.28687e-05 -2.96317e-05 -3.63919e-05 -4.35088e-05 -5.14304e-05 -6.0723e-05 -7.21086e-05 -8.6509e-05 -0.000105093 -5.23082e-06 -1.38604e-05 -2.17869e-05 -2.9298e-05 -3.6745e-05 -4.45568e-05 -5.3264e-05 -6.35377e-05 -7.62425e-05 -9.24982e-05 -0.000113742 -2.96186e-06 -1.24722e-05 -2.11034e-05 -2.91921e-05 -3.71514e-05 -4.54761e-05 -5.47658e-05 -6.57757e-05 -7.94926e-05 -9.72215e-05 -0.000120666 -1.52372e-06 -1.17323e-05 -2.08643e-05 -2.93204e-05 -3.7589e-05 -4.62282e-05 -5.58845e-05 -6.73626e-05 -8.17363e-05 -0.000100476 -0.000125556 -1.03717e-06 -1.17233e-05 -2.10935e-05 -2.96557e-05 -3.80046e-05 -4.6759e-05 -5.65768e-05 -6.82534e-05 -8.28889e-05 -0.000102087 -0.000128113 -1.6453e-06 -1.25229e-05 -2.17741e-05 -3.01132e-05 -3.82956e-05 -4.69907e-05 -5.68086e-05 -6.84466e-05 -8.29287e-05 -0.000101926 -0.000128038 -3.54575e-06 -1.41969e-05 -2.28109e-05 -3.05175e-05 -3.82973e-05 -4.68165e-05 -5.65515e-05 -6.79916e-05 -8.19273e-05 -9.99393e-05 -0.000125006 -7.05916e-06 -1.67588e-05 -2.39544e-05 -3.05806e-05 -3.78071e-05 -4.61207e-05 -5.57568e-05 -6.69514e-05 -8.0067e-05 -9.62156e-05 -0.000118644 -1.272e-05 -2.00145e-05 -2.46693e-05 -2.99704e-05 -3.6728e-05 -4.48341e-05 -5.43202e-05 -6.52347e-05 -7.75232e-05 -9.10993e-05 -0.000108476 -2.16697e-05 -2.29056e-05 -2.41595e-05 -2.88197e-05 -3.52228e-05 -4.30279e-05 -5.21112e-05 -6.24332e-05 -7.37674e-05 -8.4995e-05 -9.43023e-05 -3.44066e-05 -2.2578e-05 -2.35951e-05 -2.77768e-05 -3.37633e-05 -4.09698e-05 -4.91681e-05 -5.81464e-05 -6.74033e-05 -7.53884e-05 -7.47437e-05 3.44066e-05 2.2578e-05 2.35951e-05 2.77768e-05 3.37633e-05 4.09698e-05 4.91681e-05 5.81464e-05 6.74033e-05 7.53884e-05 7.47437e-05 2.16697e-05 2.29056e-05 2.41595e-05 2.88197e-05 3.52228e-05 4.30279e-05 5.21112e-05 6.24332e-05 7.37674e-05 8.4995e-05 9.43023e-05 1.272e-05 2.00145e-05 2.46693e-05 2.99704e-05 3.6728e-05 4.48341e-05 5.43202e-05 6.52347e-05 7.75232e-05 9.10993e-05 0.000108476 7.05916e-06 1.67588e-05 2.39544e-05 3.05806e-05 3.78071e-05 4.61207e-05 5.57568e-05 6.69514e-05 8.0067e-05 9.62156e-05 0.000118644 3.54575e-06 1.41969e-05 2.28109e-05 3.05175e-05 3.82973e-05 4.68165e-05 5.65515e-05 6.79916e-05 8.19273e-05 9.99393e-05 0.000125006 1.6453e-06 1.25229e-05 2.17741e-05 3.01132e-05 3.82956e-05 4.69907e-05 5.68086e-05 6.84466e-05 8.29287e-05 0.000101926 0.000128038 1.03717e-06 1.17233e-05 2.10935e-05 2.96557e-05 3.80046e-05 4.6759e-05 5.65768e-05 6.82534e-05 8.28889e-05 0.000102087 0.000128113 1.52372e-06 1.17323e-05 2.08643e-05 2.93204e-05 3.7589e-05 4.62282e-05 5.58845e-05 6.73626e-05 8.17363e-05 0.000100476 0.000125556 2.96186e-06 1.24722e-05 2.11034e-05 2.91921e-05 3.71514e-05 4.54761e-05 5.47658e-05 6.57757e-05 7.94926e-05 9.72215e-05 0.000120666 5.23082e-06 1.38604e-05 2.17869e-05 2.9298e-05 3.6745e-05 4.45568e-05 5.3264e-05 6.35377e-05 7.62425e-05 9.24982e-05 0.000113742 8.21525e-06 1.58104e-05 2.28687e-05 2.96317e-05 3.63919e-05 4.35088e-05 5.14304e-05 6.0723e-05 7.21086e-05 8.6509e-05 0.000105093 1.17975e-05 1.82316e-05 2.42911e-05 3.0169e-05 3.60975e-05 4.23626e-05 4.93215e-05 5.74235e-05 6.72362e-05 7.94754e-05 9.50377e-05 1.58553e-05 2.10294e-05 2.59896e-05 3.08762e-05 3.58584e-05 4.11454e-05 4.69979e-05 5.37418e-05 6.17841e-05 7.163e-05 8.39012e-05 2.02614e-05 2.41067e-05 2.78968e-05 3.17159e-05 3.56681e-05 3.98831e-05 4.45224e-05 4.97859e-05 5.59176e-05 6.32112e-05 7.20144e-05 2.4886e-05 2.7365e-05 2.99441e-05 3.26496e-05 3.55191e-05 3.86018e-05 4.19597e-05 4.56666e-05 4.98045e-05 5.44586e-05 5.97069e-05 2.95986e-05 3.0706e-05 3.20635e-05 3.36392e-05 3.5404e-05 3.73279e-05 3.93747e-05 4.14945e-05 4.36118e-05 4.5609e-05 4.73027e-05 3.42706e-05 3.40335e-05 3.41888e-05 3.46479e-05 3.53166e-05 3.6088e-05 3.68314e-05 3.73782e-05 3.7502e-05 3.68918e-05 3.51156e-05 3.87784e-05 3.7255e-05 3.62569e-05 3.56409e-05 3.52512e-05 3.49081e-05 3.43917e-05 3.34218e-05 3.16306e-05 2.85262e-05 2.34439e-05 4.3005e-05 4.02837e-05 3.82085e-05 3.65859e-05 3.52033e-05 3.38133e-05 3.21142e-05 2.97233e-05 2.61433e-05 2.07167e-05 1.25661e-05 4.68432e-05 4.30396e-05 3.99894e-05 3.74537e-05 3.51688e-05 3.28271e-05 3.00531e-05 2.63729e-05 2.11737e-05 1.36504e-05 2.73665e-06 5.01968e-05 4.54514e-05 4.15513e-05 3.82184e-05 3.51448e-05 3.19704e-05 2.82567e-05 2.3451e-05 1.68406e-05 7.49397e-06 -5.81829e-06 5.29832e-05 4.74577e-05 4.28526e-05 3.88578e-05 3.51285e-05 3.12619e-05 2.67672e-05 2.10268e-05 1.32465e-05 2.39046e-06 -1.29043e-05 5.51342e-05 4.90079e-05 4.38593e-05 3.93535e-05 3.5118e-05 3.07167e-05 2.56189e-05 1.91574e-05 1.04754e-05 -1.5426e-06 -1.83619e-05 5.65977e-05 5.00632e-05 4.45451e-05 3.96919e-05 3.51118e-05 3.03466e-05 2.48384e-05 1.78864e-05 8.59171e-06 -4.21536e-06 -2.20691e-05 5.73383e-05 5.05974e-05 4.48925e-05 3.98634e-05 3.51089e-05 3.01595e-05 2.44436e-05 1.72435e-05 7.63888e-06 -5.56705e-06 -2.39435e-05 
Gamma_rphi 1 1100 float
-2.64795e-07 -7.32684e-07 -1.11337e-06 -1.40466e-06 -1.59824e-06 -1.67816e-06 -1.6187e-06 -1.38151e-06 -9.11839e-07 -1.33553e-07 1.05742e-06 -7.88067e-07 -2.18035e-06 -3.31287e-06 -4.17915e-06 -4.75453e-06 -4.99154e-06 -4.81357e-06 -4.10642e-06 -2.70697e-06 -3.88342e-07 3.15965e-06 -1.29249e-06 -3.5752e-06 -5.43113e-06 -6.84983e-06 -7.791e-06 -8.17682e-06 -7.88158e-06 -6.71766e-06 -4.41696e-06 -6.06404e-07 5.22424e-06 -1.76588e-06 -4.88309e-06 -7.41557e-06 -9.34949e-06 -1.06301e-05 -1.11511e-05 -1.07406e-05 -9.14159e-06 -5.98665e-06 -7.63982e-07 7.22673e-06 -2.19658e-06 -6.07139e-06 -9.216e-06 -1.1614e-05 -1.31976e-05 -1.3835e-05 -1.3312e-05 -1.13078e-05 -7.36329e-06 -8.38387e-07 9.14358e-06 -2.57372e-06 -7.10963e-06 -1.07855e-05 -1.35832e-05 -1.54243e-05 -1.61544e-05 -1.55221e-05 -1.31502e-05 -8.49739e-06 -8.08385e-07 1.09526e-05 -2.88739e-06 -7.97005e-06 -1.20813e-05 -1.52025e-05 -1.72467e-05 -1.80413e-05 -1.73035e-05 -1.46081e-05 -9.34354e-06 -6.54528e-07 1.26331e-05 -3.12885e-06 -8.62816e-06 -1.30657e-05 -1.64234e-05 -1.86087e-05 -1.94352e-05 -1.85961e-05 -1.56276e-05 -9.86111e-06 -3.59448e-07 1.41666e-05 -3.29074e-06 -9.06327e-06 -1.37066e-05 -1.72046e-05 -1.94621e-05 -2.02844e-05 -1.93479e-05 -1.61617e-05 -1.00149e-05 9.19227e-08 1.55367e-05 -3.36723e-06 -9.25892e-06 -1.39784e-05 -1.75129e-05 -1.97681e-05 -2.05464e-05 -1.95165e-05 -1.61717e-05 -9.77551e-06 7.12181e-07 1.67299e-05 -3.35419e-06 -9.20334e-06 -1.38625e-05 -1.73237e-05 -1.94974e-05 -2.01892e-05 -1.9069e-05 -1.56277e-05 -9.12003e-06 1.51133e-06 1.77353e-05 -3.24935e-06 -8.8897e-06 -1.33476e-05 -1.66219e-05 -1.86313e-05 -1.91916e-05 -1.79834e-05 -1.45087e-05 -8.03213e-06 2.49671e-06 1.85452e-05 -3.05231e-06 -8.31623e-06 -1.24301e-05 -1.54015e-05 -1.71619e-05 -1.7544e-05 -1.62489e-05 -1.28038e-05 -6.50251e-06 3.67289e-06 1.91552e-05 -2.76457e-06 -7.48597e-06 -1.11133e-05 -1.36658e-05 -1.50924e-05 -1.52488e-05 -1.38668e-05 -1.05125e-05 -4.52925e-06 5.04166e-06 1.95643e-05 -2.3892e-06 -6.40596e-06 -9.40692e-06 -1.1427e-05 -1.24372e-05 -1.23217e-05 -1.08515e-05 -7.64589e-06 -2.11836e-06 6.60198e-06 1.9775e-05 -1.93019e-06 -5.0853e-06 -7.32447e-06 -8.70458e-06 -9.22215e-06 -8.79328e-06 -7.23356e-06 -4.22862e-06 7.15492e-07 8.35034e-06 1.97937e-05 -1.39095e-06 -3.5314e-06 -4.8795e-06 -5.5232e-06 -5.48603e-06 -4.71286e-06 -3.06426e-06 -3.02667e-07 3.9479e-06 1.02818e-05 1.96315e-05 -7.71547e-07 -1.74316e-06 -2.07872e-06 -1.91006e-06 -1.28255e-06 -1.55352e-07 1.57619e-06 4.06638e-06 7.54309e-06 1.23925e-05 1.93064e-05 -6.34175e-08 3.00948e-07 1.0884e-06 2.10825e-06 3.31418e-06 4.76766e-06 6.56508e-06 8.7784e-06 1.14506e-05 1.46851e-05 1.88488e-05 7.60377e-07 2.663e-06 4.66305e-06 6.5055e-06 8.19959e-06 9.89383e-06 1.17203e-05 1.36814e-05 1.55971e-05 1.71765e-05 1.83117e-05 1.7651e-06 5.47858e-06 8.72721e-06 1.12396e-05 1.32226e-05 1.50032e-05 1.67922e-05 1.85488e-05 1.98599e-05 1.99005e-05 1.77905e-05 3.10063e-06 9.01238e-06 1.3372e-05 1.61973e-05 1.81631e-05 1.9854e-05 2.15048e-05 2.30621e-05 2.39999e-05 2.28689e-05 1.74577e-05 5.15469e-06 1.36824e-05 1.85444e-05 2.10214e-05 2.27796e-05 2.43032e-05 2.5716e-05 2.69241e-05 2.74967e-05 2.58784e-05 1.75888e-05 9.00111e-06 1.99335e-05 2.31763e-05 2.52494e-05 2.69898e-05 2.85048e-05 2.96958e-05 3.03152e-05 2.9911e-05 2.75103e-05 1.83743e-05 1.87776e-05 2.36832e-05 2.63473e-05 2.88881e-05 3.11419e-05 3.30366e-05 3.43174e-05 3.45042e-05 3.2725e-05 2.74144e-05 1.48358e-05 1.87776e-05 2.36832e-05 2.63473e-05 2.88881e-05 3.11419e-05 3.30366e-05 3.43174e-05 3.45042e-05 3.2725e-05 2.74144e-05 1.48358e-05 9.00111e-06 1.99335e-05 2.31763e-05 2.52494e-05 2.69898e-05 2.85048e-05 2.96958e-05 3.03152e-05 2.9911e-05 2.75103e-05 1.83743e-05 5.15469e-06 1.36824e-05 1.85444e-05 2.10214e-05 2.27796e-05 2.43032e-05 2.5716e-05 2.69241e-05 2.74967e-05 2.58784e-05 1.75888e-05 3.10063e-06 9.01238e-06 1.3372e-05 1.61973e-05 1.81631e-05 1.9854e-05 2.15048e-05 2.30621e-05 2.39999e-05 2.28689e-05 1.74577e-05 1.7651e-06 5.47858e-06 8.72721e-06 1.12396e-05 1.32226e-05 1.50032e-05 1.67922e-05 1.85488e-05 1.98599e-05 1.99005e-05 1.77905e-05 7.60377e-07 2.663e-06 4.66305e-06 6.5055e-06 8.19959e-06 9.89383e-06 1.17203e-05 1.36814e-05 1.55971e-05 1.71765e-05 1.83117e-05 -6.34175e-08 3.00948e-07 1.0884e-06 2.10825e-06 3.31418e-06 4.76766e-06 6.56508e-06 8.7784e-06 1.14506e-05 1.46851e-05 1.88488e-05 -7.71547e-07 -1.74316e-06 -2.07872e-06 -1.91006e-06 -1.28255e-06 -1.55352e-07 1.57619e-06 4.06638e-06 7.54309e-06 1.23925e-05 1.93064e-05 -1.39095e-06 -3.5314e-06 -4.8795e-06 -5.5232e-06 -5.48603e-06 -4.71286e-06 -3.06426e-06 -3.02667e-07 3.9479e-06 1.02818e-05 1.96315e-05 -1.93019e-06 -5.0853e-06 -7.32447e-06 -8.70458e-06 -9.22215e-06 -8.79328e-06 -7.23356e-06 -4.22862e-06 7.15492e-07 8.35034e-06 1.97937e-05 -2.3892e-06 -6.40596e-06 -9.40692e-06 -1.1427e-05 -1.24372e-05 -1.23217e-05 -1.08515e-05 -7.64589e-06 -2.11836e-06 6.60198e-06 1.9775e-05 -2.76457e-06 -7.48597e-06 -1.11133e-05 -1.36658e-05 -1.50924e-05 -1.52488e-05 -1.38668e-05 -1.05125e-05 -4.52925e-06 5.04166e-06 1.95643e-05 -3.05231e-06 -8.31623e-06 -1.24301e-05 -1.54015e-05 -1.71619e-05 -1.7544e-05 -1.62489e-05 -1.28038e-05 -6.50251e-06 3.67289e-06 1.91552e-05 -3.24935e-06 -8.8897e-06 -1.33476e-05 -1.66219e-05 -1.86313e-05 -1.91916e-05 -1.79834e-05 -1.45087e-05 -8.03213e-06 2.49671e-06 1.85452e-05 -3.35419e-06 -9.20334e-06 -1.38625e-05 -1.73237e-05 -1.94974e-05 -2.01892e-05 -1.9069e-05 -1.56277e-05 -9.12003e-06 1.51133e-06 1.77353e-05 -3.36723e-06 -9.25892e-06 -1.39784e-05 -1.75129e-05 -1.97681e-05 -2.05464e-05 -1.95165e-05 -1.61717e-05 -9.77551e-06 7.12181e-07 1.67299e-05 -3.29074e-06 -9.06327e-06 -1.37066e-05 -1.72046e-05 -1.94621e-05 -2.02844e-05 -1.93479e-05 -1.61617e-05 -1.00149e-05 9.19227e-08 1.55367e-05 -3.12885e-06 -8.62816e-06 -1.30657e-05 -1.64234e-05 -1.86087e-05 -1.94352e-05 -1.85961e-05 -1.56276e-05 -9.86111e-06 -3.59448e-07 1.41666e-05 -2.88739e-06 -7.97005e-06 -1.20813e-05 -1.52025e-05 -1.72467e-05 -1.80413e-05 -1.73035e-05 -1.46081e-05 -9.34354e-06 -6.54528e-07 1.26331e-05 -2.57372e-06 -7.10963e-06 -1.07855e-05 -1.35832e-05 -1.54243e-05 -1.61544e-05 -1.55221e-05 -1.31502e-05 -8.49739e-06 -8.08385e-07 1.09526e-05 -2.19658e-06 -6.07139e-06 -9.216e-06 -1.1614e-05 -1.31976e-05 -1.3835e-05 -1.3312e-05 -1.13078e-05 -7.36329e-06 -8.38387e-07 9.14358e-06 -1.76588e-06 -4.88309e-06 -7.41557e-06 -9.34949e-06 -1.06301e-05 -1.11511e-05 -1.07406e-05 -9.14159e-06 -5.98665e-06 -7.63982e-07 7.22673e-06 -1.29249e-06 -3.5752e-06 -5.43113e-06 -6.84983e-06 -7.791e-06 -8.17682e-06 -7.88158e-06 -6.71766e-06 -4.41696e-06 -6.06404e-07 5.22424e-06 -7.88067e-07 -2.18035e-06 -3.31287e-06 -4.17915e-06 -4.75453e-06 -4.99154e-06 -4.81357e-06 -4.10642e-06 -2.70697e-06 -3.88342e-07 3.15965e-06 -2.64795e-07 -7.32684e-07 -1.11337e-06 -1.40466e-06 -1.59824e-06 -1.67816e-06 -1.6187e-06 -1.38151e-06 -9.11839e-07 -1.33553e-07 1.05742e-06 2.64795e-07 7.32684e-07 1.11337e-06 1.40466e-06 1.59824e-06 1.67816e-06 1.6187e-06 1.38151e-06 9.11839e-07 1.33553e-07 -1.05742e-06 7.88067e-07 2.18035e-06 3.31287e-06 4.17915e-06 4.75453e-06 4.99154e-06 4.81357e-06 4.10642e-06 2.70697e-06 3.88342e-07 -3.15965e-06 1.29249e-06 3.5752e-06 5.43113e-06 6.84983e-06 7.791e-06 8.17682e-06 7.88158e-06 6.71766e-06 4.41696e-06 6.06404e-07 -5.22424e-06 1.76588e-06 4.88309e-06 7.41557e-06 9.34949e-06 1.06301e-05 1.11511e-05 1.07406e-05 9.14159e-06 5.98665e-06 7.63982e-07 -7.22673e-06 2.19658e-06 6.07139e-06 9.216e-06 1.1614e-05 1.31976e-05 1.3835e-05 1.3312e-05 1.13078e-05 7.36329e-06 8.38387e-07 -9.14358e-06 2.57372e-06 7.10963e-06 1.07855e-05 1.35832e-05 1.54243e-05 1.61544e-05 1.55221e-05 1.31502e-05 8.49739e-06 8.08385e-07 -1.09526e-05 2.88739e-06 7.97005e-06 1.20813e-05 1.52025e-05 1.72467e-05 1.80413e-05 1.73035e-05 1.46081e-05 9.34354e-06 6.54528e-07 -1.26331e-05 3.12885e-06 8.62816e-06 1.30657e-05 1.64234e-05 1.86087e-05 1.94352e-05 1.85961e-05 1.56276e-05 9.86111e-06 3.59448e-07 -1.41666e-05 3.29074e-06 9.06327e-06 1.37066e-05 1.72046e-05 1.94621e-05 2.02844e-05 1.93479e-05 1.61617e-05 1.00149e-05 -9.19227e-08 -1.55367e-05 3.36723e-06 9.25892e-06 1.39784e-05 1.75129e-05 1.97681e-05 2.05464e-05 1.95165e-05 1.61717e-05 9.77551e-06 -7.12181e-07 -1.67299e-05 3.35419e-06 9.20334e-06 1.38625e-05 1.73237e-05 1.94974e-05 2.01892e-05 1.9069e-05 1.56277e-05 9.12003e-06 -1.51133e-06 -1.77353e-05 3.24935e-06 8.8897e-06 1.33476e-05 1.66219e-05 1.86313e-05 1.91916e-05 1.79834e-05 1.45087e-05 8.03213e-06 -2.49671e-06 -1.85452e-05 3.05231e-06 8.31623e-06 1.24301e-05 1.54015e-05 1.71619e-05 1.7544e-05 1.62489e-05 1.28038e-05 6.50251e-06 -3.67289e-06 -1.91552e-05 2.76457e-06 7.48597e-06 1.11133e-05 1.36658e-05 1.50924e-05 1.52488e-05 1.38668e-05 1.05125e-05 4.52925e-06 -5.04166e-06 -1.95643e-05 2.3892e-06 6.40596e-06 9.40692e-06 1.1427e-05 1.24372e-05 1.23217e-05 1.08515e-05 7.64589e-06 2.11836e-06 -6.60198e-06 -1.9775e-05 1.93019e-06 5.0853e-06 7.32447e-06 8.70458e-06 9.22215e-06 8.79328e-06 7.23356e-06 4.22862e-06 -7.15492e-07 -8.35034e-06 -1.97937e-05 1.39095e-06 3.5314e-06 4.8795e-06 5.5232e-06 5.48603e-06 4.71286e-06 3.06426e-06 3.02667e-07 -3.9479e-06 -1.02818e-05 -1.96315e-05 7.71547e-07 1.74316e-06 2.07872e-06 1.91006e-06 1.28255e-06 1.55352e-07 -1.57619e-06 -4.06638e-06 -7.54309e-06 -1.23925e-05 -1.93064e-05 6.34175e-08 -3.00948e-07 -1.0884e-06 -2.10825e-06 -3.31418e-06 -4.76766e-06 -6.56508e-06 -8.7784e-06 -1.14506e-05 -1.46851e-05 -1.88488e-05 -7.60377e-07 -2.663e-06 -4.66305e-06 -6.5055e-06 -8.19959e-06 -9.89383e-06 -1.17203e-05 -1.36814e-05 -1.55971e-05 -1.71765e-05 -1.83117e-05 -1.7651e-06 -5.47858e-06 -8.72721e-06 -1.12396e-05 -1.32226e-05 -1.50032e-05 -1.67922e-05 -1.85488e-05 -1.98599e-05 -1.99005e-05 -1.77905e-05 -3.10063e-06 -9.01238e-06 -1.3372e-05 -1.61973e-05 -1.81631e-05 -1.9854e-05 -2.15048e-05 -2.30621e-05 -2.39999e-05 -2.28689e-05 -1.74577e-05 -5.15469e-06 -1.36824e-05 -1.85444e-05 -2.10214e-05 -2.27796e-05 -2.43032e-05 -2.5716e-05 -2.69241e-05 -2.74967e-05 -2.58784e-05 -1.75888e-05 -9.00111e-06 -1.99335e-05 -2.31763e-05 -2.52494e-05 -2.69898e-05 -2.85048e-05 -2.96958e-05 -3.03152e-05 -2.9911e-05 -2.75103e-05 -1.83743e-05 -1.87776e-05 -2.36832e-05 -2.63473e-05 -2.88881e-05 -3.11419e-05 -3.30366e-05 -3.43174e-05 -3.45042e-05 -3.2725e-05 -2.74144e-05 -1.48358e-05 -1.87776e-05 -2.36832e-05 -2.63473e-05 -2.88881e-05 -3.11419e-05 -3.30366e-05 -3.43174e-05 -3.45042e-05 -3.2725e-05 -2.74144e-05 -1.48358e-05 -9.00111e-06 -1.99335e-05 -2.31763e-05 -2.52494e-05 -2.69898e-05 -2.85048e-05 -2.96958e-05 -3.03152e-05 -2.9911e-05 -2.75103e-05 -1.83743e-05 -5.15469e-06 -1.36824e-05 -1.85444e-05 -2.10214e-05 -2.27796e-05 -2.43032e-05 -2.5716e-05 -2.69241e-05 -2.74967e-05 -2.58784e-05 -1.75888e-05 -3.10063e-06 -9.01238e-06 -1.3372e-05 -1.61973e-05 -1.81631e-05 -1.9854e-05 -2.15048e-05 -2.30621e-05 -2.39999e-05 -2.28689e-05 -1.74577e-05 -1.7651e-06 -5.47858e-06 -8.72721e-06 -1.12396e-05 -1.32226e-05 -1.50032e-05 -1.67922e-05 -1.85488e-05 -1.98599e-05 -1.99005e-05 -1.77905e-05 -7.60377e-07 -2.663e-06 -4.66305e-06 -6.5055e-06 -8.19959e-06 -9.89383e-06 -1.17203e-05 -1.36814e-05 -1.55971e-05 -1.71765e-05 -1.83117e-05 6.34175e-08 -3.00948e-07 -1.0884e-06 -2.10825e-06 -3.31418e-06 -4.76766e-06 -6.56508e-06 -8.7784e-06 -1.14506e-05 -1.46851e-05 -1.88488e-05 7.71547e-07 1.74316e-06 2.07872e-06 1.91006e-06 1.28255e-06 1.55352e-07 -1.57619e-06 -4.06638e-06 -7.54309e-06 -1.23925e-05 -1.93064e-05 1.39095e-06 3.5314e-06 4.8795e-06 5.5232e-06 5.48603e-06 4.71286e-06 3.06426e-06 3.02667e-07 -3.9479e-06 -1.02818e-05 -1.96315e-05 1.93019e-06 5.0853e-06 7.32447e-06 8.70458e-06 9.22215e-06 8.79328e-06 7.23356e-06 4.22862e-06 -7.15492e-07 -8.35034e-06 -1.97937e-05 2.3892e-06 6.40596e-06 9.40692e-06 1.1427e-05 1.24372e-05 1.23217e-05 1.08515e-05 7.64589e-06 2.11836e-06 -6.60198e-06 -1.9775e-05 2.76457e-06 7.48597e-06 1.11133e-05 1.36658e-05 1.50924e-05 1.52488e-05 1.38668e-05 1.05125e-05 4.52925e-06 -5.04166e-06 -1.95643e-05 3.05231e-06 8.31623e-06 1.24301e-05 1.54015e-05 1.71619e-05 1.7544e-05 1.62489e-05 1.28038e-05 6.50251e-06 -3.67289e-06 -1.91552e-05 3.24935e-06 8.8897e-06 1.33476e-05 1.66219e-05 1.86313e-05 1.91916e-05 1.79834e-05 1.45087e-05 8.03213e-06 -2.49671e-06 -1.85452e-05 3.35419e-06 9.20334e-06 1.38625e-05 1.73237e-05 1.94974e-05 2.01892e-05 1.9069e-05 1.56277e-05 9.12003e-06 -1.51133e-06 -1.77353e-05 3.36723e-06 9.25892e-06 1.39784e-05 1.75129e-05 1.97681e-05 2.05464e-05 1.95165e-05 1.61717e-05 9.77551e-06 -7.12181e-07 -1.67299e-05 3.29074e-06 9.06327e-06 1.37066e-05 1.72046e-05 1.94621e-05 2.02844e-05 1.93479e-05 1.61617e-05 1.00149e-05 -9.19227e-08 -1.55367e-05 3.12885e-06 8.62816e-06 1.30657e-05 1.64234e-05 1.86087e-05 1.94352e-05 1.85961e-05 1.56276e-05 9.86111e-06 3.59448e-07 -1.41666e-05 2.88739e-06 7.97005e-06 1.20813e-05 1.52025e-05 1.72467e-05 1.80413e-05 1.73035e-05 1.46081e-05 9.34354e-06 6.54528e-07 -1.26331e-05 2.57372e-06 7.10963e-06 1.07855e-05 1.35832e-05 1.54243e-05 1.61544e-05 1.55221e-05 1.31502e-05 8.49739e-06 8.08385e-07 -1.09526e-05 2.19658e-06 6.07139e-06 9.216e-06 1.1614e-05 1.31976e-05 1.3835e-05 1.3312e-05 1.13078e-05 7.36329e-06 8.38387e-07 -9.14358e-06 1.76588e-06 4.88309e-06 7.41557e-06 9.34949e-06 1.06301e-05 1.11511e-05 1.07406e-05 9.14159e-06 5.98665e-06 7.63982e-07 -7.22673e-06 1.29249e-06 3.5752e-06 5.43113e-06 6.84983e-06 7.791e-06 8.17682e-06 7.88158e-06 6.71766e-06 4.41696e-06 6.06404e-07 -5.22424e-06 7.88067e-07 2.18035e-06 3.31287e-06 4.17915e-06 4.75453e-06 4.99154e-06 4.81357e-06 4.10642e-06 2.70697e-06 3.88342e-07 -3.15965e-06 2.64795e-07 7.32684e-07 1.11337e-06 1.40466e-06 1.59824e-06 1.67816e-06 1.6187e-06 1.38151e-06 9.11839e-07 1.33553e-07 -1.05742e-06 
Eps_intensity 1 1100 float
5.77719e-05 5.21714e-05 4.81315e-05 4.54506e-05 4.38599e-05 4.2994e-05 4.24038e-05 4.1643e-05 4.05207e-05 3.98032e-05 4.27154e-05 5.70336e-05 5.16866e-05 4.79138e-05 4.54852e-05 4.4099e-05 4.33601e-05 4.27976e-05 4.1948e-05 4.06001e-05 3.95042e-05 4.19703e-05 5.55747e-05 5.07279e-05 4.74776e-05 4.5537e-05 4.45422e-05 4.40473e-05 4.35467e-05 4.25491e-05 4.08068e-05 3.90354e-05 4.06917e-05 5.34306e-05 4.93172e-05 4.6822e-05 4.55727e-05 4.51245e-05 4.49739e-05 4.45813e-05 4.3429e-05 4.12293e-05 3.86517e-05 3.93241e-05 5.06534e-05 4.74866e-05 4.59456e-05 4.55472e-05 4.57609e-05 4.60352e-05 4.58116e-05 4.4563e-05 4.19811e-05 3.87108e-05 3.8552e-05 4.7311e-05 4.52773e-05 4.48468e-05 4.54083e-05 4.63564e-05 4.71172e-05 4.71403e-05 4.59204e-05 4.3178e-05 3.96122e-05 3.92031e-05 4.34862e-05 4.2739e-05 4.35249e-05 4.51011e-05 4.68166e-05 4.81098e-05 4.84732e-05 4.74658e-05 4.49115e-05 4.16887e-05 4.1966e-05 3.92748e-05 3.99279e-05 4.19802e-05 4.45741e-05 4.70558e-05 4.89161e-05 4.9727e-05 4.91607e-05 4.72262e-05 4.5098e-05 4.70731e-05 3.4784e-05 3.69053e-05 4.02157e-05 4.37832e-05 4.70038e-05 4.94591e-05 5.08353e-05 5.09646e-05 5.01083e-05 4.97829e-05 5.42618e-05 3.01302e-05 3.37358e-05 3.82381e-05 4.2697e-05 4.66116e-05 4.96867e-05 5.17523e-05 5.28366e-05 5.34866e-05 5.55181e-05 6.30045e-05 2.54367e-05 3.04856e-05 3.60608e-05 4.1302e-05 4.58566e-05 4.95762e-05 5.2455e-05 5.4737e-05 5.72451e-05 6.19906e-05 7.27249e-05 2.08312e-05 2.72206e-05 3.37074e-05 3.96079e-05 4.47481e-05 4.91382e-05 5.29458e-05 5.66287e-05 6.12382e-05 6.88624e-05 8.28889e-05 1.64426e-05 2.4006e-05 3.1217e-05 3.76552e-05 4.33341e-05 4.84217e-05 5.32544e-05 5.84793e-05 6.53062e-05 7.5803e-05 9.30186e-05 1.23983e-05 2.09085e-05 2.86538e-05 3.55252e-05 4.17096e-05 4.75187e-05 5.34387e-05 6.02629e-05 6.92866e-05 8.25014e-05 0.000102682 8.81937e-06 1.80027e-05 2.61207e-05 3.33531e-05 4.00254e-05 4.65686e-05 5.35849e-05 6.19628e-05 7.30242e-05 8.86697e-05 0.000111483 5.81444e-06 1.53895e-05 2.37801e-05 3.13416e-05 3.84944e-05 4.57561e-05 5.38045e-05 6.35739e-05 7.6378e-05 9.40444e-05 0.000119052 3.46586e-06 1.32332e-05 2.18787e-05 2.97683e-05 3.73838e-05 4.52982e-05 5.4225e-05 6.51053e-05 7.92298e-05 9.83895e-05 0.000125045 1.80887e-06 1.1817e-05 2.07561e-05 2.89633e-05 3.69777e-05 4.54086e-05 5.49716e-05 6.6581e-05 8.14941e-05 0.000101502 0.000129139 1.01538e-06 1.15546e-05 2.07885e-05 2.92301e-05 3.74978e-05 4.62355e-05 5.61343e-05 6.80375e-05 8.31323e-05 0.000103224 0.00013103 1.8973e-06 1.28216e-05 2.22478e-05 3.07236e-05 3.90016e-05 4.77859e-05 5.77203e-05 6.95089e-05 8.41697e-05 0.000103465 0.000130424 4.20529e-06 1.57547e-05 2.51812e-05 3.33593e-05 4.13197e-05 4.98745e-05 5.96014e-05 7.09857e-05 8.47012e-05 0.000102242 0.000127021 8.11723e-06 2.03776e-05 2.941e-05 3.68053e-05 4.40851e-05 5.2168e-05 6.14928e-05 7.23215e-05 8.48352e-05 9.97328e-05 0.000120504 1.43508e-05 2.67746e-05 3.44732e-05 4.04644e-05 4.69257e-05 5.43769e-05 6.30752e-05 7.31266e-05 8.43952e-05 9.62794e-05 0.000110494 2.46139e-05 3.46925e-05 3.88532e-05 4.38607e-05 4.97408e-05 5.65812e-05 6.43699e-05 7.30607e-05 8.24255e-05 9.13642e-05 9.70414e-05 4.18589e-05 3.84893e-05 4.20085e-05 4.71034e-05 5.30023e-05 5.9468e-05 6.62579e-05 7.29743e-05 7.88304e-05 8.20831e-05 7.57917e-05 4.18589e-05 3.84893e-05 4.20085e-05 4.71034e-05 5.30023e-05 5.9468e-05 6.62579e-05 7.29743e-05 7.88304e-05 8.20831e-05 7.57917e-05 2.46139e-05 3.46925e-05 3.88532e-05 4.38607e-05 4.97408e-05 5.65812e-05 6.43699e-05 7.30607e-05 8.24255e-05 9.13642e-05 9.70414e-05 1.43508e-05 2.67746e-05 3.44732e-05 4.04644e-05 4.69257e-05 5.43769e-05 6.30752e-05 7.31266e-05 8.43952e-05 9.62794e-05 0.000110494 8.11723e-06 2.03776e-05 2.941e-05 3.68053e-05 4.40851e-05 5.2168e-05 6.14928e-05 7.23215e-05 8.48352e-05 9.97328e-05 0.000120504 4.20529e-06 1.57547e-05 2.51812e-05 3.33593e-05 4.13197e-05 4.98745e-05 5.96014e-05 7.09857e-05 8.47012e-05 0.000102242 0.000127021 1.8973e-06 1.28216e-05 2.22478e-05 3.07236e-05 3.90016e-05 4.77859e-05 5.77203e-05 6.95089e-05 8.41697e-05 0.000103465 0.000130424 1.01538e-06 1.15546e-05 2.07885e-05 2.92301e-05 3.74978e-05 4.62355e-05 5.61343e-05 6.80375e-05 8.31323e-05 0.000103224 0.00013103 1.80887e-06 1.1817e-05 2.07561e-05 2.89633e-05 3.69777e-05 4.54086e-05 5.49716e-05 6.6581e-05 8.14941e-05 0.000101502 0.000129139 3.46586e-06 1.32332e-05 2.18787e-05 2.97683e-05 3.73838e-05 4.52982e-05 5.4225e-05 6.51053e-05 7.92298e-05 9.83895e-05 0.000125045 5.81444e-06 1.53895e-05 2.37801e-05 3.13416e-05 3.84944e-05 4.57561e-05 5.38045e-05 6.35739e-05 7.6378e-05 9.40444e-05 0.000119052 8.81937e-06 1.80027e-05 2.61207e-05 3.33531e-05 4.00254e-05 4.65686e-05 5.35849e-05 6.19628e-05 7.30242e-05 8.86697e-05 0.000111483 1.23983e-05 2.09085e-05 2.86538e-05 3.55252e-05 4.17096e-05 4.75187e-05 5.34387e-05 6.02629e-05 6.92866e-05 8.25014e-05 0.000102682 1.64426e-05 2.4006e-05 3.1217e-05 3.76552e-05 4.33341e-05 4.84217e-05 5.32544e-05 5.84793e-05 6.53062e-05 7.5803e-05 9.30186e-05 2.08312e-05 2.72206e-05 3.37074e-05 3.96079e-05 4.47481e-05 4.91382e-05 5.29458e-05 5.66287e-05 6.12382e-05 6.88624e-05 8.28889e-05 2.54367e-05 3.04856e-05 3.60608e-05 4.1302e-05 4.58566e-05 4.95762e-05 5.2455e-05 5.4737e-05 5.72451e-05 6.19906e-05 7.27249e-05 3.01302e-05 3.37358e-05 3.82381e-05 4.2697e-05 4.66116e-05 4.96867e-05 5.17523e-05 5.28366e-05 5.34866e-05 5.55181e-05 6.30045e-05 3.4784e-05 3.69053e-05 4.02157e-05 4.37832e-05 4.70038e-05 4.94591e-05 5.08353e-05 5.09646e-05 5.01083e-05 4.97829e-05 5.42618e-05 3.92748e-05 3.99279e-05 4.19802e-05 4.45741e-05 4.70558e-05 4.89161e-05 4.9727e-05 4.91607e-05 4.72262e-05 4.5098e-05 4.70731e-05 4.34862e-05 4.2739e-05 4.35249e-05 4.51011e-05 4.68166e-05 4.81098e-05 4.84732e-05 4.74658e-05 4.49115e-05 4.16887e-05 4.1966e-05 4.7311e-05 4.52773e-05 4.48468e-05 4.54083e-05 4.63564e-05 4.71172e-05 4.71403e-05 4.59204e-05 4.3178e-05 3.96122e-05 3.92031e-05 5.06534e-05 4.74866e-05 4.59456e-05 4.55472e-05 4.57609e-05 4.60352e-05 4.58116e-05 4.4563e-05 4.19811e-05 3.87108e-05 3.8552e-05 5.34306e-05 4.93172e-05 4.6822e-05 4.55727e-05 4.51245e-05 4.49739e-05 4.45813e-05 4.3429e-05 4.12293e-05 3.86517e-05 3.93241e-05 5.55747e-05 5.07279e-05 4.74776e-05 4.5537e-05 4.45422e-05 4.40473e-05 4.35467e-05 4.25491e-05 4.08068e-05 3.90354e-05 4.06917e-05 5.70336e-05 5.16866e-05 4.79138e-05 4.54852e-05 4.4099e-05 4.33601e-05 4.27976e-05 4.1948e-05 4.06001e-05 3.95042e-05 4.19703e-05 5.77719e-05 5.21714e-05 4.81315e-05 4.54506e-05 4.38599e-05 4.2994e-05 4.24038e-05 4.1643e-05 4.05207e-05 3.98032e-05 4.27154e-05 5.77719e-05 5.21714e-05 4.81315e-05 4.54506e-05 4.38599e-05 4.2994e-05 4.24038e-05 4.1643e-05 4.05207e-05 3.98032e-05 4.27154e-05 5.70336e-05 5.16866e-05 4.79138e-05 4.54852e-05 4.4099e-05 4.33601e-05 4.27976e-05 4.1948e-05 4.06001e-05 3.95042e-05 4.19703e-05 5.55747e-05 5.07279e-05 4.74776e-05 4.5537e-05 4.45422e-05 4.40473e-05 4.35467e-05 4.25491e-05 4.08068e-05 3.90354e-05 4.06917e-05 5.34306e-05 4.93172e-05 4.6822e-05 4.55727e-05 4.51245e-05 4.49739e-05 4.45813e-05 4.3429e-05 4.12293e-05 3.86517e-05 3.93241e-05 5.06534e-05 4.74866e-05 4.59456e-05 4.55472e-05 4.57609e-05 4.60352e-05 4.58116e-05 4.4563e-05 4.19811e-05 3.87108e-05 3.8552e-05 4.7311e-05 4.52773e-05 4.48468e-05 4.54083e-05 4.63564e-05 4.71172e-05 4.71403e-05 4.59204e-05 4.3178e-05 3.96122e-05 3.92031e-05 4.34862e-05 4.2739e-05 4.35249e-05 4.51011e-05 4.68166e-05 4.81098e-05 4.84732e-05 4.74658e-05 4.49115e-05 4.16887e-05 4.1966e-05 3.92748e-05 3.99279e-05 4.19802e-05 4.45741e-05 4.70558e-05 4.89161e-05 4.9727e-05 4.91607e-05 4.72262e-05 4.5098e-05 4.70731e-05 3.4784e-05 3.69053e-05 4.02157e-05 4.37832e-05 4.70038e-05 4.94591e-05 5.08353e-05 5.09646e-05 5.01083e-05 4.97829e-05 5.42618e-05 3.01302e-05 3.37358e-05 3.82381e-05 4.2697e-05 4.66116e-05 4.96867e-05 5.17523e-05 5.28366e-05 5.34866e-05 5.55181e-05 6.30045e-05 2.54367e-05 3.04856e-05 3.60608e-05 4.1302e-05 4.58566e-05 4.95762e-05 5.2455e-05 5.4737e-05 5.72451e-05 6.19906e-05 7.27249e-05 2.08312e-05 2.72206e-05 3.37074e-05 3.96079e-05 4.47481e-05 4.91382e-05 5.29458e-05 5.66287e-05 6.12382e-05 6.88624e-05 8.28889e-05 1.64426e-05 2.4006e-05 3.1217e-05 3.76552e-05 4.33341e-05 4.84217e-05 5.32544e-05 5.84793e-05 6.53062e-05 7.5803e-05 9.30186e-05 1.23983e-05 2.09085e-05 2.86538e-05 3.55252e-05 4.17096e-05 4.75187e-05 5.34387e-05 6.02629e-05 6.92866e-05 8.25014e-05 0.000102682 8.81937e-06 1.80027e-05 2.61207e-05 3.33531e-05 4.00254e-05 4.65686e-05 5.35849e-05 6.19628e-05 7.30242e-05 8.86697e-05 0.000111483 5.81444e-06 1.53895e-05 2.37801e-05 3.13416e-05 3.84944e-05 4.57561e-05 5.38045e-05 6.35739e-05 7.6378e-05 9.40444e-05 0.000119052 3.46586e-06 1.32332e-05 2.18787e-05 2.97683e-05 3.73838e-05 4.52982e-05 5.4225e-05 6.51053e-05 7.92298e-05 9.83895e-05 0.000125045 1.80887e-06 1.1817e-05 2.07561e-05 2.89633e-05 3.69777e-05 4.54086e-05 5.49716e-05 6.6581e-05 8.14941e-05 0.000101502 0.000129139 1.01538e-06 1.15546e-05 2.07885e-05 2.92301e-05 3.74978e-05 4.62355e-05 5.61343e-05 6.80375e-05 8.31323e-05 0.000103224 0.00013103 1.8973e-06 1.28216e-05 2.22478e-05 3.07236e-05 3.90016e-05 4.77859e-05 5.77203e-05 6.95089e-05 8.41697e-05 0.000103465 0.000130424 4.20529e-06 1.57547e-05 2.51812e-05 3.33593e-05 4.13197e-05 4.98745e-05 5.96014e-05 7.09857e-05 8.47012e-05 0.000102242 0.000127021 8.11723e-06 2.03776e-05 2.941e-05 3.68053e-05 4.40851e-05 5.2168e-05 6.14928e-05 7.23215e-05 8.48352e-05 9.97328e-05 0.000120504 1.43508e-05 2.67746e-05 3.44732e-05 4.04644e-05 4.69257e-05 5.43769e-05 6.30752e-05 7.31266e-05 8.43952e-05 9.62794e-05 0.000110494 2.46139e-05 3.46925e-05 3.88532e-05 4.38607e-05 4.97408e-05 5.65812e-05 6.43699e-05 7.30607e-05 8.24255e-05 9.13642e-05 9.70414e-05 4.18589e-05 3.84893e-05 4.20085e-05 4.71034e-05 5.30023e-05 5.9468e-05 6.62579e-05 7.29743e-05 7.88304e-05 8.20831e-05 7.57917e-05 4.18589e-05 3.84893e-05 4.20085e-05 4.71034e-05 5.30023e-05 5.9468e-05 6.62579e-05 7.29743e-05 7.88304e-05 8.20831e-05 7.57917e-05 2.46139e-05 3.46925e-05 3.88532e-05 4.38607e-05 4.97408e-05 5.65812e-05 6.43699e-05 7.30607e-05 8.24255e-05 9.13642e-05 9.70414e-05 1.43508e-05 2.67746e-05 3.44732e-05 4.04644e-05 4.69257e-05 5.43769e-05 6.30752e-05 7.31266e-05 8.43952e-05 9.62794e-05 0.000110494 8.11723e-06 2.03776e-05 2.941e-05 3.68053e-05 4.40851e-05 5.2168e-05 6.14928e-05 7.23215e-05 8.48352e-05 9.97328e-05 0.000120504 4.20529e-06 1.57547e-05 2.51812e-05 3.33593e-05 4.13197e-05 4.98745e-05 5.96014e-05 7.09857e-05 8.47012e-05 0.000102242 0.000127021 1.8973e-06 1.28216e-05 2.22478e-05 3.07236e-05 3.90016e-05 4.77859e-05 5.77203e-05 6.95089e-05 8.41697e-05 0.000103465 0.000130424 1.01538e-06 1.15546e-05 2.07885e-05 2.92301e-05 3.74978e-05 4.62355e-05 5.61343e-05 6.80375e-05 8.31323e-05 0.000103224 0.00013103 1.80887e-06 1.1817e-05 2.07561e-05 2.89633e-05 3.69777e-05 4.54086e-05 5.49716e-05 6.6581e-05 8.14941e-05 0.000101502 0.000129139 3.46586e-06 1.32332e-05 2.18787e-05 2.97683e-05 3.73838e-05 4.52982e-05 5.4225e-05 6.51053e-05 7.92298e-05 9.83895e-05 0.000125045 5.81444e-06 1.53895e-05 2.37801e-05 3.13416e-05 3.84944e-05 4.57561e-05 5.38045e-05 6.35739e-05 7.6378e-05 9.40444e-05 0.000119052 8.81937e-06 1.80027e-05 2.61207e-05 3.33531e-05 4.00254e-05 4.65686e-05 5.35849e-05 6.19628e-05 7.30242e-05 8.86697e-05 0.000111483 1.23983e-05 2.09085e-05 2.86538e-05 3.55252e-05 4.17096e-05 4.75187e-05 5.34387e-05 6.02629e-05 6.92866e-05 8.25014e-05 0.000102682 1.64426e-05 2.4006e-05 3.1217e-05 3.76552e-05 4.33341e-05 4.84217e-05 5.32544e-05 5.84793e-05 6.53062e-05 7.5803e-05 9.30186e-05 2.08312e-05 2.72206e-05 3.37074e-05 3.96079e-05 4.47481e-05 4.91382e-05 5.29458e-05 5.66287e-05 6.12382e-05 6.88624e-05 8.28889e-05 2.54367e-05 3.04856e-05 3.60608e-05 4.1302e-05 4.58566e-05 4.95762e-05 5.2455e-05 5.4737e-05 5.72451e-05 6.19906e-05 7.27249e-05 3.01302e-05 3.37358e-05 3.82381e-05 4.2697e-05 4.66116e-05 4.96867e-05 5.17523e-05 5.28366e-05 5.34866e-05 5.55181e-05 6.30045e-05 3.4784e-05 3.69053e-05 4.02157e-05 4.37832e-05 4.70038e-05 4.94591e-05 5.08353e-05 5.09646e-05 5.01083e-05 4.97829e-05 5.42618e-05 3.92748e-05 3.99279e-05 4.19802e-05 4.45741e-05 4.70558e-05 4.89161e-05 4.9727e-05 4.91607e-05 4.72262e-05 4.5098e-05 4.70731e-05 4.34862e-05 4.2739e-05 4.35249e-05 4.51011e-05 4.68166e-05 4.81098e-05 4.84732e-05 4.74658e-05 4.49115e-05 4.16887e-05 4.1966e-05 4.7311e-05 4.52773e-05 4.48468e-05 4.54083e-05 4.63564e-05 4.71172e-05 4.71403e-05 4.59204e-05 4.3178e-05 3.96122e-05 3.92031e-05 5.06534e-05 4.74866e-05 4.59456e-05 4.55472e-05 4.57609e-05 4.60352e-05 4.58116e-05 4.4563e-05 4.19811e-05 3.87108e-05 3.8552e-05 5.34306e-05 4.93172e-05 4.6822e-05 4.55727e-05 4.51245e-05 4.49739e-05 4.45813e-05 4.3429e-05 4.12293e-05 3.86517e-05 3.93241e-05 5.55747e-05 5.07279e-05 4.74776e-05 4.5537e-05 4.45422e-05 4.40473e-05 4.35467e-05 4.25491e-05 4.08068e-05 3.90354e-05 4.06917e-05 5.70336e-05 5.16866e-05 4.79138e-05 4.54852e-05 4.4099e-05 4.33601e-05 4.27976e-05 4.1948e-05 4.06001e-05 3.95042e-05 4.19703e-05 5.77719e-05 5.21714e-05 4.81315e-05 4.54506e-05 4.38599e-05 4.2994e-05 4.24038e-05 4.1643e-05 4.05207e-05 3.98032e-05 4.27154e-05 
Sigma_rr 1 1100 float
-22315.8 -70007.6 -122858 -180183 -240917 -303430 -365300 -422994 -471448 -503506 -509170 -21994.3 -69015.9 -121122 -177649 -237557 -299262 -360402 -417532 -465712 -497949 -504476 -21358.7 -67055 -117689 -172634 -230907 -291009 -350701 -406713 -454344 -486935 -495168 -20423.6 -64169 -112633 -165245 -221105 -278839 -336390 -390743 -437556 -470659 -481400 -19210.7 -60423.5 -106068 -155642 -208356 -262999 -317751 -369930 -415659 -449412 -463404 -17748.4 -55904.3 -98137.7 -144032 -192929 -243815 -295154 -344673 -389062 -423572 -441480 -16071.2 -50715.9 -89022 -130669 -175152 -221681 -269053 -315465 -358263 -393604 -415996 -14219.2 -44980.1 -78928.6 -115851 -155408 -197062 -239977 -282877 -323843 -360048 -387381 -12237.4 -38833.5 -68091.8 -99910.7 -134128 -170478 -208522 -247554 -286457 -323512 -356118 -10174.8 -32425.7 -56767.9 -83214.6 -111788 -142504 -175343 -210204 -246824 -284664 -322735 -8083.79 -25916.1 -45230.9 -66153.9 -88892.3 -113750 -141140 -171587 -205715 -244219 -287800 -6018.54 -19470.6 -33765.7 -49136.3 -65970.3 -84859.2 -106649 -132500 -163940 -202929 -251906 -4034.15 -13257.4 -22660.8 -32573.7 -43557.4 -56482.8 -72622.4 -93762.3 -122335 -161573 -215672 -2184.91 -7441.12 -12196.3 -16865.5 -22175.1 -29263.5 -39809.5 -56201.5 -81750.1 -120942 -179723 -522.307 -2174.57 -2626.57 -2372.72 -2301.03 -3803.91 -8933.86 -20631.6 -43031.3 -81828 -144686 907.724 2413.68 5846.24 10622.1 15676.8 19374.3 19338.7 12162.3 -7016.26 -45020.9 -111183 2068.64 6238.38 13114.8 21975.8 31527.7 39889.2 44437.7 41439.5 25468 -11305.6 -79820.7 2938.63 9287.87 19232 31776.7 45274.4 57579.1 65936.9 66516.4 53590.4 18520.8 -51197 3520.83 11671.6 24512.5 40470.9 57317.8 72604.3 83623.6 86785.9 76490.1 43609.5 -25906.2 3852.22 13715.2 29679.9 49017.3 68544.5 85551.7 97610.7 101808 93272.1 63005.7 -4577.3 4094.8 16108.3 36138.8 58947.5 80294.5 97439.2 108566 111624 103220 75575.2 12109.1 4426.97 20632.6 46101.1 72203.4 93707.7 109451 118089 117826 106608 80437.9 23067.7 7270.63 30188.8 63517.9 88809.9 108296 122190 128904 125503 108802 77779.2 28500 10501.8 59363.5 84501.6 103480 120263 134590 143884 143698 127459 87371.3 22936.9 76728.2 79494.8 90165.4 104590 122889 143057 163026 179646 187265 175184 120707 -76728.2 -79494.8 -90165.3 -104590 -122889 -143057 -163026 -179646 -187265 -175184 -120707 -10501.8 -59363.5 -84501.6 -103480 -120263 -134590 -143884 -143698 -127459 -87371.3 -22936.9 -7270.63 -30188.8 -63517.9 -88809.9 -108296 -122190 -128904 -125503 -108802 -77779.2 -28500 -4426.97 -20632.6 -46101.1 -72203.4 -93707.7 -109451 -118089 -117826 -106608 -80437.9 -23067.7 -4094.8 -16108.3 -36138.8 -58947.5 -80294.4 -97439.2 -108566 -111624 -103220 -75575.2 -12109.1 -3852.22 -13715.2 -29679.9 -49017.3 -68544.5 -85551.7 -97610.7 -101808 -93272.1 -63005.7 4577.31 -3520.83 -11671.6 -24512.5 -40470.9 -57317.8 -72604.3 -83623.6 -86785.9 -76490.1 -43609.5 25906.2 -2938.63 -9287.87 -19232 -31776.7 -45274.4 -57579.1 -65936.9 -66516.4 -53590.4 -18520.8 51197 -2068.64 -6238.38 -13114.8 -21975.8 -31527.7 -39889.2 -44437.7 -41439.5 -25468 11305.6 79820.7 -907.724 -2413.68 -5846.24 -10622.1 -15676.8 -19374.3 -19338.7 -12162.3 7016.26 45020.9 111183 522.307 2174.57 2626.57 2372.72 2301.04 3803.91 8933.87 20631.6 43031.3 81828 144686 2184.91 7441.11 12196.3 16865.5 22175.1 29263.5 39809.5 56201.5 81750.1 120942 179723 4034.15 13257.4 22660.8 32573.7 43557.4 56482.8 72622.4 93762.3 122335 161573 215672 6018.54 19470.6 33765.7 49136.3 65970.3 84859.2 106649 132500 163940 202929 251906 8083.79 25916.1 45230.9 66153.9 88892.3 113750 141140 171587 205715 244219 287800 10174.8 32425.7 56767.9 83214.6 111788 142504 175343 210204 246824 284664 322735 12237.4 38833.5 68091.8 99910.7 134128 170478 208522 247554 286457 323512 356118 14219.2 44980.1 78928.6 115851 155408 197062 239977 282877 323843 360048 387381 16071.2 50715.9 89022 130669 175152 221681 269053 315465 358263 393604 415996 17748.4 55904.3 98137.7 144032 192929 243815 295154 344673 389062 423572 441480 19210.7 60423.5 106068 155642 208356 262999 317751 369930 415659 449412 463404 20423.6 64169 112633 165245 221105 278839 336390 390743 437556 470659 481400 21358.7 67055 117689 172634 230907 291009 350701 406713 454344 486935 495168 21994.3 69015.9 121122 177649 237557 299262 360402 417532 465712 497949 504476 22315.8 70007.6 122858 180183 240917 303430 365300 422994 471448 503506 509170 22315.8 70007.6 122858 180183 240917 303430 365300 422994 471448 503506 509170 21994.3 69015.9 121122 177649 237557 299262 360402 417532 465712 497949 504476 21358.7 67055 117689 172634 230907 291009 350701 406713 454344 486935 495168 20423.6 64169 112633 165245 221105 278839 336390 390743 437556 470659 481400 19210.7 60423.5 106068 155642 208356 262999 317751 369930 415659 449412 463404 17748.4 55904.3 98137.7 144032 192929 243815 295154 344673 389062 423572 441480 16071.2 50715.9 89022 130669 175152 221681 269053 315465 358263 393604 415996 14219.2 44980.1 78928.6 115851 155408 197062 239977 282877 323843 360048 387381 12237.4 38833.5 68091.8 99910.7 134128 170478 208522 247554 286457 323512 356118 10174.8 32425.7 56767.9 83214.6 111788 142504 175343 210204 246824 284664 322735 8083.79 25916.1 45230.9 66153.9 88892.3 113750 141140 171587 205715 244219 287800 6018.54 19470.6 33765.7 49136.3 65970.3 84859.2 106649 132500 163940 202929 251906 4034.15 13257.4 22660.8 32573.7 43557.4 56482.8 72622.4 93762.3 122335 161573 215672 2184.91 7441.11 12196.3 16865.5 22175.1 29263.5 39809.5 56201.5 81750.1 120942 179723 522.308 2174.57 2626.57 2372.71 2301.04 3803.91 8933.87 20631.6 43031.3 81828 144686 -907.724 -2413.68 -5846.24 -10622.1 -15676.8 -19374.3 -19338.7 -12162.3 7016.26 45020.9 111183 -2068.64 -6238.38 -13114.8 -21975.8 -31527.7 -39889.2 -44437.7 -41439.5 -25468 11305.6 79820.7 -2938.63 -9287.87 -19232 -31776.7 -45274.4 -57579.1 -65936.9 -66516.4 -53590.4 -18520.8 51197 -3520.83 -11671.6 -24512.5 -40470.9 -57317.8 -72604.3 -83623.6 -86785.9 -76490.1 -43609.5 25906.2 -3852.22 -13715.2 -29679.9 -49017.3 -68544.5 -85551.7 -97610.7 -101808 -93272.1 -63005.7 4577.31 -4094.8 -16108.3 -36138.8 -58947.5 -80294.4 -97439.2 -108566 -111624 -103220 -75575.2 -12109.1 -4426.97 -20632.6 -46101.1 -72203.4 -93707.7 -109451 -118089 -117826 -106608 -80437.9 -23067.7 -7270.63 -30188.8 -63517.9 -88809.9 -108296 -122190 -128904 -125503 -108802 -77779.2 -28500 -10501.8 -59363.5 -84501.6 -103480 -120263 -134590 -143884 -143698 -127459 -87371.3 -22936.9 -76728.2 -79494.8 -90165.3 -104590 -122889 -143057 -163026 -179646 -187265 -175184 -120707 76728.2 79494.8 90165.4 104590 122889 143057 163026 179646 187265 175184 120707 10501.8 59363.5 84501.6 103480 120263 134590 143884 143698 127459 87371.3 22936.9 7270.63 30188.8 63517.9 88809.9 108296 122190 128904 125503 108802 77779.2 28500 4426.97 20632.6 46101.1 72203.4 93707.7 109451 118089 117826 106608 80437.9 23067.7 4094.8 16108.3 36138.8 58947.5 80294.5 97439.2 108566 111624 103220 75575.2 12109.1 3852.22 13715.2 29679.9 49017.3 68544.5 85551.7 97610.7 101808 93272.1 63005.7 -4577.3 3520.83 11671.6 24512.5 40470.9 57317.8 72604.3 83623.6 86785.9 76490.1 43609.5 -25906.2 2938.63 9287.87 19232 31776.7 45274.4 57579.1 65936.9 66516.4 53590.4 18520.8 -51197 2068.64 6238.38 13114.8 21975.8 31527.7 39889.2 44437.7 41439.5 25468 -11305.6 -79820.7 907.724 2413.68 5846.24 10622.1 15676.8 19374.3 19338.7 12162.3 -7016.26 -45020.9 -111183 -522.307 -2174.57 -2626.57 -2372.72 -2301.04 -3803.91 -8933.87 -20631.6 -43031.3 -81828 -144686 -2184.91 -7441.12 -12196.3 -16865.5 -22175.1 -29263.5 -39809.5 -56201.5 -81750.1 -120942 -179723 -4034.15 -13257.4 -22660.8 -32573.7 -43557.4 -56482.8 -72622.4 -93762.3 -122335 -161573 -215672 -6018.54 -19470.6 -33765.7 -49136.3 -65970.3 -84859.2 -106649 -132500 -163940 -202929 -251906 -8083.79 -25916.1 -45230.9 -66153.9 -88892.3 -113750 -141140 -171587 -205715 -244219 -287800 -10174.8 -32425.7 -56767.9 -83214.6 -111788 -142504 -175343 -210204 -246824 -284664 -322735 -12237.4 -38833.5 -68091.8 -99910.7 -134128 -170478 -208522 -247554 -286457 -323512 -356118 -14219.2 -44980.1 -78928.6 -115851 -155408 -197062 -239977 -282877 -323843 -360048 -387381 -16071.2 -50715.9 -89022 -130669 -175152 -221681 -269053 -315465 -358263 -393604 -415996 -17748.4 -55904.3 -98137.7 -144032 -192929 -243815 -295154 -344673 -389062 -423572 -441480 -19210.7 -60423.5 -106068 -155642 -208356 -262999 -317751 -369930 -415659 -449412 -463404 -20423.6 -64169 -112633 -165245 -221105 -278839 -336390 -390743 -437556 -470659 -481400 -21358.7 -67055 -117689 -172634 -230907 -291009 -350701 -406713 -454344 -486935 -495168 -21994.3 -69015.9 -121122 -177649 -237557 -299262 -360402 -417532 -465712 -497949 -504476 -22315.8 -70007.6 -122858 -180183 -240917 -303430 -365300 -422994 -471448 -503506 -509170 
Sigma_phiphi 1 1100 float
624027 535569 456960 384443 313923 240725 159289 62780.2 -57406.9 -212289 -416129 615976 529990 453660 383316 314962 244034 165101 71490.9 -45204.7 -195754 -394103 600069 518970 447145 381099 317025 250581 176597 88716.9 -21073.5 -163049 -350531 576688 502784 437589 377862 320082 260229 193522 114071 14444.9 -114903 -286367 546402 481839 425244 373710 324086 272775 215499 146982 60549.2 -52389.8 -203022 509950 456664 410442 368781 328979 287953 242038 186700 116192 23083.1 -102341 468234 427906 393587 363244 334691 305442 272540 232317 180098 109802 13428.4 422296 396311 375147 357294 341141 324871 306315 282777 250784 205773 141668 373306 362718 355650 351153 348244 345824 342589 336894 326585 308756 279436 322532 328038 335668 345067 355908 367856 380519 393379 405683 416299 423510 271321 293240 315815 339300 364042 390494 419215 450856 486135 525779 570436 221070 259333 296735 334134 372558 413256 457752 507895 565911 634444 716586 173198 227346 279087 329866 381375 435654 495190 563031 642924 739458 858212 129118 198315 263543 326799 390419 457210 530594 614798 715074 837947 991498 90211.1 173262 250768 325237 399621 477455 563054 661763 780285 927051 1.11262e+06 57811.3 153188 241409 325464 408898 495937 591706 702563 836563 1.00397e+06 1.21781e+06 33201.1 139065 236072 327705 418123 512204 615755 735964 882059 1.06605e+06 1.30337e+06 17642.5 131842 235277 332057 427061 525783 634511 760944 915176 1.11079e+06 1.36575e+06 12465.1 132457 239383 338354 435245 536130 647432 776823 934725 1.13604e+06 1.40147e+06 19253.9 141866 248420 345950 441815 542563 654178 783455 940197 1.14008e+06 1.40704e+06 40231.7 160999 261762 353377 445358 544213 654636 781395 932166 1.12201e+06 1.3787e+06 78978.8 190536 277329 358048 443991 540163 648751 771814 912719 1.0825e+06 1.312e+06 142101 229216 290418 356317 436496 529832 636194 755232 885396 1.02543e+06 1.20178e+06 241517 269770 291106 348061 423530 513684 616388 729875 849680 961156 1.04421e+06 401491 272207 286595 336922 408263 493585 589757 693505 797616 881827 858393 -401491 -272207 -286595 -336922 -408263 -493585 -589757 -693505 -797616 -881827 -858393 -241517 -269770 -291106 -348061 -423530 -513684 -616388 -729875 -849680 -961156 -1.04421e+06 -142101 -229216 -290418 -356317 -436496 -529832 -636194 -755232 -885396 -1.02543e+06 -1.20178e+06 -78978.8 -190536 -277329 -358048 -443991 -540163 -648751 -771814 -912719 -1.0825e+06 -1.312e+06 -40231.7 -160999 -261762 -353377 -445358 -544213 -654636 -781395 -932166 -1.12201e+06 -1.3787e+06 -19253.9 -141866 -248420 -345950 -441815 -542563 -654178 -783455 -940197 -1.14008e+06 -1.40704e+06 -12465.1 -132457 -239383 -338354 -435245 -536130 -647432 -776823 -934725 -1.13604e+06 -1.40147e+06 -17642.5 -131842 -235277 -332057 -427061 -525783 -634511 -760944 -915176 -1.11079e+06 -1.36575e+06 -33201.1 -139065 -236072 -327705 -418123 -512204 -615755 -735964 -882059 -1.06605e+06 -1.30337e+06 -57811.3 -153188 -241409 -325464 -408898 -495937 -591706 -702563 -836563 -1.00397e+06 -1.21781e+06 -90211.1 -173262 -250768 -325237 -399621 -477455 -563054 -661763 -780285 -927051 -1.11262e+06 -129118 -198315 -263543 -326799 -390419 -457210 -530594 -614798 -715074 -837947 -991498 -173198 -227346 -279087 -329866 -381375 -435654 -495190 -563031 -642924 -739458 -858212 -221070 -259333 -296735 -334134 -372558 -413256 -457752 -507895 -565911 -634444 -716586 -271321 -293240 -315815 -339300 -364042 -390494 -419215 -450856 -486135 -525779 -570436 -322532 -328038 -335668 -345067 -355908 -367856 -380519 -393379 -405683 -416299 -423510 -373306 -362718 -355650 -351153 -348244 -345824 -342589 -336894 -326585 -308756 -279436 -422296 -396311 -375147 -357294 -341141 -324871 -306315 -282777 -250784 -205773 -141668 -468234 -427906 -393587 -363244 -334691 -305442 -272540 -232317 -180098 -109802 -13428.4 -509950 -456664 -410442 -368781 -328979 -287953 -242038 -186700 -116192 -23083.1 102341 -546402 -481839 -425244 -373710 -324086 -272775 -215499 -146982 -60549.2 52389.8 203022 -576688 -502784 -437589 -377862 -320082 -260229 -193522 -114071 -14444.9 114903 286367 -600069 -518970 -447145 -381099 -317025 -250581 -176597 -88716.9 21073.5 163049 350531 -615976 -529990 -453660 -383316 -314962 -244034 -165101 -71490.9 45204.7 195754 394103 -624027 -535569 -456960 -384443 -313923 -240725 -159289 -62780.2 57406.9 212289 416129 -624027 -535569 -456960 -384443 -313923 -240725 -159289 -62780.2 57406.9 212289 416129 -615976 -529990 -453660 -383316 -314962 -244034 -165101 -71490.9 45204.7 195754 394103 -600069 -518970 -447145 -381099 -317025 -250581 -176597 -88716.9 21073.5 163049 350531 -576688 -502784 -437589 -377862 -320082 -260229 -193522 -114071 -14444.9 114903 286367 -546402 -481839 -425244 -373710 -324086 -272775 -215499 -146982 -60549.2 52389.8 203022 -509950 -456664 -410442 -368781 -328979 -287953 -242038 -186700 -116192 -23083.1 102341 -468234 -427906 -393587 -363244 -334691 -305442 -272540 -232317 -180098 -109802 -13428.4 -422296 -396311 -375147 -357294 -341141 -324871 -306315 -282777 -250784 -205773 -141668 -373306 -362718 -355650 -351153 -348244 -345824 -342589 -336894 -326585 -308756 -279436 -322532 -328038 -335668 -345067 -355908 -367856 -380519 -393379 -405683 -416299 -423510 -271321 -293240 -315815 -339300 -364042 -390494 -419215 -450856 -486135 -525779 -570436 -221070 -259333 -296735 -334134 -372558 -413256 -457752 -507895 -565911 -634444 -716586 -173198 -227346 -279087 -329866 -381375 -435654 -495190 -563031 -642924 -739458 -858212 -129118 -198315 -263543 -326799 -390419 -457210 -530594 -614798 -715074 -837947 -991498 -90211.1 -173262 -250768 -325237 -399621 -477455 -563054 -661763 -780285 -927051 -1.11262e+06 -57811.3 -153188 -241409 -325464 -408898 -495937 -591706 -702563 -836563 -1.00397e+06 -1.21781e+06 -33201.1 -139065 -236072 -327705 -418123 -512204 -615755 -735964 -882059 -1.06605e+06 -1.30337e+06 -17642.5 -131842 -235277 -332057 -427061 -525783 -634511 -760944 -915176 -1.11079e+06 -1.36575e+06 -12465.1 -132457 -239383 -338354 -435245 -536130 -647432 -776823 -934725 -1.13604e+06 -1.40147e+06 -19253.9 -141866 -248420 -345950 -441815 -542563 -654178 -783455 -940197 -1.14008e+06 -1.40704e+06 -40231.7 -160999 -261762 -353377 -445358 -544213 -654636 -781395 -932166 -1.12201e+06 -1.3787e+06 -78978.8 -190536 -277329 -358048 -443991 -540163 -648751 -771814 -912719 -1.0825e+06 -1.312e+06 -142101 -229216 -290418 -356317 -436496 -529832 -636194 -755232 -885396 -1.02543e+06 -1.20178e+06 -241517 -269770 -291106 -348061 -423530 -513684 -616388 -729875 -849680 -961156 -1.04421e+06 -401491 -272207 -286595 -336922 -408263 -493585 -589757 -693505 -797616 -881827 -858393 401491 272207 286595 336922 408263 493585 589757 693505 797616 881827 858393 241517 269770 291106 348061 423530 513684 616388 729875 849680 961156 1.04421e+06 142101 229216 290418 356317 436496 529832 636194 755232 885396 1.02543e+06 1.20178e+06 78978.8 190536 277329 358048 443991 540163 648751 771814 912719 1.0825e+06 1.312e+06 40231.7 160999 261762 353377 445358 544213 654636 781395 932166 1.12201e+06 1.3787e+06 19253.9 141866 248420 345950 441815 542563 654178 783455 940197 1.14008e+06 1.40704e+06 12465.1 132457 239383 338354 435245 536130 647432 776823 934725 1.13604e+06 1.40147e+06 17642.5 131842 235277 332057 427061 525783 634511 760944 915176 1.11079e+06 1.36575e+06 33201.1 139065 236072 327705 418123 512204 615755 735964 882059 1.06605e+06 1.30337e+06 57811.3 153188 241409 325464 408898 495937 591706 702563 836563 1.00397e+06 1.21781e+06 90211.1 173262 250768 325237 399621 477455 563054 661763 780285 927051 1.11262e+06 129118 198315 263543 326799 390419 457210 530594 614798 715074 837947 991498 173198 227346 279087 329866 381375 435654 495190 563031 642924 739458 858212 221070 259333 296735 334134 372558 413256 457752 507895 565911 634444 716586 271321 293240 315815 339300 364042 390494 419215 450856 486135 525779 570436 322532 328038 335668 345067 355908 367856 380519 393379 405683 416299 423510 373306 362718 355650 351154 348244 345824 342589 336894 326585 308756 279436 422296 396311 375147 357294 341141 324871 306315 282777 250784 205773 141668 468234 427906 393587 363244 334691 305442 272540 232317 180098 109802 13428.4 509950 456664 410442 368781 328979 287953 242038 186700 116192 23083.1 -102341 546402 481839 425244 373710 324086 272775 215499 146982 60549.2 -52389.8 -203022 576688 502784 437589 377862 320082 260229 193522 114071 14444.9 -114903 -286367 600069 518970 447145 381099 317025 250581 176597 88716.9 -21073.5 -163049 -350531 615976 529990 453660 383316 314962 244034 165101 71490.9 -45204.7 -195754 -394103 624027 535569 456960 384443 313923 240725 159289 62780.2 -57406.9 -212289 -416129 
Tau_rphi 1 1100 float
-2240.58 -6199.63 -9420.83 -11885.5 -13523.5 -14199.8 -13696.7 -11689.7 -7715.56 -1130.06 8947.4 -6668.26 -18449.1 -28032 -35362.1 -40230.7 -42236.1 -40730.2 -34746.6 -22905.1 -3285.97 26735.5 -10936.5 -30251.7 -45955.7 -57960.1 -65923.8 -69188.5 -66690.3 -56841.7 -37374.2 -5131.11 44205.1 -14942 -41318.5 -62747.1 -79111 -89946.7 -94355.3 -90881.7 -77351.9 -50656.2 -6464.46 61149.2 -18586.4 -51373.3 -77981.5 -98271.9 -111672 -117066 -112640 -95681.2 -62304.8 -7094.05 77368.7 -21777.6 -60158.4 -91262 -114935 -130513 -136691 -131341 -111271 -71901 -6840.18 92675.4 -24431.7 -67438.9 -102227 -128637 -145934 -152657 -146415 -123607 -79060.7 -5538.31 106895 -26474.9 -73007.5 -110556 -138967 -157458 -164452 -157351 -132233 -83440.1 -3041.48 119871 -27844.7 -76689.2 -115979 -145577 -164679 -171637 -163713 -136753 -84741.2 777.807 131464 -28491.9 -78344.7 -118279 -148186 -167268 -173854 -165139 -136838 -82715.8 6026.14 141560 -28381.6 -77874.4 -117298 -146585 -164978 -170831 -161353 -132234 -77169.5 12788.2 150068 -27494.5 -75220.5 -112942 -140647 -157649 -162390 -152167 -122766 -67964.2 21126 156921 -25827.3 -70368.1 -105178 -130320 -145216 -148449 -137491 -108340 -55021.2 31078.3 162082 -23392.5 -63342.8 -94035.8 -115634 -127705 -129028 -117334 -88952.2 -38324.4 42660.2 165544 -20216.3 -54204.3 -79597 -96690.4 -105238 -104261 -91820 -64696 -17924.6 55862.9 167327 -16332.3 -43029.4 -61976.2 -73654.1 -78033.5 -74404.7 -61207.1 -35780.6 6054.17 70656.7 167485 -11769.6 -29881.1 -41288 -46734.7 -46420.2 -39878.1 -25928.4 -2561.03 33405.3 86999.5 166112 -6528.48 -14749.8 -17589.2 -16162.1 -10852.4 -1314.51 13337 34407.9 63826.1 104859 163362 -536.61 2546.48 9209.57 17839 28043.1 40341.7 55550.7 74278.8 96889.9 124259 159490 6433.96 22533 39456.5 55046.6 69381.1 83717 99172 115766 131975 145340 154945 14935.5 46357.2 73845.6 95104.7 111884 126950 142088 156951 168046 168389 150535 26236.1 76258.6 113147 137054 153687 167996 181964 195140 203076 193506 147719 43616.6 115774 156914 177873 192750 205642 217597 227819 232665 218971 148828 76163.2 168668 196107 213649 228375 241194 251272 256514 253093 232780 155474 158887 200396 222938 244438 263508 279540 290378 291958 276904 231968 125533 158887 200396 222938 244438 263508 279540 290378 291958 276904 231968 125533 76163.2 168668 196107 213649 228375 241194 251272 256514 253093 232780 155474 43616.6 115774 156914 177873 192750 205642 217597 227819 232665 218971 148828 26236.1 76258.6 113147 137054 153687 167996 181964 195140 203076 193506 147719 14935.5 46357.2 73845.6 95104.7 111884 126950 142088 156951 168046 168389 150535 6433.96 22533 39456.5 55046.6 69381.1 83717 99172 115766 131975 145340 154945 -536.61 2546.48 9209.57 17839 28043.1 40341.7 55550.7 74278.8 96889.9 124259 159490 -6528.48 -14749.8 -17589.2 -16162.1 -10852.4 -1314.51 13337 34407.9 63826.1 104859 163362 -11769.6 -29881.1 -41288 -46734.7 -46420.2 -39878.1 -25928.4 -2561.03 33405.3 86999.5 166112 -16332.3 -43029.4 -61976.2 -73654.1 -78033.5 -74404.7 -61207.1 -35780.6 6054.17 70656.7 167485 -20216.3 -54204.3 -79597 -96690.4 -105238 -104261 -91820 -64696 -17924.6 55862.9 167327 -23392.5 -63342.8 -94035.8 -115634 -127705 -129028 -117334 -88952.2 -38324.4 42660.2 165544 -25827.3 -70368.1 -105178 -130320 -145216 -148449 -137491 -108340 -55021.2 31078.3 162082 -27494.5 -75220.5 -112942 -140647 -157649 -162390 -152167 -122766 -67964.2 21126 156921 -28381.6 -77874.4 -117298 -146585 -164978 -170831 -161353 -132234 -77169.5 12788.2 150068 -28491.9 -78344.7 -118279 -148186 -167268 -173854 -165139 -136838 -82715.8 6026.14 141560 -27844.7 -76689.2 -115979 -145577 -164679 -171637 -163713 -136753 -84741.2 777.807 131464 -26474.9 -73007.5 -110556 -138967 -157458 -164452 -157351 -132233 -83440.1 -3041.48 119871 -24431.7 -67438.9 -102227 -128637 -145934 -152657 -146415 -123607 -79060.7 -5538.31 106895 -21777.6 -60158.4 -91262 -114935 -130513 -136691 -131341 -111271 -71901 -6840.18 92675.4 -18586.4 -51373.3 -77981.5 -98271.9 -111672 -117066 -112640 -95681.2 -62304.8 -7094.05 77368.7 -14942 -41318.5 -62747.1 -79111 -89946.7 -94355.3 -90881.7 -77351.9 -50656.2 -6464.46 61149.2 -10936.5 -30251.7 -45955.7 -57960.1 -65923.8 -69188.5 -66690.3 -56841.7 -37374.2 -5131.11 44205.1 -6668.26 -18449.1 -28032 -35362.1 -40230.7 -42236.1 -40730.2 -34746.6 -22905.1 -3285.97 26735.5 -2240.58 -6199.63 -9420.83 -11885.5 -13523.5 -14199.8 -13696.7 -11689.7 -7715.56 -1130.06 8947.4 2240.58 6199.63 9420.83 11885.5 13523.5 14199.8 13696.7 11689.7 7715.56 1130.06 -8947.4 6668.26 18449.1 28032 35362.1 40230.7 42236.1 40730.2 34746.6 22905.1 3285.97 -26735.5 10936.5 30251.7 45955.7 57960.1 65923.8 69188.5 66690.3 56841.7 37374.2 5131.11 -44205.1 14942 41318.5 62747.1 79111 89946.7 94355.3 90881.7 77351.9 50656.2 6464.46 -61149.2 18586.4 51373.3 77981.5 98271.9 111672 117066 112640 95681.2 62304.8 7094.05 -77368.7 21777.6 60158.4 91262 114935 130513 136691 131341 111271 71901 6840.18 -92675.4 24431.7 67438.9 102227 128637 145934 152657 146415 123607 79060.7 5538.31 -106895 26474.9 73007.5 110556 138967 157458 164452 157351 132233 83440.1 3041.48 -119871 27844.7 76689.2 115979 145577 164679 171637 163713 136753 84741.2 -777.807 -131464 28491.9 78344.7 118279 148186 167268 173854 165139 136838 82715.8 -6026.14 -141560 28381.6 77874.4 117298 146585 164978 170831 161353 132234 77169.5 -12788.2 -150068 27494.5 75220.5 112942 140647 157649 162390 152167 122766 67964.2 -21126 -156921 25827.3 70368.1 105178 130320 145216 148449 137491 108340 55021.2 -31078.3 -162082 23392.5 63342.8 94035.8 115634 127705 129028 117334 88952.2 38324.4 -42660.2 -165544 20216.3 54204.3 79597 96690.4 105238 104261 91820 64696 17924.6 -55862.9 -167327 16332.3 43029.4 61976.2 73654.1 78033.5 74404.7 61207.1 35780.6 -6054.17 -70656.7 -167485 11769.6 29881.1 41288 46734.7 46420.2 39878.1 25928.4 2561.03 -33405.3 -86999.5 -166112 6528.48 14749.8 17589.2 16162.1 10852.4 1314.51 -13337 -34407.9 -63826.1 -104859 -163362 536.61 -2546.48 -9209.57 -17839 -28043.1 -40341.7 -55550.7 -74278.8 -96889.9 -124259 -159490 -6433.96 -22533 -39456.5 -55046.6 -69381.1 -83717 -99172 -115766 -131975 -145340 -154945 -14935.5 -46357.2 -73845.6 -95104.7 -111884 -126950 -142088 -156951 -168046 -168389 -150535 -26236.1 -76258.6 -113147 -137054 -153687 -167996 -181964 -195140 -203076 -193506 -147719 -43616.6 -115774 -156914 -177873 -192750 -205642 -217597 -227819 -232665 -218971 -148828 -76163.2 -168668 -196107 -213649 -228375 -241194 -251272 -256514 -253093 -232780 -155474 -158887 -200396 -222938 -244438 -263508 -279540 -290378 -291958 -276904 -231968 -125533 -158887 -200396 -222938 -244438 -263508 -279540 -290378 -291958 -276904 -231968 -125533 -76163.2 -168668 -196107 -213649 -228375 -241194 -251272 -256514 -253093 -232780 -155474 -43616.6 -115774 -156914 -177873 -192750 -205642 -217597 -227819 -232665 -218971 -148828 -26236.1 -76258.6 -113147 -137054 -153687 -167996 -181964 -195140 -203076 -193506 -147719 -14935.5 -46357.2 -73845.6 -95104.7 -111884 -126950 -142088 -156951 -168046 -168389 -150535 -6433.96 -22533 -39456.5 -55046.6 -69381.1 -83717 -99172 -115766 -131975 -145340 -154945 536.61 -2546.48 -9209.57 -17839 -28043.1 -40341.7 -55550.7 -74278.8 -96889.9 -124259 -159490 6528.48 14749.8 17589.2 16162.1 10852.4 1314.51 -13337 -34407.9 -63826.1 -104859 -163362 11769.6 29881.1 41288 46734.7 46420.2 39878.1 25928.4 2561.03 -33405.3 -86999.5 -166112 16332.3 43029.4 61976.2 73654.1 78033.5 74404.7 61207.1 35780.6 -6054.17 -70656.7 -167485 20216.3 54204.3 79597 96690.4 105238 104261 91820 64696 17924.6 -55862.9 -167327 23392.5 63342.8 94035.8 115634 127705 129028 117334 88952.2 38324.4 -42660.2 -165544 25827.3 70368.1 105178 130320 145216 148449 137491 108340 55021.2 -31078.3 -162082 27494.5 75220.5 112942 140647 157649 162390 152167 122766 67964.2 -21126 -156921 28381.6 77874.4 117298 146585 164978 170831 161353 132234 77169.5 -12788.2 -150068 28491.9 78344.7 118279 148186 167268 173854 165139 136838 82715.8 -6026.14 -141560 27844.7 76689.2 115979 145577 164679 171637 163713 136753 84741.2 -777.807 -131464 26474.9 73007.5 110556 138967 157458 164452 157351 132233 83440.1 3041.48 -119871 24431.7 67438.9 102227 128637 145934 152657 146415 123607 79060.7 5538.31 -106895 21777.6 60158.4 91262 114935 130513 136691 131341 111271 71901 6840.18 -92675.4 18586.4 51373.3 77981.5 98271.9 111672 117066 112640 95681.2 62304.8 7094.05 -77368.7 14942 41318.5 62747.1 79111 89946.7 94355.3 90881.7 77351.9 50656.2 6464.46 -61149.2 10936.5 30251.7 45955.7 57960.1 65923.8 69188.5 66690.3 56841.7 37374.2 5131.11 -44205.1 6668.26 18449.1 28032 35362.1 40230.7 42236.1 40730.2 34746.6 22905.1 3285.97 -26735.5 2240.58 6199.63 9420.83 11885.5 13523.5 14199.8 13696.7 11689.7 7715.56 1130.06 -8947.4 
Sigma_intensity 1 1100 float
635491 573886 529447 499956 482459 472934 466442 458073 445728 437835 469869 627369 568552 527051 500337 485089 476961 470773 461428 446601 434546 461673 611322 558007 522254 500907 489964 484520 479013 468040 448875 429390 447609 587737 542489 515043 501299 496369 494713 490394 477719 453522 425168 432565 557187 522352 505401 501019 503370 506387 503928 490193 461792 425819 424072 520421 498050 493315 499491 509921 518289 518544 505124 474958 435734 431234 478348 470129 478774 496113 514983 529208 533205 522124 494026 458575 461626 432023 439206 461782 490315 517614 538077 546997 540768 519488 496078 517804 382624 405958 442372 481615 517041 544050 559189 560610 551191 547612 596880 331432 371094 420619 469668 512727 546554 569275 581202 588353 610699 693050 279804 335342 396669 454322 504422 545338 577005 602107 629696 681896 799973 229143 299427 370781 435686 492229 540520 582404 622916 673620 757487 911777 180869 264066 343387 414207 476675 532638 585799 643272 718368 833833 1.0232e+06 136381 229993 315192 390778 458806 522706 587826 662892 762153 907516 1.1295e+06 97013.1 198029 287328 366884 440280 512255 589434 681591 803266 975367 1.22631e+06 63958.9 169285 261581 344757 423439 503317 591849 699313 840158 1.03449e+06 1.30957e+06 38124.5 145565 240666 327452 411222 498281 596475 716158 871528 1.08228e+06 1.37549e+06 19897.6 129987 228317 318596 406755 499494 604688 732391 896435 1.11652e+06 1.42052e+06 11169.2 127101 228673 321531 412475 508590 617477 748412 914455 1.13546e+06 1.44133e+06 20870.3 141037 244725 337960 429018 525645 634923 764598 925867 1.13811e+06 1.43466e+06 46258.2 173302 276993 366953 454517 548620 655615 780843 931713 1.12467e+06 1.39723e+06 89289.5 224153 323510 404859 484936 573848 676421 795537 933187 1.09706e+06 1.32555e+06 157859 294521 379205 445108 516182 598146 693827 804393 928347 1.05907e+06 1.21544e+06 270752 381618 427385 482467 547149 622393 708069 803668 906681 1.00501e+06 1.06745e+06 460448 423382 462093 518138 583026 654148 728837 802717 867134 902914 833709 460448 423382 462093 518138 583026 654148 728837 802717 867134 902914 833709 270752 381618 427385 482467 547149 622393 708069 803668 906681 1.00501e+06 1.06745e+06 157859 294521 379205 445108 516182 598146 693827 804393 928347 1.05907e+06 1.21544e+06 89289.5 224153 323510 404859 484936 573848 676421 795537 933187 1.09706e+06 1.32555e+06 46258.2 173302 276993 366953 454517 548620 655615 780843 931713 1.12467e+06 1.39723e+06 20870.3 141037 244725 337960 429018 525645 634923 764598 925867 1.13811e+06 1.43466e+06 11169.2 127101 228673 321531 412475 508590 617477 748412 914455 1.13546e+06 1.44133e+06 19897.6 129987 228317 318596 406755 499494 604688 732391 896435 1.11652e+06 1.42052e+06 38124.5 145565 240666 327452 411222 498281 596475 716158 871528 1.08228e+06 1.37549e+06 63958.9 169285 261581 344757 423439 503317 591849 699313 840158 1.03449e+06 1.30957e+06 97013.1 198029 287328 366884 440280 512255 589434 681591 803266 975367 1.22631e+06 136381 229993 315192 390778 458806 522706 587826 662892 762153 907516 1.1295e+06 180869 264066 343387 414207 476675 532638 585799 643272 718368 833833 1.0232e+06 229143 299427 370781 435686 492229 540520 582404 622916 673620 757487 911777 279804 335342 396669 454322 504422 545338 577005 602107 629696 681896 799973 331432 371094 420619 469668 512727 546554 569275 581202 588353 610699 693050 382624 405958 442372 481615 517041 544050 559189 560610 551191 547612 596880 432023 439206 461782 490315 517614 538077 546997 540768 519488 496078 517804 478348 470129 478774 496113 514983 529208 533205 522124 494026 458575 461626 520421 498050 493315 499491 509921 518289 518544 505124 474958 435734 431234 557187 522352 505401 501019 503370 506387 503928 490193 461792 425819 424072 587737 542489 515043 501299 496369 494713 490394 477719 453522 425168 432565 611322 558007 522254 500907 489964 484520 479013 468040 448875 429390 447609 627369 568552 527051 500337 485089 476961 470773 461428 446601 434546 461673 635491 573886 529447 499956 482459 472934 466442 458073 445728 437835 469869 635491 573886 529447 499956 482459 472934 466442 458073 445728 437835 469869 627369 568552 527051 500337 485089 476961 470773 461428 446601 434546 461673 611322 558007 522254 500907 489964 484520 479013 468040 448875 429390 447609 587737 542489 515043 501299 496369 494713 490394 477719 453522 425168 432565 557187 522352 505401 501019 503370 506387 503928 490193 461792 425819 424072 520421 498050 493315 499491 509921 518289 518544 505124 474958 435734 431234 478348 470129 478774 496113 514983 529208 533205 522124 494026 458575 461626 432023 439206 461782 490315 517614 538077 546997 540768 519488 496078 517804 382624 405958 442372 481615 517041 544050 559189 560610 551191 547612 596880 331432 371094 420619 469668 512727 546554 569275 581202 588353 610699 693050 279804 335342 396669 454322 504422 545338 577005 602107 629696 681896 799973 229143 299427 370781 435686 492229 540520 582404 622916 673620 757487 911777 180869 264066 343387 414207 476675 532638 585799 643272 718368 833833 1.0232e+06 136381 229993 315192 390778 458806 522706 587826 662892 762153 907516 1.1295e+06 97013.1 198029 287328 366884 440280 512255 589434 681591 803266 975367 1.22631e+06 63958.9 169285 261581 344757 423439 503317 591849 699313 840158 1.03449e+06 1.30957e+06 38124.5 145565 240666 327452 411222 498281 596475 716158 871528 1.08228e+06 1.37549e+06 19897.6 129987 228317 318596 406755 499494 604688 732391 896435 1.11652e+06 1.42052e+06 11169.2 127101 228673 321531 412475 508590 617477 748412 914455 1.13546e+06 1.44133e+06 20870.3 141037 244725 337960 429018 525645 634923 764598 925867 1.13811e+06 1.43466e+06 46258.2 173302 276993 366953 454517 548620 655615 780843 931713 1.12467e+06 1.39723e+06 89289.5 224153 323510 404859 484936 573848 676421 795537 933187 1.09706e+06 1.32555e+06 157859 294521 379205 445108 516182 598146 693827 804393 928347 1.05907e+06 1.21544e+06 270752 381618 427385 482467 547149 622393 708069 803668 906681 1.00501e+06 1.06745e+06 460448 423382 462093 518138 583026 654148 728837 802717 867134 902914 833709 460448 423382 462093 518138 583026 654148 728837 802717 867134 902914 833709 270752 381618 427385 482467 547149 622393 708069 803668 906681 1.00501e+06 1.06745e+06 157859 294521 379205 445108 516182 598146 693827 804393 928347 1.05907e+06 1.21544e+06 89289.5 224153 323510 404859 484936 573848 676421 795537 933187 1.09706e+06 1.32555e+06 46258.2 173302 276993 366953 454517 548620 655615 780843 931713 1.12467e+06 1.39723e+06 20870.3 141037 244725 337960 429018 525645 634923 764598 925867 1.13811e+06 1.43466e+06 11169.2 127101 228673 321531 412475 508590 617477 748412 914455 1.13546e+06 1.44133e+06 19897.6 129987 228317 318596 406755 499494 604688 732391 896435 1.11652e+06 1.42052e+06 38124.5 145565 240666 327452 411222 498281 596475 716158 871528 1.08228e+06 1.37549e+06 63958.9 169285 261581 344757 423439 503317 591849 699313 840158 1.03449e+06 1.30957e+06 97013.1 198029 287328 366884 440280 512255 589434 681591 803266 975367 1.22631e+06 136381 229993 315192 390778 458806 522706 587826 662892 762153 907516 1.1295e+06 180869 264066 343387 414207 476675 532638 585799 643272 718368 833833 1.0232e+06 229143 299427 370781 435686 492229 540520 582404 622916 673620 757487 911777 279804 335342 396669 454322 504422 545338 577005 602107 629696 681896 799973 331432 371094 420619 469668 512727 546554 569275 581202 588353 610699 693050 382624 405958 442372 481615 517041 544050 559189 560610 551191 547612 596880 432023 439206 461782 490315 517614 538077 546997 540768 519488 496078 517804 478348 470129 478774 496113 514983 529208 533205 522124 494026 458575 461626 520421 498050 493315 499491 509921 518289 518544 505124 474958 435734 431234 557187 522352 505401 501019 503370 506387 503928 490193 461792 425819 424072 587737 542489 515043 501299 496369 494713 490394 477719 453522 425168 432565 611322 558007 522254 500907 489964 484520 479013 468040 448875 429390 447609 627369 568552 527051 500337 485089 476961 470773 461428 446601 434546 461673 635491 573886 529447 499956 482459 472934 466442 458073 445728 437835 469869 
Element_space 1 1100 float
0.00371747 0.00327729 0.00288923 0.00254712 0.00224552 0.00197963 0.00174523 0.00153858 0.00135639 0.00119579 0.00105419 0.00371747 0.00327729 0.00288923 0.00254712 0.00224552 0.00197963 0.00174523 0.00153858 0.00135639 0.00119579 0.00105419 0.00371747 0.00327729 0.00288923 0.00254712 0.00224552 0.00197963 0.00174523 0.00153858 0.00135639 0.00119579 0.00105419 0.00371747 0.00327729 0.00288923 0.00254712 0.00224552 0.00197963 0.00174523 0.00153858 0.00135639 0.00119579 0.00105419 0.00371747 0.00327729 0.00288923 0.00254712 0.00224552 0.00197963 0.00174523 0.00153858 0.00135639 0.00119579 0.00105419 0.00371747 0.00327729 0.00288923 0.00254712 0.00224552 0.00197963 0.00174523 0.00153858 0.00135639 0.00119579 0.00105419 0.00371747 0.00327729 0.00288923 0.00254712 0.00224552 0.00197963 0.00174523 0.00153858 0.00135639 0.00119579 0.00105419 0.00371747 0.00327729 0.00288923 0.00254712 0.00224552 0.00197963 0.00174523 0.00153858 0.00135639 0.00119579 0.00105419 0.00371747 0.00327729 0.00288923 0.00254712 0.00224552 0.00197963 0.00174523 0.00153858 0.00135639 0.00119579 0.00105419 0.00371747 0.00327729 0.00288923 0.00254712 0.00224552 0.00197963 0.00174523 0.00153858 0.00135639 0.00119579 0.00105419 0.00371747 0.00327729 0.00288923 0.00254712 0.00224552 0.00197963 0.00174523 0.00153858 0.00135639 0.00119579 0.00105419 0.00371747 0.00327729 0.00288923 0.00254712 0.00224552 0.00197963 0.00174523 0.00153858 0.00135639 0.00119579 0.00105419 0.00371747 0.00327729 0.00288923 0.00254712 0.00224552 0.00197963 0.00174523 0.00153858 0.00135639 0.00119579 0.00105419 0.00371747 0.00327729 0.00288923 0.00254712 0.00224552 0.00197963 0.00174523 0.00153858 0.00135639 0.00119579 0.00105419 0.00371747 0.00327729 0.00288923 0.00254712 0.00224552 0.00197963 0.00174523 0.00153858 0.00135639 0.00119579 0.00105419 0.00371747 0.00327729 0.00288923 0.00254712 0.00224552 0.00197963 0.00174523 0.00153858 0.00135639 0.00119579 0.00105419 0.00371747 0.00327729 0.00288923 0.00254712 0.00224552 0.00197963 0.00174523 0.00153858 0.00135639 0.00119579 0.00105419 0.00371747 0.00327729 0.00288923 0.00254712 0.00224552 0.00197963 0.00174523 0.00153858 0.00135639 0.00119579 0.00105419 0.00371747 0.00327729 0.00288923 0.00254712 0.00224552 0.00197963 0.00174523 0.00153858 0.00135639 0.00119579 0.00105419 0.00371747 0.00327729 0.00288923 0.00254712 0.00224552 0.00197963 0.00174523 0.00153858 0.00135639 0.00119579 0.00105419 0.00371747 0.00327729 0.00288923 0.00254712 0.00224552 0.00197963 0.00174523 0.00153858 0.00135639 0.00119579 0.00105419 0.00371747 0.00327729 0.00288923 0.00254712 0.00224552 0.00197963 0.00174523 0.00153858 0.00135639 0.00119579 0.00105419 0.00371747 0.00327729 0.00288923 0.00254712 0.00224552 0.00197963 0.00174523 0.00153858 0.00135639 0.00119579 0.00105419 0.00371747 0.00327729 0.00288923 0.00254712 0.00224552 0.00197963 0.00174523 0.00153858 0.00135639 0.00119579 0.00105419 0.00371747 0.00327729 0.00288923 0.00254712 0.00224552 0.00197963 0.00174523 0.00153858 0.00135639 0.00119579 0.00105419 0.00371747 0.00327729 0.00288923 0.00254712 0.00224552 0.00197963 0.00174523 0.00153858 0.00135639 0.00119579 0.00105419 0.00371747 0.00327729 0.00288923 0.00254712 0.00224552 0.00197963 0.00174523 0.00153858 0.00135639 0.00119579 0.00105419 0.00371747 0.00327729 0.00288923 0.00254712 0.00224552 0.00197963 0.00174523 0.00153858 0.00135639 0.00119579 0.00105419 0.00371747 0.00327729 0.00288923 0.00254712 0.00224552 0.00197963 0.00174523 0.00153858 0.00135639 0.00119579 0.00105419 0.00371747 0.00327729 0.00288923 0.00254712 0.00224552 0.00197963 0.00174523 0.00153858 0.00135639 0.00119579 0.00105419 0.00371747 0.00327729 0.00288923 0.00254712 0.00224552 0.00197963 0.00174523 0.00153858 0.00135639 0.00119579 0.00105419 0.00371747 0.00327729 0.00288923 0.00254712 0.00224552 0.00197963 0.00174523 0.00153858 0.00135639 0.00119579 0.00105419 0.00371747 0.00327729 0.00288923 0.00254712 0.00224552 0.00197963 0.00174523 0.00153858 0.00135639 0.00119579 0.00105419 0.00371747 0.00327729 0.00288923 0.00254712 0.00224552 0.00197963 0.00174523 0.00153858 0.00135639 0.00119579 0.00105419 0.00371747 0.00327729 0.00288923 0.00254712 0.00224552 0.00197963 0.00174523 0.00153858 0.00135639 0.00119579 0.00105419 0.00371747 0.00327729 0.00288923 0.00254712 0.00224552 0.00197963 0.00174523 0.00153858 0.00135639 0.00119579 0.00105419 0.00371747 0.00327729 0.00288923 0.00254712 0.00224552 0.00197963 0.00174523 0.00153858 0.00135639 0.00119579 0.00105419 0.00371747 0.00327729 0.00288923 0.00254712 0.00224552 0.00197963 0.00174523 0.00153858 0.00135639 0.00119579 0.00105419 0.00371747 0.00327729 0.00288923 0.00254712 0.00224552 0.00197963 0.00174523 0.00153858 0.00135639 0.00119579 0.00105419 0.00371747 0.00327729 0.00288923 0.00254712 0.00224552 0.00197963 0.00174523 0.00153858 0.00135639 0.00119579 0.00105419 0.00371747 0.00327729 0.00288923 0.00254712 0.00224552 0.00197963 0.00174523 0.00153858 0.00135639 0.00119579 0.00105419 0.00371747 0.00327729 0.00288923 0.00254712 0.00224552 0.00197963 0.00174523 0.00153858 0.00135639 0.00119579 0.00105419 0.00371747 0.00327729 0.00288923 0.00254712 0.00224552 0.00197963 0.00174523 0.00153858 0.00135639 0.00119579 0.00105419 0.00371747 0.00327729 0.00288923 0.00254712 0.00224552 0.00197963 0.00174523 0.00153858 0.00135639 0.00119579 0.00105419 0.00371747 0.00327729 0.00288923 0.00254712 0.00224552 0.00197963 0.00174523 0.00153858 0.00135639 0.00119579 0.00105419 0.00371747 0.00327729 0.00288923 0.00254712 0.00224552 0.00197963 0.00174523 0.00153858 0.00135639 0.00119579 0.00105419 0.00371747 0.00327729 0.00288923 0.00254712 0.00224552 0.00197963 0.00174523 0.00153858 0.00135639 0.00119579 0.00105419 0.00371747 0.00327729 0.00288923 0.00254712 0.00224552 0.00197963 0.00174523 0.00153858 0.00135639 0.00119579 0.00105419 0.00371747 0.00327729 0.00288923 0.00254712 0.00224552 0.00197963 0.00174523 0.00153858 0.00135639 0.00119579 0.00105419 0.00371747 0.00327729 0.00288923 0.00254712 0.00224552 0.00197963 0.00174523 0.00153858 0.00135639 0.00119579 0.00105419 0.00371747 0.00327729 0.00288923 0.00254712 0.00224552 0.00197963 0.00174523 0.00153858 0.00135639 0.00119579 0.00105419 0.00371747 0.00327729 0.00288923 0.00254712 0.00224552 0.00197963 0.00174523 0.00153858 0.00135639 0.00119579 0.00105419 0.00371747 0.00327729 0.00288923 0.00254712 0.00224552 0.00197963 0.00174523 0.00153858 0.00135639 0.00119579 0.00105419 0.00371747 0.00327729 0.00288923 0.00254712 0.00224552 0.00197963 0.00174523 0.00153858 0.00135639 0.00119579 0.00105419 0.00371747 0.00327729 0.00288923 0.00254712 0.00224552 0.00197963 0.00174523 0.00153858 0.00135639 0.00119579 0.00105419 0.00371747 0.00327729 0.00288923 0.00254712 0.00224552 0.00197963 0.00174523 0.00153858 0.00135639 0.00119579 0.00105419 0.00371747 0.00327729 0.00288923 0.00254712 0.00224552 0.00197963 0.00174523 0.00153858 0.00135639 0.00119579 0.00105419 0.00371747 0.00327729 0.00288923 0.00254712 0.00224552 0.00197963 0.00174523 0.00153858 0.00135639 0.00119579 0.00105419 0.00371747 0.00327729 0.00288923 0.00254712 0.00224552 0.00197963 0.00174523 0.00153858 0.00135639 0.00119579 0.00105419 0.00371747 0.00327729 0.00288923 0.00254712 0.00224552 0.00197963 0.00174523 0.00153858 0.00135639 0.00119579 0.00105419 0.00371747 0.00327729 0.00288923 0.00254712 0.00224552 0.00197963 0.00174523 0.00153858 0.00135639 0.00119579 0.00105419 0.00371747 0.00327729 0.00288923 0.00254712 0.00224552 0.00197963 0.00174523 0.00153858 0.00135639 0.00119579 0.00105419 0.00371747 0.00327729 0.00288923 0.00254712 0.00224552 0.00197963 0.00174523 0.00153858 0.00135639 0.00119579 0.00105419 0.00371747 0.00327729 0.00288923 0.00254712 0.00224552 0.00197963 0.00174523 0.00153858 0.00135639 0.00119579 0.00105419 0.00371747 0.00327729 0.00288923 0.00254712 0.00224552 0.00197963 0.00174523 0.00153858 0.00135639 0.00119579 0.00105419 0.00371747 0.00327729 0.00288923 0.00254712 0.00224552 0.00197963 0.00174523 0.00153858 0.00135639 0.00119579 0.00105419 0.00371747 0.00327729 0.00288923 0.00254712 0.00224552 0.00197963 0.00174523 0.00153858 0.00135639 0.00119579 0.00105419 0.00371747 0.00327729 0.00288923 0.00254712 0.00224552 0.00197963 0.00174523 0.00153858 0.00135639 0.00119579 0.00105419 0.00371747 0.00327729 0.00288923 0.00254712 0.00224552 0.00197963 0.00174523 0.00153858 0.00135639 0.00119579 0.00105419 0.00371747 0.00327729 0.00288923 0.00254712 0.00224552 0.00197963 0.00174523 0.00153858 0.00135639 0.00119579 0.00105419 0.00371747 0.00327729 0.00288923 0.00254712 0.00224552 0.00197963 0.00174523 0.00153858 0.00135639 0.00119579 0.00105419 0.00371747 0.00327729 0.00288923 0.00254712 0.00224552 0.00197963 0.00174523 0.00153858 0.00135639 0.00119579 0.00105419 0.00371747 0.00327729 0.00288923 0.00254712 0.00224552 0.00197963 0.00174523 0.00153858 0.00135639 0.00119579 0.00105419 0.00371747 0.00327729 0.00288923 0.00254712 0.00224552 0.00197963 0.00174523 0.00153858 0.00135639 0.00119579 0.00105419 0.00371747 0.00327729 0.00288923 0.00254712 0.00224552 0.00197963 0.00174523 0.00153858 0.00135639 0.00119579 0.00105419 0.00371747 0.00327729 0.00288923 0.00254712 0.00224552 0.00197963 0.00174523 0.00153858 0.00135639 0.00119579 0.00105419 0.00371747 0.00327729 0.00288923 0.00254712 0.00224552 0.00197963 0.00174523 0.00153858 0.00135639 0.00119579 0.00105419 0.00371747 0.00327729 0.00288923 0.00254712 0.00224552 0.00197963 0.00174523 0.00153858 0.00135639 0.00119579 0.00105419 0.00371747 0.00327729 0.00288923 0.00254712 0.00224552 0.00197963 0.00174523 0.00153858 0.00135639 0.00119579 0.00105419 0.00371747 0.00327729 0.00288923 0.00254712 0.00224552 0.00197963 0.00174523 0.00153858 0.00135639 0.00119579 0.00105419 0.00371747 0.00327729 0.00288923 0.00254712 0.00224552 0.00197963 0.00174523 0.00153858 0.00135639 0.00119579 0.00105419 0.00371747 0.00327729 0.00288923 0.00254712 0.00224552 0.00197963 0.00174523 0.00153858 0.00135639 0.00119579 0.00105419 0.00371747 0.00327729 0.00288923 0.00254712 0.00224552 0.00197963 0.00174523 0.00153858 0.00135639 0.00119579 0.00105419 0.00371747 0.00327729 0.00288923 0.00254712 0.00224552 0.00197963 0.00174523 0.00153858 0.00135639 0.00119579 0.00105419 0.00371747 0.00327729 0.00288923 0.00254712 0.00224552 0.00197963 0.00174523 0.00153858 0.00135639 0.00119579 0.00105419 0.00371747 0.00327729 0.00288923 0.00254712 0.00224552 0.00197963 0.00174523 0.00153858 0.00135639 0.00119579 0.00105419 0.00371747 0.00327729 0.00288923 0.00254712 0.00224552 0.00197963 0.00174523 0.00153858 0.00135639 0.00119579 0.00105419 0.00371747 0.00327729 0.00288923 0.00254712 0.00224552 0.00197963 0.00174523 0.00153858 0.00135639 0.00119579 0.00105419 0.00371747 0.00327729 0.00288923 0.00254712 0.00224552 0.00197963 0.00174523 0.00153858 0.00135639 0.00119579 0.00105419 0.00371747 0.00327729 0.00288923 0.00254712 0.00224552 0.00197963 0.00174523 0.00153858 0.00135639 0.00119579 0.00105419 0.00371747 0.00327729 0.00288923 0.00254712 0.00224552 0.00197963 0.00174523 0.00153858 0.00135639 0.00119579 0.00105419 0.00371747 0.00327729 0.00288923 0.00254712 0.00224552 0.00197963 0.00174523 0.00153858 0.00135639 0.00119579 0.00105419 0.00371747 0.00327729 0.00288923 0.00254712 0.00224552 0.00197963 0.00174523 0.00153858 0.00135639 0.00119579 0.00105419 0.00371747 0.00327729 0.00288923 0.00254712 0.00224552 0.00197963 0.00174523 0.00153858 0.00135639 0.00119579 0.00105419 0.00371747 0.00327729 0.00288923 0.00254712 0.00224552 0.00197963 0.00174523 0.00153858 0.00135639 0.00119579 0.00105419 0.00371747 0.00327729 0.00288923 0.00254712 0.00224552 0.00197963 0.00174523 0.00153858 0.00135639 0.00119579 0.00105419 0.00371747 0.00327729 0.00288923 0.00254712 0.00224552 0.00197963 0.00174523 0.00153858 0.00135639 0.00119579 0.00105419 0.00371747 0.00327729 0.00288923 0.00254712 0.00224552 0.00197963 0.00174523 0.00153858 0.00135639 0.00119579 0.00105419 0.00371747 0.00327729 0.00288923 0.00254712 0.00224552 0.00197963 0.00174523 0.00153858 0.00135639 0.00119579 0.00105419 0.00371747 0.00327729 0.00288923 0.00254712 0.00224552 0.00197963 0.00174523 0.00153858 0.00135639 0.00119579 0.00105419 
Element_aspect_ratio 1 1100 float
1.06504 1.06504 1.06504 1.06504 1.06504 1.06504 1.06504 1.06504 1.06504 1.06504 1.06504 1.06504 1.06504 1.06504 1.06504 1.06504 1.06504 1.06504 1.06504 1.06504 1.06504 1.06504 1.06504 1.06504 1.06504 1.06504 1.06504 1.06504 1.06504 1.06504 1.06504 1.06504 1.06504 1.06504 1.06504 1.06504 1.06504 1.06504 1.06504 1.06504 1.06504 1.06504 1.06504 1.06504 1.06504 1.06504 1.06504 1.06504 1.06504 1.06504 1.06504 1.06504 1.06504 1.06504 1.06504 1.06504 1.06504 1.06504 1.06504 1.06504 1.06504 1.06504 1.06504 1.06504 1.06504 1.06504 1.06504 1.06504 1.06504 1.06504 1.06504 1.06504 1.06504 1.06504 1.06504 1.06504 1.06504 1.06504 1.06504 1.06504 1.06504 1.06504 1.06504 1.06504 1.06504 1.06504 1.06504 1.06504 1.06504 1.06504 1.06504 1.06504 1.06504 1.06504 1.06504 1.06504 1.06504 1.06504 1.06504 1.06504 1.06504 1.06504 1.06504 1.06504 1.06504 1.06504 1.06504 1.06504 1.06504 1.06504 1.06504 1.06504 1.06504 1.06504 1.06504 1.06504 1.06504 1.06504 1.06504 1.06504 1.06504 1.06504 1.06504 1.06504 1.06504 1.06504 1.06504 1.06504 1.06504 1.06504 1.06504 1.06504 1.06504 1.06504 1.06504 1.06504 1.06504 1.06504 1.06504 1.06504 1.06504 1.06504 1.06504 1.06504 1.06504 1.06504 1.06504 1.06504 1.06504 1.06504 1.06504 1.06504 1.06504 1.06504 1.06504 1.06504 1.06504 1.06504 1.06504 1.06504 1.06504 1.06504 1.06504 1.06504 1.06504 1.06504 1.06504 1.06504 1.06504 1.06504 1.06504 1.06504 1.06504 1.06504 1.06504 1.06504 1.06504 1.06504 1.06504 1.06504 1.06504 1.06504 1.06504 1.06504 1.06504 1.06504 1.06504 1.06504 1.06504 1.06504 1.06504 1.06504 1.06504 1.06504 1.06504 1.06504 1.06504 1.06504 1.06504 1.06504 1.06504 1.06504 1.06504 1.06504 1.06504 1.06504 1.06504 1.06504 1.06504 1.06504 1.06504 1.06504 1.06504 1.06504 1.06504 1.06504 1.06504 1.06504 1.06504 1.06504 1.06504 1.06504 1.06504 1.06504 1.06504 1.06504 1.06504 1.06504 1.06504 1.06504 1.06504 1.06504 1.06504 1.06504 1.06504 1.06504 1.06504 1.06504 1.06504 1.06504 1.06504 1.06504 1.06504 1.06504 1.06504 1.06504 1.06504 1.06504 1.06504 1.06504 1.06504 1.06504 1.06504 1.06504 1.06504 1.06504 1.06504 1.06504 1.06504 1.06504 1.06504 1.06504 1.06504 1.06504 1.06504 1.06504 1.06504 1.06504 1.06504 1.06504 1.06504 1.06504 1.06504 1.06504 1.06504 1.06504 1.06504 1.06504 1.06504 1.06504 1.06504 1.06504 1.06504 1.06504 1.06504 1.06504 1.06504 1.06504 1.06504 1.06504 1.06504 1.06504 1.06504 1.06504 1.06504 1.06504 1.06504 1.06504 1.06504 1.06504 1.06504 1.06504 1.06504 1.06504 1.06504 1.06504 1.06504 1.06504 1.06504 1.06504 1.06504 1.06504 1.06504 1.06504 1.06504 1.06504 1.06504 1.06504 1.06504 1.06504 1.06504 1.06504 1.06504 1.06504 1.06504 1.06504 1.06504 1.06504 1.06504 1.06504 1.06504 1.06504 1.06504 1.06504 1.06504 1.06504 1.06504 1.06504 1.06504 1.06504 1.06504 1.06504 1.06504 1.06504 1.06504 1.06504 1.06504 1.06504 1.06504 1.06504 1.06504 1.06504 1.06504 1.06504 1.06504 1.06504 1.06504 1.06504 1.06504 1.06504 1.06504 1.06504 1.06504 1.06504 1.06504 1.06504 1.06504 1.06504 1.06504 1.06504 1.06504 1.06504 1.06504 1.06504 1.06504 1.06504 1.06504 1.06504 1.06504 1.06504 1.06504 1.06504 1.06504 1.06504 1.06504 1.06504 1.06504 1.06504 1.06504 1.06504 1.06504 1.06504 1.06504 1.06504 1.06504 1.06504 1.06504 1.06504 1.06504 1.06504 1.06504 1.06504 1.06504 1.06504 1.06504 1.06504 1.06504 1.06504 1.06504 1.06504 1.06504 1.06504 1.06504 1.06504 1.06504 1.06504 1.06504 1.06504 1.06504 1.06504 1.06504 1.06504 1.06504 1.06504 1.06504 1.06504 1.06504 1.06504 1.06504 1.06504 1.06504 1.06504 1.06504 1.06504 1.06504 1.06504 1.06504 1.06504 1.06504 1.06504 1.06504 1.06504 1.06504 1.06504 1.06504 1.06504 1.06504 1.06504 1.06504 1.06504 1.06504 1.06504 1.06504 1.06504 1.06504 1.06504 1.06504 1.06504 1.06504 1.06504 1.06504 1.06504 1.06504 1.06504 1.06504 1.06504 1.06504 1.06504 1.06504 1.06504 1.06504 1.06504 1.06504 1.06504 1.06504 1.06504 1.06504 1.06504 1.06504 1.06504 1.06504 1.06504 1.06504 1.06504 1.06504 1.06504 1.06504 1.06504 1.06504 1.06504 1.06504 1.06504 1.06504 1.06504 1.06504 1.06504 1.06504 1.06504 1.06504 1.06504 1.06504 1.06504 1.06504 1.06504 1.06504 1.06504 1.06504 1.06504 1.06504 1.06504 1.06504 1.06504 1.06504 1.06504 1.06504 1.06504 1.06504 1.06504 1.06504 1.06504 1.06504 1.06504 1.06504 1.06504 1.06504 1.06504 1.06504 1.06504 1.06504 1.06504 1.06504 1.06504 1.06504 1.06504 1.06504 1.06504 1.06504 1.06504 1.06504 1.06504 1.06504 1.06504 1.06504 1.06504 1.06504 1.06504 1.06504 1.06504 1.06504 1.06504 1.06504 1.06504 1.06504 1.06504 1.06504 1.06504 1.06504 1.06504 1.06504 1.06504 1.06504 1.06504 1.06504 1.06504 1.06504 1.06504 1.06504 1.06504 1.06504 1.06504 1.06504 1.06504 1.06504 1.06504 1.06504 1.06504 1.06504 1.06504 1.06504 1.06504 1.06504 1.06504 1.06504 1.06504 1.06504 1.06504 1.06504 1.06504 1.06504 1.06504 1.06504 1.06504 1.06504 1.06504 1.06504 1.06504 1.06504 1.06504 1.06504 1.06504 1.06504 1.06504 1.06504 1.06504 1.06504 1.06504 1.06504 1.06504 1.06504 1.06504 1.06504 1.06504 1.06504 1.06504 1.06504 1.06504 1.06504 1.06504 1.06504 1.06504 1.06504 1.06504 1.06504 1.06504 1.06504 1.06504 1.06504 1.06504 1.06504 1.06504 1.06504 1.06504 1.06504 1.06504 1.06504 1.06504 1.06504 1.06504 1.06504 1.06504 1.06504 1.06504 1.06504 1.06504 1.06504 1.06504 1.06504 1.06504 1.06504 1.06504 1.06504 1.06504 1.06504 1.06504 1.06504 1.06504 1.06504 1.06504 1.06504 1.06504 1.06504 1.06504 1.06504 1.06504 1.06504 1.06504 1.06504 1.06504 1.06504 1.06504 1.06504 1.06504 1.06504 1.06504 1.06504 1.06504 1.06504 1.06504 1.06504 1.06504 1.06504 1.06504 1.06504 1.06504 1.06504 1.06504 1.06504 1.06504 1.06504 1.06504 1.06504 1.06504 1.06504 1.06504 1.06504 1.06504 1.06504 1.06504 1.06504 1.06504 1.06504 1.06504 1.06504 1.06504 1.06504 1.06504 1.06504 1.06504 1.06504 1.06504 1.06504 1.06504 1.06504 1.06504 1.06504 1.06504 1.06504 1.06504 1.06504 1.06504 1.06504 1.06504 1.06504 1.06504 1.06504 1.06504 1.06504 1.06504 1.06504 1.06504 1.06504 1.06504 1.06504 1.06504 1.06504 1.06504 1.06504 1.06504 1.06504 1.06504 1.06504 1.06504 1.06504 1.06504 1.06504 1.06504 1.06504 1.06504 1.06504 1.06504 1.06504 1.06504 1.06504 1.06504 1.06504 1.06504 1.06504 1.06504 1.06504 1.06504 1.06504 1.06504 1.06504 1.06504 1.06504 1.06504 1.06504 1.06504 1.06504 1.06504 1.06504 1.06504 1.06504 1.06504 1.06504 1.06504 1.06504 1.06504 1.06504 1.06504 1.06504 1.06504 1.06504 1.06504 1.06504 1.06504 1.06504 1.06504 1.06504 1.06504 1.06504 1.06504 1.06504 1.06504 1.06504 1.06504 1.06504 1.06504 1.06504 1.06504 1.06504 1.06504 1.06504 1.06504 1.06504 1.06504 1.06504 1.06504 1.06504 1.06504 1.06504 1.06504 1.06504 1.06504 1.06504 1.06504 1.06504 1.06504 1.06504 1.06504 1.06504 1.06504 1.06504 1.06504 1.06504 1.06504 1.06504 1.06504 1.06504 1.06504 1.06504 1.06504 1.06504 1.06504 1.06504 1.06504 1.06504 1.06504 1.06504 1.06504 1.06504 1.06504 1.06504 1.06504 1.06504 1.06504 1.06504 1.06504 1.06504 1.06504 1.06504 1.06504 1.06504 1.06504 1.06504 1.06504 1.06504 1.06504 1.06504 1.06504 1.06504 1.06504 1.06504 1.06504 1.06504 1.06504 1.06504 1.06504 1.06504 1.06504 1.06504 1.06504 1.06504 1.06504 1.06504 1.06504 1.06504 1.06504 1.06504 1.06504 1.06504 1.06504 1.06504 1.06504 1.06504 1.06504 1.06504 1.06504 1.06504 1.06504 1.06504 1.06504 1.06504 1.06504 1.06504 1.06504 1.06504 1.06504 1.06504 1.06504 1.06504 1.06504 1.06504 1.06504 1.06504 1.06504 1.06504 1.06504 1.06504 1.06504 1.06504 1.06504 1.06504 1.06504 1.06504 1.06504 1.06504 1.06504 1.06504 1.06504 1.06504 1.06504 1.06504 1.06504 1.06504 1.06504 1.06504 1.06504 1.06504 1.06504 1.06504 1.06504 1.06504 1.06504 1.06504 1.06504 1.06504 1.06504 1.06504 1.06504 1.06504 1.06504 1.06504 1.06504 1.06504 1.06504 1.06504 1.06504 1.06504 1.06504 1.06504 1.06504 1.06504 1.06504 1.06504 1.06504 1.06504 1.06504 1.06504 1.06504 1.06504 1.06504 1.06504 1.06504 1.06504 1.06504 1.06504 1.06504 1.06504 1.06504 1.06504 1.06504 1.06504 1.06504 1.06504 1.06504 1.06504 1.06504 1.06504 1.06504 1.06504 1.06504 1.06504 1.06504 1.06504 1.06504 1.06504 1.06504 1.06504 1.06504 1.06504 1.06504 1.06504 1.06504 1.06504 1.06504 1.06504 1.06504 1.06504 1.06504 1.06504 1.06504 1.06504 1.06504 1.06504 1.06504 1.06504 1.06504 1.06504 1.06504 1.06504 1.06504 1.06504 1.06504 1.06504 1.06504 1.06504 1.06504 1.06504 1.06504 1.06504 1.06504 1.06504 1.06504 1.06504 1.06504 1.06504 1.06504 1.06504 1.06504 1.06504 1.06504 1.06504 1.06504 1.06504 1.06504 1.06504 1.06504 1.06504 1.06504 1.06504 1.06504 1.06504 1.06504 1.06504 1.06504 1.06504 1.06504 1.06504 1.06504 1.06504 1.06504 1.06504 1.06504 1.06504 1.06504 1.06504 1.06504 1.06504 1.06504 1.06504 1.06504 1.06504 1.06504 1.06504 1.06504 1.06504 1.06504 1.06504 1.06504 1.06504 1.06504 1.06504 1.06504 1.06504 1.06504 1.06504 1.06504 1.06504 1.06504 1.06504 1.06504 1.06504 1.06504 1.06504 1.06504 1.06504 1.06504 1.06504 1.06504 1.06504 1.06504 1.06504 1.06504 1.06504 1.06504 1.06504 1.06504 1.06504 1.06504 
Element_skew_angle 1 1100 float
0 0 0 0 0 0 0 0 0 0 0 0 0 0 0 0 0 0 0 0 0 0 0 0 0 0 0 0 0 0 0 0 0 0 0 0 0 0 0 0 0 0 0 0 0 0 0 0 0 0 0 0 0 0 0 0 0 0 0 0 0 0 0 0 0 0 0 0 0 0 0 0 0 0 0 0 0 0 0 0 0 0 0 0 0 0 0 0 0 0 0 0 0 0 0 0 0 0 0 0 0 0 0 0 0 0 0 0 0 0 0 0 0 0 0 0 0 0 0 0 0 0 0 0 0 0 0 0 0 0 0 0 0 0 0 0 0 0 0 0 0 0 0 0 0 0 0 0 0 0 0 0 0 0 0 0 0 0 0 0 0 0 0 0 0 0 0 0 0 0 0 0 0 0 0 0 0 0 0 0 0 0 0 0 0 0 0 0 0 0 0 0 0 0 0 0 0 0 0 0 0 0 0 0 0 0 0 0 0 0 0 0 0 0 0 0 0 0 0 0 0 0 0 0 0 0 0 0 0 0 0 0 0 0 0 0 0 0 0 0 0 0 0 0 0 0 0 0 0 0 0 0 0 0 0 0 0 0 0 0 0 0 0 0 0 0 0 0 0 0 0 0 0 0 0 0 0 0 0 0 0 0 0 0 0 0 0 0 0 0 0 0 0 0 0 0 0 0 0 0 0 0 0 0 0 0 0 0 0 0 0 0 0 0 0 0 0 0 0 0 0 0 0 0 0 0 0 0 0 0 0 0 0 0 0 0 0 0 0 0 0 0 0 0 0 0 0 0 0 0 0 0 0 0 0 0 0 0 0 0 0 0 0 0 0 0 0 0 0 0 0 0 0 0 0 0 0 0 0 0 0 0 0 0 0 0 0 0 0 0 0 0 0 0 0 0 0 0 0 0 0 0 0 0 0 0 0 0 0 0 0 0 0 0 0 0 0 0 0 0 0 0 0 0 0 0 0 0 0 0 0 0 0 0 0 0 0 0 0 0 0 0 0 0 0 0 0 0 0 0 0 0 0 0 0 0 0 0 0 0 0 0 0 0 0 0 0 0 0 0 0 0 0 0 0 0 0 0 0 0 0 0 0 0 0 0 0 0 0 0 0 0 0 0 0 0 0 0 0 0 0 0 0 0 0 0 0 0 0 0 0 0 0 0 0 0 0 0 0 0 0 0 0 0 0 0 0 0 0 0 0 0 0 0 0 0 0 0 0 0 0 0 0 0 0 0 0 0 0 0 0 0 0 0 0 0 0 0 0 0 0 0 0 0 0 0 0 0 0 0 0 0 0 0 0 0 0 0 0 0 0 0 0 0 0 0 0 0 0 0 0 0 0 0 0 0 0 0 0 0 0 0 0 0 0 0 0 0 0 0 0 0 0 0 0 0 0 0 0 0 0 0 0 0 0 0 0 0 0 0 0 0 0 0 0 0 0 0 0 0 0 0 0 0 0 0 0 0 0 0 0 0 0 0 0 0 0 0 0 0 0 0 0 0 0 0 0 0 0 0 0 0 0 0 0 0 0 0 0 0 0 0 0 0 0 0 0 0 0 0 0 0 0 0 0 0 0 0 0 0 0 0 0 0 0 0 0 0 0 0 0 0 0 0 0 0 0 0 0 0 0 0 0 0 0 0 0 0 0 0 0 0 0 0 0 0 0 0 0 0 0 0 0 0 0 0 0 0 0 0 0 0 0 0 0 0 0 0 0 0 0 0 0 0 0 0 0 0 0 0 0 0 0 0 0 0 0 0 0 0 0 0 0 0 0 0 0 0 0 0 0 0 0 0 0 0 0 0 0 0 0 0 0 0 0 0 0 0 0 0 0 0 0 0 0 0 0 0 0 0 0 0 0 0 0 0 0 0 0 0 0 0 0 0 0 0 0 0 0 0 0 0 0 0 0 0 0 0 0 0 0 0 0 0 0 0 0 0 0 0 0 0 0 0 0 0 0 0 0 0 0 0 0 0 0 0 0 0 0 0 0 0 0 0 0 0 0 0 0 0 0 0 0 0 0 0 0 0 0 0 0 0 0 0 0 0 0 0 0 0 0 0 0 0 0 0 0 0 0 0 0 0 0 0 0 0 0 0 0 0 0 0 0 0 0 0 0 0 0 0 0 0 0 0 0 0 0 0 0 0 0 0 0 0 0 0 0 0 0 0 0 0 0 0 0 0 0 0 0 0 0 0 0 0 0 0 0 0 0 0 0 0 0 0 0 0 0 0 0 0 0 0 0 0 0 0 0 0 0 0 0 0 0 0 0 0 0 0 0 0 0 0 0 0 0 0 0 0 0 0 0 0 0 0 0 0 0 0 0 0 0 0 0 0 0 0 0 0 0 0 0 0 0 0 0 0 0 0 0 0 0 0 0 0 0 0 0 0 0 0 0 0 0 0 0 0 0 0 0 0 0 0 0 0 0 0 0 0 0 0 0 0 0 0 0 0 0 0 0 0 0 0 0 0 0 0 0 0 0 0 
POINT_DATA 1200
SCALARS NodeID int 1
LOOKUP_TABLE my_table
0
1
2
3
4
5
6
7
8
9
10
11
12
13
14
15
16
17
18
19
20
21
22
23
24
25
26
27
28
29
30
31
32
33
34
35
36
37
38
39
40
41
42
43
44
45
46
47
48
49
50
51
52
53
54
55
56
57
58
59
60
61
62
63
64
65
66
67
68
69
70
71
72
73
74
75
76
77
78
79
80
81
82
83
84
85
86
87
88
89
90
91
92
93
94
95
96
97
98
99
100
101
102
103
104
105
106
107
108
109
110
111
112
113
114
115
116
117
118
119
120
121
122
123
124
125
126
127
128
129
130
131
132
133
134
135
136
137
138
139
140
141
142
143
144
145
146
147
148
149
150
151
152
153
154
155
156
157
158
159
160
161
162
163
164
165
166
167
168
169
170
171
172
173
174
175
176
177
178
179
180
181
182
183
184
185
186
187
188
189
190
191
192
193
194
195
196
197
198
199
200
201
202
203
204
205
206
207
208
209
210
211
212
213
214
215
216
217
218
219
220
221
222
223
224
225
226
227
228
229
230
231
232
233
234
235
236
237
238
239
240
241
242
243
244
245
246
247
248
249
250
251
252
253
254
255
256
257
258
259
260
261
262
263
264
265
266
267
268
269
270
271
272
273
274
275
276
277
278
279
280
281
282
283
284
285
286
287
288
289
290
291
292
293
294
295
296
297
298
299
300
301
302
303
304
305
306
307
308
309
310
311
312
313
314
315
316
317
318
319
320
321
322
323
324
325
326
327
328
329
330
331
332
333
334
335
336
337
338
339
340
341
342
343
344
345
346
347
348
349
350
351
352
353
354
355
356
357
358
359
360
361
362
363
364
365
366
367
368
369
370
371
372
373
374
375
376
377
378
379
380
381
382
383
384
385
386
387
388
389
390
391
392
393
394
395
396
397
398
399
400
401
402
403
404
405
406
407
408
409
410
411
412
413
414
415
416
417
418
419
420
421
422
423
424
425
426
427
428
429
430
431
432
433
434
435
436
437
438
439
440
441
442
443
444
445
446
447
448
449
450
451
452
453
454
455
456
457
458
459
460
461
462
463
464
465
466
467
468
469
470
471
472
473
474
475
476
477
478
479
480
481
482
483
484
485
486
487
488
489
490
491
492
493
494
495
496
497
498
499
500
501
502
503
504
505
506
507
508
509
510
511
512
513
514
515
516
517
518
519
520
521
522
523
524
525
526
527
528
529
530
531
532
533
534
535
536
537
538
539
540
541
542
543
544
545
546
547
548
549
550
551
552
553
554
555
556
557
558
559
560
561
562
563
564
565
566
567
568
569
570
571
572
573
574
575
576
577
578
579
580
581
582
583
584
585
586
587
588
589
590
591
592
593
594
595
596
597
598
599
600
601
602
603
604
605
606
607
608
609
610
611
612
613
614
615
616
617
618
619
620
621
622
623
624
625
626
627
628
629
630
631
632
633
634
635
636
637
638
639
640
641
642
643
644
645
646
647
648
649
650
651
652
653
654
655
656
657
658
659
660
661
662
663
664
665
666
667
668
669
670
671
672
673
674
675
676
677
678
679
680
681
682
683
684
685
686
687
688
689
690
691
692
693
694
695
696
697
698
699
700
701
702
703
704
705
706
707
708
709
710
711
712
713
714
715
716
717
718
719
720
721
722
723
724
725
726
727
728
729
730
731
732
733
734
735
736
737
738
739
740
741
742
743
744
745
746
747
748
749
750
751
752
753
754
755
756
757
758
759
760
761
762
763
764
765
766
767
768
769
770
771
772
773
774
775
776
777
778
779
780
781
782
783
784
785
786
787
788
789
790
791
792
793
794
795
796
797
798
799
800
801
802
803
804
805
806
807
808
809
810
811
812
813
814
815
816
817
818
819
820
821
822
823
824
825
826
827
828
829
830
831
832
833
834
835
836
837
838
839
840
841
842
843
844
845
846
847
848
849
850
851
852
853
854
855
856
857
858
859
860
861
862
863
864
865
866
867
868
869
870
871
872
873
874
875
876
877
878
879
880
881
882
883
884
885
886
887
888
889
890
891
892
893
894
895
896
897
898
899
900
901
902
903
904
905
906
907
908
909
910
911
912
913
914
915
916
917
918
919
920
921
922
923
924
925
926
927
928
929
930
931
932
933
934
935
936
937
938
939
940
941
942
943
944
945
946
947
948
949
950
951
952
953
954
955
956
957
958
959
960
961
962
963
964
965
966
967
968
969
970
971
972
973
974
975
976
977
978
979
980
981
982
983
984
985
986
987
988
989
990
991
992
993
994
995
996
997
998
999
1000
1001
1002
1003
1004
1005
1006
1007
1008
1009
1010
1011
1012
1013
1014
1015
1016
1017
1018
1019
1020
1021
1022
1023
1024
1025
1026
1027
1028
1029
1030
1031
1032
1033
1034
1035
1036
1037
1038
1039
1040
1041
1042
1043
1044
1045
1046
1047
1048
1049
1050
1051
1052
1053
1054
1055
1056
1057
1058
1059
1060
1061
1062
1063
1064
1065
1066
1067
1068
1069
1070
1071
1072
1073
1074
1075
1076
1077
1078
1079
1080
1081
1082
1083
1084
1085
1086
1087
1088
1089
1090
1091
1092
1093
1094
1095
1096
1097
1098
1099
1100
1101
1102
1103
1104
1105
1106
1107
1108
1109
1110
1111
1112
1113
1114
1115
1116
1117
1118
1119
1120
1121
1122
1123
1124
1125
1126
1127
1128
1129
1130
1131
1132
1133
1134
1135
1136
1137
1138
1139
1140
1141
1142
1143
1144
1145
1146
1147
1148
1149
1150
1151
1152
1153
1154
1155
1156
1157
1158
1159
1160
1161
1162
1163
1164
1165
1166
1167
1168
1169
1170
1171
1172
1173
1174
1175
1176
1177
1178
1179
1180
1181
1182
1183
1184
1185
1186
1187
1188
1189
1190
1191
1192
1193
1194
1195
1196
1197
1198
1199
FIELD FieldData2 2
Displacement 3 1200 float
6.77317e-05 0 0 6.88871e-05 0 0 7.00834e-05 0 0 7.13509e-05 0 0 7.27051e-05 0 0 7.41477e-05 0 0 7.56663e-05 0 0 7.7234e-05 0 0 7.88073e-05 0 0 8.0324e-05 0 0 8.16998e-05 0 0 8.28233e-05 0 0 6.72031e-05 -3.81279e-06 0 6.83951e-05 -3.14746e-06 0 6.96204e-05 -2.61579e-06 0 7.0911e-05 -2.1819e-06 0 7.22844e-05 -1.81483e-06 0 7.37439e-05 -1.48696e-06 0 7.52789e-05 -1.17271e-06 0 7.68642e-05 -8.4728e-07 0 7.84583e-05 -4.85395e-07 0 8.00014e-05 -6.01075e-08 0 8.14117e-05 4.58498e-07 0 8.2581e-05 1.1047e-06 0 6.72031e-05 3.81279e-06 0 6.83951e-05 3.14746e-06 0 6.96204e-05 2.61579e-06 0 7.0911e-05 2.1819e-06 0 7.22844e-05 1.81483e-06 0 7.37439e-05 1.48696e-06 0 7.52789e-05 1.17271e-06 0 7.68642e-05 8.4728e-07 0 7.84583e-05 4.85395e-07 0 8.00014e-05 6.01075e-08 0 8.14117e-05 -4.58498e-07 0 8.2581e-05 -1.1047e-06 0 6.56369e-05 -7.45585e-06 0 6.69367e-05 -6.14776e-06 0 6.8247e-05 -5.10253e-06 0 6.96058e-05 -4.24958e-06 0 7.10356e-05 -3.52798e-06 0 7.25448e-05 -2.88348e-06 0 7.41279e-05 -2.26583e-06 0 7.57649e-05 -1.62633e-06 0 7.74203e-05 -9.15435e-07 0 7.90409e-05 -8.02939e-08 0 8.05529e-05 9.37725e-07 0 8.18573e-05 2.20581e-06 0 6.56369e-05 7.45585e-06 0 6.69367e-05 6.14776e-06 0 6.8247e-05 5.10253e-06 0 6.96058e-05 4.24958e-06 0 7.10356e-05 3.52798e-06 0 7.25448e-05 2.88348e-06 0 7.41279e-05 2.26583e-06 0 7.57649e-05 1.62633e-06 0 7.74203e-05 9.15435e-07 0 7.90409e-05 8.02939e-08 0 8.05529e-05 -9.37725e-07 0 8.18573e-05 -2.20581e-06 0 6.30916e-05 -1.07675e-05 0 6.45638e-05 -8.86085e-06 0 6.60103e-05 -7.33752e-06 0 6.74781e-05 -6.09451e-06 0 6.89981e-05 -5.04294e-06 0 7.05868e-05 -4.10379e-06 0 7.22466e-05 -3.20394e-06 0 7.39663e-05 -2.27263e-06 0 7.57197e-05 -1.2379e-06 0 7.74646e-05 -2.3104e-08 0 7.91397e-05 1.45676e-06 0 8.06615e-05 3.29908e-06 0 6.30916e-05 1.07675e-05 0 6.45638e-05 8.86085e-06 0 6.60103e-05 7.33752e-06 0 6.74781e-05 6.09451e-06 0 6.89981e-05 5.04294e-06 0 7.05868e-05 4.10379e-06 0 7.22466e-05 3.20394e-06 0 7.39663e-05 2.27263e-06 0 7.57197e-05 1.2379e-06 0 7.74646e-05 2.3104e-08 0 7.91397e-05 -1.45676e-06 0 8.06615e-05 -3.29908e-06 0 5.96613e-05 -1.3602e-05 0 6.13606e-05 -1.11606e-05 0 6.29862e-05 -9.21046e-06 0 6.45972e-05 -7.61932e-06 0 6.62356e-05 -6.27329e-06 0 6.79285e-05 -5.07126e-06 0 6.96889e-05 -3.91986e-06 0 7.15171e-05 -2.72886e-06 0 7.33994e-05 -1.40669e-06 0 7.53081e-05 1.44097e-07 0 7.71989e-05 2.03147e-06 0 7.90087e-05 4.37907e-06 0 5.96613e-05 1.3602e-05 0 6.13606e-05 1.11606e-05 0 6.29862e-05 9.21046e-06 0 6.45972e-05 7.61932e-06 0 6.62356e-05 6.27329e-06 0 6.79285e-05 5.07126e-06 0 6.96889e-05 3.91986e-06 0 7.15171e-05 2.72886e-06 0 7.33994e-05 1.40669e-06 0 7.53081e-05 -1.44097e-07 0 7.71989e-05 -2.03147e-06 0 7.90087e-05 -4.37907e-06 0 5.54721e-05 -1.5836e-05 0 5.74396e-05 -1.29409e-05 0 5.92765e-05 -1.06289e-05 0 6.10561e-05 -8.74276e-06 0 6.28337e-05 -7.14718e-06 0 6.46488e-05 -5.72244e-06 0 6.65274e-05 -4.35821e-06 0 6.84829e-05 -2.94815e-06 0 7.05172e-05 -1.38454e-06 0 7.26196e-05 4.46984e-07 0 7.47666e-05 2.67306e-06 0 7.69194e-05 5.43858e-06 0 5.54721e-05 1.5836e-05 0 5.74396e-05 1.29409e-05 0 5.92765e-05 1.06289e-05 0 6.10561e-05 8.74276e-06 0 6.28337e-05 7.14718e-06 0 6.46488e-05 5.72244e-06 0 6.65274e-05 4.35821e-06 0 6.84829e-05 2.94815e-06 0 7.05172e-05 1.38454e-06 0 7.26196e-05 -4.46984e-07 0 7.47666e-05 -2.67306e-06 0 7.69194e-05 -5.43858e-06 0 5.06764e-05 -1.73753e-05 0 5.29367e-05 -1.41212e-05 0 5.50039e-05 -1.15232e-05 0 5.69672e-05 -9.40388e-06 0 5.88959e-05 -7.61115e-06 0 6.08435e-05 -6.01052e-06 0 6.28498e-05 -4.47859e-06 0 6.49436e-05 -2.89679e-06 0 6.71433e-05 -1.14538e-06 0 6.9458e-05 9.0245e-07 0 7.18868e-05 3.3869e-06 0 7.44192e-05 6.46826e-06 0 5.06764e-05 1.73753e-05 0 5.29367e-05 1.41212e-05 0 5.50039e-05 1.15232e-05 0 5.69672e-05 9.40388e-06 0 5.88959e-05 7.61115e-06 0 6.08435e-05 6.01052e-06 0 6.28498e-05 4.47859e-06 0 6.49436e-05 2.89679e-06 0 6.71433e-05 1.14538e-06 0 6.9458e-05 -9.0245e-07 0 7.18868e-05 -3.3869e-06 0 7.44192e-05 -6.46826e-06 0 4.54458e-05 -1.81588e-05 0 4.80052e-05 -1.46499e-05 0 5.03074e-05 -1.18495e-05 0 5.24575e-05 -9.56537e-06 0 5.45394e-05 -7.6331e-06 0 5.66209e-05 -5.90806e-06 0 5.87563e-05 -4.25799e-06 0 6.099e-05 -2.55641e-06 0 6.33582e-05 -6.76117e-07 0 6.58905e-05 1.51718e-06 0 6.86108e-05 4.1716e-06 0 7.1538e-05 7.45628e-06 0 4.54458e-05 1.81588e-05 0 4.80052e-05 1.46499e-05 0 5.03074e-05 1.18495e-05 0 5.24575e-05 9.56537e-06 0 5.45394e-05 7.6331e-06 0 5.66209e-05 5.90806e-06 0 5.87563e-05 4.25799e-06 0 6.099e-05 2.55641e-06 0 6.33582e-05 6.76117e-07 0 6.58905e-05 -1.51718e-06 0 6.86108e-05 -4.1716e-06 0 7.1538e-05 -7.45628e-06 0 3.99636e-05 -1.81622e-05 0 4.2809e-05 -1.45082e-05 0 4.53355e-05 -1.15932e-05 0 4.76631e-05 -9.21572e-06 0 4.98901e-05 -7.20435e-06 0 5.20977e-05 -5.40879e-06 0 5.43545e-05 -3.69244e-06 0 5.67204e-05 -1.92543e-06 0 5.92491e-05 2.21225e-08 0 6.19908e-05 2.28671e-06 0 6.49944e-05 5.01838e-06 0 6.83092e-05 8.38822e-06 0 3.99636e-05 1.81622e-05 0 4.2809e-05 1.45082e-05 0 4.53355e-05 1.15932e-05 0 4.76631e-05 9.21572e-06 0 4.98901e-05 7.20435e-06 0 5.20977e-05 5.40879e-06 0 5.43545e-05 3.69244e-06 0 5.67204e-05 1.92543e-06 0 5.92491e-05 -2.21225e-08 0 6.19908e-05 -2.28671e-06 0 6.49944e-05 -5.01838e-06 0 6.83092e-05 -8.38822e-06 0 3.44166e-05 -1.7399e-05 0 3.75154e-05 -1.37103e-05 0 4.02399e-05 -1.0769e-05 0 4.27236e-05 -8.37024e-06 0 4.50772e-05 -6.34047e-06 0 4.73941e-05 -4.52847e-06 0 4.9756e-05 -2.7978e-06 0 5.22368e-05 -1.01974e-06 0 5.49067e-05 9.33388e-07 0 5.78359e-05 3.19495e-06 0 6.1097e-05 5.91086e-06 0 6.47689e-05 9.24709e-06 0 3.44166e-05 1.7399e-05 0 3.75154e-05 1.37103e-05 0 4.02399e-05 1.0769e-05 0 4.27236e-05 8.37024e-06 0 4.50772e-05 6.34047e-06 0 4.73941e-05 4.52847e-06 0 4.9756e-05 2.7978e-06 0 5.22368e-05 1.01974e-06 0 5.49067e-05 -9.33388e-07 0 5.78359e-05 -3.19495e-06 0 6.1097e-05 -5.91086e-06 0 6.47689e-05 -9.24709e-06 0 2.89863e-05 -1.59205e-05 0 3.22872e-05 -1.23037e-05 0 3.51689e-05 -9.42139e-06 0 3.77755e-05 -7.07083e-06 0 4.02276e-05 -5.08117e-06 0 4.26287e-05 -3.30474e-06 0 4.5071e-05 -1.60959e-06 0 4.76406e-05 1.27387e-07 0 5.04223e-05 2.02703e-06 0 5.35037e-05 4.21434e-06 0 5.69794e-05 6.82519e-06 0 6.09555e-05 1.00135e-05 0 2.89863e-05 1.59205e-05 0 3.22872e-05 1.23037e-05 0 3.51689e-05 9.42139e-06 0 3.77755e-05 7.07083e-06 0 4.02276e-05 5.08117e-06 0 4.26287e-05 3.30474e-06 0 4.5071e-05 1.60959e-06 0 4.76406e-05 -1.27387e-07 0 5.04223e-05 -2.02703e-06 0 5.35037e-05 -4.21434e-06 0 5.69794e-05 -6.82519e-06 0 6.09555e-05 -1.00135e-05 0 2.38413e-05 -1.38134e-05 0 2.72759e-05 -1.03671e-05 0 3.02608e-05 -7.62263e-06 0 3.29467e-05 -5.38443e-06 0 3.54609e-05 -3.48882e-06 0 3.79135e-05 -1.79582e-06 0 4.04046e-05 -1.81935e-07 0 4.30293e-05 1.4663e-06 0 4.58839e-05 3.25851e-06 0 4.90704e-05 5.30651e-06 0 5.27021e-05 7.73058e-06 0 5.69086e-05 1.06661e-05 0 2.38413e-05 1.38134e-05 0 2.72759e-05 1.03671e-05 0 3.02608e-05 7.62263e-06 0 3.29467e-05 5.38443e-06 0 3.54609e-05 3.48882e-06 0 3.79135e-05 1.79582e-06 0 4.04046e-05 1.81935e-07 0 4.30293e-05 -1.4663e-06 0 4.58839e-05 -3.25851e-06 0 4.90704e-05 -5.30651e-06 0 5.27021e-05 -7.73058e-06 0 5.69086e-05 -1.06661e-05 0 1.91288e-05 -1.11962e-05 0 2.26145e-05 -8.00697e-06 0 2.56375e-05 -5.46966e-06 0 2.83507e-05 -3.40023e-06 0 3.08837e-05 -1.64604e-06 0 3.33495e-05 -7.83267e-08 0 3.58521e-05 1.41448e-06 0 3.84922e-05 2.93268e-06 0 4.13733e-05 4.57089e-06 0 4.4608e-05 6.42348e-06 0 4.83236e-05 8.59017e-06 0 5.26684e-05 1.11819e-05 0 1.91288e-05 1.11962e-05 0 2.26145e-05 8.00697e-06 0 2.56375e-05 5.46966e-06 0 2.83507e-05 3.40023e-06 0 3.08837e-05 1.64604e-06 0 3.33495e-05 7.83267e-08 0 3.58521e-05 -1.41448e-06 0 3.84922e-05 -2.93268e-06 0 4.13733e-05 -4.57089e-06 0 4.4608e-05 -6.42348e-06 0 4.83236e-05 -8.59017e-06 0 5.26684e-05 -1.11819e-05 0 1.49685e-05 -8.21359e-06 0 1.84117e-05 -5.3528e-06 0 2.13994e-05 -3.0799e-06 0 2.40817e-05 -1.22584e-06 0 2.65854e-05 3.47876e-07 0 2.90223e-05 1.75595e-06 0 3.14957e-05 3.09527e-06 0 3.41071e-05 4.45011e-06 0 3.69633e-05 5.89702e-06 0 4.0182e-05 7.50942e-06 0 4.3899e-05 9.36236e-06 0 4.82754e-05 1.15375e-05 0 1.49685e-05 8.21359e-06 0 1.84117e-05 5.3528e-06 0 2.13994e-05 3.0799e-06 0 2.40817e-05 1.22584e-06 0 2.65854e-05 -3.47876e-07 0 2.90223e-05 -1.75595e-06 0 3.14957e-05 -3.09527e-06 0 3.41071e-05 -4.45011e-06 0 3.69633e-05 -5.89702e-06 0 4.0182e-05 -7.50942e-06 0 4.3899e-05 -9.36236e-06 0 4.82754e-05 -1.15375e-05 0 1.14466e-05 -5.02983e-06 0 1.47466e-05 -2.55114e-06 0 1.76209e-05 -5.85862e-07 0 2.02105e-05 1.01761e-06 0 2.26349e-05 2.38141e-06 0 2.4999e-05 3.60414e-06 0 2.74008e-05 4.76602e-06 0 2.99381e-05 5.93331e-06 0 3.27152e-05 7.16227e-06 0 3.58493e-05 8.50286e-06 0 3.94787e-05 1.00023e-05 0 4.37698e-05 1.17092e-05 0 1.14466e-05 5.02983e-06 0 1.47466e-05 2.55114e-06 0 1.76209e-05 5.85862e-07 0 2.02105e-05 -1.01761e-06 0 2.26349e-05 -2.38141e-06 0 2.4999e-05 -3.60414e-06 0 2.74008e-05 -4.76602e-06 0 2.99381e-05 -5.93331e-06 0 3.27152e-05 -7.16227e-06 0 3.58493e-05 -8.50286e-06 0 3.94787e-05 -1.00023e-05 0 4.37698e-05 -1.17092e-05 0 8.61229e-06 -1.82098e-06 0 1.16659e-05 2.41243e-07 0 1.4347e-05 1.87098e-06 0 1.6782e-05 3.20104e-06 0 1.9077e-05 4.33597e-06 0 2.13252e-05 5.35706e-06 0 2.36142e-05 6.32668e-06 0 2.60327e-05 7.29199e-06 0 2.86768e-05 8.28785e-06 0 3.16574e-05 9.33929e-06 0 3.51076e-05 1.0464e-05 0 3.91915e-05 1.16747e-05 0 8.61229e-06 1.82098e-06 0 1.16659e-05 -2.41243e-07 0 1.4347e-05 -1.87098e-06 0 1.6782e-05 -3.20104e-06 0 1.9077e-05 -4.33597e-06 0 2.13252e-05 -5.35706e-06 0 2.36142e-05 -6.32668e-06 0 2.60327e-05 -7.29199e-06 0 2.86768e-05 -8.28785e-06 0 3.16574e-05 -9.33929e-06 0 3.51076e-05 -1.0464e-05 0 3.91915e-05 -1.16747e-05 0 6.47523e-06 1.23333e-06 0 9.181e-06 2.86463e-06 0 1.15918e-05 4.14673e-06 0 1.38131e-05 5.19355e-06 0 1.59318e-05 6.0917e-06 0 1.80241e-05 6.90461e-06 0 2.01622e-05 7.67651e-06 0 2.24205e-05 8.4353e-06 0 2.48816e-05 9.1945e-06 0 2.76428e-05 9.95419e-06 0 3.08247e-05 1.07019e-05 0 3.45799e-05 1.14135e-05 0 6.47523e-06 -1.23333e-06 0 9.181e-06 -2.86463e-06 0 1.15918e-05 -4.14673e-06 0 1.38131e-05 -5.19355e-06 0 1.59318e-05 -6.0917e-06 0 1.80241e-05 -6.90461e-06 0 2.01622e-05 -7.67651e-06 0 2.24205e-05 -8.4353e-06 0 2.48816e-05 -9.1945e-06 0 2.76428e-05 -9.95419e-06 0 3.08247e-05 -1.07019e-05 0 3.45799e-05 -1.14135e-05 0 5.00523e-06 3.95826e-06 0 7.26812e-06 5.16367e-06 0 9.33784e-06 6.10178e-06 0 1.12926e-05 6.86875e-06 0 1.31942e-05 7.5335e-06 0 1.5096e-05 8.14167e-06 0 1.70503e-05 8.71955e-06 0 1.91128e-05 9.27669e-06 0 2.13472e-05 9.80667e-06 0 2.38307e-05 1.02862e-05 0 2.66626e-05 1.06737e-05 0 2.99746e-05 1.09087e-05 0 5.00523e-06 -3.95826e-06 0 7.26812e-06 -5.16367e-06 0 9.33784e-06 -6.10178e-06 0 1.12926e-05 -6.86875e-06 0 1.31942e-05 -7.5335e-06 0 1.5096e-05 -8.14167e-06 0 1.70503e-05 -8.71955e-06 0 1.91128e-05 -9.27669e-06 0 2.13472e-05 -9.80667e-06 0 2.38307e-05 -1.02862e-05 0 2.66626e-05 -1.06737e-05 0 2.99746e-05 -1.09087e-05 0 4.13325e-06 6.19161e-06 0 5.86889e-06 6.99424e-06 0 7.53785e-06 7.60714e-06 0 9.18365e-06 8.11089e-06 0 1.08356e-05 8.55731e-06 0 1.25196e-05 8.97421e-06 0 1.42639e-05 9.37053e-06 0 1.61024e-05 9.73926e-06 0 1.80758e-05 1.0057e-05 0 2.02349e-05 1.02805e-05 0 2.26484e-05 1.03425e-05 0 2.54159e-05 1.01478e-05 0 4.13325e-06 -6.19161e-06 0 5.86889e-06 -6.99424e-06 0 7.53785e-06 -7.60714e-06 0 9.18365e-06 -8.11089e-06 0 1.08356e-05 -8.55731e-06 0 1.25196e-05 -8.97421e-06 0 1.42639e-05 -9.37053e-06 0 1.61024e-05 -9.73926e-06 0 1.80758e-05 -1.0057e-05 0 2.02349e-05 -1.02805e-05 0 2.26484e-05 -1.03425e-05 0 2.54159e-05 -1.01478e-05 0 3.75346e-06 7.79068e-06 0 4.89251e-06 8.22939e-06 0 6.11725e-06 8.55005e-06 0 7.42636e-06 8.82072e-06 0 8.80801e-06 9.07613e-06 0 1.02549e-05 9.32558e-06 0 1.17699e-05 9.56107e-06 0 1.33643e-05 9.76149e-06 0 1.5054e-05 9.89108e-06 0 1.68579e-05 9.89288e-06 0 1.88043e-05 9.6793e-06 0 2.09464e-05 9.12428e-06 0 3.75346e-06 -7.79068e-06 0 4.89251e-06 -8.22939e-06 0 6.11725e-06 -8.55005e-06 0 7.42636e-06 -8.82072e-06 0 8.80801e-06 -9.07613e-06 0 1.02549e-05 -9.32558e-06 0 1.17699e-05 -9.56107e-06 0 1.33643e-05 -9.76149e-06 0 1.5054e-05 -9.89108e-06 0 1.68579e-05 -9.89288e-06 0 1.88043e-05 -9.6793e-06 0 2.09464e-05 -9.12428e-06 0 3.72515e-06 8.63793e-06 0 4.2183e-06 8.76414e-06 0 4.97906e-06 8.83885e-06 0 5.94459e-06 8.92077e-06 0 7.04945e-06 9.02582e-06 0 8.24875e-06 9.14235e-06 0 9.52082e-06 9.24562e-06 0 1.08578e-05 9.30334e-06 0 1.22529e-05 9.27335e-06 0 1.36909e-05 9.09362e-06 0 1.51484e-05 8.66611e-06 0 1.66136e-05 7.83969e-06 0 3.72515e-06 -8.63793e-06 0 4.2183e-06 -8.76414e-06 0 4.97906e-06 -8.83885e-06 0 5.94459e-06 -8.92077e-06 0 7.04945e-06 -9.02582e-06 0 8.24875e-06 -9.14235e-06 0 9.52082e-06 -9.24562e-06 0 1.08578e-05 -9.30334e-06 0 1.22529e-05 -9.27335e-06 0 1.36909e-05 -9.09362e-06 0 1.51484e-05 -8.66611e-06 0 1.66136e-05 -7.83969e-06 0 3.87261e-06 8.6452e-06 0 3.69802e-06 8.51938e-06 0 4.01086e-06 8.40726e-06 0 4.65461e-06 8.36101e-06 0 5.49252e-06 8.37014e-06 0 6.44091e-06 8.3987e-06 0 7.45962e-06 8.40583e-06 0 8.52927e-06 8.35186e-06 0 9.62855e-06 8.19357e-06 0 1.07122e-05 7.87426e-06 0 1.16964e-05 7.30026e-06 0 1.24744e-05 6.30744e-06 0 3.87261e-06 -8.6452e-06 0 3.69802e-06 -8.51938e-06 0 4.01086e-06 -8.40726e-06 0 4.65461e-06 -8.36101e-06 0 5.49252e-06 -8.37014e-06 0 6.44091e-06 -8.3987e-06 0 7.45962e-06 -8.40583e-06 0 8.52927e-06 -8.35186e-06 0 9.62855e-06 -8.19357e-06 0 1.07122e-05 -7.87426e-06 0 1.16964e-05 -7.30026e-06 0 1.24744e-05 -6.30744e-06 0 3.97735e-06 7.7598e-06 0 3.15792e-06 7.44433e-06 0 3.09691e-06 7.22271e-06 0 3.47737e-06 7.12599e-06 0 4.0727e-06 7.10578e-06 0 4.77094e-06 7.09627e-06 0 5.52747e-06 7.04946e-06 0 6.32033e-06 6.92341e-06 0 7.12529e-06 6.67541e-06 0 7.8852e-06 6.25822e-06 0 8.45937e-06 5.60483e-06 0 8.60466e-06 4.56019e-06 0 3.97735e-06 -7.7598e-06 0 3.15792e-06 -7.44433e-06 0 3.09691e-06 -7.22271e-06 0 3.47737e-06 -7.12599e-06 0 4.0727e-06 -7.10578e-06 0 4.77094e-06 -7.09627e-06 0 5.52747e-06 -7.04946e-06 0 6.32033e-06 -6.92341e-06 0 7.12529e-06 -6.67541e-06 0 7.8852e-06 -6.25822e-06 0 8.45937e-06 -5.60483e-06 0 8.60466e-06 -4.56019e-06 0 3.75567e-06 5.96119e-06 0 2.4044e-06 5.53553e-06 0 2.14278e-06 5.29907e-06 0 2.35292e-06 5.25548e-06 0 2.72935e-06 5.26139e-06 0 3.18143e-06 5.25528e-06 0 3.67111e-06 5.19805e-06 0 4.18061e-06 5.0534e-06 0 4.69074e-06 4.77911e-06 0 5.1562e-06 4.32602e-06 0 5.43732e-06 3.65011e-06 0 5.11724e-06 2.68031e-06 0 3.75567e-06 -5.96119e-06 0 2.4044e-06 -5.53553e-06 0 2.14278e-06 -5.29907e-06 0 2.35292e-06 -5.25548e-06 0 2.72935e-06 -5.26139e-06 0 3.18143e-06 -5.25528e-06 0 3.67111e-06 -5.19805e-06 0 4.18061e-06 -5.0534e-06 0 4.69074e-06 -4.77911e-06 0 5.1562e-06 -4.32602e-06 0 5.43732e-06 -3.65011e-06 0 5.11724e-06 -2.68031e-06 0 2.74118e-06 3.36029e-06 0 1.27156e-06 2.82867e-06 0 1.13555e-06 2.8018e-06 0 1.22021e-06 2.84544e-06 0 1.39894e-06 2.88335e-06 0 1.61408e-06 2.89365e-06 0 1.84496e-06 2.86024e-06 0 2.0801e-06 2.76188e-06 0 2.30736e-06 2.56611e-06 0 2.50033e-06 2.22328e-06 0 2.58575e-06 1.6632e-06 0 2.18897e-06 8.41796e-07 0 2.74118e-06 -3.36029e-06 0 1.27156e-06 -2.82867e-06 0 1.13555e-06 -2.8018e-06 0 1.22021e-06 -2.84544e-06 0 1.39894e-06 -2.88335e-06 0 1.61408e-06 -2.89365e-06 0 1.84496e-06 -2.86024e-06 0 2.0801e-06 -2.76188e-06 0 2.30736e-06 -2.56611e-06 0 2.50033e-06 -2.22328e-06 0 2.58575e-06 -1.6632e-06 0 2.18897e-06 -8.41796e-07 0 0 -2.87345e-16 0 0 8.26728e-16 0 0 -1.32604e-15 0 0 1.71679e-15 0 0 -2.00709e-15 0 0 2.14668e-15 0 0 -2.15009e-15 0 0 2.00121e-15 0 0 -1.71677e-15 0 0 1.31932e-15 0 0 -8.23232e-16 0 0 2.81575e-16 0 0 2.54664e-16 0 0 -7.38799e-16 0 0 1.17818e-15 0 0 -1.53102e-15 0 0 1.78518e-15 0 0 -1.91289e-15 0 0 1.91366e-15 0 0 -1.78205e-15 0 0 1.52921e-15 0 0 -1.17356e-15 0 0 7.34865e-16 0 0 -2.49785e-16 0 2.74118e-06 -3.36029e-06 0 1.27156e-06 -2.82867e-06 0 1.13555e-06 -2.8018e-06 0 1.22021e-06 -2.84544e-06 0 1.39894e-06 -2.88335e-06 0 1.61408e-06 -2.89365e-06 0 1.84496e-06 -2.86024e-06 0 2.0801e-06 -2.76188e-06 0 2.30736e-06 -2.56611e-06 0 2.50033e-06 -2.22328e-06 0 2.58575e-06 -1.6632e-06 0 2.18897e-06 -8.41796e-07 0 2.74118e-06 3.36029e-06 0 1.27156e-06 2.82867e-06 0 1.13555e-06 2.8018e-06 0 1.22021e-06 2.84544e-06 0 1.39894e-06 2.88335e-06 0 1.61408e-06 2.89365e-06 0 1.84496e-06 2.86024e-06 0 2.0801e-06 2.76188e-06 0 2.30736e-06 2.56611e-06 0 2.50033e-06 2.22328e-06 0 2.58575e-06 1.6632e-06 0 2.18897e-06 8.41796e-07 0 3.75567e-06 -5.96119e-06 0 2.4044e-06 -5.53553e-06 0 2.14278e-06 -5.29907e-06 0 2.35292e-06 -5.25548e-06 0 2.72935e-06 -5.26139e-06 0 3.18143e-06 -5.25528e-06 0 3.67111e-06 -5.19805e-06 0 4.18061e-06 -5.0534e-06 0 4.69074e-06 -4.77911e-06 0 5.1562e-06 -4.32602e-06 0 5.43732e-06 -3.65011e-06 0 5.11724e-06 -2.68031e-06 0 3.75567e-06 5.96119e-06 0 2.4044e-06 5.53553e-06 0 2.14278e-06 5.29907e-06 0 2.35292e-06 5.25548e-06 0 2.72935e-06 5.26139e-06 0 3.18143e-06 5.25528e-06 0 3.67111e-06 5.19805e-06 0 4.18061e-06 5.0534e-06 0 4.69074e-06 4.77911e-06 0 5.1562e-06 4.32602e-06 0 5.43732e-06 3.65011e-06 0 5.11724e-06 2.68031e-06 0 3.97735e-06 -7.7598e-06 0 3.15792e-06 -7.44433e-06 0 3.09691e-06 -7.22271e-06 0 3.47737e-06 -7.12599e-06 0 4.0727e-06 -7.10578e-06 0 4.77094e-06 -7.09627e-06 0 5.52747e-06 -7.04946e-06 0 6.32033e-06 -6.92341e-06 0 7.12529e-06 -6.67541e-06 0 7.8852e-06 -6.25822e-06 0 8.45937e-06 -5.60483e-06 0 8.60466e-06 -4.56019e-06 0 3.97735e-06 7.7598e-06 0 3.15792e-06 7.44433e-06 0 3.09691e-06 7.22271e-06 0 3.47737e-06 7.12599e-06 0 4.0727e-06 7.10578e-06 0 4.77094e-06 7.09627e-06 0 5.52747e-06 7.04946e-06 0 6.32033e-06 6.92341e-06 0 7.12529e-06 6.67541e-06 0 7.8852e-06 6.25822e-06 0 8.45937e-06 5.60483e-06 0 8.60466e-06 4.56019e-06 0 3.87261e-06 -8.6452e-06 0 3.69802e-06 -8.51938e-06 0 4.01086e-06 -8.40726e-06 0 4.65461e-06 -8.36101e-06 0 5.49252e-06 -8.37014e-06 0 6.44091e-06 -8.3987e-06 0 7.45962e-06 -8.40583e-06 0 8.52927e-06 -8.35186e-06 0 9.62855e-06 -8.19357e-06 0 1.07122e-05 -7.87426e-06 0 1.16964e-05 -7.30026e-06 0 1.24744e-05 -6.30744e-06 0 3.87261e-06 8.6452e-06 0 3.69802e-06 8.51938e-06 0 4.01086e-06 8.40726e-06 0 4.65461e-06 8.36101e-06 0 5.49252e-06 8.37014e-06 0 6.44091e-06 8.3987e-06 0 7.45962e-06 8.40583e-06 0 8.52927e-06 8.35186e-06 0 9.62855e-06 8.19357e-06 0 1.07122e-05 7.87426e-06 0 1.16964e-05 7.30026e-06 0 1.24744e-05 6.30744e-06 0 3.72515e-06 -8.63793e-06 0 4.2183e-06 -8.76414e-06 0 4.97906e-06 -8.83885e-06 0 5.94459e-06 -8.92077e-06 0 7.04945e-06 -9.02582e-06 0 8.24875e-06 -9.14235e-06 0 9.52082e-06 -9.24562e-06 0 1.08578e-05 -9.30334e-06 0 1.22529e-05 -9.27335e-06 0 1.36909e-05 -9.09362e-06 0 1.51484e-05 -8.66611e-06 0 1.66136e-05 -7.83969e-06 0 3.72515e-06 8.63793e-06 0 4.2183e-06 8.76414e-06 0 4.97906e-06 8.83885e-06 0 5.94459e-06 8.92077e-06 0 7.04945e-06 9.02582e-06 0 8.24875e-06 9.14235e-06 0 9.52082e-06 9.24562e-06 0 1.08578e-05 9.30334e-06 0 1.22529e-05 9.27335e-06 0 1.36909e-05 9.09362e-06 0 1.51484e-05 8.66611e-06 0 1.66136e-05 7.83969e-06 0 3.75346e-06 -7.79068e-06 0 4.89251e-06 -8.22939e-06 0 6.11725e-06 -8.55005e-06 0 7.42636e-06 -8.82072e-06 0 8.80801e-06 -9.07613e-06 0 1.02549e-05 -9.32558e-06 0 1.17699e-05 -9.56107e-06 0 1.33643e-05 -9.76149e-06 0 1.5054e-05 -9.89108e-06 0 1.68579e-05 -9.89288e-06 0 1.88043e-05 -9.6793e-06 0 2.09464e-05 -9.12428e-06 0 3.75346e-06 7.79068e-06 0 4.89251e-06 8.22939e-06 0 6.11725e-06 8.55005e-06 0 7.42636e-06 8.82072e-06 0 8.80801e-06 9.07613e-06 0 1.02549e-05 9.32558e-06 0 1.17699e-05 9.56107e-06 0 1.33643e-05 9.76149e-06 0 1.5054e-05 9.89108e-06 0 1.68579e-05 9.89288e-06 0 1.88043e-05 9.6793e-06 0 2.09464e-05 9.12428e-06 0 4.13325e-06 -6.19161e-06 0 5.86889e-06 -6.99424e-06 0 7.53785e-06 -7.60714e-06 0 9.18365e-06 -8.11089e-06 0 1.08356e-05 -8.55731e-06 0 1.25196e-05 -8.97421e-06 0 1.42639e-05 -9.37053e-06 0 1.61024e-05 -9.73926e-06 0 1.80758e-05 -1.0057e-05 0 2.02349e-05 -1.02805e-05 0 2.26484e-05 -1.03425e-05 0 2.54159e-05 -1.01478e-05 0 4.13325e-06 6.19161e-06 0 5.86889e-06 6.99424e-06 0 7.53785e-06 7.60714e-06 0 9.18365e-06 8.11089e-06 0 1.08356e-05 8.55731e-06 0 1.25196e-05 8.97421e-06 0 1.42639e-05 9.37053e-06 0 1.61024e-05 9.73926e-06 0 1.80758e-05 1.0057e-05 0 2.02349e-05 1.02805e-05 0 2.26484e-05 1.03425e-05 0 2.54159e-05 1.01478e-05 0 5.00523e-06 -3.95826e-06 0 7.26812e-06 -5.16367e-06 0 9.33784e-06 -6.10178e-06 0 1.12926e-05 -6.86875e-06 0 1.31942e-05 -7.5335e-06 0 1.5096e-05 -8.14167e-06 0 1.70503e-05 -8.71955e-06 0 1.91128e-05 -9.27669e-06 0 2.13472e-05 -9.80667e-06 0 2.38307e-05 -1.02862e-05 0 2.66626e-05 -1.06737e-05 0 2.99746e-05 -1.09087e-05 0 5.00523e-06 3.95826e-06 0 7.26812e-06 5.16367e-06 0 9.33784e-06 6.10178e-06 0 1.12926e-05 6.86875e-06 0 1.31942e-05 7.5335e-06 0 1.5096e-05 8.14167e-06 0 1.70503e-05 8.71955e-06 0 1.91128e-05 9.27669e-06 0 2.13472e-05 9.80667e-06 0 2.38307e-05 1.02862e-05 0 2.66626e-05 1.06737e-05 0 2.99746e-05 1.09087e-05 0 6.47523e-06 -1.23333e-06 0 9.181e-06 -2.86463e-06 0 1.15918e-05 -4.14673e-06 0 1.38131e-05 -5.19355e-06 0 1.59318e-05 -6.0917e-06 0 1.80241e-05 -6.90461e-06 0 2.01622e-05 -7.67651e-06 0 2.24205e-05 -8.4353e-06 0 2.48816e-05 -9.1945e-06 0 2.76428e-05 -9.95419e-06 0 3.08247e-05 -1.07019e-05 0 3.45799e-05 -1.14135e-05 0 6.47523e-06 1.23333e-06 0 9.181e-06 2.86463e-06 0 1.15918e-05 4.14673e-06 0 1.38131e-05 5.19355e-06 0 1.59318e-05 6.0917e-06 0 1.80241e-05 6.90461e-06 0 2.01622e-05 7.67651e-06 0 2.24205e-05 8.4353e-06 0 2.48816e-05 9.1945e-06 0 2.76428e-05 9.95419e-06 0 3.08247e-05 1.07019e-05 0 3.45799e-05 1.14135e-05 0 8.61229e-06 1.82098e-06 0 1.16659e-05 -2.41243e-07 0 1.4347e-05 -1.87098e-06 0 1.6782e-05 -3.20104e-06 0 1.9077e-05 -4.33597e-06 0 2.13252e-05 -5.35706e-06 0 2.36142e-05 -6.32668e-06 0 2.60327e-05 -7.29199e-06 0 2.86768e-05 -8.28785e-06 0 3.16574e-05 -9.33929e-06 0 3.51076e-05 -1.0464e-05 0 3.91915e-05 -1.16747e-05 0 8.61229e-06 -1.82098e-06 0 1.16659e-05 2.41243e-07 0 1.4347e-05 1.87098e-06 0 1.6782e-05 3.20104e-06 0 1.9077e-05 4.33597e-06 0 2.13252e-05 5.35706e-06 0 2.36142e-05 6.32668e-06 0 2.60327e-05 7.29199e-06 0 2.86768e-05 8.28785e-06 0 3.16574e-05 9.33929e-06 0 3.51076e-05 1.0464e-05 0 3.91915e-05 1.16747e-05 0 1.14466e-05 5.02983e-06 0 1.47466e-05 2.55114e-06 0 1.76209e-05 5.85862e-07 0 2.02105e-05 -1.01761e-06 0 2.26349e-05 -2.38141e-06 0 2.4999e-05 -3.60414e-06 0 2.74008e-05 -4.76602e-06 0 2.99381e-05 -5.93331e-06 0 3.27152e-05 -7.16227e-06 0 3.58493e-05 -8.50286e-06 0 3.94787e-05 -1.00023e-05 0 4.37698e-05 -1.17092e-05 0 1.14466e-05 -5.02983e-06 0 1.47466e-05 -2.55114e-06 0 1.76209e-05 -5.85862e-07 0 2.02105e-05 1.01761e-06 0 2.26349e-05 2.38141e-06 0 2.4999e-05 3.60414e-06 0 2.74008e-05 4.76602e-06 0 2.99381e-05 5.93331e-06 0 3.27152e-05 7.16227e-06 0 3.58493e-05 8.50286e-06 0 3.94787e-05 1.00023e-05 0 4.37698e-05 1.17092e-05 0 1.49685e-05 8.21359e-06 0 1.84117e-05 5.3528e-06 0 2.13994e-05 3.0799e-06 0 2.40817e-05 1.22584e-06 0 2.65854e-05 -3.47876e-07 0 2.90223e-05 -1.75595e-06 0 3.14957e-05 -3.09527e-06 0 3.41071e-05 -4.45011e-06 0 3.69633e-05 -5.89702e-06 0 4.0182e-05 -7.50942e-06 0 4.3899e-05 -9.36236e-06 0 4.82754e-05 -1.15375e-05 0 1.49685e-05 -8.21359e-06 0 1.84117e-05 -5.3528e-06 0 2.13994e-05 -3.0799e-06 0 2.40817e-05 -1.22584e-06 0 2.65854e-05 3.47876e-07 0 2.90223e-05 1.75595e-06 0 3.14957e-05 3.09527e-06 0 3.41071e-05 4.45011e-06 0 3.69633e-05 5.89702e-06 0 4.0182e-05 7.50942e-06 0 4.3899e-05 9.36236e-06 0 4.82754e-05 1.15375e-05 0 1.91288e-05 1.11962e-05 0 2.26145e-05 8.00697e-06 0 2.56375e-05 5.46966e-06 0 2.83507e-05 3.40023e-06 0 3.08837e-05 1.64604e-06 0 3.33495e-05 7.83267e-08 0 3.58521e-05 -1.41448e-06 0 3.84922e-05 -2.93268e-06 0 4.13733e-05 -4.57089e-06 0 4.4608e-05 -6.42348e-06 0 4.83236e-05 -8.59017e-06 0 5.26684e-05 -1.11819e-05 0 1.91288e-05 -1.11962e-05 0 2.26145e-05 -8.00697e-06 0 2.56375e-05 -5.46966e-06 0 2.83507e-05 -3.40023e-06 0 3.08837e-05 -1.64604e-06 0 3.33495e-05 -7.83267e-08 0 3.58521e-05 1.41448e-06 0 3.84922e-05 2.93268e-06 0 4.13733e-05 4.57089e-06 0 4.4608e-05 6.42348e-06 0 4.83236e-05 8.59017e-06 0 5.26684e-05 1.11819e-05 0 2.38413e-05 1.38134e-05 0 2.72759e-05 1.03671e-05 0 3.02608e-05 7.62263e-06 0 3.29467e-05 5.38443e-06 0 3.54609e-05 3.48882e-06 0 3.79135e-05 1.79582e-06 0 4.04046e-05 1.81935e-07 0 4.30293e-05 -1.4663e-06 0 4.58839e-05 -3.25851e-06 0 4.90704e-05 -5.30651e-06 0 5.27021e-05 -7.73058e-06 0 5.69086e-05 -1.06661e-05 0 2.38413e-05 -1.38134e-05 0 2.72759e-05 -1.03671e-05 0 3.02608e-05 -7.62263e-06 0 3.29467e-05 -5.38443e-06 0 3.54609e-05 -3.48882e-06 0 3.79135e-05 -1.79582e-06 0 4.04046e-05 -1.81935e-07 0 4.30293e-05 1.4663e-06 0 4.58839e-05 3.25851e-06 0 4.90704e-05 5.30651e-06 0 5.27021e-05 7.73058e-06 0 5.69086e-05 1.06661e-05 0 2.89863e-05 1.59205e-05 0 3.22872e-05 1.23037e-05 0 3.51689e-05 9.42139e-06 0 3.77755e-05 7.07083e-06 0 4.02276e-05 5.08117e-06 0 4.26287e-05 3.30474e-06 0 4.5071e-05 1.60959e-06 0 4.76406e-05 -1.27387e-07 0 5.04223e-05 -2.02703e-06 0 5.35037e-05 -4.21434e-06 0 5.69794e-05 -6.82519e-06 0 6.09555e-05 -1.00135e-05 0 2.89863e-05 -1.59205e-05 0 3.22872e-05 -1.23037e-05 0 3.51689e-05 -9.42139e-06 0 3.77755e-05 -7.07083e-06 0 4.02276e-05 -5.08117e-06 0 4.26287e-05 -3.30474e-06 0 4.5071e-05 -1.60959e-06 0 4.76406e-05 1.27387e-07 0 5.04223e-05 2.02703e-06 0 5.35037e-05 4.21434e-06 0 5.69794e-05 6.82519e-06 0 6.09555e-05 1.00135e-05 0 3.44166e-05 1.7399e-05 0 3.75154e-05 1.37103e-05 0 4.02399e-05 1.0769e-05 0 4.27236e-05 8.37024e-06 0 4.50772e-05 6.34047e-06 0 4.73941e-05 4.52847e-06 0 4.9756e-05 2.7978e-06 0 5.22368e-05 1.01974e-06 0 5.49067e-05 -9.33388e-07 0 5.78359e-05 -3.19495e-06 0 6.1097e-05 -5.91086e-06 0 6.47689e-05 -9.24709e-06 0 3.44166e-05 -1.7399e-05 0 3.75154e-05 -1.37103e-05 0 4.02399e-05 -1.0769e-05 0 4.27236e-05 -8.37024e-06 0 4.50772e-05 -6.34047e-06 0 4.73941e-05 -4.52847e-06 0 4.9756e-05 -2.7978e-06 0 5.22368e-05 -1.01974e-06 0 5.49067e-05 9.33388e-07 0 5.78359e-05 3.19495e-06 0 6.1097e-05 5.91086e-06 0 6.47689e-05 9.24709e-06 0 3.99636e-05 1.81622e-05 0 4.2809e-05 1.45082e-05 0 4.53355e-05 1.15932e-05 0 4.76631e-05 9.21572e-06 0 4.98901e-05 7.20435e-06 0 5.20977e-05 5.40879e-06 0 5.43545e-05 3.69244e-06 0 5.67204e-05 1.92543e-06 0 5.92491e-05 -2.21225e-08 0 6.19908e-05 -2.28671e-06 0 6.49944e-05 -5.01838e-06 0 6.83092e-05 -8.38822e-06 0 3.99636e-05 -1.81622e-05 0 4.2809e-05 -1.45082e-05 0 4.53355e-05 -1.15932e-05 0 4.76631e-05 -9.21572e-06 0 4.98901e-05 -7.20435e-06 0 5.20977e-05 -5.40879e-06 0 5.43545e-05 -3.69244e-06 0 5.67204e-05 -1.92543e-06 0 5.92491e-05 2.21225e-08 0 6.19908e-05 2.28671e-06 0 6.49944e-05 5.01838e-06 0 6.83092e-05 8.38822e-06 0 4.54458e-05 1.81588e-05 0 4.80052e-05 1.46499e-05 0 5.03074e-05 1.18495e-05 0 5.24575e-05 9.56537e-06 0 5.45394e-05 7.6331e-06 0 5.66209e-05 5.90806e-06 0 5.87563e-05 4.25799e-06 0 6.099e-05 2.55641e-06 0 6.33582e-05 6.76117e-07 0 6.58905e-05 -1.51718e-06 0 6.86108e-05 -4.1716e-06 0 7.1538e-05 -7.45628e-06 0 4.54458e-05 -1.81588e-05 0 4.80052e-05 -1.46499e-05 0 5.03074e-05 -1.18495e-05 0 5.24575e-05 -9.56537e-06 0 5.45394e-05 -7.6331e-06 0 5.66209e-05 -5.90806e-06 0 5.87563e-05 -4.25799e-06 0 6.099e-05 -2.55641e-06 0 6.33582e-05 -6.76117e-07 0 6.58905e-05 1.51718e-06 0 6.86108e-05 4.1716e-06 0 7.1538e-05 7.45628e-06 0 5.06764e-05 1.73753e-05 0 5.29367e-05 1.41212e-05 0 5.50039e-05 1.15232e-05 0 5.69672e-05 9.40388e-06 0 5.88959e-05 7.61115e-06 0 6.08435e-05 6.01052e-06 0 6.28498e-05 4.47859e-06 0 6.49436e-05 2.89679e-06 0 6.71433e-05 1.14538e-06 0 6.9458e-05 -9.0245e-07 0 7.18868e-05 -3.3869e-06 0 7.44192e-05 -6.46826e-06 0 5.06764e-05 -1.73753e-05 0 5.29367e-05 -1.41212e-05 0 5.50039e-05 -1.15232e-05 0 5.69672e-05 -9.40388e-06 0 5.88959e-05 -7.61115e-06 0 6.08435e-05 -6.01052e-06 0 6.28498e-05 -4.47859e-06 0 6.49436e-05 -2.89679e-06 0 6.71433e-05 -1.14538e-06 0 6.9458e-05 9.0245e-07 0 7.18868e-05 3.3869e-06 0 7.44192e-05 6.46826e-06 0 5.54721e-05 1.5836e-05 0 5.74396e-05 1.29409e-05 0 5.92765e-05 1.06289e-05 0 6.10561e-05 8.74276e-06 0 6.28337e-05 7.14718e-06 0 6.46488e-05 5.72244e-06 0 6.65274e-05 4.35821e-06 0 6.84829e-05 2.94815e-06 0 7.05172e-05 1.38454e-06 0 7.26196e-05 -4.46984e-07 0 7.47666e-05 -2.67306e-06 0 7.69194e-05 -5.43858e-06 0 5.54721e-05 -1.5836e-05 0 5.74396e-05 -1.29409e-05 0 5.92765e-05 -1.06289e-05 0 6.10561e-05 -8.74276e-06 0 6.28337e-05 -7.14718e-06 0 6.46488e-05 -5.72244e-06 0 6.65274e-05 -4.35821e-06 0 6.84829e-05 -2.94815e-06 0 7.05172e-05 -1.38454e-06 0 7.26196e-05 4.46984e-07 0 7.47666e-05 2.67306e-06 0 7.69194e-05 5.43858e-06 0 5.96613e-05 1.3602e-05 0 6.13606e-05 1.11606e-05 0 6.29862e-05 9.21046e-06 0 6.45972e-05 7.61932e-06 0 6.62356e-05 6.27329e-06 0 6.79285e-05 5.07126e-06 0 6.96889e-05 3.91986e-06 0 7.15171e-05 2.72886e-06 0 7.33994e-05 1.40669e-06 0 7.53081e-05 -1.44097e-07 0 7.71989e-05 -2.03147e-06 0 7.90087e-05 -4.37907e-06 0 5.96613e-05 -1.3602e-05 0 6.13606e-05 -1.11606e-05 0 6.29862e-05 -9.21046e-06 0 6.45972e-05 -7.61932e-06 0 6.62356e-05 -6.27329e-06 0 6.79285e-05 -5.07126e-06 0 6.96889e-05 -3.91986e-06 0 7.15171e-05 -2.72886e-06 0 7.33994e-05 -1.40669e-06 0 7.53081e-05 1.44097e-07 0 7.71989e-05 2.03147e-06 0 7.90087e-05 4.37907e-06 0 6.30916e-05 1.07675e-05 0 6.45638e-05 8.86085e-06 0 6.60103e-05 7.33752e-06 0 6.74781e-05 6.09451e-06 0 6.89981e-05 5.04294e-06 0 7.05868e-05 4.10379e-06 0 7.22466e-05 3.20394e-06 0 7.39663e-05 2.27263e-06 0 7.57197e-05 1.2379e-06 0 7.74646e-05 2.3104e-08 0 7.91397e-05 -1.45676e-06 0 8.06615e-05 -3.29908e-06 0 6.30916e-05 -1.07675e-05 0 6.45638e-05 -8.86085e-06 0 6.60103e-05 -7.33752e-06 0 6.74781e-05 -6.09451e-06 0 6.89981e-05 -5.04294e-06 0 7.05868e-05 -4.10379e-06 0 7.22466e-05 -3.20394e-06 0 7.39663e-05 -2.27263e-06 0 7.57197e-05 -1.2379e-06 0 7.74646e-05 -2.3104e-08 0 7.91397e-05 1.45676e-06 0 8.06615e-05 3.29908e-06 0 6.56369e-05 7.45585e-06 0 6.69367e-05 6.14776e-06 0 6.8247e-05 5.10253e-06 0 6.96058e-05 4.24958e-06 0 7.10356e-05 3.52798e-06 0 7.25448e-05 2.88348e-06 0 7.41279e-05 2.26583e-06 0 7.57649e-05 1.62633e-06 0 7.74203e-05 9.15435e-07 0 7.90409e-05 8.02939e-08 0 8.05529e-05 -9.37725e-07 0 8.18573e-05 -2.20581e-06 0 6.56369e-05 -7.45585e-06 0 6.69367e-05 -6.14776e-06 0 6.8247e-05 -5.10253e-06 0 6.96058e-05 -4.24958e-06 0 7.10356e-05 -3.52798e-06 0 7.25448e-05 -2.88348e-06 0 7.41279e-05 -2.26583e-06 0 7.57649e-05 -1.62633e-06 0 7.74203e-05 -9.15435e-07 0 7.90409e-05 -8.02939e-08 0 8.05529e-05 9.37725e-07 0 8.18573e-05 2.20581e-06 0 6.72031e-05 3.81279e-06 0 6.83951e-05 3.14746e-06 0 6.96204e-05 2.61579e-06 0 7.0911e-05 2.1819e-06 0 7.22844e-05 1.81483e-06 0 7.37439e-05 1.48696e-06 0 7.52789e-05 1.17271e-06 0 7.68642e-05 8.4728e-07 0 7.84583e-05 4.85395e-07 0 8.00014e-05 6.01075e-08 0 8.14117e-05 -4.58498e-07 0 8.2581e-05 -1.1047e-06 0 6.72031e-05 -3.81279e-06 0 6.83951e-05 -3.14746e-06 0 6.96204e-05 -2.61579e-06 0 7.0911e-05 -2.1819e-06 0 7.22844e-05 -1.81483e-06 0 7.37439e-05 -1.48696e-06 0 7.52789e-05 -1.17271e-06 0 7.68642e-05 -8.4728e-07 0 7.84583e-05 -4.85395e-07 0 8.00014e-05 -6.01075e-08 0 8.14117e-05 4.58498e-07 0 8.2581e-05 1.1047e-06 0 6.77317e-05 0 0 6.88871e-05 0 0 7.00834e-05 0 0 7.13509e-05 0 0 7.27051e-05 0 0 7.41477e-05 0 0 7.56663e-05 0 0 7.7234e-05 0 0 7.88073e-05 0 0 8.0324e-05 0 0 8.16998e-05 0 0 8.28233e-05 0 0 
Thickness 1 1200 float
0.1 0.1 0.1 0.1 0.1 0.1 0.1 0.1 0.1 0.1 0.1 0.1 0.1 0.1 0.1 0.1 0.1 0.1 0.1 0.1 0.1 0.1 0.1 0.1 0.1 0.1 0.1 0.1 0.1 0.1 0.1 0.1 0.1 0.1 0.1 0.1 0.1 0.1 0.1 0.1 0.1 0.1 0.1 0.1 0.1 0.1 0.1 0.1 0.1 0.1 0.1 0.1 0.1 0.1 0.1 0.1 0.1 0.1 0.1 0.1 0.1 0.1 0.1 0.1 0.1 0.1 0.1 0.1 0.1 0.1 0.1 0.1 0.1 0.1 0.1 0.1 0.1 0.1 0.1 0.1 0.1 0.1 0.1 0.1 0.1 0.1 0.1 0.1 0.1 0.1 0.1 0.1 0.1 0.1 0.1 0.1 0.1 0.1 0.1 0.1 0.1 0.1 0.1 0.1 0.1 0.1 0.1 0.1 0.1 0.1 0.1 0.1 0.1 0.1 0.1 0.1 0.1 0.1 0.1 0.1 0.1 0.1 0.1 0.1 0.1 0.1 0.1 0.1 0.1 0.1 0.1 0.1 0.1 0.1 0.1 0.1 0.1 0.1 0.1 0.1 0.1 0.1 0.1 0.1 0.1 0.1 0.1 0.1 0.1 0.1 0.1 0.1 0.1 0.1 0.1 0.1 0.1 0.1 0.1 0.1 0.1 0.1 0.1 0.1 0.1 0.1 0.1 0.1 0.1 0.1 0.1 0.1 0.1 0.1 0.1 0.1 0.1 0.1 0.1 0.1 0.1 0.1 0.1 0.1 0.1 0.1 0.1 0.1 0.1 0.1 0.1 0.1 0.1 0.1 0.1 0.1 0.1 0.1 0.1 0.1 0.1 0.1 0.1 0.1 0.1 0.1 0.1 0.1 0.1 0.1 0.1 0.1 0.1 0.1 0.1 0.1 0.1 0.1 0.1 0.1 0.1 0.1 0.1 0.1 0.1 0.1 0.1 0.1 0.1 0.1 0.1 0.1 0.1 0.1 0.1 0.1 0.1 0.1 0.1 0.1 0.1 0.1 0.1 0.1 0.1 0.1 0.1 0.1 0.1 0.1 0.1 0.1 0.1 0.1 0.1 0.1 0.1 0.1 0.1 0.1 0.1 0.1 0.1 0.1 0.1 0.1 0.1 0.1 0.1 0.1 0.1 0.1 0.1 0.1 0.1 0.1 0.1 0.1 0.1 0.1 0.1 0.1 0.1 0.1 0.1 0.1 0.1 0.1 0.1 0.1 0.1 0.1 0.1 0.1 0.1 0.1 0.1 0.1 0.1 0.1 0.1 0.1 0.1 0.1 0.1 0.1 0.1 0.1 0.1 0.1 0.1 0.1 0.1 0.1 0.1 0.1 0.1 0.1 0.1 0.1 0.1 0.1 0.1 0.1 0.1 0.1 0.1 0.1 0.1 0.1 0.1 0.1 0.1 0.1 0.1 0.1 0.1 0.1 0.1 0.1 0.1 0.1 0.1 0.1 0.1 0.1 0.1 0.1 0.1 0.1 0.1 0.1 0.1 0.1 0.1 0.1 0.1 0.1 0.1 0.1 0.1 0.1 0.1 0.1 0.1 0.1 0.1 0.1 0.1 0.1 0.1 0.1 0.1 0.1 0.1 0.1 0.1 0.1 0.1 0.1 0.1 0.1 0.1 0.1 0.1 0.1 0.1 0.1 0.1 0.1 0.1 0.1 0.1 0.1 0.1 0.1 0.1 0.1 0.1 0.1 0.1 0.1 0.1 0.1 0.1 0.1 0.1 0.1 0.1 0.1 0.1 0.1 0.1 0.1 0.1 0.1 0.1 0.1 0.1 0.1 0.1 0.1 0.1 0.1 0.1 0.1 0.1 0.1 0.1 0.1 0.1 0.1 0.1 0.1 0.1 0.1 0.1 0.1 0.1 0.1 0.1 0.1 0.1 0.1 0.1 0.1 0.1 0.1 0.1 0.1 0.1 0.1 0.1 0.1 0.1 0.1 0.1 0.1 0.1 0.1 0.1 0.1 0.1 0.1 0.1 0.1 0.1 0.1 0.1 0.1 0.1 0.1 0.1 0.1 0.1 0.1 0.1 0.1 0.1 0.1 0.1 0.1 0.1 0.1 0.1 0.1 0.1 0.1 0.1 0.1 0.1 0.1 0.1 0.1 0.1 0.1 0.1 0.1 0.1 0.1 0.1 0.1 0.1 0.1 0.1 0.1 0.1 0.1 0.1 0.1 0.1 0.1 0.1 0.1 0.1 0.1 0.1 0.1 0.1 0.1 0.1 0.1 0.1 0.1 0.1 0.1 0.1 0.1 0.1 0.1 0.1 0.1 0.1 0.1 0.1 0.1 0.1 0.1 0.1 0.1 0.1 0.1 0.1 0.1 0.1 0.1 0.1 0.1 0.1 0.1 0.1 0.1 0.1 0.1 0.1 0.1 0.1 0.1 0.1 0.1 0.1 0.1 0.1 0.1 0.1 0.1 0.1 0.1 0.1 0.1 0.1 0.1 0.1 0.1 0.1 0.1 0.1 0.1 0.1 0.1 0.1 0.1 0.1 0.1 0.1 0.1 0.1 0.1 0.1 0.1 0.1 0.1 0.1 0.1 0.1 0.1 0.1 0.1 0.1 0.1 0.1 0.1 0.1 0.1 0.1 0.1 0.1 0.1 0.1 0.1 0.1 0.1 0.1 0.1 0.1 0.1 0.1 0.1 0.1 0.1 0.1 0.1 0.1 0.1 0.1 0.1 0.1 0.1 0.1 0.1 0.1 0.1 0.1 0.1 0.1 0.1 0.1 0.1 0.1 0.1 0.1 0.1 0.1 0.1 0.1 0.1 0.1 0.1 0.1 0.1 0.1 0.1 0.1 0.1 0.1 0.1 0.1 0.1 0.1 0.1 0.1 0.1 0.1 0.1 0.1 0.1 0.1 0.1 0.1 0.1 0.1 0.1 0.1 0.1 0.1 0.1 0.1 0.1 0.1 0.1 0.1 0.1 0.1 0.1 0.1 0.1 0.1 0.1 0.1 0.1 0.1 0.1 0.1 0.1 0.1 0.1 0.1 0.1 0.1 0.1 0.1 0.1 0.1 0.1 0.1 0.1 0.1 0.1 0.1 0.1 0.1 0.1 0.1 0.1 0.1 0.1 0.1 0.1 0.1 0.1 0.1 0.1 0.1 0.1 0.1 0.1 0.1 0.1 0.1 0.1 0.1 0.1 0.1 0.1 0.1 0.1 0.1 0.1 0.1 0.1 0.1 0.1 0.1 0.1 0.1 0.1 0.1 0.1 0.1 0.1 0.1 0.1 0.1 0.1 0.1 0.1 0.1 0.1 0.1 0.1 0.1 0.1 0.1 0.1 0.1 0.1 0.1 0.1 0.1 0.1 0.1 0.1 0.1 0.1 0.1 0.1 0.1 0.1 0.1 0.1 0.1 0.1 0.1 0.1 0.1 0.1 0.1 0.1 0.1 0.1 0.1 0.1 0.1 0.1 0.1 0.1 0.1 0.1 0.1 0.1 0.1 0.1 0.1 0.1 0.1 0.1 0.1 0.1 0.1 0.1 0.1 0.1 0.1 0.1 0.1 0.1 0.1 0.1 0.1 0.1 0.1 0.1 0.1 0.1 0.1 0.1 0.1 0.1 0.1 0.1 0.1 0.1 0.1 0.1 0.1 0.1 0.1 0.1 0.1 0.1 0.1 0.1 0.1 0.1 0.1 0.1 0.1 0.1 0.1 0.1 0.1 0.1 0.1 0.1 0.1 0.1 0.1 0.1 0.1 0.1 0.1 0.1 0.1 0.1 0.1 0.1 0.1 0.1 0.1 0.1 0.1 0.1 0.1 0.1 0.1 0.1 0.1 0.1 0.1 0.1 0.1 0.1 0.1 0.1 0.1 0.1 0.1 0.1 0.1 0.1 0.1 0.1 0.1 0.1 0.1 0.1 0.1 0.1 0.1 0.1 0.1 0.1 0.1 0.1 0.1 0.1 0.1 0.1 0.1 0.1 0.1 0.1 0.1 0.1 0.1 0.1 0.1 0.1 0.1 0.1 0.1 0.1 0.1 0.1 0.1 0.1 0.1 0.1 0.1 0.1 0.1 0.1 0.1 0.1 0.1 0.1 0.1 0.1 0.1 0.1 0.1 0.1 0.1 0.1 0.1 0.1 0.1 0.1 0.1 0.1 0.1 0.1 0.1 0.1 0.1 0.1 0.1 0.1 0.1 0.1 0.1 0.1 0.1 0.1 0.1 0.1 0.1 0.1 0.1 0.1 0.1 0.1 0.1 0.1 0.1 0.1 0.1 0.1 0.1 0.1 0.1 0.1 0.1 0.1 0.1 0.1 0.1 0.1 0.1 0.1 0.1 0.1 0.1 0.1 0.1 0.1 0.1 0.1 0.1 0.1 0.1 0.1 0.1 0.1 0.1 0.1 0.1 0.1 0.1 0.1 0.1 0.1 0.1 0.1 0.1 0.1 0.1 0.1 0.1 0.1 0.1 0.1 0.1 0.1 0.1 0.1 0.1 0.1 0.1 0.1 0.1 0.1 0.1 0.1 0.1 0.1 0.1 0.1 0.1 0.1 0.1 0.1 0.1 0.1 0.1 0.1 0.1 0.1 0.1 0.1 0.1 0.1 0.1 0.1 0.1 0.1 0.1 0.1 0.1 0.1 0.1 0.1 0.1 0.1 0.1 0.1 0.1 0.1 0.1 0.1 0.1 0.1 0.1 0.1 0.1 0.1 0.1 0.1 0.1 0.1 0.1 0.1 0.1 0.1 0.1 0.1 0.1 0.1 0.1 0.1 0.1 0.1 0.1 0.1 0.1 0.1 0.1 0.1 0.1 0.1 0.1 0.1 0.1 0.1 0.1 0.1 0.1 0.1 0.1 0.1 0.1 0.1 0.1 0.1 0.1 0.1 0.1 0.1 0.1 0.1 0.1 0.1 0.1 0.1 0.1 0.1 0.1 0.1 0.1 0.1 0.1 0.1 0.1 0.1 0.1 0.1 0.1 0.1 0.1 0.1 0.1 0.1 0.1 0.1 0.1 0.1 0.1 0.1 0.1 0.1 0.1 0.1 0.1 0.1 0.1 0.1 0.1 0.1 0.1 0.1 0.1 0.1 0.1 0.1 0.1 0.1 0.1 0.1 0.1 0.1 0.1 0.1 0.1 0.1 0.1 0.1 0.1 0.1 0.1 0.1 0.1 0.1 0.1 0.1 0.1 0.1 0.1 0.1 0.1 0.1 0.1 0.1 0.1 0.1 0.1 0.1 0.1 0.1 0.1 0.1 