<?xml version="1.0"?>
<VTKFile type="UnstructuredGrid" version="0.1" byte_order="LittleEndian" header_type="UInt64" >
	<UnstructuredGrid>
		<Piece NumberOfPoints="4545" NumberOfCells="4400">
			<PointData>
				<DataArray type="UInt32" Name="NodeID" NumberOfComponents="1" format="ascii" >
0 1 2 3 4 5 6 7 8 9 10 11 12 13 14 15 16 17 18 19 20 21 22 23 24 25 26 27 28 29 30 31 32 33 34 35 36 37 38 39 40 41 42 43 44 45 46 47 48 49 50 51 52 53 54 55 56 57 58 59 60 61 62 63 64 65 66 67 68 69 70 71 72 73 74 75 76 77 78 79 80 81 82 83 84 85 86 87 88 89 90 91 92 93 94 95 96 97 98 99 100 101 102 103 104 105 106 107 108 109 110 111 112 113 114 115 116 117 118 119 120 121 122 123 124 125 126 127 128 129 130 131 132 133 134 135 136 137 138 139 140 141 142 143 144 145 146 147 148 149 150 151 152 153 154 155 156 157 158 159 160 161 162 163 164 165 166 167 168 169 170 171 172 173 174 175 176 177 178 179 180 181 182 183 184 185 186 187 188 189 190 191 192 193 194 195 196 197 198 199 200 201 202 203 204 205 206 207 208 209 210 211 212 213 214 215 216 217 218 219 220 221 222 223 224 225 226 227 228 229 230 231 232 233 234 235 236 237 238 239 240 241 242 243 244 245 246 247 248 249 250 251 252 253 254 255 256 257 258 259 260 261 262 263 264 265 266 267 268 269 270 271 272 273 274 275 276 277 278 279 280 281 282 283 284 285 286 287 288 289 290 291 292 293 294 295 296 297 298 299 300 301 302 303 304 305 306 307 308 309 310 311 312 313 314 315 316 317 318 319 320 321 322 323 324 325 326 327 328 329 330 331 332 333 334 335 336 337 338 339 340 341 342 343 344 345 346 347 348 349 350 351 352 353 354 355 356 357 358 359 360 361 362 363 364 365 366 367 368 369 370 371 372 373 374 375 376 377 378 379 380 381 382 383 384 385 386 387 388 389 390 391 392 393 394 395 396 397 398 399 400 401 402 403 404 405 406 407 408 409 410 411 412 413 414 415 416 417 418 419 420 421 422 423 424 425 426 427 428 429 430 431 432 433 434 435 436 437 438 439 440 441 442 443 444 445 446 447 448 449 450 451 452 453 454 455 456 457 458 459 460 461 462 463 464 465 466 467 468 469 470 471 472 473 474 475 476 477 478 479 480 481 482 483 484 485 486 487 488 489 490 491 492 493 494 495 496 497 498 499 500 501 502 503 504 505 506 507 508 509 510 511 512 513 514 515 516 517 518 519 520 521 522 523 524 525 526 527 528 529 530 531 532 533 534 535 536 537 538 539 540 541 542 543 544 545 546 547 548 549 550 551 552 553 554 555 556 557 558 559 560 561 562 563 564 565 566 567 568 569 570 571 572 573 574 575 576 577 578 579 580 581 582 583 584 585 586 587 588 589 590 591 592 593 594 595 596 597 598 599 600 601 602 603 604 605 606 607 608 609 610 611 612 613 614 615 616 617 618 619 620 621 622 623 624 625 626 627 628 629 630 631 632 633 634 635 636 637 638 639 640 641 642 643 644 645 646 647 648 649 650 651 652 653 654 655 656 657 658 659 660 661 662 663 664 665 666 667 668 669 670 671 672 673 674 675 676 677 678 679 680 681 682 683 684 685 686 687 688 689 690 691 692 693 694 695 696 697 698 699 700 701 702 703 704 705 706 707 708 709 710 711 712 713 714 715 716 717 718 719 720 721 722 723 724 725 726 727 728 729 730 731 732 733 734 735 736 737 738 739 740 741 742 743 744 745 746 747 748 749 750 751 752 753 754 755 756 757 758 759 760 761 762 763 764 765 766 767 768 769 770 771 772 773 774 775 776 777 778 779 780 781 782 783 784 785 786 787 788 789 790 791 792 793 794 795 796 797 798 799 800 801 802 803 804 805 806 807 808 809 810 811 812 813 814 815 816 817 818 819 820 821 822 823 824 825 826 827 828 829 830 831 832 833 834 835 836 837 838 839 840 841 842 843 844 845 846 847 848 849 850 851 852 853 854 855 856 857 858 859 860 861 862 863 864 865 866 867 868 869 870 871 872 873 874 875 876 877 878 879 880 881 882 883 884 885 886 887 888 889 890 891 892 893 894 895 896 897 898 899 900 901 902 903 904 905 906 907 908 909 910 911 912 913 914 915 916 917 918 919 920 921 922 923 924 925 926 927 928 929 930 931 932 933 934 935 936 937 938 939 940 941 942 943 944 945 946 947 948 949 950 951 952 953 954 955 956 957 958 959 960 961 962 963 964 965 966 967 968 969 970 971 972 973 974 975 976 977 978 979 980 981 982 983 984 985 986 987 988 989 990 991 992 993 994 995 996 997 998 999 1000 1001 1002 1003 1004 1005 1006 1007 1008 1009 1010 1011 1012 1013 1014 1015 1016 1017 1018 1019 1020 1021 1022 1023 1024 1025 1026 1027 1028 1029 1030 1031 1032 1033 1034 1035 1036 1037 1038 1039 1040 1041 1042 1043 1044 1045 1046 1047 1048 1049 1050 1051 1052 1053 1054 1055 1056 1057 1058 1059 1060 1061 1062 1063 1064 1065 1066 1067 1068 1069 1070 1071 1072 1073 1074 1075 1076 1077 1078 1079 1080 1081 1082 1083 1084 1085 1086 1087 1088 1089 1090 1091 1092 1093 1094 1095 1096 1097 1098 1099 1100 1101 1102 1103 1104 1105 1106 1107 1108 1109 1110 1111 1112 1113 1114 1115 1116 1117 1118 1119 1120 1121 1122 1123 1124 1125 1126 1127 1128 1129 1130 1131 1132 1133 1134 1135 1136 1137 1138 1139 1140 1141 1142 1143 1144 1145 1146 1147 1148 1149 1150 1151 1152 1153 1154 1155 1156 1157 1158 1159 1160 1161 1162 1163 1164 1165 1166 1167 1168 1169 1170 1171 1172 1173 1174 1175 1176 1177 1178 1179 1180 1181 1182 1183 1184 1185 1186 1187 1188 1189 1190 1191 1192 1193 1194 1195 1196 1197 1198 1199 1200 1201 1202 1203 1204 1205 1206 1207 1208 1209 1210 1211 1212 1213 1214 1215 1216 1217 1218 1219 1220 1221 1222 1223 1224 1225 1226 1227 1228 1229 1230 1231 1232 1233 1234 1235 1236 1237 1238 1239 1240 1241 1242 1243 1244 1245 1246 1247 1248 1249 1250 1251 1252 1253 1254 1255 1256 1257 1258 1259 1260 1261 1262 1263 1264 1265 1266 1267 1268 1269 1270 1271 1272 1273 1274 1275 1276 1277 1278 1279 1280 1281 1282 1283 1284 1285 1286 1287 1288 1289 1290 1291 1292 1293 1294 1295 1296 1297 1298 1299 1300 1301 1302 1303 1304 1305 1306 1307 1308 1309 1310 1311 1312 1313 1314 1315 1316 1317 1318 1319 1320 1321 1322 1323 1324 1325 1326 1327 1328 1329 1330 1331 1332 1333 1334 1335 1336 1337 1338 1339 1340 1341 1342 1343 1344 1345 1346 1347 1348 1349 1350 1351 1352 1353 1354 1355 1356 1357 1358 1359 1360 1361 1362 1363 1364 1365 1366 1367 1368 1369 1370 1371 1372 1373 1374 1375 1376 1377 1378 1379 1380 1381 1382 1383 1384 1385 1386 1387 1388 1389 1390 1391 1392 1393 1394 1395 1396 1397 1398 1399 1400 1401 1402 1403 1404 1405 1406 1407 1408 1409 1410 1411 1412 1413 1414 1415 1416 1417 1418 1419 1420 1421 1422 1423 1424 1425 1426 1427 1428 1429 1430 1431 1432 1433 1434 1435 1436 1437 1438 1439 1440 1441 1442 1443 1444 1445 1446 1447 1448 1449 1450 1451 1452 1453 1454 1455 1456 1457 1458 1459 1460 1461 1462 1463 1464 1465 1466 1467 1468 1469 1470 1471 1472 1473 1474 1475 1476 1477 1478 1479 1480 1481 1482 1483 1484 1485 1486 1487 1488 1489 1490 1491 1492 1493 1494 1495 1496 1497 1498 1499 1500 1501 1502 1503 1504 1505 1506 1507 1508 1509 1510 1511 1512 1513 1514 1515 1516 1517 1518 1519 1520 1521 1522 1523 1524 1525 1526 1527 1528 1529 1530 1531 1532 1533 1534 1535 1536 1537 1538 1539 1540 1541 1542 1543 1544 1545 1546 1547 1548 1549 1550 1551 1552 1553 1554 1555 1556 1557 1558 1559 1560 1561 1562 1563 1564 1565 1566 1567 1568 1569 1570 1571 1572 1573 1574 1575 1576 1577 1578 1579 1580 1581 1582 1583 1584 1585 1586 1587 1588 1589 1590 1591 1592 1593 1594 1595 1596 1597 1598 1599 1600 1601 1602 1603 1604 1605 1606 1607 1608 1609 1610 1611 1612 1613 1614 1615 1616 1617 1618 1619 1620 1621 1622 1623 1624 1625 1626 1627 1628 1629 1630 1631 1632 1633 1634 1635 1636 1637 1638 1639 1640 1641 1642 1643 1644 1645 1646 1647 1648 1649 1650 1651 1652 1653 1654 1655 1656 1657 1658 1659 1660 1661 1662 1663 1664 1665 1666 1667 1668 1669 1670 1671 1672 1673 1674 1675 1676 1677 1678 1679 1680 1681 1682 1683 1684 1685 1686 1687 1688 1689 1690 1691 1692 1693 1694 1695 1696 1697 1698 1699 1700 1701 1702 1703 1704 1705 1706 1707 1708 1709 1710 1711 1712 1713 1714 1715 1716 1717 1718 1719 1720 1721 1722 1723 1724 1725 1726 1727 1728 1729 1730 1731 1732 1733 1734 1735 1736 1737 1738 1739 1740 1741 1742 1743 1744 1745 1746 1747 1748 1749 1750 1751 1752 1753 1754 1755 1756 1757 1758 1759 1760 1761 1762 1763 1764 1765 1766 1767 1768 1769 1770 1771 1772 1773 1774 1775 1776 1777 1778 1779 1780 1781 1782 1783 1784 1785 1786 1787 1788 1789 1790 1791 1792 1793 1794 1795 1796 1797 1798 1799 1800 1801 1802 1803 1804 1805 1806 1807 1808 1809 1810 1811 1812 1813 1814 1815 1816 1817 1818 1819 1820 1821 1822 1823 1824 1825 1826 1827 1828 1829 1830 1831 1832 1833 1834 1835 1836 1837 1838 1839 1840 1841 1842 1843 1844 1845 1846 1847 1848 1849 1850 1851 1852 1853 1854 1855 1856 1857 1858 1859 1860 1861 1862 1863 1864 1865 1866 1867 1868 1869 1870 1871 1872 1873 1874 1875 1876 1877 1878 1879 1880 1881 1882 1883 1884 1885 1886 1887 1888 1889 1890 1891 1892 1893 1894 1895 1896 1897 1898 1899 1900 1901 1902 1903 1904 1905 1906 1907 1908 1909 1910 1911 1912 1913 1914 1915 1916 1917 1918 1919 1920 1921 1922 1923 1924 1925 1926 1927 1928 1929 1930 1931 1932 1933 1934 1935 1936 1937 1938 1939 1940 1941 1942 1943 1944 1945 1946 1947 1948 1949 1950 1951 1952 1953 1954 1955 1956 1957 1958 1959 1960 1961 1962 1963 1964 1965 1966 1967 1968 1969 1970 1971 1972 1973 1974 1975 1976 1977 1978 1979 1980 1981 1982 1983 1984 1985 1986 1987 1988 1989 1990 1991 1992 1993 1994 1995 1996 1997 1998 1999 2000 2001 2002 2003 2004 2005 2006 2007 2008 2009 2010 2011 2012 2013 2014 2015 2016 2017 2018 2019 2020 2021 2022 2023 2024 2025 2026 2027 2028 2029 2030 2031 2032 2033 2034 2035 2036 2037 2038 2039 2040 2041 2042 2043 2044 2045 2046 2047 2048 2049 2050 2051 2052 2053 2054 2055 2056 2057 2058 2059 2060 2061 2062 2063 2064 2065 2066 2067 2068 2069 2070 2071 2072 2073 2074 2075 2076 2077 2078 2079 2080 2081 2082 2083 2084 2085 2086 2087 2088 2089 2090 2091 2092 2093 2094 2095 2096 2097 2098 2099 2100 2101 2102 2103 2104 2105 2106 2107 2108 2109 2110 2111 2112 2113 2114 2115 2116 2117 2118 2119 2120 2121 2122 2123 2124 2125 2126 2127 2128 2129 2130 2131 2132 2133 2134 2135 2136 2137 2138 2139 2140 2141 2142 2143 2144 2145 2146 2147 2148 2149 2150 2151 2152 2153 2154 2155 2156 2157 2158 2159 2160 2161 2162 2163 2164 2165 2166 2167 2168 2169 2170 2171 2172 2173 2174 2175 2176 2177 2178 2179 2180 2181 2182 2183 2184 2185 2186 2187 2188 2189 2190 2191 2192 2193 2194 2195 2196 2197 2198 2199 2200 2201 2202 2203 2204 2205 2206 2207 2208 2209 2210 2211 2212 2213 2214 2215 2216 2217 2218 2219 2220 2221 2222 2223 2224 2225 2226 2227 2228 2229 2230 2231 2232 2233 2234 2235 2236 2237 2238 2239 2240 2241 2242 2243 2244 2245 2246 2247 2248 2249 2250 2251 2252 2253 2254 2255 2256 2257 2258 2259 2260 2261 2262 2263 2264 2265 2266 2267 2268 2269 2270 2271 2272 2273 2274 2275 2276 2277 2278 2279 2280 2281 2282 2283 2284 2285 2286 2287 2288 2289 2290 2291 2292 2293 2294 2295 2296 2297 2298 2299 2300 2301 2302 2303 2304 2305 2306 2307 2308 2309 2310 2311 2312 2313 2314 2315 2316 2317 2318 2319 2320 2321 2322 2323 2324 2325 2326 2327 2328 2329 2330 2331 2332 2333 2334 2335 2336 2337 2338 2339 2340 2341 2342 2343 2344 2345 2346 2347 2348 2349 2350 2351 2352 2353 2354 2355 2356 2357 2358 2359 2360 2361 2362 2363 2364 2365 2366 2367 2368 2369 2370 2371 2372 2373 2374 2375 2376 2377 2378 2379 2380 2381 2382 2383 2384 2385 2386 2387 2388 2389 2390 2391 2392 2393 2394 2395 2396 2397 2398 2399 2400 2401 2402 2403 2404 2405 2406 2407 2408 2409 2410 2411 2412 2413 2414 2415 2416 2417 2418 2419 2420 2421 2422 2423 2424 2425 2426 2427 2428 2429 2430 2431 2432 2433 2434 2435 2436 2437 2438 2439 2440 2441 2442 2443 2444 2445 2446 2447 2448 2449 2450 2451 2452 2453 2454 2455 2456 2457 2458 2459 2460 2461 2462 2463 2464 2465 2466 2467 2468 2469 2470 2471 2472 2473 2474 2475 2476 2477 2478 2479 2480 2481 2482 2483 2484 2485 2486 2487 2488 2489 2490 2491 2492 2493 2494 2495 2496 2497 2498 2499 2500 2501 2502 2503 2504 2505 2506 2507 2508 2509 2510 2511 2512 2513 2514 2515 2516 2517 2518 2519 2520 2521 2522 2523 2524 2525 2526 2527 2528 2529 2530 2531 2532 2533 2534 2535 2536 2537 2538 2539 2540 2541 2542 2543 2544 2545 2546 2547 2548 2549 2550 2551 2552 2553 2554 2555 2556 2557 2558 2559 2560 2561 2562 2563 2564 2565 2566 2567 2568 2569 2570 2571 2572 2573 2574 2575 2576 2577 2578 2579 2580 2581 2582 2583 2584 2585 2586 2587 2588 2589 2590 2591 2592 2593 2594 2595 2596 2597 2598 2599 2600 2601 2602 2603 2604 2605 2606 2607 2608 2609 2610 2611 2612 2613 2614 2615 2616 2617 2618 2619 2620 2621 2622 2623 2624 2625 2626 2627 2628 2629 2630 2631 2632 2633 2634 2635 2636 2637 2638 2639 2640 2641 2642 2643 2644 2645 2646 2647 2648 2649 2650 2651 2652 2653 2654 2655 2656 2657 2658 2659 2660 2661 2662 2663 2664 2665 2666 2667 2668 2669 2670 2671 2672 2673 2674 2675 2676 2677 2678 2679 2680 2681 2682 2683 2684 2685 2686 2687 2688 2689 2690 2691 2692 2693 2694 2695 2696 2697 2698 2699 2700 2701 2702 2703 2704 2705 2706 2707 2708 2709 2710 2711 2712 2713 2714 2715 2716 2717 2718 2719 2720 2721 2722 2723 2724 2725 2726 2727 2728 2729 2730 2731 2732 2733 2734 2735 2736 2737 2738 2739 2740 2741 2742 2743 2744 2745 2746 2747 2748 2749 2750 2751 2752 2753 2754 2755 2756 2757 2758 2759 2760 2761 2762 2763 2764 2765 2766 2767 2768 2769 2770 2771 2772 2773 2774 2775 2776 2777 2778 2779 2780 2781 2782 2783 2784 2785 2786 2787 2788 2789 2790 2791 2792 2793 2794 2795 2796 2797 2798 2799 2800 2801 2802 2803 2804 2805 2806 2807 2808 2809 2810 2811 2812 2813 2814 2815 2816 2817 2818 2819 2820 2821 2822 2823 2824 2825 2826 2827 2828 2829 2830 2831 2832 2833 2834 2835 2836 2837 2838 2839 2840 2841 2842 2843 2844 2845 2846 2847 2848 2849 2850 2851 2852 2853 2854 2855 2856 2857 2858 2859 2860 2861 2862 2863 2864 2865 2866 2867 2868 2869 2870 2871 2872 2873 2874 2875 2876 2877 2878 2879 2880 2881 2882 2883 2884 2885 2886 2887 2888 2889 2890 2891 2892 2893 2894 2895 2896 2897 2898 2899 2900 2901 2902 2903 2904 2905 2906 2907 2908 2909 2910 2911 2912 2913 2914 2915 2916 2917 2918 2919 2920 2921 2922 2923 2924 2925 2926 2927 2928 2929 2930 2931 2932 2933 2934 2935 2936 2937 2938 2939 2940 2941 2942 2943 2944 2945 2946 2947 2948 2949 2950 2951 2952 2953 2954 2955 2956 2957 2958 2959 2960 2961 2962 2963 2964 2965 2966 2967 2968 2969 2970 2971 2972 2973 2974 2975 2976 2977 2978 2979 2980 2981 2982 2983 2984 2985 2986 2987 2988 2989 2990 2991 2992 2993 2994 2995 2996 2997 2998 2999 3000 3001 3002 3003 3004 3005 3006 3007 3008 3009 3010 3011 3012 3013 3014 3015 3016 3017 3018 3019 3020 3021 3022 3023 3024 3025 3026 3027 3028 3029 3030 3031 3032 3033 3034 3035 3036 3037 3038 3039 3040 3041 3042 3043 3044 3045 3046 3047 3048 3049 3050 3051 3052 3053 3054 3055 3056 3057 3058 3059 3060 3061 3062 3063 3064 3065 3066 3067 3068 3069 3070 3071 3072 3073 3074 3075 3076 3077 3078 3079 3080 3081 3082 3083 3084 3085 3086 3087 3088 3089 3090 3091 3092 3093 3094 3095 3096 3097 3098 3099 3100 3101 3102 3103 3104 3105 3106 3107 3108 3109 3110 3111 3112 3113 3114 3115 3116 3117 3118 3119 3120 3121 3122 3123 3124 3125 3126 3127 3128 3129 3130 3131 3132 3133 3134 3135 3136 3137 3138 3139 3140 3141 3142 3143 3144 3145 3146 3147 3148 3149 3150 3151 3152 3153 3154 3155 3156 3157 3158 3159 3160 3161 3162 3163 3164 3165 3166 3167 3168 3169 3170 3171 3172 3173 3174 3175 3176 3177 3178 3179 3180 3181 3182 3183 3184 3185 3186 3187 3188 3189 3190 3191 3192 3193 3194 3195 3196 3197 3198 3199 3200 3201 3202 3203 3204 3205 3206 3207 3208 3209 3210 3211 3212 3213 3214 3215 3216 3217 3218 3219 3220 3221 3222 3223 3224 3225 3226 3227 3228 3229 3230 3231 3232 3233 3234 3235 3236 3237 3238 3239 3240 3241 3242 3243 3244 3245 3246 3247 3248 3249 3250 3251 3252 3253 3254 3255 3256 3257 3258 3259 3260 3261 3262 3263 3264 3265 3266 3267 3268 3269 3270 3271 3272 3273 3274 3275 3276 3277 3278 3279 3280 3281 3282 3283 3284 3285 3286 3287 3288 3289 3290 3291 3292 3293 3294 3295 3296 3297 3298 3299 3300 3301 3302 3303 3304 3305 3306 3307 3308 3309 3310 3311 3312 3313 3314 3315 3316 3317 3318 3319 3320 3321 3322 3323 3324 3325 3326 3327 3328 3329 3330 3331 3332 3333 3334 3335 3336 3337 3338 3339 3340 3341 3342 3343 3344 3345 3346 3347 3348 3349 3350 3351 3352 3353 3354 3355 3356 3357 3358 3359 3360 3361 3362 3363 3364 3365 3366 3367 3368 3369 3370 3371 3372 3373 3374 3375 3376 3377 3378 3379 3380 3381 3382 3383 3384 3385 3386 3387 3388 3389 3390 3391 3392 3393 3394 3395 3396 3397 3398 3399 3400 3401 3402 3403 3404 3405 3406 3407 3408 3409 3410 3411 3412 3413 3414 3415 3416 3417 3418 3419 3420 3421 3422 3423 3424 3425 3426 3427 3428 3429 3430 3431 3432 3433 3434 3435 3436 3437 3438 3439 3440 3441 3442 3443 3444 3445 3446 3447 3448 3449 3450 3451 3452 3453 3454 3455 3456 3457 3458 3459 3460 3461 3462 3463 3464 3465 3466 3467 3468 3469 3470 3471 3472 3473 3474 3475 3476 3477 3478 3479 3480 3481 3482 3483 3484 3485 3486 3487 3488 3489 3490 3491 3492 3493 3494 3495 3496 3497 3498 3499 3500 3501 3502 3503 3504 3505 3506 3507 3508 3509 3510 3511 3512 3513 3514 3515 3516 3517 3518 3519 3520 3521 3522 3523 3524 3525 3526 3527 3528 3529 3530 3531 3532 3533 3534 3535 3536 3537 3538 3539 3540 3541 3542 3543 3544 3545 3546 3547 3548 3549 3550 3551 3552 3553 3554 3555 3556 3557 3558 3559 3560 3561 3562 3563 3564 3565 3566 3567 3568 3569 3570 3571 3572 3573 3574 3575 3576 3577 3578 3579 3580 3581 3582 3583 3584 3585 3586 3587 3588 3589 3590 3591 3592 3593 3594 3595 3596 3597 3598 3599 3600 3601 3602 3603 3604 3605 3606 3607 3608 3609 3610 3611 3612 3613 3614 3615 3616 3617 3618 3619 3620 3621 3622 3623 3624 3625 3626 3627 3628 3629 3630 3631 3632 3633 3634 3635 3636 3637 3638 3639 3640 3641 3642 3643 3644 3645 3646 3647 3648 3649 3650 3651 3652 3653 3654 3655 3656 3657 3658 3659 3660 3661 3662 3663 3664 3665 3666 3667 3668 3669 3670 3671 3672 3673 3674 3675 3676 3677 3678 3679 3680 3681 3682 3683 3684 3685 3686 3687 3688 3689 3690 3691 3692 3693 3694 3695 3696 3697 3698 3699 3700 3701 3702 3703 3704 3705 3706 3707 3708 3709 3710 3711 3712 3713 3714 3715 3716 3717 3718 3719 3720 3721 3722 3723 3724 3725 3726 3727 3728 3729 3730 3731 3732 3733 3734 3735 3736 3737 3738 3739 3740 3741 3742 3743 3744 3745 3746 3747 3748 3749 3750 3751 3752 3753 3754 3755 3756 3757 3758 3759 3760 3761 3762 3763 3764 3765 3766 3767 3768 3769 3770 3771 3772 3773 3774 3775 3776 3777 3778 3779 3780 3781 3782 3783 3784 3785 3786 3787 3788 3789 3790 3791 3792 3793 3794 3795 3796 3797 3798 3799 3800 3801 3802 3803 3804 3805 3806 3807 3808 3809 3810 3811 3812 3813 3814 3815 3816 3817 3818 3819 3820 3821 3822 3823 3824 3825 3826 3827 3828 3829 3830 3831 3832 3833 3834 3835 3836 3837 3838 3839 3840 3841 3842 3843 3844 3845 3846 3847 3848 3849 3850 3851 3852 3853 3854 3855 3856 3857 3858 3859 3860 3861 3862 3863 3864 3865 3866 3867 3868 3869 3870 3871 3872 3873 3874 3875 3876 3877 3878 3879 3880 3881 3882 3883 3884 3885 3886 3887 3888 3889 3890 3891 3892 3893 3894 3895 3896 3897 3898 3899 3900 3901 3902 3903 3904 3905 3906 3907 3908 3909 3910 3911 3912 3913 3914 3915 3916 3917 3918 3919 3920 3921 3922 3923 3924 3925 3926 3927 3928 3929 3930 3931 3932 3933 3934 3935 3936 3937 3938 3939 3940 3941 3942 3943 3944 3945 3946 3947 3948 3949 3950 3951 3952 3953 3954 3955 3956 3957 3958 3959 3960 3961 3962 3963 3964 3965 3966 3967 3968 3969 3970 3971 3972 3973 3974 3975 3976 3977 3978 3979 3980 3981 3982 3983 3984 3985 3986 3987 3988 3989 3990 3991 3992 3993 3994 3995 3996 3997 3998 3999 4000 4001 4002 4003 4004 4005 4006 4007 4008 4009 4010 4011 4012 4013 4014 4015 4016 4017 4018 4019 4020 4021 4022 4023 4024 4025 4026 4027 4028 4029 4030 4031 4032 4033 4034 4035 4036 4037 4038 4039 4040 4041 4042 4043 4044 4045 4046 4047 4048 4049 4050 4051 4052 4053 4054 4055 4056 4057 4058 4059 4060 4061 4062 4063 4064 4065 4066 4067 4068 4069 4070 4071 4072 4073 4074 4075 4076 4077 4078 4079 4080 4081 4082 4083 4084 4085 4086 4087 4088 4089 4090 4091 4092 4093 4094 4095 4096 4097 4098 4099 4100 4101 4102 4103 4104 4105 4106 4107 4108 4109 4110 4111 4112 4113 4114 4115 4116 4117 4118 4119 4120 4121 4122 4123 4124 4125 4126 4127 4128 4129 4130 4131 4132 4133 4134 4135 4136 4137 4138 4139 4140 4141 4142 4143 4144 4145 4146 4147 4148 4149 4150 4151 4152 4153 4154 4155 4156 4157 4158 4159 4160 4161 4162 4163 4164 4165 4166 4167 4168 4169 4170 4171 4172 4173 4174 4175 4176 4177 4178 4179 4180 4181 4182 4183 4184 4185 4186 4187 4188 4189 4190 4191 4192 4193 4194 4195 4196 4197 4198 4199 4200 4201 4202 4203 4204 4205 4206 4207 4208 4209 4210 4211 4212 4213 4214 4215 4216 4217 4218 4219 4220 4221 4222 4223 4224 4225 4226 4227 4228 4229 4230 4231 4232 4233 4234 4235 4236 4237 4238 4239 4240 4241 4242 4243 4244 4245 4246 4247 4248 4249 4250 4251 4252 4253 4254 4255 4256 4257 4258 4259 4260 4261 4262 4263 4264 4265 4266 4267 4268 4269 4270 4271 4272 4273 4274 4275 4276 4277 4278 4279 4280 4281 4282 4283 4284 4285 4286 4287 4288 4289 4290 4291 4292 4293 4294 4295 4296 4297 4298 4299 4300 4301 4302 4303 4304 4305 4306 4307 4308 4309 4310 4311 4312 4313 4314 4315 4316 4317 4318 4319 4320 4321 4322 4323 4324 4325 4326 4327 4328 4329 4330 4331 4332 4333 4334 4335 4336 4337 4338 4339 4340 4341 4342 4343 4344 4345 4346 4347 4348 4349 4350 4351 4352 4353 4354 4355 4356 4357 4358 4359 4360 4361 4362 4363 4364 4365 4366 4367 4368 4369 4370 4371 4372 4373 4374 4375 4376 4377 4378 4379 4380 4381 4382 4383 4384 4385 4386 4387 4388 4389 4390 4391 4392 4393 4394 4395 4396 4397 4398 4399 4400 4401 4402 4403 4404 4405 4406 4407 4408 4409 4410 4411 4412 4413 4414 4415 4416 4417 4418 4419 4420 4421 4422 4423 4424 4425 4426 4427 4428 4429 4430 4431 4432 4433 4434 4435 4436 4437 4438 4439 4440 4441 4442 4443 4444 4445 4446 4447 4448 4449 4450 4451 4452 4453 4454 4455 4456 4457 4458 4459 4460 4461 4462 4463 4464 4465 4466 4467 4468 4469 4470 4471 4472 4473 4474 4475 4476 4477 4478 4479 4480 4481 4482 4483 4484 4485 4486 4487 4488 4489 4490 4491 4492 4493 4494 4495 4496 4497 4498 4499 4500 4501 4502 4503 4504 4505 4506 4507 4508 4509 4510 4511 4512 4513 4514 4515 4516 4517 4518 4519 4520 4521 4522 4523 4524 4525 4526 4527 4528 4529 4530 4531 4532 4533 4534 4535 4536 4537 4538 4539 4540 4541 4542 4543 4544 
				</DataArray>
				<DataArray type="Float64" Name="Displacement" NumberOfComponents="3" format="ascii" >
4.83177e-06 4.83177e-06 0 4.80452e-06 4.80452e-06 0 4.77846e-06 4.77846e-06 0 4.75359e-06 4.75359e-06 0 4.7299e-06 4.7299e-06 0 4.70738e-06 4.70738e-06 0 4.68602e-06 4.68602e-06 0 4.66584e-06 4.66584e-06 0 4.6468e-06 4.6468e-06 0 4.62893e-06 4.62893e-06 0 4.6122e-06 4.6122e-06 0 4.59661e-06 4.59661e-06 0 4.58217e-06 4.58217e-06 0 4.56886e-06 4.56886e-06 0 4.55669e-06 4.55669e-06 0 4.54565e-06 4.54565e-06 0 4.53574e-06 4.53574e-06 0 4.52695e-06 4.52695e-06 0 4.51928e-06 4.51928e-06 0 4.51274e-06 4.51274e-06 0 4.50732e-06 4.50732e-06 0 4.50301e-06 4.50301e-06 0 4.49983e-06 4.49983e-06 0 4.49776e-06 4.49776e-06 0 4.4968e-06 4.4968e-06 0 4.49697e-06 4.49697e-06 0 4.49824e-06 4.49824e-06 0 4.50064e-06 4.50064e-06 0 4.50415e-06 4.50415e-06 0 4.50878e-06 4.50878e-06 0 4.51453e-06 4.51453e-06 0 4.5214e-06 4.5214e-06 0 4.52939e-06 4.52939e-06 0 4.5385e-06 4.5385e-06 0 4.54874e-06 4.54874e-06 0 4.56011e-06 4.56011e-06 0 4.57261e-06 4.57261e-06 0 4.58625e-06 4.58625e-06 0 4.60103e-06 4.60103e-06 0 4.61694e-06 4.61694e-06 0 4.634e-06 4.634e-06 0 4.65222e-06 4.65222e-06 0 4.67158e-06 4.67158e-06 0 4.69211e-06 4.69211e-06 0 4.7138e-06 4.7138e-06 0 4.75528e-06 4.90707e-06 0 4.72846e-06 4.8794e-06 0 4.70282e-06 4.85293e-06 0 4.67834e-06 4.82767e-06 0 4.65502e-06 4.80361e-06 0 4.63285e-06 4.78074e-06 0 4.61184e-06 4.75905e-06 0 4.59197e-06 4.73855e-06 0 4.57324e-06 4.71922e-06 0 4.55565e-06 4.70106e-06 0 4.53918e-06 4.68407e-06 0 4.52385e-06 4.66825e-06 0 4.50963e-06 4.65358e-06 0 4.49654e-06 4.64006e-06 0 4.48456e-06 4.6277e-06 0 4.47369e-06 4.61649e-06 0 4.46393e-06 4.60642e-06 0 4.45528e-06 4.5975e-06 0 4.44774e-06 4.58971e-06 0 4.4413e-06 4.58307e-06 0 4.43596e-06 4.57756e-06 0 4.43173e-06 4.57319e-06 0 4.42859e-06 4.56995e-06 0 4.42655e-06 4.56785e-06 0 4.42562e-06 4.56688e-06 0 4.42578e-06 4.56705e-06 0 4.42703e-06 4.56834e-06 0 4.42939e-06 4.57078e-06 0 4.43285e-06 4.57434e-06 0 4.4374e-06 4.57904e-06 0 4.44306e-06 4.58488e-06 0 4.44982e-06 4.59186e-06 0 4.45768e-06 4.59997e-06 0 4.46665e-06 4.60923e-06 0 4.47673e-06 4.61963e-06 0 4.48792e-06 4.63118e-06 0 4.50023e-06 4.64387e-06 0 4.51365e-06 4.65772e-06 0 4.52819e-06 4.67273e-06 0 4.54385e-06 4.68889e-06 0 4.56065e-06 4.70622e-06 0 4.57857e-06 4.72472e-06 0 4.59763e-06 4.74439e-06 0 4.61783e-06 4.76523e-06 0 4.63918e-06 4.78726e-06 0 4.67762e-06 4.98116e-06 0 4.65124e-06 4.95307e-06 0 4.62601e-06 4.9262e-06 0 4.60193e-06 4.90056e-06 0 4.57899e-06 4.87613e-06 0 4.55719e-06 4.85292e-06 0 4.53652e-06 4.8309e-06 0 4.51698e-06 4.81009e-06 0 4.49855e-06 4.79047e-06 0 4.48124e-06 4.77204e-06 0 4.46505e-06 4.75479e-06 0 4.44996e-06 4.73873e-06 0 4.43598e-06 4.72384e-06 0 4.4231e-06 4.71012e-06 0 4.41131e-06 4.69757e-06 0 4.40062e-06 4.68619e-06 0 4.39103e-06 4.67597e-06 0 4.38252e-06 4.66691e-06 0 4.3751e-06 4.65901e-06 0 4.36877e-06 4.65226e-06 0 4.36352e-06 4.64667e-06 0 4.35935e-06 4.64224e-06 0 4.35626e-06 4.63895e-06 0 4.35426e-06 4.63682e-06 0 4.35334e-06 4.63583e-06 0 4.35349e-06 4.636e-06 0 4.35473e-06 4.63732e-06 0 4.35705e-06 4.63979e-06 0 4.36045e-06 4.64341e-06 0 4.36493e-06 4.64818e-06 0 4.3705e-06 4.6541e-06 0 4.37714e-06 4.66119e-06 0 4.38488e-06 4.66942e-06 0 4.3937e-06 4.67882e-06 0 4.40362e-06 4.68938e-06 0 4.41463e-06 4.7011e-06 0 4.42673e-06 4.71399e-06 0 4.43993e-06 4.72805e-06 0 4.45423e-06 4.74328e-06 0 4.46964e-06 4.75969e-06 0 4.48616e-06 4.77728e-06 0 4.50379e-06 4.79605e-06 0 4.52254e-06 4.81602e-06 0 4.54241e-06 4.83718e-06 0 4.56341e-06 4.85954e-06 0 4.5988e-06 5.05402e-06 0 4.57286e-06 5.02551e-06 0 4.54806e-06 4.99825e-06 0 4.52439e-06 4.97224e-06 0 4.50184e-06 4.94745e-06 0 4.4804e-06 4.9239e-06 0 4.46008e-06 4.90156e-06 0 4.44086e-06 4.88045e-06 0 4.42275e-06 4.86054e-06 0 4.40574e-06 4.84184e-06 0 4.38981e-06 4.82434e-06 0 4.37498e-06 4.80804e-06 0 4.36123e-06 4.79293e-06 0 4.34857e-06 4.77901e-06 0 4.33698e-06 4.76628e-06 0 4.32647e-06 4.75473e-06 0 4.31704e-06 4.74436e-06 0 4.30867e-06 4.73517e-06 0 4.30138e-06 4.72715e-06 0 4.29515e-06 4.72031e-06 0 4.28999e-06 4.71464e-06 0 4.28589e-06 4.71014e-06 0 4.28286e-06 4.7068e-06 0 4.28089e-06 4.70464e-06 0 4.27998e-06 4.70364e-06 0 4.28014e-06 4.70381e-06 0 4.28135e-06 4.70515e-06 0 4.28363e-06 4.70765e-06 0 4.28698e-06 4.71132e-06 0 4.29138e-06 4.71617e-06 0 4.29685e-06 4.72218e-06 0 4.30339e-06 4.72936e-06 0 4.311e-06 4.73772e-06 0 4.31967e-06 4.74726e-06 0 4.32942e-06 4.75797e-06 0 4.34024e-06 4.76986e-06 0 4.35214e-06 4.78294e-06 0 4.36512e-06 4.7972e-06 0 4.37918e-06 4.81266e-06 0 4.39433e-06 4.8293e-06 0 4.41057e-06 4.84715e-06 0 4.4279e-06 4.8662e-06 0 4.44634e-06 4.88646e-06 0 4.46587e-06 4.90793e-06 0 4.48652e-06 4.93062e-06 0 4.51885e-06 5.12563e-06 0 4.49336e-06 5.09672e-06 0 4.46899e-06 5.06908e-06 0 4.44573e-06 5.04269e-06 0 4.42357e-06 5.01756e-06 0 4.40251e-06 4.99367e-06 0 4.38254e-06 4.97102e-06 0 4.36366e-06 4.9496e-06 0 4.34586e-06 4.92941e-06 0 4.32914e-06 4.91045e-06 0 4.31349e-06 4.8927e-06 0 4.29892e-06 4.87617e-06 0 4.28541e-06 4.86085e-06 0 4.27297e-06 4.84673e-06 0 4.26158e-06 4.83382e-06 0 4.25126e-06 4.8221e-06 0 4.24198e-06 4.81159e-06 0 4.23377e-06 4.80227e-06 0 4.2266e-06 4.79413e-06 0 4.22048e-06 4.78719e-06 0 4.21541e-06 4.78144e-06 0 4.21138e-06 4.77688e-06 0 4.2084e-06 4.77349e-06 0 4.20647e-06 4.7713e-06 0 4.20557e-06 4.77029e-06 0 4.20573e-06 4.77046e-06 0 4.20692e-06 4.77181e-06 0 4.20916e-06 4.77435e-06 0 4.21244e-06 4.77808e-06 0 4.21677e-06 4.78299e-06 0 4.22215e-06 4.78909e-06 0 4.22857e-06 4.79638e-06 0 4.23605e-06 4.80485e-06 0 4.24457e-06 4.81452e-06 0 4.25415e-06 4.82538e-06 0 4.26478e-06 4.83745e-06 0 4.27647e-06 4.85071e-06 0 4.28923e-06 4.86517e-06 0 4.30305e-06 4.88085e-06 0 4.31793e-06 4.89773e-06 0 4.33389e-06 4.91583e-06 0 4.35092e-06 4.93515e-06 0 4.36903e-06 4.9557e-06 0 4.38823e-06 4.97747e-06 0 4.40852e-06 5.00048e-06 0 4.43778e-06 5.19598e-06 0 4.41275e-06 5.16667e-06 0 4.38882e-06 5.13865e-06 0 4.36597e-06 5.1119e-06 0 4.34421e-06 5.08642e-06 0 4.32353e-06 5.0622e-06 0 4.30392e-06 5.03924e-06 0 4.28537e-06 5.01753e-06 0 4.2679e-06 4.99706e-06 0 4.25148e-06 4.97784e-06 0 4.23611e-06 4.95985e-06 0 4.2218e-06 4.94309e-06 0 4.20853e-06 4.92756e-06 0 4.19631e-06 4.91325e-06 0 4.18513e-06 4.90016e-06 0 4.17499e-06 4.88828e-06 0 4.16588e-06 4.87762e-06 0 4.15781e-06 4.86817e-06 0 4.15077e-06 4.85993e-06 0 4.14476e-06 4.8529e-06 0 4.13978e-06 4.84706e-06 0 4.13583e-06 4.84244e-06 0 4.1329e-06 4.83901e-06 0 4.131e-06 4.83678e-06 0 4.13013e-06 4.83576e-06 0 4.13028e-06 4.83593e-06 0 4.13145e-06 4.83731e-06 0 4.13365e-06 4.83988e-06 0 4.13687e-06 4.84366e-06 0 4.14113e-06 4.84864e-06 0 4.14641e-06 4.85482e-06 0 4.15271e-06 4.8622e-06 0 4.16005e-06 4.8708e-06 0 4.16842e-06 4.8806e-06 0 4.17783e-06 4.89161e-06 0 4.18827e-06 4.90384e-06 0 4.19976e-06 4.91728e-06 0 4.21228e-06 4.93195e-06 0 4.22585e-06 4.94783e-06 0 4.24047e-06 4.96495e-06 0 4.25614e-06 4.9833e-06 0 4.27287e-06 5.00288e-06 0 4.29065e-06 5.02371e-06 0 4.30951e-06 5.04578e-06 0 4.32943e-06 5.06911e-06 0 4.35562e-06 5.26504e-06 0 4.33105e-06 5.23535e-06 0 4.30756e-06 5.20695e-06 0 4.28514e-06 5.17985e-06 0 4.26378e-06 5.15403e-06 0 4.24348e-06 5.12949e-06 0 4.22423e-06 5.10622e-06 0 4.20603e-06 5.08422e-06 0 4.18888e-06 5.06348e-06 0 4.17276e-06 5.044e-06 0 4.15768e-06 5.02578e-06 0 4.14363e-06 5.00879e-06 0 4.13061e-06 4.99305e-06 0 4.11862e-06 4.97856e-06 0 4.10765e-06 4.96529e-06 0 4.09769e-06 4.95326e-06 0 4.08876e-06 4.94246e-06 0 4.08083e-06 4.93288e-06 0 4.07393e-06 4.92453e-06 0 4.06803e-06 4.9174e-06 0 4.06314e-06 4.91149e-06 0 4.05926e-06 4.9068e-06 0 4.05639e-06 4.90333e-06 0 4.05452e-06 4.90107e-06 0 4.05366e-06 4.90003e-06 0 4.05381e-06 4.90021e-06 0 4.05496e-06 4.9016e-06 0 4.05712e-06 4.90421e-06 0 4.06028e-06 4.90804e-06 0 4.06446e-06 4.91308e-06 0 4.06964e-06 4.91935e-06 0 4.07583e-06 4.92683e-06 0 4.08303e-06 4.93554e-06 0 4.09125e-06 4.94547e-06 0 4.10048e-06 4.95663e-06 0 4.11073e-06 4.96902e-06 0 4.122e-06 4.98264e-06 0 4.13429e-06 4.9975e-06 0 4.14761e-06 5.0136e-06 0 4.16196e-06 5.03094e-06 0 4.17734e-06 5.04954e-06 0 4.19376e-06 5.06938e-06 0 4.21122e-06 5.09049e-06 0 4.22972e-06 5.11285e-06 0 4.24927e-06 5.13649e-06 0 4.27238e-06 5.33281e-06 0 4.24829e-06 5.30273e-06 0 4.22524e-06 5.27397e-06 0 4.20325e-06 5.24651e-06 0 4.1823e-06 5.22036e-06 0 4.16239e-06 5.19551e-06 0 4.14351e-06 5.17194e-06 0 4.12566e-06 5.14966e-06 0 4.10883e-06 5.12866e-06 0 4.09302e-06 5.10892e-06 0 4.07823e-06 5.09046e-06 0 4.06445e-06 5.07326e-06 0 4.05168e-06 5.05732e-06 0 4.03991e-06 5.04263e-06 0 4.02915e-06 5.0292e-06 0 4.01938e-06 5.01701e-06 0 4.01062e-06 5.00607e-06 0 4.00285e-06 4.99637e-06 0 3.99607e-06 4.98791e-06 0 3.99029e-06 4.98069e-06 0 3.98549e-06 4.97471e-06 0 3.98169e-06 4.96996e-06 0 3.97887e-06 4.96644e-06 0 3.97704e-06 4.96415e-06 0 3.97619e-06 4.9631e-06 0 3.97634e-06 4.96328e-06 0 3.97747e-06 4.96469e-06 0 3.97958e-06 4.96733e-06 0 3.98269e-06 4.97121e-06 0 3.98678e-06 4.97632e-06 0 3.99187e-06 4.98266e-06 0 3.99794e-06 4.99024e-06 0 4.005e-06 4.99906e-06 0 4.01306e-06 5.00912e-06 0 4.02212e-06 5.02043e-06 0 4.03217e-06 5.03298e-06 0 4.04323e-06 5.04677e-06 0 4.05529e-06 5.06182e-06 0 4.06835e-06 5.07813e-06 0 4.08242e-06 5.0957e-06 0 4.09751e-06 5.11453e-06 0 4.11361e-06 5.13463e-06 0 4.13074e-06 5.15601e-06 0 4.14889e-06 5.17866e-06 0 4.16807e-06 5.2026e-06 0 4.18809e-06 5.39926e-06 0 4.16447e-06 5.3688e-06 0 4.14188e-06 5.33968e-06 0 4.12032e-06 5.31189e-06 0 4.09979e-06 5.28541e-06 0 4.08027e-06 5.26025e-06 0 4.06176e-06 5.23639e-06 0 4.04426e-06 5.21383e-06 0 4.02776e-06 5.19256e-06 0 4.01227e-06 5.17258e-06 0 3.99777e-06 5.15389e-06 0 3.98426e-06 5.13648e-06 0 3.97174e-06 5.12034e-06 0 3.96021e-06 5.10547e-06 0 3.94966e-06 5.09187e-06 0 3.94009e-06 5.07953e-06 0 3.93149e-06 5.06845e-06 0 3.92388e-06 5.05863e-06 0 3.91723e-06 5.05006e-06 0 3.91156e-06 5.04275e-06 0 3.90686e-06 5.03669e-06 0 3.90313e-06 5.03188e-06 0 3.90037e-06 5.02832e-06 0 3.89857e-06 5.02601e-06 0 3.89775e-06 5.02494e-06 0 3.89789e-06 5.02513e-06 0 3.89899e-06 5.02655e-06 0 3.90107e-06 5.02923e-06 0 3.90411e-06 5.03315e-06 0 3.90813e-06 5.03833e-06 0 3.91311e-06 5.04475e-06 0 3.91906e-06 5.05242e-06 0 3.92599e-06 5.06135e-06 0 3.93389e-06 5.07154e-06 0 3.94277e-06 5.08298e-06 0 3.95262e-06 5.09569e-06 0 3.96346e-06 5.10966e-06 0 3.97528e-06 5.1249e-06 0 3.98808e-06 5.14141e-06 0 4.00188e-06 5.15919e-06 0 4.01667e-06 5.17826e-06 0 4.03246e-06 5.19861e-06 0 4.04924e-06 5.22025e-06 0 4.06703e-06 5.24319e-06 0 4.08584e-06 5.26743e-06 0 4.10277e-06 5.46437e-06 0 4.07963e-06 5.43355e-06 0 4.0575e-06 5.40408e-06 0 4.03638e-06 5.37595e-06 0 4.01626e-06 5.34916e-06 0 3.99714e-06 5.32369e-06 0 3.97901e-06 5.29954e-06 0 3.96187e-06 5.27671e-06 0 3.94571e-06 5.25519e-06 0 3.93053e-06 5.23497e-06 0 3.91632e-06 5.21605e-06 0 3.90309e-06 5.19842e-06 0 3.89082e-06 5.18209e-06 0 3.87952e-06 5.16704e-06 0 3.86919e-06 5.15328e-06 0 3.85981e-06 5.14079e-06 0 3.8514e-06 5.12958e-06 0 3.84393e-06 5.11964e-06 0 3.83743e-06 5.11097e-06 0 3.83187e-06 5.10357e-06 0 3.82727e-06 5.09744e-06 0 3.82361e-06 5.09257e-06 0 3.8209e-06 5.08897e-06 0 3.81915e-06 5.08663e-06 0 3.81834e-06 5.08555e-06 0 3.81847e-06 5.08573e-06 0 3.81956e-06 5.08718e-06 0 3.82159e-06 5.08988e-06 0 3.82457e-06 5.09386e-06 0 3.82851e-06 5.09909e-06 0 3.83339e-06 5.10559e-06 0 3.83922e-06 5.11336e-06 0 3.846e-06 5.1224e-06 0 3.85374e-06 5.1327e-06 0 3.86244e-06 5.14429e-06 0 3.87209e-06 5.15715e-06 0 3.88271e-06 5.17128e-06 0 3.89429e-06 5.18671e-06 0 3.90683e-06 5.20341e-06 0 3.92035e-06 5.22142e-06 0 3.93484e-06 5.24071e-06 0 3.9503e-06 5.26131e-06 0 3.96675e-06 5.28321e-06 0 3.98418e-06 5.30642e-06 0 4.00259e-06 5.33095e-06 0 4.01643e-06 5.52814e-06 0 3.99378e-06 5.49696e-06 0 3.97212e-06 5.46715e-06 0 3.95144e-06 5.43869e-06 0 3.93174e-06 5.41158e-06 0 3.91302e-06 5.38582e-06 0 3.89528e-06 5.36139e-06 0 3.87849e-06 5.33829e-06 0 3.86267e-06 5.31651e-06 0 3.84781e-06 5.29606e-06 0 3.83391e-06 5.27692e-06 0 3.82095e-06 5.25909e-06 0 3.80895e-06 5.24257e-06 0 3.79789e-06 5.22734e-06 0 3.78777e-06 5.21341e-06 0 3.77859e-06 5.20078e-06 0 3.77035e-06 5.18944e-06 0 3.76304e-06 5.17939e-06 0 3.75667e-06 5.17062e-06 0 3.75123e-06 5.16313e-06 0 3.74673e-06 5.15693e-06 0 3.74315e-06 5.152e-06 0 3.7405e-06 5.14836e-06 0 3.73878e-06 5.14599e-06 0 3.73799e-06 5.1449e-06 0 3.73812e-06 5.14508e-06 0 3.73918e-06 5.14654e-06 0 3.74117e-06 5.14928e-06 0 3.74409e-06 5.1533e-06 0 3.74794e-06 5.1586e-06 0 3.75272e-06 5.16517e-06 0 3.75843e-06 5.17303e-06 0 3.76507e-06 5.18217e-06 0 3.77265e-06 5.1926e-06 0 3.78116e-06 5.20432e-06 0 3.79061e-06 5.21733e-06 0 3.801e-06 5.23163e-06 0 3.81234e-06 5.24723e-06 0 3.82462e-06 5.26414e-06 0 3.83785e-06 5.28235e-06 0 3.85203e-06 5.30187e-06 0 3.86717e-06 5.32271e-06 0 3.88327e-06 5.34487e-06 0 3.90033e-06 5.36835e-06 0 3.91837e-06 5.39317e-06 0 3.9291e-06 5.59055e-06 0 3.90694e-06 5.55902e-06 0 3.88575e-06 5.52887e-06 0 3.86553e-06 5.50009e-06 0 3.84626e-06 5.47267e-06 0 3.82795e-06 5.44661e-06 0 3.81058e-06 5.42191e-06 0 3.79417e-06 5.39855e-06 0 3.77869e-06 5.37653e-06 0 3.76415e-06 5.35585e-06 0 3.75055e-06 5.33649e-06 0 3.73788e-06 5.31846e-06 0 3.72613e-06 5.30175e-06 0 3.71531e-06 5.28635e-06 0 3.70541e-06 5.27227e-06 0 3.69643e-06 5.25949e-06 0 3.68837e-06 5.24802e-06 0 3.68123e-06 5.23785e-06 0 3.67499e-06 5.22899e-06 0 3.66967e-06 5.22142e-06 0 3.66526e-06 5.21514e-06 0 3.66176e-06 5.21016e-06 0 3.65917e-06 5.20647e-06 0 3.65749e-06 5.20408e-06 0 3.65671e-06 5.20297e-06 0 3.65684e-06 5.20316e-06 0 3.65788e-06 5.20464e-06 0 3.65983e-06 5.20741e-06 0 3.66269e-06 5.21147e-06 0 3.66645e-06 5.21683e-06 0 3.67112e-06 5.22348e-06 0 3.67671e-06 5.23143e-06 0 3.68321e-06 5.24067e-06 0 3.69062e-06 5.25122e-06 0 3.69895e-06 5.26307e-06 0 3.70819e-06 5.27623e-06 0 3.71836e-06 5.29069e-06 0 3.72945e-06 5.30647e-06 0 3.74146e-06 5.32356e-06 0 3.75441e-06 5.34198e-06 0 3.76828e-06 5.36172e-06 0 3.78309e-06 5.38279e-06 0 3.79884e-06 5.4052e-06 0 3.81553e-06 5.42895e-06 0 3.83317e-06 5.45405e-06 0 3.84081e-06 5.65157e-06 0 3.81914e-06 5.6197e-06 0 3.79843e-06 5.58922e-06 0 3.77866e-06 5.56012e-06 0 3.75982e-06 5.53241e-06 0 3.74192e-06 5.50607e-06 0 3.72495e-06 5.4811e-06 0 3.7089e-06 5.45748e-06 0 3.69377e-06 5.43522e-06 0 3.67956e-06 5.41431e-06 0 3.66626e-06 5.39474e-06 0 3.65388e-06 5.37651e-06 0 3.64239e-06 5.35962e-06 0 3.63182e-06 5.34406e-06 0 3.62214e-06 5.32982e-06 0 3.61336e-06 5.3169e-06 0 3.60548e-06 5.30531e-06 0 3.5985e-06 5.29503e-06 0 3.59241e-06 5.28606e-06 0 3.5872e-06 5.27841e-06 0 3.58289e-06 5.27207e-06 0 3.57947e-06 5.26703e-06 0 3.57694e-06 5.26331e-06 0 3.57529e-06 5.26089e-06 0 3.57454e-06 5.25977e-06 0 3.57466e-06 5.25996e-06 0 3.57568e-06 5.26145e-06 0 3.57758e-06 5.26426e-06 0 3.58038e-06 5.26836e-06 0 3.58406e-06 5.27378e-06 0 3.58862e-06 5.2805e-06 0 3.59408e-06 5.28854e-06 0 3.60044e-06 5.29788e-06 0 3.60768e-06 5.30854e-06 0 3.61582e-06 5.32052e-06 0 3.62486e-06 5.33382e-06 0 3.6348e-06 5.34844e-06 0 3.64564e-06 5.36439e-06 0 3.65738e-06 5.38168e-06 0 3.67003e-06 5.40029e-06 0 3.6836e-06 5.42025e-06 0 3.69807e-06 5.44155e-06 0 3.71347e-06 5.46421e-06 0 3.72979e-06 5.48821e-06 0 3.74703e-06 5.51358e-06 0 3.75156e-06 5.71121e-06 0 3.7304e-06 5.67899e-06 0 3.71017e-06 5.64819e-06 0 3.69086e-06 5.61879e-06 0 3.67246e-06 5.59078e-06 0 3.65497e-06 5.56417e-06 0 3.6384e-06 5.53893e-06 0 3.62272e-06 5.51506e-06 0 3.60794e-06 5.49257e-06 0 3.59406e-06 5.47144e-06 0 3.58107e-06 5.45166e-06 0 3.56897e-06 5.43324e-06 0 3.55776e-06 5.41617e-06 0 3.54743e-06 5.40044e-06 0 3.53798e-06 5.38606e-06 0 3.5294e-06 5.373e-06 0 3.52171e-06 5.36129e-06 0 3.51488e-06 5.3509e-06 0 3.50893e-06 5.34184e-06 0 3.50385e-06 5.33411e-06 0 3.49964e-06 5.3277e-06 0 3.4963e-06 5.32261e-06 0 3.49383e-06 5.31884e-06 0 3.49222e-06 5.31639e-06 0 3.49148e-06 5.31527e-06 0 3.4916e-06 5.31546e-06 0 3.4926e-06 5.31697e-06 0 3.49446e-06 5.3198e-06 0 3.49718e-06 5.32395e-06 0 3.50078e-06 5.32942e-06 0 3.50524e-06 5.33622e-06 0 3.51057e-06 5.34434e-06 0 3.51678e-06 5.35378e-06 0 3.52385e-06 5.36455e-06 0 3.53181e-06 5.37666e-06 0 3.54063e-06 5.3901e-06 0 3.55034e-06 5.40488e-06 0 3.56093e-06 5.421e-06 0 3.5724e-06 5.43846e-06 0 3.58476e-06 5.45727e-06 0 3.59801e-06 5.47744e-06 0 3.61215e-06 5.49897e-06 0 3.62718e-06 5.52186e-06 0 3.64312e-06 5.54612e-06 0 3.65996e-06 5.57176e-06 0 3.66139e-06 5.76943e-06 0 3.64074e-06 5.73689e-06 0 3.62099e-06 5.70577e-06 0 3.60214e-06 5.67607e-06 0 3.58419e-06 5.64778e-06 0 3.56712e-06 5.62089e-06 0 3.55095e-06 5.59539e-06 0 3.53565e-06 5.57129e-06 0 3.52123e-06 5.54856e-06 0 3.50768e-06 5.52722e-06 0 3.495e-06 5.50724e-06 0 3.48319e-06 5.48863e-06 0 3.47225e-06 5.47139e-06 0 3.46216e-06 5.4555e-06 0 3.45294e-06 5.44096e-06 0 3.44457e-06 5.42778e-06 0 3.43706e-06 5.41594e-06 0 3.4304e-06 5.40545e-06 0 3.42459e-06 5.3963e-06 0 3.41964e-06 5.38848e-06 0 3.41553e-06 5.38201e-06 0 3.41226e-06 5.37687e-06 0 3.40985e-06 5.37306e-06 0 3.40828e-06 5.37059e-06 0 3.40756e-06 5.36945e-06 0 3.40768e-06 5.36965e-06 0 3.40865e-06 5.37117e-06 0 3.41046e-06 5.37403e-06 0 3.41313e-06 5.37823e-06 0 3.41663e-06 5.38375e-06 0 3.42099e-06 5.39062e-06 0 3.42619e-06 5.39882e-06 0 3.43225e-06 5.40836e-06 0 3.43916e-06 5.41924e-06 0 3.44692e-06 5.43147e-06 0 3.45553e-06 5.44505e-06 0 3.46501e-06 5.45998e-06 0 3.47534e-06 5.47626e-06 0 3.48654e-06 5.4939e-06 0 3.4986e-06 5.51291e-06 0 3.51153e-06 5.53328e-06 0 3.52533e-06 5.55503e-06 0 3.54e-06 5.57815e-06 0 3.55556e-06 5.60266e-06 0 3.57199e-06 5.62856e-06 0 3.57032e-06 5.82623e-06 0 3.55018e-06 5.79337e-06 0 3.53092e-06 5.76194e-06 0 3.51254e-06 5.73195e-06 0 3.49504e-06 5.70338e-06 0 3.4784e-06 5.67623e-06 0 3.46262e-06 5.65048e-06 0 3.4477e-06 5.62614e-06 0 3.43364e-06 5.60319e-06 0 3.42043e-06 5.58163e-06 0 3.40807e-06 5.56146e-06 0 3.39655e-06 5.54267e-06 0 3.38588e-06 5.52525e-06 0 3.37605e-06 5.50921e-06 0 3.36705e-06 5.49453e-06 0 3.35889e-06 5.48121e-06 0 3.35157e-06 5.46926e-06 0 3.34507e-06 5.45866e-06 0 3.33941e-06 5.44942e-06 0 3.33458e-06 5.44153e-06 0 3.33057e-06 5.43499e-06 0 3.32739e-06 5.4298e-06 0 3.32503e-06 5.42596e-06 0 3.3235e-06 5.42346e-06 0 3.3228e-06 5.42231e-06 0 3.32292e-06 5.42251e-06 0 3.32386e-06 5.42405e-06 0 3.32563e-06 5.42694e-06 0 3.32823e-06 5.43117e-06 0 3.33165e-06 5.43676e-06 0 3.3359e-06 5.44369e-06 0 3.34097e-06 5.45197e-06 0 3.34688e-06 5.4616e-06 0 3.35361e-06 5.47259e-06 0 3.36118e-06 5.48494e-06 0 3.36958e-06 5.49865e-06 0 3.37882e-06 5.51373e-06 0 3.38889e-06 5.53017e-06 0 3.39981e-06 5.54799e-06 0 3.41157e-06 5.56718e-06 0 3.42418e-06 5.58775e-06 0 3.43764e-06 5.60971e-06 0 3.45195e-06 5.63307e-06 0 3.46712e-06 5.65782e-06 0 3.48314e-06 5.68397e-06 0 3.47836e-06 5.88159e-06 0 3.45874e-06 5.84842e-06 0 3.43998e-06 5.81669e-06 0 3.42208e-06 5.78642e-06 0 3.40502e-06 5.75757e-06 0 3.38881e-06 5.73016e-06 0 3.37344e-06 5.70417e-06 0 3.3589e-06 5.6796e-06 0 3.3452e-06 5.65643e-06 0 3.33233e-06 5.63467e-06 0 3.32029e-06 5.6143e-06 0 3.30907e-06 5.59533e-06 0 3.29867e-06 5.57775e-06 0 3.28909e-06 5.56155e-06 0 3.28033e-06 5.54674e-06 0 3.27238e-06 5.5333e-06 0 3.26525e-06 5.52123e-06 0 3.25892e-06 5.51053e-06 0 3.2534e-06 5.5012e-06 0 3.24869e-06 5.49324e-06 0 3.24479e-06 5.48664e-06 0 3.24169e-06 5.4814e-06 0 3.2394e-06 5.47752e-06 0 3.23791e-06 5.475e-06 0 3.23722e-06 5.47384e-06 0 3.23734e-06 5.47404e-06 0 3.23826e-06 5.47559e-06 0 3.23998e-06 5.47851e-06 0 3.24251e-06 5.48278e-06 0 3.24584e-06 5.48842e-06 0 3.24998e-06 5.49541e-06 0 3.25492e-06 5.50377e-06 0 3.26068e-06 5.5135e-06 0 3.26724e-06 5.5246e-06 0 3.27461e-06 5.53706e-06 0 3.28279e-06 5.5509e-06 0 3.29179e-06 5.56612e-06 0 3.30161e-06 5.58272e-06 0 3.31225e-06 5.6007e-06 0 3.32371e-06 5.62008e-06 0 3.33599e-06 5.64085e-06 0 3.3491e-06 5.66302e-06 0 3.36304e-06 5.68659e-06 0 3.37782e-06 5.71158e-06 0 3.39343e-06 5.73798e-06 0 3.38555e-06 5.9355e-06 0 3.36645e-06 5.90202e-06 0 3.34819e-06 5.87001e-06 0 3.33077e-06 5.83945e-06 0 3.31416e-06 5.81035e-06 0 3.29838e-06 5.78268e-06 0 3.28342e-06 5.75645e-06 0 3.26928e-06 5.73165e-06 0 3.25594e-06 5.70828e-06 0 3.24342e-06 5.68631e-06 0 3.2317e-06 5.66576e-06 0 3.22078e-06 5.64662e-06 0 3.21066e-06 5.62888e-06 0 3.20133e-06 5.61253e-06 0 3.1928e-06 5.59758e-06 0 3.18507e-06 5.58401e-06 0 3.17812e-06 5.57184e-06 0 3.17196e-06 5.56104e-06 0 3.16659e-06 5.55163e-06 0 3.16201e-06 5.54359e-06 0 3.15821e-06 5.53693e-06 0 3.15519e-06 5.53164e-06 0 3.15296e-06 5.52773e-06 0 3.15151e-06 5.52518e-06 0 3.15084e-06 5.52401e-06 0 3.15095e-06 5.52421e-06 0 3.15185e-06 5.52578e-06 0 3.15353e-06 5.52872e-06 0 3.15599e-06 5.53304e-06 0 3.15923e-06 5.53872e-06 0 3.16326e-06 5.54578e-06 0 3.16807e-06 5.55422e-06 0 3.17367e-06 5.56404e-06 0 3.18006e-06 5.57523e-06 0 3.18723e-06 5.58781e-06 0 3.1952e-06 5.60178e-06 0 3.20396e-06 5.61714e-06 0 3.21351e-06 5.63389e-06 0 3.22387e-06 5.65204e-06 0 3.23502e-06 5.67159e-06 0 3.24697e-06 5.69255e-06 0 3.25974e-06 5.71493e-06 0 3.27331e-06 5.73872e-06 0 3.28769e-06 5.76393e-06 0 3.30289e-06 5.79058e-06 0 3.2919e-06 5.98794e-06 0 3.27333e-06 5.95417e-06 0 3.25558e-06 5.92188e-06 0 3.23863e-06 5.89105e-06 0 3.22249e-06 5.86169e-06 0 3.20715e-06 5.83378e-06 0 3.1926e-06 5.80732e-06 0 3.17885e-06 5.7823e-06 0 3.16588e-06 5.75871e-06 0 3.1537e-06 5.73656e-06 0 3.1423e-06 5.71583e-06 0 3.13168e-06 5.69651e-06 0 3.12184e-06 5.67861e-06 0 3.11278e-06 5.66212e-06 0 3.10449e-06 5.64704e-06 0 3.09696e-06 5.63335e-06 0 3.09021e-06 5.62107e-06 0 3.08422e-06 5.61018e-06 0 3.079e-06 5.60068e-06 0 3.07454e-06 5.59257e-06 0 3.07085e-06 5.58585e-06 0 3.06792e-06 5.58052e-06 0 3.06574e-06 5.57657e-06 0 3.06433e-06 5.574e-06 0 3.06368e-06 5.57282e-06 0 3.06379e-06 5.57302e-06 0 3.06467e-06 5.57461e-06 0 3.0663e-06 5.57757e-06 0 3.06869e-06 5.58192e-06 0 3.07184e-06 5.58766e-06 0 3.07576e-06 5.59479e-06 0 3.08044e-06 5.6033e-06 0 3.08588e-06 5.6132e-06 0 3.09209e-06 5.6245e-06 0 3.09907e-06 5.63719e-06 0 3.10682e-06 5.65128e-06 0 3.11533e-06 5.66677e-06 0 3.12462e-06 5.68367e-06 0 3.13469e-06 5.70198e-06 0 3.14553e-06 5.72171e-06 0 3.15716e-06 5.74285e-06 0 3.16957e-06 5.76542e-06 0 3.18276e-06 5.78942e-06 0 3.19675e-06 5.81486e-06 0 3.21152e-06 5.84174e-06 0 3.19744e-06 6.03891e-06 0 3.17941e-06 6.00485e-06 0 3.16216e-06 5.97228e-06 0 3.1457e-06 5.94119e-06 0 3.13002e-06 5.91158e-06 0 3.11512e-06 5.88344e-06 0 3.10099e-06 5.85675e-06 0 3.08763e-06 5.83152e-06 0 3.07504e-06 5.80773e-06 0 3.0632e-06 5.78539e-06 0 3.05213e-06 5.76448e-06 0 3.04182e-06 5.745e-06 0 3.03226e-06 5.72695e-06 0 3.02346e-06 5.71032e-06 0 3.0154e-06 5.6951e-06 0 3.0081e-06 5.6813e-06 0 3.00154e-06 5.66891e-06 0 2.99572e-06 5.65793e-06 0 2.99065e-06 5.64835e-06 0 2.98632e-06 5.64017e-06 0 2.98273e-06 5.6334e-06 0 2.97988e-06 5.62802e-06 0 2.97777e-06 5.62403e-06 0 2.9764e-06 5.62145e-06 0 2.97577e-06 5.62026e-06 0 2.97588e-06 5.62046e-06 0 2.97673e-06 5.62206e-06 0 2.97831e-06 5.62505e-06 0 2.98063e-06 5.62944e-06 0 2.9837e-06 5.63522e-06 0 2.9875e-06 5.64241e-06 0 2.99205e-06 5.65099e-06 0 2.99733e-06 5.66098e-06 0 3.00337e-06 5.67237e-06 0 3.01014e-06 5.68517e-06 0 3.01767e-06 5.69938e-06 0 3.02594e-06 5.71501e-06 0 3.03496e-06 5.73205e-06 0 3.04474e-06 5.75052e-06 0 3.05527e-06 5.77041e-06 0 3.06657e-06 5.79173e-06 0 3.07862e-06 5.8145e-06 0 3.09143e-06 5.8387e-06 0 3.10502e-06 5.86436e-06 0 3.11937e-06 5.89147e-06 0 3.10219e-06 6.08839e-06 0 3.08469e-06 6.05405e-06 0 3.06796e-06 6.02121e-06 0 3.05199e-06 5.98987e-06 0 3.03678e-06 5.96002e-06 0 3.02232e-06 5.93164e-06 0 3.00861e-06 5.90473e-06 0 2.99565e-06 5.8793e-06 0 2.98343e-06 5.85532e-06 0 2.97195e-06 5.83279e-06 0 2.96121e-06 5.81171e-06 0 2.95121e-06 5.79207e-06 0 2.94193e-06 5.77387e-06 0 2.93339e-06 5.7571e-06 0 2.92558e-06 5.74177e-06 0 2.91849e-06 5.72785e-06 0 2.91212e-06 5.71536e-06 0 2.90648e-06 5.70429e-06 0 2.90156e-06 5.69463e-06 0 2.89736e-06 5.68639e-06 0 2.89388e-06 5.67955e-06 0 2.89111e-06 5.67413e-06 0 2.88907e-06 5.67011e-06 0 2.88774e-06 5.6675e-06 0 2.88713e-06 5.6663e-06 0 2.88723e-06 5.66651e-06 0 2.88805e-06 5.66812e-06 0 2.88959e-06 5.67114e-06 0 2.89184e-06 5.67556e-06 0 2.89481e-06 5.68139e-06 0 2.89851e-06 5.68864e-06 0 2.90292e-06 5.69729e-06 0 2.90805e-06 5.70736e-06 0 2.9139e-06 5.71885e-06 0 2.92047e-06 5.73175e-06 0 2.92777e-06 5.74608e-06 0 2.9358e-06 5.76183e-06 0 2.94455e-06 5.77901e-06 0 2.95404e-06 5.79763e-06 0 2.96426e-06 5.81769e-06 0 2.97521e-06 5.83919e-06 0 2.98691e-06 5.86214e-06 0 2.99934e-06 5.88654e-06 0 3.01252e-06 5.9124e-06 0 3.02645e-06 5.93974e-06 0 3.00618e-06 6.13637e-06 0 2.98922e-06 6.10176e-06 0 2.97301e-06 6.06866e-06 0 2.95753e-06 6.03707e-06 0 2.94279e-06 6.00698e-06 0 2.92878e-06 5.97838e-06 0 2.91549e-06 5.95126e-06 0 2.90293e-06 5.92562e-06 0 2.89109e-06 5.90145e-06 0 2.87997e-06 5.87875e-06 0 2.86956e-06 5.8575e-06 0 2.85987e-06 5.83771e-06 0 2.85088e-06 5.81937e-06 0 2.8426e-06 5.80247e-06 0 2.83503e-06 5.78701e-06 0 2.82816e-06 5.77299e-06 0 2.82199e-06 5.7604e-06 0 2.81652e-06 5.74924e-06 0 2.81175e-06 5.7395e-06 0 2.80768e-06 5.73119e-06 0 2.80431e-06 5.72431e-06 0 2.80163e-06 5.71884e-06 0 2.79965e-06 5.71479e-06 0 2.79836e-06 5.71216e-06 0 2.79777e-06 5.71095e-06 0 2.79787e-06 5.71116e-06 0 2.79866e-06 5.71278e-06 0 2.80015e-06 5.71582e-06 0 2.80234e-06 5.72028e-06 0 2.80522e-06 5.72616e-06 0 2.80879e-06 5.73346e-06 0 2.81307e-06 5.74219e-06 0 2.81804e-06 5.75233e-06 0 2.82371e-06 5.76391e-06 0 2.83008e-06 5.77692e-06 0 2.83716e-06 5.79136e-06 0 2.84493e-06 5.80723e-06 0 2.85342e-06 5.82455e-06 0 2.86261e-06 5.84332e-06 0 2.87251e-06 5.86353e-06 0 2.88313e-06 5.8852e-06 0 2.89446e-06 5.90833e-06 0 2.90651e-06 5.93292e-06 0 2.91928e-06 5.95899e-06 0 2.93278e-06 5.98654e-06 0 2.90942e-06 6.18283e-06 0 2.89301e-06 6.14796e-06 0 2.87732e-06 6.11461e-06 0 2.86234e-06 6.08278e-06 0 2.84807e-06 6.05246e-06 0 2.83451e-06 6.02365e-06 0 2.82166e-06 5.99632e-06 0 2.8095e-06 5.97049e-06 0 2.79804e-06 5.94614e-06 0 2.78728e-06 5.92326e-06 0 2.7772e-06 5.90185e-06 0 2.76782e-06 5.88191e-06 0 2.75912e-06 5.86343e-06 0 2.75111e-06 5.8464e-06 0 2.74378e-06 5.83083e-06 0 2.73713e-06 5.8167e-06 0 2.73116e-06 5.80401e-06 0 2.72587e-06 5.79277e-06 0 2.72125e-06 5.78296e-06 0 2.71731e-06 5.77459e-06 0 2.71405e-06 5.76765e-06 0 2.71146e-06 5.76214e-06 0 2.70954e-06 5.75806e-06 0 2.70829e-06 5.75541e-06 0 2.70772e-06 5.75419e-06 0 2.70782e-06 5.7544e-06 0 2.70859e-06 5.75604e-06 0 2.71003e-06 5.7591e-06 0 2.71214e-06 5.76359e-06 0 2.71493e-06 5.76952e-06 0 2.71839e-06 5.77687e-06 0 2.72253e-06 5.78566e-06 0 2.72734e-06 5.79589e-06 0 2.73283e-06 5.80755e-06 0 2.73899e-06 5.82066e-06 0 2.74584e-06 5.83521e-06 0 2.75337e-06 5.8512e-06 0 2.76158e-06 5.86865e-06 0 2.77047e-06 5.88756e-06 0 2.78006e-06 5.90793e-06 0 2.79033e-06 5.92976e-06 0 2.8013e-06 5.95306e-06 0 2.81296e-06 5.97785e-06 0 2.82532e-06 6.00411e-06 0 2.83838e-06 6.03187e-06 0 2.81194e-06 6.22777e-06 0 2.79608e-06 6.19264e-06 0 2.78092e-06 6.15905e-06 0 2.76644e-06 6.12699e-06 0 2.75265e-06 6.09645e-06 0 2.73955e-06 6.06743e-06 0 2.72712e-06 6.0399e-06 0 2.71537e-06 6.01388e-06 0 2.7043e-06 5.98935e-06 0 2.69389e-06 5.96631e-06 0 2.68416e-06 5.94475e-06 0 2.67509e-06 5.92466e-06 0 2.66668e-06 5.90605e-06 0 2.65894e-06 5.88889e-06 0 2.65185e-06 5.87321e-06 0 2.64543e-06 5.85897e-06 0 2.63966e-06 5.8462e-06 0 2.63454e-06 5.83487e-06 0 2.63008e-06 5.82499e-06 0 2.62628e-06 5.81656e-06 0 2.62312e-06 5.80957e-06 0 2.62062e-06 5.80402e-06 0 2.61876e-06 5.79991e-06 0 2.61756e-06 5.79724e-06 0 2.617e-06 5.79602e-06 0 2.6171e-06 5.79622e-06 0 2.61784e-06 5.79787e-06 0 2.61923e-06 5.80096e-06 0 2.62128e-06 5.80548e-06 0 2.62397e-06 5.81145e-06 0 2.62732e-06 5.81886e-06 0 2.63131e-06 5.82771e-06 0 2.63596e-06 5.83801e-06 0 2.64127e-06 5.84976e-06 0 2.64723e-06 5.86296e-06 0 2.65385e-06 5.87762e-06 0 2.66112e-06 5.89373e-06 0 2.66906e-06 5.91131e-06 0 2.67766e-06 5.93035e-06 0 2.68692e-06 5.95086e-06 0 2.69685e-06 5.97286e-06 0 2.70745e-06 5.99633e-06 0 2.71872e-06 6.02129e-06 0 2.73066e-06 6.04775e-06 0 2.74329e-06 6.07571e-06 0 2.71378e-06 6.27116e-06 0 2.69847e-06 6.23579e-06 0 2.68383e-06 6.20197e-06 0 2.66986e-06 6.16969e-06 0 2.65656e-06 6.13894e-06 0 2.64391e-06 6.10971e-06 0 2.63191e-06 6.082e-06 0 2.62058e-06 6.05579e-06 0 2.60989e-06 6.03109e-06 0 2.59985e-06 6.00789e-06 0 2.59045e-06 5.98618e-06 0 2.5817e-06 5.96595e-06 0 2.57358e-06 5.9472e-06 0 2.56611e-06 5.92993e-06 0 2.55927e-06 5.91413e-06 0 2.55307e-06 5.8998e-06 0 2.54751e-06 5.88694e-06 0 2.54257e-06 5.87553e-06 0 2.53826e-06 5.86558e-06 0 2.53459e-06 5.85709e-06 0 2.53154e-06 5.85005e-06 0 2.52913e-06 5.84447e-06 0 2.52734e-06 5.84033e-06 0 2.52617e-06 5.83764e-06 0 2.52564e-06 5.83641e-06 0 2.52573e-06 5.83662e-06 0 2.52645e-06 5.83828e-06 0 2.52779e-06 5.84138e-06 0 2.52976e-06 5.84594e-06 0 2.53236e-06 5.85195e-06 0 2.53559e-06 5.85941e-06 0 2.53945e-06 5.86832e-06 0 2.54394e-06 5.8787e-06 0 2.54906e-06 5.89053e-06 0 2.55481e-06 5.90382e-06 0 2.5612e-06 5.91858e-06 0 2.56822e-06 5.9348e-06 0 2.57588e-06 5.9525e-06 0 2.58418e-06 5.97168e-06 0 2.59311e-06 5.99233e-06 0 2.6027e-06 6.01448e-06 0 2.61293e-06 6.03812e-06 0 2.6238e-06 6.06325e-06 0 2.63533e-06 6.08989e-06 0 2.64752e-06 6.11805e-06 0 2.61494e-06 6.31302e-06 0 2.60019e-06 6.27741e-06 0 2.58609e-06 6.24336e-06 0 2.57262e-06 6.21086e-06 0 2.5598e-06 6.17991e-06 0 2.54761e-06 6.15048e-06 0 2.53606e-06 6.12259e-06 0 2.52513e-06 6.09621e-06 0 2.51483e-06 6.07134e-06 0 2.50516e-06 6.04798e-06 0 2.4961e-06 6.02613e-06 0 2.48767e-06 6.00577e-06 0 2.47985e-06 5.98689e-06 0 2.47265e-06 5.96951e-06 0 2.46606e-06 5.9536e-06 0 2.46009e-06 5.93918e-06 0 2.45472e-06 5.92623e-06 0 2.44997e-06 5.91474e-06 0 2.44582e-06 5.90473e-06 0 2.44228e-06 5.89618e-06 0 2.43934e-06 5.8891e-06 0 2.43701e-06 5.88347e-06 0 2.43529e-06 5.87931e-06 0 2.43417e-06 5.8766e-06 0 2.43365e-06 5.87536e-06 0 2.43374e-06 5.87557e-06 0 2.43443e-06 5.87724e-06 0 2.43573e-06 5.88037e-06 0 2.43763e-06 5.88496e-06 0 2.44013e-06 5.891e-06 0 2.44324e-06 5.89851e-06 0 2.44696e-06 5.90749e-06 0 2.45129e-06 5.91793e-06 0 2.45622e-06 5.92984e-06 0 2.46176e-06 5.94322e-06 0 2.46792e-06 5.95807e-06 0 2.47468e-06 5.97441e-06 0 2.48206e-06 5.99223e-06 0 2.49006e-06 6.01153e-06 0 2.49867e-06 6.03233e-06 0 2.50791e-06 6.05462e-06 0 2.51776e-06 6.07841e-06 0 2.52824e-06 6.10372e-06 0 2.53935e-06 6.13054e-06 0 2.55109e-06 6.15888e-06 0 2.51545e-06 6.35331e-06 0 2.50127e-06 6.31748e-06 0 2.4877e-06 6.28321e-06 0 2.47475e-06 6.25051e-06 0 2.46242e-06 6.21935e-06 0 2.45069e-06 6.18974e-06 0 2.43958e-06 6.16166e-06 0 2.42907e-06 6.13512e-06 0 2.41916e-06 6.11009e-06 0 2.40985e-06 6.08659e-06 0 2.40114e-06 6.06459e-06 0 2.39303e-06 6.0441e-06 0 2.38551e-06 6.02511e-06 0 2.37858e-06 6.00761e-06 0 2.37224e-06 5.99161e-06 0 2.3665e-06 5.97709e-06 0 2.36133e-06 5.96405e-06 0 2.35676e-06 5.9525e-06 0 2.35277e-06 5.94242e-06 0 2.34936e-06 5.93381e-06 0 2.34654e-06 5.92668e-06 0 2.3443e-06 5.92102e-06 0 2.34264e-06 5.91683e-06 0 2.34156e-06 5.91411e-06 0 2.34107e-06 5.91286e-06 0 2.34115e-06 5.91307e-06 0 2.34182e-06 5.91475e-06 0 2.34306e-06 5.9179e-06 0 2.34489e-06 5.92252e-06 0 2.3473e-06 5.92861e-06 0 2.35029e-06 5.93616e-06 0 2.35387e-06 5.9452e-06 0 2.35803e-06 5.9557e-06 0 2.36277e-06 5.96769e-06 0 2.36811e-06 5.98115e-06 0 2.37403e-06 5.9961e-06 0 2.38053e-06 6.01254e-06 0 2.38763e-06 6.03047e-06 0 2.39533e-06 6.0499e-06 0 2.40361e-06 6.07083e-06 0 2.41249e-06 6.09326e-06 0 2.42198e-06 6.11721e-06 0 2.43206e-06 6.14268e-06 0 2.44274e-06 6.16967e-06 0 2.45404e-06 6.19819e-06 0 2.41535e-06 6.39204e-06 0 2.40173e-06 6.35599e-06 0 2.3887e-06 6.32151e-06 0 2.37627e-06 6.28861e-06 0 2.36442e-06 6.25726e-06 0 2.35317e-06 6.22747e-06 0 2.34249e-06 6.19922e-06 0 2.3324e-06 6.17252e-06 0 2.32289e-06 6.14734e-06 0 2.31395e-06 6.12369e-06 0 2.30559e-06 6.10156e-06 0 2.2978e-06 6.08094e-06 0 2.29058e-06 6.06183e-06 0 2.28392e-06 6.04423e-06 0 2.27784e-06 6.02813e-06 0 2.27232e-06 6.01352e-06 0 2.26736e-06 6.00041e-06 0 2.26297e-06 5.98878e-06 0 2.25914e-06 5.97864e-06 0 2.25587e-06 5.96999e-06 0 2.25316e-06 5.96281e-06 0 2.25101e-06 5.95712e-06 0 2.24941e-06 5.9529e-06 0 2.24838e-06 5.95016e-06 0 2.2479e-06 5.9489e-06 0 2.24798e-06 5.94912e-06 0 2.24862e-06 5.95081e-06 0 2.24982e-06 5.95397e-06 0 2.25157e-06 5.95862e-06 0 2.25389e-06 5.96474e-06 0 2.25676e-06 5.97235e-06 0 2.2602e-06 5.98143e-06 0 2.26419e-06 5.99201e-06 0 2.26875e-06 6.00406e-06 0 2.27387e-06 6.01761e-06 0 2.27955e-06 6.03265e-06 0 2.2858e-06 6.04919e-06 0 2.29262e-06 6.06723e-06 0 2.3e-06 6.08678e-06 0 2.30796e-06 6.10783e-06 0 2.31649e-06 6.13041e-06 0 2.32559e-06 6.1545e-06 0 2.33527e-06 6.18012e-06 0 2.34553e-06 6.20728e-06 0 2.35638e-06 6.23597e-06 0 2.31465e-06 6.42919e-06 0 2.3016e-06 6.39293e-06 0 2.28911e-06 6.35825e-06 0 2.2772e-06 6.32516e-06 0 2.26585e-06 6.29363e-06 0 2.25506e-06 6.26366e-06 0 2.24483e-06 6.23525e-06 0 2.23516e-06 6.20839e-06 0 2.22604e-06 6.18307e-06 0 2.21748e-06 6.15928e-06 0 2.20946e-06 6.13702e-06 0 2.202e-06 6.11628e-06 0 2.19508e-06 6.09706e-06 0 2.1887e-06 6.07936e-06 0 2.18287e-06 6.06316e-06 0 2.17758e-06 6.04847e-06 0 2.17283e-06 6.03528e-06 0 2.16862e-06 6.02359e-06 0 2.16495e-06 6.01339e-06 0 2.16182e-06 6.00468e-06 0 2.15922e-06 5.99747e-06 0 2.15716e-06 5.99174e-06 0 2.15563e-06 5.9875e-06 0 2.15464e-06 5.98474e-06 0 2.15418e-06 5.98348e-06 0 2.15426e-06 5.98369e-06 0 2.15487e-06 5.98539e-06 0 2.15602e-06 5.98858e-06 0 2.1577e-06 5.99325e-06 0 2.15992e-06 5.99941e-06 0 2.16267e-06 6.00706e-06 0 2.16596e-06 6.0162e-06 0 2.16979e-06 6.02683e-06 0 2.17416e-06 6.03896e-06 0 2.17907e-06 6.05259e-06 0 2.18451e-06 6.06772e-06 0 2.1905e-06 6.08435e-06 0 2.19703e-06 6.10249e-06 0 2.20411e-06 6.12215e-06 0 2.21174e-06 6.14333e-06 0 2.21991e-06 6.16604e-06 0 2.22863e-06 6.19027e-06 0 2.23791e-06 6.21604e-06 0 2.24774e-06 6.24335e-06 0 2.25814e-06 6.27221e-06 0 2.21338e-06 6.46475e-06 0 2.2009e-06 6.42829e-06 0 2.18896e-06 6.39342e-06 0 2.17756e-06 6.36014e-06 0 2.16671e-06 6.32844e-06 0 2.15639e-06 6.29831e-06 0 2.14661e-06 6.26974e-06 0 2.13737e-06 6.24273e-06 0 2.12865e-06 6.21727e-06 0 2.12046e-06 6.19335e-06 0 2.11279e-06 6.17097e-06 0 2.10566e-06 6.15012e-06 0 2.09904e-06 6.13079e-06 0 2.09294e-06 6.11299e-06 0 2.08737e-06 6.0967e-06 0 2.08231e-06 6.08193e-06 0 2.07777e-06 6.06866e-06 0 2.07374e-06 6.05691e-06 0 2.07023e-06 6.04665e-06 0 2.06723e-06 6.0379e-06 0 2.06475e-06 6.03064e-06 0 2.06278e-06 6.02488e-06 0 2.06132e-06 6.02062e-06 0 2.06037e-06 6.01785e-06 0 2.05993e-06 6.01657e-06 0 2.06001e-06 6.01679e-06 0 2.06059e-06 6.0185e-06 0 2.06169e-06 6.0217e-06 0 2.0633e-06 6.0264e-06 0 2.06542e-06 6.0326e-06 0 2.06805e-06 6.04029e-06 0 2.0712e-06 6.04948e-06 0 2.07486e-06 6.06017e-06 0 2.07904e-06 6.07236e-06 0 2.08373e-06 6.08607e-06 0 2.08893e-06 6.10128e-06 0 2.09466e-06 6.11801e-06 0 2.10091e-06 6.13625e-06 0 2.10768e-06 6.15602e-06 0 2.11497e-06 6.17732e-06 0 2.12278e-06 6.20014e-06 0 2.13113e-06 6.22451e-06 0 2.14e-06 6.25042e-06 0 2.1494e-06 6.27789e-06 0 2.15934e-06 6.30691e-06 0 2.11156e-06 6.49872e-06 0 2.09965e-06 6.46207e-06 0 2.08827e-06 6.42702e-06 0 2.07739e-06 6.39356e-06 0 2.06704e-06 6.3617e-06 0 2.0572e-06 6.33141e-06 0 2.04787e-06 6.30269e-06 0 2.03904e-06 6.27553e-06 0 2.03073e-06 6.24994e-06 0 2.02292e-06 6.22589e-06 0 2.0156e-06 6.20339e-06 0 2.00879e-06 6.18243e-06 0 2.00248e-06 6.16301e-06 0 1.99667e-06 6.14511e-06 0 1.99135e-06 6.12874e-06 0 1.98652e-06 6.11389e-06 0 1.98219e-06 6.10055e-06 0 1.97835e-06 6.08873e-06 0 1.975e-06 6.07842e-06 0 1.97214e-06 6.06962e-06 0 1.96977e-06 6.06233e-06 0 1.96789e-06 6.05654e-06 0 1.9665e-06 6.05225e-06 0 1.96559e-06 6.04947e-06 0 1.96518e-06 6.04819e-06 0 1.96525e-06 6.04841e-06 0 1.9658e-06 6.05012e-06 0 1.96685e-06 6.05335e-06 0 1.96839e-06 6.05807e-06 0 1.97041e-06 6.06429e-06 0 1.97292e-06 6.07203e-06 0 1.97592e-06 6.08126e-06 0 1.97941e-06 6.09201e-06 0 1.9834e-06 6.10427e-06 0 1.98787e-06 6.11805e-06 0 1.99284e-06 6.13334e-06 0 1.99831e-06 6.15015e-06 0 2.00427e-06 6.16849e-06 0 2.01072e-06 6.18837e-06 0 2.01768e-06 6.20977e-06 0 2.02513e-06 6.23272e-06 0 2.03309e-06 6.25722e-06 0 2.04156e-06 6.28327e-06 0 2.05053e-06 6.31087e-06 0 2.06001e-06 6.34005e-06 0 2.00922e-06 6.53109e-06 0 1.99789e-06 6.49425e-06 0 1.98706e-06 6.45903e-06 0 1.97671e-06 6.42541e-06 0 1.96686e-06 6.39338e-06 0 1.9575e-06 6.36294e-06 0 1.94862e-06 6.33408e-06 0 1.94022e-06 6.30679e-06 0 1.93231e-06 6.28106e-06 0 1.92487e-06 6.2569e-06 0 1.91792e-06 6.23429e-06 0 1.91144e-06 6.21322e-06 0 1.90543e-06 6.1937e-06 0 1.8999e-06 6.17571e-06 0 1.89484e-06 6.15926e-06 0 1.89024e-06 6.14433e-06 0 1.88612e-06 6.13093e-06 0 1.88247e-06 6.11906e-06 0 1.87928e-06 6.1087e-06 0 1.87656e-06 6.09985e-06 0 1.8743e-06 6.09252e-06 0 1.87251e-06 6.0867e-06 0 1.87119e-06 6.0824e-06 0 1.87033e-06 6.0796e-06 0 1.86993e-06 6.07831e-06 0 1.87e-06 6.07853e-06 0 1.87053e-06 6.08026e-06 0 1.87153e-06 6.08349e-06 0 1.87299e-06 6.08824e-06 0 1.87491e-06 6.0945e-06 0 1.8773e-06 6.10227e-06 0 1.88016e-06 6.11155e-06 0 1.88348e-06 6.12235e-06 0 1.88727e-06 6.13467e-06 0 1.89153e-06 6.14852e-06 0 1.89626e-06 6.16388e-06 0 1.90146e-06 6.18078e-06 0 1.90713e-06 6.19921e-06 0 1.91327e-06 6.21919e-06 0 1.91989e-06 6.2407e-06 0 1.92699e-06 6.26376e-06 0 1.93456e-06 6.28838e-06 0 1.94261e-06 6.31456e-06 0 1.95115e-06 6.3423e-06 0 1.96017e-06 6.37162e-06 0 1.90639e-06 6.56184e-06 0 1.89564e-06 6.52483e-06 0 1.88536e-06 6.48944e-06 0 1.87554e-06 6.45566e-06 0 1.86619e-06 6.42348e-06 0 1.85731e-06 6.3929e-06 0 1.84888e-06 6.3639e-06 0 1.84092e-06 6.33649e-06 0 1.83341e-06 6.31064e-06 0 1.82636e-06 6.28636e-06 0 1.81976e-06 6.26364e-06 0 1.81361e-06 6.24248e-06 0 1.80791e-06 6.22286e-06 0 1.80266e-06 6.20479e-06 0 1.79786e-06 6.18826e-06 0 1.7935e-06 6.17327e-06 0 1.78959e-06 6.1598e-06 0 1.78612e-06 6.14787e-06 0 1.7831e-06 6.13746e-06 0 1.78052e-06 6.12858e-06 0 1.77838e-06 6.12121e-06 0 1.77668e-06 6.11537e-06 0 1.77542e-06 6.11104e-06 0 1.7746e-06 6.10823e-06 0 1.77423e-06 6.10693e-06 0 1.77429e-06 6.10715e-06 0 1.7748e-06 6.10889e-06 0 1.77574e-06 6.11214e-06 0 1.77713e-06 6.11691e-06 0 1.77895e-06 6.12319e-06 0 1.78122e-06 6.131e-06 0 1.78393e-06 6.14033e-06 0 1.78708e-06 6.15118e-06 0 1.79068e-06 6.16356e-06 0 1.79472e-06 6.17747e-06 0 1.79921e-06 6.19291e-06 0 1.80414e-06 6.20989e-06 0 1.80952e-06 6.22841e-06 0 1.81535e-06 6.24847e-06 0 1.82163e-06 6.27009e-06 0 1.82836e-06 6.29326e-06 0 1.83555e-06 6.31799e-06 0 1.84319e-06 6.34429e-06 0 1.85129e-06 6.37217e-06 0 1.85984e-06 6.40163e-06 0 1.80309e-06 6.59098e-06 0 1.79292e-06 6.5538e-06 0 1.78319e-06 6.51825e-06 0 1.77391e-06 6.48432e-06 0 1.76507e-06 6.452e-06 0 1.75666e-06 6.42129e-06 0 1.7487e-06 6.39216e-06 0 1.74116e-06 6.36462e-06 0 1.73406e-06 6.33866e-06 0 1.72739e-06 6.31427e-06 0 1.72115e-06 6.29145e-06 0 1.71533e-06 6.2702e-06 0 1.70994e-06 6.25049e-06 0 1.70498e-06 6.23234e-06 0 1.70043e-06 6.21574e-06 0 1.69631e-06 6.20068e-06 0 1.69261e-06 6.18715e-06 0 1.68933e-06 6.17517e-06 0 1.68647e-06 6.16471e-06 0 1.68403e-06 6.15579e-06 0 1.68201e-06 6.14839e-06 0 1.6804e-06 6.14252e-06 0 1.67921e-06 6.13817e-06 0 1.67844e-06 6.13535e-06 0 1.67808e-06 6.13405e-06 0 1.67815e-06 6.13427e-06 0 1.67862e-06 6.13601e-06 0 1.67952e-06 6.13928e-06 0 1.68083e-06 6.14407e-06 0 1.68255e-06 6.15038e-06 0 1.6847e-06 6.15822e-06 0 1.68726e-06 6.16759e-06 0 1.69024e-06 6.17849e-06 0 1.69365e-06 6.19093e-06 0 1.69747e-06 6.2049e-06 0 1.70171e-06 6.22041e-06 0 1.70638e-06 6.23746e-06 0 1.71146e-06 6.25606e-06 0 1.71698e-06 6.27621e-06 0 1.72292e-06 6.29793e-06 0 1.72928e-06 6.3212e-06 0 1.73608e-06 6.34604e-06 0 1.74331e-06 6.37246e-06 0 1.75097e-06 6.40046e-06 0 1.75906e-06 6.43005e-06 0 1.69934e-06 6.61848e-06 0 1.68975e-06 6.58116e-06 0 1.68059e-06 6.54546e-06 0 1.67184e-06 6.51139e-06 0 1.66351e-06 6.47893e-06 0 1.65559e-06 6.44809e-06 0 1.64808e-06 6.41884e-06 0 1.64098e-06 6.39118e-06 0 1.63428e-06 6.36512e-06 0 1.628e-06 6.34063e-06 0 1.62211e-06 6.31771e-06 0 1.61663e-06 6.29637e-06 0 1.61155e-06 6.27658e-06 0 1.60687e-06 6.25835e-06 0 1.60259e-06 6.24168e-06 0 1.59871e-06 6.22656e-06 0 1.59522e-06 6.21298e-06 0 1.59213e-06 6.20094e-06 0 1.58943e-06 6.19044e-06 0 1.58713e-06 6.18148e-06 0 1.58523e-06 6.17405e-06 0 1.58371e-06 6.16815e-06 0 1.58259e-06 6.16379e-06 0 1.58186e-06 6.16095e-06 0 1.58153e-06 6.15965e-06 0 1.58159e-06 6.15987e-06 0 1.58204e-06 6.16162e-06 0 1.58288e-06 6.1649e-06 0 1.58411e-06 6.16971e-06 0 1.58574e-06 6.17605e-06 0 1.58776e-06 6.18393e-06 0 1.59018e-06 6.19333e-06 0 1.59299e-06 6.20428e-06 0 1.59619e-06 6.21676e-06 0 1.5998e-06 6.23079e-06 0 1.60379e-06 6.24637e-06 0 1.60819e-06 6.26349e-06 0 1.61299e-06 6.28217e-06 0 1.61818e-06 6.30241e-06 0 1.62378e-06 6.32421e-06 0 1.62978e-06 6.34758e-06 0 1.63619e-06 6.37253e-06 0 1.643e-06 6.39906e-06 0 1.65022e-06 6.42718e-06 0 1.65785e-06 6.45689e-06 0 1.59517e-06 6.64436e-06 0 1.58617e-06 6.60689e-06 0 1.57757e-06 6.57105e-06 0 1.56936e-06 6.53685e-06 0 1.56154e-06 6.50426e-06 0 1.5541e-06 6.47329e-06 0 1.54705e-06 6.44393e-06 0 1.54039e-06 6.41617e-06 0 1.5341e-06 6.39e-06 0 1.5282e-06 6.36542e-06 0 1.52268e-06 6.34241e-06 0 1.51753e-06 6.32098e-06 0 1.51277e-06 6.30112e-06 0 1.50837e-06 6.28282e-06 0 1.50435e-06 6.26608e-06 0 1.50071e-06 6.2509e-06 0 1.49744e-06 6.23727e-06 0 1.49453e-06 6.22518e-06 0 1.492e-06 6.21464e-06 0 1.48984e-06 6.20565e-06 0 1.48805e-06 6.19819e-06 0 1.48663e-06 6.19227e-06 0 1.48558e-06 6.18789e-06 0 1.4849e-06 6.18504e-06 0 1.48458e-06 6.18373e-06 0 1.48464e-06 6.18395e-06 0 1.48506e-06 6.18571e-06 0 1.48585e-06 6.189e-06 0 1.48701e-06 6.19383e-06 0 1.48854e-06 6.2002e-06 0 1.49043e-06 6.2081e-06 0 1.4927e-06 6.21755e-06 0 1.49534e-06 6.22854e-06 0 1.49835e-06 6.24107e-06 0 1.50173e-06 6.25515e-06 0 1.50548e-06 6.27079e-06 0 1.50961e-06 6.28798e-06 0 1.51411e-06 6.30673e-06 0 1.51899e-06 6.32705e-06 0 1.52424e-06 6.34894e-06 0 1.52988e-06 6.3724e-06 0 1.53589e-06 6.39744e-06 0 1.54228e-06 6.42408e-06 0 1.54906e-06 6.4523e-06 0 1.55622e-06 6.48213e-06 0 1.49061e-06 6.6686e-06 0 1.4822e-06 6.63098e-06 0 1.47416e-06 6.59502e-06 0 1.46649e-06 6.56069e-06 0 1.45918e-06 6.52799e-06 0 1.45223e-06 6.49691e-06 0 1.44564e-06 6.46744e-06 0 1.43942e-06 6.43957e-06 0 1.43354e-06 6.41331e-06 0 1.42803e-06 6.38864e-06 0 1.42287e-06 6.36555e-06 0 1.41806e-06 6.34404e-06 0 1.4136e-06 6.3241e-06 0 1.4095e-06 6.30574e-06 0 1.40574e-06 6.28894e-06 0 1.40234e-06 6.2737e-06 0 1.39928e-06 6.26002e-06 0 1.39657e-06 6.24789e-06 0 1.3942e-06 6.23731e-06 0 1.39219e-06 6.22828e-06 0 1.39051e-06 6.2208e-06 0 1.38918e-06 6.21486e-06 0 1.3882e-06 6.21046e-06 0 1.38756e-06 6.2076e-06 0 1.38727e-06 6.20628e-06 0 1.38732e-06 6.20651e-06 0 1.38771e-06 6.20827e-06 0 1.38845e-06 6.21158e-06 0 1.38954e-06 6.21642e-06 0 1.39096e-06 6.22281e-06 0 1.39274e-06 6.23075e-06 0 1.39486e-06 6.24023e-06 0 1.39732e-06 6.25125e-06 0 1.40013e-06 6.26383e-06 0 1.40329e-06 6.27797e-06 0 1.4068e-06 6.29366e-06 0 1.41066e-06 6.31092e-06 0 1.41486e-06 6.32974e-06 0 1.41942e-06 6.35013e-06 0 1.42433e-06 6.37209e-06 0 1.4296e-06 6.39564e-06 0 1.43521e-06 6.42078e-06 0 1.44119e-06 6.44751e-06 0 1.44752e-06 6.47584e-06 0 1.45421e-06 6.50577e-06 0 1.38568e-06 6.69119e-06 0 1.37786e-06 6.65345e-06 0 1.37039e-06 6.61736e-06 0 1.36326e-06 6.58291e-06 0 1.35646e-06 6.5501e-06 0 1.35e-06 6.51892e-06 0 1.34388e-06 6.48935e-06 0 1.33809e-06 6.46139e-06 0 1.33263e-06 6.43504e-06 0 1.3275e-06 6.41028e-06 0 1.32271e-06 6.38711e-06 0 1.31824e-06 6.36553e-06 0 1.3141e-06 6.34553e-06 0 1.31028e-06 6.3271e-06 0 1.30679e-06 6.31024e-06 0 1.30362e-06 6.29495e-06 0 1.30078e-06 6.28122e-06 0 1.29826e-06 6.26905e-06 0 1.29606e-06 6.25844e-06 0 1.29418e-06 6.24938e-06 0 1.29263e-06 6.24187e-06 0 1.29139e-06 6.23591e-06 0 1.29048e-06 6.2315e-06 0 1.28989e-06 6.22863e-06 0 1.28961e-06 6.22731e-06 0 1.28966e-06 6.22753e-06 0 1.29003e-06 6.2293e-06 0 1.29071e-06 6.23262e-06 0 1.29172e-06 6.23748e-06 0 1.29305e-06 6.24389e-06 0 1.2947e-06 6.25185e-06 0 1.29667e-06 6.26137e-06 0 1.29896e-06 6.27243e-06 0 1.30157e-06 6.28505e-06 0 1.30451e-06 6.29924e-06 0 1.30777e-06 6.31498e-06 0 1.31136e-06 6.33229e-06 0 1.31527e-06 6.35118e-06 0 1.3195e-06 6.37164e-06 0 1.32407e-06 6.39368e-06 0 1.32896e-06 6.41731e-06 0 1.33418e-06 6.44253e-06 0 1.33974e-06 6.46935e-06 0 1.34562e-06 6.49778e-06 0 1.35185e-06 6.52781e-06 0 1.28041e-06 6.71213e-06 0 1.27319e-06 6.67427e-06 0 1.26628e-06 6.63807e-06 0 1.25969e-06 6.60352e-06 0 1.25341e-06 6.5706e-06 0 1.24744e-06 6.53932e-06 0 1.24178e-06 6.50966e-06 0 1.23643e-06 6.48161e-06 0 1.23139e-06 6.45517e-06 0 1.22665e-06 6.43034e-06 0 1.22222e-06 6.4071e-06 0 1.21809e-06 6.38545e-06 0 1.21426e-06 6.36539e-06 0 1.21074e-06 6.3469e-06 0 1.20751e-06 6.32999e-06 0 1.20458e-06 6.31465e-06 0 1.20196e-06 6.30088e-06 0 1.19963e-06 6.28867e-06 0 1.1976e-06 6.27803e-06 0 1.19586e-06 6.26894e-06 0 1.19443e-06 6.2614e-06 0 1.19329e-06 6.25542e-06 0 1.19244e-06 6.251e-06 0 1.19189e-06 6.24812e-06 0 1.19164e-06 6.2468e-06 0 1.19168e-06 6.24702e-06 0 1.19202e-06 6.2488e-06 0 1.19266e-06 6.25212e-06 0 1.19359e-06 6.257e-06 0 1.19481e-06 6.26343e-06 0 1.19634e-06 6.27142e-06 0 1.19816e-06 6.28096e-06 0 1.20027e-06 6.29206e-06 0 1.20269e-06 6.30472e-06 0 1.2054e-06 6.31895e-06 0 1.20842e-06 6.33474e-06 0 1.21173e-06 6.35211e-06 0 1.21534e-06 6.37105e-06 0 1.21926e-06 6.39158e-06 0 1.22348e-06 6.41369e-06 0 1.228e-06 6.43739e-06 0 1.23282e-06 6.46269e-06 0 1.23796e-06 6.4896e-06 0 1.2434e-06 6.51811e-06 0 1.24914e-06 6.54824e-06 0 1.17482e-06 6.73141e-06 0 1.16819e-06 6.69344e-06 0 1.16186e-06 6.65714e-06 0 1.15581e-06 6.62249e-06 0 1.15005e-06 6.58948e-06 0 1.14457e-06 6.5581e-06 0 1.13938e-06 6.52836e-06 0 1.13447e-06 6.50023e-06 0 1.12984e-06 6.47372e-06 0 1.1255e-06 6.44881e-06 0 1.12143e-06 6.42551e-06 0 1.11764e-06 6.4038e-06 0 1.11413e-06 6.38367e-06 0 1.11089e-06 6.36514e-06 0 1.10793e-06 6.34818e-06 0 1.10525e-06 6.33279e-06 0 1.10284e-06 6.31898e-06 0 1.1007e-06 6.30674e-06 0 1.09884e-06 6.29606e-06 0 1.09725e-06 6.28695e-06 0 1.09593e-06 6.27939e-06 0 1.09488e-06 6.2734e-06 0 1.09411e-06 6.26896e-06 0 1.0936e-06 6.26607e-06 0 1.09337e-06 6.26474e-06 0 1.09341e-06 6.26497e-06 0 1.09372e-06 6.26675e-06 0 1.09431e-06 6.27009e-06 0 1.09516e-06 6.27498e-06 0 1.09628e-06 6.28143e-06 0 1.09768e-06 6.28944e-06 0 1.09935e-06 6.29901e-06 0 1.1013e-06 6.31014e-06 0 1.10351e-06 6.32284e-06 0 1.106e-06 6.3371e-06 0 1.10877e-06 6.35294e-06 0 1.11181e-06 6.37036e-06 0 1.11512e-06 6.38936e-06 0 1.11871e-06 6.40994e-06 0 1.12258e-06 6.43212e-06 0 1.12673e-06 6.45589e-06 0 1.13116e-06 6.48126e-06 0 1.13587e-06 6.50824e-06 0 1.14086e-06 6.53684e-06 0 1.14613e-06 6.56706e-06 0 1.06894e-06 6.74903e-06 0 1.06291e-06 6.71097e-06 0 1.05715e-06 6.67457e-06 0 1.05164e-06 6.63982e-06 0 1.0464e-06 6.60673e-06 0 1.04142e-06 6.57527e-06 0 1.0367e-06 6.54545e-06 0 1.03223e-06 6.51725e-06 0 1.02802e-06 6.49067e-06 0 1.02407e-06 6.4657e-06 0 1.02036e-06 6.44233e-06 0 1.01692e-06 6.42056e-06 0 1.01372e-06 6.40039e-06 0 1.01078e-06 6.3818e-06 0 1.00808e-06 6.3648e-06 0 1.00564e-06 6.34937e-06 0 1.00345e-06 6.33553e-06 0 1.0015e-06 6.32325e-06 0 9.99809e-07 6.31255e-06 0 9.98362e-07 6.30341e-06 0 9.97162e-07 6.29583e-06 0 9.9621e-07 6.28982e-06 0 9.95505e-07 6.28537e-06 0 9.95047e-07 6.28248e-06 0 9.94836e-07 6.28115e-06 0 9.94872e-07 6.28137e-06 0 9.95154e-07 6.28316e-06 0 9.95684e-07 6.2865e-06 0 9.96461e-07 6.29141e-06 0 9.97485e-07 6.29787e-06 0 9.98757e-07 6.3059e-06 0 1.00028e-06 6.3155e-06 0 1.00204e-06 6.32666e-06 0 1.00406e-06 6.33939e-06 0 1.00633e-06 6.35369e-06 0 1.00884e-06 6.36958e-06 0 1.01161e-06 6.38704e-06 0 1.01462e-06 6.40609e-06 0 1.01789e-06 6.42672e-06 0 1.02141e-06 6.44896e-06 0 1.02519e-06 6.47279e-06 0 1.02922e-06 6.49823e-06 0 1.0335e-06 6.52528e-06 0 1.03804e-06 6.55395e-06 0 1.04284e-06 6.58425e-06 0 9.62801e-07 6.76499e-06 0 9.5737e-07 6.72684e-06 0 9.52178e-07 6.69035e-06 0 9.47221e-07 6.65552e-06 0 9.425e-07 6.62235e-06 0 9.38013e-07 6.59082e-06 0 9.33758e-07 6.56093e-06 0 9.29735e-07 6.53266e-06 0 9.25943e-07 6.50601e-06 0 9.2238e-07 6.48098e-06 0 9.19047e-07 6.45756e-06 0 9.15942e-07 6.43574e-06 0 9.13064e-07 6.41552e-06 0 9.10412e-07 6.39689e-06 0 9.07987e-07 6.37985e-06 0 9.05786e-07 6.36439e-06 0 9.03811e-07 6.35051e-06 0 9.0206e-07 6.3382e-06 0 9.00533e-07 6.32747e-06 0 8.99229e-07 6.31831e-06 0 8.98148e-07 6.31072e-06 0 8.97291e-07 6.30469e-06 0 8.96656e-07 6.30023e-06 0 8.96243e-07 6.29733e-06 0 8.96053e-07 6.296e-06 0 8.96085e-07 6.29622e-06 0 8.9634e-07 6.29801e-06 0 8.96817e-07 6.30137e-06 0 8.97517e-07 6.30628e-06 0 8.98439e-07 6.31276e-06 0 8.99585e-07 6.32081e-06 0 9.00953e-07 6.33043e-06 0 9.02546e-07 6.34162e-06 0 9.04362e-07 6.35438e-06 0 9.06403e-07 6.36872e-06 0 9.08668e-07 6.38464e-06 0 9.11159e-07 6.40214e-06 0 9.13877e-07 6.42123e-06 0 9.16821e-07 6.44192e-06 0 9.19992e-07 6.4642e-06 0 9.23392e-07 6.48809e-06 0 9.27021e-07 6.51359e-06 0 9.30881e-07 6.54071e-06 0 9.34971e-07 6.56945e-06 0 9.39293e-07 6.59982e-06 0 8.56422e-07 6.77928e-06 0 8.51592e-07 6.74104e-06 0 8.46973e-07 6.70448e-06 0 8.42564e-07 6.66958e-06 0 8.38364e-07 6.63634e-06 0 8.34373e-07 6.60474e-06 0 8.30588e-07 6.57478e-06 0 8.2701e-07 6.54646e-06 0 8.23637e-07 6.51976e-06 0 8.20468e-07 6.49467e-06 0 8.17503e-07 6.4712e-06 0 8.1474e-07 6.44933e-06 0 8.1218e-07 6.42907e-06 0 8.09822e-07 6.4104e-06 0 8.07664e-07 6.39332e-06 0 8.05707e-07 6.37783e-06 0 8.0395e-07 6.36392e-06 0 8.02392e-07 6.35159e-06 0 8.01034e-07 6.34084e-06 0 7.99874e-07 6.33166e-06 0 7.98913e-07 6.32405e-06 0 7.9815e-07 6.31801e-06 0 7.97585e-07 6.31354e-06 0 7.97218e-07 6.31063e-06 0 7.97049e-07 6.30929e-06 0 7.97078e-07 6.30952e-06 0 7.97305e-07 6.31132e-06 0 7.97729e-07 6.31468e-06 0 7.98351e-07 6.3196e-06 0 7.99172e-07 6.3261e-06 0 8.00191e-07 6.33416e-06 0 8.01408e-07 6.3438e-06 0 8.02825e-07 6.35501e-06 0 8.0444e-07 6.3678e-06 0 8.06255e-07 6.38217e-06 0 8.08271e-07 6.39812e-06 0 8.10487e-07 6.41566e-06 0 8.12904e-07 6.4348e-06 0 8.15522e-07 6.45552e-06 0 8.18344e-07 6.47786e-06 0 8.21368e-07 6.5018e-06 0 8.24596e-07 6.52735e-06 0 8.28029e-07 6.55452e-06 0 8.31667e-07 6.58332e-06 0 8.35512e-07 6.61376e-06 0 7.49832e-07 6.79189e-06 0 7.45603e-07 6.75359e-06 0 7.41559e-07 6.71696e-06 0 7.37699e-07 6.68199e-06 0 7.34022e-07 6.64869e-06 0 7.30527e-07 6.61703e-06 0 7.27214e-07 6.58702e-06 0 7.2408e-07 6.55864e-06 0 7.21127e-07 6.53189e-06 0 7.18353e-07 6.50676e-06 0 7.15757e-07 6.48324e-06 0 7.13338e-07 6.46134e-06 0 7.11097e-07 6.44103e-06 0 7.09032e-07 6.42233e-06 0 7.07143e-07 6.40522e-06 0 7.05429e-07 6.3897e-06 0 7.03891e-07 6.37576e-06 0 7.02527e-07 6.36341e-06 0 7.01338e-07 6.35264e-06 0 7.00322e-07 6.34344e-06 0 6.99481e-07 6.33582e-06 0 6.98813e-07 6.32977e-06 0 6.98318e-07 6.32529e-06 0 6.97997e-07 6.32238e-06 0 6.97849e-07 6.32104e-06 0 6.97874e-07 6.32126e-06 0 6.98072e-07 6.32306e-06 0 6.98444e-07 6.32643e-06 0 6.98989e-07 6.33136e-06 0 6.99707e-07 6.33787e-06 0 7.00599e-07 6.34595e-06 0 7.01665e-07 6.35561e-06 0 7.02905e-07 6.36684e-06 0 7.0432e-07 6.37965e-06 0 7.05909e-07 6.39405e-06 0 7.07674e-07 6.41003e-06 0 7.09614e-07 6.4276e-06 0 7.1173e-07 6.44677e-06 0 7.14023e-07 6.46754e-06 0 7.16493e-07 6.48991e-06 0 7.19141e-07 6.5139e-06 0 7.21967e-07 6.5395e-06 0 7.24973e-07 6.56672e-06 0 7.28158e-07 6.59557e-06 0 7.31524e-07 6.62606e-06 0 6.43057e-07 6.80283e-06 0 6.3943e-07 6.76447e-06 0 6.35962e-07 6.72778e-06 0 6.32652e-07 6.69276e-06 0 6.29498e-07 6.6594e-06 0 6.26501e-07 6.62769e-06 0 6.23659e-07 6.59763e-06 0 6.20973e-07 6.5692e-06 0 6.1844e-07 6.54241e-06 0 6.1606e-07 6.51724e-06 0 6.13834e-07 6.49369e-06 0 6.1176e-07 6.47174e-06 0 6.09838e-07 6.45141e-06 0 6.08067e-07 6.43267e-06 0 6.06447e-07 6.41554e-06 0 6.04977e-07 6.39999e-06 0 6.03658e-07 6.38603e-06 0 6.02488e-07 6.37366e-06 0 6.01468e-07 6.36287e-06 0 6.00597e-07 6.35366e-06 0 5.99876e-07 6.34602e-06 0 5.99303e-07 6.33996e-06 0 5.98879e-07 6.33547e-06 0 5.98603e-07 6.33256e-06 0 5.98476e-07 6.33122e-06 0 5.98498e-07 6.33145e-06 0 5.98668e-07 6.33325e-06 0 5.98987e-07 6.33662e-06 0 5.99454e-07 6.34156e-06 0 6.0007e-07 6.34808e-06 0 6.00835e-07 6.35617e-06 0 6.01749e-07 6.36584e-06 0 6.02813e-07 6.37709e-06 0 6.04026e-07 6.38993e-06 0 6.05389e-07 6.40434e-06 0 6.06902e-07 6.42035e-06 0 6.08566e-07 6.43795e-06 0 6.10381e-07 6.45715e-06 0 6.12347e-07 6.47796e-06 0 6.14465e-07 6.50037e-06 0 6.16736e-07 6.52439e-06 0 6.1916e-07 6.55003e-06 0 6.21738e-07 6.5773e-06 0 6.24469e-07 6.6062e-06 0 6.27356e-07 6.63674e-06 0 5.36124e-07 6.8121e-06 0 5.331e-07 6.77368e-06 0 5.30208e-07 6.73694e-06 0 5.27448e-07 6.70187e-06 0 5.24819e-07 6.66846e-06 0 5.22321e-07 6.63671e-06 0 5.19951e-07 6.60661e-06 0 5.17711e-07 6.57815e-06 0 5.156e-07 6.55132e-06 0 5.13616e-07 6.52611e-06 0 5.1176e-07 6.50253e-06 0 5.10031e-07 6.48055e-06 0 5.08428e-07 6.46019e-06 0 5.06952e-07 6.44143e-06 0 5.05601e-07 6.42427e-06 0 5.04376e-07 6.4087e-06 0 5.03276e-07 6.39473e-06 0 5.02301e-07 6.38234e-06 0 5.0145e-07 6.37153e-06 0 5.00724e-07 6.36231e-06 0 5.00123e-07 6.35466e-06 0 4.99645e-07 6.34859e-06 0 4.99291e-07 6.3441e-06 0 4.99062e-07 6.34118e-06 0 4.98956e-07 6.33984e-06 0 4.98974e-07 6.34007e-06 0 4.99116e-07 6.34187e-06 0 4.99381e-07 6.34524e-06 0 4.99771e-07 6.35019e-06 0 5.00285e-07 6.35672e-06 0 5.00923e-07 6.36482e-06 0 5.01685e-07 6.37451e-06 0 5.02571e-07 6.38577e-06 0 5.03583e-07 6.39863e-06 0 5.04719e-07 6.41306e-06 0 5.05981e-07 6.42909e-06 0 5.07368e-07 6.44672e-06 0 5.08881e-07 6.46594e-06 0 5.1052e-07 6.48677e-06 0 5.12286e-07 6.50921e-06 0 5.1418e-07 6.53327e-06 0 5.162e-07 6.55895e-06 0 5.18349e-07 6.58625e-06 0 5.20627e-07 6.61519e-06 0 5.23034e-07 6.64577e-06 0 4.29058e-07 6.81968e-06 0 4.26638e-07 6.78121e-06 0 4.24324e-07 6.74443e-06 0 4.22115e-07 6.70933e-06 0 4.20011e-07 6.67588e-06 0 4.18011e-07 6.6441e-06 0 4.16115e-07 6.61396e-06 0 4.14322e-07 6.58547e-06 0 4.12633e-07 6.55861e-06 0 4.11045e-07 6.53337e-06 0 4.0956e-07 6.50976e-06 0 4.08176e-07 6.48777e-06 0 4.06893e-07 6.46738e-06 0 4.05711e-07 6.4486e-06 0 4.04631e-07 6.43142e-06 0 4.0365e-07 6.41583e-06 0 4.0277e-07 6.40184e-06 0 4.01989e-07 6.38944e-06 0 4.01309e-07 6.37862e-06 0 4.00728e-07 6.36939e-06 0 4.00246e-07 6.36173e-06 0 3.99864e-07 6.35566e-06 0 3.99581e-07 6.35116e-06 0 3.99397e-07 6.34824e-06 0 3.99313e-07 6.34689e-06 0 3.99327e-07 6.34712e-06 0 3.9944e-07 6.34892e-06 0 3.99653e-07 6.3523e-06 0 3.99965e-07 6.35726e-06 0 4.00376e-07 6.36379e-06 0 4.00886e-07 6.37191e-06 0 4.01496e-07 6.3816e-06 0 4.02206e-07 6.39288e-06 0 4.03015e-07 6.40575e-06 0 4.03925e-07 6.4202e-06 0 4.04934e-07 6.43625e-06 0 4.06045e-07 6.45389e-06 0 4.07255e-07 6.47314e-06 0 4.08567e-07 6.49399e-06 0 4.09981e-07 6.51646e-06 0 4.11496e-07 6.54054e-06 0 4.13113e-07 6.56625e-06 0 4.14833e-07 6.59358e-06 0 4.16656e-07 6.62255e-06 0 4.18582e-07 6.65317e-06 0 3.21886e-07 6.82558e-06 0 3.2007e-07 6.78708e-06 0 3.18334e-07 6.75027e-06 0 3.16677e-07 6.71513e-06 0 3.15099e-07 6.68166e-06 0 3.13599e-07 6.64984e-06 0 3.12176e-07 6.61968e-06 0 3.10831e-07 6.59116e-06 0 3.09564e-07 6.56428e-06 0 3.08373e-07 6.53902e-06 0 3.07258e-07 6.51539e-06 0 3.0622e-07 6.49338e-06 0 3.05258e-07 6.47297e-06 0 3.04371e-07 6.45418e-06 0 3.0356e-07 6.43698e-06 0 3.02825e-07 6.42138e-06 0 3.02164e-07 6.40738e-06 0 3.01579e-07 6.39496e-06 0 3.01068e-07 6.38414e-06 0 3.00632e-07 6.3749e-06 0 3.00271e-07 6.36723e-06 0 2.99984e-07 6.36115e-06 0 2.99772e-07 6.35665e-06 0 2.99634e-07 6.35373e-06 0 2.99571e-07 6.35238e-06 0 2.99581e-07 6.35261e-06 0 2.99667e-07 6.35442e-06 0 2.99826e-07 6.3578e-06 0 3.0006e-07 6.36276e-06 0 3.00368e-07 6.3693e-06 0 3.00751e-07 6.37742e-06 0 3.01209e-07 6.38712e-06 0 3.01741e-07 6.39841e-06 0 3.02349e-07 6.41129e-06 0 3.03031e-07 6.42575e-06 0 3.03788e-07 6.44181e-06 0 3.04621e-07 6.45947e-06 0 3.0553e-07 6.47874e-06 0 3.06514e-07 6.49961e-06 0 3.07574e-07 6.52209e-06 0 3.08711e-07 6.5462e-06 0 3.09924e-07 6.57192e-06 0 3.11214e-07 6.59928e-06 0 3.12582e-07 6.62828e-06 0 3.14027e-07 6.65892e-06 0 2.14635e-07 6.82979e-06 0 2.13424e-07 6.79127e-06 0 2.12267e-07 6.75443e-06 0 2.11162e-07 6.71927e-06 0 2.10109e-07 6.68578e-06 0 2.09109e-07 6.65395e-06 0 2.0816e-07 6.62377e-06 0 2.07264e-07 6.59523e-06 0 2.06418e-07 6.56833e-06 0 2.05624e-07 6.54306e-06 0 2.04881e-07 6.51941e-06 0 2.04189e-07 6.49739e-06 0 2.03547e-07 6.47697e-06 0 2.02956e-07 6.45816e-06 0 2.02415e-07 6.44096e-06 0 2.01925e-07 6.42535e-06 0 2.01484e-07 6.41133e-06 0 2.01094e-07 6.39891e-06 0 2.00753e-07 6.38808e-06 0 2.00463e-07 6.37883e-06 0 2.00222e-07 6.37117e-06 0 2.00031e-07 6.36508e-06 0 1.99889e-07 6.36058e-06 0 1.99797e-07 6.35765e-06 0 1.99755e-07 6.3563e-06 0 1.99762e-07 6.35653e-06 0 1.99819e-07 6.35834e-06 0 1.99925e-07 6.36172e-06 0 2.00081e-07 6.36669e-06 0 2.00287e-07 6.37323e-06 0 2.00542e-07 6.38136e-06 0 2.00847e-07 6.39106e-06 0 2.01202e-07 6.40236e-06 0 2.01607e-07 6.41524e-06 0 2.02062e-07 6.42972e-06 0 2.02567e-07 6.44579e-06 0 2.03123e-07 6.46346e-06 0 2.03728e-07 6.48274e-06 0 2.04385e-07 6.50362e-06 0 2.05092e-07 6.52612e-06 0 2.0585e-07 6.55024e-06 0 2.06659e-07 6.57598e-06 0 2.07519e-07 6.60336e-06 0 2.08431e-07 6.63237e-06 0 2.09394e-07 6.66303e-06 0 1.07331e-07 6.83232e-06 0 1.06725e-07 6.79378e-06 0 1.06146e-07 6.75693e-06 0 1.05594e-07 6.72176e-06 0 1.05068e-07 6.68826e-06 0 1.04567e-07 6.65641e-06 0 1.04093e-07 6.62622e-06 0 1.03645e-07 6.59767e-06 0 1.03222e-07 6.57076e-06 0 1.02825e-07 6.54548e-06 0 1.02453e-07 6.52183e-06 0 1.02107e-07 6.49979e-06 0 1.01786e-07 6.47937e-06 0 1.0149e-07 6.46055e-06 0 1.0122e-07 6.44334e-06 0 1.00975e-07 6.42773e-06 0 1.00755e-07 6.41371e-06 0 1.00559e-07 6.40128e-06 0 1.00389e-07 6.39044e-06 0 1.00244e-07 6.38119e-06 0 1.00123e-07 6.37352e-06 0 1.00028e-07 6.36744e-06 0 9.99569e-08 6.36293e-06 0 9.99109e-08 6.36e-06 0 9.98898e-08 6.35866e-06 0 9.98934e-08 6.35889e-06 0 9.99218e-08 6.36069e-06 0 9.99749e-08 6.36408e-06 0 1.00053e-07 6.36904e-06 0 1.00156e-07 6.37559e-06 0 1.00283e-07 6.38372e-06 0 1.00436e-07 6.39343e-06 0 1.00614e-07 6.40473e-06 0 1.00816e-07 6.41762e-06 0 1.01044e-07 6.4321e-06 0 1.01296e-07 6.44818e-06 0 1.01574e-07 6.46586e-06 0 1.01877e-07 6.48514e-06 0 1.02205e-07 6.50603e-06 0 1.02558e-07 6.52854e-06 0 1.02937e-07 6.55266e-06 0 1.03342e-07 6.57842e-06 0 1.03772e-07 6.6058e-06 0 1.04228e-07 6.63483e-06 0 1.0471e-07 6.6655e-06 0 1.06865e-20 6.83316e-06 0 2.2496e-21 6.79462e-06 0 -4.62466e-21 6.75777e-06 0 -9.68993e-21 6.72259e-06 0 -1.36348e-20 6.68908e-06 0 -1.84742e-20 6.65723e-06 0 -2.28885e-20 6.62704e-06 0 -2.71474e-20 6.59849e-06 0 -2.99865e-20 6.57157e-06 0 -3.29866e-20 6.54629e-06 0 -3.63732e-20 6.52263e-06 0 -3.92709e-20 6.50059e-06 0 -4.25359e-20 6.48017e-06 0 -4.49324e-20 6.46135e-06 0 -4.82645e-20 6.44413e-06 0 -5.21121e-20 6.42852e-06 0 -5.59813e-20 6.4145e-06 0 -5.87781e-20 6.40207e-06 0 -6.2794e-20 6.39123e-06 0 -6.62509e-20 6.38198e-06 0 -6.76763e-20 6.37431e-06 0 -6.97929e-20 6.36822e-06 0 -7.14376e-20 6.36372e-06 0 -7.54559e-20 6.36079e-06 0 -7.85883e-20 6.35944e-06 0 -8.17852e-20 6.35967e-06 0 -8.37016e-20 6.36148e-06 0 -8.59185e-20 6.36486e-06 0 -8.84414e-20 6.36983e-06 0 -9.12443e-20 6.37638e-06 0 -9.30817e-20 6.38451e-06 0 -9.58141e-20 6.39422e-06 0 -9.86142e-20 6.40552e-06 0 -1.01549e-19 6.41841e-06 0 -1.04466e-19 6.43289e-06 0 -1.08718e-19 6.44897e-06 0 -1.13256e-19 6.46665e-06 0 -1.17167e-19 6.48594e-06 0 -1.21892e-19 6.50683e-06 0 -1.26174e-19 6.52934e-06 0 -1.30122e-19 6.55347e-06 0 -1.34389e-19 6.57923e-06 0 -1.38567e-19 6.60662e-06 0 -1.43763e-19 6.63565e-06 0 -1.50739e-19 6.66632e-06 0 -1.07331e-07 6.83232e-06 0 -1.06725e-07 6.79378e-06 0 -1.06146e-07 6.75693e-06 0 -1.05594e-07 6.72176e-06 0 -1.05068e-07 6.68826e-06 0 -1.04567e-07 6.65641e-06 0 -1.04093e-07 6.62622e-06 0 -1.03645e-07 6.59767e-06 0 -1.03222e-07 6.57076e-06 0 -1.02825e-07 6.54548e-06 0 -1.02453e-07 6.52183e-06 0 -1.02107e-07 6.49979e-06 0 -1.01786e-07 6.47937e-06 0 -1.0149e-07 6.46055e-06 0 -1.0122e-07 6.44334e-06 0 -1.00975e-07 6.42773e-06 0 -1.00755e-07 6.41371e-06 0 -1.00559e-07 6.40128e-06 0 -1.00389e-07 6.39044e-06 0 -1.00244e-07 6.38119e-06 0 -1.00123e-07 6.37352e-06 0 -1.00028e-07 6.36744e-06 0 -9.99569e-08 6.36293e-06 0 -9.99109e-08 6.36e-06 0 -9.98898e-08 6.35866e-06 0 -9.98934e-08 6.35889e-06 0 -9.99218e-08 6.36069e-06 0 -9.99749e-08 6.36408e-06 0 -1.00053e-07 6.36904e-06 0 -1.00156e-07 6.37559e-06 0 -1.00283e-07 6.38372e-06 0 -1.00436e-07 6.39343e-06 0 -1.00614e-07 6.40473e-06 0 -1.00816e-07 6.41762e-06 0 -1.01044e-07 6.4321e-06 0 -1.01296e-07 6.44818e-06 0 -1.01574e-07 6.46586e-06 0 -1.01877e-07 6.48514e-06 0 -1.02205e-07 6.50603e-06 0 -1.02558e-07 6.52854e-06 0 -1.02937e-07 6.55266e-06 0 -1.03342e-07 6.57842e-06 0 -1.03772e-07 6.6058e-06 0 -1.04228e-07 6.63483e-06 0 -1.0471e-07 6.6655e-06 0 -2.14635e-07 6.82979e-06 0 -2.13424e-07 6.79127e-06 0 -2.12267e-07 6.75443e-06 0 -2.11162e-07 6.71927e-06 0 -2.10109e-07 6.68578e-06 0 -2.09109e-07 6.65395e-06 0 -2.0816e-07 6.62377e-06 0 -2.07264e-07 6.59523e-06 0 -2.06418e-07 6.56833e-06 0 -2.05624e-07 6.54306e-06 0 -2.04881e-07 6.51941e-06 0 -2.04189e-07 6.49739e-06 0 -2.03547e-07 6.47697e-06 0 -2.02956e-07 6.45816e-06 0 -2.02415e-07 6.44096e-06 0 -2.01925e-07 6.42535e-06 0 -2.01484e-07 6.41133e-06 0 -2.01094e-07 6.39891e-06 0 -2.00753e-07 6.38808e-06 0 -2.00463e-07 6.37883e-06 0 -2.00222e-07 6.37117e-06 0 -2.00031e-07 6.36508e-06 0 -1.99889e-07 6.36058e-06 0 -1.99797e-07 6.35765e-06 0 -1.99755e-07 6.3563e-06 0 -1.99762e-07 6.35653e-06 0 -1.99819e-07 6.35834e-06 0 -1.99925e-07 6.36172e-06 0 -2.00081e-07 6.36669e-06 0 -2.00287e-07 6.37323e-06 0 -2.00542e-07 6.38136e-06 0 -2.00847e-07 6.39106e-06 0 -2.01202e-07 6.40236e-06 0 -2.01607e-07 6.41524e-06 0 -2.02062e-07 6.42972e-06 0 -2.02567e-07 6.44579e-06 0 -2.03123e-07 6.46346e-06 0 -2.03728e-07 6.48274e-06 0 -2.04385e-07 6.50362e-06 0 -2.05092e-07 6.52612e-06 0 -2.0585e-07 6.55024e-06 0 -2.06659e-07 6.57598e-06 0 -2.07519e-07 6.60336e-06 0 -2.08431e-07 6.63237e-06 0 -2.09394e-07 6.66303e-06 0 -3.21886e-07 6.82558e-06 0 -3.2007e-07 6.78708e-06 0 -3.18334e-07 6.75027e-06 0 -3.16677e-07 6.71513e-06 0 -3.15099e-07 6.68166e-06 0 -3.13599e-07 6.64984e-06 0 -3.12176e-07 6.61968e-06 0 -3.10831e-07 6.59116e-06 0 -3.09564e-07 6.56428e-06 0 -3.08373e-07 6.53902e-06 0 -3.07258e-07 6.51539e-06 0 -3.0622e-07 6.49338e-06 0 -3.05258e-07 6.47297e-06 0 -3.04371e-07 6.45418e-06 0 -3.0356e-07 6.43698e-06 0 -3.02825e-07 6.42138e-06 0 -3.02164e-07 6.40738e-06 0 -3.01579e-07 6.39496e-06 0 -3.01068e-07 6.38414e-06 0 -3.00632e-07 6.3749e-06 0 -3.00271e-07 6.36723e-06 0 -2.99984e-07 6.36115e-06 0 -2.99772e-07 6.35665e-06 0 -2.99634e-07 6.35373e-06 0 -2.99571e-07 6.35238e-06 0 -2.99581e-07 6.35261e-06 0 -2.99667e-07 6.35442e-06 0 -2.99826e-07 6.3578e-06 0 -3.0006e-07 6.36276e-06 0 -3.00368e-07 6.3693e-06 0 -3.00751e-07 6.37742e-06 0 -3.01209e-07 6.38712e-06 0 -3.01741e-07 6.39841e-06 0 -3.02349e-07 6.41129e-06 0 -3.03031e-07 6.42575e-06 0 -3.03788e-07 6.44181e-06 0 -3.04621e-07 6.45947e-06 0 -3.0553e-07 6.47874e-06 0 -3.06514e-07 6.49961e-06 0 -3.07574e-07 6.52209e-06 0 -3.08711e-07 6.5462e-06 0 -3.09924e-07 6.57192e-06 0 -3.11214e-07 6.59928e-06 0 -3.12582e-07 6.62828e-06 0 -3.14027e-07 6.65892e-06 0 -4.29058e-07 6.81968e-06 0 -4.26638e-07 6.78121e-06 0 -4.24324e-07 6.74443e-06 0 -4.22115e-07 6.70933e-06 0 -4.20011e-07 6.67588e-06 0 -4.18011e-07 6.6441e-06 0 -4.16115e-07 6.61396e-06 0 -4.14322e-07 6.58547e-06 0 -4.12633e-07 6.55861e-06 0 -4.11045e-07 6.53337e-06 0 -4.0956e-07 6.50976e-06 0 -4.08176e-07 6.48777e-06 0 -4.06893e-07 6.46738e-06 0 -4.05711e-07 6.4486e-06 0 -4.04631e-07 6.43142e-06 0 -4.0365e-07 6.41583e-06 0 -4.0277e-07 6.40184e-06 0 -4.01989e-07 6.38944e-06 0 -4.01309e-07 6.37862e-06 0 -4.00728e-07 6.36939e-06 0 -4.00246e-07 6.36173e-06 0 -3.99864e-07 6.35566e-06 0 -3.99581e-07 6.35116e-06 0 -3.99397e-07 6.34824e-06 0 -3.99313e-07 6.34689e-06 0 -3.99327e-07 6.34712e-06 0 -3.9944e-07 6.34892e-06 0 -3.99653e-07 6.3523e-06 0 -3.99965e-07 6.35726e-06 0 -4.00376e-07 6.36379e-06 0 -4.00886e-07 6.37191e-06 0 -4.01496e-07 6.3816e-06 0 -4.02206e-07 6.39288e-06 0 -4.03015e-07 6.40575e-06 0 -4.03925e-07 6.4202e-06 0 -4.04934e-07 6.43625e-06 0 -4.06045e-07 6.45389e-06 0 -4.07255e-07 6.47314e-06 0 -4.08567e-07 6.49399e-06 0 -4.09981e-07 6.51646e-06 0 -4.11496e-07 6.54054e-06 0 -4.13113e-07 6.56625e-06 0 -4.14833e-07 6.59358e-06 0 -4.16656e-07 6.62255e-06 0 -4.18582e-07 6.65317e-06 0 -5.36124e-07 6.8121e-06 0 -5.331e-07 6.77368e-06 0 -5.30208e-07 6.73694e-06 0 -5.27448e-07 6.70187e-06 0 -5.24819e-07 6.66846e-06 0 -5.22321e-07 6.63671e-06 0 -5.19951e-07 6.60661e-06 0 -5.17711e-07 6.57815e-06 0 -5.156e-07 6.55132e-06 0 -5.13616e-07 6.52611e-06 0 -5.1176e-07 6.50253e-06 0 -5.10031e-07 6.48055e-06 0 -5.08428e-07 6.46019e-06 0 -5.06952e-07 6.44143e-06 0 -5.05601e-07 6.42427e-06 0 -5.04376e-07 6.4087e-06 0 -5.03276e-07 6.39473e-06 0 -5.02301e-07 6.38234e-06 0 -5.0145e-07 6.37153e-06 0 -5.00724e-07 6.36231e-06 0 -5.00123e-07 6.35466e-06 0 -4.99645e-07 6.34859e-06 0 -4.99291e-07 6.3441e-06 0 -4.99062e-07 6.34118e-06 0 -4.98956e-07 6.33984e-06 0 -4.98974e-07 6.34007e-06 0 -4.99116e-07 6.34187e-06 0 -4.99381e-07 6.34524e-06 0 -4.99771e-07 6.35019e-06 0 -5.00285e-07 6.35672e-06 0 -5.00923e-07 6.36482e-06 0 -5.01685e-07 6.37451e-06 0 -5.02571e-07 6.38577e-06 0 -5.03583e-07 6.39863e-06 0 -5.04719e-07 6.41306e-06 0 -5.05981e-07 6.42909e-06 0 -5.07368e-07 6.44672e-06 0 -5.08881e-07 6.46594e-06 0 -5.1052e-07 6.48677e-06 0 -5.12286e-07 6.50921e-06 0 -5.1418e-07 6.53327e-06 0 -5.162e-07 6.55895e-06 0 -5.18349e-07 6.58625e-06 0 -5.20627e-07 6.61519e-06 0 -5.23034e-07 6.64577e-06 0 -6.43057e-07 6.80283e-06 0 -6.3943e-07 6.76447e-06 0 -6.35962e-07 6.72778e-06 0 -6.32652e-07 6.69276e-06 0 -6.29498e-07 6.6594e-06 0 -6.26501e-07 6.62769e-06 0 -6.23659e-07 6.59763e-06 0 -6.20973e-07 6.5692e-06 0 -6.1844e-07 6.54241e-06 0 -6.1606e-07 6.51724e-06 0 -6.13834e-07 6.49369e-06 0 -6.1176e-07 6.47174e-06 0 -6.09838e-07 6.45141e-06 0 -6.08067e-07 6.43267e-06 0 -6.06447e-07 6.41554e-06 0 -6.04977e-07 6.39999e-06 0 -6.03658e-07 6.38603e-06 0 -6.02488e-07 6.37366e-06 0 -6.01468e-07 6.36287e-06 0 -6.00597e-07 6.35366e-06 0 -5.99876e-07 6.34602e-06 0 -5.99303e-07 6.33996e-06 0 -5.98879e-07 6.33547e-06 0 -5.98603e-07 6.33256e-06 0 -5.98476e-07 6.33122e-06 0 -5.98498e-07 6.33145e-06 0 -5.98668e-07 6.33325e-06 0 -5.98987e-07 6.33662e-06 0 -5.99454e-07 6.34156e-06 0 -6.0007e-07 6.34808e-06 0 -6.00835e-07 6.35617e-06 0 -6.01749e-07 6.36584e-06 0 -6.02813e-07 6.37709e-06 0 -6.04026e-07 6.38993e-06 0 -6.05389e-07 6.40434e-06 0 -6.06902e-07 6.42035e-06 0 -6.08566e-07 6.43795e-06 0 -6.10381e-07 6.45715e-06 0 -6.12347e-07 6.47796e-06 0 -6.14465e-07 6.50037e-06 0 -6.16736e-07 6.52439e-06 0 -6.1916e-07 6.55003e-06 0 -6.21738e-07 6.5773e-06 0 -6.24469e-07 6.6062e-06 0 -6.27356e-07 6.63674e-06 0 -7.49832e-07 6.79189e-06 0 -7.45603e-07 6.75359e-06 0 -7.41559e-07 6.71696e-06 0 -7.37699e-07 6.68199e-06 0 -7.34022e-07 6.64869e-06 0 -7.30527e-07 6.61703e-06 0 -7.27214e-07 6.58702e-06 0 -7.2408e-07 6.55864e-06 0 -7.21127e-07 6.53189e-06 0 -7.18353e-07 6.50676e-06 0 -7.15757e-07 6.48324e-06 0 -7.13338e-07 6.46134e-06 0 -7.11097e-07 6.44103e-06 0 -7.09032e-07 6.42233e-06 0 -7.07143e-07 6.40522e-06 0 -7.05429e-07 6.3897e-06 0 -7.03891e-07 6.37576e-06 0 -7.02527e-07 6.36341e-06 0 -7.01338e-07 6.35264e-06 0 -7.00322e-07 6.34344e-06 0 -6.99481e-07 6.33582e-06 0 -6.98813e-07 6.32977e-06 0 -6.98318e-07 6.32529e-06 0 -6.97997e-07 6.32238e-06 0 -6.97849e-07 6.32104e-06 0 -6.97874e-07 6.32126e-06 0 -6.98072e-07 6.32306e-06 0 -6.98444e-07 6.32643e-06 0 -6.98989e-07 6.33136e-06 0 -6.99707e-07 6.33787e-06 0 -7.00599e-07 6.34595e-06 0 -7.01665e-07 6.35561e-06 0 -7.02905e-07 6.36684e-06 0 -7.0432e-07 6.37965e-06 0 -7.05909e-07 6.39405e-06 0 -7.07674e-07 6.41003e-06 0 -7.09614e-07 6.4276e-06 0 -7.1173e-07 6.44677e-06 0 -7.14023e-07 6.46754e-06 0 -7.16493e-07 6.48991e-06 0 -7.19141e-07 6.5139e-06 0 -7.21967e-07 6.5395e-06 0 -7.24973e-07 6.56672e-06 0 -7.28158e-07 6.59557e-06 0 -7.31524e-07 6.62606e-06 0 -8.56422e-07 6.77928e-06 0 -8.51592e-07 6.74104e-06 0 -8.46973e-07 6.70448e-06 0 -8.42564e-07 6.66958e-06 0 -8.38364e-07 6.63634e-06 0 -8.34373e-07 6.60474e-06 0 -8.30588e-07 6.57478e-06 0 -8.2701e-07 6.54646e-06 0 -8.23637e-07 6.51976e-06 0 -8.20468e-07 6.49467e-06 0 -8.17503e-07 6.4712e-06 0 -8.1474e-07 6.44933e-06 0 -8.1218e-07 6.42907e-06 0 -8.09822e-07 6.4104e-06 0 -8.07664e-07 6.39332e-06 0 -8.05707e-07 6.37783e-06 0 -8.0395e-07 6.36392e-06 0 -8.02392e-07 6.35159e-06 0 -8.01034e-07 6.34084e-06 0 -7.99874e-07 6.33166e-06 0 -7.98913e-07 6.32405e-06 0 -7.9815e-07 6.31801e-06 0 -7.97585e-07 6.31354e-06 0 -7.97218e-07 6.31063e-06 0 -7.97049e-07 6.30929e-06 0 -7.97078e-07 6.30952e-06 0 -7.97305e-07 6.31132e-06 0 -7.97729e-07 6.31468e-06 0 -7.98351e-07 6.3196e-06 0 -7.99172e-07 6.3261e-06 0 -8.00191e-07 6.33416e-06 0 -8.01408e-07 6.3438e-06 0 -8.02825e-07 6.35501e-06 0 -8.0444e-07 6.3678e-06 0 -8.06255e-07 6.38217e-06 0 -8.08271e-07 6.39812e-06 0 -8.10487e-07 6.41566e-06 0 -8.12904e-07 6.4348e-06 0 -8.15522e-07 6.45552e-06 0 -8.18344e-07 6.47786e-06 0 -8.21368e-07 6.5018e-06 0 -8.24596e-07 6.52735e-06 0 -8.28029e-07 6.55452e-06 0 -8.31667e-07 6.58332e-06 0 -8.35512e-07 6.61376e-06 0 -9.62801e-07 6.76499e-06 0 -9.5737e-07 6.72684e-06 0 -9.52178e-07 6.69035e-06 0 -9.47221e-07 6.65552e-06 0 -9.425e-07 6.62235e-06 0 -9.38013e-07 6.59082e-06 0 -9.33758e-07 6.56093e-06 0 -9.29735e-07 6.53266e-06 0 -9.25943e-07 6.50601e-06 0 -9.2238e-07 6.48098e-06 0 -9.19047e-07 6.45756e-06 0 -9.15942e-07 6.43574e-06 0 -9.13064e-07 6.41552e-06 0 -9.10412e-07 6.39689e-06 0 -9.07987e-07 6.37985e-06 0 -9.05786e-07 6.36439e-06 0 -9.03811e-07 6.35051e-06 0 -9.0206e-07 6.3382e-06 0 -9.00533e-07 6.32747e-06 0 -8.99229e-07 6.31831e-06 0 -8.98148e-07 6.31072e-06 0 -8.97291e-07 6.30469e-06 0 -8.96656e-07 6.30023e-06 0 -8.96243e-07 6.29733e-06 0 -8.96053e-07 6.296e-06 0 -8.96085e-07 6.29622e-06 0 -8.9634e-07 6.29801e-06 0 -8.96817e-07 6.30137e-06 0 -8.97517e-07 6.30628e-06 0 -8.98439e-07 6.31276e-06 0 -8.99585e-07 6.32081e-06 0 -9.00953e-07 6.33043e-06 0 -9.02546e-07 6.34162e-06 0 -9.04362e-07 6.35438e-06 0 -9.06403e-07 6.36872e-06 0 -9.08668e-07 6.38464e-06 0 -9.11159e-07 6.40214e-06 0 -9.13877e-07 6.42123e-06 0 -9.16821e-07 6.44192e-06 0 -9.19992e-07 6.4642e-06 0 -9.23392e-07 6.48809e-06 0 -9.27021e-07 6.51359e-06 0 -9.30881e-07 6.54071e-06 0 -9.34971e-07 6.56945e-06 0 -9.39293e-07 6.59982e-06 0 -1.06894e-06 6.74903e-06 0 -1.06291e-06 6.71097e-06 0 -1.05715e-06 6.67457e-06 0 -1.05164e-06 6.63982e-06 0 -1.0464e-06 6.60673e-06 0 -1.04142e-06 6.57527e-06 0 -1.0367e-06 6.54545e-06 0 -1.03223e-06 6.51725e-06 0 -1.02802e-06 6.49067e-06 0 -1.02407e-06 6.4657e-06 0 -1.02036e-06 6.44233e-06 0 -1.01692e-06 6.42056e-06 0 -1.01372e-06 6.40039e-06 0 -1.01078e-06 6.3818e-06 0 -1.00808e-06 6.3648e-06 0 -1.00564e-06 6.34937e-06 0 -1.00345e-06 6.33553e-06 0 -1.0015e-06 6.32325e-06 0 -9.99809e-07 6.31255e-06 0 -9.98362e-07 6.30341e-06 0 -9.97162e-07 6.29583e-06 0 -9.9621e-07 6.28982e-06 0 -9.95505e-07 6.28537e-06 0 -9.95047e-07 6.28248e-06 0 -9.94836e-07 6.28115e-06 0 -9.94872e-07 6.28137e-06 0 -9.95154e-07 6.28316e-06 0 -9.95684e-07 6.2865e-06 0 -9.96461e-07 6.29141e-06 0 -9.97485e-07 6.29787e-06 0 -9.98757e-07 6.3059e-06 0 -1.00028e-06 6.3155e-06 0 -1.00204e-06 6.32666e-06 0 -1.00406e-06 6.33939e-06 0 -1.00633e-06 6.35369e-06 0 -1.00884e-06 6.36958e-06 0 -1.01161e-06 6.38704e-06 0 -1.01462e-06 6.40609e-06 0 -1.01789e-06 6.42672e-06 0 -1.02141e-06 6.44896e-06 0 -1.02519e-06 6.47279e-06 0 -1.02922e-06 6.49823e-06 0 -1.0335e-06 6.52528e-06 0 -1.03804e-06 6.55395e-06 0 -1.04284e-06 6.58425e-06 0 -1.17482e-06 6.73141e-06 0 -1.16819e-06 6.69344e-06 0 -1.16186e-06 6.65714e-06 0 -1.15581e-06 6.62249e-06 0 -1.15005e-06 6.58948e-06 0 -1.14457e-06 6.5581e-06 0 -1.13938e-06 6.52836e-06 0 -1.13447e-06 6.50023e-06 0 -1.12984e-06 6.47372e-06 0 -1.1255e-06 6.44881e-06 0 -1.12143e-06 6.42551e-06 0 -1.11764e-06 6.4038e-06 0 -1.11413e-06 6.38367e-06 0 -1.11089e-06 6.36514e-06 0 -1.10793e-06 6.34818e-06 0 -1.10525e-06 6.33279e-06 0 -1.10284e-06 6.31898e-06 0 -1.1007e-06 6.30674e-06 0 -1.09884e-06 6.29606e-06 0 -1.09725e-06 6.28695e-06 0 -1.09593e-06 6.27939e-06 0 -1.09488e-06 6.2734e-06 0 -1.09411e-06 6.26896e-06 0 -1.0936e-06 6.26607e-06 0 -1.09337e-06 6.26474e-06 0 -1.09341e-06 6.26497e-06 0 -1.09372e-06 6.26675e-06 0 -1.09431e-06 6.27009e-06 0 -1.09516e-06 6.27498e-06 0 -1.09628e-06 6.28143e-06 0 -1.09768e-06 6.28944e-06 0 -1.09935e-06 6.29901e-06 0 -1.1013e-06 6.31014e-06 0 -1.10351e-06 6.32284e-06 0 -1.106e-06 6.3371e-06 0 -1.10877e-06 6.35294e-06 0 -1.11181e-06 6.37036e-06 0 -1.11512e-06 6.38936e-06 0 -1.11871e-06 6.40994e-06 0 -1.12258e-06 6.43212e-06 0 -1.12673e-06 6.45589e-06 0 -1.13116e-06 6.48126e-06 0 -1.13587e-06 6.50824e-06 0 -1.14086e-06 6.53684e-06 0 -1.14613e-06 6.56706e-06 0 -1.28041e-06 6.71213e-06 0 -1.27319e-06 6.67427e-06 0 -1.26628e-06 6.63807e-06 0 -1.25969e-06 6.60352e-06 0 -1.25341e-06 6.5706e-06 0 -1.24744e-06 6.53932e-06 0 -1.24178e-06 6.50966e-06 0 -1.23643e-06 6.48161e-06 0 -1.23139e-06 6.45517e-06 0 -1.22665e-06 6.43034e-06 0 -1.22222e-06 6.4071e-06 0 -1.21809e-06 6.38545e-06 0 -1.21426e-06 6.36539e-06 0 -1.21074e-06 6.3469e-06 0 -1.20751e-06 6.32999e-06 0 -1.20458e-06 6.31465e-06 0 -1.20196e-06 6.30088e-06 0 -1.19963e-06 6.28867e-06 0 -1.1976e-06 6.27803e-06 0 -1.19586e-06 6.26894e-06 0 -1.19443e-06 6.2614e-06 0 -1.19329e-06 6.25542e-06 0 -1.19244e-06 6.251e-06 0 -1.19189e-06 6.24812e-06 0 -1.19164e-06 6.2468e-06 0 -1.19168e-06 6.24702e-06 0 -1.19202e-06 6.2488e-06 0 -1.19266e-06 6.25212e-06 0 -1.19359e-06 6.257e-06 0 -1.19481e-06 6.26343e-06 0 -1.19634e-06 6.27142e-06 0 -1.19816e-06 6.28096e-06 0 -1.20027e-06 6.29206e-06 0 -1.20269e-06 6.30472e-06 0 -1.2054e-06 6.31895e-06 0 -1.20842e-06 6.33474e-06 0 -1.21173e-06 6.35211e-06 0 -1.21534e-06 6.37105e-06 0 -1.21926e-06 6.39158e-06 0 -1.22348e-06 6.41369e-06 0 -1.228e-06 6.43739e-06 0 -1.23282e-06 6.46269e-06 0 -1.23796e-06 6.4896e-06 0 -1.2434e-06 6.51811e-06 0 -1.24914e-06 6.54824e-06 0 -1.38568e-06 6.69119e-06 0 -1.37786e-06 6.65345e-06 0 -1.37039e-06 6.61736e-06 0 -1.36326e-06 6.58291e-06 0 -1.35646e-06 6.5501e-06 0 -1.35e-06 6.51892e-06 0 -1.34388e-06 6.48935e-06 0 -1.33809e-06 6.46139e-06 0 -1.33263e-06 6.43504e-06 0 -1.3275e-06 6.41028e-06 0 -1.32271e-06 6.38711e-06 0 -1.31824e-06 6.36553e-06 0 -1.3141e-06 6.34553e-06 0 -1.31028e-06 6.3271e-06 0 -1.30679e-06 6.31024e-06 0 -1.30362e-06 6.29495e-06 0 -1.30078e-06 6.28122e-06 0 -1.29826e-06 6.26905e-06 0 -1.29606e-06 6.25844e-06 0 -1.29418e-06 6.24938e-06 0 -1.29263e-06 6.24187e-06 0 -1.29139e-06 6.23591e-06 0 -1.29048e-06 6.2315e-06 0 -1.28989e-06 6.22863e-06 0 -1.28961e-06 6.22731e-06 0 -1.28966e-06 6.22753e-06 0 -1.29003e-06 6.2293e-06 0 -1.29071e-06 6.23262e-06 0 -1.29172e-06 6.23748e-06 0 -1.29305e-06 6.24389e-06 0 -1.2947e-06 6.25185e-06 0 -1.29667e-06 6.26137e-06 0 -1.29896e-06 6.27243e-06 0 -1.30157e-06 6.28505e-06 0 -1.30451e-06 6.29924e-06 0 -1.30777e-06 6.31498e-06 0 -1.31136e-06 6.33229e-06 0 -1.31527e-06 6.35118e-06 0 -1.3195e-06 6.37164e-06 0 -1.32407e-06 6.39368e-06 0 -1.32896e-06 6.41731e-06 0 -1.33418e-06 6.44253e-06 0 -1.33974e-06 6.46935e-06 0 -1.34562e-06 6.49778e-06 0 -1.35185e-06 6.52781e-06 0 -1.49061e-06 6.6686e-06 0 -1.4822e-06 6.63098e-06 0 -1.47416e-06 6.59502e-06 0 -1.46649e-06 6.56069e-06 0 -1.45918e-06 6.52799e-06 0 -1.45223e-06 6.49691e-06 0 -1.44564e-06 6.46744e-06 0 -1.43942e-06 6.43957e-06 0 -1.43354e-06 6.41331e-06 0 -1.42803e-06 6.38864e-06 0 -1.42287e-06 6.36555e-06 0 -1.41806e-06 6.34404e-06 0 -1.4136e-06 6.3241e-06 0 -1.4095e-06 6.30574e-06 0 -1.40574e-06 6.28894e-06 0 -1.40234e-06 6.2737e-06 0 -1.39928e-06 6.26002e-06 0 -1.39657e-06 6.24789e-06 0 -1.3942e-06 6.23731e-06 0 -1.39219e-06 6.22828e-06 0 -1.39051e-06 6.2208e-06 0 -1.38918e-06 6.21486e-06 0 -1.3882e-06 6.21046e-06 0 -1.38756e-06 6.2076e-06 0 -1.38727e-06 6.20628e-06 0 -1.38732e-06 6.20651e-06 0 -1.38771e-06 6.20827e-06 0 -1.38845e-06 6.21158e-06 0 -1.38954e-06 6.21642e-06 0 -1.39096e-06 6.22281e-06 0 -1.39274e-06 6.23075e-06 0 -1.39486e-06 6.24023e-06 0 -1.39732e-06 6.25125e-06 0 -1.40013e-06 6.26383e-06 0 -1.40329e-06 6.27797e-06 0 -1.4068e-06 6.29366e-06 0 -1.41066e-06 6.31092e-06 0 -1.41486e-06 6.32974e-06 0 -1.41942e-06 6.35013e-06 0 -1.42433e-06 6.37209e-06 0 -1.4296e-06 6.39564e-06 0 -1.43521e-06 6.42078e-06 0 -1.44119e-06 6.44751e-06 0 -1.44752e-06 6.47584e-06 0 -1.45421e-06 6.50577e-06 0 -1.59517e-06 6.64436e-06 0 -1.58617e-06 6.60689e-06 0 -1.57757e-06 6.57105e-06 0 -1.56936e-06 6.53685e-06 0 -1.56154e-06 6.50426e-06 0 -1.5541e-06 6.47329e-06 0 -1.54705e-06 6.44393e-06 0 -1.54039e-06 6.41617e-06 0 -1.5341e-06 6.39e-06 0 -1.5282e-06 6.36542e-06 0 -1.52268e-06 6.34241e-06 0 -1.51753e-06 6.32098e-06 0 -1.51277e-06 6.30112e-06 0 -1.50837e-06 6.28282e-06 0 -1.50435e-06 6.26608e-06 0 -1.50071e-06 6.2509e-06 0 -1.49744e-06 6.23727e-06 0 -1.49453e-06 6.22518e-06 0 -1.492e-06 6.21464e-06 0 -1.48984e-06 6.20565e-06 0 -1.48805e-06 6.19819e-06 0 -1.48663e-06 6.19227e-06 0 -1.48558e-06 6.18789e-06 0 -1.4849e-06 6.18504e-06 0 -1.48458e-06 6.18373e-06 0 -1.48464e-06 6.18395e-06 0 -1.48506e-06 6.18571e-06 0 -1.48585e-06 6.189e-06 0 -1.48701e-06 6.19383e-06 0 -1.48854e-06 6.2002e-06 0 -1.49043e-06 6.2081e-06 0 -1.4927e-06 6.21755e-06 0 -1.49534e-06 6.22854e-06 0 -1.49835e-06 6.24107e-06 0 -1.50173e-06 6.25515e-06 0 -1.50548e-06 6.27079e-06 0 -1.50961e-06 6.28798e-06 0 -1.51411e-06 6.30673e-06 0 -1.51899e-06 6.32705e-06 0 -1.52424e-06 6.34894e-06 0 -1.52988e-06 6.3724e-06 0 -1.53589e-06 6.39744e-06 0 -1.54228e-06 6.42408e-06 0 -1.54906e-06 6.4523e-06 0 -1.55622e-06 6.48213e-06 0 -1.69934e-06 6.61848e-06 0 -1.68975e-06 6.58116e-06 0 -1.68059e-06 6.54546e-06 0 -1.67184e-06 6.51139e-06 0 -1.66351e-06 6.47893e-06 0 -1.65559e-06 6.44809e-06 0 -1.64808e-06 6.41884e-06 0 -1.64098e-06 6.39118e-06 0 -1.63428e-06 6.36512e-06 0 -1.628e-06 6.34063e-06 0 -1.62211e-06 6.31771e-06 0 -1.61663e-06 6.29637e-06 0 -1.61155e-06 6.27658e-06 0 -1.60687e-06 6.25835e-06 0 -1.60259e-06 6.24168e-06 0 -1.59871e-06 6.22656e-06 0 -1.59522e-06 6.21298e-06 0 -1.59213e-06 6.20094e-06 0 -1.58943e-06 6.19044e-06 0 -1.58713e-06 6.18148e-06 0 -1.58523e-06 6.17405e-06 0 -1.58371e-06 6.16815e-06 0 -1.58259e-06 6.16379e-06 0 -1.58186e-06 6.16095e-06 0 -1.58153e-06 6.15965e-06 0 -1.58159e-06 6.15987e-06 0 -1.58204e-06 6.16162e-06 0 -1.58288e-06 6.1649e-06 0 -1.58411e-06 6.16971e-06 0 -1.58574e-06 6.17605e-06 0 -1.58776e-06 6.18393e-06 0 -1.59018e-06 6.19333e-06 0 -1.59299e-06 6.20428e-06 0 -1.59619e-06 6.21676e-06 0 -1.5998e-06 6.23079e-06 0 -1.60379e-06 6.24637e-06 0 -1.60819e-06 6.26349e-06 0 -1.61299e-06 6.28217e-06 0 -1.61818e-06 6.30241e-06 0 -1.62378e-06 6.32421e-06 0 -1.62978e-06 6.34758e-06 0 -1.63619e-06 6.37253e-06 0 -1.643e-06 6.39906e-06 0 -1.65022e-06 6.42718e-06 0 -1.65785e-06 6.45689e-06 0 -1.80309e-06 6.59098e-06 0 -1.79292e-06 6.5538e-06 0 -1.78319e-06 6.51825e-06 0 -1.77391e-06 6.48432e-06 0 -1.76507e-06 6.452e-06 0 -1.75666e-06 6.42129e-06 0 -1.7487e-06 6.39216e-06 0 -1.74116e-06 6.36462e-06 0 -1.73406e-06 6.33866e-06 0 -1.72739e-06 6.31427e-06 0 -1.72115e-06 6.29145e-06 0 -1.71533e-06 6.2702e-06 0 -1.70994e-06 6.25049e-06 0 -1.70498e-06 6.23234e-06 0 -1.70043e-06 6.21574e-06 0 -1.69631e-06 6.20068e-06 0 -1.69261e-06 6.18715e-06 0 -1.68933e-06 6.17517e-06 0 -1.68647e-06 6.16471e-06 0 -1.68403e-06 6.15579e-06 0 -1.68201e-06 6.14839e-06 0 -1.6804e-06 6.14252e-06 0 -1.67921e-06 6.13817e-06 0 -1.67844e-06 6.13535e-06 0 -1.67808e-06 6.13405e-06 0 -1.67815e-06 6.13427e-06 0 -1.67862e-06 6.13601e-06 0 -1.67952e-06 6.13928e-06 0 -1.68083e-06 6.14407e-06 0 -1.68255e-06 6.15038e-06 0 -1.6847e-06 6.15822e-06 0 -1.68726e-06 6.16759e-06 0 -1.69024e-06 6.17849e-06 0 -1.69365e-06 6.19093e-06 0 -1.69747e-06 6.2049e-06 0 -1.70171e-06 6.22041e-06 0 -1.70638e-06 6.23746e-06 0 -1.71146e-06 6.25606e-06 0 -1.71698e-06 6.27621e-06 0 -1.72292e-06 6.29793e-06 0 -1.72928e-06 6.3212e-06 0 -1.73608e-06 6.34604e-06 0 -1.74331e-06 6.37246e-06 0 -1.75097e-06 6.40046e-06 0 -1.75906e-06 6.43005e-06 0 -1.90639e-06 6.56184e-06 0 -1.89564e-06 6.52483e-06 0 -1.88536e-06 6.48944e-06 0 -1.87554e-06 6.45566e-06 0 -1.86619e-06 6.42348e-06 0 -1.85731e-06 6.3929e-06 0 -1.84888e-06 6.3639e-06 0 -1.84092e-06 6.33649e-06 0 -1.83341e-06 6.31064e-06 0 -1.82636e-06 6.28636e-06 0 -1.81976e-06 6.26364e-06 0 -1.81361e-06 6.24248e-06 0 -1.80791e-06 6.22286e-06 0 -1.80266e-06 6.20479e-06 0 -1.79786e-06 6.18826e-06 0 -1.7935e-06 6.17327e-06 0 -1.78959e-06 6.1598e-06 0 -1.78612e-06 6.14787e-06 0 -1.7831e-06 6.13746e-06 0 -1.78052e-06 6.12858e-06 0 -1.77838e-06 6.12121e-06 0 -1.77668e-06 6.11537e-06 0 -1.77542e-06 6.11104e-06 0 -1.7746e-06 6.10823e-06 0 -1.77423e-06 6.10693e-06 0 -1.77429e-06 6.10715e-06 0 -1.7748e-06 6.10889e-06 0 -1.77574e-06 6.11214e-06 0 -1.77713e-06 6.11691e-06 0 -1.77895e-06 6.12319e-06 0 -1.78122e-06 6.131e-06 0 -1.78393e-06 6.14033e-06 0 -1.78708e-06 6.15118e-06 0 -1.79068e-06 6.16356e-06 0 -1.79472e-06 6.17747e-06 0 -1.79921e-06 6.19291e-06 0 -1.80414e-06 6.20989e-06 0 -1.80952e-06 6.22841e-06 0 -1.81535e-06 6.24847e-06 0 -1.82163e-06 6.27009e-06 0 -1.82836e-06 6.29326e-06 0 -1.83555e-06 6.31799e-06 0 -1.84319e-06 6.34429e-06 0 -1.85129e-06 6.37217e-06 0 -1.85984e-06 6.40163e-06 0 -2.00922e-06 6.53109e-06 0 -1.99789e-06 6.49425e-06 0 -1.98706e-06 6.45903e-06 0 -1.97671e-06 6.42541e-06 0 -1.96686e-06 6.39338e-06 0 -1.9575e-06 6.36294e-06 0 -1.94862e-06 6.33408e-06 0 -1.94022e-06 6.30679e-06 0 -1.93231e-06 6.28106e-06 0 -1.92487e-06 6.2569e-06 0 -1.91792e-06 6.23429e-06 0 -1.91144e-06 6.21322e-06 0 -1.90543e-06 6.1937e-06 0 -1.8999e-06 6.17571e-06 0 -1.89484e-06 6.15926e-06 0 -1.89024e-06 6.14433e-06 0 -1.88612e-06 6.13093e-06 0 -1.88247e-06 6.11906e-06 0 -1.87928e-06 6.1087e-06 0 -1.87656e-06 6.09985e-06 0 -1.8743e-06 6.09252e-06 0 -1.87251e-06 6.0867e-06 0 -1.87119e-06 6.0824e-06 0 -1.87033e-06 6.0796e-06 0 -1.86993e-06 6.07831e-06 0 -1.87e-06 6.07853e-06 0 -1.87053e-06 6.08026e-06 0 -1.87153e-06 6.08349e-06 0 -1.87299e-06 6.08824e-06 0 -1.87491e-06 6.0945e-06 0 -1.8773e-06 6.10227e-06 0 -1.88016e-06 6.11155e-06 0 -1.88348e-06 6.12235e-06 0 -1.88727e-06 6.13467e-06 0 -1.89153e-06 6.14852e-06 0 -1.89626e-06 6.16388e-06 0 -1.90146e-06 6.18078e-06 0 -1.90713e-06 6.19921e-06 0 -1.91327e-06 6.21919e-06 0 -1.91989e-06 6.2407e-06 0 -1.92699e-06 6.26376e-06 0 -1.93456e-06 6.28838e-06 0 -1.94261e-06 6.31456e-06 0 -1.95115e-06 6.3423e-06 0 -1.96017e-06 6.37162e-06 0 -2.11156e-06 6.49872e-06 0 -2.09965e-06 6.46207e-06 0 -2.08827e-06 6.42702e-06 0 -2.07739e-06 6.39356e-06 0 -2.06704e-06 6.3617e-06 0 -2.0572e-06 6.33141e-06 0 -2.04787e-06 6.30269e-06 0 -2.03904e-06 6.27553e-06 0 -2.03073e-06 6.24994e-06 0 -2.02292e-06 6.22589e-06 0 -2.0156e-06 6.20339e-06 0 -2.00879e-06 6.18243e-06 0 -2.00248e-06 6.16301e-06 0 -1.99667e-06 6.14511e-06 0 -1.99135e-06 6.12874e-06 0 -1.98652e-06 6.11389e-06 0 -1.98219e-06 6.10055e-06 0 -1.97835e-06 6.08873e-06 0 -1.975e-06 6.07842e-06 0 -1.97214e-06 6.06962e-06 0 -1.96977e-06 6.06233e-06 0 -1.96789e-06 6.05654e-06 0 -1.9665e-06 6.05225e-06 0 -1.96559e-06 6.04947e-06 0 -1.96518e-06 6.04819e-06 0 -1.96525e-06 6.04841e-06 0 -1.9658e-06 6.05012e-06 0 -1.96685e-06 6.05335e-06 0 -1.96839e-06 6.05807e-06 0 -1.97041e-06 6.06429e-06 0 -1.97292e-06 6.07203e-06 0 -1.97592e-06 6.08126e-06 0 -1.97941e-06 6.09201e-06 0 -1.9834e-06 6.10427e-06 0 -1.98787e-06 6.11805e-06 0 -1.99284e-06 6.13334e-06 0 -1.99831e-06 6.15015e-06 0 -2.00427e-06 6.16849e-06 0 -2.01072e-06 6.18837e-06 0 -2.01768e-06 6.20977e-06 0 -2.02513e-06 6.23272e-06 0 -2.03309e-06 6.25722e-06 0 -2.04156e-06 6.28327e-06 0 -2.05053e-06 6.31087e-06 0 -2.06001e-06 6.34005e-06 0 -2.21338e-06 6.46475e-06 0 -2.2009e-06 6.42829e-06 0 -2.18896e-06 6.39342e-06 0 -2.17756e-06 6.36014e-06 0 -2.16671e-06 6.32844e-06 0 -2.15639e-06 6.29831e-06 0 -2.14661e-06 6.26974e-06 0 -2.13737e-06 6.24273e-06 0 -2.12865e-06 6.21727e-06 0 -2.12046e-06 6.19335e-06 0 -2.11279e-06 6.17097e-06 0 -2.10566e-06 6.15012e-06 0 -2.09904e-06 6.13079e-06 0 -2.09294e-06 6.11299e-06 0 -2.08737e-06 6.0967e-06 0 -2.08231e-06 6.08193e-06 0 -2.07777e-06 6.06866e-06 0 -2.07374e-06 6.05691e-06 0 -2.07023e-06 6.04665e-06 0 -2.06723e-06 6.0379e-06 0 -2.06475e-06 6.03064e-06 0 -2.06278e-06 6.02488e-06 0 -2.06132e-06 6.02062e-06 0 -2.06037e-06 6.01785e-06 0 -2.05993e-06 6.01657e-06 0 -2.06001e-06 6.01679e-06 0 -2.06059e-06 6.0185e-06 0 -2.06169e-06 6.0217e-06 0 -2.0633e-06 6.0264e-06 0 -2.06542e-06 6.0326e-06 0 -2.06805e-06 6.04029e-06 0 -2.0712e-06 6.04948e-06 0 -2.07486e-06 6.06017e-06 0 -2.07904e-06 6.07236e-06 0 -2.08373e-06 6.08607e-06 0 -2.08893e-06 6.10128e-06 0 -2.09466e-06 6.11801e-06 0 -2.10091e-06 6.13625e-06 0 -2.10768e-06 6.15602e-06 0 -2.11497e-06 6.17732e-06 0 -2.12278e-06 6.20014e-06 0 -2.13113e-06 6.22451e-06 0 -2.14e-06 6.25042e-06 0 -2.1494e-06 6.27789e-06 0 -2.15934e-06 6.30691e-06 0 -2.31465e-06 6.42919e-06 0 -2.3016e-06 6.39293e-06 0 -2.28911e-06 6.35825e-06 0 -2.2772e-06 6.32516e-06 0 -2.26585e-06 6.29363e-06 0 -2.25506e-06 6.26366e-06 0 -2.24483e-06 6.23525e-06 0 -2.23516e-06 6.20839e-06 0 -2.22604e-06 6.18307e-06 0 -2.21748e-06 6.15928e-06 0 -2.20946e-06 6.13702e-06 0 -2.202e-06 6.11628e-06 0 -2.19508e-06 6.09706e-06 0 -2.1887e-06 6.07936e-06 0 -2.18287e-06 6.06316e-06 0 -2.17758e-06 6.04847e-06 0 -2.17283e-06 6.03528e-06 0 -2.16862e-06 6.02359e-06 0 -2.16495e-06 6.01339e-06 0 -2.16182e-06 6.00468e-06 0 -2.15922e-06 5.99747e-06 0 -2.15716e-06 5.99174e-06 0 -2.15563e-06 5.9875e-06 0 -2.15464e-06 5.98474e-06 0 -2.15418e-06 5.98348e-06 0 -2.15426e-06 5.98369e-06 0 -2.15487e-06 5.98539e-06 0 -2.15602e-06 5.98858e-06 0 -2.1577e-06 5.99325e-06 0 -2.15992e-06 5.99941e-06 0 -2.16267e-06 6.00706e-06 0 -2.16596e-06 6.0162e-06 0 -2.16979e-06 6.02683e-06 0 -2.17416e-06 6.03896e-06 0 -2.17907e-06 6.05259e-06 0 -2.18451e-06 6.06772e-06 0 -2.1905e-06 6.08435e-06 0 -2.19703e-06 6.10249e-06 0 -2.20411e-06 6.12215e-06 0 -2.21174e-06 6.14333e-06 0 -2.21991e-06 6.16604e-06 0 -2.22863e-06 6.19027e-06 0 -2.23791e-06 6.21604e-06 0 -2.24774e-06 6.24335e-06 0 -2.25814e-06 6.27221e-06 0 -2.41535e-06 6.39204e-06 0 -2.40173e-06 6.35599e-06 0 -2.3887e-06 6.32151e-06 0 -2.37627e-06 6.28861e-06 0 -2.36442e-06 6.25726e-06 0 -2.35317e-06 6.22747e-06 0 -2.34249e-06 6.19922e-06 0 -2.3324e-06 6.17252e-06 0 -2.32289e-06 6.14734e-06 0 -2.31395e-06 6.12369e-06 0 -2.30559e-06 6.10156e-06 0 -2.2978e-06 6.08094e-06 0 -2.29058e-06 6.06183e-06 0 -2.28392e-06 6.04423e-06 0 -2.27784e-06 6.02813e-06 0 -2.27232e-06 6.01352e-06 0 -2.26736e-06 6.00041e-06 0 -2.26297e-06 5.98878e-06 0 -2.25914e-06 5.97864e-06 0 -2.25587e-06 5.96999e-06 0 -2.25316e-06 5.96281e-06 0 -2.25101e-06 5.95712e-06 0 -2.24941e-06 5.9529e-06 0 -2.24838e-06 5.95016e-06 0 -2.2479e-06 5.9489e-06 0 -2.24798e-06 5.94912e-06 0 -2.24862e-06 5.95081e-06 0 -2.24982e-06 5.95397e-06 0 -2.25157e-06 5.95862e-06 0 -2.25389e-06 5.96474e-06 0 -2.25676e-06 5.97235e-06 0 -2.2602e-06 5.98143e-06 0 -2.26419e-06 5.99201e-06 0 -2.26875e-06 6.00406e-06 0 -2.27387e-06 6.01761e-06 0 -2.27955e-06 6.03265e-06 0 -2.2858e-06 6.04919e-06 0 -2.29262e-06 6.06723e-06 0 -2.3e-06 6.08678e-06 0 -2.30796e-06 6.10783e-06 0 -2.31649e-06 6.13041e-06 0 -2.32559e-06 6.1545e-06 0 -2.33527e-06 6.18012e-06 0 -2.34553e-06 6.20728e-06 0 -2.35638e-06 6.23597e-06 0 -2.51545e-06 6.35331e-06 0 -2.50127e-06 6.31748e-06 0 -2.4877e-06 6.28321e-06 0 -2.47475e-06 6.25051e-06 0 -2.46242e-06 6.21935e-06 0 -2.45069e-06 6.18974e-06 0 -2.43958e-06 6.16166e-06 0 -2.42907e-06 6.13512e-06 0 -2.41916e-06 6.11009e-06 0 -2.40985e-06 6.08659e-06 0 -2.40114e-06 6.06459e-06 0 -2.39303e-06 6.0441e-06 0 -2.38551e-06 6.02511e-06 0 -2.37858e-06 6.00761e-06 0 -2.37224e-06 5.99161e-06 0 -2.3665e-06 5.97709e-06 0 -2.36133e-06 5.96405e-06 0 -2.35676e-06 5.9525e-06 0 -2.35277e-06 5.94242e-06 0 -2.34936e-06 5.93381e-06 0 -2.34654e-06 5.92668e-06 0 -2.3443e-06 5.92102e-06 0 -2.34264e-06 5.91683e-06 0 -2.34156e-06 5.91411e-06 0 -2.34107e-06 5.91286e-06 0 -2.34115e-06 5.91307e-06 0 -2.34182e-06 5.91475e-06 0 -2.34306e-06 5.9179e-06 0 -2.34489e-06 5.92252e-06 0 -2.3473e-06 5.92861e-06 0 -2.35029e-06 5.93616e-06 0 -2.35387e-06 5.9452e-06 0 -2.35803e-06 5.9557e-06 0 -2.36277e-06 5.96769e-06 0 -2.36811e-06 5.98115e-06 0 -2.37403e-06 5.9961e-06 0 -2.38053e-06 6.01254e-06 0 -2.38763e-06 6.03047e-06 0 -2.39533e-06 6.0499e-06 0 -2.40361e-06 6.07083e-06 0 -2.41249e-06 6.09326e-06 0 -2.42198e-06 6.11721e-06 0 -2.43206e-06 6.14268e-06 0 -2.44274e-06 6.16967e-06 0 -2.45404e-06 6.19819e-06 0 -2.61494e-06 6.31302e-06 0 -2.60019e-06 6.27741e-06 0 -2.58609e-06 6.24336e-06 0 -2.57262e-06 6.21086e-06 0 -2.5598e-06 6.17991e-06 0 -2.54761e-06 6.15048e-06 0 -2.53606e-06 6.12259e-06 0 -2.52513e-06 6.09621e-06 0 -2.51483e-06 6.07134e-06 0 -2.50516e-06 6.04798e-06 0 -2.4961e-06 6.02613e-06 0 -2.48767e-06 6.00577e-06 0 -2.47985e-06 5.98689e-06 0 -2.47265e-06 5.96951e-06 0 -2.46606e-06 5.9536e-06 0 -2.46009e-06 5.93918e-06 0 -2.45472e-06 5.92623e-06 0 -2.44997e-06 5.91474e-06 0 -2.44582e-06 5.90473e-06 0 -2.44228e-06 5.89618e-06 0 -2.43934e-06 5.8891e-06 0 -2.43701e-06 5.88347e-06 0 -2.43529e-06 5.87931e-06 0 -2.43417e-06 5.8766e-06 0 -2.43365e-06 5.87536e-06 0 -2.43374e-06 5.87557e-06 0 -2.43443e-06 5.87724e-06 0 -2.43573e-06 5.88037e-06 0 -2.43763e-06 5.88496e-06 0 -2.44013e-06 5.891e-06 0 -2.44324e-06 5.89851e-06 0 -2.44696e-06 5.90749e-06 0 -2.45129e-06 5.91793e-06 0 -2.45622e-06 5.92984e-06 0 -2.46176e-06 5.94322e-06 0 -2.46792e-06 5.95807e-06 0 -2.47468e-06 5.97441e-06 0 -2.48206e-06 5.99223e-06 0 -2.49006e-06 6.01153e-06 0 -2.49867e-06 6.03233e-06 0 -2.50791e-06 6.05462e-06 0 -2.51776e-06 6.07841e-06 0 -2.52824e-06 6.10372e-06 0 -2.53935e-06 6.13054e-06 0 -2.55109e-06 6.15888e-06 0 -2.71378e-06 6.27116e-06 0 -2.69847e-06 6.23579e-06 0 -2.68383e-06 6.20197e-06 0 -2.66986e-06 6.16969e-06 0 -2.65656e-06 6.13894e-06 0 -2.64391e-06 6.10971e-06 0 -2.63191e-06 6.082e-06 0 -2.62058e-06 6.05579e-06 0 -2.60989e-06 6.03109e-06 0 -2.59985e-06 6.00789e-06 0 -2.59045e-06 5.98618e-06 0 -2.5817e-06 5.96595e-06 0 -2.57358e-06 5.9472e-06 0 -2.56611e-06 5.92993e-06 0 -2.55927e-06 5.91413e-06 0 -2.55307e-06 5.8998e-06 0 -2.54751e-06 5.88694e-06 0 -2.54257e-06 5.87553e-06 0 -2.53826e-06 5.86558e-06 0 -2.53459e-06 5.85709e-06 0 -2.53154e-06 5.85005e-06 0 -2.52913e-06 5.84447e-06 0 -2.52734e-06 5.84033e-06 0 -2.52617e-06 5.83764e-06 0 -2.52564e-06 5.83641e-06 0 -2.52573e-06 5.83662e-06 0 -2.52645e-06 5.83828e-06 0 -2.52779e-06 5.84138e-06 0 -2.52976e-06 5.84594e-06 0 -2.53236e-06 5.85195e-06 0 -2.53559e-06 5.85941e-06 0 -2.53945e-06 5.86832e-06 0 -2.54394e-06 5.8787e-06 0 -2.54906e-06 5.89053e-06 0 -2.55481e-06 5.90382e-06 0 -2.5612e-06 5.91858e-06 0 -2.56822e-06 5.9348e-06 0 -2.57588e-06 5.9525e-06 0 -2.58418e-06 5.97168e-06 0 -2.59311e-06 5.99233e-06 0 -2.6027e-06 6.01448e-06 0 -2.61293e-06 6.03812e-06 0 -2.6238e-06 6.06325e-06 0 -2.63533e-06 6.08989e-06 0 -2.64752e-06 6.11805e-06 0 -2.81194e-06 6.22777e-06 0 -2.79608e-06 6.19264e-06 0 -2.78092e-06 6.15905e-06 0 -2.76644e-06 6.12699e-06 0 -2.75265e-06 6.09645e-06 0 -2.73955e-06 6.06743e-06 0 -2.72712e-06 6.0399e-06 0 -2.71537e-06 6.01388e-06 0 -2.7043e-06 5.98935e-06 0 -2.69389e-06 5.96631e-06 0 -2.68416e-06 5.94475e-06 0 -2.67509e-06 5.92466e-06 0 -2.66668e-06 5.90605e-06 0 -2.65894e-06 5.88889e-06 0 -2.65185e-06 5.87321e-06 0 -2.64543e-06 5.85897e-06 0 -2.63966e-06 5.8462e-06 0 -2.63454e-06 5.83487e-06 0 -2.63008e-06 5.82499e-06 0 -2.62628e-06 5.81656e-06 0 -2.62312e-06 5.80957e-06 0 -2.62062e-06 5.80402e-06 0 -2.61876e-06 5.79991e-06 0 -2.61756e-06 5.79724e-06 0 -2.617e-06 5.79602e-06 0 -2.6171e-06 5.79622e-06 0 -2.61784e-06 5.79787e-06 0 -2.61923e-06 5.80096e-06 0 -2.62128e-06 5.80548e-06 0 -2.62397e-06 5.81145e-06 0 -2.62732e-06 5.81886e-06 0 -2.63131e-06 5.82771e-06 0 -2.63596e-06 5.83801e-06 0 -2.64127e-06 5.84976e-06 0 -2.64723e-06 5.86296e-06 0 -2.65385e-06 5.87762e-06 0 -2.66112e-06 5.89373e-06 0 -2.66906e-06 5.91131e-06 0 -2.67766e-06 5.93035e-06 0 -2.68692e-06 5.95086e-06 0 -2.69685e-06 5.97286e-06 0 -2.70745e-06 5.99633e-06 0 -2.71872e-06 6.02129e-06 0 -2.73066e-06 6.04775e-06 0 -2.74329e-06 6.07571e-06 0 -2.90942e-06 6.18283e-06 0 -2.89301e-06 6.14796e-06 0 -2.87732e-06 6.11461e-06 0 -2.86234e-06 6.08278e-06 0 -2.84807e-06 6.05246e-06 0 -2.83451e-06 6.02365e-06 0 -2.82166e-06 5.99632e-06 0 -2.8095e-06 5.97049e-06 0 -2.79804e-06 5.94614e-06 0 -2.78728e-06 5.92326e-06 0 -2.7772e-06 5.90185e-06 0 -2.76782e-06 5.88191e-06 0 -2.75912e-06 5.86343e-06 0 -2.75111e-06 5.8464e-06 0 -2.74378e-06 5.83083e-06 0 -2.73713e-06 5.8167e-06 0 -2.73116e-06 5.80401e-06 0 -2.72587e-06 5.79277e-06 0 -2.72125e-06 5.78296e-06 0 -2.71731e-06 5.77459e-06 0 -2.71405e-06 5.76765e-06 0 -2.71146e-06 5.76214e-06 0 -2.70954e-06 5.75806e-06 0 -2.70829e-06 5.75541e-06 0 -2.70772e-06 5.75419e-06 0 -2.70782e-06 5.7544e-06 0 -2.70859e-06 5.75604e-06 0 -2.71003e-06 5.7591e-06 0 -2.71214e-06 5.76359e-06 0 -2.71493e-06 5.76952e-06 0 -2.71839e-06 5.77687e-06 0 -2.72253e-06 5.78566e-06 0 -2.72734e-06 5.79589e-06 0 -2.73283e-06 5.80755e-06 0 -2.73899e-06 5.82066e-06 0 -2.74584e-06 5.83521e-06 0 -2.75337e-06 5.8512e-06 0 -2.76158e-06 5.86865e-06 0 -2.77047e-06 5.88756e-06 0 -2.78006e-06 5.90793e-06 0 -2.79033e-06 5.92976e-06 0 -2.8013e-06 5.95306e-06 0 -2.81296e-06 5.97785e-06 0 -2.82532e-06 6.00411e-06 0 -2.83838e-06 6.03187e-06 0 -3.00618e-06 6.13637e-06 0 -2.98922e-06 6.10176e-06 0 -2.97301e-06 6.06866e-06 0 -2.95753e-06 6.03707e-06 0 -2.94279e-06 6.00698e-06 0 -2.92878e-06 5.97838e-06 0 -2.91549e-06 5.95126e-06 0 -2.90293e-06 5.92562e-06 0 -2.89109e-06 5.90145e-06 0 -2.87997e-06 5.87875e-06 0 -2.86956e-06 5.8575e-06 0 -2.85987e-06 5.83771e-06 0 -2.85088e-06 5.81937e-06 0 -2.8426e-06 5.80247e-06 0 -2.83503e-06 5.78701e-06 0 -2.82816e-06 5.77299e-06 0 -2.82199e-06 5.7604e-06 0 -2.81652e-06 5.74924e-06 0 -2.81175e-06 5.7395e-06 0 -2.80768e-06 5.73119e-06 0 -2.80431e-06 5.72431e-06 0 -2.80163e-06 5.71884e-06 0 -2.79965e-06 5.71479e-06 0 -2.79836e-06 5.71216e-06 0 -2.79777e-06 5.71095e-06 0 -2.79787e-06 5.71116e-06 0 -2.79866e-06 5.71278e-06 0 -2.80015e-06 5.71582e-06 0 -2.80234e-06 5.72028e-06 0 -2.80522e-06 5.72616e-06 0 -2.80879e-06 5.73346e-06 0 -2.81307e-06 5.74219e-06 0 -2.81804e-06 5.75233e-06 0 -2.82371e-06 5.76391e-06 0 -2.83008e-06 5.77692e-06 0 -2.83716e-06 5.79136e-06 0 -2.84493e-06 5.80723e-06 0 -2.85342e-06 5.82455e-06 0 -2.86261e-06 5.84332e-06 0 -2.87251e-06 5.86353e-06 0 -2.88313e-06 5.8852e-06 0 -2.89446e-06 5.90833e-06 0 -2.90651e-06 5.93292e-06 0 -2.91928e-06 5.95899e-06 0 -2.93278e-06 5.98654e-06 0 -3.10219e-06 6.08839e-06 0 -3.08469e-06 6.05405e-06 0 -3.06796e-06 6.02121e-06 0 -3.05199e-06 5.98987e-06 0 -3.03678e-06 5.96002e-06 0 -3.02232e-06 5.93164e-06 0 -3.00861e-06 5.90473e-06 0 -2.99565e-06 5.8793e-06 0 -2.98343e-06 5.85532e-06 0 -2.97195e-06 5.83279e-06 0 -2.96121e-06 5.81171e-06 0 -2.95121e-06 5.79207e-06 0 -2.94193e-06 5.77387e-06 0 -2.93339e-06 5.7571e-06 0 -2.92558e-06 5.74177e-06 0 -2.91849e-06 5.72785e-06 0 -2.91212e-06 5.71536e-06 0 -2.90648e-06 5.70429e-06 0 -2.90156e-06 5.69463e-06 0 -2.89736e-06 5.68639e-06 0 -2.89388e-06 5.67955e-06 0 -2.89111e-06 5.67413e-06 0 -2.88907e-06 5.67011e-06 0 -2.88774e-06 5.6675e-06 0 -2.88713e-06 5.6663e-06 0 -2.88723e-06 5.66651e-06 0 -2.88805e-06 5.66812e-06 0 -2.88959e-06 5.67114e-06 0 -2.89184e-06 5.67556e-06 0 -2.89481e-06 5.68139e-06 0 -2.89851e-06 5.68864e-06 0 -2.90292e-06 5.69729e-06 0 -2.90805e-06 5.70736e-06 0 -2.9139e-06 5.71885e-06 0 -2.92047e-06 5.73175e-06 0 -2.92777e-06 5.74608e-06 0 -2.9358e-06 5.76183e-06 0 -2.94455e-06 5.77901e-06 0 -2.95404e-06 5.79763e-06 0 -2.96426e-06 5.81769e-06 0 -2.97521e-06 5.83919e-06 0 -2.98691e-06 5.86214e-06 0 -2.99934e-06 5.88654e-06 0 -3.01252e-06 5.9124e-06 0 -3.02645e-06 5.93974e-06 0 -3.19744e-06 6.03891e-06 0 -3.17941e-06 6.00485e-06 0 -3.16216e-06 5.97228e-06 0 -3.1457e-06 5.94119e-06 0 -3.13002e-06 5.91158e-06 0 -3.11512e-06 5.88344e-06 0 -3.10099e-06 5.85675e-06 0 -3.08763e-06 5.83152e-06 0 -3.07504e-06 5.80773e-06 0 -3.0632e-06 5.78539e-06 0 -3.05213e-06 5.76448e-06 0 -3.04182e-06 5.745e-06 0 -3.03226e-06 5.72695e-06 0 -3.02346e-06 5.71032e-06 0 -3.0154e-06 5.6951e-06 0 -3.0081e-06 5.6813e-06 0 -3.00154e-06 5.66891e-06 0 -2.99572e-06 5.65793e-06 0 -2.99065e-06 5.64835e-06 0 -2.98632e-06 5.64017e-06 0 -2.98273e-06 5.6334e-06 0 -2.97988e-06 5.62802e-06 0 -2.97777e-06 5.62403e-06 0 -2.9764e-06 5.62145e-06 0 -2.97577e-06 5.62026e-06 0 -2.97588e-06 5.62046e-06 0 -2.97673e-06 5.62206e-06 0 -2.97831e-06 5.62505e-06 0 -2.98063e-06 5.62944e-06 0 -2.9837e-06 5.63522e-06 0 -2.9875e-06 5.64241e-06 0 -2.99205e-06 5.65099e-06 0 -2.99733e-06 5.66098e-06 0 -3.00337e-06 5.67237e-06 0 -3.01014e-06 5.68517e-06 0 -3.01767e-06 5.69938e-06 0 -3.02594e-06 5.71501e-06 0 -3.03496e-06 5.73205e-06 0 -3.04474e-06 5.75052e-06 0 -3.05527e-06 5.77041e-06 0 -3.06657e-06 5.79173e-06 0 -3.07862e-06 5.8145e-06 0 -3.09143e-06 5.8387e-06 0 -3.10502e-06 5.86436e-06 0 -3.11937e-06 5.89147e-06 0 -3.2919e-06 5.98794e-06 0 -3.27333e-06 5.95417e-06 0 -3.25558e-06 5.92188e-06 0 -3.23863e-06 5.89105e-06 0 -3.22249e-06 5.86169e-06 0 -3.20715e-06 5.83378e-06 0 -3.1926e-06 5.80732e-06 0 -3.17885e-06 5.7823e-06 0 -3.16588e-06 5.75871e-06 0 -3.1537e-06 5.73656e-06 0 -3.1423e-06 5.71583e-06 0 -3.13168e-06 5.69651e-06 0 -3.12184e-06 5.67861e-06 0 -3.11278e-06 5.66212e-06 0 -3.10449e-06 5.64704e-06 0 -3.09696e-06 5.63335e-06 0 -3.09021e-06 5.62107e-06 0 -3.08422e-06 5.61018e-06 0 -3.079e-06 5.60068e-06 0 -3.07454e-06 5.59257e-06 0 -3.07085e-06 5.58585e-06 0 -3.06792e-06 5.58052e-06 0 -3.06574e-06 5.57657e-06 0 -3.06433e-06 5.574e-06 0 -3.06368e-06 5.57282e-06 0 -3.06379e-06 5.57302e-06 0 -3.06467e-06 5.57461e-06 0 -3.0663e-06 5.57757e-06 0 -3.06869e-06 5.58192e-06 0 -3.07184e-06 5.58766e-06 0 -3.07576e-06 5.59479e-06 0 -3.08044e-06 5.6033e-06 0 -3.08588e-06 5.6132e-06 0 -3.09209e-06 5.6245e-06 0 -3.09907e-06 5.63719e-06 0 -3.10682e-06 5.65128e-06 0 -3.11533e-06 5.66677e-06 0 -3.12462e-06 5.68367e-06 0 -3.13469e-06 5.70198e-06 0 -3.14553e-06 5.72171e-06 0 -3.15716e-06 5.74285e-06 0 -3.16957e-06 5.76542e-06 0 -3.18276e-06 5.78942e-06 0 -3.19675e-06 5.81486e-06 0 -3.21152e-06 5.84174e-06 0 -3.38555e-06 5.9355e-06 0 -3.36645e-06 5.90202e-06 0 -3.34819e-06 5.87001e-06 0 -3.33077e-06 5.83945e-06 0 -3.31416e-06 5.81035e-06 0 -3.29838e-06 5.78268e-06 0 -3.28342e-06 5.75645e-06 0 -3.26928e-06 5.73165e-06 0 -3.25594e-06 5.70828e-06 0 -3.24342e-06 5.68631e-06 0 -3.2317e-06 5.66576e-06 0 -3.22078e-06 5.64662e-06 0 -3.21066e-06 5.62888e-06 0 -3.20133e-06 5.61253e-06 0 -3.1928e-06 5.59758e-06 0 -3.18507e-06 5.58401e-06 0 -3.17812e-06 5.57184e-06 0 -3.17196e-06 5.56104e-06 0 -3.16659e-06 5.55163e-06 0 -3.16201e-06 5.54359e-06 0 -3.15821e-06 5.53693e-06 0 -3.15519e-06 5.53164e-06 0 -3.15296e-06 5.52773e-06 0 -3.15151e-06 5.52518e-06 0 -3.15084e-06 5.52401e-06 0 -3.15095e-06 5.52421e-06 0 -3.15185e-06 5.52578e-06 0 -3.15353e-06 5.52872e-06 0 -3.15599e-06 5.53304e-06 0 -3.15923e-06 5.53872e-06 0 -3.16326e-06 5.54578e-06 0 -3.16807e-06 5.55422e-06 0 -3.17367e-06 5.56404e-06 0 -3.18006e-06 5.57523e-06 0 -3.18723e-06 5.58781e-06 0 -3.1952e-06 5.60178e-06 0 -3.20396e-06 5.61714e-06 0 -3.21351e-06 5.63389e-06 0 -3.22387e-06 5.65204e-06 0 -3.23502e-06 5.67159e-06 0 -3.24697e-06 5.69255e-06 0 -3.25974e-06 5.71493e-06 0 -3.27331e-06 5.73872e-06 0 -3.28769e-06 5.76393e-06 0 -3.30289e-06 5.79058e-06 0 -3.47836e-06 5.88159e-06 0 -3.45874e-06 5.84842e-06 0 -3.43998e-06 5.81669e-06 0 -3.42208e-06 5.78642e-06 0 -3.40502e-06 5.75757e-06 0 -3.38881e-06 5.73016e-06 0 -3.37344e-06 5.70417e-06 0 -3.3589e-06 5.6796e-06 0 -3.3452e-06 5.65643e-06 0 -3.33233e-06 5.63467e-06 0 -3.32029e-06 5.6143e-06 0 -3.30907e-06 5.59533e-06 0 -3.29867e-06 5.57775e-06 0 -3.28909e-06 5.56155e-06 0 -3.28033e-06 5.54674e-06 0 -3.27238e-06 5.5333e-06 0 -3.26525e-06 5.52123e-06 0 -3.25892e-06 5.51053e-06 0 -3.2534e-06 5.5012e-06 0 -3.24869e-06 5.49324e-06 0 -3.24479e-06 5.48664e-06 0 -3.24169e-06 5.4814e-06 0 -3.2394e-06 5.47752e-06 0 -3.23791e-06 5.475e-06 0 -3.23722e-06 5.47384e-06 0 -3.23734e-06 5.47404e-06 0 -3.23826e-06 5.47559e-06 0 -3.23998e-06 5.47851e-06 0 -3.24251e-06 5.48278e-06 0 -3.24584e-06 5.48842e-06 0 -3.24998e-06 5.49541e-06 0 -3.25492e-06 5.50377e-06 0 -3.26068e-06 5.5135e-06 0 -3.26724e-06 5.5246e-06 0 -3.27461e-06 5.53706e-06 0 -3.28279e-06 5.5509e-06 0 -3.29179e-06 5.56612e-06 0 -3.30161e-06 5.58272e-06 0 -3.31225e-06 5.6007e-06 0 -3.32371e-06 5.62008e-06 0 -3.33599e-06 5.64085e-06 0 -3.3491e-06 5.66302e-06 0 -3.36304e-06 5.68659e-06 0 -3.37782e-06 5.71158e-06 0 -3.39343e-06 5.73798e-06 0 -3.57032e-06 5.82623e-06 0 -3.55018e-06 5.79337e-06 0 -3.53092e-06 5.76194e-06 0 -3.51254e-06 5.73195e-06 0 -3.49504e-06 5.70338e-06 0 -3.4784e-06 5.67623e-06 0 -3.46262e-06 5.65048e-06 0 -3.4477e-06 5.62614e-06 0 -3.43364e-06 5.60319e-06 0 -3.42043e-06 5.58163e-06 0 -3.40807e-06 5.56146e-06 0 -3.39655e-06 5.54267e-06 0 -3.38588e-06 5.52525e-06 0 -3.37605e-06 5.50921e-06 0 -3.36705e-06 5.49453e-06 0 -3.35889e-06 5.48121e-06 0 -3.35157e-06 5.46926e-06 0 -3.34507e-06 5.45866e-06 0 -3.33941e-06 5.44942e-06 0 -3.33458e-06 5.44153e-06 0 -3.33057e-06 5.43499e-06 0 -3.32739e-06 5.4298e-06 0 -3.32503e-06 5.42596e-06 0 -3.3235e-06 5.42346e-06 0 -3.3228e-06 5.42231e-06 0 -3.32292e-06 5.42251e-06 0 -3.32386e-06 5.42405e-06 0 -3.32563e-06 5.42694e-06 0 -3.32823e-06 5.43117e-06 0 -3.33165e-06 5.43676e-06 0 -3.3359e-06 5.44369e-06 0 -3.34097e-06 5.45197e-06 0 -3.34688e-06 5.4616e-06 0 -3.35361e-06 5.47259e-06 0 -3.36118e-06 5.48494e-06 0 -3.36958e-06 5.49865e-06 0 -3.37882e-06 5.51373e-06 0 -3.38889e-06 5.53017e-06 0 -3.39981e-06 5.54799e-06 0 -3.41157e-06 5.56718e-06 0 -3.42418e-06 5.58775e-06 0 -3.43764e-06 5.60971e-06 0 -3.45195e-06 5.63307e-06 0 -3.46712e-06 5.65782e-06 0 -3.48314e-06 5.68397e-06 0 -3.66139e-06 5.76943e-06 0 -3.64074e-06 5.73689e-06 0 -3.62099e-06 5.70577e-06 0 -3.60214e-06 5.67607e-06 0 -3.58419e-06 5.64778e-06 0 -3.56712e-06 5.62089e-06 0 -3.55095e-06 5.59539e-06 0 -3.53565e-06 5.57129e-06 0 -3.52123e-06 5.54856e-06 0 -3.50768e-06 5.52722e-06 0 -3.495e-06 5.50724e-06 0 -3.48319e-06 5.48863e-06 0 -3.47225e-06 5.47139e-06 0 -3.46216e-06 5.4555e-06 0 -3.45294e-06 5.44096e-06 0 -3.44457e-06 5.42778e-06 0 -3.43706e-06 5.41594e-06 0 -3.4304e-06 5.40545e-06 0 -3.42459e-06 5.3963e-06 0 -3.41964e-06 5.38848e-06 0 -3.41553e-06 5.38201e-06 0 -3.41226e-06 5.37687e-06 0 -3.40985e-06 5.37306e-06 0 -3.40828e-06 5.37059e-06 0 -3.40756e-06 5.36945e-06 0 -3.40768e-06 5.36965e-06 0 -3.40865e-06 5.37117e-06 0 -3.41046e-06 5.37403e-06 0 -3.41313e-06 5.37823e-06 0 -3.41663e-06 5.38375e-06 0 -3.42099e-06 5.39062e-06 0 -3.42619e-06 5.39882e-06 0 -3.43225e-06 5.40836e-06 0 -3.43916e-06 5.41924e-06 0 -3.44692e-06 5.43147e-06 0 -3.45553e-06 5.44505e-06 0 -3.46501e-06 5.45998e-06 0 -3.47534e-06 5.47626e-06 0 -3.48654e-06 5.4939e-06 0 -3.4986e-06 5.51291e-06 0 -3.51153e-06 5.53328e-06 0 -3.52533e-06 5.55503e-06 0 -3.54e-06 5.57815e-06 0 -3.55556e-06 5.60266e-06 0 -3.57199e-06 5.62856e-06 0 -3.75156e-06 5.71121e-06 0 -3.7304e-06 5.67899e-06 0 -3.71017e-06 5.64819e-06 0 -3.69086e-06 5.61879e-06 0 -3.67246e-06 5.59078e-06 0 -3.65497e-06 5.56417e-06 0 -3.6384e-06 5.53893e-06 0 -3.62272e-06 5.51506e-06 0 -3.60794e-06 5.49257e-06 0 -3.59406e-06 5.47144e-06 0 -3.58107e-06 5.45166e-06 0 -3.56897e-06 5.43324e-06 0 -3.55776e-06 5.41617e-06 0 -3.54743e-06 5.40044e-06 0 -3.53798e-06 5.38606e-06 0 -3.5294e-06 5.373e-06 0 -3.52171e-06 5.36129e-06 0 -3.51488e-06 5.3509e-06 0 -3.50893e-06 5.34184e-06 0 -3.50385e-06 5.33411e-06 0 -3.49964e-06 5.3277e-06 0 -3.4963e-06 5.32261e-06 0 -3.49383e-06 5.31884e-06 0 -3.49222e-06 5.31639e-06 0 -3.49148e-06 5.31527e-06 0 -3.4916e-06 5.31546e-06 0 -3.4926e-06 5.31697e-06 0 -3.49446e-06 5.3198e-06 0 -3.49718e-06 5.32395e-06 0 -3.50078e-06 5.32942e-06 0 -3.50524e-06 5.33622e-06 0 -3.51057e-06 5.34434e-06 0 -3.51678e-06 5.35378e-06 0 -3.52385e-06 5.36455e-06 0 -3.53181e-06 5.37666e-06 0 -3.54063e-06 5.3901e-06 0 -3.55034e-06 5.40488e-06 0 -3.56093e-06 5.421e-06 0 -3.5724e-06 5.43846e-06 0 -3.58476e-06 5.45727e-06 0 -3.59801e-06 5.47744e-06 0 -3.61215e-06 5.49897e-06 0 -3.62718e-06 5.52186e-06 0 -3.64312e-06 5.54612e-06 0 -3.65996e-06 5.57176e-06 0 -3.84081e-06 5.65157e-06 0 -3.81914e-06 5.6197e-06 0 -3.79843e-06 5.58922e-06 0 -3.77866e-06 5.56012e-06 0 -3.75982e-06 5.53241e-06 0 -3.74192e-06 5.50607e-06 0 -3.72495e-06 5.4811e-06 0 -3.7089e-06 5.45748e-06 0 -3.69377e-06 5.43522e-06 0 -3.67956e-06 5.41431e-06 0 -3.66626e-06 5.39474e-06 0 -3.65388e-06 5.37651e-06 0 -3.64239e-06 5.35962e-06 0 -3.63182e-06 5.34406e-06 0 -3.62214e-06 5.32982e-06 0 -3.61336e-06 5.3169e-06 0 -3.60548e-06 5.30531e-06 0 -3.5985e-06 5.29503e-06 0 -3.59241e-06 5.28606e-06 0 -3.5872e-06 5.27841e-06 0 -3.58289e-06 5.27207e-06 0 -3.57947e-06 5.26703e-06 0 -3.57694e-06 5.26331e-06 0 -3.57529e-06 5.26089e-06 0 -3.57454e-06 5.25977e-06 0 -3.57466e-06 5.25996e-06 0 -3.57568e-06 5.26145e-06 0 -3.57758e-06 5.26426e-06 0 -3.58038e-06 5.26836e-06 0 -3.58406e-06 5.27378e-06 0 -3.58862e-06 5.2805e-06 0 -3.59408e-06 5.28854e-06 0 -3.60044e-06 5.29788e-06 0 -3.60768e-06 5.30854e-06 0 -3.61582e-06 5.32052e-06 0 -3.62486e-06 5.33382e-06 0 -3.6348e-06 5.34844e-06 0 -3.64564e-06 5.36439e-06 0 -3.65738e-06 5.38168e-06 0 -3.67003e-06 5.40029e-06 0 -3.6836e-06 5.42025e-06 0 -3.69807e-06 5.44155e-06 0 -3.71347e-06 5.46421e-06 0 -3.72979e-06 5.48821e-06 0 -3.74703e-06 5.51358e-06 0 -3.9291e-06 5.59055e-06 0 -3.90694e-06 5.55902e-06 0 -3.88575e-06 5.52887e-06 0 -3.86553e-06 5.50009e-06 0 -3.84626e-06 5.47267e-06 0 -3.82795e-06 5.44661e-06 0 -3.81058e-06 5.42191e-06 0 -3.79417e-06 5.39855e-06 0 -3.77869e-06 5.37653e-06 0 -3.76415e-06 5.35585e-06 0 -3.75055e-06 5.33649e-06 0 -3.73788e-06 5.31846e-06 0 -3.72613e-06 5.30175e-06 0 -3.71531e-06 5.28635e-06 0 -3.70541e-06 5.27227e-06 0 -3.69643e-06 5.25949e-06 0 -3.68837e-06 5.24802e-06 0 -3.68123e-06 5.23785e-06 0 -3.67499e-06 5.22899e-06 0 -3.66967e-06 5.22142e-06 0 -3.66526e-06 5.21514e-06 0 -3.66176e-06 5.21016e-06 0 -3.65917e-06 5.20647e-06 0 -3.65749e-06 5.20408e-06 0 -3.65671e-06 5.20297e-06 0 -3.65684e-06 5.20316e-06 0 -3.65788e-06 5.20464e-06 0 -3.65983e-06 5.20741e-06 0 -3.66269e-06 5.21147e-06 0 -3.66645e-06 5.21683e-06 0 -3.67112e-06 5.22348e-06 0 -3.67671e-06 5.23143e-06 0 -3.68321e-06 5.24067e-06 0 -3.69062e-06 5.25122e-06 0 -3.69895e-06 5.26307e-06 0 -3.70819e-06 5.27623e-06 0 -3.71836e-06 5.29069e-06 0 -3.72945e-06 5.30647e-06 0 -3.74146e-06 5.32356e-06 0 -3.75441e-06 5.34198e-06 0 -3.76828e-06 5.36172e-06 0 -3.78309e-06 5.38279e-06 0 -3.79884e-06 5.4052e-06 0 -3.81553e-06 5.42895e-06 0 -3.83317e-06 5.45405e-06 0 -4.01643e-06 5.52814e-06 0 -3.99378e-06 5.49696e-06 0 -3.97212e-06 5.46715e-06 0 -3.95144e-06 5.43869e-06 0 -3.93174e-06 5.41158e-06 0 -3.91302e-06 5.38582e-06 0 -3.89528e-06 5.36139e-06 0 -3.87849e-06 5.33829e-06 0 -3.86267e-06 5.31651e-06 0 -3.84781e-06 5.29606e-06 0 -3.83391e-06 5.27692e-06 0 -3.82095e-06 5.25909e-06 0 -3.80895e-06 5.24257e-06 0 -3.79789e-06 5.22734e-06 0 -3.78777e-06 5.21341e-06 0 -3.77859e-06 5.20078e-06 0 -3.77035e-06 5.18944e-06 0 -3.76304e-06 5.17939e-06 0 -3.75667e-06 5.17062e-06 0 -3.75123e-06 5.16313e-06 0 -3.74673e-06 5.15693e-06 0 -3.74315e-06 5.152e-06 0 -3.7405e-06 5.14836e-06 0 -3.73878e-06 5.14599e-06 0 -3.73799e-06 5.1449e-06 0 -3.73812e-06 5.14508e-06 0 -3.73918e-06 5.14654e-06 0 -3.74117e-06 5.14928e-06 0 -3.74409e-06 5.1533e-06 0 -3.74794e-06 5.1586e-06 0 -3.75272e-06 5.16517e-06 0 -3.75843e-06 5.17303e-06 0 -3.76507e-06 5.18217e-06 0 -3.77265e-06 5.1926e-06 0 -3.78116e-06 5.20432e-06 0 -3.79061e-06 5.21733e-06 0 -3.801e-06 5.23163e-06 0 -3.81234e-06 5.24723e-06 0 -3.82462e-06 5.26414e-06 0 -3.83785e-06 5.28235e-06 0 -3.85203e-06 5.30187e-06 0 -3.86717e-06 5.32271e-06 0 -3.88327e-06 5.34487e-06 0 -3.90033e-06 5.36835e-06 0 -3.91837e-06 5.39317e-06 0 -4.10277e-06 5.46437e-06 0 -4.07963e-06 5.43355e-06 0 -4.0575e-06 5.40408e-06 0 -4.03638e-06 5.37595e-06 0 -4.01626e-06 5.34916e-06 0 -3.99714e-06 5.32369e-06 0 -3.97901e-06 5.29954e-06 0 -3.96187e-06 5.27671e-06 0 -3.94571e-06 5.25519e-06 0 -3.93053e-06 5.23497e-06 0 -3.91632e-06 5.21605e-06 0 -3.90309e-06 5.19842e-06 0 -3.89082e-06 5.18209e-06 0 -3.87952e-06 5.16704e-06 0 -3.86919e-06 5.15328e-06 0 -3.85981e-06 5.14079e-06 0 -3.8514e-06 5.12958e-06 0 -3.84393e-06 5.11964e-06 0 -3.83743e-06 5.11097e-06 0 -3.83187e-06 5.10357e-06 0 -3.82727e-06 5.09744e-06 0 -3.82361e-06 5.09257e-06 0 -3.8209e-06 5.08897e-06 0 -3.81915e-06 5.08663e-06 0 -3.81834e-06 5.08555e-06 0 -3.81847e-06 5.08573e-06 0 -3.81956e-06 5.08718e-06 0 -3.82159e-06 5.08988e-06 0 -3.82457e-06 5.09386e-06 0 -3.82851e-06 5.09909e-06 0 -3.83339e-06 5.10559e-06 0 -3.83922e-06 5.11336e-06 0 -3.846e-06 5.1224e-06 0 -3.85374e-06 5.1327e-06 0 -3.86244e-06 5.14429e-06 0 -3.87209e-06 5.15715e-06 0 -3.88271e-06 5.17128e-06 0 -3.89429e-06 5.18671e-06 0 -3.90683e-06 5.20341e-06 0 -3.92035e-06 5.22142e-06 0 -3.93484e-06 5.24071e-06 0 -3.9503e-06 5.26131e-06 0 -3.96675e-06 5.28321e-06 0 -3.98418e-06 5.30642e-06 0 -4.00259e-06 5.33095e-06 0 -4.18809e-06 5.39926e-06 0 -4.16447e-06 5.3688e-06 0 -4.14188e-06 5.33968e-06 0 -4.12032e-06 5.31189e-06 0 -4.09979e-06 5.28541e-06 0 -4.08027e-06 5.26025e-06 0 -4.06176e-06 5.23639e-06 0 -4.04426e-06 5.21383e-06 0 -4.02776e-06 5.19256e-06 0 -4.01227e-06 5.17258e-06 0 -3.99777e-06 5.15389e-06 0 -3.98426e-06 5.13648e-06 0 -3.97174e-06 5.12034e-06 0 -3.96021e-06 5.10547e-06 0 -3.94966e-06 5.09187e-06 0 -3.94009e-06 5.07953e-06 0 -3.93149e-06 5.06845e-06 0 -3.92388e-06 5.05863e-06 0 -3.91723e-06 5.05006e-06 0 -3.91156e-06 5.04275e-06 0 -3.90686e-06 5.03669e-06 0 -3.90313e-06 5.03188e-06 0 -3.90037e-06 5.02832e-06 0 -3.89857e-06 5.02601e-06 0 -3.89775e-06 5.02494e-06 0 -3.89789e-06 5.02513e-06 0 -3.89899e-06 5.02655e-06 0 -3.90107e-06 5.02923e-06 0 -3.90411e-06 5.03315e-06 0 -3.90813e-06 5.03833e-06 0 -3.91311e-06 5.04475e-06 0 -3.91906e-06 5.05242e-06 0 -3.92599e-06 5.06135e-06 0 -3.93389e-06 5.07154e-06 0 -3.94277e-06 5.08298e-06 0 -3.95262e-06 5.09569e-06 0 -3.96346e-06 5.10966e-06 0 -3.97528e-06 5.1249e-06 0 -3.98808e-06 5.14141e-06 0 -4.00188e-06 5.15919e-06 0 -4.01667e-06 5.17826e-06 0 -4.03246e-06 5.19861e-06 0 -4.04924e-06 5.22025e-06 0 -4.06703e-06 5.24319e-06 0 -4.08584e-06 5.26743e-06 0 -4.27238e-06 5.33281e-06 0 -4.24829e-06 5.30273e-06 0 -4.22524e-06 5.27397e-06 0 -4.20325e-06 5.24651e-06 0 -4.1823e-06 5.22036e-06 0 -4.16239e-06 5.19551e-06 0 -4.14351e-06 5.17194e-06 0 -4.12566e-06 5.14966e-06 0 -4.10883e-06 5.12866e-06 0 -4.09302e-06 5.10892e-06 0 -4.07823e-06 5.09046e-06 0 -4.06445e-06 5.07326e-06 0 -4.05168e-06 5.05732e-06 0 -4.03991e-06 5.04263e-06 0 -4.02915e-06 5.0292e-06 0 -4.01938e-06 5.01701e-06 0 -4.01062e-06 5.00607e-06 0 -4.00285e-06 4.99637e-06 0 -3.99607e-06 4.98791e-06 0 -3.99029e-06 4.98069e-06 0 -3.98549e-06 4.97471e-06 0 -3.98169e-06 4.96996e-06 0 -3.97887e-06 4.96644e-06 0 -3.97704e-06 4.96415e-06 0 -3.97619e-06 4.9631e-06 0 -3.97634e-06 4.96328e-06 0 -3.97747e-06 4.96469e-06 0 -3.97958e-06 4.96733e-06 0 -3.98269e-06 4.97121e-06 0 -3.98678e-06 4.97632e-06 0 -3.99187e-06 4.98266e-06 0 -3.99794e-06 4.99024e-06 0 -4.005e-06 4.99906e-06 0 -4.01306e-06 5.00912e-06 0 -4.02212e-06 5.02043e-06 0 -4.03217e-06 5.03298e-06 0 -4.04323e-06 5.04677e-06 0 -4.05529e-06 5.06182e-06 0 -4.06835e-06 5.07813e-06 0 -4.08242e-06 5.0957e-06 0 -4.09751e-06 5.11453e-06 0 -4.11361e-06 5.13463e-06 0 -4.13074e-06 5.15601e-06 0 -4.14889e-06 5.17866e-06 0 -4.16807e-06 5.2026e-06 0 -4.35562e-06 5.26504e-06 0 -4.33105e-06 5.23535e-06 0 -4.30756e-06 5.20695e-06 0 -4.28514e-06 5.17985e-06 0 -4.26378e-06 5.15403e-06 0 -4.24348e-06 5.12949e-06 0 -4.22423e-06 5.10622e-06 0 -4.20603e-06 5.08422e-06 0 -4.18888e-06 5.06348e-06 0 -4.17276e-06 5.044e-06 0 -4.15768e-06 5.02578e-06 0 -4.14363e-06 5.00879e-06 0 -4.13061e-06 4.99305e-06 0 -4.11862e-06 4.97856e-06 0 -4.10765e-06 4.96529e-06 0 -4.09769e-06 4.95326e-06 0 -4.08876e-06 4.94246e-06 0 -4.08083e-06 4.93288e-06 0 -4.07393e-06 4.92453e-06 0 -4.06803e-06 4.9174e-06 0 -4.06314e-06 4.91149e-06 0 -4.05926e-06 4.9068e-06 0 -4.05639e-06 4.90333e-06 0 -4.05452e-06 4.90107e-06 0 -4.05366e-06 4.90003e-06 0 -4.05381e-06 4.90021e-06 0 -4.05496e-06 4.9016e-06 0 -4.05712e-06 4.90421e-06 0 -4.06028e-06 4.90804e-06 0 -4.06446e-06 4.91308e-06 0 -4.06964e-06 4.91935e-06 0 -4.07583e-06 4.92683e-06 0 -4.08303e-06 4.93554e-06 0 -4.09125e-06 4.94547e-06 0 -4.10048e-06 4.95663e-06 0 -4.11073e-06 4.96902e-06 0 -4.122e-06 4.98264e-06 0 -4.13429e-06 4.9975e-06 0 -4.14761e-06 5.0136e-06 0 -4.16196e-06 5.03094e-06 0 -4.17734e-06 5.04954e-06 0 -4.19376e-06 5.06938e-06 0 -4.21122e-06 5.09049e-06 0 -4.22972e-06 5.11285e-06 0 -4.24927e-06 5.13649e-06 0 -4.43778e-06 5.19598e-06 0 -4.41275e-06 5.16667e-06 0 -4.38882e-06 5.13865e-06 0 -4.36597e-06 5.1119e-06 0 -4.34421e-06 5.08642e-06 0 -4.32353e-06 5.0622e-06 0 -4.30392e-06 5.03924e-06 0 -4.28537e-06 5.01753e-06 0 -4.2679e-06 4.99706e-06 0 -4.25148e-06 4.97784e-06 0 -4.23611e-06 4.95985e-06 0 -4.2218e-06 4.94309e-06 0 -4.20853e-06 4.92756e-06 0 -4.19631e-06 4.91325e-06 0 -4.18513e-06 4.90016e-06 0 -4.17499e-06 4.88828e-06 0 -4.16588e-06 4.87762e-06 0 -4.15781e-06 4.86817e-06 0 -4.15077e-06 4.85993e-06 0 -4.14476e-06 4.8529e-06 0 -4.13978e-06 4.84706e-06 0 -4.13583e-06 4.84244e-06 0 -4.1329e-06 4.83901e-06 0 -4.131e-06 4.83678e-06 0 -4.13013e-06 4.83576e-06 0 -4.13028e-06 4.83593e-06 0 -4.13145e-06 4.83731e-06 0 -4.13365e-06 4.83988e-06 0 -4.13687e-06 4.84366e-06 0 -4.14113e-06 4.84864e-06 0 -4.14641e-06 4.85482e-06 0 -4.15271e-06 4.8622e-06 0 -4.16005e-06 4.8708e-06 0 -4.16842e-06 4.8806e-06 0 -4.17783e-06 4.89161e-06 0 -4.18827e-06 4.90384e-06 0 -4.19976e-06 4.91728e-06 0 -4.21228e-06 4.93195e-06 0 -4.22585e-06 4.94783e-06 0 -4.24047e-06 4.96495e-06 0 -4.25614e-06 4.9833e-06 0 -4.27287e-06 5.00288e-06 0 -4.29065e-06 5.02371e-06 0 -4.30951e-06 5.04578e-06 0 -4.32943e-06 5.06911e-06 0 -4.51885e-06 5.12563e-06 0 -4.49336e-06 5.09672e-06 0 -4.46899e-06 5.06908e-06 0 -4.44573e-06 5.04269e-06 0 -4.42357e-06 5.01756e-06 0 -4.40251e-06 4.99367e-06 0 -4.38254e-06 4.97102e-06 0 -4.36366e-06 4.9496e-06 0 -4.34586e-06 4.92941e-06 0 -4.32914e-06 4.91045e-06 0 -4.31349e-06 4.8927e-06 0 -4.29892e-06 4.87617e-06 0 -4.28541e-06 4.86085e-06 0 -4.27297e-06 4.84673e-06 0 -4.26158e-06 4.83382e-06 0 -4.25126e-06 4.8221e-06 0 -4.24198e-06 4.81159e-06 0 -4.23377e-06 4.80227e-06 0 -4.2266e-06 4.79413e-06 0 -4.22048e-06 4.78719e-06 0 -4.21541e-06 4.78144e-06 0 -4.21138e-06 4.77688e-06 0 -4.2084e-06 4.77349e-06 0 -4.20647e-06 4.7713e-06 0 -4.20557e-06 4.77029e-06 0 -4.20573e-06 4.77046e-06 0 -4.20692e-06 4.77181e-06 0 -4.20916e-06 4.77435e-06 0 -4.21244e-06 4.77808e-06 0 -4.21677e-06 4.78299e-06 0 -4.22215e-06 4.78909e-06 0 -4.22857e-06 4.79638e-06 0 -4.23605e-06 4.80485e-06 0 -4.24457e-06 4.81452e-06 0 -4.25415e-06 4.82538e-06 0 -4.26478e-06 4.83745e-06 0 -4.27647e-06 4.85071e-06 0 -4.28923e-06 4.86517e-06 0 -4.30305e-06 4.88085e-06 0 -4.31793e-06 4.89773e-06 0 -4.33389e-06 4.91583e-06 0 -4.35092e-06 4.93515e-06 0 -4.36903e-06 4.9557e-06 0 -4.38823e-06 4.97747e-06 0 -4.40852e-06 5.00048e-06 0 -4.5988e-06 5.05402e-06 0 -4.57286e-06 5.02551e-06 0 -4.54806e-06 4.99825e-06 0 -4.52439e-06 4.97224e-06 0 -4.50184e-06 4.94745e-06 0 -4.4804e-06 4.9239e-06 0 -4.46008e-06 4.90156e-06 0 -4.44086e-06 4.88045e-06 0 -4.42275e-06 4.86054e-06 0 -4.40574e-06 4.84184e-06 0 -4.38981e-06 4.82434e-06 0 -4.37498e-06 4.80804e-06 0 -4.36123e-06 4.79293e-06 0 -4.34857e-06 4.77901e-06 0 -4.33698e-06 4.76628e-06 0 -4.32647e-06 4.75473e-06 0 -4.31704e-06 4.74436e-06 0 -4.30867e-06 4.73517e-06 0 -4.30138e-06 4.72715e-06 0 -4.29515e-06 4.72031e-06 0 -4.28999e-06 4.71464e-06 0 -4.28589e-06 4.71014e-06 0 -4.28286e-06 4.7068e-06 0 -4.28089e-06 4.70464e-06 0 -4.27998e-06 4.70364e-06 0 -4.28014e-06 4.70381e-06 0 -4.28135e-06 4.70515e-06 0 -4.28363e-06 4.70765e-06 0 -4.28698e-06 4.71132e-06 0 -4.29138e-06 4.71617e-06 0 -4.29685e-06 4.72218e-06 0 -4.30339e-06 4.72936e-06 0 -4.311e-06 4.73772e-06 0 -4.31967e-06 4.74726e-06 0 -4.32942e-06 4.75797e-06 0 -4.34024e-06 4.76986e-06 0 -4.35214e-06 4.78294e-06 0 -4.36512e-06 4.7972e-06 0 -4.37918e-06 4.81266e-06 0 -4.39433e-06 4.8293e-06 0 -4.41057e-06 4.84715e-06 0 -4.4279e-06 4.8662e-06 0 -4.44634e-06 4.88646e-06 0 -4.46587e-06 4.90793e-06 0 -4.48652e-06 4.93062e-06 0 -4.67762e-06 4.98116e-06 0 -4.65124e-06 4.95307e-06 0 -4.62601e-06 4.9262e-06 0 -4.60193e-06 4.90056e-06 0 -4.57899e-06 4.87613e-06 0 -4.55719e-06 4.85292e-06 0 -4.53652e-06 4.8309e-06 0 -4.51698e-06 4.81009e-06 0 -4.49855e-06 4.79047e-06 0 -4.48124e-06 4.77204e-06 0 -4.46505e-06 4.75479e-06 0 -4.44996e-06 4.73873e-06 0 -4.43598e-06 4.72384e-06 0 -4.4231e-06 4.71012e-06 0 -4.41131e-06 4.69757e-06 0 -4.40062e-06 4.68619e-06 0 -4.39103e-06 4.67597e-06 0 -4.38252e-06 4.66691e-06 0 -4.3751e-06 4.65901e-06 0 -4.36877e-06 4.65226e-06 0 -4.36352e-06 4.64667e-06 0 -4.35935e-06 4.64224e-06 0 -4.35626e-06 4.63895e-06 0 -4.35426e-06 4.63682e-06 0 -4.35334e-06 4.63583e-06 0 -4.35349e-06 4.636e-06 0 -4.35473e-06 4.63732e-06 0 -4.35705e-06 4.63979e-06 0 -4.36045e-06 4.64341e-06 0 -4.36493e-06 4.64818e-06 0 -4.3705e-06 4.6541e-06 0 -4.37714e-06 4.66119e-06 0 -4.38488e-06 4.66942e-06 0 -4.3937e-06 4.67882e-06 0 -4.40362e-06 4.68938e-06 0 -4.41463e-06 4.7011e-06 0 -4.42673e-06 4.71399e-06 0 -4.43993e-06 4.72805e-06 0 -4.45423e-06 4.74328e-06 0 -4.46964e-06 4.75969e-06 0 -4.48616e-06 4.77728e-06 0 -4.50379e-06 4.79605e-06 0 -4.52254e-06 4.81602e-06 0 -4.54241e-06 4.83718e-06 0 -4.56341e-06 4.85954e-06 0 -4.75528e-06 4.90707e-06 0 -4.72846e-06 4.8794e-06 0 -4.70282e-06 4.85293e-06 0 -4.67834e-06 4.82767e-06 0 -4.65502e-06 4.80361e-06 0 -4.63285e-06 4.78074e-06 0 -4.61184e-06 4.75905e-06 0 -4.59197e-06 4.73855e-06 0 -4.57324e-06 4.71922e-06 0 -4.55565e-06 4.70106e-06 0 -4.53918e-06 4.68407e-06 0 -4.52385e-06 4.66825e-06 0 -4.50963e-06 4.65358e-06 0 -4.49654e-06 4.64006e-06 0 -4.48456e-06 4.6277e-06 0 -4.47369e-06 4.61649e-06 0 -4.46393e-06 4.60642e-06 0 -4.45528e-06 4.5975e-06 0 -4.44774e-06 4.58971e-06 0 -4.4413e-06 4.58307e-06 0 -4.43596e-06 4.57756e-06 0 -4.43173e-06 4.57319e-06 0 -4.42859e-06 4.56995e-06 0 -4.42655e-06 4.56785e-06 0 -4.42562e-06 4.56688e-06 0 -4.42578e-06 4.56705e-06 0 -4.42703e-06 4.56834e-06 0 -4.42939e-06 4.57078e-06 0 -4.43285e-06 4.57434e-06 0 -4.4374e-06 4.57904e-06 0 -4.44306e-06 4.58488e-06 0 -4.44982e-06 4.59186e-06 0 -4.45768e-06 4.59997e-06 0 -4.46665e-06 4.60923e-06 0 -4.47673e-06 4.61963e-06 0 -4.48792e-06 4.63118e-06 0 -4.50023e-06 4.64387e-06 0 -4.51365e-06 4.65772e-06 0 -4.52819e-06 4.67273e-06 0 -4.54385e-06 4.68889e-06 0 -4.56065e-06 4.70622e-06 0 -4.57857e-06 4.72472e-06 0 -4.59763e-06 4.74439e-06 0 -4.61783e-06 4.76523e-06 0 -4.63918e-06 4.78726e-06 0 -4.83177e-06 4.83177e-06 0 -4.80452e-06 4.80452e-06 0 -4.77846e-06 4.77846e-06 0 -4.75359e-06 4.75359e-06 0 -4.7299e-06 4.7299e-06 0 -4.70738e-06 4.70738e-06 0 -4.68602e-06 4.68602e-06 0 -4.66584e-06 4.66584e-06 0 -4.6468e-06 4.6468e-06 0 -4.62893e-06 4.62893e-06 0 -4.6122e-06 4.6122e-06 0 -4.59661e-06 4.59661e-06 0 -4.58217e-06 4.58217e-06 0 -4.56886e-06 4.56886e-06 0 -4.55669e-06 4.55669e-06 0 -4.54565e-06 4.54565e-06 0 -4.53574e-06 4.53574e-06 0 -4.52695e-06 4.52695e-06 0 -4.51928e-06 4.51928e-06 0 -4.51274e-06 4.51274e-06 0 -4.50732e-06 4.50732e-06 0 -4.50301e-06 4.50301e-06 0 -4.49983e-06 4.49983e-06 0 -4.49776e-06 4.49776e-06 0 -4.4968e-06 4.4968e-06 0 -4.49697e-06 4.49697e-06 0 -4.49824e-06 4.49824e-06 0 -4.50064e-06 4.50064e-06 0 -4.50415e-06 4.50415e-06 0 -4.50878e-06 4.50878e-06 0 -4.51453e-06 4.51453e-06 0 -4.5214e-06 4.5214e-06 0 -4.52939e-06 4.52939e-06 0 -4.5385e-06 4.5385e-06 0 -4.54874e-06 4.54874e-06 0 -4.56011e-06 4.56011e-06 0 -4.57261e-06 4.57261e-06 0 -4.58625e-06 4.58625e-06 0 -4.60103e-06 4.60103e-06 0 -4.61694e-06 4.61694e-06 0 -4.634e-06 4.634e-06 0 -4.65222e-06 4.65222e-06 0 -4.67158e-06 4.67158e-06 0 -4.69211e-06 4.69211e-06 0 -4.7138e-06 4.7138e-06 0 
				</DataArray>
			</PointData>
			<CellData>
				<DataArray type="UInt32" Name="ElementID" NumberOfComponents="1" format="ascii" >
0 1 2 3 4 5 6 7 8 9 10 11 12 13 14 15 16 17 18 19 20 21 22 23 24 25 26 27 28 29 30 31 32 33 34 35 36 37 38 39 40 41 42 43 44 45 46 47 48 49 50 51 52 53 54 55 56 57 58 59 60 61 62 63 64 65 66 67 68 69 70 71 72 73 74 75 76 77 78 79 80 81 82 83 84 85 86 87 88 89 90 91 92 93 94 95 96 97 98 99 100 101 102 103 104 105 106 107 108 109 110 111 112 113 114 115 116 117 118 119 120 121 122 123 124 125 126 127 128 129 130 131 132 133 134 135 136 137 138 139 140 141 142 143 144 145 146 147 148 149 150 151 152 153 154 155 156 157 158 159 160 161 162 163 164 165 166 167 168 169 170 171 172 173 174 175 176 177 178 179 180 181 182 183 184 185 186 187 188 189 190 191 192 193 194 195 196 197 198 199 200 201 202 203 204 205 206 207 208 209 210 211 212 213 214 215 216 217 218 219 220 221 222 223 224 225 226 227 228 229 230 231 232 233 234 235 236 237 238 239 240 241 242 243 244 245 246 247 248 249 250 251 252 253 254 255 256 257 258 259 260 261 262 263 264 265 266 267 268 269 270 271 272 273 274 275 276 277 278 279 280 281 282 283 284 285 286 287 288 289 290 291 292 293 294 295 296 297 298 299 300 301 302 303 304 305 306 307 308 309 310 311 312 313 314 315 316 317 318 319 320 321 322 323 324 325 326 327 328 329 330 331 332 333 334 335 336 337 338 339 340 341 342 343 344 345 346 347 348 349 350 351 352 353 354 355 356 357 358 359 360 361 362 363 364 365 366 367 368 369 370 371 372 373 374 375 376 377 378 379 380 381 382 383 384 385 386 387 388 389 390 391 392 393 394 395 396 397 398 399 400 401 402 403 404 405 406 407 408 409 410 411 412 413 414 415 416 417 418 419 420 421 422 423 424 425 426 427 428 429 430 431 432 433 434 435 436 437 438 439 440 441 442 443 444 445 446 447 448 449 450 451 452 453 454 455 456 457 458 459 460 461 462 463 464 465 466 467 468 469 470 471 472 473 474 475 476 477 478 479 480 481 482 483 484 485 486 487 488 489 490 491 492 493 494 495 496 497 498 499 500 501 502 503 504 505 506 507 508 509 510 511 512 513 514 515 516 517 518 519 520 521 522 523 524 525 526 527 528 529 530 531 532 533 534 535 536 537 538 539 540 541 542 543 544 545 546 547 548 549 550 551 552 553 554 555 556 557 558 559 560 561 562 563 564 565 566 567 568 569 570 571 572 573 574 575 576 577 578 579 580 581 582 583 584 585 586 587 588 589 590 591 592 593 594 595 596 597 598 599 600 601 602 603 604 605 606 607 608 609 610 611 612 613 614 615 616 617 618 619 620 621 622 623 624 625 626 627 628 629 630 631 632 633 634 635 636 637 638 639 640 641 642 643 644 645 646 647 648 649 650 651 652 653 654 655 656 657 658 659 660 661 662 663 664 665 666 667 668 669 670 671 672 673 674 675 676 677 678 679 680 681 682 683 684 685 686 687 688 689 690 691 692 693 694 695 696 697 698 699 700 701 702 703 704 705 706 707 708 709 710 711 712 713 714 715 716 717 718 719 720 721 722 723 724 725 726 727 728 729 730 731 732 733 734 735 736 737 738 739 740 741 742 743 744 745 746 747 748 749 750 751 752 753 754 755 756 757 758 759 760 761 762 763 764 765 766 767 768 769 770 771 772 773 774 775 776 777 778 779 780 781 782 783 784 785 786 787 788 789 790 791 792 793 794 795 796 797 798 799 800 801 802 803 804 805 806 807 808 809 810 811 812 813 814 815 816 817 818 819 820 821 822 823 824 825 826 827 828 829 830 831 832 833 834 835 836 837 838 839 840 841 842 843 844 845 846 847 848 849 850 851 852 853 854 855 856 857 858 859 860 861 862 863 864 865 866 867 868 869 870 871 872 873 874 875 876 877 878 879 880 881 882 883 884 885 886 887 888 889 890 891 892 893 894 895 896 897 898 899 900 901 902 903 904 905 906 907 908 909 910 911 912 913 914 915 916 917 918 919 920 921 922 923 924 925 926 927 928 929 930 931 932 933 934 935 936 937 938 939 940 941 942 943 944 945 946 947 948 949 950 951 952 953 954 955 956 957 958 959 960 961 962 963 964 965 966 967 968 969 970 971 972 973 974 975 976 977 978 979 980 981 982 983 984 985 986 987 988 989 990 991 992 993 994 995 996 997 998 999 1000 1001 1002 1003 1004 1005 1006 1007 1008 1009 1010 1011 1012 1013 1014 1015 1016 1017 1018 1019 1020 1021 1022 1023 1024 1025 1026 1027 1028 1029 1030 1031 1032 1033 1034 1035 1036 1037 1038 1039 1040 1041 1042 1043 1044 1045 1046 1047 1048 1049 1050 1051 1052 1053 1054 1055 1056 1057 1058 1059 1060 1061 1062 1063 1064 1065 1066 1067 1068 1069 1070 1071 1072 1073 1074 1075 1076 1077 1078 1079 1080 1081 1082 1083 1084 1085 1086 1087 1088 1089 1090 1091 1092 1093 1094 1095 1096 1097 1098 1099 1100 1101 1102 1103 1104 1105 1106 1107 1108 1109 1110 1111 1112 1113 1114 1115 1116 1117 1118 1119 1120 1121 1122 1123 1124 1125 1126 1127 1128 1129 1130 1131 1132 1133 1134 1135 1136 1137 1138 1139 1140 1141 1142 1143 1144 1145 1146 1147 1148 1149 1150 1151 1152 1153 1154 1155 1156 1157 1158 1159 1160 1161 1162 1163 1164 1165 1166 1167 1168 1169 1170 1171 1172 1173 1174 1175 1176 1177 1178 1179 1180 1181 1182 1183 1184 1185 1186 1187 1188 1189 1190 1191 1192 1193 1194 1195 1196 1197 1198 1199 1200 1201 1202 1203 1204 1205 1206 1207 1208 1209 1210 1211 1212 1213 1214 1215 1216 1217 1218 1219 1220 1221 1222 1223 1224 1225 1226 1227 1228 1229 1230 1231 1232 1233 1234 1235 1236 1237 1238 1239 1240 1241 1242 1243 1244 1245 1246 1247 1248 1249 1250 1251 1252 1253 1254 1255 1256 1257 1258 1259 1260 1261 1262 1263 1264 1265 1266 1267 1268 1269 1270 1271 1272 1273 1274 1275 1276 1277 1278 1279 1280 1281 1282 1283 1284 1285 1286 1287 1288 1289 1290 1291 1292 1293 1294 1295 1296 1297 1298 1299 1300 1301 1302 1303 1304 1305 1306 1307 1308 1309 1310 1311 1312 1313 1314 1315 1316 1317 1318 1319 1320 1321 1322 1323 1324 1325 1326 1327 1328 1329 1330 1331 1332 1333 1334 1335 1336 1337 1338 1339 1340 1341 1342 1343 1344 1345 1346 1347 1348 1349 1350 1351 1352 1353 1354 1355 1356 1357 1358 1359 1360 1361 1362 1363 1364 1365 1366 1367 1368 1369 1370 1371 1372 1373 1374 1375 1376 1377 1378 1379 1380 1381 1382 1383 1384 1385 1386 1387 1388 1389 1390 1391 1392 1393 1394 1395 1396 1397 1398 1399 1400 1401 1402 1403 1404 1405 1406 1407 1408 1409 1410 1411 1412 1413 1414 1415 1416 1417 1418 1419 1420 1421 1422 1423 1424 1425 1426 1427 1428 1429 1430 1431 1432 1433 1434 1435 1436 1437 1438 1439 1440 1441 1442 1443 1444 1445 1446 1447 1448 1449 1450 1451 1452 1453 1454 1455 1456 1457 1458 1459 1460 1461 1462 1463 1464 1465 1466 1467 1468 1469 1470 1471 1472 1473 1474 1475 1476 1477 1478 1479 1480 1481 1482 1483 1484 1485 1486 1487 1488 1489 1490 1491 1492 1493 1494 1495 1496 1497 1498 1499 1500 1501 1502 1503 1504 1505 1506 1507 1508 1509 1510 1511 1512 1513 1514 1515 1516 1517 1518 1519 1520 1521 1522 1523 1524 1525 1526 1527 1528 1529 1530 1531 1532 1533 1534 1535 1536 1537 1538 1539 1540 1541 1542 1543 1544 1545 1546 1547 1548 1549 1550 1551 1552 1553 1554 1555 1556 1557 1558 1559 1560 1561 1562 1563 1564 1565 1566 1567 1568 1569 1570 1571 1572 1573 1574 1575 1576 1577 1578 1579 1580 1581 1582 1583 1584 1585 1586 1587 1588 1589 1590 1591 1592 1593 1594 1595 1596 1597 1598 1599 1600 1601 1602 1603 1604 1605 1606 1607 1608 1609 1610 1611 1612 1613 1614 1615 1616 1617 1618 1619 1620 1621 1622 1623 1624 1625 1626 1627 1628 1629 1630 1631 1632 1633 1634 1635 1636 1637 1638 1639 1640 1641 1642 1643 1644 1645 1646 1647 1648 1649 1650 1651 1652 1653 1654 1655 1656 1657 1658 1659 1660 1661 1662 1663 1664 1665 1666 1667 1668 1669 1670 1671 1672 1673 1674 1675 1676 1677 1678 1679 1680 1681 1682 1683 1684 1685 1686 1687 1688 1689 1690 1691 1692 1693 1694 1695 1696 1697 1698 1699 1700 1701 1702 1703 1704 1705 1706 1707 1708 1709 1710 1711 1712 1713 1714 1715 1716 1717 1718 1719 1720 1721 1722 1723 1724 1725 1726 1727 1728 1729 1730 1731 1732 1733 1734 1735 1736 1737 1738 1739 1740 1741 1742 1743 1744 1745 1746 1747 1748 1749 1750 1751 1752 1753 1754 1755 1756 1757 1758 1759 1760 1761 1762 1763 1764 1765 1766 1767 1768 1769 1770 1771 1772 1773 1774 1775 1776 1777 1778 1779 1780 1781 1782 1783 1784 1785 1786 1787 1788 1789 1790 1791 1792 1793 1794 1795 1796 1797 1798 1799 1800 1801 1802 1803 1804 1805 1806 1807 1808 1809 1810 1811 1812 1813 1814 1815 1816 1817 1818 1819 1820 1821 1822 1823 1824 1825 1826 1827 1828 1829 1830 1831 1832 1833 1834 1835 1836 1837 1838 1839 1840 1841 1842 1843 1844 1845 1846 1847 1848 1849 1850 1851 1852 1853 1854 1855 1856 1857 1858 1859 1860 1861 1862 1863 1864 1865 1866 1867 1868 1869 1870 1871 1872 1873 1874 1875 1876 1877 1878 1879 1880 1881 1882 1883 1884 1885 1886 1887 1888 1889 1890 1891 1892 1893 1894 1895 1896 1897 1898 1899 1900 1901 1902 1903 1904 1905 1906 1907 1908 1909 1910 1911 1912 1913 1914 1915 1916 1917 1918 1919 1920 1921 1922 1923 1924 1925 1926 1927 1928 1929 1930 1931 1932 1933 1934 1935 1936 1937 1938 1939 1940 1941 1942 1943 1944 1945 1946 1947 1948 1949 1950 1951 1952 1953 1954 1955 1956 1957 1958 1959 1960 1961 1962 1963 1964 1965 1966 1967 1968 1969 1970 1971 1972 1973 1974 1975 1976 1977 1978 1979 1980 1981 1982 1983 1984 1985 1986 1987 1988 1989 1990 1991 1992 1993 1994 1995 1996 1997 1998 1999 2000 2001 2002 2003 2004 2005 2006 2007 2008 2009 2010 2011 2012 2013 2014 2015 2016 2017 2018 2019 2020 2021 2022 2023 2024 2025 2026 2027 2028 2029 2030 2031 2032 2033 2034 2035 2036 2037 2038 2039 2040 2041 2042 2043 2044 2045 2046 2047 2048 2049 2050 2051 2052 2053 2054 2055 2056 2057 2058 2059 2060 2061 2062 2063 2064 2065 2066 2067 2068 2069 2070 2071 2072 2073 2074 2075 2076 2077 2078 2079 2080 2081 2082 2083 2084 2085 2086 2087 2088 2089 2090 2091 2092 2093 2094 2095 2096 2097 2098 2099 2100 2101 2102 2103 2104 2105 2106 2107 2108 2109 2110 2111 2112 2113 2114 2115 2116 2117 2118 2119 2120 2121 2122 2123 2124 2125 2126 2127 2128 2129 2130 2131 2132 2133 2134 2135 2136 2137 2138 2139 2140 2141 2142 2143 2144 2145 2146 2147 2148 2149 2150 2151 2152 2153 2154 2155 2156 2157 2158 2159 2160 2161 2162 2163 2164 2165 2166 2167 2168 2169 2170 2171 2172 2173 2174 2175 2176 2177 2178 2179 2180 2181 2182 2183 2184 2185 2186 2187 2188 2189 2190 2191 2192 2193 2194 2195 2196 2197 2198 2199 2200 2201 2202 2203 2204 2205 2206 2207 2208 2209 2210 2211 2212 2213 2214 2215 2216 2217 2218 2219 2220 2221 2222 2223 2224 2225 2226 2227 2228 2229 2230 2231 2232 2233 2234 2235 2236 2237 2238 2239 2240 2241 2242 2243 2244 2245 2246 2247 2248 2249 2250 2251 2252 2253 2254 2255 2256 2257 2258 2259 2260 2261 2262 2263 2264 2265 2266 2267 2268 2269 2270 2271 2272 2273 2274 2275 2276 2277 2278 2279 2280 2281 2282 2283 2284 2285 2286 2287 2288 2289 2290 2291 2292 2293 2294 2295 2296 2297 2298 2299 2300 2301 2302 2303 2304 2305 2306 2307 2308 2309 2310 2311 2312 2313 2314 2315 2316 2317 2318 2319 2320 2321 2322 2323 2324 2325 2326 2327 2328 2329 2330 2331 2332 2333 2334 2335 2336 2337 2338 2339 2340 2341 2342 2343 2344 2345 2346 2347 2348 2349 2350 2351 2352 2353 2354 2355 2356 2357 2358 2359 2360 2361 2362 2363 2364 2365 2366 2367 2368 2369 2370 2371 2372 2373 2374 2375 2376 2377 2378 2379 2380 2381 2382 2383 2384 2385 2386 2387 2388 2389 2390 2391 2392 2393 2394 2395 2396 2397 2398 2399 2400 2401 2402 2403 2404 2405 2406 2407 2408 2409 2410 2411 2412 2413 2414 2415 2416 2417 2418 2419 2420 2421 2422 2423 2424 2425 2426 2427 2428 2429 2430 2431 2432 2433 2434 2435 2436 2437 2438 2439 2440 2441 2442 2443 2444 2445 2446 2447 2448 2449 2450 2451 2452 2453 2454 2455 2456 2457 2458 2459 2460 2461 2462 2463 2464 2465 2466 2467 2468 2469 2470 2471 2472 2473 2474 2475 2476 2477 2478 2479 2480 2481 2482 2483 2484 2485 2486 2487 2488 2489 2490 2491 2492 2493 2494 2495 2496 2497 2498 2499 2500 2501 2502 2503 2504 2505 2506 2507 2508 2509 2510 2511 2512 2513 2514 2515 2516 2517 2518 2519 2520 2521 2522 2523 2524 2525 2526 2527 2528 2529 2530 2531 2532 2533 2534 2535 2536 2537 2538 2539 2540 2541 2542 2543 2544 2545 2546 2547 2548 2549 2550 2551 2552 2553 2554 2555 2556 2557 2558 2559 2560 2561 2562 2563 2564 2565 2566 2567 2568 2569 2570 2571 2572 2573 2574 2575 2576 2577 2578 2579 2580 2581 2582 2583 2584 2585 2586 2587 2588 2589 2590 2591 2592 2593 2594 2595 2596 2597 2598 2599 2600 2601 2602 2603 2604 2605 2606 2607 2608 2609 2610 2611 2612 2613 2614 2615 2616 2617 2618 2619 2620 2621 2622 2623 2624 2625 2626 2627 2628 2629 2630 2631 2632 2633 2634 2635 2636 2637 2638 2639 2640 2641 2642 2643 2644 2645 2646 2647 2648 2649 2650 2651 2652 2653 2654 2655 2656 2657 2658 2659 2660 2661 2662 2663 2664 2665 2666 2667 2668 2669 2670 2671 2672 2673 2674 2675 2676 2677 2678 2679 2680 2681 2682 2683 2684 2685 2686 2687 2688 2689 2690 2691 2692 2693 2694 2695 2696 2697 2698 2699 2700 2701 2702 2703 2704 2705 2706 2707 2708 2709 2710 2711 2712 2713 2714 2715 2716 2717 2718 2719 2720 2721 2722 2723 2724 2725 2726 2727 2728 2729 2730 2731 2732 2733 2734 2735 2736 2737 2738 2739 2740 2741 2742 2743 2744 2745 2746 2747 2748 2749 2750 2751 2752 2753 2754 2755 2756 2757 2758 2759 2760 2761 2762 2763 2764 2765 2766 2767 2768 2769 2770 2771 2772 2773 2774 2775 2776 2777 2778 2779 2780 2781 2782 2783 2784 2785 2786 2787 2788 2789 2790 2791 2792 2793 2794 2795 2796 2797 2798 2799 2800 2801 2802 2803 2804 2805 2806 2807 2808 2809 2810 2811 2812 2813 2814 2815 2816 2817 2818 2819 2820 2821 2822 2823 2824 2825 2826 2827 2828 2829 2830 2831 2832 2833 2834 2835 2836 2837 2838 2839 2840 2841 2842 2843 2844 2845 2846 2847 2848 2849 2850 2851 2852 2853 2854 2855 2856 2857 2858 2859 2860 2861 2862 2863 2864 2865 2866 2867 2868 2869 2870 2871 2872 2873 2874 2875 2876 2877 2878 2879 2880 2881 2882 2883 2884 2885 2886 2887 2888 2889 2890 2891 2892 2893 2894 2895 2896 2897 2898 2899 2900 2901 2902 2903 2904 2905 2906 2907 2908 2909 2910 2911 2912 2913 2914 2915 2916 2917 2918 2919 2920 2921 2922 2923 2924 2925 2926 2927 2928 2929 2930 2931 2932 2933 2934 2935 2936 2937 2938 2939 2940 2941 2942 2943 2944 2945 2946 2947 2948 2949 2950 2951 2952 2953 2954 2955 2956 2957 2958 2959 2960 2961 2962 2963 2964 2965 2966 2967 2968 2969 2970 2971 2972 2973 2974 2975 2976 2977 2978 2979 2980 2981 2982 2983 2984 2985 2986 2987 2988 2989 2990 2991 2992 2993 2994 2995 2996 2997 2998 2999 3000 3001 3002 3003 3004 3005 3006 3007 3008 3009 3010 3011 3012 3013 3014 3015 3016 3017 3018 3019 3020 3021 3022 3023 3024 3025 3026 3027 3028 3029 3030 3031 3032 3033 3034 3035 3036 3037 3038 3039 3040 3041 3042 3043 3044 3045 3046 3047 3048 3049 3050 3051 3052 3053 3054 3055 3056 3057 3058 3059 3060 3061 3062 3063 3064 3065 3066 3067 3068 3069 3070 3071 3072 3073 3074 3075 3076 3077 3078 3079 3080 3081 3082 3083 3084 3085 3086 3087 3088 3089 3090 3091 3092 3093 3094 3095 3096 3097 3098 3099 3100 3101 3102 3103 3104 3105 3106 3107 3108 3109 3110 3111 3112 3113 3114 3115 3116 3117 3118 3119 3120 3121 3122 3123 3124 3125 3126 3127 3128 3129 3130 3131 3132 3133 3134 3135 3136 3137 3138 3139 3140 3141 3142 3143 3144 3145 3146 3147 3148 3149 3150 3151 3152 3153 3154 3155 3156 3157 3158 3159 3160 3161 3162 3163 3164 3165 3166 3167 3168 3169 3170 3171 3172 3173 3174 3175 3176 3177 3178 3179 3180 3181 3182 3183 3184 3185 3186 3187 3188 3189 3190 3191 3192 3193 3194 3195 3196 3197 3198 3199 3200 3201 3202 3203 3204 3205 3206 3207 3208 3209 3210 3211 3212 3213 3214 3215 3216 3217 3218 3219 3220 3221 3222 3223 3224 3225 3226 3227 3228 3229 3230 3231 3232 3233 3234 3235 3236 3237 3238 3239 3240 3241 3242 3243 3244 3245 3246 3247 3248 3249 3250 3251 3252 3253 3254 3255 3256 3257 3258 3259 3260 3261 3262 3263 3264 3265 3266 3267 3268 3269 3270 3271 3272 3273 3274 3275 3276 3277 3278 3279 3280 3281 3282 3283 3284 3285 3286 3287 3288 3289 3290 3291 3292 3293 3294 3295 3296 3297 3298 3299 3300 3301 3302 3303 3304 3305 3306 3307 3308 3309 3310 3311 3312 3313 3314 3315 3316 3317 3318 3319 3320 3321 3322 3323 3324 3325 3326 3327 3328 3329 3330 3331 3332 3333 3334 3335 3336 3337 3338 3339 3340 3341 3342 3343 3344 3345 3346 3347 3348 3349 3350 3351 3352 3353 3354 3355 3356 3357 3358 3359 3360 3361 3362 3363 3364 3365 3366 3367 3368 3369 3370 3371 3372 3373 3374 3375 3376 3377 3378 3379 3380 3381 3382 3383 3384 3385 3386 3387 3388 3389 3390 3391 3392 3393 3394 3395 3396 3397 3398 3399 3400 3401 3402 3403 3404 3405 3406 3407 3408 3409 3410 3411 3412 3413 3414 3415 3416 3417 3418 3419 3420 3421 3422 3423 3424 3425 3426 3427 3428 3429 3430 3431 3432 3433 3434 3435 3436 3437 3438 3439 3440 3441 3442 3443 3444 3445 3446 3447 3448 3449 3450 3451 3452 3453 3454 3455 3456 3457 3458 3459 3460 3461 3462 3463 3464 3465 3466 3467 3468 3469 3470 3471 3472 3473 3474 3475 3476 3477 3478 3479 3480 3481 3482 3483 3484 3485 3486 3487 3488 3489 3490 3491 3492 3493 3494 3495 3496 3497 3498 3499 3500 3501 3502 3503 3504 3505 3506 3507 3508 3509 3510 3511 3512 3513 3514 3515 3516 3517 3518 3519 3520 3521 3522 3523 3524 3525 3526 3527 3528 3529 3530 3531 3532 3533 3534 3535 3536 3537 3538 3539 3540 3541 3542 3543 3544 3545 3546 3547 3548 3549 3550 3551 3552 3553 3554 3555 3556 3557 3558 3559 3560 3561 3562 3563 3564 3565 3566 3567 3568 3569 3570 3571 3572 3573 3574 3575 3576 3577 3578 3579 3580 3581 3582 3583 3584 3585 3586 3587 3588 3589 3590 3591 3592 3593 3594 3595 3596 3597 3598 3599 3600 3601 3602 3603 3604 3605 3606 3607 3608 3609 3610 3611 3612 3613 3614 3615 3616 3617 3618 3619 3620 3621 3622 3623 3624 3625 3626 3627 3628 3629 3630 3631 3632 3633 3634 3635 3636 3637 3638 3639 3640 3641 3642 3643 3644 3645 3646 3647 3648 3649 3650 3651 3652 3653 3654 3655 3656 3657 3658 3659 3660 3661 3662 3663 3664 3665 3666 3667 3668 3669 3670 3671 3672 3673 3674 3675 3676 3677 3678 3679 3680 3681 3682 3683 3684 3685 3686 3687 3688 3689 3690 3691 3692 3693 3694 3695 3696 3697 3698 3699 3700 3701 3702 3703 3704 3705 3706 3707 3708 3709 3710 3711 3712 3713 3714 3715 3716 3717 3718 3719 3720 3721 3722 3723 3724 3725 3726 3727 3728 3729 3730 3731 3732 3733 3734 3735 3736 3737 3738 3739 3740 3741 3742 3743 3744 3745 3746 3747 3748 3749 3750 3751 3752 3753 3754 3755 3756 3757 3758 3759 3760 3761 3762 3763 3764 3765 3766 3767 3768 3769 3770 3771 3772 3773 3774 3775 3776 3777 3778 3779 3780 3781 3782 3783 3784 3785 3786 3787 3788 3789 3790 3791 3792 3793 3794 3795 3796 3797 3798 3799 3800 3801 3802 3803 3804 3805 3806 3807 3808 3809 3810 3811 3812 3813 3814 3815 3816 3817 3818 3819 3820 3821 3822 3823 3824 3825 3826 3827 3828 3829 3830 3831 3832 3833 3834 3835 3836 3837 3838 3839 3840 3841 3842 3843 3844 3845 3846 3847 3848 3849 3850 3851 3852 3853 3854 3855 3856 3857 3858 3859 3860 3861 3862 3863 3864 3865 3866 3867 3868 3869 3870 3871 3872 3873 3874 3875 3876 3877 3878 3879 3880 3881 3882 3883 3884 3885 3886 3887 3888 3889 3890 3891 3892 3893 3894 3895 3896 3897 3898 3899 3900 3901 3902 3903 3904 3905 3906 3907 3908 3909 3910 3911 3912 3913 3914 3915 3916 3917 3918 3919 3920 3921 3922 3923 3924 3925 3926 3927 3928 3929 3930 3931 3932 3933 3934 3935 3936 3937 3938 3939 3940 3941 3942 3943 3944 3945 3946 3947 3948 3949 3950 3951 3952 3953 3954 3955 3956 3957 3958 3959 3960 3961 3962 3963 3964 3965 3966 3967 3968 3969 3970 3971 3972 3973 3974 3975 3976 3977 3978 3979 3980 3981 3982 3983 3984 3985 3986 3987 3988 3989 3990 3991 3992 3993 3994 3995 3996 3997 3998 3999 4000 4001 4002 4003 4004 4005 4006 4007 4008 4009 4010 4011 4012 4013 4014 4015 4016 4017 4018 4019 4020 4021 4022 4023 4024 4025 4026 4027 4028 4029 4030 4031 4032 4033 4034 4035 4036 4037 4038 4039 4040 4041 4042 4043 4044 4045 4046 4047 4048 4049 4050 4051 4052 4053 4054 4055 4056 4057 4058 4059 4060 4061 4062 4063 4064 4065 4066 4067 4068 4069 4070 4071 4072 4073 4074 4075 4076 4077 4078 4079 4080 4081 4082 4083 4084 4085 4086 4087 4088 4089 4090 4091 4092 4093 4094 4095 4096 4097 4098 4099 4100 4101 4102 4103 4104 4105 4106 4107 4108 4109 4110 4111 4112 4113 4114 4115 4116 4117 4118 4119 4120 4121 4122 4123 4124 4125 4126 4127 4128 4129 4130 4131 4132 4133 4134 4135 4136 4137 4138 4139 4140 4141 4142 4143 4144 4145 4146 4147 4148 4149 4150 4151 4152 4153 4154 4155 4156 4157 4158 4159 4160 4161 4162 4163 4164 4165 4166 4167 4168 4169 4170 4171 4172 4173 4174 4175 4176 4177 4178 4179 4180 4181 4182 4183 4184 4185 4186 4187 4188 4189 4190 4191 4192 4193 4194 4195 4196 4197 4198 4199 4200 4201 4202 4203 4204 4205 4206 4207 4208 4209 4210 4211 4212 4213 4214 4215 4216 4217 4218 4219 4220 4221 4222 4223 4224 4225 4226 4227 4228 4229 4230 4231 4232 4233 4234 4235 4236 4237 4238 4239 4240 4241 4242 4243 4244 4245 4246 4247 4248 4249 4250 4251 4252 4253 4254 4255 4256 4257 4258 4259 4260 4261 4262 4263 4264 4265 4266 4267 4268 4269 4270 4271 4272 4273 4274 4275 4276 4277 4278 4279 4280 4281 4282 4283 4284 4285 4286 4287 4288 4289 4290 4291 4292 4293 4294 4295 4296 4297 4298 4299 4300 4301 4302 4303 4304 4305 4306 4307 4308 4309 4310 4311 4312 4313 4314 4315 4316 4317 4318 4319 4320 4321 4322 4323 4324 4325 4326 4327 4328 4329 4330 4331 4332 4333 4334 4335 4336 4337 4338 4339 4340 4341 4342 4343 4344 4345 4346 4347 4348 4349 4350 4351 4352 4353 4354 4355 4356 4357 4358 4359 4360 4361 4362 4363 4364 4365 4366 4367 4368 4369 4370 4371 4372 4373 4374 4375 4376 4377 4378 4379 4380 4381 4382 4383 4384 4385 4386 4387 4388 4389 4390 4391 4392 4393 4394 4395 4396 4397 4398 4399 
				</DataArray>
				<DataArray type="Float64" Name="Strain" NumberOfComponents="4" ComponentName0="XX" ComponentName1="YY" ComponentName2="XY" ComponentName3="Intensity" format="ascii" >
4.70128e-06 4.63214e-06 -2.20067e-06 7.28316e-06 4.70239e-06 4.63104e-06 -2.27111e-06 7.32145e-06 4.70353e-06 4.6299e-06 -2.3438e-06 7.36202e-06 4.70471e-06 4.62872e-06 -2.41882e-06 7.40499e-06 4.70593e-06 4.6275e-06 -2.49624e-06 7.45047e-06 4.70719e-06 4.62625e-06 -2.57615e-06 7.49861e-06 4.70849e-06 4.62496e-06 -2.6586e-06 7.54955e-06 4.70983e-06 4.62362e-06 -2.7437e-06 7.60342e-06 4.71121e-06 4.62224e-06 -2.83152e-06 7.66038e-06 4.71263e-06 4.62082e-06 -2.92215e-06 7.72058e-06 4.7141e-06 4.61935e-06 -3.01569e-06 7.78418e-06 4.71562e-06 4.61784e-06 -3.11221e-06 7.85136e-06 4.71719e-06 4.61628e-06 -3.21183e-06 7.92227e-06 4.71881e-06 4.61466e-06 -3.31464e-06 7.99711e-06 4.72047e-06 4.613e-06 -3.42073e-06 8.07605e-06 4.7222e-06 4.61128e-06 -3.53022e-06 8.15929e-06 4.72397e-06 4.60951e-06 -3.64322e-06 8.24702e-06 4.72581e-06 4.60768e-06 -3.75983e-06 8.33944e-06 4.7277e-06 4.60579e-06 -3.88018e-06 8.43675e-06 4.72966e-06 4.60384e-06 -4.00438e-06 8.53918e-06 4.73167e-06 4.60183e-06 -4.13255e-06 8.64693e-06 4.73375e-06 4.59976e-06 -4.26483e-06 8.76024e-06 4.7359e-06 4.59762e-06 -4.40134e-06 8.87932e-06 4.73812e-06 4.59541e-06 -4.54221e-06 9.00442e-06 4.7404e-06 4.59313e-06 -4.6876e-06 9.13577e-06 4.74276e-06 4.59077e-06 -4.83765e-06 9.27362e-06 4.7452e-06 4.58834e-06 -4.99249e-06 9.41822e-06 4.74771e-06 4.58583e-06 -5.15229e-06 9.56982e-06 4.75031e-06 4.58325e-06 -5.31721e-06 9.72868e-06 4.75298e-06 4.58058e-06 -5.4874e-06 9.89506e-06 4.75575e-06 4.57782e-06 -5.66304e-06 1.00693e-05 4.7586e-06 4.57498e-06 -5.84431e-06 1.02515e-05 4.76154e-06 4.57204e-06 -6.03137e-06 1.04421e-05 4.76458e-06 4.56901e-06 -6.22443e-06 1.06414e-05 4.76771e-06 4.56589e-06 -6.42366e-06 1.08496e-05 4.77094e-06 4.56266e-06 -6.62927e-06 1.1067e-05 4.77428e-06 4.55933e-06 -6.84146e-06 1.1294e-05 4.77773e-06 4.5559e-06 -7.06045e-06 1.15308e-05 4.78128e-06 4.55235e-06 -7.28644e-06 1.17778e-05 4.78495e-06 4.54869e-06 -7.51967e-06 1.20353e-05 4.78874e-06 4.54492e-06 -7.76036e-06 1.23036e-05 4.79264e-06 4.54102e-06 -8.00875e-06 1.25831e-05 4.79668e-06 4.537e-06 -8.2651e-06 1.28741e-05 4.80084e-06 4.53285e-06 -8.52965e-06 1.31769e-05 4.77039e-06 4.56303e-06 -2.1985e-06 7.28316e-06 4.77371e-06 4.55972e-06 -2.26887e-06 7.32145e-06 4.77714e-06 4.55629e-06 -2.34149e-06 7.36202e-06 4.78067e-06 4.55276e-06 -2.41644e-06 7.40499e-06 4.78432e-06 4.54911e-06 -2.49378e-06 7.45047e-06 4.78809e-06 4.54535e-06 -2.5736e-06 7.49861e-06 4.79197e-06 4.54147e-06 -2.65598e-06 7.54955e-06 4.79599e-06 4.53746e-06 -2.74099e-06 7.60342e-06 4.80012e-06 4.53333e-06 -2.82873e-06 7.66038e-06 4.8044e-06 4.52906e-06 -2.91927e-06 7.72058e-06 4.80881e-06 4.52465e-06 -3.01271e-06 7.78418e-06 4.81335e-06 4.52011e-06 -3.10914e-06 7.85136e-06 4.81805e-06 4.51542e-06 -3.20866e-06 7.92227e-06 4.8229e-06 4.51058e-06 -3.31136e-06 7.99711e-06 4.8279e-06 4.50558e-06 -3.41736e-06 8.07605e-06 4.83306e-06 4.50042e-06 -3.52674e-06 8.15929e-06 4.83838e-06 4.4951e-06 -3.63962e-06 8.24702e-06 4.84388e-06 4.48961e-06 -3.75612e-06 8.33944e-06 4.84955e-06 4.48394e-06 -3.87635e-06 8.43675e-06 4.85541e-06 4.47809e-06 -4.00042e-06 8.53918e-06 4.86145e-06 4.47206e-06 -4.12847e-06 8.64693e-06 4.86768e-06 4.46583e-06 -4.26062e-06 8.76024e-06 4.87411e-06 4.4594e-06 -4.39699e-06 8.87932e-06 4.88075e-06 4.45277e-06 -4.53773e-06 9.00442e-06 4.88761e-06 4.44592e-06 -4.68298e-06 9.13577e-06 4.89468e-06 4.43885e-06 -4.83287e-06 9.27362e-06 4.90198e-06 4.43156e-06 -4.98756e-06 9.41822e-06 4.90951e-06 4.42404e-06 -5.14721e-06 9.56982e-06 4.91728e-06 4.41627e-06 -5.31196e-06 9.72868e-06 4.9253e-06 4.40826e-06 -5.48199e-06 9.89506e-06 4.93358e-06 4.39999e-06 -5.65746e-06 1.00693e-05 4.94213e-06 4.39145e-06 -5.83854e-06 1.02515e-05 4.95094e-06 4.38264e-06 -6.02542e-06 1.04421e-05 4.96004e-06 4.37355e-06 -6.21829e-06 1.06414e-05 4.96943e-06 4.36417e-06 -6.41732e-06 1.08496e-05 4.97912e-06 4.35448e-06 -6.62273e-06 1.1067e-05 4.98913e-06 4.34449e-06 -6.83471e-06 1.1294e-05 4.99945e-06 4.33418e-06 -7.05348e-06 1.15308e-05 5.0101e-06 4.32354e-06 -7.27925e-06 1.17778e-05 5.02109e-06 4.31255e-06 -7.51225e-06 1.20353e-05 5.03244e-06 4.30122e-06 -7.7527e-06 1.23036e-05 5.04414e-06 4.28952e-06 -8.00085e-06 1.25831e-05 5.05622e-06 4.27745e-06 -8.25694e-06 1.28741e-05 5.06869e-06 4.26499e-06 -8.52123e-06 1.31769e-05 4.8394e-06 4.49403e-06 -2.19415e-06 7.28316e-06 4.84492e-06 4.4885e-06 -2.26439e-06 7.32145e-06 4.85063e-06 4.4828e-06 -2.33686e-06 7.36202e-06 4.85652e-06 4.47691e-06 -2.41166e-06 7.40499e-06 4.8626e-06 4.47084e-06 -2.48886e-06 7.45047e-06 4.86887e-06 4.46457e-06 -2.56852e-06 7.49861e-06 4.87534e-06 4.4581e-06 -2.65073e-06 7.54955e-06 4.88202e-06 4.45143e-06 -2.73558e-06 7.60342e-06 4.88891e-06 4.44454e-06 -2.82314e-06 7.66038e-06 4.89603e-06 4.43743e-06 -2.91351e-06 7.72058e-06 4.90337e-06 4.43009e-06 -3.00676e-06 7.78418e-06 4.91094e-06 4.42252e-06 -3.103e-06 7.85136e-06 4.91876e-06 4.4147e-06 -3.20232e-06 7.92227e-06 4.92683e-06 4.40664e-06 -3.30483e-06 7.99711e-06 4.93516e-06 4.39832e-06 -3.41061e-06 8.07605e-06 4.94375e-06 4.38973e-06 -3.51978e-06 8.15929e-06 4.95262e-06 4.38086e-06 -3.63244e-06 8.24702e-06 4.96177e-06 4.37172e-06 -3.74871e-06 8.33944e-06 4.97122e-06 4.36227e-06 -3.86869e-06 8.43675e-06 4.98097e-06 4.35253e-06 -3.99252e-06 8.53918e-06 4.99103e-06 4.34248e-06 -4.12032e-06 8.64693e-06 5.00141e-06 4.3321e-06 -4.2522e-06 8.76024e-06 5.01213e-06 4.32139e-06 -4.38831e-06 8.87932e-06 5.02318e-06 4.31034e-06 -4.52877e-06 9.00442e-06 5.03459e-06 4.29893e-06 -4.67373e-06 9.13577e-06 5.04637e-06 4.28716e-06 -4.82333e-06 9.27362e-06 5.05852e-06 4.27502e-06 -4.97771e-06 9.41822e-06 5.07107e-06 4.26248e-06 -5.13704e-06 9.56982e-06 5.08401e-06 4.24954e-06 -5.30147e-06 9.72868e-06 5.09737e-06 4.23619e-06 -5.47116e-06 9.89506e-06 5.11116e-06 4.22241e-06 -5.64628e-06 1.00693e-05 5.12538e-06 4.20819e-06 -5.82701e-06 1.02515e-05 5.14007e-06 4.19352e-06 -6.01352e-06 1.04421e-05 5.15522e-06 4.17837e-06 -6.20601e-06 1.06414e-05 5.17086e-06 4.16274e-06 -6.40465e-06 1.08496e-05 5.18699e-06 4.14661e-06 -6.60965e-06 1.1067e-05 5.20365e-06 4.12997e-06 -6.82122e-06 1.1294e-05 5.22084e-06 4.11279e-06 -7.03955e-06 1.15308e-05 5.23858e-06 4.09506e-06 -7.26487e-06 1.17778e-05 5.25688e-06 4.07676e-06 -7.49741e-06 1.20353e-05 5.27577e-06 4.05788e-06 -7.73739e-06 1.23036e-05 5.29527e-06 4.03839e-06 -7.98505e-06 1.25831e-05 5.31539e-06 4.01829e-06 -8.24064e-06 1.28741e-05 5.33615e-06 3.99753e-06 -8.50441e-06 1.31769e-05 4.90823e-06 4.42519e-06 -2.18765e-06 7.28316e-06 4.91596e-06 4.41746e-06 -2.25767e-06 7.32145e-06 4.92394e-06 4.40949e-06 -2.32993e-06 7.36202e-06 4.93218e-06 4.40126e-06 -2.40451e-06 7.40499e-06 4.94068e-06 4.39276e-06 -2.48148e-06 7.45047e-06 4.94945e-06 4.38399e-06 -2.5609e-06 7.49861e-06 4.9585e-06 4.37495e-06 -2.64287e-06 7.54955e-06 4.96784e-06 4.36561e-06 -2.72747e-06 7.60342e-06 4.97748e-06 4.35597e-06 -2.81477e-06 7.66038e-06 4.98743e-06 4.34603e-06 -2.90487e-06 7.72058e-06 4.99769e-06 4.33576e-06 -2.99785e-06 7.78418e-06 5.00829e-06 4.32517e-06 -3.0938e-06 7.85136e-06 5.01922e-06 4.31424e-06 -3.19283e-06 7.92227e-06 5.03051e-06 4.30296e-06 -3.29503e-06 7.99711e-06 5.04216e-06 4.29132e-06 -3.40049e-06 8.07605e-06 5.05417e-06 4.27931e-06 -3.50934e-06 8.15929e-06 5.06658e-06 4.26691e-06 -3.62166e-06 8.24702e-06 5.07938e-06 4.25411e-06 -3.73759e-06 8.33944e-06 5.09259e-06 4.24091e-06 -3.85722e-06 8.43675e-06 5.10622e-06 4.22728e-06 -3.98069e-06 8.53918e-06 5.12029e-06 4.21321e-06 -4.1081e-06 8.64693e-06 5.13481e-06 4.1987e-06 -4.23959e-06 8.76024e-06 5.1498e-06 4.18372e-06 -4.3753e-06 8.87932e-06 5.16526e-06 4.16826e-06 -4.51534e-06 9.00442e-06 5.18122e-06 4.15231e-06 -4.65987e-06 9.13577e-06 5.19769e-06 4.13585e-06 -4.80902e-06 9.27362e-06 5.21469e-06 4.11885e-06 -4.96295e-06 9.41822e-06 5.23223e-06 4.10132e-06 -5.12181e-06 9.56982e-06 5.25033e-06 4.08322e-06 -5.28575e-06 9.72868e-06 5.26901e-06 4.06455e-06 -5.45494e-06 9.89506e-06 5.28829e-06 4.04528e-06 -5.62954e-06 1.00693e-05 5.30819e-06 4.02539e-06 -5.80973e-06 1.02515e-05 5.32872e-06 4.00486e-06 -5.99569e-06 1.04421e-05 5.34991e-06 3.98368e-06 -6.1876e-06 1.06414e-05 5.37178e-06 3.96182e-06 -6.38566e-06 1.08496e-05 5.39435e-06 3.93926e-06 -6.59005e-06 1.1067e-05 5.41764e-06 3.91597e-06 -6.80099e-06 1.1294e-05 5.44168e-06 3.89194e-06 -7.01867e-06 1.15308e-05 5.46649e-06 3.86715e-06 -7.24333e-06 1.17778e-05 5.49209e-06 3.84155e-06 -7.47518e-06 1.20353e-05 5.51851e-06 3.81514e-06 -7.71444e-06 1.23036e-05 5.54578e-06 3.78789e-06 -7.96137e-06 1.25831e-05 5.57391e-06 3.75976e-06 -8.2162e-06 1.28741e-05 5.60295e-06 3.73073e-06 -8.47919e-06 1.31769e-05 4.97683e-06 4.3566e-06 -2.17898e-06 7.28316e-06 4.98675e-06 4.34667e-06 -2.24873e-06 7.32145e-06 4.997e-06 4.33643e-06 -2.32071e-06 7.36202e-06 5.00757e-06 4.32586e-06 -2.39499e-06 7.40499e-06 5.01849e-06 4.31495e-06 -2.47165e-06 7.45047e-06 5.02975e-06 4.30369e-06 -2.55076e-06 7.49861e-06 5.04137e-06 4.29208e-06 -2.6324e-06 7.54955e-06 5.05336e-06 4.28008e-06 -2.71666e-06 7.60342e-06 5.06574e-06 4.26771e-06 -2.80362e-06 7.66038e-06 5.07851e-06 4.25494e-06 -2.89336e-06 7.72058e-06 5.0917e-06 4.24176e-06 -2.98597e-06 7.78418e-06 5.1053e-06 4.22816e-06 -3.08155e-06 7.85136e-06 5.11934e-06 4.21413e-06 -3.18018e-06 7.92227e-06 5.13383e-06 4.19964e-06 -3.28197e-06 7.99711e-06 5.14878e-06 4.18469e-06 -3.38702e-06 8.07605e-06 5.16421e-06 4.16927e-06 -3.49544e-06 8.15929e-06 5.18014e-06 4.15334e-06 -3.60732e-06 8.24702e-06 5.19658e-06 4.13691e-06 -3.72278e-06 8.33944e-06 5.21354e-06 4.11996e-06 -3.84194e-06 8.43675e-06 5.23104e-06 4.10246e-06 -3.96492e-06 8.53918e-06 5.24911e-06 4.0844e-06 -4.09183e-06 8.64693e-06 5.26775e-06 4.06576e-06 -4.2228e-06 8.76024e-06 5.28699e-06 4.04653e-06 -4.35796e-06 8.87932e-06 5.30684e-06 4.02668e-06 -4.49745e-06 9.00442e-06 5.32733e-06 4.00619e-06 -4.64141e-06 9.13577e-06 5.34848e-06 3.98505e-06 -4.78997e-06 9.27362e-06 5.3703e-06 3.96324e-06 -4.94329e-06 9.41822e-06 5.39283e-06 3.94072e-06 -5.10152e-06 9.56982e-06 5.41607e-06 3.91748e-06 -5.26481e-06 9.72868e-06 5.44006e-06 3.8935e-06 -5.43333e-06 9.89506e-06 5.46481e-06 3.86876e-06 -5.60724e-06 1.00693e-05 5.49036e-06 3.84322e-06 -5.78672e-06 1.02515e-05 5.51672e-06 3.81686e-06 -5.97194e-06 1.04421e-05 5.54393e-06 3.78966e-06 -6.16309e-06 1.06414e-05 5.57201e-06 3.76159e-06 -6.36036e-06 1.08496e-05 5.60099e-06 3.73262e-06 -6.56395e-06 1.1067e-05 5.6309e-06 3.70272e-06 -6.77405e-06 1.1294e-05 5.66176e-06 3.67186e-06 -6.99087e-06 1.15308e-05 5.69361e-06 3.64002e-06 -7.21464e-06 1.17778e-05 5.72648e-06 3.60716e-06 -7.44557e-06 1.20353e-05 5.76041e-06 3.57325e-06 -7.68389e-06 1.23036e-05 5.79542e-06 3.53825e-06 -7.92983e-06 1.25831e-05 5.83154e-06 3.50213e-06 -8.18365e-06 1.28741e-05 5.86883e-06 3.46486e-06 -8.4456e-06 1.31769e-05 5.04512e-06 4.28831e-06 -2.16817e-06 7.28316e-06 5.05723e-06 4.2762e-06 -2.23757e-06 7.32145e-06 5.06973e-06 4.2637e-06 -2.30919e-06 7.36202e-06 5.08263e-06 4.2508e-06 -2.3831e-06 7.40499e-06 5.09595e-06 4.23749e-06 -2.45938e-06 7.45047e-06 5.10969e-06 4.22375e-06 -2.5381e-06 7.49861e-06 5.12387e-06 4.20957e-06 -2.61934e-06 7.54955e-06 5.1385e-06 4.19494e-06 -2.70318e-06 7.60342e-06 5.15361e-06 4.17984e-06 -2.7897e-06 7.66038e-06 5.16919e-06 4.16426e-06 -2.879e-06 7.72058e-06 5.18528e-06 4.14818e-06 -2.97115e-06 7.78418e-06 5.20188e-06 4.13158e-06 -3.06625e-06 7.85136e-06 5.21901e-06 4.11446e-06 -3.16439e-06 7.92227e-06 5.23669e-06 4.09678e-06 -3.26568e-06 7.99711e-06 5.25493e-06 4.07854e-06 -3.37021e-06 8.07605e-06 5.27376e-06 4.05972e-06 -3.47809e-06 8.15929e-06 5.2932e-06 4.04029e-06 -3.58941e-06 8.24702e-06 5.31325e-06 4.02024e-06 -3.7043e-06 8.33944e-06 5.33395e-06 3.99955e-06 -3.82287e-06 8.43675e-06 5.3553e-06 3.9782e-06 -3.94524e-06 8.53918e-06 5.37735e-06 3.95616e-06 -4.07152e-06 8.64693e-06 5.40009e-06 3.93342e-06 -4.20184e-06 8.76024e-06 5.42357e-06 3.90995e-06 -4.33633e-06 8.87932e-06 5.4478e-06 3.88573e-06 -4.47513e-06 9.00442e-06 5.4728e-06 3.86073e-06 -4.61837e-06 9.13577e-06 5.4986e-06 3.83493e-06 -4.7662e-06 9.27362e-06 5.52523e-06 3.80831e-06 -4.91876e-06 9.41822e-06 5.55271e-06 3.78083e-06 -5.0762e-06 9.56982e-06 5.58107e-06 3.75248e-06 -5.23868e-06 9.72868e-06 5.61034e-06 3.72322e-06 -5.40636e-06 9.89506e-06 5.64055e-06 3.69302e-06 -5.57941e-06 1.00693e-05 5.67172e-06 3.66186e-06 -5.75799e-06 1.02515e-05 5.70389e-06 3.62969e-06 -5.9423e-06 1.04421e-05 5.73709e-06 3.5965e-06 -6.1325e-06 1.06414e-05 5.77135e-06 3.56225e-06 -6.32879e-06 1.08496e-05 5.80671e-06 3.5269e-06 -6.53136e-06 1.1067e-05 5.8432e-06 3.49042e-06 -6.74042e-06 1.1294e-05 5.88086e-06 3.45277e-06 -6.95617e-06 1.15308e-05 5.91972e-06 3.41391e-06 -7.17883e-06 1.17778e-05 5.95983e-06 3.37381e-06 -7.40861e-06 1.20353e-05 6.00122e-06 3.33243e-06 -7.64574e-06 1.23036e-05 6.04394e-06 3.28972e-06 -7.89047e-06 1.25831e-05 6.08802e-06 3.24565e-06 -8.14303e-06 1.28741e-05 6.13352e-06 3.20017e-06 -8.40368e-06 1.31769e-05 5.11303e-06 4.22039e-06 -2.15521e-06 7.28316e-06 5.12732e-06 4.20611e-06 -2.22419e-06 7.32145e-06 5.14207e-06 4.19136e-06 -2.29539e-06 7.36202e-06 5.15728e-06 4.17615e-06 -2.36886e-06 7.40499e-06 5.17299e-06 4.16045e-06 -2.44468e-06 7.45047e-06 5.18919e-06 4.14425e-06 -2.52293e-06 7.49861e-06 5.20592e-06 4.12752e-06 -2.60369e-06 7.54955e-06 5.22318e-06 4.11027e-06 -2.68703e-06 7.60342e-06 5.24099e-06 4.09246e-06 -2.77303e-06 7.66038e-06 5.25938e-06 4.07408e-06 -2.86179e-06 7.72058e-06 5.27835e-06 4.05511e-06 -2.95339e-06 7.78418e-06 5.29793e-06 4.03554e-06 -3.04793e-06 7.85136e-06 5.31813e-06 4.01533e-06 -3.14549e-06 7.92227e-06 5.33898e-06 3.99449e-06 -3.24617e-06 7.99711e-06 5.3605e-06 3.97297e-06 -3.35007e-06 8.07605e-06 5.38271e-06 3.95077e-06 -3.4573e-06 8.15929e-06 5.40563e-06 3.92785e-06 -3.56796e-06 8.24702e-06 5.42929e-06 3.9042e-06 -3.68217e-06 8.33944e-06 5.4537e-06 3.8798e-06 -3.80003e-06 8.43675e-06 5.47889e-06 3.85461e-06 -3.92166e-06 8.53918e-06 5.50488e-06 3.82862e-06 -4.04719e-06 8.64693e-06 5.53171e-06 3.8018e-06 -4.17673e-06 8.76024e-06 5.5594e-06 3.77411e-06 -4.31042e-06 8.87932e-06 5.58798e-06 3.74554e-06 -4.44839e-06 9.00442e-06 5.61747e-06 3.71606e-06 -4.59077e-06 9.13577e-06 5.6479e-06 3.68563e-06 -4.73772e-06 9.27362e-06 5.67931e-06 3.65423e-06 -4.88936e-06 9.41822e-06 5.71172e-06 3.62182e-06 -5.04586e-06 9.56982e-06 5.74517e-06 3.58838e-06 -5.20737e-06 9.72868e-06 5.77969e-06 3.55387e-06 -5.37405e-06 9.89506e-06 5.81532e-06 3.51825e-06 -5.54607e-06 1.00693e-05 5.85209e-06 3.48149e-06 -5.72359e-06 1.02515e-05 5.89003e-06 3.44355e-06 -5.90679e-06 1.04421e-05 5.92919e-06 3.4044e-06 -6.09585e-06 1.06414e-05 5.9696e-06 3.364e-06 -6.29097e-06 1.08496e-05 6.0113e-06 3.32231e-06 -6.49234e-06 1.1067e-05 6.05434e-06 3.27927e-06 -6.70014e-06 1.1294e-05 6.09876e-06 3.23487e-06 -6.9146e-06 1.15308e-05 6.1446e-06 3.18904e-06 -7.13593e-06 1.17778e-05 6.1919e-06 3.14174e-06 -7.36434e-06 1.20353e-05 6.24072e-06 3.09293e-06 -7.60006e-06 1.23036e-05 6.29111e-06 3.04256e-06 -7.84332e-06 1.25831e-05 6.3431e-06 2.99057e-06 -8.09437e-06 1.28741e-05 6.39676e-06 2.93692e-06 -8.35346e-06 1.31769e-05 5.18051e-06 4.15291e-06 -2.14013e-06 7.28316e-06 5.19696e-06 4.13647e-06 -2.20863e-06 7.32145e-06 5.21393e-06 4.1195e-06 -2.27932e-06 7.36202e-06 5.23145e-06 4.10198e-06 -2.35228e-06 7.40499e-06 5.24953e-06 4.08391e-06 -2.42757e-06 7.45047e-06 5.26818e-06 4.06526e-06 -2.50528e-06 7.49861e-06 5.28744e-06 4.04601e-06 -2.58546e-06 7.54955e-06 5.30731e-06 4.02614e-06 -2.66822e-06 7.60342e-06 5.32781e-06 4.00564e-06 -2.75363e-06 7.66038e-06 5.34897e-06 3.98448e-06 -2.84177e-06 7.72058e-06 5.37081e-06 3.96264e-06 -2.93273e-06 7.78418e-06 5.39335e-06 3.94011e-06 -3.0266e-06 7.85136e-06 5.41661e-06 3.91685e-06 -3.12347e-06 7.92227e-06 5.44062e-06 3.89285e-06 -3.22345e-06 7.99711e-06 5.46539e-06 3.86809e-06 -3.32663e-06 8.07605e-06 5.49096e-06 3.84252e-06 -3.43311e-06 8.15929e-06 5.51734e-06 3.81614e-06 -3.54299e-06 8.24702e-06 5.54457e-06 3.78892e-06 -3.6564e-06 8.33944e-06 5.57267e-06 3.76083e-06 -3.77343e-06 8.43675e-06 5.60167e-06 3.73183e-06 -3.89422e-06 8.53918e-06 5.6316e-06 3.70191e-06 -4.01886e-06 8.64693e-06 5.66248e-06 3.67103e-06 -4.1475e-06 8.76024e-06 5.69436e-06 3.63916e-06 -4.28025e-06 8.87932e-06 5.72725e-06 3.60627e-06 -4.41726e-06 9.00442e-06 5.7612e-06 3.57233e-06 -4.55865e-06 9.13577e-06 5.79623e-06 3.5373e-06 -4.70456e-06 9.27362e-06 5.83239e-06 3.50115e-06 -4.85515e-06 9.41822e-06 5.8697e-06 3.46385e-06 -5.01055e-06 9.56982e-06 5.90821e-06 3.42535e-06 -5.17093e-06 9.72868e-06 5.94795e-06 3.38561e-06 -5.33644e-06 9.89506e-06 5.98896e-06 3.34461e-06 -5.50725e-06 1.00693e-05 6.03128e-06 3.30229e-06 -5.68353e-06 1.02515e-05 6.07496e-06 3.25862e-06 -5.86545e-06 1.04421e-05 6.12004e-06 3.21355e-06 -6.05319e-06 1.06414e-05 6.16656e-06 3.16704e-06 -6.24695e-06 1.08496e-05 6.21457e-06 3.11904e-06 -6.4469e-06 1.1067e-05 6.26411e-06 3.0695e-06 -6.65325e-06 1.1294e-05 6.31524e-06 3.01838e-06 -6.86621e-06 1.15308e-05 6.36801e-06 2.96562e-06 -7.08599e-06 1.17778e-05 6.42247e-06 2.91117e-06 -7.3128e-06 1.20353e-05 6.47867e-06 2.85498e-06 -7.54687e-06 1.23036e-05 6.53667e-06 2.79699e-06 -7.78843e-06 1.25831e-05 6.59653e-06 2.73715e-06 -8.03773e-06 1.28741e-05 6.6583e-06 2.67539e-06 -8.295e-06 1.31769e-05 5.24748e-06 4.08594e-06 -2.12293e-06 7.28316e-06 5.26607e-06 4.06736e-06 -2.19088e-06 7.32145e-06 5.28526e-06 4.04817e-06 -2.26101e-06 7.36202e-06 5.30506e-06 4.02838e-06 -2.33338e-06 7.40499e-06 5.32549e-06 4.00795e-06 -2.40807e-06 7.45047e-06 5.34658e-06 3.98686e-06 -2.48515e-06 7.49861e-06 5.36834e-06 3.9651e-06 -2.56469e-06 7.54955e-06 5.3908e-06 3.94265e-06 -2.64678e-06 7.60342e-06 5.41398e-06 3.91947e-06 -2.7315e-06 7.66038e-06 5.4379e-06 3.89555e-06 -2.81893e-06 7.72058e-06 5.46259e-06 3.87087e-06 -2.90916e-06 7.78418e-06 5.48806e-06 3.8454e-06 -3.00228e-06 7.85136e-06 5.51435e-06 3.81911e-06 -3.09838e-06 7.92227e-06 5.54149e-06 3.79198e-06 -3.19755e-06 7.99711e-06 5.56949e-06 3.76399e-06 -3.2999e-06 8.07605e-06 5.59839e-06 3.73509e-06 -3.40552e-06 8.15929e-06 5.62821e-06 3.70528e-06 -3.51453e-06 8.24702e-06 5.65899e-06 3.6745e-06 -3.62702e-06 8.33944e-06 5.69075e-06 3.64275e-06 -3.74312e-06 8.43675e-06 5.72353e-06 3.60997e-06 -3.86293e-06 8.53918e-06 5.75736e-06 3.57615e-06 -3.98657e-06 8.64693e-06 5.79227e-06 3.54124e-06 -4.11418e-06 8.76024e-06 5.8283e-06 3.50522e-06 -4.24586e-06 8.87932e-06 5.86548e-06 3.46804e-06 -4.38177e-06 9.00442e-06 5.90385e-06 3.42968e-06 -4.52202e-06 9.13577e-06 5.94345e-06 3.39008e-06 -4.66676e-06 9.27362e-06 5.98432e-06 3.34922e-06 -4.81614e-06 9.41822e-06 6.02649e-06 3.30705e-06 -4.97029e-06 9.56982e-06 6.07002e-06 3.26354e-06 -5.12938e-06 9.72868e-06 6.11494e-06 3.21862e-06 -5.29357e-06 9.89506e-06 6.16129e-06 3.17227e-06 -5.46301e-06 1.00693e-05 6.20913e-06 3.12444e-06 -5.63787e-06 1.02515e-05 6.25851e-06 3.07508e-06 -5.81832e-06 1.04421e-05 6.30946e-06 3.02413e-06 -6.00456e-06 1.06414e-05 6.36204e-06 2.97156e-06 -6.19676e-06 1.08496e-05 6.41631e-06 2.9173e-06 -6.3951e-06 1.1067e-05 6.47231e-06 2.86131e-06 -6.5998e-06 1.1294e-05 6.5301e-06 2.80352e-06 -6.81105e-06 1.15308e-05 6.58975e-06 2.74388e-06 -7.02906e-06 1.17778e-05 6.6513e-06 2.68234e-06 -7.25404e-06 1.20353e-05 6.71483e-06 2.61883e-06 -7.48623e-06 1.23036e-05 6.78039e-06 2.55328e-06 -7.72586e-06 1.25831e-05 6.84804e-06 2.48563e-06 -7.97315e-06 1.28741e-05 6.91787e-06 2.41582e-06 -8.22835e-06 1.31769e-05 5.31388e-06 4.01955e-06 -2.10364e-06 7.28316e-06 5.33459e-06 3.99883e-06 -2.17098e-06 7.32145e-06 5.35597e-06 3.97746e-06 -2.24047e-06 7.36202e-06 5.37804e-06 3.9554e-06 -2.31218e-06 7.40499e-06 5.40081e-06 3.93263e-06 -2.38619e-06 7.45047e-06 5.4243e-06 3.90914e-06 -2.46257e-06 7.49861e-06 5.44855e-06 3.88489e-06 -2.54139e-06 7.54955e-06 5.47358e-06 3.85987e-06 -2.62273e-06 7.60342e-06 5.49941e-06 3.83404e-06 -2.70668e-06 7.66038e-06 5.52606e-06 3.80739e-06 -2.79332e-06 7.72058e-06 5.55357e-06 3.77989e-06 -2.88273e-06 7.78418e-06 5.58196e-06 3.7515e-06 -2.975e-06 7.85136e-06 5.61126e-06 3.72221e-06 -3.07022e-06 7.92227e-06 5.64149e-06 3.69198e-06 -3.1685e-06 7.99711e-06 5.67269e-06 3.66078e-06 -3.26991e-06 8.07605e-06 5.7049e-06 3.62858e-06 -3.37458e-06 8.15929e-06 5.73813e-06 3.59536e-06 -3.48259e-06 8.24702e-06 5.77242e-06 3.56107e-06 -3.59407e-06 8.33944e-06 5.80782e-06 3.52568e-06 -3.70911e-06 8.43675e-06 5.84434e-06 3.48916e-06 -3.82783e-06 8.53918e-06 5.88204e-06 3.45147e-06 -3.95035e-06 8.64693e-06 5.92094e-06 3.41257e-06 -4.07679e-06 8.76024e-06 5.96109e-06 3.37243e-06 -4.20728e-06 8.87932e-06 6.00252e-06 3.331e-06 -4.34195e-06 9.00442e-06 6.04528e-06 3.28825e-06 -4.48093e-06 9.13577e-06 6.08941e-06 3.24413e-06 -4.62436e-06 9.27362e-06 6.13494e-06 3.1986e-06 -4.77238e-06 9.41822e-06 6.18194e-06 3.1516e-06 -4.92513e-06 9.56982e-06 6.23044e-06 3.10311e-06 -5.08278e-06 9.72868e-06 6.2805e-06 3.05306e-06 -5.24547e-06 9.89506e-06 6.33215e-06 3.00142e-06 -5.41337e-06 1.00693e-05 6.38546e-06 2.94811e-06 -5.58664e-06 1.02515e-05 6.44048e-06 2.89311e-06 -5.76546e-06 1.04421e-05 6.49725e-06 2.83634e-06 -5.95e-06 1.06414e-05 6.55585e-06 2.77775e-06 -6.14045e-06 1.08496e-05 6.61632e-06 2.71729e-06 -6.33699e-06 1.1067e-05 6.67872e-06 2.65489e-06 -6.53983e-06 1.1294e-05 6.74312e-06 2.5905e-06 -6.74916e-06 1.15308e-05 6.80959e-06 2.52405e-06 -6.96519e-06 1.17778e-05 6.87818e-06 2.45546e-06 -7.18813e-06 1.20353e-05 6.94897e-06 2.38469e-06 -7.41821e-06 1.23036e-05 7.02202e-06 2.31165e-06 -7.65566e-06 1.25831e-05 7.09741e-06 2.23627e-06 -7.9007e-06 1.28741e-05 7.17521e-06 2.15847e-06 -8.15359e-06 1.31769e-05 5.37963e-06 3.95379e-06 -2.08228e-06 7.28316e-06 5.40246e-06 3.93097e-06 -2.14893e-06 7.32145e-06 5.42601e-06 3.90742e-06 -2.21771e-06 7.36202e-06 5.45031e-06 3.88312e-06 -2.28869e-06 7.40499e-06 5.4754e-06 3.85804e-06 -2.36195e-06 7.45047e-06 5.50128e-06 3.83216e-06 -2.43755e-06 7.49861e-06 5.528e-06 3.80545e-06 -2.51558e-06 7.54955e-06 5.55557e-06 3.77788e-06 -2.5961e-06 7.60342e-06 5.58402e-06 3.74943e-06 -2.67919e-06 7.66038e-06 5.61338e-06 3.72007e-06 -2.76495e-06 7.72058e-06 5.64368e-06 3.68977e-06 -2.85345e-06 7.78418e-06 5.67496e-06 3.65851e-06 -2.94478e-06 7.85136e-06 5.70723e-06 3.62624e-06 -3.03904e-06 7.92227e-06 5.74054e-06 3.59293e-06 -3.13632e-06 7.99711e-06 5.77491e-06 3.55857e-06 -3.2367e-06 8.07605e-06 5.81038e-06 3.5231e-06 -3.3403e-06 8.15929e-06 5.84699e-06 3.48649e-06 -3.44722e-06 8.24702e-06 5.88477e-06 3.44872e-06 -3.55756e-06 8.33944e-06 5.92376e-06 3.40973e-06 -3.67143e-06 8.43675e-06 5.964e-06 3.3695e-06 -3.78895e-06 8.53918e-06 6.00552e-06 3.32798e-06 -3.91023e-06 8.64693e-06 6.04838e-06 3.28513e-06 -4.03539e-06 8.76024e-06 6.0926e-06 3.24091e-06 -4.16455e-06 8.87932e-06 6.13824e-06 3.19528e-06 -4.29785e-06 9.00442e-06 6.18535e-06 3.14818e-06 -4.43542e-06 9.13577e-06 6.23396e-06 3.09958e-06 -4.57739e-06 9.27362e-06 6.28412e-06 3.04942e-06 -4.7239e-06 9.41822e-06 6.3359e-06 2.99765e-06 -4.87511e-06 9.56982e-06 6.38933e-06 2.94423e-06 -5.03115e-06 9.72868e-06 6.44446e-06 2.8891e-06 -5.19219e-06 9.89506e-06 6.50137e-06 2.8322e-06 -5.35838e-06 1.00693e-05 6.56009e-06 2.77348e-06 -5.5299e-06 1.02515e-05 6.6207e-06 2.71288e-06 -5.7069e-06 1.04421e-05 6.68324e-06 2.65035e-06 -5.88957e-06 1.06414e-05 6.74779e-06 2.58581e-06 -6.07808e-06 1.08496e-05 6.81441e-06 2.5192e-06 -6.27263e-06 1.1067e-05 6.88315e-06 2.45047e-06 -6.47341e-06 1.1294e-05 6.9541e-06 2.37953e-06 -6.68061e-06 1.15308e-05 7.02731e-06 2.30632e-06 -6.89444e-06 1.17778e-05 7.10287e-06 2.23077e-06 -7.11512e-06 1.20353e-05 7.18085e-06 2.1528e-06 -7.34287e-06 1.23036e-05 7.26133e-06 2.07234e-06 -7.5779e-06 1.25831e-05 7.34438e-06 1.9893e-06 -7.82046e-06 1.28741e-05 7.43009e-06 1.9036e-06 -8.07077e-06 1.31769e-05 5.44469e-06 3.88874e-06 -2.05886e-06 7.28316e-06 5.46959e-06 3.86384e-06 -2.12476e-06 7.32145e-06 5.49529e-06 3.83814e-06 -2.19277e-06 7.36202e-06 5.52182e-06 3.81162e-06 -2.26295e-06 7.40499e-06 5.54919e-06 3.78425e-06 -2.33539e-06 7.45047e-06 5.57744e-06 3.756e-06 -2.41014e-06 7.49861e-06 5.60659e-06 3.72686e-06 -2.48728e-06 7.54955e-06 5.63667e-06 3.69677e-06 -2.56689e-06 7.60342e-06 5.66772e-06 3.66573e-06 -2.64906e-06 7.66038e-06 5.69976e-06 3.63369e-06 -2.73385e-06 7.72058e-06 5.73283e-06 3.60063e-06 -2.82135e-06 7.78418e-06 5.76696e-06 3.56651e-06 -2.91166e-06 7.85136e-06 5.80217e-06 3.53129e-06 -3.00486e-06 7.92227e-06 5.83852e-06 3.49495e-06 -3.10104e-06 7.99711e-06 5.87603e-06 3.45745e-06 -3.2003e-06 8.07605e-06 5.91474e-06 3.41874e-06 -3.30273e-06 8.15929e-06 5.95469e-06 3.3788e-06 -3.40845e-06 8.24702e-06 5.99592e-06 3.33757e-06 -3.51755e-06 8.33944e-06 6.03846e-06 3.29503e-06 -3.63014e-06 8.43675e-06 6.08237e-06 3.25113e-06 -3.74633e-06 8.53918e-06 6.12769e-06 3.20582e-06 -3.86625e-06 8.64693e-06 6.17445e-06 3.15906e-06 -3.99e-06 8.76024e-06 6.22271e-06 3.1108e-06 -4.11771e-06 8.87932e-06 6.27252e-06 3.061e-06 -4.24951e-06 9.00442e-06 6.32392e-06 3.00961e-06 -4.38553e-06 9.13577e-06 6.37696e-06 2.95657e-06 -4.5259e-06 9.27362e-06 6.43171e-06 2.90183e-06 -4.67077e-06 9.41822e-06 6.4882e-06 2.84534e-06 -4.82027e-06 9.56982e-06 6.54651e-06 2.78705e-06 -4.97456e-06 9.72868e-06 6.60668e-06 2.72688e-06 -5.13379e-06 9.89506e-06 6.66877e-06 2.66479e-06 -5.29811e-06 1.00693e-05 6.73286e-06 2.60072e-06 -5.4677e-06 1.02515e-05 6.79899e-06 2.53459e-06 -5.64271e-06 1.04421e-05 6.86725e-06 2.46635e-06 -5.82332e-06 1.06414e-05 6.93768e-06 2.39592e-06 -6.00972e-06 1.08496e-05 7.01037e-06 2.32323e-06 -6.20208e-06 1.1067e-05 7.08539e-06 2.24822e-06 -6.4006e-06 1.1294e-05 7.16281e-06 2.17081e-06 -6.60547e-06 1.15308e-05 7.24271e-06 2.09093e-06 -6.8169e-06 1.17778e-05 7.32516e-06 2.00848e-06 -7.03509e-06 1.20353e-05 7.41026e-06 1.9234e-06 -7.26028e-06 1.23036e-05 7.49807e-06 1.83559e-06 -7.49267e-06 1.25831e-05 7.5887e-06 1.74497e-06 -7.73249e-06 1.28741e-05 7.68223e-06 1.65145e-06 -7.98e-06 1.31769e-05 5.50898e-06 3.82445e-06 -2.0334e-06 7.28316e-06 5.53594e-06 3.79749e-06 -2.09849e-06 7.32145e-06 5.56376e-06 3.76967e-06 -2.16566e-06 7.36202e-06 5.59247e-06 3.74096e-06 -2.23498e-06 7.40499e-06 5.62211e-06 3.71133e-06 -2.30651e-06 7.45047e-06 5.65269e-06 3.68075e-06 -2.38034e-06 7.49861e-06 5.68425e-06 3.64919e-06 -2.45653e-06 7.54955e-06 5.71682e-06 3.61662e-06 -2.53516e-06 7.60342e-06 5.75044e-06 3.58301e-06 -2.61631e-06 7.66038e-06 5.78513e-06 3.54833e-06 -2.70005e-06 7.72058e-06 5.82093e-06 3.51253e-06 -2.78648e-06 7.78418e-06 5.85787e-06 3.47559e-06 -2.87567e-06 7.85136e-06 5.896e-06 3.43747e-06 -2.96771e-06 7.92227e-06 5.93535e-06 3.39812e-06 -3.0627e-06 7.99711e-06 5.97596e-06 3.35752e-06 -3.16073e-06 8.07605e-06 6.01786e-06 3.31561e-06 -3.2619e-06 8.15929e-06 6.06111e-06 3.27237e-06 -3.36631e-06 8.24702e-06 6.10575e-06 3.22774e-06 -3.47406e-06 8.33944e-06 6.15181e-06 3.18168e-06 -3.58526e-06 8.43675e-06 6.19935e-06 3.13415e-06 -3.70002e-06 8.53918e-06 6.24841e-06 3.0851e-06 -3.81845e-06 8.64693e-06 6.29903e-06 3.03448e-06 -3.94067e-06 8.76024e-06 6.35128e-06 2.98223e-06 -4.06681e-06 8.87932e-06 6.40521e-06 2.92832e-06 -4.19698e-06 9.00442e-06 6.46085e-06 2.87267e-06 -4.33132e-06 9.13577e-06 6.51828e-06 2.81525e-06 -4.46995e-06 9.27362e-06 6.57755e-06 2.75599e-06 -4.61303e-06 9.41822e-06 6.63871e-06 2.69483e-06 -4.76068e-06 9.56982e-06 6.70183e-06 2.63172e-06 -4.91306e-06 9.72868e-06 6.76698e-06 2.56658e-06 -5.07032e-06 9.89506e-06 6.8342e-06 2.49936e-06 -5.23262e-06 1.00693e-05 6.90358e-06 2.42999e-06 -5.4001e-06 1.02515e-05 6.97518e-06 2.3584e-06 -5.57295e-06 1.04421e-05 7.04907e-06 2.28452e-06 -5.75133e-06 1.06414e-05 7.12533e-06 2.20827e-06 -5.93542e-06 1.08496e-05 7.20403e-06 2.12958e-06 -6.1254e-06 1.1067e-05 7.28525e-06 2.04837e-06 -6.32147e-06 1.1294e-05 7.36906e-06 1.96456e-06 -6.52381e-06 1.15308e-05 7.45556e-06 1.87807e-06 -6.73262e-06 1.17778e-05 7.54483e-06 1.78882e-06 -6.94812e-06 1.20353e-05 7.63695e-06 1.6967e-06 -7.17052e-06 1.23036e-05 7.73203e-06 1.60164e-06 -7.40004e-06 1.25831e-05 7.83014e-06 1.50353e-06 -7.6369e-06 1.28741e-05 7.9314e-06 1.40228e-06 -7.88134e-06 1.31769e-05 5.57243e-06 3.76099e-06 -2.00594e-06 7.28316e-06 5.60142e-06 3.732e-06 -2.07015e-06 7.32145e-06 5.63134e-06 3.70209e-06 -2.13641e-06 7.36202e-06 5.66222e-06 3.67121e-06 -2.20479e-06 7.40499e-06 5.69409e-06 3.63935e-06 -2.27537e-06 7.45047e-06 5.72697e-06 3.60647e-06 -2.3482e-06 7.49861e-06 5.76091e-06 3.57253e-06 -2.42336e-06 7.54955e-06 5.79594e-06 3.53751e-06 -2.50093e-06 7.60342e-06 5.83208e-06 3.50137e-06 -2.58098e-06 7.66038e-06 5.86938e-06 3.46407e-06 -2.66359e-06 7.72058e-06 5.90788e-06 3.42558e-06 -2.74885e-06 7.78418e-06 5.94761e-06 3.38585e-06 -2.83683e-06 7.85136e-06 5.98861e-06 3.34486e-06 -2.92763e-06 7.92227e-06 6.03092e-06 3.30255e-06 -3.02134e-06 7.99711e-06 6.07459e-06 3.25888e-06 -3.11805e-06 8.07605e-06 6.11966e-06 3.21382e-06 -3.21785e-06 8.15929e-06 6.16616e-06 3.16732e-06 -3.32085e-06 8.24702e-06 6.21416e-06 3.11933e-06 -3.42715e-06 8.33944e-06 6.26369e-06 3.0698e-06 -3.53684e-06 8.43675e-06 6.31481e-06 3.01869e-06 -3.65005e-06 8.53918e-06 6.36757e-06 2.96594e-06 -3.76688e-06 8.64693e-06 6.42201e-06 2.9115e-06 -3.88746e-06 8.76024e-06 6.47819e-06 2.85532e-06 -4.01189e-06 8.87932e-06 6.53618e-06 2.79734e-06 -4.1403e-06 9.00442e-06 6.59602e-06 2.73751e-06 -4.27282e-06 9.13577e-06 6.65777e-06 2.67576e-06 -4.40959e-06 9.27362e-06 6.7215e-06 2.61204e-06 -4.55073e-06 9.41822e-06 6.78728e-06 2.54627e-06 -4.69639e-06 9.56982e-06 6.85515e-06 2.4784e-06 -4.84672e-06 9.72868e-06 6.9252e-06 2.40836e-06 -5.00185e-06 9.89506e-06 6.9975e-06 2.33607e-06 -5.16195e-06 1.00693e-05 7.0721e-06 2.26147e-06 -5.32718e-06 1.02515e-05 7.14909e-06 2.18449e-06 -5.49769e-06 1.04421e-05 7.22855e-06 2.10504e-06 -5.67366e-06 1.06414e-05 7.31055e-06 2.02304e-06 -5.85527e-06 1.08496e-05 7.39518e-06 1.93843e-06 -6.04269e-06 1.1067e-05 7.48252e-06 1.8511e-06 -6.2361e-06 1.1294e-05 7.57265e-06 1.76098e-06 -6.43571e-06 1.15308e-05 7.66566e-06 1.66797e-06 -6.6417e-06 1.17778e-05 7.76165e-06 1.57199e-06 -6.85429e-06 1.20353e-05 7.86072e-06 1.47293e-06 -7.07369e-06 1.23036e-05 7.96296e-06 1.37071e-06 -7.30011e-06 1.25831e-05 8.06846e-06 1.26521e-06 -7.53377e-06 1.28741e-05 8.17735e-06 1.15634e-06 -7.77491e-06 1.31769e-05 5.63499e-06 3.69843e-06 -1.9765e-06 7.28316e-06 5.66599e-06 3.66744e-06 -2.03977e-06 7.32145e-06 5.69797e-06 3.63546e-06 -2.10506e-06 7.36202e-06 5.73098e-06 3.60245e-06 -2.17244e-06 7.40499e-06 5.76505e-06 3.56839e-06 -2.24197e-06 7.45047e-06 5.80021e-06 3.53323e-06 -2.31374e-06 7.49861e-06 5.83649e-06 3.49695e-06 -2.38779e-06 7.54955e-06 5.87393e-06 3.45951e-06 -2.46422e-06 7.60342e-06 5.91258e-06 3.42087e-06 -2.5431e-06 7.66038e-06 5.95246e-06 3.381e-06 -2.6245e-06 7.72058e-06 5.99361e-06 3.33985e-06 -2.7085e-06 7.78418e-06 6.03609e-06 3.29738e-06 -2.7952e-06 7.85136e-06 6.07992e-06 3.25355e-06 -2.88467e-06 7.92227e-06 6.12515e-06 3.20832e-06 -2.977e-06 7.99711e-06 6.17184e-06 3.16164e-06 -3.07229e-06 8.07605e-06 6.22002e-06 3.11346e-06 -3.17063e-06 8.15929e-06 6.26974e-06 3.06375e-06 -3.27212e-06 8.24702e-06 6.32105e-06 3.01244e-06 -3.37685e-06 8.33944e-06 6.374e-06 2.95949e-06 -3.48494e-06 8.43675e-06 6.42865e-06 2.90485e-06 -3.59648e-06 8.53918e-06 6.48505e-06 2.84846e-06 -3.7116e-06 8.64693e-06 6.54325e-06 2.79026e-06 -3.8304e-06 8.76024e-06 6.60332e-06 2.7302e-06 -3.95301e-06 8.87932e-06 6.66531e-06 2.66822e-06 -4.07954e-06 9.00442e-06 6.72928e-06 2.60425e-06 -4.21012e-06 9.13577e-06 6.7953e-06 2.53823e-06 -4.34488e-06 9.27362e-06 6.86343e-06 2.47011e-06 -4.48395e-06 9.41822e-06 6.93375e-06 2.3998e-06 -4.62747e-06 9.56982e-06 7.00631e-06 2.32724e-06 -4.77559e-06 9.72868e-06 7.0812e-06 2.25236e-06 -4.92845e-06 9.89506e-06 7.15849e-06 2.17508e-06 -5.0862e-06 1.00693e-05 7.23824e-06 2.09533e-06 -5.249e-06 1.02515e-05 7.32056e-06 2.01303e-06 -5.41701e-06 1.04421e-05 7.4055e-06 1.92809e-06 -5.5904e-06 1.06414e-05 7.49317e-06 1.84043e-06 -5.76934e-06 1.08496e-05 7.58364e-06 1.74997e-06 -5.954e-06 1.1067e-05 7.67701e-06 1.65661e-06 -6.14458e-06 1.1294e-05 7.77336e-06 1.56026e-06 -6.34126e-06 1.15308e-05 7.8728e-06 1.46083e-06 -6.54423e-06 1.17778e-05 7.97543e-06 1.35822e-06 -6.7537e-06 1.20353e-05 8.08133e-06 1.25232e-06 -6.96988e-06 1.23036e-05 8.19063e-06 1.14303e-06 -7.19297e-06 1.25831e-05 8.30343e-06 1.03025e-06 -7.4232e-06 1.28741e-05 8.41983e-06 9.13852e-07 -7.66081e-06 1.31769e-05 5.6966e-06 3.63683e-06 -1.94511e-06 7.28316e-06 5.72956e-06 3.60386e-06 -2.00737e-06 7.32145e-06 5.76359e-06 3.56985e-06 -2.07163e-06 7.36202e-06 5.7987e-06 3.53474e-06 -2.13794e-06 7.40499e-06 5.83493e-06 3.49851e-06 -2.20637e-06 7.45047e-06 5.87232e-06 3.46112e-06 -2.27699e-06 7.49861e-06 5.91092e-06 3.42253e-06 -2.34987e-06 7.54955e-06 5.95074e-06 3.38271e-06 -2.42509e-06 7.60342e-06 5.99184e-06 3.34161e-06 -2.50271e-06 7.66038e-06 6.03426e-06 3.2992e-06 -2.58282e-06 7.72058e-06 6.07803e-06 3.25542e-06 -2.66549e-06 7.78418e-06 6.12321e-06 3.21025e-06 -2.75081e-06 7.85136e-06 6.16983e-06 3.16364e-06 -2.83886e-06 7.92227e-06 6.21794e-06 3.11553e-06 -2.92972e-06 7.99711e-06 6.2676e-06 3.06588e-06 -3.0235e-06 8.07605e-06 6.31884e-06 3.01464e-06 -3.12028e-06 8.15929e-06 6.37172e-06 2.96176e-06 -3.22015e-06 8.24702e-06 6.4263e-06 2.90719e-06 -3.32322e-06 8.33944e-06 6.48262e-06 2.85087e-06 -3.42959e-06 8.43675e-06 6.54075e-06 2.79275e-06 -3.53937e-06 8.53918e-06 6.60073e-06 2.73277e-06 -3.65266e-06 8.64693e-06 6.66264e-06 2.67087e-06 -3.76957e-06 8.76024e-06 6.72653e-06 2.60699e-06 -3.89023e-06 8.87932e-06 6.79246e-06 2.54106e-06 -4.01475e-06 9.00442e-06 6.8605e-06 2.47302e-06 -4.14325e-06 9.13577e-06 6.93072e-06 2.40281e-06 -4.27587e-06 9.27362e-06 7.00319e-06 2.33035e-06 -4.41274e-06 9.41822e-06 7.07798e-06 2.25557e-06 -4.55398e-06 9.56982e-06 7.15516e-06 2.17839e-06 -4.69974e-06 9.72868e-06 7.23482e-06 2.09874e-06 -4.85018e-06 9.89506e-06 7.31702e-06 2.01655e-06 -5.00542e-06 1.00693e-05 7.40185e-06 1.93172e-06 -5.16564e-06 1.02515e-05 7.4894e-06 1.84418e-06 -5.33098e-06 1.04421e-05 7.57975e-06 1.75384e-06 -5.50161e-06 1.06414e-05 7.67299e-06 1.66061e-06 -5.67771e-06 1.08496e-05 7.76922e-06 1.56439e-06 -5.85945e-06 1.1067e-05 7.86853e-06 1.46509e-06 -6.047e-06 1.1294e-05 7.97101e-06 1.36261e-06 -6.24055e-06 1.15308e-05 8.07678e-06 1.25685e-06 -6.4403e-06 1.17778e-05 8.18593e-06 1.14771e-06 -6.64644e-06 1.20353e-05 8.29858e-06 1.03508e-06 -6.85918e-06 1.23036e-05 8.41483e-06 9.18835e-07 -7.07873e-06 1.25831e-05 8.5348e-06 7.98873e-07 -7.30531e-06 1.28741e-05 8.65861e-06 6.75072e-07 -7.53914e-06 1.31769e-05 5.75719e-06 3.57624e-06 -1.91181e-06 7.28316e-06 5.79209e-06 3.54134e-06 -1.973e-06 7.32145e-06 5.82812e-06 3.50532e-06 -2.03615e-06 7.36202e-06 5.86529e-06 3.46814e-06 -2.10132e-06 7.40499e-06 5.90366e-06 3.42978e-06 -2.16858e-06 7.45047e-06 5.94325e-06 3.39019e-06 -2.238e-06 7.49861e-06 5.98411e-06 3.34933e-06 -2.30963e-06 7.54955e-06 6.02628e-06 3.30717e-06 -2.38356e-06 7.60342e-06 6.0698e-06 3.26365e-06 -2.45985e-06 7.66038e-06 6.11471e-06 3.21874e-06 -2.53859e-06 7.72058e-06 6.16106e-06 3.1724e-06 -2.61984e-06 7.78418e-06 6.2089e-06 3.12457e-06 -2.7037e-06 7.85136e-06 6.25826e-06 3.07521e-06 -2.79024e-06 7.92227e-06 6.3092e-06 3.02427e-06 -2.87955e-06 7.99711e-06 6.36178e-06 2.9717e-06 -2.97172e-06 8.07605e-06 6.41604e-06 2.91744e-06 -3.06684e-06 8.15929e-06 6.47203e-06 2.86145e-06 -3.16501e-06 8.24702e-06 6.52982e-06 2.80367e-06 -3.26631e-06 8.33944e-06 6.58945e-06 2.74404e-06 -3.37086e-06 8.43675e-06 6.651e-06 2.6825e-06 -3.47876e-06 8.53918e-06 6.71451e-06 2.61899e-06 -3.59011e-06 8.64693e-06 6.78006e-06 2.55345e-06 -3.70502e-06 8.76024e-06 6.84771e-06 2.48581e-06 -3.82361e-06 8.87932e-06 6.91752e-06 2.416e-06 -3.946e-06 9.00442e-06 6.98956e-06 2.34396e-06 -4.0723e-06 9.13577e-06 7.06392e-06 2.26962e-06 -4.20265e-06 9.27362e-06 7.14065e-06 2.19289e-06 -4.33717e-06 9.41822e-06 7.21984e-06 2.11371e-06 -4.47599e-06 9.56982e-06 7.30156e-06 2.032e-06 -4.61926e-06 9.72868e-06 7.3859e-06 1.94766e-06 -4.76712e-06 9.89506e-06 7.47293e-06 1.86063e-06 -4.91971e-06 1.00693e-05 7.56276e-06 1.77082e-06 -5.07718e-06 1.02515e-05 7.65546e-06 1.67813e-06 -5.23969e-06 1.04421e-05 7.75112e-06 1.58247e-06 -5.4074e-06 1.06414e-05 7.84985e-06 1.48375e-06 -5.58048e-06 1.08496e-05 7.95174e-06 1.38187e-06 -5.75911e-06 1.1067e-05 8.05689e-06 1.27673e-06 -5.94344e-06 1.1294e-05 8.1654e-06 1.16822e-06 -6.13368e-06 1.15308e-05 8.27739e-06 1.05624e-06 -6.33001e-06 1.17778e-05 8.39297e-06 9.40679e-07 -6.53263e-06 1.20353e-05 8.51224e-06 8.21416e-07 -6.74172e-06 1.23036e-05 8.63533e-06 6.98336e-07 -6.95751e-06 1.25831e-05 8.76236e-06 5.71317e-07 -7.18021e-06 1.28741e-05 8.89345e-06 4.40231e-07 -7.41004e-06 1.31769e-05 5.8167e-06 3.51672e-06 -1.87661e-06 7.28316e-06 5.85351e-06 3.47992e-06 -1.93668e-06 7.32145e-06 5.8915e-06 3.44193e-06 -1.99867e-06 7.36202e-06 5.9307e-06 3.40273e-06 -2.06264e-06 7.40499e-06 5.97116e-06 3.36227e-06 -2.12866e-06 7.45047e-06 6.01292e-06 3.32052e-06 -2.1968e-06 7.49861e-06 6.05601e-06 3.27743e-06 -2.26711e-06 7.54955e-06 6.10048e-06 3.23297e-06 -2.33968e-06 7.60342e-06 6.14637e-06 3.18708e-06 -2.41457e-06 7.66038e-06 6.19374e-06 3.13972e-06 -2.49185e-06 7.72058e-06 6.24262e-06 3.09084e-06 -2.57161e-06 7.78418e-06 6.29306e-06 3.0404e-06 -2.65393e-06 7.85136e-06 6.34512e-06 2.98835e-06 -2.73887e-06 7.92227e-06 6.39884e-06 2.93463e-06 -2.82654e-06 7.99711e-06 6.45429e-06 2.87919e-06 -2.91701e-06 8.07605e-06 6.5115e-06 2.82198e-06 -3.01038e-06 8.15929e-06 6.57055e-06 2.76293e-06 -3.10674e-06 8.24702e-06 6.63149e-06 2.70199e-06 -3.20618e-06 8.33944e-06 6.69439e-06 2.63911e-06 -3.3088e-06 8.43675e-06 6.75929e-06 2.57421e-06 -3.41471e-06 8.53918e-06 6.82627e-06 2.50723e-06 -3.52401e-06 8.64693e-06 6.8954e-06 2.43811e-06 -3.63681e-06 8.76024e-06 6.96673e-06 2.36678e-06 -3.75322e-06 8.87932e-06 7.04035e-06 2.29317e-06 -3.87335e-06 9.00442e-06 7.11633e-06 2.2172e-06 -3.99733e-06 9.13577e-06 7.19474e-06 2.13879e-06 -4.12528e-06 9.27362e-06 7.27566e-06 2.05788e-06 -4.25732e-06 9.41822e-06 7.35917e-06 1.97438e-06 -4.39359e-06 9.56982e-06 7.44535e-06 1.8882e-06 -4.53422e-06 9.72868e-06 7.53429e-06 1.79927e-06 -4.67936e-06 9.89506e-06 7.62608e-06 1.70749e-06 -4.82913e-06 1.00693e-05 7.72081e-06 1.61277e-06 -4.98371e-06 1.02515e-05 7.81856e-06 1.51502e-06 -5.14323e-06 1.04421e-05 7.91945e-06 1.41414e-06 -5.30785e-06 1.06414e-05 8.02357e-06 1.31003e-06 -5.47775e-06 1.08496e-05 8.13102e-06 1.20259e-06 -5.65308e-06 1.1067e-05 8.2419e-06 1.09171e-06 -5.83403e-06 1.1294e-05 8.35634e-06 9.77284e-07 -6.02076e-06 1.15308e-05 8.47444e-06 8.59193e-07 -6.21348e-06 1.17778e-05 8.59632e-06 7.37323e-07 -6.41236e-06 1.20353e-05 8.7221e-06 6.11551e-07 -6.61761e-06 1.23036e-05 8.85191e-06 4.81754e-07 -6.82943e-06 1.25831e-05 8.98587e-06 3.47802e-07 -7.04803e-06 1.28741e-05 9.12412e-06 2.09562e-07 -7.27362e-06 1.31769e-05 5.87508e-06 3.45835e-06 -1.83956e-06 7.28316e-06 5.91376e-06 3.41967e-06 -1.89844e-06 7.32145e-06 5.95367e-06 3.37976e-06 -1.95921e-06 7.36202e-06 5.99487e-06 3.33856e-06 -2.02192e-06 7.40499e-06 6.03738e-06 3.29605e-06 -2.08664e-06 7.45047e-06 6.08126e-06 3.25218e-06 -2.15343e-06 7.49861e-06 6.12654e-06 3.20691e-06 -2.22235e-06 7.54955e-06 6.17326e-06 3.16018e-06 -2.29349e-06 7.60342e-06 6.22149e-06 3.11196e-06 -2.3669e-06 7.66038e-06 6.27125e-06 3.0622e-06 -2.44266e-06 7.72058e-06 6.32261e-06 3.01084e-06 -2.52084e-06 7.78418e-06 6.37562e-06 2.95784e-06 -2.60153e-06 7.85136e-06 6.43032e-06 2.90315e-06 -2.6848e-06 7.92227e-06 6.48677e-06 2.8467e-06 -2.77074e-06 7.99711e-06 6.54503e-06 2.78845e-06 -2.85943e-06 8.07605e-06 6.60515e-06 2.72833e-06 -2.95095e-06 8.15929e-06 6.6672e-06 2.66628e-06 -3.04541e-06 8.24702e-06 6.73123e-06 2.60226e-06 -3.14288e-06 8.33944e-06 6.79732e-06 2.53618e-06 -3.24348e-06 8.43675e-06 6.86551e-06 2.46798e-06 -3.3473e-06 8.53918e-06 6.9359e-06 2.39761e-06 -3.45444e-06 8.64693e-06 7.00853e-06 2.32498e-06 -3.56501e-06 8.76024e-06 7.08349e-06 2.25003e-06 -3.67912e-06 8.87932e-06 7.16085e-06 2.17267e-06 -3.79689e-06 9.00442e-06 7.24068e-06 2.09285e-06 -3.91842e-06 9.13577e-06 7.32307e-06 2.01046e-06 -4.04384e-06 9.27362e-06 7.4081e-06 1.92544e-06 -4.17327e-06 9.41822e-06 7.49585e-06 1.8377e-06 -4.30685e-06 9.56982e-06 7.5864e-06 1.74715e-06 -4.44471e-06 9.72868e-06 7.67986e-06 1.6537e-06 -4.58698e-06 9.89506e-06 7.77631e-06 1.55726e-06 -4.7338e-06 1.00693e-05 7.87584e-06 1.45773e-06 -4.88532e-06 1.02515e-05 7.97856e-06 1.35502e-06 -5.04169e-06 1.04421e-05 8.08457e-06 1.24902e-06 -5.20307e-06 1.06414e-05 8.19397e-06 1.13963e-06 -5.36961e-06 1.08496e-05 8.30687e-06 1.02673e-06 -5.54148e-06 1.1067e-05 8.42339e-06 9.10225e-07 -5.71885e-06 1.1294e-05 8.54364e-06 7.89988e-07 -5.9019e-06 1.15308e-05 8.66773e-06 6.65902e-07 -6.09081e-06 1.17778e-05 8.7958e-06 5.37845e-07 -6.28577e-06 1.20353e-05 8.92797e-06 4.05688e-07 -6.48696e-06 1.23036e-05 9.06436e-06 2.69301e-07 -6.6946e-06 1.25831e-05 9.20513e-06 1.28549e-07 -6.90888e-06 1.28741e-05 9.35039e-06 -1.67082e-08 -7.13003e-06 1.31769e-05 5.93226e-06 3.40116e-06 -1.8007e-06 7.28316e-06 5.97277e-06 3.36065e-06 -1.85833e-06 7.32145e-06 6.01458e-06 3.31885e-06 -1.91782e-06 7.36202e-06 6.05772e-06 3.27571e-06 -1.9792e-06 7.40499e-06 6.10225e-06 3.23119e-06 -2.04255e-06 7.45047e-06 6.1482e-06 3.18524e-06 -2.10793e-06 7.49861e-06 6.19562e-06 3.13782e-06 -2.1754e-06 7.54955e-06 6.24456e-06 3.08889e-06 -2.24503e-06 7.60342e-06 6.29507e-06 3.03838e-06 -2.31689e-06 7.66038e-06 6.34719e-06 2.98627e-06 -2.39105e-06 7.72058e-06 6.40098e-06 2.93248e-06 -2.46759e-06 7.78418e-06 6.45649e-06 2.87697e-06 -2.54657e-06 7.85136e-06 6.51378e-06 2.81969e-06 -2.62808e-06 7.92227e-06 6.5729e-06 2.76057e-06 -2.7122e-06 7.99711e-06 6.63392e-06 2.69956e-06 -2.79902e-06 8.07605e-06 6.69689e-06 2.63659e-06 -2.88861e-06 8.15929e-06 6.76187e-06 2.57161e-06 -2.98107e-06 8.24702e-06 6.82894e-06 2.50455e-06 -3.07649e-06 8.33944e-06 6.89815e-06 2.43535e-06 -3.17496e-06 8.43675e-06 6.96957e-06 2.36393e-06 -3.27658e-06 8.53918e-06 7.04328e-06 2.29022e-06 -3.38146e-06 8.64693e-06 7.11935e-06 2.21416e-06 -3.4897e-06 8.76024e-06 7.19786e-06 2.13565e-06 -3.6014e-06 8.87932e-06 7.27888e-06 2.05464e-06 -3.71667e-06 9.00442e-06 7.36249e-06 1.97103e-06 -3.83563e-06 9.13577e-06 7.44878e-06 1.88475e-06 -3.95841e-06 9.27362e-06 7.53783e-06 1.79571e-06 -4.08511e-06 9.41822e-06 7.62973e-06 1.70381e-06 -4.21587e-06 9.56982e-06 7.72458e-06 1.60898e-06 -4.35081e-06 9.72868e-06 7.82245e-06 1.51111e-06 -4.49007e-06 9.89506e-06 7.92347e-06 1.4101e-06 -4.63379e-06 1.00693e-05 8.02771e-06 1.30587e-06 -4.78211e-06 1.02515e-05 8.13529e-06 1.19829e-06 -4.93518e-06 1.04421e-05 8.24632e-06 1.08727e-06 -5.09314e-06 1.06414e-05 8.36089e-06 9.72705e-07 -5.25617e-06 1.08496e-05 8.47914e-06 8.54467e-07 -5.42441e-06 1.1067e-05 8.60117e-06 7.32445e-07 -5.59803e-06 1.1294e-05 8.72711e-06 6.06518e-07 -5.77722e-06 1.15308e-05 8.85708e-06 4.76559e-07 -5.96213e-06 1.17778e-05 8.9912e-06 3.42441e-07 -6.15297e-06 1.20353e-05 9.12962e-06 2.0403e-07 -6.34992e-06 1.23036e-05 9.27248e-06 6.11888e-08 -6.55317e-06 1.25831e-05 9.4199e-06 -8.62247e-08 -6.76292e-06 1.28741e-05 9.57204e-06 -2.38357e-07 -6.97939e-06 1.31769e-05 5.9882e-06 3.34522e-06 -1.76006e-06 7.28316e-06 6.0305e-06 3.30293e-06 -1.81639e-06 7.32145e-06 6.07415e-06 3.25928e-06 -1.87453e-06 7.36202e-06 6.11921e-06 3.21423e-06 -1.93453e-06 7.40499e-06 6.1657e-06 3.16774e-06 -1.99646e-06 7.45047e-06 6.21368e-06 3.11976e-06 -2.06036e-06 7.49861e-06 6.2632e-06 3.07025e-06 -2.12631e-06 7.54955e-06 6.3143e-06 3.01915e-06 -2.19437e-06 7.60342e-06 6.36704e-06 2.96641e-06 -2.2646e-06 7.66038e-06 6.42146e-06 2.91199e-06 -2.33709e-06 7.72058e-06 6.47763e-06 2.85583e-06 -2.4119e-06 7.78418e-06 6.5356e-06 2.79786e-06 -2.4891e-06 7.85136e-06 6.59542e-06 2.73805e-06 -2.56877e-06 7.92227e-06 6.65716e-06 2.67631e-06 -2.65099e-06 7.99711e-06 6.72087e-06 2.61261e-06 -2.73584e-06 8.07605e-06 6.78662e-06 2.54686e-06 -2.82341e-06 8.15929e-06 6.85447e-06 2.47901e-06 -2.91379e-06 8.24702e-06 6.9245e-06 2.40899e-06 -3.00705e-06 8.33944e-06 6.99677e-06 2.33672e-06 -3.1033e-06 8.43675e-06 7.07136e-06 2.26214e-06 -3.20263e-06 8.53918e-06 7.14833e-06 2.18518e-06 -3.30514e-06 8.64693e-06 7.22776e-06 2.10575e-06 -3.41094e-06 8.76024e-06 7.30973e-06 2.02378e-06 -3.52011e-06 8.87932e-06 7.39433e-06 1.93919e-06 -3.63279e-06 9.00442e-06 7.48164e-06 1.85188e-06 -3.74907e-06 9.13577e-06 7.57175e-06 1.76179e-06 -3.86907e-06 9.27362e-06 7.66473e-06 1.66881e-06 -3.99291e-06 9.41822e-06 7.76069e-06 1.57285e-06 -4.12072e-06 9.56982e-06 7.85973e-06 1.47382e-06 -4.25261e-06 9.72868e-06 7.96193e-06 1.37163e-06 -4.38873e-06 9.89506e-06 8.06741e-06 1.26616e-06 -4.52921e-06 1.00693e-05 8.17626e-06 1.15731e-06 -4.67418e-06 1.02515e-05 8.2886e-06 1.04499e-06 -4.82379e-06 1.04421e-05 8.40453e-06 9.29062e-07 -4.97819e-06 1.06414e-05 8.52417e-06 8.09427e-07 -5.13754e-06 1.08496e-05 8.64764e-06 6.85964e-07 -5.30198e-06 1.1067e-05 8.77507e-06 5.58548e-07 -5.47169e-06 1.1294e-05 8.90657e-06 4.27054e-07 -5.64683e-06 1.15308e-05 9.04228e-06 2.91352e-07 -5.82757e-06 1.17778e-05 9.18234e-06 1.51305e-07 -6.0141e-06 1.20353e-05 9.32688e-06 6.77655e-09 -6.20661e-06 1.23036e-05 9.47604e-06 -1.42379e-07 -6.40527e-06 1.25831e-05 9.62998e-06 -2.96308e-07 -6.61029e-06 1.28741e-05 9.78885e-06 -4.55164e-07 -6.82187e-06 1.31769e-05 6.04283e-06 3.29059e-06 -1.71768e-06 7.28316e-06 6.08688e-06 3.24655e-06 -1.77266e-06 7.32145e-06 6.13234e-06 3.20109e-06 -1.8294e-06 7.36202e-06 6.17925e-06 3.15418e-06 -1.88796e-06 7.40499e-06 6.22767e-06 3.10577e-06 -1.94839e-06 7.45047e-06 6.27763e-06 3.0558e-06 -2.01075e-06 7.49861e-06 6.3292e-06 3.00424e-06 -2.07511e-06 7.54955e-06 6.38241e-06 2.95103e-06 -2.14153e-06 7.60342e-06 6.43733e-06 2.89612e-06 -2.21008e-06 7.66038e-06 6.49401e-06 2.83945e-06 -2.28082e-06 7.72058e-06 6.5525e-06 2.78096e-06 -2.35382e-06 7.78418e-06 6.61286e-06 2.7206e-06 -2.42917e-06 7.85136e-06 6.67515e-06 2.65831e-06 -2.50692e-06 7.92227e-06 6.73944e-06 2.59403e-06 -2.58716e-06 7.99711e-06 6.80579e-06 2.52769e-06 -2.66997e-06 8.07605e-06 6.87426e-06 2.45922e-06 -2.75543e-06 8.15929e-06 6.94492e-06 2.38856e-06 -2.84363e-06 8.24702e-06 7.01784e-06 2.31565e-06 -2.93465e-06 8.33944e-06 7.0931e-06 2.24039e-06 -3.02858e-06 8.43675e-06 7.17077e-06 2.16273e-06 -3.12552e-06 8.53918e-06 7.25092e-06 2.08259e-06 -3.22557e-06 8.64693e-06 7.33364e-06 1.99987e-06 -3.32881e-06 8.76024e-06 7.419e-06 1.91452e-06 -3.43536e-06 8.87932e-06 7.5071e-06 1.82642e-06 -3.54532e-06 9.00442e-06 7.59801e-06 1.73551e-06 -3.6588e-06 9.13577e-06 7.69184e-06 1.64169e-06 -3.77591e-06 9.27362e-06 7.78867e-06 1.54487e-06 -3.89677e-06 9.41822e-06 7.8886e-06 1.44494e-06 -4.0215e-06 9.56982e-06 7.99173e-06 1.34182e-06 -4.15022e-06 9.72868e-06 8.09816e-06 1.2354e-06 -4.28306e-06 9.89506e-06 8.208e-06 1.12557e-06 -4.42016e-06 1.00693e-05 8.32135e-06 1.01223e-06 -4.56164e-06 1.02515e-05 8.43833e-06 8.95254e-07 -4.70765e-06 1.04421e-05 8.55905e-06 7.74537e-07 -4.85833e-06 1.06414e-05 8.68364e-06 6.49957e-07 -5.01384e-06 1.08496e-05 8.81222e-06 5.21389e-07 -5.17432e-06 1.1067e-05 8.94491e-06 3.88706e-07 -5.33995e-06 1.1294e-05 9.08185e-06 2.51775e-07 -5.51087e-06 1.15308e-05 9.22317e-06 1.10462e-07 -5.68726e-06 1.17778e-05 9.36902e-06 -3.5374e-08 -5.8693e-06 1.20353e-05 9.51953e-06 -1.85878e-07 -6.05717e-06 1.23036e-05 9.67486e-06 -3.412e-07 -6.25105e-06 1.25831e-05 9.83517e-06 -5.01493e-07 -6.45113e-06 1.28741e-05 1.00006e-05 -6.66917e-07 -6.65762e-06 1.31769e-05 6.09611e-06 3.23732e-06 -1.67361e-06 7.28316e-06 6.14186e-06 3.19157e-06 -1.72718e-06 7.32145e-06 6.18908e-06 3.14435e-06 -1.78246e-06 7.36202e-06 6.23781e-06 3.09562e-06 -1.83951e-06 7.40499e-06 6.2881e-06 3.04534e-06 -1.89839e-06 7.45047e-06 6.34e-06 2.99344e-06 -1.95916e-06 7.49861e-06 6.39356e-06 2.93988e-06 -2.02187e-06 7.54955e-06 6.44883e-06 2.88461e-06 -2.08658e-06 7.60342e-06 6.50588e-06 2.82757e-06 -2.15337e-06 7.66038e-06 6.56475e-06 2.76871e-06 -2.2223e-06 7.72058e-06 6.6255e-06 2.70795e-06 -2.29343e-06 7.78418e-06 6.6882e-06 2.64526e-06 -2.36684e-06 7.85136e-06 6.75291e-06 2.58056e-06 -2.4426e-06 7.92227e-06 6.81969e-06 2.51379e-06 -2.52078e-06 7.99711e-06 6.8886e-06 2.44488e-06 -2.60147e-06 8.07605e-06 6.95972e-06 2.37376e-06 -2.68473e-06 8.15929e-06 7.03312e-06 2.30037e-06 -2.77067e-06 8.24702e-06 7.10886e-06 2.22463e-06 -2.85935e-06 8.33944e-06 7.18703e-06 2.14646e-06 -2.95088e-06 8.43675e-06 7.26771e-06 2.06579e-06 -3.04533e-06 8.53918e-06 7.35096e-06 1.98254e-06 -3.1428e-06 8.64693e-06 7.43688e-06 1.89663e-06 -3.2434e-06 8.76024e-06 7.52555e-06 1.80797e-06 -3.34721e-06 8.87932e-06 7.61706e-06 1.71646e-06 -3.45435e-06 9.00442e-06 7.71149e-06 1.62203e-06 -3.56492e-06 9.13577e-06 7.80895e-06 1.52458e-06 -3.67903e-06 9.27362e-06 7.90953e-06 1.42401e-06 -3.79679e-06 9.41822e-06 8.01333e-06 1.32022e-06 -3.91832e-06 9.56982e-06 8.12045e-06 1.2131e-06 -4.04374e-06 9.72868e-06 8.231e-06 1.10256e-06 -4.17317e-06 9.89506e-06 8.34509e-06 9.88477e-07 -4.30674e-06 1.00693e-05 8.46283e-06 8.70745e-07 -4.4446e-06 1.02515e-05 8.58434e-06 7.49244e-07 -4.58686e-06 1.04421e-05 8.70974e-06 6.23854e-07 -4.73368e-06 1.06414e-05 8.83915e-06 4.9445e-07 -4.88519e-06 1.08496e-05 8.9727e-06 3.60905e-07 -5.04156e-06 1.1067e-05 9.11053e-06 2.23085e-07 -5.20293e-06 1.1294e-05 9.25277e-06 8.08534e-08 -5.36947e-06 1.15308e-05 9.39957e-06 -6.59306e-08 -5.54134e-06 1.17778e-05 9.55106e-06 -2.17413e-07 -5.7187e-06 1.20353e-05 9.7074e-06 -3.73744e-07 -5.90175e-06 1.23036e-05 9.86874e-06 -5.35079e-07 -6.09066e-06 1.25831e-05 1.00353e-05 -7.01578e-07 -6.28561e-06 1.28741e-05 1.02071e-05 -8.73406e-07 -6.4868e-06 1.31769e-05 6.14797e-06 3.18545e-06 -1.62788e-06 7.28316e-06 6.19539e-06 3.13804e-06 -1.67999e-06 7.32145e-06 6.24432e-06 3.08911e-06 -1.73376e-06 7.36202e-06 6.29482e-06 3.03862e-06 -1.78926e-06 7.40499e-06 6.34693e-06 2.98651e-06 -1.84653e-06 7.45047e-06 6.40071e-06 2.93273e-06 -1.90563e-06 7.49861e-06 6.45622e-06 2.87723e-06 -1.96663e-06 7.54955e-06 6.5135e-06 2.81995e-06 -2.02958e-06 7.60342e-06 6.57261e-06 2.76084e-06 -2.09454e-06 7.66038e-06 6.63362e-06 2.69984e-06 -2.16158e-06 7.72058e-06 6.69658e-06 2.63688e-06 -2.23077e-06 7.78418e-06 6.76155e-06 2.57191e-06 -2.30217e-06 7.85136e-06 6.8286e-06 2.50486e-06 -2.37586e-06 7.92227e-06 6.8978e-06 2.43567e-06 -2.45191e-06 7.99711e-06 6.96922e-06 2.36426e-06 -2.53039e-06 8.07605e-06 7.04292e-06 2.29056e-06 -2.61139e-06 8.15929e-06 7.11898e-06 2.21451e-06 -2.69497e-06 8.24702e-06 7.19747e-06 2.13602e-06 -2.78123e-06 8.33944e-06 7.27848e-06 2.05502e-06 -2.87026e-06 8.43675e-06 7.36208e-06 1.97142e-06 -2.96213e-06 8.53918e-06 7.44835e-06 1.88515e-06 -3.05694e-06 8.64693e-06 7.53739e-06 1.79612e-06 -3.15479e-06 8.76024e-06 7.62928e-06 1.70424e-06 -3.25577e-06 8.87932e-06 7.72411e-06 1.60942e-06 -3.35998e-06 9.00442e-06 7.82197e-06 1.51156e-06 -3.46753e-06 9.13577e-06 7.92296e-06 1.41057e-06 -3.57851e-06 9.27362e-06 8.02719e-06 1.30635e-06 -3.69306e-06 9.41822e-06 8.13476e-06 1.19879e-06 -3.81127e-06 9.56982e-06 8.24577e-06 1.08779e-06 -3.93326e-06 9.72868e-06 8.36033e-06 9.73235e-07 -4.05915e-06 9.89506e-06 8.47855e-06 8.55014e-07 -4.18908e-06 1.00693e-05 8.60057e-06 7.3301e-07 -4.32317e-06 1.02515e-05 8.72648e-06 6.071e-07 -4.46154e-06 1.04421e-05 8.85643e-06 4.7716e-07 -4.60435e-06 1.06414e-05 8.99054e-06 3.43062e-07 -4.75173e-06 1.08496e-05 9.12894e-06 2.0467e-07 -4.90382e-06 1.1067e-05 9.27177e-06 6.18495e-08 -5.06078e-06 1.1294e-05 9.41917e-06 -8.55428e-08 -5.22277e-06 1.15308e-05 9.57129e-06 -2.37653e-07 -5.38994e-06 1.17778e-05 9.72828e-06 -3.94632e-07 -5.56247e-06 1.20353e-05 9.89029e-06 -5.56635e-07 -5.74051e-06 1.23036e-05 1.00575e-05 -7.23824e-07 -5.92425e-06 1.25831e-05 1.023e-05 -8.96365e-07 -6.11388e-06 1.28741e-05 1.04081e-05 -1.07443e-06 -6.30957e-06 1.31769e-05 6.19837e-06 3.13505e-06 -1.58055e-06 7.28316e-06 6.2474e-06 3.08603e-06 -1.63114e-06 7.32145e-06 6.298e-06 3.03543e-06 -1.68335e-06 7.36202e-06 6.35021e-06 2.98322e-06 -1.73723e-06 7.40499e-06 6.4041e-06 2.92933e-06 -1.79284e-06 7.45047e-06 6.45971e-06 2.87373e-06 -1.85023e-06 7.49861e-06 6.51711e-06 2.81634e-06 -1.90945e-06 7.54955e-06 6.57634e-06 2.75711e-06 -1.97057e-06 7.60342e-06 6.63746e-06 2.69599e-06 -2.03364e-06 7.66038e-06 6.70054e-06 2.63291e-06 -2.09873e-06 7.72058e-06 6.76564e-06 2.56781e-06 -2.16591e-06 7.78418e-06 6.83283e-06 2.50063e-06 -2.23524e-06 7.85136e-06 6.90216e-06 2.4313e-06 -2.30678e-06 7.92227e-06 6.97372e-06 2.35975e-06 -2.38062e-06 7.99711e-06 7.04756e-06 2.28591e-06 -2.45682e-06 8.07605e-06 7.12377e-06 2.20971e-06 -2.53546e-06 8.15929e-06 7.20242e-06 2.13107e-06 -2.61661e-06 8.24702e-06 7.28358e-06 2.04991e-06 -2.70037e-06 8.33944e-06 7.36735e-06 1.96615e-06 -2.7868e-06 8.43675e-06 7.45379e-06 1.87971e-06 -2.876e-06 8.53918e-06 7.543e-06 1.7905e-06 -2.96806e-06 8.64693e-06 7.63507e-06 1.69844e-06 -3.06306e-06 8.76024e-06 7.73008e-06 1.60343e-06 -3.1611e-06 8.87932e-06 7.82814e-06 1.50539e-06 -3.26229e-06 9.00442e-06 7.92933e-06 1.4042e-06 -3.36671e-06 9.13577e-06 8.03376e-06 1.29977e-06 -3.47447e-06 9.27362e-06 8.14154e-06 1.192e-06 -3.58568e-06 9.41822e-06 8.25276e-06 1.08079e-06 -3.70045e-06 9.56982e-06 8.36755e-06 9.66008e-07 -3.8189e-06 9.72868e-06 8.486e-06 8.47556e-07 -3.94113e-06 9.89506e-06 8.60825e-06 7.25313e-07 -4.06728e-06 1.00693e-05 8.73442e-06 5.99157e-07 -4.19747e-06 1.02515e-05 8.86462e-06 4.68963e-07 -4.33182e-06 1.04421e-05 8.99899e-06 3.34601e-07 -4.47048e-06 1.06414e-05 9.13766e-06 1.9594e-07 -4.61357e-06 1.08496e-05 9.28077e-06 5.28395e-08 -4.76124e-06 1.1067e-05 9.42846e-06 -9.48413e-08 -4.91364e-06 1.1294e-05 9.58087e-06 -2.47249e-07 -5.07092e-06 1.15308e-05 9.73817e-06 -4.04535e-07 -5.23323e-06 1.17778e-05 9.9005e-06 -5.66855e-07 -5.40074e-06 1.20353e-05 1.0068e-05 -7.34371e-07 -5.5736e-06 1.23036e-05 1.02409e-05 -9.07249e-07 -5.75201e-06 1.25831e-05 1.04193e-05 -1.08566e-06 -5.93612e-06 1.28741e-05 1.06035e-05 -1.26978e-06 -6.12612e-06 1.31769e-05 6.24726e-06 3.08616e-06 -1.53166e-06 7.28316e-06 6.29786e-06 3.03557e-06 -1.58069e-06 7.32145e-06 6.35007e-06 2.98336e-06 -1.63128e-06 7.36202e-06 6.40395e-06 2.92948e-06 -1.6835e-06 7.40499e-06 6.45956e-06 2.87388e-06 -1.73738e-06 7.45047e-06 6.51695e-06 2.81649e-06 -1.79299e-06 7.49861e-06 6.57617e-06 2.75727e-06 -1.85038e-06 7.54955e-06 6.63729e-06 2.69616e-06 -1.90961e-06 7.60342e-06 6.70037e-06 2.63308e-06 -1.97074e-06 7.66038e-06 6.76546e-06 2.56799e-06 -2.03382e-06 7.72058e-06 6.83264e-06 2.50082e-06 -2.09891e-06 7.78418e-06 6.90197e-06 2.43149e-06 -2.1661e-06 7.85136e-06 6.97352e-06 2.35995e-06 -2.23543e-06 7.92227e-06 7.04736e-06 2.28611e-06 -2.30698e-06 7.99711e-06 7.12356e-06 2.20992e-06 -2.38082e-06 8.07605e-06 7.2022e-06 2.13128e-06 -2.45703e-06 8.15929e-06 7.28336e-06 2.05013e-06 -2.53568e-06 8.24702e-06 7.36711e-06 1.96638e-06 -2.61684e-06 8.33944e-06 7.45355e-06 1.87994e-06 -2.7006e-06 8.43675e-06 7.54275e-06 1.79075e-06 -2.78704e-06 8.53918e-06 7.63481e-06 1.69869e-06 -2.87625e-06 8.64693e-06 7.72982e-06 1.60369e-06 -2.96831e-06 8.76024e-06 7.82786e-06 1.50565e-06 -3.06332e-06 8.87932e-06 7.92905e-06 1.40447e-06 -3.16138e-06 9.00442e-06 8.03347e-06 1.30006e-06 -3.26257e-06 9.13577e-06 8.14124e-06 1.1923e-06 -3.36699e-06 9.27362e-06 8.25245e-06 1.08109e-06 -3.47477e-06 9.41822e-06 8.36723e-06 9.66321e-07 -3.58599e-06 9.56982e-06 8.48567e-06 8.4788e-07 -3.70077e-06 9.72868e-06 8.60791e-06 7.25647e-07 -3.81922e-06 9.89506e-06 8.73407e-06 5.99501e-07 -3.94147e-06 1.00693e-05 8.86426e-06 4.69318e-07 -4.06763e-06 1.02515e-05 8.99861e-06 3.34968e-07 -4.19783e-06 1.04421e-05 9.13727e-06 1.96318e-07 -4.33219e-06 1.06414e-05 9.28037e-06 5.323e-08 -4.47086e-06 1.08496e-05 9.42805e-06 -9.44381e-08 -4.61396e-06 1.1067e-05 9.58045e-06 -2.46833e-07 -4.76165e-06 1.1294e-05 9.73773e-06 -4.04106e-07 -4.91406e-06 1.15308e-05 9.90005e-06 -5.66412e-07 -5.07135e-06 1.17778e-05 1.00676e-05 -7.33914e-07 -5.23368e-06 1.20353e-05 1.02404e-05 -9.06777e-07 -5.4012e-06 1.23036e-05 1.04188e-05 -1.08517e-06 -5.57408e-06 1.25831e-05 1.0603e-05 -1.26928e-06 -5.7525e-06 1.28741e-05 1.0793e-05 -1.45928e-06 -5.93663e-06 1.31769e-05 6.2946e-06 3.03883e-06 -1.48126e-06 7.28316e-06 6.3467e-06 2.98672e-06 -1.52867e-06 7.32145e-06 6.40048e-06 2.93295e-06 -1.5776e-06 7.36202e-06 6.45597e-06 2.87746e-06 -1.6281e-06 7.40499e-06 6.51325e-06 2.82019e-06 -1.68021e-06 7.45047e-06 6.57235e-06 2.76109e-06 -1.73399e-06 7.49861e-06 6.63335e-06 2.70009e-06 -1.78949e-06 7.54955e-06 6.6963e-06 2.63715e-06 -1.84677e-06 7.60342e-06 6.76127e-06 2.57218e-06 -1.90588e-06 7.66038e-06 6.82831e-06 2.50514e-06 -1.96689e-06 7.72058e-06 6.8975e-06 2.43596e-06 -2.02985e-06 7.78418e-06 6.96891e-06 2.36456e-06 -2.09482e-06 7.85136e-06 7.0426e-06 2.29087e-06 -2.16187e-06 7.92227e-06 7.11865e-06 2.21482e-06 -2.23107e-06 7.99711e-06 7.19713e-06 2.13635e-06 -2.30248e-06 8.07605e-06 7.27813e-06 2.05535e-06 -2.37618e-06 8.15929e-06 7.36171e-06 1.97177e-06 -2.45224e-06 8.24702e-06 7.44798e-06 1.88551e-06 -2.53073e-06 8.33944e-06 7.537e-06 1.79649e-06 -2.61173e-06 8.43675e-06 7.62888e-06 1.70462e-06 -2.69533e-06 8.53918e-06 7.72369e-06 1.60981e-06 -2.7816e-06 8.64693e-06 7.82154e-06 1.51197e-06 -2.87064e-06 8.76024e-06 7.92252e-06 1.41099e-06 -2.96252e-06 8.87932e-06 8.02674e-06 1.30678e-06 -3.05734e-06 9.00442e-06 8.13429e-06 1.19924e-06 -3.15521e-06 9.13577e-06 8.24528e-06 1.08825e-06 -3.2562e-06 9.27362e-06 8.35983e-06 9.73714e-07 -3.36042e-06 9.41822e-06 8.47804e-06 8.55508e-07 -3.46798e-06 9.56982e-06 8.60003e-06 7.3352e-07 -3.57899e-06 9.72868e-06 8.72593e-06 6.07627e-07 -3.69355e-06 9.89506e-06 8.85586e-06 4.77704e-07 -3.81177e-06 1.00693e-05 8.98995e-06 3.43622e-07 -3.93378e-06 1.02515e-05 9.12833e-06 2.05249e-07 -4.05969e-06 1.04421e-05 9.27114e-06 6.24465e-08 -4.18964e-06 1.06414e-05 9.41853e-06 -8.49267e-08 -4.32374e-06 1.08496e-05 9.57062e-06 -2.37017e-07 -4.46213e-06 1.1067e-05 9.72759e-06 -3.93975e-07 -4.60496e-06 1.1294e-05 9.88958e-06 -5.55958e-07 -4.75236e-06 1.15308e-05 1.00568e-05 -7.23125e-07 -4.90447e-06 1.17778e-05 1.02293e-05 -8.95643e-07 -5.06145e-06 1.20353e-05 1.04073e-05 -1.07368e-06 -5.22346e-06 1.23036e-05 1.05911e-05 -1.25742e-06 -5.39066e-06 1.25831e-05 1.07807e-05 -1.44704e-06 -5.5632e-06 1.28741e-05 1.09764e-05 -1.64273e-06 -5.74127e-06 1.31769e-05 6.34032e-06 2.9931e-06 -1.4294e-06 7.28316e-06 6.39389e-06 2.93954e-06 -1.47515e-06 7.32145e-06 6.44918e-06 2.88425e-06 -1.52237e-06 7.36202e-06 6.50623e-06 2.8272e-06 -1.57109e-06 7.40499e-06 6.56511e-06 2.76832e-06 -1.62138e-06 7.45047e-06 6.62588e-06 2.70756e-06 -1.67328e-06 7.49861e-06 6.68859e-06 2.64485e-06 -1.72684e-06 7.54955e-06 6.75331e-06 2.58014e-06 -1.78211e-06 7.60342e-06 6.8201e-06 2.51335e-06 -1.83915e-06 7.66038e-06 6.88902e-06 2.44443e-06 -1.89802e-06 7.72058e-06 6.96016e-06 2.3733e-06 -1.95877e-06 7.78418e-06 7.03357e-06 2.29989e-06 -2.02147e-06 7.85136e-06 7.10933e-06 2.22414e-06 -2.08617e-06 7.92227e-06 7.18752e-06 2.14595e-06 -2.15295e-06 7.99711e-06 7.2682e-06 2.06527e-06 -2.22186e-06 8.07605e-06 7.35147e-06 1.98201e-06 -2.29298e-06 8.15929e-06 7.43741e-06 1.89607e-06 -2.36637e-06 8.24702e-06 7.5261e-06 1.80739e-06 -2.44212e-06 8.33944e-06 7.61762e-06 1.71587e-06 -2.52029e-06 8.43675e-06 7.71208e-06 1.62142e-06 -2.60096e-06 8.53918e-06 7.80956e-06 1.52395e-06 -2.68421e-06 8.64693e-06 7.91015e-06 1.42336e-06 -2.77012e-06 8.76024e-06 8.01397e-06 1.31954e-06 -2.85879e-06 8.87932e-06 8.12111e-06 1.21241e-06 -2.9503e-06 9.00442e-06 8.23168e-06 1.10184e-06 -3.04473e-06 9.13577e-06 8.34579e-06 9.87739e-07 -3.14219e-06 9.27362e-06 8.46356e-06 8.69983e-07 -3.24276e-06 9.41822e-06 8.58509e-06 7.48457e-07 -3.34656e-06 9.56982e-06 8.71051e-06 6.23042e-07 -3.45368e-06 9.72868e-06 8.83995e-06 4.93612e-07 -3.56422e-06 9.89506e-06 8.97353e-06 3.6004e-07 -3.67831e-06 1.00693e-05 9.11138e-06 2.22192e-07 -3.79604e-06 1.02515e-05 9.25365e-06 7.99323e-08 -3.91755e-06 1.04421e-05 9.40047e-06 -6.6881e-08 -4.04294e-06 1.06414e-05 9.55199e-06 -2.18394e-07 -4.17235e-06 1.08496e-05 9.70836e-06 -3.74756e-07 -4.3059e-06 1.1067e-05 9.86974e-06 -5.36124e-07 -4.44372e-06 1.1294e-05 1.00363e-05 -7.02656e-07 -4.58596e-06 1.15308e-05 1.02082e-05 -8.74518e-07 -4.73275e-06 1.17778e-05 1.03855e-05 -1.05188e-06 -4.88424e-06 1.20353e-05 1.05686e-05 -1.23492e-06 -5.04057e-06 1.23036e-05 1.07575e-05 -1.42382e-06 -5.20191e-06 1.25831e-05 1.09524e-05 -1.61877e-06 -5.36842e-06 1.28741e-05 1.11536e-05 -1.81996e-06 -5.54025e-06 1.31769e-05 6.38439e-06 2.94903e-06 -1.37612e-06 7.28316e-06 6.43937e-06 2.89405e-06 -1.42017e-06 7.32145e-06 6.49611e-06 2.83732e-06 -1.46563e-06 7.36202e-06 6.55467e-06 2.77876e-06 -1.51254e-06 7.40499e-06 6.6151e-06 2.71833e-06 -1.56095e-06 7.45047e-06 6.67747e-06 2.65597e-06 -1.61091e-06 7.49861e-06 6.74183e-06 2.59161e-06 -1.66248e-06 7.54955e-06 6.80826e-06 2.52519e-06 -1.71569e-06 7.60342e-06 6.8768e-06 2.45665e-06 -1.77061e-06 7.66038e-06 6.94755e-06 2.38591e-06 -1.82728e-06 7.72058e-06 7.02055e-06 2.3129e-06 -1.88577e-06 7.78418e-06 7.0959e-06 2.23756e-06 -1.94613e-06 7.85136e-06 7.17365e-06 2.15981e-06 -2.00842e-06 7.92227e-06 7.2539e-06 2.07957e-06 -2.07271e-06 7.99711e-06 7.33671e-06 1.99676e-06 -2.13905e-06 8.07605e-06 7.42217e-06 1.91131e-06 -2.20752e-06 8.15929e-06 7.51037e-06 1.82311e-06 -2.27818e-06 8.24702e-06 7.60139e-06 1.73209e-06 -2.3511e-06 8.33944e-06 7.69533e-06 1.63816e-06 -2.42635e-06 8.43675e-06 7.79227e-06 1.54123e-06 -2.50402e-06 8.53918e-06 7.89232e-06 1.44119e-06 -2.58417e-06 8.64693e-06 7.99557e-06 1.33794e-06 -2.66688e-06 8.76024e-06 8.10212e-06 1.2314e-06 -2.75224e-06 8.87932e-06 8.21208e-06 1.12144e-06 -2.84034e-06 9.00442e-06 8.32556e-06 1.00796e-06 -2.93125e-06 9.13577e-06 8.44268e-06 8.90856e-07 -3.02508e-06 9.27362e-06 8.56354e-06 7.69998e-07 -3.1219e-06 9.41822e-06 8.68827e-06 6.45273e-07 -3.22183e-06 9.56982e-06 8.817e-06 5.16555e-07 -3.32495e-06 9.72868e-06 8.94984e-06 3.83717e-07 -3.43138e-06 9.89506e-06 9.08694e-06 2.46627e-07 -3.54121e-06 1.00693e-05 9.22843e-06 1.05149e-07 -3.65456e-06 1.02515e-05 9.37444e-06 -4.08576e-08 -3.77154e-06 1.04421e-05 9.52513e-06 -1.91537e-07 -3.89226e-06 1.06414e-05 9.68064e-06 -3.4704e-07 -4.01684e-06 1.08496e-05 9.84113e-06 -5.0752e-07 -4.14542e-06 1.1067e-05 1.00068e-05 -6.73137e-07 -4.2781e-06 1.1294e-05 1.01777e-05 -8.44055e-07 -4.41504e-06 1.15308e-05 1.03541e-05 -1.02044e-06 -4.55636e-06 1.17778e-05 1.05361e-05 -1.20248e-06 -4.7022e-06 1.20353e-05 1.0724e-05 -1.39034e-06 -4.85271e-06 1.23036e-05 1.09179e-05 -1.58421e-06 -5.00803e-06 1.25831e-05 1.1118e-05 -1.78429e-06 -5.16833e-06 1.28741e-05 1.13245e-05 -1.99078e-06 -5.33376e-06 1.31769e-05 6.42677e-06 2.90665e-06 -1.32149e-06 7.28316e-06 6.48311e-06 2.85032e-06 -1.36379e-06 7.32145e-06 6.54125e-06 2.79218e-06 -1.40744e-06 7.36202e-06 6.60125e-06 2.73218e-06 -1.45249e-06 7.40499e-06 6.66317e-06 2.67026e-06 -1.49898e-06 7.45047e-06 6.72708e-06 2.60636e-06 -1.54696e-06 7.49861e-06 6.79303e-06 2.54041e-06 -1.59648e-06 7.54955e-06 6.86109e-06 2.47236e-06 -1.64758e-06 7.60342e-06 6.93133e-06 2.40212e-06 -1.70031e-06 7.66038e-06 7.00382e-06 2.32964e-06 -1.75474e-06 7.72058e-06 7.07863e-06 2.25483e-06 -1.8109e-06 7.78418e-06 7.15583e-06 2.17763e-06 -1.86887e-06 7.85136e-06 7.2355e-06 2.09796e-06 -1.92869e-06 7.92227e-06 7.31773e-06 2.01574e-06 -1.99042e-06 7.99711e-06 7.40258e-06 1.93089e-06 -2.05413e-06 8.07605e-06 7.49015e-06 1.84333e-06 -2.11988e-06 8.15929e-06 7.58053e-06 1.75296e-06 -2.18773e-06 8.24702e-06 7.6738e-06 1.65969e-06 -2.25776e-06 8.33944e-06 7.77005e-06 1.56344e-06 -2.33003e-06 8.43675e-06 7.86938e-06 1.46412e-06 -2.40461e-06 8.53918e-06 7.9719e-06 1.36161e-06 -2.48157e-06 8.64693e-06 8.07769e-06 1.25582e-06 -2.561e-06 8.76024e-06 8.18687e-06 1.14664e-06 -2.64298e-06 8.87932e-06 8.29955e-06 1.03397e-06 -2.72757e-06 9.00442e-06 8.41583e-06 9.17697e-07 -2.81488e-06 9.13577e-06 8.53583e-06 7.97699e-07 -2.90498e-06 9.27362e-06 8.65968e-06 6.7386e-07 -2.99796e-06 9.41822e-06 8.78749e-06 5.46057e-07 -3.09392e-06 9.56982e-06 8.91939e-06 4.14163e-07 -3.19295e-06 9.72868e-06 9.05551e-06 2.78048e-07 -3.29515e-06 9.89506e-06 9.19599e-06 1.37576e-07 -3.40063e-06 1.00693e-05 9.34097e-06 -7.39281e-09 -3.50947e-06 1.02515e-05 9.49058e-06 -1.57001e-07 -3.62181e-06 1.04421e-05 9.64499e-06 -3.11399e-07 -3.73773e-06 1.06414e-05 9.80434e-06 -4.70738e-07 -3.85737e-06 1.08496e-05 9.96878e-06 -6.35177e-07 -3.98084e-06 1.1067e-05 1.01385e-05 -8.0488e-07 -4.10826e-06 1.1294e-05 1.03136e-05 -9.80015e-07 -4.23976e-06 1.15308e-05 1.04944e-05 -1.16076e-06 -4.37547e-06 1.17778e-05 1.06809e-05 -1.34728e-06 -4.51552e-06 1.20353e-05 1.08734e-05 -1.53978e-06 -4.66005e-06 1.23036e-05 1.10721e-05 -1.73844e-06 -4.80921e-06 1.25831e-05 1.12771e-05 -1.94345e-06 -4.96315e-06 1.28741e-05 1.14887e-05 -2.15503e-06 -5.12201e-06 1.31769e-05 6.46741e-06 2.86601e-06 -1.26555e-06 7.28316e-06 6.52505e-06 2.80838e-06 -1.30606e-06 7.32145e-06 6.58453e-06 2.7489e-06 -1.34786e-06 7.36202e-06 6.64592e-06 2.68751e-06 -1.39101e-06 7.40499e-06 6.70927e-06 2.62416e-06 -1.43553e-06 7.45047e-06 6.77465e-06 2.55879e-06 -1.48148e-06 7.49861e-06 6.84213e-06 2.49132e-06 -1.5289e-06 7.54955e-06 6.91176e-06 2.42169e-06 -1.57784e-06 7.60342e-06 6.98362e-06 2.34983e-06 -1.62834e-06 7.66038e-06 7.05778e-06 2.27567e-06 -1.68046e-06 7.72058e-06 7.13432e-06 2.19914e-06 -1.73425e-06 7.78418e-06 7.2133e-06 2.12016e-06 -1.78976e-06 7.85136e-06 7.29482e-06 2.03865e-06 -1.84705e-06 7.92227e-06 7.37894e-06 1.95453e-06 -1.90617e-06 7.99711e-06 7.46575e-06 1.86772e-06 -1.96718e-06 8.07605e-06 7.55535e-06 1.77813e-06 -2.03015e-06 8.15929e-06 7.64781e-06 1.68567e-06 -2.09513e-06 8.24702e-06 7.74323e-06 1.59026e-06 -2.16219e-06 8.33944e-06 7.84171e-06 1.49179e-06 -2.2314e-06 8.43675e-06 7.94333e-06 1.39017e-06 -2.30282e-06 8.53918e-06 8.04821e-06 1.28529e-06 -2.37653e-06 8.64693e-06 8.15645e-06 1.17706e-06 -2.4526e-06 8.76024e-06 8.26815e-06 1.06536e-06 -2.5311e-06 8.87932e-06 8.38343e-06 9.5009e-07 -2.61212e-06 9.00442e-06 8.5024e-06 8.31129e-07 -2.69573e-06 9.13577e-06 8.62517e-06 7.0836e-07 -2.78201e-06 9.27362e-06 8.75188e-06 5.81662e-07 -2.87106e-06 9.41822e-06 8.88264e-06 4.50908e-07 -2.96296e-06 9.56982e-06 9.01758e-06 3.15968e-07 -3.0578e-06 9.72868e-06 9.15685e-06 1.7671e-07 -3.15567e-06 9.89506e-06 9.30057e-06 3.29943e-08 -3.25668e-06 1.00693e-05 9.4489e-06 -1.15322e-07 -3.36092e-06 1.02515e-05 9.60197e-06 -2.68385e-07 -3.4685e-06 1.04421e-05 9.75994e-06 -4.26347e-07 -3.57952e-06 1.06414e-05 9.92296e-06 -5.89366e-07 -3.6941e-06 1.08496e-05 1.00912e-05 -7.57603e-07 -3.81234e-06 1.1067e-05 1.02648e-05 -9.31224e-07 -3.93436e-06 1.1294e-05 1.0444e-05 -1.1104e-06 -4.0603e-06 1.15308e-05 1.0629e-05 -1.29532e-06 -4.19026e-06 1.17778e-05 1.08198e-05 -1.48615e-06 -4.32438e-06 1.20353e-05 1.10167e-05 -1.68309e-06 -4.4628e-06 1.23036e-05 1.122e-05 -1.88634e-06 -4.60564e-06 1.25831e-05 1.14298e-05 -2.09609e-06 -4.75306e-06 1.28741e-05 1.16462e-05 -2.31255e-06 -4.9052e-06 1.31769e-05 6.50627e-06 2.82715e-06 -1.20837e-06 7.28316e-06 6.56516e-06 2.76827e-06 -1.24704e-06 7.32145e-06 6.62592e-06 2.70751e-06 -1.28696e-06 7.36202e-06 6.68864e-06 2.6448e-06 -1.32815e-06 7.40499e-06 6.75336e-06 2.58008e-06 -1.37066e-06 7.45047e-06 6.82015e-06 2.51329e-06 -1.41454e-06 7.49861e-06 6.88908e-06 2.44437e-06 -1.45981e-06 7.54955e-06 6.96021e-06 2.37323e-06 -1.50654e-06 7.60342e-06 7.03362e-06 2.29983e-06 -1.55476e-06 7.66038e-06 7.10939e-06 2.22407e-06 -1.60453e-06 7.72058e-06 7.18757e-06 2.14588e-06 -1.65589e-06 7.78418e-06 7.26826e-06 2.0652e-06 -1.70889e-06 7.85136e-06 7.35154e-06 1.98193e-06 -1.76359e-06 7.92227e-06 7.43747e-06 1.896e-06 -1.82004e-06 7.99711e-06 7.52616e-06 1.80731e-06 -1.87829e-06 8.07605e-06 7.61769e-06 1.71579e-06 -1.93841e-06 8.15929e-06 7.71215e-06 1.62134e-06 -2.00046e-06 8.24702e-06 7.80963e-06 1.52386e-06 -2.06449e-06 8.33944e-06 7.91023e-06 1.42326e-06 -2.13057e-06 8.43675e-06 8.01405e-06 1.31945e-06 -2.19877e-06 8.53918e-06 8.12119e-06 1.21231e-06 -2.26914e-06 8.64693e-06 8.23177e-06 1.10174e-06 -2.34178e-06 8.76024e-06 8.34588e-06 9.87635e-07 -2.41673e-06 8.87932e-06 8.46365e-06 8.69876e-07 -2.49409e-06 9.00442e-06 8.58518e-06 7.48347e-07 -2.57392e-06 9.13577e-06 8.71061e-06 6.22928e-07 -2.65631e-06 9.27362e-06 8.84004e-06 4.93495e-07 -2.74133e-06 9.41822e-06 8.97363e-06 3.59919e-07 -2.82907e-06 9.56982e-06 9.11149e-06 2.22067e-07 -2.91963e-06 9.72868e-06 9.25376e-06 7.98035e-08 -3.01308e-06 9.89506e-06 9.40058e-06 -6.70141e-08 -3.10952e-06 1.00693e-05 9.55211e-06 -2.18531e-07 -3.20905e-06 1.02515e-05 9.70848e-06 -3.74898e-07 -3.31177e-06 1.04421e-05 9.86986e-06 -5.3627e-07 -3.41778e-06 1.06414e-05 1.00364e-05 -7.02807e-07 -3.52717e-06 1.08496e-05 1.02083e-05 -8.74674e-07 -3.64007e-06 1.1067e-05 1.03857e-05 -1.05204e-06 -3.75658e-06 1.1294e-05 1.05687e-05 -1.23509e-06 -3.87683e-06 1.15308e-05 1.07576e-05 -1.42399e-06 -4.00092e-06 1.17778e-05 1.09526e-05 -1.61895e-06 -4.12898e-06 1.20353e-05 1.11538e-05 -1.82014e-06 -4.26114e-06 1.23036e-05 1.13614e-05 -2.02777e-06 -4.39753e-06 1.25831e-05 1.15757e-05 -2.24205e-06 -4.53829e-06 1.28741e-05 1.17969e-05 -2.46318e-06 -4.68355e-06 1.31769e-05 6.54332e-06 2.7901e-06 -1.14999e-06 7.28316e-06 6.60339e-06 2.73004e-06 -1.1868e-06 7.32145e-06 6.66538e-06 2.66805e-06 -1.22478e-06 7.36202e-06 6.72936e-06 2.60408e-06 -1.26399e-06 7.40499e-06 6.79538e-06 2.53806e-06 -1.30445e-06 7.45047e-06 6.86352e-06 2.46992e-06 -1.3462e-06 7.49861e-06 6.93383e-06 2.39961e-06 -1.38929e-06 7.54955e-06 7.0064e-06 2.32705e-06 -1.43376e-06 7.60342e-06 7.08129e-06 2.25216e-06 -1.47965e-06 7.66038e-06 7.15858e-06 2.17487e-06 -1.52701e-06 7.72058e-06 7.23834e-06 2.09512e-06 -1.57589e-06 7.78418e-06 7.32066e-06 2.0128e-06 -1.62633e-06 7.85136e-06 7.40561e-06 1.92786e-06 -1.67838e-06 7.92227e-06 7.49328e-06 1.84019e-06 -1.73211e-06 7.99711e-06 7.58375e-06 1.74972e-06 -1.78755e-06 8.07605e-06 7.67712e-06 1.65636e-06 -1.84476e-06 8.15929e-06 7.77348e-06 1.56e-06 -1.90381e-06 8.24702e-06 7.87292e-06 1.46056e-06 -1.96475e-06 8.33944e-06 7.97555e-06 1.35794e-06 -2.02764e-06 8.43675e-06 8.08146e-06 1.25204e-06 -2.09254e-06 8.53918e-06 8.19077e-06 1.14274e-06 -2.15952e-06 8.64693e-06 8.30357e-06 1.02994e-06 -2.22864e-06 8.76024e-06 8.41998e-06 9.13539e-07 -2.29998e-06 8.87932e-06 8.54011e-06 7.93408e-07 -2.37359e-06 9.00442e-06 8.6641e-06 6.69432e-07 -2.44957e-06 9.13577e-06 8.79205e-06 5.41487e-07 -2.52797e-06 9.27362e-06 8.92409e-06 4.09447e-07 -2.60889e-06 9.41822e-06 9.06037e-06 2.73181e-07 -2.6924e-06 9.56982e-06 9.201e-06 1.32553e-07 -2.77858e-06 9.72868e-06 9.34614e-06 -1.25762e-08 -2.86751e-06 9.89506e-06 9.49592e-06 -1.62351e-07 -2.9593e-06 1.00693e-05 9.65049e-06 -3.16919e-07 -3.05402e-06 1.02515e-05 9.81002e-06 -4.76435e-07 -3.15177e-06 1.04421e-05 9.97465e-06 -6.41057e-07 -3.25266e-06 1.06414e-05 1.01445e-05 -8.10948e-07 -3.35677e-06 1.08496e-05 1.03199e-05 -9.86277e-07 -3.46421e-06 1.1067e-05 1.05008e-05 -1.16722e-06 -3.5751e-06 1.1294e-05 1.06876e-05 -1.35395e-06 -3.68953e-06 1.15308e-05 1.08803e-05 -1.54666e-06 -3.80762e-06 1.17778e-05 1.10792e-05 -1.74554e-06 -3.9295e-06 1.20353e-05 1.12844e-05 -1.95078e-06 -4.05528e-06 1.23036e-05 1.14963e-05 -2.1626e-06 -4.18508e-06 1.25831e-05 1.17149e-05 -2.38119e-06 -4.31904e-06 1.28741e-05 1.19405e-05 -2.60678e-06 -4.45728e-06 1.31769e-05 6.57852e-06 2.75491e-06 -1.09047e-06 7.28316e-06 6.63971e-06 2.69371e-06 -1.12538e-06 7.32145e-06 6.70287e-06 2.63056e-06 -1.1614e-06 7.36202e-06 6.76804e-06 2.56539e-06 -1.19857e-06 7.40499e-06 6.8353e-06 2.49813e-06 -1.23694e-06 7.45047e-06 6.90472e-06 2.42872e-06 -1.27653e-06 7.49861e-06 6.97635e-06 2.35709e-06 -1.31739e-06 7.54955e-06 7.05028e-06 2.28316e-06 -1.35956e-06 7.60342e-06 7.12658e-06 2.20687e-06 -1.40308e-06 7.66038e-06 7.20532e-06 2.12814e-06 -1.44799e-06 7.72058e-06 7.28657e-06 2.04688e-06 -1.49433e-06 7.78418e-06 7.37043e-06 1.96303e-06 -1.54216e-06 7.85136e-06 7.45697e-06 1.87649e-06 -1.59153e-06 7.92227e-06 7.54629e-06 1.78718e-06 -1.64247e-06 7.99711e-06 7.63846e-06 1.69502e-06 -1.69504e-06 8.07605e-06 7.73358e-06 1.5999e-06 -1.7493e-06 8.15929e-06 7.83175e-06 1.50174e-06 -1.80529e-06 8.24702e-06 7.93306e-06 1.40043e-06 -1.86307e-06 8.33944e-06 8.03761e-06 1.29589e-06 -1.92271e-06 8.43675e-06 8.14551e-06 1.18799e-06 -1.98425e-06 8.53918e-06 8.25686e-06 1.07665e-06 -2.04776e-06 8.64693e-06 8.37177e-06 9.61736e-07 -2.11331e-06 8.76024e-06 8.49037e-06 8.43147e-07 -2.18095e-06 8.87932e-06 8.61276e-06 7.20763e-07 -2.25076e-06 9.00442e-06 8.73907e-06 5.94461e-07 -2.3228e-06 9.13577e-06 8.86942e-06 4.64117e-07 -2.39715e-06 9.27362e-06 9.00394e-06 3.29601e-07 -2.47388e-06 9.41822e-06 9.14277e-06 1.90779e-07 -2.55306e-06 9.56982e-06 9.28604e-06 4.75129e-08 -2.63478e-06 9.72868e-06 9.4339e-06 -1.00338e-07 -2.71912e-06 9.89506e-06 9.58649e-06 -2.52922e-07 -2.80615e-06 1.00693e-05 9.74396e-06 -4.10389e-07 -2.89597e-06 1.02515e-05 9.90648e-06 -5.72897e-07 -2.98867e-06 1.04421e-05 1.00742e-05 -7.40607e-07 -3.08433e-06 1.06414e-05 1.02473e-05 -9.13684e-07 -3.18305e-06 1.08496e-05 1.04259e-05 -1.0923e-06 -3.28494e-06 1.1067e-05 1.06103e-05 -1.27664e-06 -3.39008e-06 1.1294e-05 1.08005e-05 -1.46687e-06 -3.49859e-06 1.15308e-05 1.09968e-05 -1.6632e-06 -3.61058e-06 1.17778e-05 1.11994e-05 -1.8658e-06 -3.72614e-06 1.20353e-05 1.14086e-05 -2.0749e-06 -3.84541e-06 1.23036e-05 1.16243e-05 -2.29068e-06 -3.9685e-06 1.25831e-05 1.1847e-05 -2.51337e-06 -4.09552e-06 1.28741e-05 1.20769e-05 -2.7432e-06 -4.22661e-06 1.31769e-05 6.61183e-06 2.7216e-06 -1.02989e-06 7.28316e-06 6.67409e-06 2.65934e-06 -1.06285e-06 7.32145e-06 6.73834e-06 2.59509e-06 -1.09687e-06 7.36202e-06 6.80465e-06 2.52878e-06 -1.13198e-06 7.40499e-06 6.87309e-06 2.46035e-06 -1.16821e-06 7.45047e-06 6.94371e-06 2.38973e-06 -1.2056e-06 7.49861e-06 7.01659e-06 2.31685e-06 -1.24419e-06 7.54955e-06 7.09181e-06 2.24164e-06 -1.28402e-06 7.60342e-06 7.16944e-06 2.16401e-06 -1.32512e-06 7.66038e-06 7.24955e-06 2.08391e-06 -1.36753e-06 7.72058e-06 7.33222e-06 2.00124e-06 -1.4113e-06 7.78418e-06 7.41754e-06 1.91592e-06 -1.45648e-06 7.85136e-06 7.50559e-06 1.82788e-06 -1.5031e-06 7.92227e-06 7.59646e-06 1.73701e-06 -1.55121e-06 7.99711e-06 7.69024e-06 1.64324e-06 -1.60086e-06 8.07605e-06 7.78701e-06 1.54646e-06 -1.6521e-06 8.15929e-06 7.88689e-06 1.44659e-06 -1.70498e-06 8.24702e-06 7.98997e-06 1.34352e-06 -1.75956e-06 8.33944e-06 8.09634e-06 1.23715e-06 -1.81588e-06 8.43675e-06 8.20612e-06 1.12738e-06 -1.874e-06 8.53918e-06 8.31941e-06 1.0141e-06 -1.93398e-06 8.64693e-06 8.43633e-06 8.97183e-07 -1.99589e-06 8.76024e-06 8.55699e-06 7.76529e-07 -2.05977e-06 8.87932e-06 8.68151e-06 6.52012e-07 -2.1257e-06 9.00442e-06 8.81002e-06 5.2351e-07 -2.19374e-06 9.13577e-06 8.94264e-06 3.90895e-07 -2.26396e-06 9.27362e-06 9.07951e-06 2.54034e-07 -2.33642e-06 9.41822e-06 9.22075e-06 1.12794e-07 -2.41121e-06 9.56982e-06 9.36652e-06 -3.29682e-08 -2.48839e-06 9.72868e-06 9.51696e-06 -1.83395e-07 -2.56804e-06 9.89506e-06 9.6722e-06 -3.38638e-07 -2.65023e-06 1.00693e-05 9.83242e-06 -4.98849e-07 -2.73506e-06 1.02515e-05 9.99777e-06 -6.64188e-07 -2.82261e-06 1.04421e-05 1.01684e-05 -8.3482e-07 -2.91296e-06 1.06414e-05 1.03445e-05 -1.01091e-06 -3.00619e-06 1.08496e-05 1.05262e-05 -1.19264e-06 -3.10242e-06 1.1067e-05 1.07138e-05 -1.38019e-06 -3.20172e-06 1.1294e-05 1.09074e-05 -1.57374e-06 -3.3042e-06 1.15308e-05 1.11071e-05 -1.77348e-06 -3.40996e-06 1.17778e-05 1.13133e-05 -1.97962e-06 -3.51911e-06 1.20353e-05 1.1526e-05 -2.19236e-06 -3.63175e-06 1.23036e-05 1.17456e-05 -2.4119e-06 -3.748e-06 1.25831e-05 1.19722e-05 -2.63848e-06 -3.86796e-06 1.28741e-05 1.2206e-05 -2.8723e-06 -3.99177e-06 1.31769e-05 6.64322e-06 2.69021e-06 -9.6828e-07 7.28316e-06 6.70648e-06 2.62694e-06 -9.99272e-07 7.32145e-06 6.77177e-06 2.56166e-06 -1.03126e-06 7.36202e-06 6.83915e-06 2.49428e-06 -1.06427e-06 7.40499e-06 6.90869e-06 2.42474e-06 -1.09833e-06 7.45047e-06 6.98046e-06 2.35298e-06 -1.13349e-06 7.49861e-06 7.05452e-06 2.27893e-06 -1.16977e-06 7.54955e-06 7.13095e-06 2.2025e-06 -1.20721e-06 7.60342e-06 7.20982e-06 2.12363e-06 -1.24585e-06 7.66038e-06 7.29123e-06 2.04223e-06 -1.28573e-06 7.72058e-06 7.37523e-06 1.95822e-06 -1.32688e-06 7.78418e-06 7.46193e-06 1.87153e-06 -1.36935e-06 7.85136e-06 7.5514e-06 1.78206e-06 -1.41318e-06 7.92227e-06 7.64374e-06 1.68973e-06 -1.45842e-06 7.99711e-06 7.73903e-06 1.59445e-06 -1.5051e-06 8.07605e-06 7.83737e-06 1.49611e-06 -1.55328e-06 8.15929e-06 7.93886e-06 1.39463e-06 -1.60299e-06 8.24702e-06 8.04359e-06 1.28989e-06 -1.6543e-06 8.33944e-06 8.15168e-06 1.18181e-06 -1.70725e-06 8.43675e-06 8.26323e-06 1.07026e-06 -1.7619e-06 8.53918e-06 8.37835e-06 9.5515e-07 -1.8183e-06 8.64693e-06 8.49716e-06 8.36351e-07 -1.8765e-06 8.76024e-06 8.61977e-06 7.13749e-07 -1.93656e-06 8.87932e-06 8.7463e-06 5.87223e-07 -1.99854e-06 9.00442e-06 8.87688e-06 4.56648e-07 -2.06251e-06 9.13577e-06 9.01164e-06 3.21892e-07 -2.12853e-06 9.27362e-06 9.15072e-06 1.82823e-07 -2.19666e-06 9.41822e-06 9.29424e-06 3.93026e-08 -2.26697e-06 9.56982e-06 9.44236e-06 -1.08811e-07 -2.33954e-06 9.72868e-06 9.59523e-06 -2.61666e-07 -2.41442e-06 9.89506e-06 9.75298e-06 -4.19414e-07 -2.4917e-06 1.00693e-05 9.91579e-06 -5.8221e-07 -2.57146e-06 1.02515e-05 1.00838e-05 -7.50218e-07 -2.65377e-06 1.04421e-05 1.02572e-05 -9.23603e-07 -2.73871e-06 1.06414e-05 1.04361e-05 -1.10254e-06 -2.82637e-06 1.08496e-05 1.06208e-05 -1.2872e-06 -2.91684e-06 1.1067e-05 1.08114e-05 -1.47777e-06 -3.0102e-06 1.1294e-05 1.10081e-05 -1.67445e-06 -3.10655e-06 1.15308e-05 1.1211e-05 -1.87741e-06 -3.20599e-06 1.17778e-05 1.14205e-05 -2.08688e-06 -3.3086e-06 1.20353e-05 1.16367e-05 -2.30305e-06 -3.41451e-06 1.23036e-05 1.18598e-05 -2.52614e-06 -3.5238e-06 1.25831e-05 1.209e-05 -2.75637e-06 -3.63659e-06 1.28741e-05 1.23277e-05 -2.99396e-06 -3.75299e-06 1.31769e-05 6.67266e-06 2.66077e-06 -9.05718e-07 7.28316e-06 6.73686e-06 2.59656e-06 -9.34709e-07 7.32145e-06 6.80313e-06 2.5303e-06 -9.64627e-07 7.36202e-06 6.87151e-06 2.46192e-06 -9.95503e-07 7.40499e-06 6.94209e-06 2.39135e-06 -1.02737e-06 7.45047e-06 7.01492e-06 2.31852e-06 -1.06025e-06 7.49861e-06 7.09008e-06 2.24336e-06 -1.09419e-06 7.54955e-06 7.16765e-06 2.1658e-06 -1.12921e-06 7.60342e-06 7.2477e-06 2.08575e-06 -1.16536e-06 7.66038e-06 7.33032e-06 2.00314e-06 -1.20266e-06 7.72058e-06 7.41558e-06 1.91788e-06 -1.24115e-06 7.78418e-06 7.50356e-06 1.8299e-06 -1.28088e-06 7.85136e-06 7.59437e-06 1.7391e-06 -1.32188e-06 7.92227e-06 7.68808e-06 1.64539e-06 -1.36419e-06 7.99711e-06 7.78479e-06 1.54869e-06 -1.40785e-06 8.07605e-06 7.88459e-06 1.44889e-06 -1.45292e-06 8.15929e-06 7.98759e-06 1.34589e-06 -1.49942e-06 8.24702e-06 8.09389e-06 1.2396e-06 -1.54742e-06 8.33944e-06 8.20359e-06 1.1299e-06 -1.59695e-06 8.43675e-06 8.3168e-06 1.0167e-06 -1.64806e-06 8.53918e-06 8.43364e-06 8.99868e-07 -1.70081e-06 8.64693e-06 8.55421e-06 7.79299e-07 -1.75525e-06 8.76024e-06 8.67864e-06 6.54871e-07 -1.81144e-06 8.87932e-06 8.80706e-06 5.2646e-07 -1.86942e-06 9.00442e-06 8.93959e-06 3.9394e-07 -1.92925e-06 9.13577e-06 9.07636e-06 2.57177e-07 -1.99101e-06 9.27362e-06 9.2175e-06 1.16037e-07 -2.05474e-06 9.41822e-06 9.36317e-06 -2.96214e-08 -2.1205e-06 9.56982e-06 9.51349e-06 -1.79941e-07 -2.18838e-06 9.72868e-06 9.66863e-06 -3.35073e-07 -2.25842e-06 9.89506e-06 9.82874e-06 -4.9517e-07 -2.33071e-06 1.00693e-05 9.99397e-06 -6.60392e-07 -2.40531e-06 1.02515e-05 1.01645e-05 -8.30902e-07 -2.4823e-06 1.04421e-05 1.03405e-05 -1.00687e-06 -2.56176e-06 1.06414e-05 1.05221e-05 -1.18847e-06 -2.64376e-06 1.08496e-05 1.07095e-05 -1.37588e-06 -2.72838e-06 1.1067e-05 1.09029e-05 -1.56929e-06 -2.81571e-06 1.1294e-05 1.11025e-05 -1.7689e-06 -2.90583e-06 1.15308e-05 1.13085e-05 -1.97489e-06 -2.99885e-06 1.17778e-05 1.15211e-05 -2.18747e-06 -3.09483e-06 1.20353e-05 1.17405e-05 -2.40686e-06 -3.19389e-06 1.23036e-05 1.19669e-05 -2.63327e-06 -3.29612e-06 1.25831e-05 1.22006e-05 -2.86693e-06 -3.40163e-06 1.28741e-05 1.24418e-05 -3.10807e-06 -3.51051e-06 1.31769e-05 6.70012e-06 2.63331e-06 -8.42263e-07 7.28316e-06 6.7652e-06 2.56822e-06 -8.69222e-07 7.32145e-06 6.83237e-06 2.50106e-06 -8.97045e-07 7.36202e-06 6.90169e-06 2.43174e-06 -9.25758e-07 7.40499e-06 6.97323e-06 2.3602e-06 -9.5539e-07 7.45047e-06 7.04706e-06 2.28638e-06 -9.8597e-07 7.49861e-06 7.12325e-06 2.21019e-06 -1.01753e-06 7.54955e-06 7.20189e-06 2.13156e-06 -1.0501e-06 7.60342e-06 7.28303e-06 2.05042e-06 -1.08371e-06 7.66038e-06 7.36678e-06 1.96668e-06 -1.1184e-06 7.72058e-06 7.4532e-06 1.88025e-06 -1.1542e-06 7.78418e-06 7.5424e-06 1.79107e-06 -1.19114e-06 7.85136e-06 7.63444e-06 1.69902e-06 -1.22927e-06 7.92227e-06 7.72944e-06 1.60403e-06 -1.26861e-06 7.99711e-06 7.82747e-06 1.506e-06 -1.30922e-06 8.07605e-06 7.92864e-06 1.40484e-06 -1.35112e-06 8.15929e-06 8.03305e-06 1.30043e-06 -1.39437e-06 8.24702e-06 8.14081e-06 1.19268e-06 -1.439e-06 8.33944e-06 8.25201e-06 1.08149e-06 -1.48506e-06 8.43675e-06 8.36677e-06 9.66731e-07 -1.5326e-06 8.53918e-06 8.4852e-06 8.48303e-07 -1.58165e-06 8.64693e-06 8.60743e-06 7.26083e-07 -1.63228e-06 8.76024e-06 8.73356e-06 5.99952e-07 -1.68453e-06 8.87932e-06 8.86374e-06 4.69784e-07 -1.73844e-06 9.00442e-06 8.99808e-06 3.35449e-07 -1.79409e-06 9.13577e-06 9.13672e-06 1.96814e-07 -1.85152e-06 9.27362e-06 9.2798e-06 5.37412e-08 -1.91078e-06 9.41822e-06 9.42746e-06 -9.39107e-08 -1.97194e-06 9.56982e-06 9.57984e-06 -2.46288e-07 -2.03506e-06 9.72868e-06 9.7371e-06 -4.03544e-07 -2.1002e-06 9.89506e-06 9.8994e-06 -5.65833e-07 -2.16742e-06 1.00693e-05 1.00669e-05 -7.33316e-07 -2.2368e-06 1.02515e-05 1.02397e-05 -9.0616e-07 -2.30839e-06 1.04421e-05 1.04181e-05 -1.08454e-06 -2.38228e-06 1.06414e-05 1.06022e-05 -1.26862e-06 -2.45853e-06 1.08496e-05 1.07922e-05 -1.4586e-06 -2.53723e-06 1.1067e-05 1.09883e-05 -1.65466e-06 -2.61844e-06 1.1294e-05 1.11906e-05 -1.85699e-06 -2.70225e-06 1.15308e-05 1.13994e-05 -2.06581e-06 -2.78874e-06 1.17778e-05 1.16149e-05 -2.2813e-06 -2.87801e-06 1.20353e-05 1.18373e-05 -2.50369e-06 -2.97013e-06 1.23036e-05 1.20669e-05 -2.7332e-06 -3.0652e-06 1.25831e-05 1.23037e-05 -2.97006e-06 -3.16331e-06 1.28741e-05 1.25482e-05 -3.2145e-06 -3.26456e-06 1.31769e-05 6.72557e-06 2.60786e-06 -7.77977e-07 7.28316e-06 6.79147e-06 2.54196e-06 -8.02878e-07 7.32145e-06 6.85948e-06 2.47395e-06 -8.28577e-07 7.36202e-06 6.92967e-06 2.40376e-06 -8.55099e-07 7.40499e-06 7.0021e-06 2.33133e-06 -8.82469e-07 7.45047e-06 7.07686e-06 2.25658e-06 -9.10715e-07 7.49861e-06 7.154e-06 2.17944e-06 -9.39865e-07 7.54955e-06 7.23362e-06 2.09983e-06 -9.69949e-07 7.60342e-06 7.31578e-06 2.01767e-06 -1.001e-06 7.66038e-06 7.40058e-06 1.93288e-06 -1.03304e-06 7.72058e-06 7.48808e-06 1.84537e-06 -1.0661e-06 7.78418e-06 7.57839e-06 1.75507e-06 -1.10023e-06 7.85136e-06 7.67159e-06 1.66187e-06 -1.13544e-06 7.92227e-06 7.76777e-06 1.5657e-06 -1.17178e-06 7.99711e-06 7.86704e-06 1.46644e-06 -1.20929e-06 8.07605e-06 7.96947e-06 1.36401e-06 -1.248e-06 8.15929e-06 8.07519e-06 1.25829e-06 -1.28795e-06 8.24702e-06 8.18429e-06 1.1492e-06 -1.32917e-06 8.33944e-06 8.29689e-06 1.03661e-06 -1.37171e-06 8.43675e-06 8.41308e-06 9.20417e-07 -1.41562e-06 8.53918e-06 8.533e-06 8.00506e-07 -1.46093e-06 8.64693e-06 8.65675e-06 6.76757e-07 -1.50769e-06 8.76024e-06 8.78447e-06 5.49047e-07 -1.55595e-06 8.87932e-06 8.91627e-06 4.17249e-07 -1.60576e-06 9.00442e-06 9.05229e-06 2.81232e-07 -1.65715e-06 9.13577e-06 9.19267e-06 1.40862e-07 -1.7102e-06 9.27362e-06 9.33754e-06 -4.0016e-09 -1.76494e-06 9.41822e-06 9.48705e-06 -1.53502e-07 -1.82143e-06 9.56982e-06 9.64134e-06 -3.07787e-07 -1.87973e-06 9.72868e-06 9.80057e-06 -4.67011e-07 -1.9399e-06 9.89506e-06 9.9649e-06 -6.31331e-07 -2.00199e-06 1.00693e-05 1.01345e-05 -8.00911e-07 -2.06607e-06 1.02515e-05 1.03095e-05 -9.75919e-07 -2.1322e-06 1.04421e-05 1.04901e-05 -1.15653e-06 -2.20045e-06 1.06414e-05 1.06765e-05 -1.34292e-06 -2.27088e-06 1.08496e-05 1.08689e-05 -1.53527e-06 -2.34357e-06 1.1067e-05 1.10674e-05 -1.73379e-06 -2.41858e-06 1.1294e-05 1.12723e-05 -1.93866e-06 -2.496e-06 1.15308e-05 1.14837e-05 -2.15008e-06 -2.57589e-06 1.17778e-05 1.17019e-05 -2.36827e-06 -2.65834e-06 1.20353e-05 1.19271e-05 -2.59345e-06 -2.74343e-06 1.23036e-05 1.21595e-05 -2.82583e-06 -2.83124e-06 1.25831e-05 1.23993e-05 -3.06565e-06 -2.92187e-06 1.28741e-05 1.26468e-05 -3.31315e-06 -3.01539e-06 1.31769e-05 6.74899e-06 2.58444e-06 -7.12923e-07 7.28316e-06 6.81564e-06 2.51779e-06 -7.35742e-07 7.32145e-06 6.88443e-06 2.449e-06 -7.59292e-07 7.36202e-06 6.95541e-06 2.37802e-06 -7.83596e-07 7.40499e-06 7.02867e-06 2.30477e-06 -8.08677e-07 7.45047e-06 7.10427e-06 2.22917e-06 -8.34561e-07 7.49861e-06 7.1823e-06 2.15115e-06 -8.61274e-07 7.54955e-06 7.26282e-06 2.07063e-06 -8.88842e-07 7.60342e-06 7.34592e-06 1.98753e-06 -9.17292e-07 7.66038e-06 7.43168e-06 1.90178e-06 -9.46653e-07 7.72058e-06 7.52018e-06 1.81328e-06 -9.76954e-07 7.78418e-06 7.61151e-06 1.72195e-06 -1.00822e-06 7.85136e-06 7.70577e-06 1.62769e-06 -1.0405e-06 7.92227e-06 7.80305e-06 1.53042e-06 -1.0738e-06 7.99711e-06 7.90344e-06 1.43003e-06 -1.10817e-06 8.07605e-06 8.00704e-06 1.32643e-06 -1.14364e-06 8.15929e-06 8.11396e-06 1.21952e-06 -1.18025e-06 8.24702e-06 8.22431e-06 1.10918e-06 -1.21803e-06 8.33944e-06 8.33818e-06 9.95313e-07 -1.25701e-06 8.43675e-06 8.4557e-06 8.778e-07 -1.29725e-06 8.53918e-06 8.57698e-06 7.56525e-07 -1.33877e-06 8.64693e-06 8.70214e-06 6.31368e-07 -1.38162e-06 8.76024e-06 8.83131e-06 5.02205e-07 -1.42585e-06 8.87932e-06 8.96461e-06 3.68907e-07 -1.47148e-06 9.00442e-06 9.10218e-06 2.31344e-07 -1.51858e-06 9.13577e-06 9.24416e-06 8.93764e-08 -1.56719e-06 9.27362e-06 9.39067e-06 -5.7135e-08 -1.61735e-06 9.41822e-06 9.54188e-06 -2.08336e-07 -1.66912e-06 9.56982e-06 9.69793e-06 -3.64376e-07 -1.72255e-06 9.72868e-06 9.85897e-06 -5.25411e-07 -1.77768e-06 9.89506e-06 1.00252e-05 -6.91601e-07 -1.83459e-06 1.00693e-05 1.01967e-05 -8.6311e-07 -1.89331e-06 1.02515e-05 1.03737e-05 -1.04011e-06 -1.95391e-06 1.04421e-05 1.05564e-05 -1.22277e-06 -2.01645e-06 1.06414e-05 1.07449e-05 -1.41128e-06 -2.08099e-06 1.08496e-05 1.09394e-05 -1.60583e-06 -2.1476e-06 1.1067e-05 1.11402e-05 -1.8066e-06 -2.21634e-06 1.1294e-05 1.13474e-05 -2.0138e-06 -2.28728e-06 1.15308e-05 1.15613e-05 -2.22763e-06 -2.3605e-06 1.17778e-05 1.17819e-05 -2.4483e-06 -2.43605e-06 1.20353e-05 1.20097e-05 -2.67604e-06 -2.51403e-06 1.23036e-05 1.22447e-05 -2.91107e-06 -2.5945e-06 1.25831e-05 1.24873e-05 -3.15362e-06 -2.67754e-06 1.28741e-05 1.27376e-05 -3.40393e-06 -2.76324e-06 1.31769e-05 6.77035e-06 2.56307e-06 -6.47165e-07 7.28316e-06 6.83769e-06 2.49574e-06 -6.6788e-07 7.32145e-06 6.90718e-06 2.42625e-06 -6.89257e-07 7.36202e-06 6.9789e-06 2.35454e-06 -7.11319e-07 7.40499e-06 7.05291e-06 2.28053e-06 -7.34087e-07 7.45047e-06 7.12929e-06 2.20415e-06 -7.57584e-07 7.49861e-06 7.20811e-06 2.12533e-06 -7.81833e-07 7.54955e-06 7.28946e-06 2.04399e-06 -8.06858e-07 7.60342e-06 7.37341e-06 1.96004e-06 -8.32684e-07 7.66038e-06 7.46005e-06 1.87341e-06 -8.59337e-07 7.72058e-06 7.54946e-06 1.784e-06 -8.86843e-07 7.78418e-06 7.64173e-06 1.69173e-06 -9.15229e-07 7.85136e-06 7.73696e-06 1.59651e-06 -9.44524e-07 7.92227e-06 7.83523e-06 1.49824e-06 -9.74757e-07 7.99711e-06 7.93665e-06 1.39682e-06 -1.00596e-06 8.07605e-06 8.04132e-06 1.29216e-06 -1.03816e-06 8.15929e-06 8.14934e-06 1.18415e-06 -1.07139e-06 8.24702e-06 8.26081e-06 1.07268e-06 -1.10568e-06 8.33944e-06 8.37585e-06 9.57641e-07 -1.14107e-06 8.43675e-06 8.49458e-06 8.38922e-07 -1.17759e-06 8.53918e-06 8.6171e-06 7.16402e-07 -1.21529e-06 8.64693e-06 8.74355e-06 5.89961e-07 -1.25419e-06 8.76024e-06 8.87404e-06 4.59473e-07 -1.29433e-06 8.87932e-06 9.00871e-06 3.24808e-07 -1.33576e-06 9.00442e-06 9.14769e-06 1.85832e-07 -1.37851e-06 9.13577e-06 9.29112e-06 4.24083e-08 -1.42264e-06 9.27362e-06 9.43915e-06 -1.05606e-07 -1.46817e-06 9.41822e-06 9.5919e-06 -2.58359e-07 -1.51517e-06 9.56982e-06 9.74955e-06 -4.16e-07 -1.56367e-06 9.72868e-06 9.91225e-06 -5.78688e-07 -1.61372e-06 9.89506e-06 1.00801e-05 -7.46582e-07 -1.66537e-06 1.00693e-05 1.02534e-05 -9.19851e-07 -1.71867e-06 1.02515e-05 1.04322e-05 -1.09867e-06 -1.77369e-06 1.04421e-05 1.06168e-05 -1.2832e-06 -1.83046e-06 1.06414e-05 1.08072e-05 -1.47365e-06 -1.88905e-06 1.08496e-05 1.10038e-05 -1.67019e-06 -1.94951e-06 1.1067e-05 1.12066e-05 -1.87302e-06 -2.01191e-06 1.1294e-05 1.1416e-05 -2.08235e-06 -2.07631e-06 1.15308e-05 1.1632e-05 -2.29837e-06 -2.14277e-06 1.17778e-05 1.1855e-05 -2.52131e-06 -2.21136e-06 1.20353e-05 1.2085e-05 -2.75138e-06 -2.28214e-06 1.23036e-05 1.23225e-05 -2.98882e-06 -2.35519e-06 1.25831e-05 1.25675e-05 -3.23386e-06 -2.43057e-06 1.28741e-05 1.28204e-05 -3.48674e-06 -2.50837e-06 1.31769e-05 6.78964e-06 2.54378e-06 -5.80769e-07 7.28316e-06 6.8576e-06 2.47583e-06 -5.99358e-07 7.32145e-06 6.92773e-06 2.4057e-06 -6.18543e-07 7.36202e-06 7.0001e-06 2.33334e-06 -6.38341e-07 7.40499e-06 7.07479e-06 2.25865e-06 -6.58773e-07 7.45047e-06 7.15187e-06 2.18157e-06 -6.79859e-07 7.49861e-06 7.23141e-06 2.10203e-06 -7.0162e-07 7.54955e-06 7.31351e-06 2.01994e-06 -7.24078e-07 7.60342e-06 7.39823e-06 1.93522e-06 -7.47254e-07 7.66038e-06 7.48566e-06 1.84779e-06 -7.71173e-07 7.72058e-06 7.57589e-06 1.75757e-06 -7.95857e-07 7.78418e-06 7.66901e-06 1.66445e-06 -8.21331e-07 7.85136e-06 7.76511e-06 1.56836e-06 -8.4762e-07 7.92227e-06 7.86429e-06 1.46918e-06 -8.74751e-07 7.99711e-06 7.96664e-06 1.36684e-06 -9.0275e-07 8.07605e-06 8.07226e-06 1.26122e-06 -9.31646e-07 8.15929e-06 8.18127e-06 1.15221e-06 -9.61466e-07 8.24702e-06 8.29377e-06 1.03972e-06 -9.92241e-07 8.33944e-06 8.40986e-06 9.2363e-07 -1.024e-06 8.43675e-06 8.52968e-06 8.03821e-07 -1.05678e-06 8.53918e-06 8.65333e-06 6.80178e-07 -1.0906e-06 8.64693e-06 8.78093e-06 5.52578e-07 -1.12551e-06 8.76024e-06 8.91262e-06 4.20893e-07 -1.16154e-06 8.87932e-06 9.04853e-06 2.84993e-07 -1.19872e-06 9.00442e-06 9.18878e-06 1.44743e-07 -1.23709e-06 9.13577e-06 9.33353e-06 3.8957e-12 -1.27668e-06 9.27362e-06 9.48291e-06 -1.49368e-07 -1.31755e-06 9.41822e-06 9.63707e-06 -3.03521e-07 -1.35972e-06 9.56982e-06 9.79616e-06 -4.62608e-07 -1.40324e-06 9.72868e-06 9.96035e-06 -6.26787e-07 -1.44816e-06 9.89506e-06 1.01298e-05 -7.96222e-07 -1.49451e-06 1.00693e-05 1.03047e-05 -9.71079e-07 -1.54235e-06 1.02515e-05 1.04851e-05 -1.15153e-06 -1.59171e-06 1.04421e-05 1.06714e-05 -1.33776e-06 -1.64266e-06 1.06414e-05 1.08636e-05 -1.52996e-06 -1.69524e-06 1.08496e-05 1.10619e-05 -1.7283e-06 -1.7495e-06 1.1067e-05 1.12666e-05 -1.93299e-06 -1.8055e-06 1.1294e-05 1.14779e-05 -2.14423e-06 -1.86329e-06 1.15308e-05 1.16959e-05 -2.36224e-06 -1.92293e-06 1.17778e-05 1.19209e-05 -2.58722e-06 -1.98448e-06 1.20353e-05 1.21531e-05 -2.81941e-06 -2.048e-06 1.23036e-05 1.23927e-05 -3.05902e-06 -2.11356e-06 1.25831e-05 1.264e-05 -3.30631e-06 -2.18121e-06 1.28741e-05 1.28952e-05 -3.56151e-06 -2.25102e-06 1.31769e-05 6.80684e-06 2.52658e-06 -5.13799e-07 7.28316e-06 6.87534e-06 2.45808e-06 -5.30245e-07 7.32145e-06 6.94604e-06 2.38739e-06 -5.47217e-07 7.36202e-06 7.019e-06 2.31444e-06 -5.64733e-07 7.40499e-06 7.09429e-06 2.23915e-06 -5.82809e-07 7.45047e-06 7.172e-06 2.16144e-06 -6.01463e-07 7.49861e-06 7.25219e-06 2.08126e-06 -6.20715e-07 7.54955e-06 7.33494e-06 1.9985e-06 -6.40583e-07 7.60342e-06 7.42035e-06 1.9131e-06 -6.61087e-07 7.66038e-06 7.50849e-06 1.82496e-06 -6.82247e-07 7.72058e-06 7.59945e-06 1.734e-06 -7.04085e-07 7.78418e-06 7.69333e-06 1.64013e-06 -7.26622e-07 7.85136e-06 7.79021e-06 1.54326e-06 -7.4988e-07 7.92227e-06 7.89019e-06 1.44328e-06 -7.73882e-07 7.99711e-06 7.99336e-06 1.34011e-06 -7.98652e-07 8.07605e-06 8.09985e-06 1.23363e-06 -8.24216e-07 8.15929e-06 8.20974e-06 1.12375e-06 -8.50598e-07 8.24702e-06 8.32314e-06 1.01034e-06 -8.77824e-07 8.33944e-06 8.44018e-06 8.93312e-07 -9.05921e-07 8.43675e-06 8.56097e-06 7.72533e-07 -9.34919e-07 8.53918e-06 8.68562e-06 6.47889e-07 -9.64844e-07 8.64693e-06 8.81425e-06 5.19254e-07 -9.95727e-07 8.76024e-06 8.94701e-06 3.86503e-07 -1.0276e-06 8.87932e-06 9.08402e-06 2.49502e-07 -1.06049e-06 9.00442e-06 9.22541e-06 1.08116e-07 -1.09443e-06 9.13577e-06 9.37133e-06 -3.7795e-08 -1.12947e-06 9.27362e-06 9.52192e-06 -1.88377e-07 -1.16562e-06 9.41822e-06 9.67732e-06 -3.43778e-07 -1.20293e-06 9.56982e-06 9.83771e-06 -5.04154e-07 -1.24143e-06 9.72868e-06 1.00032e-05 -6.69663e-07 -1.28117e-06 9.89506e-06 1.0174e-05 -8.4047e-07 -1.32217e-06 1.00693e-05 1.03503e-05 -1.01674e-06 -1.3645e-06 1.02515e-05 1.05322e-05 -1.19866e-06 -1.40817e-06 1.04421e-05 1.072e-05 -1.3864e-06 -1.45324e-06 1.06414e-05 1.09137e-05 -1.58015e-06 -1.49976e-06 1.08496e-05 1.11137e-05 -1.7801e-06 -1.54776e-06 1.1067e-05 1.13201e-05 -1.98645e-06 -1.59731e-06 1.1294e-05 1.1533e-05 -2.1994e-06 -1.64843e-06 1.15308e-05 1.17528e-05 -2.41917e-06 -1.7012e-06 1.17778e-05 1.19796e-05 -2.64598e-06 -1.75565e-06 1.20353e-05 1.22137e-05 -2.88004e-06 -1.81184e-06 1.23036e-05 1.24553e-05 -3.1216e-06 -1.86984e-06 1.25831e-05 1.27046e-05 -3.37089e-06 -1.92969e-06 1.28741e-05 1.29618e-05 -3.62816e-06 -1.99145e-06 1.31769e-05 6.82192e-06 2.5115e-06 -4.46323e-07 7.28316e-06 6.89091e-06 2.44252e-06 -4.60609e-07 7.32145e-06 6.9621e-06 2.37133e-06 -4.75352e-07 7.36202e-06 7.03558e-06 2.29786e-06 -4.90567e-07 7.40499e-06 7.1114e-06 2.22204e-06 -5.06269e-07 7.45047e-06 7.18965e-06 2.14379e-06 -5.22474e-07 7.49861e-06 7.27041e-06 2.06304e-06 -5.39197e-07 7.54955e-06 7.35375e-06 1.9797e-06 -5.56456e-07 7.60342e-06 7.43976e-06 1.89369e-06 -5.74267e-07 7.66038e-06 7.52852e-06 1.80493e-06 -5.92649e-07 7.72058e-06 7.62012e-06 1.71333e-06 -6.11619e-07 7.78418e-06 7.71466e-06 1.6188e-06 -6.31195e-07 7.85136e-06 7.81222e-06 1.52125e-06 -6.51399e-07 7.92227e-06 7.9129e-06 1.42057e-06 -6.72249e-07 7.99711e-06 8.01681e-06 1.31667e-06 -6.93767e-07 8.07605e-06 8.12404e-06 1.20944e-06 -7.15973e-07 8.15929e-06 8.23471e-06 1.09878e-06 -7.3889e-07 8.24702e-06 8.34891e-06 9.84576e-07 -7.62541e-07 8.33944e-06 8.46678e-06 8.66718e-07 -7.86948e-07 8.43675e-06 8.58841e-06 7.45088e-07 -8.12137e-07 8.53918e-06 8.71394e-06 6.19565e-07 -8.38132e-07 8.64693e-06 8.84348e-06 4.90024e-07 -8.64959e-07 8.76024e-06 8.97718e-06 3.56337e-07 -8.92645e-07 8.87932e-06 9.11515e-06 2.18371e-07 -9.21217e-07 9.00442e-06 9.25754e-06 7.59887e-08 -9.50704e-07 9.13577e-06 9.40448e-06 -7.0951e-08 -9.81134e-07 9.27362e-06 9.55613e-06 -2.22594e-07 -1.01254e-06 9.41822e-06 9.71264e-06 -3.79091e-07 -1.04495e-06 9.56982e-06 9.87415e-06 -5.40597e-07 -1.0784e-06 9.72868e-06 1.00408e-05 -7.07272e-07 -1.11291e-06 9.89506e-06 1.02128e-05 -8.79283e-07 -1.14854e-06 1.00693e-05 1.03904e-05 -1.0568e-06 -1.1853e-06 1.02515e-05 1.05736e-05 -1.24e-06 -1.22324e-06 1.04421e-05 1.07626e-05 -1.42906e-06 -1.26239e-06 1.06414e-05 1.09578e-05 -1.62417e-06 -1.3028e-06 1.08496e-05 1.11591e-05 -1.82553e-06 -1.3445e-06 1.1067e-05 1.1367e-05 -2.03334e-06 -1.38753e-06 1.1294e-05 1.15814e-05 -2.24779e-06 -1.43195e-06 1.15308e-05 1.18027e-05 -2.46911e-06 -1.47778e-06 1.17778e-05 1.20312e-05 -2.69752e-06 -1.52508e-06 1.20353e-05 1.22669e-05 -2.93323e-06 -1.5739e-06 1.23036e-05 1.25102e-05 -3.17649e-06 -1.62427e-06 1.25831e-05 1.27612e-05 -3.42754e-06 -1.67626e-06 1.28741e-05 1.30203e-05 -3.68662e-06 -1.72992e-06 1.31769e-05 6.83488e-06 2.49855e-06 -3.78406e-07 7.28316e-06 6.90428e-06 2.42915e-06 -3.90518e-07 7.32145e-06 6.9759e-06 2.35753e-06 -4.03017e-07 7.36202e-06 7.04982e-06 2.28362e-06 -4.15917e-07 7.40499e-06 7.1261e-06 2.20734e-06 -4.2923e-07 7.45047e-06 7.20482e-06 2.12862e-06 -4.42969e-07 7.49861e-06 7.28606e-06 2.04738e-06 -4.57148e-07 7.54955e-06 7.3699e-06 1.96354e-06 -4.7178e-07 7.60342e-06 7.45643e-06 1.87702e-06 -4.86881e-07 7.66038e-06 7.54572e-06 1.78773e-06 -5.02465e-07 7.72058e-06 7.63788e-06 1.69558e-06 -5.18548e-07 7.78418e-06 7.73298e-06 1.60048e-06 -5.35146e-07 7.85136e-06 7.83113e-06 1.50234e-06 -5.52275e-07 7.92227e-06 7.93242e-06 1.40105e-06 -5.69953e-07 7.99711e-06 8.03695e-06 1.29653e-06 -5.88196e-07 8.07605e-06 8.14483e-06 1.18865e-06 -6.07023e-07 8.15929e-06 8.25615e-06 1.07733e-06 -6.26453e-07 8.24702e-06 8.37105e-06 9.62441e-07 -6.46505e-07 8.33944e-06 8.48962e-06 8.43875e-07 -6.67198e-07 8.43675e-06 8.61199e-06 7.21513e-07 -6.88554e-07 8.53918e-06 8.73827e-06 5.95236e-07 -7.10593e-07 8.64693e-06 8.86859e-06 4.64916e-07 -7.33338e-07 8.76024e-06 9.00309e-06 3.30425e-07 -7.56811e-07 8.87932e-06 9.14189e-06 1.9163e-07 -7.81035e-07 9.00442e-06 9.28514e-06 4.83916e-08 -8.06035e-07 9.13577e-06 9.43296e-06 -9.94314e-08 -8.31835e-07 9.27362e-06 9.58553e-06 -2.51986e-07 -8.5846e-07 9.41822e-06 9.74297e-06 -4.09424e-07 -8.85938e-07 9.56982e-06 9.90545e-06 -5.719e-07 -9.14295e-07 9.72868e-06 1.00731e-05 -7.39578e-07 -9.4356e-07 9.89506e-06 1.02462e-05 -9.12622e-07 -9.73762e-07 1.00693e-05 1.04248e-05 -1.09121e-06 -1.00493e-06 1.02515e-05 1.06091e-05 -1.27551e-06 -1.0371e-06 1.04421e-05 1.07993e-05 -1.4657e-06 -1.07029e-06 1.06414e-05 1.09956e-05 -1.66199e-06 -1.10455e-06 1.08496e-05 1.11982e-05 -1.86456e-06 -1.13991e-06 1.1067e-05 1.14072e-05 -2.07361e-06 -1.17639e-06 1.1294e-05 1.1623e-05 -2.28936e-06 -1.21405e-06 1.15308e-05 1.18456e-05 -2.51201e-06 -1.25291e-06 1.17778e-05 1.20754e-05 -2.74179e-06 -1.29301e-06 1.20353e-05 1.23126e-05 -2.97892e-06 -1.3344e-06 1.23036e-05 1.25573e-05 -3.22364e-06 -1.37711e-06 1.25831e-05 1.28099e-05 -3.47619e-06 -1.42119e-06 1.28741e-05 1.30705e-05 -3.73683e-06 -1.46668e-06 1.31769e-05 6.84569e-06 2.48773e-06 -3.10115e-07 7.28316e-06 6.91544e-06 2.41799e-06 -3.20041e-07 7.32145e-06 6.98742e-06 2.34601e-06 -3.30285e-07 7.36202e-06 7.0617e-06 2.27173e-06 -3.40857e-07 7.40499e-06 7.13836e-06 2.19507e-06 -3.51768e-07 7.45047e-06 7.21748e-06 2.11596e-06 -3.63027e-07 7.49861e-06 7.29913e-06 2.03432e-06 -3.74647e-07 7.54955e-06 7.38339e-06 1.95006e-06 -3.86639e-07 7.60342e-06 7.47035e-06 1.86311e-06 -3.99014e-07 7.66038e-06 7.56009e-06 1.77337e-06 -4.11786e-07 7.72058e-06 7.6527e-06 1.68076e-06 -4.24967e-07 7.78418e-06 7.74828e-06 1.58519e-06 -4.38569e-07 7.85136e-06 7.84691e-06 1.48655e-06 -4.52607e-07 7.92227e-06 7.94871e-06 1.38476e-06 -4.67094e-07 7.99711e-06 8.05376e-06 1.27971e-06 -4.82045e-07 8.07605e-06 8.16218e-06 1.1713e-06 -4.97474e-07 8.15929e-06 8.27406e-06 1.05942e-06 -5.13398e-07 8.24702e-06 8.38953e-06 9.43961e-07 -5.29831e-07 8.33944e-06 8.50869e-06 8.24804e-07 -5.46789e-07 8.43675e-06 8.63167e-06 7.01832e-07 -5.64291e-07 8.53918e-06 8.75858e-06 5.74925e-07 -5.82353e-07 8.64693e-06 8.88955e-06 4.43955e-07 -6.00993e-07 8.76024e-06 9.02472e-06 3.08793e-07 -6.2023e-07 8.87932e-06 9.16422e-06 1.69305e-07 -6.40083e-07 9.00442e-06 9.30817e-06 2.53523e-08 -6.60571e-07 9.13577e-06 9.45674e-06 -1.23208e-07 -6.81714e-07 9.27362e-06 9.61006e-06 -2.76524e-07 -7.03535e-07 9.41822e-06 9.76829e-06 -4.34747e-07 -7.26054e-07 9.56982e-06 9.93159e-06 -5.98034e-07 -7.49293e-07 9.72868e-06 1.01001e-05 -7.66548e-07 -7.73277e-07 9.89506e-06 1.0274e-05 -9.40456e-07 -7.98028e-07 1.00693e-05 1.04535e-05 -1.11993e-06 -8.23572e-07 1.02515e-05 1.06387e-05 -1.30515e-06 -8.49933e-07 1.04421e-05 1.08299e-05 -1.4963e-06 -8.77138e-07 1.06414e-05 1.10272e-05 -1.69356e-06 -9.05214e-07 1.08496e-05 1.12307e-05 -1.89714e-06 -9.34188e-07 1.1067e-05 1.14409e-05 -2.10724e-06 -9.6409e-07 1.1294e-05 1.16577e-05 -2.32406e-06 -9.94949e-07 1.15308e-05 1.18815e-05 -2.54782e-06 -1.0268e-06 1.17778e-05 1.21124e-05 -2.77874e-06 -1.05966e-06 1.20353e-05 1.23507e-05 -3.01706e-06 -1.09358e-06 1.23036e-05 1.25967e-05 -3.263e-06 -1.12858e-06 1.25831e-05 1.28505e-05 -3.51682e-06 -1.16471e-06 1.28741e-05 1.31124e-05 -3.77876e-06 -1.20199e-06 1.31769e-05 6.85436e-06 2.47906e-06 -2.41519e-07 7.28316e-06 6.92438e-06 2.40904e-06 -2.49249e-07 7.32145e-06 6.99665e-06 2.33678e-06 -2.57227e-07 7.36202e-06 7.07123e-06 2.2622e-06 -2.65461e-07 7.40499e-06 7.14819e-06 2.18524e-06 -2.73958e-07 7.45047e-06 7.22762e-06 2.10582e-06 -2.82727e-07 7.49861e-06 7.3096e-06 2.02385e-06 -2.91776e-07 7.54955e-06 7.39419e-06 1.93926e-06 -3.01115e-07 7.60342e-06 7.48149e-06 1.85196e-06 -3.10753e-07 7.66038e-06 7.57159e-06 1.76186e-06 -3.207e-07 7.72058e-06 7.66457e-06 1.66888e-06 -3.30965e-07 7.78418e-06 7.76053e-06 1.57293e-06 -3.41559e-07 7.85136e-06 7.85956e-06 1.4739e-06 -3.52492e-07 7.92227e-06 7.96176e-06 1.37171e-06 -3.63774e-07 7.99711e-06 8.06723e-06 1.26624e-06 -3.75418e-07 8.07605e-06 8.17608e-06 1.1574e-06 -3.87434e-07 8.15929e-06 8.28841e-06 1.04508e-06 -3.99836e-07 8.24702e-06 8.40433e-06 9.29156e-07 -4.12634e-07 8.33944e-06 8.52397e-06 8.09524e-07 -4.25841e-07 8.43675e-06 8.64743e-06 6.86064e-07 -4.39472e-07 8.53918e-06 8.77485e-06 5.58652e-07 -4.53539e-07 8.64693e-06 8.90635e-06 4.27161e-07 -4.68056e-07 8.76024e-06 9.04205e-06 2.91462e-07 -4.83037e-07 8.87932e-06 9.1821e-06 1.51419e-07 -4.98498e-07 9.00442e-06 9.32663e-06 6.89357e-09 -5.14454e-07 9.13577e-06 9.47579e-06 -1.42258e-07 -5.30921e-07 9.27362e-06 9.62972e-06 -2.96183e-07 -5.47915e-07 9.41822e-06 9.78858e-06 -4.55035e-07 -5.65453e-07 9.56982e-06 9.95253e-06 -6.18972e-07 -5.83552e-07 9.72868e-06 1.01217e-05 -7.88156e-07 -6.02231e-07 9.89506e-06 1.02963e-05 -9.62756e-07 -6.21507e-07 1.00693e-05 1.04765e-05 -1.14294e-06 -6.414e-07 1.02515e-05 1.06625e-05 -1.3289e-06 -6.61931e-07 1.04421e-05 1.08544e-05 -1.52081e-06 -6.83118e-07 1.06414e-05 1.10525e-05 -1.71886e-06 -7.04983e-07 1.08496e-05 1.12569e-05 -1.92325e-06 -7.27549e-07 1.1067e-05 1.14678e-05 -2.13418e-06 -7.50836e-07 1.1294e-05 1.16855e-05 -2.35186e-06 -7.74869e-07 1.15308e-05 1.19101e-05 -2.57651e-06 -7.99671e-07 1.17778e-05 1.2142e-05 -2.80836e-06 -8.25267e-07 1.20353e-05 1.23813e-05 -3.04762e-06 -8.51683e-07 1.23036e-05 1.26282e-05 -3.29454e-06 -8.78944e-07 1.25831e-05 1.2883e-05 -3.54936e-06 -9.07077e-07 1.28741e-05 1.3146e-05 -3.81234e-06 -9.36111e-07 1.31769e-05 6.86087e-06 2.47256e-06 -1.72684e-07 7.28316e-06 6.9311e-06 2.40233e-06 -1.78211e-07 7.32145e-06 7.00358e-06 2.32985e-06 -1.83915e-07 7.36202e-06 7.07838e-06 2.25505e-06 -1.89802e-07 7.40499e-06 7.15558e-06 2.17786e-06 -1.95877e-07 7.45047e-06 7.23524e-06 2.0982e-06 -2.02147e-07 7.49861e-06 7.31746e-06 2.01599e-06 -2.08617e-07 7.54955e-06 7.4023e-06 1.93114e-06 -2.15295e-07 7.60342e-06 7.48987e-06 1.84358e-06 -2.22186e-07 7.66038e-06 7.58023e-06 1.75322e-06 -2.29298e-07 7.72058e-06 7.67349e-06 1.65997e-06 -2.36637e-07 7.78418e-06 7.76973e-06 1.56373e-06 -2.44212e-07 7.85136e-06 7.86906e-06 1.46441e-06 -2.52029e-07 7.92227e-06 7.97156e-06 1.36191e-06 -2.60095e-07 7.99711e-06 8.07735e-06 1.25613e-06 -2.68421e-07 8.07605e-06 8.18651e-06 1.14696e-06 -2.77012e-07 8.15929e-06 8.29918e-06 1.0343e-06 -2.85879e-07 8.24702e-06 8.41545e-06 9.18039e-07 -2.9503e-07 8.33944e-06 8.53544e-06 7.98052e-07 -3.04473e-07 8.43675e-06 8.65927e-06 6.74224e-07 -3.14219e-07 8.53918e-06 8.78707e-06 5.46433e-07 -3.24276e-07 8.64693e-06 8.91896e-06 4.14551e-07 -3.34656e-07 8.76024e-06 9.05507e-06 2.78448e-07 -3.45367e-07 8.87932e-06 9.19553e-06 1.37989e-07 -3.56422e-07 9.00442e-06 9.34049e-06 -6.96645e-09 -3.6783e-07 9.13577e-06 9.49009e-06 -1.56561e-07 -3.79604e-07 9.27362e-06 9.64448e-06 -3.10945e-07 -3.91755e-07 9.41822e-06 9.80382e-06 -4.70269e-07 -4.04294e-07 9.56982e-06 9.96825e-06 -6.34694e-07 -4.17235e-07 9.72868e-06 1.01379e-05 -8.04381e-07 -4.3059e-07 9.89506e-06 1.03131e-05 -9.795e-07 -4.44372e-07 1.00693e-05 1.04938e-05 -1.16022e-06 -4.58596e-07 1.02515e-05 1.06803e-05 -1.34673e-06 -4.73275e-07 1.04421e-05 1.08728e-05 -1.53921e-06 -4.88423e-07 1.06414e-05 1.10714e-05 -1.73785e-06 -5.04057e-07 1.08496e-05 1.12765e-05 -1.94285e-06 -5.20191e-07 1.1067e-05 1.1488e-05 -2.15441e-06 -5.36841e-07 1.1294e-05 1.17064e-05 -2.37274e-06 -5.54025e-07 1.15308e-05 1.19317e-05 -2.59806e-06 -5.71758e-07 1.17778e-05 1.21642e-05 -2.83059e-06 -5.90059e-07 1.20353e-05 1.24042e-05 -3.07056e-06 -6.08946e-07 1.23036e-05 1.26519e-05 -3.31822e-06 -6.28437e-07 1.25831e-05 1.29075e-05 -3.5738e-06 -6.48552e-07 1.28741e-05 1.31713e-05 -3.83756e-06 -6.69311e-07 1.31769e-05 6.86521e-06 2.46822e-06 -1.03678e-07 7.28316e-06 6.93558e-06 2.39785e-06 -1.06997e-07 7.32145e-06 7.0082e-06 2.32523e-06 -1.10422e-07 7.36202e-06 7.08315e-06 2.25028e-06 -1.13956e-07 7.40499e-06 7.1605e-06 2.17294e-06 -1.17604e-07 7.45047e-06 7.24032e-06 2.09312e-06 -1.21368e-07 7.49861e-06 7.3227e-06 2.01074e-06 -1.25253e-07 7.54955e-06 7.40772e-06 1.92573e-06 -1.29262e-07 7.60342e-06 7.49545e-06 1.838e-06 -1.33399e-07 7.66038e-06 7.586e-06 1.74746e-06 -1.37669e-07 7.72058e-06 7.67944e-06 1.65402e-06 -1.42076e-07 7.78418e-06 7.77587e-06 1.55759e-06 -1.46623e-07 7.85136e-06 7.87539e-06 1.45807e-06 -1.51317e-07 7.92227e-06 7.9781e-06 1.35537e-06 -1.5616e-07 7.99711e-06 8.08409e-06 1.24938e-06 -1.61158e-07 8.07605e-06 8.19348e-06 1.14e-06 -1.66317e-07 8.15929e-06 8.30637e-06 1.02712e-06 -1.7164e-07 8.24702e-06 8.42287e-06 9.10622e-07 -1.77134e-07 8.33944e-06 8.5431e-06 7.90397e-07 -1.82804e-07 8.43675e-06 8.66717e-06 6.66324e-07 -1.88655e-07 8.53918e-06 8.79522e-06 5.3828e-07 -1.94694e-07 8.64693e-06 8.92737e-06 4.06138e-07 -2.00926e-07 8.76024e-06 9.06375e-06 2.69765e-07 -2.07357e-07 8.87932e-06 9.20449e-06 1.29028e-07 -2.13994e-07 9.00442e-06 9.34974e-06 -1.62141e-08 -2.20844e-07 9.13577e-06 9.49964e-06 -1.66105e-07 -2.27912e-07 9.27362e-06 9.65433e-06 -3.20794e-07 -2.35207e-07 9.41822e-06 9.81398e-06 -4.80434e-07 -2.42736e-07 9.56982e-06 9.97874e-06 -6.45184e-07 -2.50506e-07 9.72868e-06 1.01488e-05 -8.15207e-07 -2.58524e-07 9.89506e-06 1.03242e-05 -9.90672e-07 -2.66799e-07 1.00693e-05 1.05053e-05 -1.17175e-06 -2.75339e-07 1.02515e-05 1.06922e-05 -1.35863e-06 -2.84152e-07 1.04421e-05 1.08851e-05 -1.55149e-06 -2.93247e-07 1.06414e-05 1.10841e-05 -1.75052e-06 -3.02633e-07 1.08496e-05 1.12895e-05 -1.95593e-06 -3.1232e-07 1.1067e-05 1.15015e-05 -2.1679e-06 -3.22317e-07 1.1294e-05 1.17203e-05 -2.38667e-06 -3.32634e-07 1.15308e-05 1.19461e-05 -2.61243e-06 -3.43281e-07 1.17778e-05 1.21791e-05 -2.84542e-06 -3.54268e-07 1.20353e-05 1.24195e-05 -3.08587e-06 -3.65608e-07 1.23036e-05 1.26677e-05 -3.33402e-06 -3.77311e-07 1.25831e-05 1.29238e-05 -3.59011e-06 -3.89388e-07 1.28741e-05 1.31881e-05 -3.85439e-06 -4.01851e-07 1.31769e-05 6.86738e-06 2.46604e-06 -3.45708e-08 7.28316e-06 6.93782e-06 2.39561e-06 -3.56774e-08 7.32145e-06 7.01052e-06 2.32291e-06 -3.68194e-08 7.36202e-06 7.08554e-06 2.24789e-06 -3.79979e-08 7.40499e-06 7.16296e-06 2.17047e-06 -3.92141e-08 7.45047e-06 7.24287e-06 2.09057e-06 -4.04694e-08 7.49861e-06 7.32533e-06 2.00812e-06 -4.17647e-08 7.54955e-06 7.41042e-06 1.92302e-06 -4.31016e-08 7.60342e-06 7.49825e-06 1.8352e-06 -4.44811e-08 7.66038e-06 7.58888e-06 1.74457e-06 -4.59048e-08 7.72058e-06 7.68242e-06 1.65104e-06 -4.73742e-08 7.78418e-06 7.77895e-06 1.55452e-06 -4.88906e-08 7.85136e-06 7.87856e-06 1.4549e-06 -5.04555e-08 7.92227e-06 7.98137e-06 1.3521e-06 -5.20705e-08 7.99711e-06 8.08747e-06 1.24601e-06 -5.37372e-08 8.07605e-06 8.19696e-06 1.13652e-06 -5.54572e-08 8.15929e-06 8.30996e-06 1.02352e-06 -5.72323e-08 8.24702e-06 8.42658e-06 9.06911e-07 -5.90642e-08 8.33944e-06 8.54693e-06 7.86568e-07 -6.09547e-08 8.43675e-06 8.67113e-06 6.62372e-07 -6.29058e-08 8.53918e-06 8.7993e-06 5.34202e-07 -6.49193e-08 8.64693e-06 8.93158e-06 4.01929e-07 -6.69973e-08 8.76024e-06 9.06809e-06 2.65422e-07 -6.91417e-08 8.87932e-06 9.20898e-06 1.24545e-07 -7.13548e-08 9.00442e-06 9.35437e-06 -2.08403e-08 -7.36387e-08 9.13577e-06 9.50441e-06 -1.70879e-07 -7.59958e-08 9.27362e-06 9.65926e-06 -3.25721e-07 -7.84283e-08 9.41822e-06 9.81906e-06 -4.85518e-07 -8.09386e-08 9.56982e-06 9.98398e-06 -6.50431e-07 -8.35293e-08 9.72868e-06 1.01542e-05 -8.20622e-07 -8.6203e-08 9.89506e-06 1.03298e-05 -9.96261e-07 -8.89622e-08 1.00693e-05 1.05111e-05 -1.17752e-06 -9.18098e-08 1.02515e-05 1.06982e-05 -1.36458e-06 -9.47484e-08 1.04421e-05 1.08912e-05 -1.55763e-06 -9.77811e-08 1.06414e-05 1.10905e-05 -1.75686e-06 -1.00911e-07 1.08496e-05 1.12961e-05 -1.96247e-06 -1.04141e-07 1.1067e-05 1.15083e-05 -2.17466e-06 -1.07474e-07 1.1294e-05 1.17273e-05 -2.39364e-06 -1.10914e-07 1.15308e-05 1.19533e-05 -2.61962e-06 -1.14465e-07 1.17778e-05 1.21865e-05 -2.85284e-06 -1.18128e-07 1.20353e-05 1.24272e-05 -3.09353e-06 -1.21909e-07 1.23036e-05 1.26756e-05 -3.34192e-06 -1.25812e-07 1.25831e-05 1.29319e-05 -3.59826e-06 -1.29839e-07 1.28741e-05 1.31965e-05 -3.86281e-06 -1.33995e-07 1.31769e-05 6.86738e-06 2.46604e-06 3.45708e-08 7.28316e-06 6.93782e-06 2.39561e-06 3.56774e-08 7.32145e-06 7.01052e-06 2.32291e-06 3.68194e-08 7.36202e-06 7.08554e-06 2.24789e-06 3.79979e-08 7.40499e-06 7.16296e-06 2.17047e-06 3.92141e-08 7.45047e-06 7.24287e-06 2.09057e-06 4.04694e-08 7.49861e-06 7.32533e-06 2.00812e-06 4.17647e-08 7.54955e-06 7.41042e-06 1.92302e-06 4.31016e-08 7.60342e-06 7.49825e-06 1.8352e-06 4.44811e-08 7.66038e-06 7.58888e-06 1.74457e-06 4.59048e-08 7.72058e-06 7.68242e-06 1.65104e-06 4.73742e-08 7.78418e-06 7.77895e-06 1.55452e-06 4.88906e-08 7.85136e-06 7.87856e-06 1.4549e-06 5.04555e-08 7.92227e-06 7.98137e-06 1.3521e-06 5.20705e-08 7.99711e-06 8.08747e-06 1.24601e-06 5.37372e-08 8.07605e-06 8.19696e-06 1.13652e-06 5.54572e-08 8.15929e-06 8.30996e-06 1.02352e-06 5.72323e-08 8.24702e-06 8.42658e-06 9.06911e-07 5.90642e-08 8.33944e-06 8.54693e-06 7.86568e-07 6.09547e-08 8.43675e-06 8.67113e-06 6.62372e-07 6.29058e-08 8.53918e-06 8.7993e-06 5.34202e-07 6.49193e-08 8.64693e-06 8.93158e-06 4.01929e-07 6.69973e-08 8.76024e-06 9.06809e-06 2.65422e-07 6.91417e-08 8.87932e-06 9.20898e-06 1.24545e-07 7.13548e-08 9.00442e-06 9.35437e-06 -2.08403e-08 7.36387e-08 9.13577e-06 9.50441e-06 -1.70879e-07 7.59958e-08 9.27362e-06 9.65926e-06 -3.25721e-07 7.84283e-08 9.41822e-06 9.81906e-06 -4.85518e-07 8.09386e-08 9.56982e-06 9.98398e-06 -6.50431e-07 8.35293e-08 9.72868e-06 1.01542e-05 -8.20622e-07 8.6203e-08 9.89506e-06 1.03298e-05 -9.96261e-07 8.89622e-08 1.00693e-05 1.05111e-05 -1.17752e-06 9.18098e-08 1.02515e-05 1.06982e-05 -1.36458e-06 9.47484e-08 1.04421e-05 1.08912e-05 -1.55763e-06 9.77811e-08 1.06414e-05 1.10905e-05 -1.75686e-06 1.00911e-07 1.08496e-05 1.12961e-05 -1.96247e-06 1.04141e-07 1.1067e-05 1.15083e-05 -2.17466e-06 1.07474e-07 1.1294e-05 1.17273e-05 -2.39364e-06 1.10914e-07 1.15308e-05 1.19533e-05 -2.61962e-06 1.14465e-07 1.17778e-05 1.21865e-05 -2.85284e-06 1.18128e-07 1.20353e-05 1.24272e-05 -3.09353e-06 1.21909e-07 1.23036e-05 1.26756e-05 -3.34192e-06 1.25812e-07 1.25831e-05 1.29319e-05 -3.59826e-06 1.29839e-07 1.28741e-05 1.31965e-05 -3.86281e-06 1.33995e-07 1.31769e-05 6.86521e-06 2.46822e-06 1.03678e-07 7.28316e-06 6.93558e-06 2.39785e-06 1.06997e-07 7.32145e-06 7.0082e-06 2.32523e-06 1.10422e-07 7.36202e-06 7.08315e-06 2.25028e-06 1.13956e-07 7.40499e-06 7.1605e-06 2.17294e-06 1.17604e-07 7.45047e-06 7.24032e-06 2.09312e-06 1.21368e-07 7.49861e-06 7.3227e-06 2.01074e-06 1.25253e-07 7.54955e-06 7.40772e-06 1.92573e-06 1.29262e-07 7.60342e-06 7.49545e-06 1.838e-06 1.33399e-07 7.66038e-06 7.586e-06 1.74746e-06 1.37669e-07 7.72058e-06 7.67944e-06 1.65402e-06 1.42076e-07 7.78418e-06 7.77587e-06 1.55759e-06 1.46623e-07 7.85136e-06 7.87539e-06 1.45807e-06 1.51317e-07 7.92227e-06 7.9781e-06 1.35537e-06 1.5616e-07 7.99711e-06 8.08409e-06 1.24938e-06 1.61158e-07 8.07605e-06 8.19348e-06 1.14e-06 1.66317e-07 8.15929e-06 8.30637e-06 1.02712e-06 1.7164e-07 8.24702e-06 8.42287e-06 9.10622e-07 1.77134e-07 8.33944e-06 8.5431e-06 7.90397e-07 1.82804e-07 8.43675e-06 8.66717e-06 6.66324e-07 1.88655e-07 8.53918e-06 8.79522e-06 5.3828e-07 1.94694e-07 8.64693e-06 8.92737e-06 4.06138e-07 2.00926e-07 8.76024e-06 9.06375e-06 2.69765e-07 2.07357e-07 8.87932e-06 9.20449e-06 1.29028e-07 2.13994e-07 9.00442e-06 9.34974e-06 -1.62141e-08 2.20844e-07 9.13577e-06 9.49964e-06 -1.66105e-07 2.27912e-07 9.27362e-06 9.65433e-06 -3.20794e-07 2.35207e-07 9.41822e-06 9.81398e-06 -4.80434e-07 2.42736e-07 9.56982e-06 9.97874e-06 -6.45184e-07 2.50506e-07 9.72868e-06 1.01488e-05 -8.15207e-07 2.58524e-07 9.89506e-06 1.03242e-05 -9.90672e-07 2.66799e-07 1.00693e-05 1.05053e-05 -1.17175e-06 2.75339e-07 1.02515e-05 1.06922e-05 -1.35863e-06 2.84152e-07 1.04421e-05 1.08851e-05 -1.55149e-06 2.93247e-07 1.06414e-05 1.10841e-05 -1.75052e-06 3.02633e-07 1.08496e-05 1.12895e-05 -1.95593e-06 3.1232e-07 1.1067e-05 1.15015e-05 -2.1679e-06 3.22317e-07 1.1294e-05 1.17203e-05 -2.38667e-06 3.32634e-07 1.15308e-05 1.19461e-05 -2.61243e-06 3.43281e-07 1.17778e-05 1.21791e-05 -2.84542e-06 3.54268e-07 1.20353e-05 1.24195e-05 -3.08587e-06 3.65608e-07 1.23036e-05 1.26677e-05 -3.33402e-06 3.77311e-07 1.25831e-05 1.29238e-05 -3.59011e-06 3.89388e-07 1.28741e-05 1.31881e-05 -3.85439e-06 4.01851e-07 1.31769e-05 6.86087e-06 2.47256e-06 1.72684e-07 7.28316e-06 6.9311e-06 2.40233e-06 1.78211e-07 7.32145e-06 7.00358e-06 2.32985e-06 1.83915e-07 7.36202e-06 7.07838e-06 2.25505e-06 1.89802e-07 7.40499e-06 7.15558e-06 2.17786e-06 1.95877e-07 7.45047e-06 7.23524e-06 2.0982e-06 2.02147e-07 7.49861e-06 7.31746e-06 2.01599e-06 2.08617e-07 7.54955e-06 7.4023e-06 1.93114e-06 2.15295e-07 7.60342e-06 7.48987e-06 1.84358e-06 2.22186e-07 7.66038e-06 7.58023e-06 1.75322e-06 2.29298e-07 7.72058e-06 7.67349e-06 1.65997e-06 2.36637e-07 7.78418e-06 7.76973e-06 1.56373e-06 2.44212e-07 7.85136e-06 7.86906e-06 1.46441e-06 2.52029e-07 7.92227e-06 7.97156e-06 1.36191e-06 2.60095e-07 7.99711e-06 8.07735e-06 1.25613e-06 2.68421e-07 8.07605e-06 8.18651e-06 1.14696e-06 2.77012e-07 8.15929e-06 8.29918e-06 1.0343e-06 2.85879e-07 8.24702e-06 8.41545e-06 9.18039e-07 2.9503e-07 8.33944e-06 8.53544e-06 7.98052e-07 3.04473e-07 8.43675e-06 8.65927e-06 6.74224e-07 3.14219e-07 8.53918e-06 8.78707e-06 5.46433e-07 3.24276e-07 8.64693e-06 8.91896e-06 4.14551e-07 3.34656e-07 8.76024e-06 9.05507e-06 2.78448e-07 3.45367e-07 8.87932e-06 9.19553e-06 1.37989e-07 3.56422e-07 9.00442e-06 9.34049e-06 -6.96645e-09 3.6783e-07 9.13577e-06 9.49009e-06 -1.56561e-07 3.79604e-07 9.27362e-06 9.64448e-06 -3.10945e-07 3.91755e-07 9.41822e-06 9.80382e-06 -4.70269e-07 4.04294e-07 9.56982e-06 9.96825e-06 -6.34694e-07 4.17235e-07 9.72868e-06 1.01379e-05 -8.04381e-07 4.3059e-07 9.89506e-06 1.03131e-05 -9.795e-07 4.44372e-07 1.00693e-05 1.04938e-05 -1.16022e-06 4.58596e-07 1.02515e-05 1.06803e-05 -1.34673e-06 4.73275e-07 1.04421e-05 1.08728e-05 -1.53921e-06 4.88423e-07 1.06414e-05 1.10714e-05 -1.73785e-06 5.04057e-07 1.08496e-05 1.12765e-05 -1.94285e-06 5.20191e-07 1.1067e-05 1.1488e-05 -2.15441e-06 5.36841e-07 1.1294e-05 1.17064e-05 -2.37274e-06 5.54025e-07 1.15308e-05 1.19317e-05 -2.59806e-06 5.71758e-07 1.17778e-05 1.21642e-05 -2.83059e-06 5.90059e-07 1.20353e-05 1.24042e-05 -3.07056e-06 6.08946e-07 1.23036e-05 1.26519e-05 -3.31822e-06 6.28437e-07 1.25831e-05 1.29075e-05 -3.5738e-06 6.48552e-07 1.28741e-05 1.31713e-05 -3.83756e-06 6.69311e-07 1.31769e-05 6.85436e-06 2.47906e-06 2.41519e-07 7.28316e-06 6.92438e-06 2.40904e-06 2.49249e-07 7.32145e-06 6.99665e-06 2.33678e-06 2.57227e-07 7.36202e-06 7.07123e-06 2.2622e-06 2.65461e-07 7.40499e-06 7.14819e-06 2.18524e-06 2.73958e-07 7.45047e-06 7.22762e-06 2.10582e-06 2.82727e-07 7.49861e-06 7.3096e-06 2.02385e-06 2.91776e-07 7.54955e-06 7.39419e-06 1.93926e-06 3.01115e-07 7.60342e-06 7.48149e-06 1.85196e-06 3.10753e-07 7.66038e-06 7.57159e-06 1.76186e-06 3.207e-07 7.72058e-06 7.66457e-06 1.66888e-06 3.30965e-07 7.78418e-06 7.76053e-06 1.57293e-06 3.41559e-07 7.85136e-06 7.85956e-06 1.4739e-06 3.52492e-07 7.92227e-06 7.96176e-06 1.37171e-06 3.63774e-07 7.99711e-06 8.06723e-06 1.26624e-06 3.75418e-07 8.07605e-06 8.17608e-06 1.1574e-06 3.87434e-07 8.15929e-06 8.28841e-06 1.04508e-06 3.99836e-07 8.24702e-06 8.40433e-06 9.29156e-07 4.12634e-07 8.33944e-06 8.52397e-06 8.09524e-07 4.25841e-07 8.43675e-06 8.64743e-06 6.86064e-07 4.39472e-07 8.53918e-06 8.77485e-06 5.58652e-07 4.53539e-07 8.64693e-06 8.90635e-06 4.27161e-07 4.68056e-07 8.76024e-06 9.04205e-06 2.91462e-07 4.83037e-07 8.87932e-06 9.1821e-06 1.51419e-07 4.98498e-07 9.00442e-06 9.32663e-06 6.89357e-09 5.14454e-07 9.13577e-06 9.47579e-06 -1.42258e-07 5.30921e-07 9.27362e-06 9.62972e-06 -2.96183e-07 5.47915e-07 9.41822e-06 9.78858e-06 -4.55035e-07 5.65453e-07 9.56982e-06 9.95253e-06 -6.18972e-07 5.83552e-07 9.72868e-06 1.01217e-05 -7.88156e-07 6.02231e-07 9.89506e-06 1.02963e-05 -9.62756e-07 6.21507e-07 1.00693e-05 1.04765e-05 -1.14294e-06 6.414e-07 1.02515e-05 1.06625e-05 -1.3289e-06 6.61931e-07 1.04421e-05 1.08544e-05 -1.52081e-06 6.83118e-07 1.06414e-05 1.10525e-05 -1.71886e-06 7.04983e-07 1.08496e-05 1.12569e-05 -1.92325e-06 7.27549e-07 1.1067e-05 1.14678e-05 -2.13418e-06 7.50836e-07 1.1294e-05 1.16855e-05 -2.35186e-06 7.74869e-07 1.15308e-05 1.19101e-05 -2.57651e-06 7.99671e-07 1.17778e-05 1.2142e-05 -2.80836e-06 8.25267e-07 1.20353e-05 1.23813e-05 -3.04762e-06 8.51683e-07 1.23036e-05 1.26282e-05 -3.29454e-06 8.78944e-07 1.25831e-05 1.2883e-05 -3.54936e-06 9.07077e-07 1.28741e-05 1.3146e-05 -3.81234e-06 9.36111e-07 1.31769e-05 6.84569e-06 2.48773e-06 3.10115e-07 7.28316e-06 6.91544e-06 2.41799e-06 3.20041e-07 7.32145e-06 6.98742e-06 2.34601e-06 3.30285e-07 7.36202e-06 7.0617e-06 2.27173e-06 3.40857e-07 7.40499e-06 7.13836e-06 2.19507e-06 3.51768e-07 7.45047e-06 7.21748e-06 2.11596e-06 3.63027e-07 7.49861e-06 7.29913e-06 2.03432e-06 3.74647e-07 7.54955e-06 7.38339e-06 1.95006e-06 3.86639e-07 7.60342e-06 7.47035e-06 1.86311e-06 3.99014e-07 7.66038e-06 7.56009e-06 1.77337e-06 4.11786e-07 7.72058e-06 7.6527e-06 1.68076e-06 4.24967e-07 7.78418e-06 7.74828e-06 1.58519e-06 4.38569e-07 7.85136e-06 7.84691e-06 1.48655e-06 4.52607e-07 7.92227e-06 7.94871e-06 1.38476e-06 4.67094e-07 7.99711e-06 8.05376e-06 1.27971e-06 4.82045e-07 8.07605e-06 8.16218e-06 1.1713e-06 4.97474e-07 8.15929e-06 8.27406e-06 1.05942e-06 5.13398e-07 8.24702e-06 8.38953e-06 9.43961e-07 5.29831e-07 8.33944e-06 8.50869e-06 8.24804e-07 5.46789e-07 8.43675e-06 8.63167e-06 7.01832e-07 5.64291e-07 8.53918e-06 8.75858e-06 5.74925e-07 5.82353e-07 8.64693e-06 8.88955e-06 4.43955e-07 6.00993e-07 8.76024e-06 9.02472e-06 3.08793e-07 6.2023e-07 8.87932e-06 9.16422e-06 1.69305e-07 6.40083e-07 9.00442e-06 9.30817e-06 2.53523e-08 6.60571e-07 9.13577e-06 9.45674e-06 -1.23208e-07 6.81714e-07 9.27362e-06 9.61006e-06 -2.76524e-07 7.03535e-07 9.41822e-06 9.76829e-06 -4.34747e-07 7.26054e-07 9.56982e-06 9.93159e-06 -5.98034e-07 7.49293e-07 9.72868e-06 1.01001e-05 -7.66548e-07 7.73277e-07 9.89506e-06 1.0274e-05 -9.40456e-07 7.98028e-07 1.00693e-05 1.04535e-05 -1.11993e-06 8.23572e-07 1.02515e-05 1.06387e-05 -1.30515e-06 8.49933e-07 1.04421e-05 1.08299e-05 -1.4963e-06 8.77138e-07 1.06414e-05 1.10272e-05 -1.69356e-06 9.05214e-07 1.08496e-05 1.12307e-05 -1.89714e-06 9.34188e-07 1.1067e-05 1.14409e-05 -2.10724e-06 9.6409e-07 1.1294e-05 1.16577e-05 -2.32406e-06 9.94949e-07 1.15308e-05 1.18815e-05 -2.54782e-06 1.0268e-06 1.17778e-05 1.21124e-05 -2.77874e-06 1.05966e-06 1.20353e-05 1.23507e-05 -3.01706e-06 1.09358e-06 1.23036e-05 1.25967e-05 -3.263e-06 1.12858e-06 1.25831e-05 1.28505e-05 -3.51682e-06 1.16471e-06 1.28741e-05 1.31124e-05 -3.77876e-06 1.20199e-06 1.31769e-05 6.83488e-06 2.49855e-06 3.78406e-07 7.28316e-06 6.90428e-06 2.42915e-06 3.90518e-07 7.32145e-06 6.9759e-06 2.35753e-06 4.03017e-07 7.36202e-06 7.04982e-06 2.28362e-06 4.15917e-07 7.40499e-06 7.1261e-06 2.20734e-06 4.2923e-07 7.45047e-06 7.20482e-06 2.12862e-06 4.42969e-07 7.49861e-06 7.28606e-06 2.04738e-06 4.57148e-07 7.54955e-06 7.3699e-06 1.96354e-06 4.7178e-07 7.60342e-06 7.45643e-06 1.87702e-06 4.86881e-07 7.66038e-06 7.54572e-06 1.78773e-06 5.02465e-07 7.72058e-06 7.63788e-06 1.69558e-06 5.18548e-07 7.78418e-06 7.73298e-06 1.60048e-06 5.35146e-07 7.85136e-06 7.83113e-06 1.50234e-06 5.52275e-07 7.92227e-06 7.93242e-06 1.40105e-06 5.69953e-07 7.99711e-06 8.03695e-06 1.29653e-06 5.88196e-07 8.07605e-06 8.14483e-06 1.18865e-06 6.07023e-07 8.15929e-06 8.25615e-06 1.07733e-06 6.26453e-07 8.24702e-06 8.37105e-06 9.62441e-07 6.46505e-07 8.33944e-06 8.48962e-06 8.43875e-07 6.67198e-07 8.43675e-06 8.61199e-06 7.21513e-07 6.88554e-07 8.53918e-06 8.73827e-06 5.95236e-07 7.10593e-07 8.64693e-06 8.86859e-06 4.64916e-07 7.33338e-07 8.76024e-06 9.00309e-06 3.30425e-07 7.56811e-07 8.87932e-06 9.14189e-06 1.9163e-07 7.81035e-07 9.00442e-06 9.28514e-06 4.83916e-08 8.06035e-07 9.13577e-06 9.43296e-06 -9.94314e-08 8.31835e-07 9.27362e-06 9.58553e-06 -2.51986e-07 8.5846e-07 9.41822e-06 9.74297e-06 -4.09424e-07 8.85938e-07 9.56982e-06 9.90545e-06 -5.719e-07 9.14295e-07 9.72868e-06 1.00731e-05 -7.39578e-07 9.4356e-07 9.89506e-06 1.02462e-05 -9.12622e-07 9.73762e-07 1.00693e-05 1.04248e-05 -1.09121e-06 1.00493e-06 1.02515e-05 1.06091e-05 -1.27551e-06 1.0371e-06 1.04421e-05 1.07993e-05 -1.4657e-06 1.07029e-06 1.06414e-05 1.09956e-05 -1.66199e-06 1.10455e-06 1.08496e-05 1.11982e-05 -1.86456e-06 1.13991e-06 1.1067e-05 1.14072e-05 -2.07361e-06 1.17639e-06 1.1294e-05 1.1623e-05 -2.28936e-06 1.21405e-06 1.15308e-05 1.18456e-05 -2.51201e-06 1.25291e-06 1.17778e-05 1.20754e-05 -2.74179e-06 1.29301e-06 1.20353e-05 1.23126e-05 -2.97892e-06 1.3344e-06 1.23036e-05 1.25573e-05 -3.22364e-06 1.37711e-06 1.25831e-05 1.28099e-05 -3.47619e-06 1.42119e-06 1.28741e-05 1.30705e-05 -3.73683e-06 1.46668e-06 1.31769e-05 6.82192e-06 2.5115e-06 4.46323e-07 7.28316e-06 6.89091e-06 2.44252e-06 4.60609e-07 7.32145e-06 6.9621e-06 2.37133e-06 4.75352e-07 7.36202e-06 7.03558e-06 2.29786e-06 4.90567e-07 7.40499e-06 7.1114e-06 2.22204e-06 5.06269e-07 7.45047e-06 7.18965e-06 2.14379e-06 5.22474e-07 7.49861e-06 7.27041e-06 2.06304e-06 5.39197e-07 7.54955e-06 7.35375e-06 1.9797e-06 5.56456e-07 7.60342e-06 7.43976e-06 1.89369e-06 5.74267e-07 7.66038e-06 7.52852e-06 1.80493e-06 5.92649e-07 7.72058e-06 7.62012e-06 1.71333e-06 6.11619e-07 7.78418e-06 7.71466e-06 1.6188e-06 6.31195e-07 7.85136e-06 7.81222e-06 1.52125e-06 6.51399e-07 7.92227e-06 7.9129e-06 1.42057e-06 6.72249e-07 7.99711e-06 8.01681e-06 1.31667e-06 6.93767e-07 8.07605e-06 8.12404e-06 1.20944e-06 7.15973e-07 8.15929e-06 8.23471e-06 1.09878e-06 7.3889e-07 8.24702e-06 8.34891e-06 9.84576e-07 7.62541e-07 8.33944e-06 8.46678e-06 8.66718e-07 7.86948e-07 8.43675e-06 8.58841e-06 7.45088e-07 8.12137e-07 8.53918e-06 8.71394e-06 6.19565e-07 8.38132e-07 8.64693e-06 8.84348e-06 4.90024e-07 8.64959e-07 8.76024e-06 8.97718e-06 3.56337e-07 8.92645e-07 8.87932e-06 9.11515e-06 2.18371e-07 9.21217e-07 9.00442e-06 9.25754e-06 7.59887e-08 9.50704e-07 9.13577e-06 9.40448e-06 -7.0951e-08 9.81134e-07 9.27362e-06 9.55613e-06 -2.22594e-07 1.01254e-06 9.41822e-06 9.71264e-06 -3.79091e-07 1.04495e-06 9.56982e-06 9.87415e-06 -5.40597e-07 1.0784e-06 9.72868e-06 1.00408e-05 -7.07272e-07 1.11291e-06 9.89506e-06 1.02128e-05 -8.79283e-07 1.14854e-06 1.00693e-05 1.03904e-05 -1.0568e-06 1.1853e-06 1.02515e-05 1.05736e-05 -1.24e-06 1.22324e-06 1.04421e-05 1.07626e-05 -1.42906e-06 1.26239e-06 1.06414e-05 1.09578e-05 -1.62417e-06 1.3028e-06 1.08496e-05 1.11591e-05 -1.82553e-06 1.3445e-06 1.1067e-05 1.1367e-05 -2.03334e-06 1.38753e-06 1.1294e-05 1.15814e-05 -2.24779e-06 1.43195e-06 1.15308e-05 1.18027e-05 -2.46911e-06 1.47778e-06 1.17778e-05 1.20312e-05 -2.69752e-06 1.52508e-06 1.20353e-05 1.22669e-05 -2.93323e-06 1.5739e-06 1.23036e-05 1.25102e-05 -3.17649e-06 1.62427e-06 1.25831e-05 1.27612e-05 -3.42754e-06 1.67626e-06 1.28741e-05 1.30203e-05 -3.68662e-06 1.72992e-06 1.31769e-05 6.80684e-06 2.52658e-06 5.13799e-07 7.28316e-06 6.87534e-06 2.45808e-06 5.30245e-07 7.32145e-06 6.94604e-06 2.38739e-06 5.47217e-07 7.36202e-06 7.019e-06 2.31444e-06 5.64733e-07 7.40499e-06 7.09429e-06 2.23915e-06 5.82809e-07 7.45047e-06 7.172e-06 2.16144e-06 6.01463e-07 7.49861e-06 7.25219e-06 2.08126e-06 6.20715e-07 7.54955e-06 7.33494e-06 1.9985e-06 6.40583e-07 7.60342e-06 7.42035e-06 1.9131e-06 6.61087e-07 7.66038e-06 7.50849e-06 1.82496e-06 6.82247e-07 7.72058e-06 7.59945e-06 1.734e-06 7.04085e-07 7.78418e-06 7.69333e-06 1.64013e-06 7.26622e-07 7.85136e-06 7.79021e-06 1.54326e-06 7.4988e-07 7.92227e-06 7.89019e-06 1.44328e-06 7.73882e-07 7.99711e-06 7.99336e-06 1.34011e-06 7.98652e-07 8.07605e-06 8.09985e-06 1.23363e-06 8.24216e-07 8.15929e-06 8.20974e-06 1.12375e-06 8.50598e-07 8.24702e-06 8.32314e-06 1.01034e-06 8.77824e-07 8.33944e-06 8.44018e-06 8.93312e-07 9.05921e-07 8.43675e-06 8.56097e-06 7.72533e-07 9.34919e-07 8.53918e-06 8.68562e-06 6.47889e-07 9.64844e-07 8.64693e-06 8.81425e-06 5.19254e-07 9.95727e-07 8.76024e-06 8.94701e-06 3.86503e-07 1.0276e-06 8.87932e-06 9.08402e-06 2.49502e-07 1.06049e-06 9.00442e-06 9.22541e-06 1.08116e-07 1.09443e-06 9.13577e-06 9.37133e-06 -3.7795e-08 1.12947e-06 9.27362e-06 9.52192e-06 -1.88377e-07 1.16562e-06 9.41822e-06 9.67732e-06 -3.43778e-07 1.20293e-06 9.56982e-06 9.83771e-06 -5.04154e-07 1.24143e-06 9.72868e-06 1.00032e-05 -6.69663e-07 1.28117e-06 9.89506e-06 1.0174e-05 -8.4047e-07 1.32217e-06 1.00693e-05 1.03503e-05 -1.01674e-06 1.3645e-06 1.02515e-05 1.05322e-05 -1.19866e-06 1.40817e-06 1.04421e-05 1.072e-05 -1.3864e-06 1.45324e-06 1.06414e-05 1.09137e-05 -1.58015e-06 1.49976e-06 1.08496e-05 1.11137e-05 -1.7801e-06 1.54776e-06 1.1067e-05 1.13201e-05 -1.98645e-06 1.59731e-06 1.1294e-05 1.1533e-05 -2.1994e-06 1.64843e-06 1.15308e-05 1.17528e-05 -2.41917e-06 1.7012e-06 1.17778e-05 1.19796e-05 -2.64598e-06 1.75565e-06 1.20353e-05 1.22137e-05 -2.88004e-06 1.81184e-06 1.23036e-05 1.24553e-05 -3.1216e-06 1.86984e-06 1.25831e-05 1.27046e-05 -3.37089e-06 1.92969e-06 1.28741e-05 1.29618e-05 -3.62816e-06 1.99145e-06 1.31769e-05 6.78964e-06 2.54378e-06 5.80769e-07 7.28316e-06 6.8576e-06 2.47583e-06 5.99358e-07 7.32145e-06 6.92773e-06 2.4057e-06 6.18543e-07 7.36202e-06 7.0001e-06 2.33334e-06 6.38341e-07 7.40499e-06 7.07479e-06 2.25865e-06 6.58773e-07 7.45047e-06 7.15187e-06 2.18157e-06 6.79859e-07 7.49861e-06 7.23141e-06 2.10203e-06 7.0162e-07 7.54955e-06 7.31351e-06 2.01994e-06 7.24078e-07 7.60342e-06 7.39823e-06 1.93522e-06 7.47254e-07 7.66038e-06 7.48566e-06 1.84779e-06 7.71173e-07 7.72058e-06 7.57589e-06 1.75757e-06 7.95857e-07 7.78418e-06 7.66901e-06 1.66445e-06 8.21331e-07 7.85136e-06 7.76511e-06 1.56836e-06 8.4762e-07 7.92227e-06 7.86429e-06 1.46918e-06 8.74751e-07 7.99711e-06 7.96664e-06 1.36684e-06 9.0275e-07 8.07605e-06 8.07226e-06 1.26122e-06 9.31646e-07 8.15929e-06 8.18127e-06 1.15221e-06 9.61466e-07 8.24702e-06 8.29377e-06 1.03972e-06 9.92241e-07 8.33944e-06 8.40986e-06 9.2363e-07 1.024e-06 8.43675e-06 8.52968e-06 8.03821e-07 1.05678e-06 8.53918e-06 8.65333e-06 6.80178e-07 1.0906e-06 8.64693e-06 8.78093e-06 5.52578e-07 1.12551e-06 8.76024e-06 8.91262e-06 4.20893e-07 1.16154e-06 8.87932e-06 9.04853e-06 2.84993e-07 1.19872e-06 9.00442e-06 9.18878e-06 1.44743e-07 1.23709e-06 9.13577e-06 9.33353e-06 3.8957e-12 1.27668e-06 9.27362e-06 9.48291e-06 -1.49368e-07 1.31755e-06 9.41822e-06 9.63707e-06 -3.03521e-07 1.35972e-06 9.56982e-06 9.79616e-06 -4.62608e-07 1.40324e-06 9.72868e-06 9.96035e-06 -6.26787e-07 1.44816e-06 9.89506e-06 1.01298e-05 -7.96222e-07 1.49451e-06 1.00693e-05 1.03047e-05 -9.71079e-07 1.54235e-06 1.02515e-05 1.04851e-05 -1.15153e-06 1.59171e-06 1.04421e-05 1.06714e-05 -1.33776e-06 1.64266e-06 1.06414e-05 1.08636e-05 -1.52996e-06 1.69524e-06 1.08496e-05 1.10619e-05 -1.7283e-06 1.7495e-06 1.1067e-05 1.12666e-05 -1.93299e-06 1.8055e-06 1.1294e-05 1.14779e-05 -2.14423e-06 1.86329e-06 1.15308e-05 1.16959e-05 -2.36224e-06 1.92293e-06 1.17778e-05 1.19209e-05 -2.58722e-06 1.98448e-06 1.20353e-05 1.21531e-05 -2.81941e-06 2.048e-06 1.23036e-05 1.23927e-05 -3.05902e-06 2.11356e-06 1.25831e-05 1.264e-05 -3.30631e-06 2.18121e-06 1.28741e-05 1.28952e-05 -3.56151e-06 2.25102e-06 1.31769e-05 6.77035e-06 2.56307e-06 6.47165e-07 7.28316e-06 6.83769e-06 2.49574e-06 6.6788e-07 7.32145e-06 6.90718e-06 2.42625e-06 6.89257e-07 7.36202e-06 6.9789e-06 2.35454e-06 7.11319e-07 7.40499e-06 7.05291e-06 2.28053e-06 7.34087e-07 7.45047e-06 7.12929e-06 2.20415e-06 7.57584e-07 7.49861e-06 7.20811e-06 2.12533e-06 7.81833e-07 7.54955e-06 7.28946e-06 2.04399e-06 8.06858e-07 7.60342e-06 7.37341e-06 1.96004e-06 8.32684e-07 7.66038e-06 7.46005e-06 1.87341e-06 8.59337e-07 7.72058e-06 7.54946e-06 1.784e-06 8.86843e-07 7.78418e-06 7.64173e-06 1.69173e-06 9.15229e-07 7.85136e-06 7.73696e-06 1.59651e-06 9.44524e-07 7.92227e-06 7.83523e-06 1.49824e-06 9.74757e-07 7.99711e-06 7.93665e-06 1.39682e-06 1.00596e-06 8.07605e-06 8.04132e-06 1.29216e-06 1.03816e-06 8.15929e-06 8.14934e-06 1.18415e-06 1.07139e-06 8.24702e-06 8.26081e-06 1.07268e-06 1.10568e-06 8.33944e-06 8.37585e-06 9.57641e-07 1.14107e-06 8.43675e-06 8.49458e-06 8.38922e-07 1.17759e-06 8.53918e-06 8.6171e-06 7.16402e-07 1.21529e-06 8.64693e-06 8.74355e-06 5.89961e-07 1.25419e-06 8.76024e-06 8.87404e-06 4.59473e-07 1.29433e-06 8.87932e-06 9.00871e-06 3.24808e-07 1.33576e-06 9.00442e-06 9.14769e-06 1.85832e-07 1.37851e-06 9.13577e-06 9.29112e-06 4.24083e-08 1.42264e-06 9.27362e-06 9.43915e-06 -1.05606e-07 1.46817e-06 9.41822e-06 9.5919e-06 -2.58359e-07 1.51517e-06 9.56982e-06 9.74955e-06 -4.16e-07 1.56367e-06 9.72868e-06 9.91225e-06 -5.78688e-07 1.61372e-06 9.89506e-06 1.00801e-05 -7.46582e-07 1.66537e-06 1.00693e-05 1.02534e-05 -9.19851e-07 1.71867e-06 1.02515e-05 1.04322e-05 -1.09867e-06 1.77369e-06 1.04421e-05 1.06168e-05 -1.2832e-06 1.83046e-06 1.06414e-05 1.08072e-05 -1.47365e-06 1.88905e-06 1.08496e-05 1.10038e-05 -1.67019e-06 1.94951e-06 1.1067e-05 1.12066e-05 -1.87302e-06 2.01191e-06 1.1294e-05 1.1416e-05 -2.08235e-06 2.07631e-06 1.15308e-05 1.1632e-05 -2.29837e-06 2.14277e-06 1.17778e-05 1.1855e-05 -2.52131e-06 2.21136e-06 1.20353e-05 1.2085e-05 -2.75138e-06 2.28214e-06 1.23036e-05 1.23225e-05 -2.98882e-06 2.35519e-06 1.25831e-05 1.25675e-05 -3.23386e-06 2.43057e-06 1.28741e-05 1.28204e-05 -3.48674e-06 2.50837e-06 1.31769e-05 6.74899e-06 2.58444e-06 7.12923e-07 7.28316e-06 6.81564e-06 2.51779e-06 7.35742e-07 7.32145e-06 6.88443e-06 2.449e-06 7.59292e-07 7.36202e-06 6.95541e-06 2.37802e-06 7.83596e-07 7.40499e-06 7.02867e-06 2.30477e-06 8.08677e-07 7.45047e-06 7.10427e-06 2.22917e-06 8.34561e-07 7.49861e-06 7.1823e-06 2.15115e-06 8.61274e-07 7.54955e-06 7.26282e-06 2.07063e-06 8.88842e-07 7.60342e-06 7.34592e-06 1.98753e-06 9.17292e-07 7.66038e-06 7.43168e-06 1.90178e-06 9.46653e-07 7.72058e-06 7.52018e-06 1.81328e-06 9.76954e-07 7.78418e-06 7.61151e-06 1.72195e-06 1.00822e-06 7.85136e-06 7.70577e-06 1.62769e-06 1.0405e-06 7.92227e-06 7.80305e-06 1.53042e-06 1.0738e-06 7.99711e-06 7.90344e-06 1.43003e-06 1.10817e-06 8.07605e-06 8.00704e-06 1.32643e-06 1.14364e-06 8.15929e-06 8.11396e-06 1.21952e-06 1.18025e-06 8.24702e-06 8.22431e-06 1.10918e-06 1.21803e-06 8.33944e-06 8.33818e-06 9.95313e-07 1.25701e-06 8.43675e-06 8.4557e-06 8.778e-07 1.29725e-06 8.53918e-06 8.57698e-06 7.56525e-07 1.33877e-06 8.64693e-06 8.70214e-06 6.31368e-07 1.38162e-06 8.76024e-06 8.83131e-06 5.02205e-07 1.42585e-06 8.87932e-06 8.96461e-06 3.68907e-07 1.47148e-06 9.00442e-06 9.10218e-06 2.31344e-07 1.51858e-06 9.13577e-06 9.24416e-06 8.93764e-08 1.56719e-06 9.27362e-06 9.39067e-06 -5.7135e-08 1.61735e-06 9.41822e-06 9.54188e-06 -2.08336e-07 1.66912e-06 9.56982e-06 9.69793e-06 -3.64376e-07 1.72255e-06 9.72868e-06 9.85897e-06 -5.25411e-07 1.77768e-06 9.89506e-06 1.00252e-05 -6.91601e-07 1.83459e-06 1.00693e-05 1.01967e-05 -8.6311e-07 1.89331e-06 1.02515e-05 1.03737e-05 -1.04011e-06 1.95391e-06 1.04421e-05 1.05564e-05 -1.22277e-06 2.01645e-06 1.06414e-05 1.07449e-05 -1.41128e-06 2.08099e-06 1.08496e-05 1.09394e-05 -1.60583e-06 2.1476e-06 1.1067e-05 1.11402e-05 -1.8066e-06 2.21634e-06 1.1294e-05 1.13474e-05 -2.0138e-06 2.28728e-06 1.15308e-05 1.15613e-05 -2.22763e-06 2.3605e-06 1.17778e-05 1.17819e-05 -2.4483e-06 2.43605e-06 1.20353e-05 1.20097e-05 -2.67604e-06 2.51403e-06 1.23036e-05 1.22447e-05 -2.91107e-06 2.5945e-06 1.25831e-05 1.24873e-05 -3.15362e-06 2.67754e-06 1.28741e-05 1.27376e-05 -3.40393e-06 2.76324e-06 1.31769e-05 6.72557e-06 2.60786e-06 7.77977e-07 7.28316e-06 6.79147e-06 2.54196e-06 8.02878e-07 7.32145e-06 6.85948e-06 2.47395e-06 8.28577e-07 7.36202e-06 6.92967e-06 2.40376e-06 8.55099e-07 7.40499e-06 7.0021e-06 2.33133e-06 8.82469e-07 7.45047e-06 7.07686e-06 2.25658e-06 9.10715e-07 7.49861e-06 7.154e-06 2.17944e-06 9.39865e-07 7.54955e-06 7.23362e-06 2.09983e-06 9.69949e-07 7.60342e-06 7.31578e-06 2.01767e-06 1.001e-06 7.66038e-06 7.40058e-06 1.93288e-06 1.03304e-06 7.72058e-06 7.48808e-06 1.84537e-06 1.0661e-06 7.78418e-06 7.57839e-06 1.75507e-06 1.10023e-06 7.85136e-06 7.67159e-06 1.66187e-06 1.13544e-06 7.92227e-06 7.76777e-06 1.5657e-06 1.17178e-06 7.99711e-06 7.86704e-06 1.46644e-06 1.20929e-06 8.07605e-06 7.96947e-06 1.36401e-06 1.248e-06 8.15929e-06 8.07519e-06 1.25829e-06 1.28795e-06 8.24702e-06 8.18429e-06 1.1492e-06 1.32917e-06 8.33944e-06 8.29689e-06 1.03661e-06 1.37171e-06 8.43675e-06 8.41308e-06 9.20417e-07 1.41562e-06 8.53918e-06 8.533e-06 8.00506e-07 1.46093e-06 8.64693e-06 8.65675e-06 6.76757e-07 1.50769e-06 8.76024e-06 8.78447e-06 5.49047e-07 1.55595e-06 8.87932e-06 8.91627e-06 4.17249e-07 1.60576e-06 9.00442e-06 9.05229e-06 2.81232e-07 1.65715e-06 9.13577e-06 9.19267e-06 1.40862e-07 1.7102e-06 9.27362e-06 9.33754e-06 -4.0016e-09 1.76494e-06 9.41822e-06 9.48705e-06 -1.53502e-07 1.82143e-06 9.56982e-06 9.64134e-06 -3.07787e-07 1.87973e-06 9.72868e-06 9.80057e-06 -4.67011e-07 1.9399e-06 9.89506e-06 9.9649e-06 -6.31331e-07 2.00199e-06 1.00693e-05 1.01345e-05 -8.00911e-07 2.06607e-06 1.02515e-05 1.03095e-05 -9.75919e-07 2.1322e-06 1.04421e-05 1.04901e-05 -1.15653e-06 2.20045e-06 1.06414e-05 1.06765e-05 -1.34292e-06 2.27088e-06 1.08496e-05 1.08689e-05 -1.53527e-06 2.34357e-06 1.1067e-05 1.10674e-05 -1.73379e-06 2.41858e-06 1.1294e-05 1.12723e-05 -1.93866e-06 2.496e-06 1.15308e-05 1.14837e-05 -2.15008e-06 2.57589e-06 1.17778e-05 1.17019e-05 -2.36827e-06 2.65834e-06 1.20353e-05 1.19271e-05 -2.59345e-06 2.74343e-06 1.23036e-05 1.21595e-05 -2.82583e-06 2.83124e-06 1.25831e-05 1.23993e-05 -3.06565e-06 2.92187e-06 1.28741e-05 1.26468e-05 -3.31315e-06 3.01539e-06 1.31769e-05 6.70012e-06 2.63331e-06 8.42263e-07 7.28316e-06 6.7652e-06 2.56822e-06 8.69222e-07 7.32145e-06 6.83237e-06 2.50106e-06 8.97045e-07 7.36202e-06 6.90169e-06 2.43174e-06 9.25758e-07 7.40499e-06 6.97323e-06 2.3602e-06 9.5539e-07 7.45047e-06 7.04706e-06 2.28638e-06 9.8597e-07 7.49861e-06 7.12325e-06 2.21019e-06 1.01753e-06 7.54955e-06 7.20189e-06 2.13156e-06 1.0501e-06 7.60342e-06 7.28303e-06 2.05042e-06 1.08371e-06 7.66038e-06 7.36678e-06 1.96668e-06 1.1184e-06 7.72058e-06 7.4532e-06 1.88025e-06 1.1542e-06 7.78418e-06 7.5424e-06 1.79107e-06 1.19114e-06 7.85136e-06 7.63444e-06 1.69902e-06 1.22927e-06 7.92227e-06 7.72944e-06 1.60403e-06 1.26861e-06 7.99711e-06 7.82747e-06 1.506e-06 1.30922e-06 8.07605e-06 7.92864e-06 1.40484e-06 1.35112e-06 8.15929e-06 8.03305e-06 1.30043e-06 1.39437e-06 8.24702e-06 8.14081e-06 1.19268e-06 1.439e-06 8.33944e-06 8.25201e-06 1.08149e-06 1.48506e-06 8.43675e-06 8.36677e-06 9.66731e-07 1.5326e-06 8.53918e-06 8.4852e-06 8.48303e-07 1.58165e-06 8.64693e-06 8.60743e-06 7.26083e-07 1.63228e-06 8.76024e-06 8.73356e-06 5.99952e-07 1.68453e-06 8.87932e-06 8.86374e-06 4.69784e-07 1.73844e-06 9.00442e-06 8.99808e-06 3.35449e-07 1.79409e-06 9.13577e-06 9.13672e-06 1.96814e-07 1.85152e-06 9.27362e-06 9.2798e-06 5.37412e-08 1.91078e-06 9.41822e-06 9.42746e-06 -9.39107e-08 1.97194e-06 9.56982e-06 9.57984e-06 -2.46288e-07 2.03506e-06 9.72868e-06 9.7371e-06 -4.03544e-07 2.1002e-06 9.89506e-06 9.8994e-06 -5.65833e-07 2.16742e-06 1.00693e-05 1.00669e-05 -7.33316e-07 2.2368e-06 1.02515e-05 1.02397e-05 -9.0616e-07 2.30839e-06 1.04421e-05 1.04181e-05 -1.08454e-06 2.38228e-06 1.06414e-05 1.06022e-05 -1.26862e-06 2.45853e-06 1.08496e-05 1.07922e-05 -1.4586e-06 2.53723e-06 1.1067e-05 1.09883e-05 -1.65466e-06 2.61844e-06 1.1294e-05 1.11906e-05 -1.85699e-06 2.70225e-06 1.15308e-05 1.13994e-05 -2.06581e-06 2.78874e-06 1.17778e-05 1.16149e-05 -2.2813e-06 2.87801e-06 1.20353e-05 1.18373e-05 -2.50369e-06 2.97013e-06 1.23036e-05 1.20669e-05 -2.7332e-06 3.0652e-06 1.25831e-05 1.23037e-05 -2.97006e-06 3.16331e-06 1.28741e-05 1.25482e-05 -3.2145e-06 3.26456e-06 1.31769e-05 6.67266e-06 2.66077e-06 9.05718e-07 7.28316e-06 6.73686e-06 2.59656e-06 9.34709e-07 7.32145e-06 6.80313e-06 2.5303e-06 9.64627e-07 7.36202e-06 6.87151e-06 2.46192e-06 9.95503e-07 7.40499e-06 6.94209e-06 2.39135e-06 1.02737e-06 7.45047e-06 7.01492e-06 2.31852e-06 1.06025e-06 7.49861e-06 7.09008e-06 2.24336e-06 1.09419e-06 7.54955e-06 7.16765e-06 2.1658e-06 1.12921e-06 7.60342e-06 7.2477e-06 2.08575e-06 1.16536e-06 7.66038e-06 7.33032e-06 2.00314e-06 1.20266e-06 7.72058e-06 7.41558e-06 1.91788e-06 1.24115e-06 7.78418e-06 7.50356e-06 1.8299e-06 1.28088e-06 7.85136e-06 7.59437e-06 1.7391e-06 1.32188e-06 7.92227e-06 7.68808e-06 1.64539e-06 1.36419e-06 7.99711e-06 7.78479e-06 1.54869e-06 1.40785e-06 8.07605e-06 7.88459e-06 1.44889e-06 1.45292e-06 8.15929e-06 7.98759e-06 1.34589e-06 1.49942e-06 8.24702e-06 8.09389e-06 1.2396e-06 1.54742e-06 8.33944e-06 8.20359e-06 1.1299e-06 1.59695e-06 8.43675e-06 8.3168e-06 1.0167e-06 1.64806e-06 8.53918e-06 8.43364e-06 8.99868e-07 1.70081e-06 8.64693e-06 8.55421e-06 7.79299e-07 1.75525e-06 8.76024e-06 8.67864e-06 6.54871e-07 1.81144e-06 8.87932e-06 8.80706e-06 5.2646e-07 1.86942e-06 9.00442e-06 8.93959e-06 3.9394e-07 1.92925e-06 9.13577e-06 9.07636e-06 2.57177e-07 1.99101e-06 9.27362e-06 9.2175e-06 1.16037e-07 2.05474e-06 9.41822e-06 9.36317e-06 -2.96214e-08 2.1205e-06 9.56982e-06 9.51349e-06 -1.79941e-07 2.18838e-06 9.72868e-06 9.66863e-06 -3.35073e-07 2.25842e-06 9.89506e-06 9.82874e-06 -4.9517e-07 2.33071e-06 1.00693e-05 9.99397e-06 -6.60392e-07 2.40531e-06 1.02515e-05 1.01645e-05 -8.30902e-07 2.4823e-06 1.04421e-05 1.03405e-05 -1.00687e-06 2.56176e-06 1.06414e-05 1.05221e-05 -1.18847e-06 2.64376e-06 1.08496e-05 1.07095e-05 -1.37588e-06 2.72838e-06 1.1067e-05 1.09029e-05 -1.56929e-06 2.81571e-06 1.1294e-05 1.11025e-05 -1.7689e-06 2.90583e-06 1.15308e-05 1.13085e-05 -1.97489e-06 2.99885e-06 1.17778e-05 1.15211e-05 -2.18747e-06 3.09483e-06 1.20353e-05 1.17405e-05 -2.40686e-06 3.19389e-06 1.23036e-05 1.19669e-05 -2.63327e-06 3.29612e-06 1.25831e-05 1.22006e-05 -2.86693e-06 3.40163e-06 1.28741e-05 1.24418e-05 -3.10807e-06 3.51051e-06 1.31769e-05 6.64322e-06 2.69021e-06 9.6828e-07 7.28316e-06 6.70648e-06 2.62694e-06 9.99272e-07 7.32145e-06 6.77177e-06 2.56166e-06 1.03126e-06 7.36202e-06 6.83915e-06 2.49428e-06 1.06427e-06 7.40499e-06 6.90869e-06 2.42474e-06 1.09833e-06 7.45047e-06 6.98046e-06 2.35298e-06 1.13349e-06 7.49861e-06 7.05452e-06 2.27893e-06 1.16977e-06 7.54955e-06 7.13095e-06 2.2025e-06 1.20721e-06 7.60342e-06 7.20982e-06 2.12363e-06 1.24585e-06 7.66038e-06 7.29123e-06 2.04223e-06 1.28573e-06 7.72058e-06 7.37523e-06 1.95822e-06 1.32688e-06 7.78418e-06 7.46193e-06 1.87153e-06 1.36935e-06 7.85136e-06 7.5514e-06 1.78206e-06 1.41318e-06 7.92227e-06 7.64374e-06 1.68973e-06 1.45842e-06 7.99711e-06 7.73903e-06 1.59445e-06 1.5051e-06 8.07605e-06 7.83737e-06 1.49611e-06 1.55328e-06 8.15929e-06 7.93886e-06 1.39463e-06 1.60299e-06 8.24702e-06 8.04359e-06 1.28989e-06 1.6543e-06 8.33944e-06 8.15168e-06 1.18181e-06 1.70725e-06 8.43675e-06 8.26323e-06 1.07026e-06 1.7619e-06 8.53918e-06 8.37835e-06 9.5515e-07 1.8183e-06 8.64693e-06 8.49716e-06 8.36351e-07 1.8765e-06 8.76024e-06 8.61977e-06 7.13749e-07 1.93656e-06 8.87932e-06 8.7463e-06 5.87223e-07 1.99854e-06 9.00442e-06 8.87688e-06 4.56648e-07 2.06251e-06 9.13577e-06 9.01164e-06 3.21892e-07 2.12853e-06 9.27362e-06 9.15072e-06 1.82823e-07 2.19666e-06 9.41822e-06 9.29424e-06 3.93026e-08 2.26697e-06 9.56982e-06 9.44236e-06 -1.08811e-07 2.33954e-06 9.72868e-06 9.59523e-06 -2.61666e-07 2.41442e-06 9.89506e-06 9.75298e-06 -4.19414e-07 2.4917e-06 1.00693e-05 9.91579e-06 -5.8221e-07 2.57146e-06 1.02515e-05 1.00838e-05 -7.50218e-07 2.65377e-06 1.04421e-05 1.02572e-05 -9.23603e-07 2.73871e-06 1.06414e-05 1.04361e-05 -1.10254e-06 2.82637e-06 1.08496e-05 1.06208e-05 -1.2872e-06 2.91684e-06 1.1067e-05 1.08114e-05 -1.47777e-06 3.0102e-06 1.1294e-05 1.10081e-05 -1.67445e-06 3.10655e-06 1.15308e-05 1.1211e-05 -1.87741e-06 3.20599e-06 1.17778e-05 1.14205e-05 -2.08688e-06 3.3086e-06 1.20353e-05 1.16367e-05 -2.30305e-06 3.41451e-06 1.23036e-05 1.18598e-05 -2.52614e-06 3.5238e-06 1.25831e-05 1.209e-05 -2.75637e-06 3.63659e-06 1.28741e-05 1.23277e-05 -2.99396e-06 3.75299e-06 1.31769e-05 6.61183e-06 2.7216e-06 1.02989e-06 7.28316e-06 6.67409e-06 2.65934e-06 1.06285e-06 7.32145e-06 6.73834e-06 2.59509e-06 1.09687e-06 7.36202e-06 6.80465e-06 2.52878e-06 1.13198e-06 7.40499e-06 6.87309e-06 2.46035e-06 1.16821e-06 7.45047e-06 6.94371e-06 2.38973e-06 1.2056e-06 7.49861e-06 7.01659e-06 2.31685e-06 1.24419e-06 7.54955e-06 7.09181e-06 2.24164e-06 1.28402e-06 7.60342e-06 7.16944e-06 2.16401e-06 1.32512e-06 7.66038e-06 7.24955e-06 2.08391e-06 1.36753e-06 7.72058e-06 7.33222e-06 2.00124e-06 1.4113e-06 7.78418e-06 7.41754e-06 1.91592e-06 1.45648e-06 7.85136e-06 7.50559e-06 1.82788e-06 1.5031e-06 7.92227e-06 7.59646e-06 1.73701e-06 1.55121e-06 7.99711e-06 7.69024e-06 1.64324e-06 1.60086e-06 8.07605e-06 7.78701e-06 1.54646e-06 1.6521e-06 8.15929e-06 7.88689e-06 1.44659e-06 1.70498e-06 8.24702e-06 7.98997e-06 1.34352e-06 1.75956e-06 8.33944e-06 8.09634e-06 1.23715e-06 1.81588e-06 8.43675e-06 8.20612e-06 1.12738e-06 1.874e-06 8.53918e-06 8.31941e-06 1.0141e-06 1.93398e-06 8.64693e-06 8.43633e-06 8.97183e-07 1.99589e-06 8.76024e-06 8.55699e-06 7.76529e-07 2.05977e-06 8.87932e-06 8.68151e-06 6.52012e-07 2.1257e-06 9.00442e-06 8.81002e-06 5.2351e-07 2.19374e-06 9.13577e-06 8.94264e-06 3.90895e-07 2.26396e-06 9.27362e-06 9.07951e-06 2.54034e-07 2.33642e-06 9.41822e-06 9.22075e-06 1.12794e-07 2.41121e-06 9.56982e-06 9.36652e-06 -3.29682e-08 2.48839e-06 9.72868e-06 9.51696e-06 -1.83395e-07 2.56804e-06 9.89506e-06 9.6722e-06 -3.38638e-07 2.65023e-06 1.00693e-05 9.83242e-06 -4.98849e-07 2.73506e-06 1.02515e-05 9.99777e-06 -6.64188e-07 2.82261e-06 1.04421e-05 1.01684e-05 -8.3482e-07 2.91296e-06 1.06414e-05 1.03445e-05 -1.01091e-06 3.00619e-06 1.08496e-05 1.05262e-05 -1.19264e-06 3.10242e-06 1.1067e-05 1.07138e-05 -1.38019e-06 3.20172e-06 1.1294e-05 1.09074e-05 -1.57374e-06 3.3042e-06 1.15308e-05 1.11071e-05 -1.77348e-06 3.40996e-06 1.17778e-05 1.13133e-05 -1.97962e-06 3.51911e-06 1.20353e-05 1.1526e-05 -2.19236e-06 3.63175e-06 1.23036e-05 1.17456e-05 -2.4119e-06 3.748e-06 1.25831e-05 1.19722e-05 -2.63848e-06 3.86796e-06 1.28741e-05 1.2206e-05 -2.8723e-06 3.99177e-06 1.31769e-05 6.57852e-06 2.75491e-06 1.09047e-06 7.28316e-06 6.63971e-06 2.69371e-06 1.12538e-06 7.32145e-06 6.70287e-06 2.63056e-06 1.1614e-06 7.36202e-06 6.76804e-06 2.56539e-06 1.19857e-06 7.40499e-06 6.8353e-06 2.49813e-06 1.23694e-06 7.45047e-06 6.90472e-06 2.42872e-06 1.27653e-06 7.49861e-06 6.97635e-06 2.35709e-06 1.31739e-06 7.54955e-06 7.05028e-06 2.28316e-06 1.35956e-06 7.60342e-06 7.12658e-06 2.20687e-06 1.40308e-06 7.66038e-06 7.20532e-06 2.12814e-06 1.44799e-06 7.72058e-06 7.28657e-06 2.04688e-06 1.49433e-06 7.78418e-06 7.37043e-06 1.96303e-06 1.54216e-06 7.85136e-06 7.45697e-06 1.87649e-06 1.59153e-06 7.92227e-06 7.54629e-06 1.78718e-06 1.64247e-06 7.99711e-06 7.63846e-06 1.69502e-06 1.69504e-06 8.07605e-06 7.73358e-06 1.5999e-06 1.7493e-06 8.15929e-06 7.83175e-06 1.50174e-06 1.80529e-06 8.24702e-06 7.93306e-06 1.40043e-06 1.86307e-06 8.33944e-06 8.03761e-06 1.29589e-06 1.92271e-06 8.43675e-06 8.14551e-06 1.18799e-06 1.98425e-06 8.53918e-06 8.25686e-06 1.07665e-06 2.04776e-06 8.64693e-06 8.37177e-06 9.61736e-07 2.11331e-06 8.76024e-06 8.49037e-06 8.43147e-07 2.18095e-06 8.87932e-06 8.61276e-06 7.20763e-07 2.25076e-06 9.00442e-06 8.73907e-06 5.94461e-07 2.3228e-06 9.13577e-06 8.86942e-06 4.64117e-07 2.39715e-06 9.27362e-06 9.00394e-06 3.29601e-07 2.47388e-06 9.41822e-06 9.14277e-06 1.90779e-07 2.55306e-06 9.56982e-06 9.28604e-06 4.75129e-08 2.63478e-06 9.72868e-06 9.4339e-06 -1.00338e-07 2.71912e-06 9.89506e-06 9.58649e-06 -2.52922e-07 2.80615e-06 1.00693e-05 9.74396e-06 -4.10389e-07 2.89597e-06 1.02515e-05 9.90648e-06 -5.72897e-07 2.98867e-06 1.04421e-05 1.00742e-05 -7.40607e-07 3.08433e-06 1.06414e-05 1.02473e-05 -9.13684e-07 3.18305e-06 1.08496e-05 1.04259e-05 -1.0923e-06 3.28494e-06 1.1067e-05 1.06103e-05 -1.27664e-06 3.39008e-06 1.1294e-05 1.08005e-05 -1.46687e-06 3.49859e-06 1.15308e-05 1.09968e-05 -1.6632e-06 3.61058e-06 1.17778e-05 1.11994e-05 -1.8658e-06 3.72614e-06 1.20353e-05 1.14086e-05 -2.0749e-06 3.84541e-06 1.23036e-05 1.16243e-05 -2.29068e-06 3.9685e-06 1.25831e-05 1.1847e-05 -2.51337e-06 4.09552e-06 1.28741e-05 1.20769e-05 -2.7432e-06 4.22661e-06 1.31769e-05 6.54332e-06 2.7901e-06 1.14999e-06 7.28316e-06 6.60339e-06 2.73004e-06 1.1868e-06 7.32145e-06 6.66538e-06 2.66805e-06 1.22478e-06 7.36202e-06 6.72936e-06 2.60408e-06 1.26399e-06 7.40499e-06 6.79538e-06 2.53806e-06 1.30445e-06 7.45047e-06 6.86352e-06 2.46992e-06 1.3462e-06 7.49861e-06 6.93383e-06 2.39961e-06 1.38929e-06 7.54955e-06 7.0064e-06 2.32705e-06 1.43376e-06 7.60342e-06 7.08129e-06 2.25216e-06 1.47965e-06 7.66038e-06 7.15858e-06 2.17487e-06 1.52701e-06 7.72058e-06 7.23834e-06 2.09512e-06 1.57589e-06 7.78418e-06 7.32066e-06 2.0128e-06 1.62633e-06 7.85136e-06 7.40561e-06 1.92786e-06 1.67838e-06 7.92227e-06 7.49328e-06 1.84019e-06 1.73211e-06 7.99711e-06 7.58375e-06 1.74972e-06 1.78755e-06 8.07605e-06 7.67712e-06 1.65636e-06 1.84476e-06 8.15929e-06 7.77348e-06 1.56e-06 1.90381e-06 8.24702e-06 7.87292e-06 1.46056e-06 1.96475e-06 8.33944e-06 7.97555e-06 1.35794e-06 2.02764e-06 8.43675e-06 8.08146e-06 1.25204e-06 2.09254e-06 8.53918e-06 8.19077e-06 1.14274e-06 2.15952e-06 8.64693e-06 8.30357e-06 1.02994e-06 2.22864e-06 8.76024e-06 8.41998e-06 9.13539e-07 2.29998e-06 8.87932e-06 8.54011e-06 7.93408e-07 2.37359e-06 9.00442e-06 8.6641e-06 6.69432e-07 2.44957e-06 9.13577e-06 8.79205e-06 5.41487e-07 2.52797e-06 9.27362e-06 8.92409e-06 4.09447e-07 2.60889e-06 9.41822e-06 9.06037e-06 2.73181e-07 2.6924e-06 9.56982e-06 9.201e-06 1.32553e-07 2.77858e-06 9.72868e-06 9.34614e-06 -1.25762e-08 2.86751e-06 9.89506e-06 9.49592e-06 -1.62351e-07 2.9593e-06 1.00693e-05 9.65049e-06 -3.16919e-07 3.05402e-06 1.02515e-05 9.81002e-06 -4.76435e-07 3.15177e-06 1.04421e-05 9.97465e-06 -6.41057e-07 3.25266e-06 1.06414e-05 1.01445e-05 -8.10948e-07 3.35677e-06 1.08496e-05 1.03199e-05 -9.86277e-07 3.46421e-06 1.1067e-05 1.05008e-05 -1.16722e-06 3.5751e-06 1.1294e-05 1.06876e-05 -1.35395e-06 3.68953e-06 1.15308e-05 1.08803e-05 -1.54666e-06 3.80762e-06 1.17778e-05 1.10792e-05 -1.74554e-06 3.9295e-06 1.20353e-05 1.12844e-05 -1.95078e-06 4.05528e-06 1.23036e-05 1.14963e-05 -2.1626e-06 4.18508e-06 1.25831e-05 1.17149e-05 -2.38119e-06 4.31904e-06 1.28741e-05 1.19405e-05 -2.60678e-06 4.45728e-06 1.31769e-05 6.50627e-06 2.82715e-06 1.20837e-06 7.28316e-06 6.56516e-06 2.76827e-06 1.24704e-06 7.32145e-06 6.62592e-06 2.70751e-06 1.28696e-06 7.36202e-06 6.68864e-06 2.6448e-06 1.32815e-06 7.40499e-06 6.75336e-06 2.58008e-06 1.37066e-06 7.45047e-06 6.82015e-06 2.51329e-06 1.41454e-06 7.49861e-06 6.88908e-06 2.44437e-06 1.45981e-06 7.54955e-06 6.96021e-06 2.37323e-06 1.50654e-06 7.60342e-06 7.03362e-06 2.29983e-06 1.55476e-06 7.66038e-06 7.10939e-06 2.22407e-06 1.60453e-06 7.72058e-06 7.18757e-06 2.14588e-06 1.65589e-06 7.78418e-06 7.26826e-06 2.0652e-06 1.70889e-06 7.85136e-06 7.35154e-06 1.98193e-06 1.76359e-06 7.92227e-06 7.43747e-06 1.896e-06 1.82004e-06 7.99711e-06 7.52616e-06 1.80731e-06 1.87829e-06 8.07605e-06 7.61769e-06 1.71579e-06 1.93841e-06 8.15929e-06 7.71215e-06 1.62134e-06 2.00046e-06 8.24702e-06 7.80963e-06 1.52386e-06 2.06449e-06 8.33944e-06 7.91023e-06 1.42326e-06 2.13057e-06 8.43675e-06 8.01405e-06 1.31945e-06 2.19877e-06 8.53918e-06 8.12119e-06 1.21231e-06 2.26914e-06 8.64693e-06 8.23177e-06 1.10174e-06 2.34178e-06 8.76024e-06 8.34588e-06 9.87635e-07 2.41673e-06 8.87932e-06 8.46365e-06 8.69876e-07 2.49409e-06 9.00442e-06 8.58518e-06 7.48347e-07 2.57392e-06 9.13577e-06 8.71061e-06 6.22928e-07 2.65631e-06 9.27362e-06 8.84004e-06 4.93495e-07 2.74133e-06 9.41822e-06 8.97363e-06 3.59919e-07 2.82907e-06 9.56982e-06 9.11149e-06 2.22067e-07 2.91963e-06 9.72868e-06 9.25376e-06 7.98035e-08 3.01308e-06 9.89506e-06 9.40058e-06 -6.70141e-08 3.10952e-06 1.00693e-05 9.55211e-06 -2.18531e-07 3.20905e-06 1.02515e-05 9.70848e-06 -3.74898e-07 3.31177e-06 1.04421e-05 9.86986e-06 -5.3627e-07 3.41778e-06 1.06414e-05 1.00364e-05 -7.02807e-07 3.52717e-06 1.08496e-05 1.02083e-05 -8.74674e-07 3.64007e-06 1.1067e-05 1.03857e-05 -1.05204e-06 3.75658e-06 1.1294e-05 1.05687e-05 -1.23509e-06 3.87683e-06 1.15308e-05 1.07576e-05 -1.42399e-06 4.00092e-06 1.17778e-05 1.09526e-05 -1.61895e-06 4.12898e-06 1.20353e-05 1.11538e-05 -1.82014e-06 4.26114e-06 1.23036e-05 1.13614e-05 -2.02777e-06 4.39753e-06 1.25831e-05 1.15757e-05 -2.24205e-06 4.53829e-06 1.28741e-05 1.17969e-05 -2.46318e-06 4.68355e-06 1.31769e-05 6.46741e-06 2.86601e-06 1.26555e-06 7.28316e-06 6.52505e-06 2.80838e-06 1.30606e-06 7.32145e-06 6.58453e-06 2.7489e-06 1.34786e-06 7.36202e-06 6.64592e-06 2.68751e-06 1.39101e-06 7.40499e-06 6.70927e-06 2.62416e-06 1.43553e-06 7.45047e-06 6.77465e-06 2.55879e-06 1.48148e-06 7.49861e-06 6.84213e-06 2.49132e-06 1.5289e-06 7.54955e-06 6.91176e-06 2.42169e-06 1.57784e-06 7.60342e-06 6.98362e-06 2.34983e-06 1.62834e-06 7.66038e-06 7.05778e-06 2.27567e-06 1.68046e-06 7.72058e-06 7.13432e-06 2.19914e-06 1.73425e-06 7.78418e-06 7.2133e-06 2.12016e-06 1.78976e-06 7.85136e-06 7.29482e-06 2.03865e-06 1.84705e-06 7.92227e-06 7.37894e-06 1.95453e-06 1.90617e-06 7.99711e-06 7.46575e-06 1.86772e-06 1.96718e-06 8.07605e-06 7.55535e-06 1.77813e-06 2.03015e-06 8.15929e-06 7.64781e-06 1.68567e-06 2.09513e-06 8.24702e-06 7.74323e-06 1.59026e-06 2.16219e-06 8.33944e-06 7.84171e-06 1.49179e-06 2.2314e-06 8.43675e-06 7.94333e-06 1.39017e-06 2.30282e-06 8.53918e-06 8.04821e-06 1.28529e-06 2.37653e-06 8.64693e-06 8.15645e-06 1.17706e-06 2.4526e-06 8.76024e-06 8.26815e-06 1.06536e-06 2.5311e-06 8.87932e-06 8.38343e-06 9.5009e-07 2.61212e-06 9.00442e-06 8.5024e-06 8.31129e-07 2.69573e-06 9.13577e-06 8.62517e-06 7.0836e-07 2.78201e-06 9.27362e-06 8.75188e-06 5.81662e-07 2.87106e-06 9.41822e-06 8.88264e-06 4.50908e-07 2.96296e-06 9.56982e-06 9.01758e-06 3.15968e-07 3.0578e-06 9.72868e-06 9.15685e-06 1.7671e-07 3.15567e-06 9.89506e-06 9.30057e-06 3.29943e-08 3.25668e-06 1.00693e-05 9.4489e-06 -1.15322e-07 3.36092e-06 1.02515e-05 9.60197e-06 -2.68385e-07 3.4685e-06 1.04421e-05 9.75994e-06 -4.26347e-07 3.57952e-06 1.06414e-05 9.92296e-06 -5.89366e-07 3.6941e-06 1.08496e-05 1.00912e-05 -7.57603e-07 3.81234e-06 1.1067e-05 1.02648e-05 -9.31224e-07 3.93436e-06 1.1294e-05 1.0444e-05 -1.1104e-06 4.0603e-06 1.15308e-05 1.0629e-05 -1.29532e-06 4.19026e-06 1.17778e-05 1.08198e-05 -1.48615e-06 4.32438e-06 1.20353e-05 1.10167e-05 -1.68309e-06 4.4628e-06 1.23036e-05 1.122e-05 -1.88634e-06 4.60564e-06 1.25831e-05 1.14298e-05 -2.09609e-06 4.75306e-06 1.28741e-05 1.16462e-05 -2.31255e-06 4.9052e-06 1.31769e-05 6.42677e-06 2.90665e-06 1.32149e-06 7.28316e-06 6.48311e-06 2.85032e-06 1.36379e-06 7.32145e-06 6.54125e-06 2.79218e-06 1.40744e-06 7.36202e-06 6.60125e-06 2.73218e-06 1.45249e-06 7.40499e-06 6.66317e-06 2.67026e-06 1.49898e-06 7.45047e-06 6.72708e-06 2.60636e-06 1.54696e-06 7.49861e-06 6.79303e-06 2.54041e-06 1.59648e-06 7.54955e-06 6.86109e-06 2.47236e-06 1.64758e-06 7.60342e-06 6.93133e-06 2.40212e-06 1.70031e-06 7.66038e-06 7.00382e-06 2.32964e-06 1.75474e-06 7.72058e-06 7.07863e-06 2.25483e-06 1.8109e-06 7.78418e-06 7.15583e-06 2.17763e-06 1.86887e-06 7.85136e-06 7.2355e-06 2.09796e-06 1.92869e-06 7.92227e-06 7.31773e-06 2.01574e-06 1.99042e-06 7.99711e-06 7.40258e-06 1.93089e-06 2.05413e-06 8.07605e-06 7.49015e-06 1.84333e-06 2.11988e-06 8.15929e-06 7.58053e-06 1.75296e-06 2.18773e-06 8.24702e-06 7.6738e-06 1.65969e-06 2.25776e-06 8.33944e-06 7.77005e-06 1.56344e-06 2.33003e-06 8.43675e-06 7.86938e-06 1.46412e-06 2.40461e-06 8.53918e-06 7.9719e-06 1.36161e-06 2.48157e-06 8.64693e-06 8.07769e-06 1.25582e-06 2.561e-06 8.76024e-06 8.18687e-06 1.14664e-06 2.64298e-06 8.87932e-06 8.29955e-06 1.03397e-06 2.72757e-06 9.00442e-06 8.41583e-06 9.17697e-07 2.81488e-06 9.13577e-06 8.53583e-06 7.97699e-07 2.90498e-06 9.27362e-06 8.65968e-06 6.7386e-07 2.99796e-06 9.41822e-06 8.78749e-06 5.46057e-07 3.09392e-06 9.56982e-06 8.91939e-06 4.14163e-07 3.19295e-06 9.72868e-06 9.05551e-06 2.78048e-07 3.29515e-06 9.89506e-06 9.19599e-06 1.37576e-07 3.40063e-06 1.00693e-05 9.34097e-06 -7.39281e-09 3.50947e-06 1.02515e-05 9.49058e-06 -1.57001e-07 3.62181e-06 1.04421e-05 9.64499e-06 -3.11399e-07 3.73773e-06 1.06414e-05 9.80434e-06 -4.70738e-07 3.85737e-06 1.08496e-05 9.96878e-06 -6.35177e-07 3.98084e-06 1.1067e-05 1.01385e-05 -8.0488e-07 4.10826e-06 1.1294e-05 1.03136e-05 -9.80015e-07 4.23976e-06 1.15308e-05 1.04944e-05 -1.16076e-06 4.37547e-06 1.17778e-05 1.06809e-05 -1.34728e-06 4.51552e-06 1.20353e-05 1.08734e-05 -1.53978e-06 4.66005e-06 1.23036e-05 1.10721e-05 -1.73844e-06 4.80921e-06 1.25831e-05 1.12771e-05 -1.94345e-06 4.96315e-06 1.28741e-05 1.14887e-05 -2.15503e-06 5.12201e-06 1.31769e-05 6.38439e-06 2.94903e-06 1.37612e-06 7.28316e-06 6.43937e-06 2.89405e-06 1.42017e-06 7.32145e-06 6.49611e-06 2.83732e-06 1.46563e-06 7.36202e-06 6.55467e-06 2.77876e-06 1.51254e-06 7.40499e-06 6.6151e-06 2.71833e-06 1.56095e-06 7.45047e-06 6.67747e-06 2.65597e-06 1.61091e-06 7.49861e-06 6.74183e-06 2.59161e-06 1.66248e-06 7.54955e-06 6.80826e-06 2.52519e-06 1.71569e-06 7.60342e-06 6.8768e-06 2.45665e-06 1.77061e-06 7.66038e-06 6.94755e-06 2.38591e-06 1.82728e-06 7.72058e-06 7.02055e-06 2.3129e-06 1.88577e-06 7.78418e-06 7.0959e-06 2.23756e-06 1.94613e-06 7.85136e-06 7.17365e-06 2.15981e-06 2.00842e-06 7.92227e-06 7.2539e-06 2.07957e-06 2.07271e-06 7.99711e-06 7.33671e-06 1.99676e-06 2.13905e-06 8.07605e-06 7.42217e-06 1.91131e-06 2.20752e-06 8.15929e-06 7.51037e-06 1.82311e-06 2.27818e-06 8.24702e-06 7.60139e-06 1.73209e-06 2.3511e-06 8.33944e-06 7.69533e-06 1.63816e-06 2.42635e-06 8.43675e-06 7.79227e-06 1.54123e-06 2.50402e-06 8.53918e-06 7.89232e-06 1.44119e-06 2.58417e-06 8.64693e-06 7.99557e-06 1.33794e-06 2.66688e-06 8.76024e-06 8.10212e-06 1.2314e-06 2.75224e-06 8.87932e-06 8.21208e-06 1.12144e-06 2.84034e-06 9.00442e-06 8.32556e-06 1.00796e-06 2.93125e-06 9.13577e-06 8.44268e-06 8.90856e-07 3.02508e-06 9.27362e-06 8.56354e-06 7.69998e-07 3.1219e-06 9.41822e-06 8.68827e-06 6.45273e-07 3.22183e-06 9.56982e-06 8.817e-06 5.16555e-07 3.32495e-06 9.72868e-06 8.94984e-06 3.83717e-07 3.43138e-06 9.89506e-06 9.08694e-06 2.46627e-07 3.54121e-06 1.00693e-05 9.22843e-06 1.05149e-07 3.65456e-06 1.02515e-05 9.37444e-06 -4.08576e-08 3.77154e-06 1.04421e-05 9.52513e-06 -1.91537e-07 3.89226e-06 1.06414e-05 9.68064e-06 -3.4704e-07 4.01684e-06 1.08496e-05 9.84113e-06 -5.0752e-07 4.14542e-06 1.1067e-05 1.00068e-05 -6.73137e-07 4.2781e-06 1.1294e-05 1.01777e-05 -8.44055e-07 4.41504e-06 1.15308e-05 1.03541e-05 -1.02044e-06 4.55636e-06 1.17778e-05 1.05361e-05 -1.20248e-06 4.7022e-06 1.20353e-05 1.0724e-05 -1.39034e-06 4.85271e-06 1.23036e-05 1.09179e-05 -1.58421e-06 5.00803e-06 1.25831e-05 1.1118e-05 -1.78429e-06 5.16833e-06 1.28741e-05 1.13245e-05 -1.99078e-06 5.33376e-06 1.31769e-05 6.34032e-06 2.9931e-06 1.4294e-06 7.28316e-06 6.39389e-06 2.93954e-06 1.47515e-06 7.32145e-06 6.44918e-06 2.88425e-06 1.52237e-06 7.36202e-06 6.50623e-06 2.8272e-06 1.57109e-06 7.40499e-06 6.56511e-06 2.76832e-06 1.62138e-06 7.45047e-06 6.62588e-06 2.70756e-06 1.67328e-06 7.49861e-06 6.68859e-06 2.64485e-06 1.72684e-06 7.54955e-06 6.75331e-06 2.58014e-06 1.78211e-06 7.60342e-06 6.8201e-06 2.51335e-06 1.83915e-06 7.66038e-06 6.88902e-06 2.44443e-06 1.89802e-06 7.72058e-06 6.96016e-06 2.3733e-06 1.95877e-06 7.78418e-06 7.03357e-06 2.29989e-06 2.02147e-06 7.85136e-06 7.10933e-06 2.22414e-06 2.08617e-06 7.92227e-06 7.18752e-06 2.14595e-06 2.15295e-06 7.99711e-06 7.2682e-06 2.06527e-06 2.22186e-06 8.07605e-06 7.35147e-06 1.98201e-06 2.29298e-06 8.15929e-06 7.43741e-06 1.89607e-06 2.36637e-06 8.24702e-06 7.5261e-06 1.80739e-06 2.44212e-06 8.33944e-06 7.61762e-06 1.71587e-06 2.52029e-06 8.43675e-06 7.71208e-06 1.62142e-06 2.60096e-06 8.53918e-06 7.80956e-06 1.52395e-06 2.68421e-06 8.64693e-06 7.91015e-06 1.42336e-06 2.77012e-06 8.76024e-06 8.01397e-06 1.31954e-06 2.85879e-06 8.87932e-06 8.12111e-06 1.21241e-06 2.9503e-06 9.00442e-06 8.23168e-06 1.10184e-06 3.04473e-06 9.13577e-06 8.34579e-06 9.87739e-07 3.14219e-06 9.27362e-06 8.46356e-06 8.69983e-07 3.24276e-06 9.41822e-06 8.58509e-06 7.48457e-07 3.34656e-06 9.56982e-06 8.71051e-06 6.23042e-07 3.45368e-06 9.72868e-06 8.83995e-06 4.93612e-07 3.56422e-06 9.89506e-06 8.97353e-06 3.6004e-07 3.67831e-06 1.00693e-05 9.11138e-06 2.22192e-07 3.79604e-06 1.02515e-05 9.25365e-06 7.99323e-08 3.91755e-06 1.04421e-05 9.40047e-06 -6.6881e-08 4.04294e-06 1.06414e-05 9.55199e-06 -2.18394e-07 4.17235e-06 1.08496e-05 9.70836e-06 -3.74756e-07 4.3059e-06 1.1067e-05 9.86974e-06 -5.36124e-07 4.44372e-06 1.1294e-05 1.00363e-05 -7.02656e-07 4.58596e-06 1.15308e-05 1.02082e-05 -8.74518e-07 4.73275e-06 1.17778e-05 1.03855e-05 -1.05188e-06 4.88424e-06 1.20353e-05 1.05686e-05 -1.23492e-06 5.04057e-06 1.23036e-05 1.07575e-05 -1.42382e-06 5.20191e-06 1.25831e-05 1.09524e-05 -1.61877e-06 5.36842e-06 1.28741e-05 1.11536e-05 -1.81996e-06 5.54025e-06 1.31769e-05 6.2946e-06 3.03883e-06 1.48126e-06 7.28316e-06 6.3467e-06 2.98672e-06 1.52867e-06 7.32145e-06 6.40048e-06 2.93295e-06 1.5776e-06 7.36202e-06 6.45597e-06 2.87746e-06 1.6281e-06 7.40499e-06 6.51325e-06 2.82019e-06 1.68021e-06 7.45047e-06 6.57235e-06 2.76109e-06 1.73399e-06 7.49861e-06 6.63335e-06 2.70009e-06 1.78949e-06 7.54955e-06 6.6963e-06 2.63715e-06 1.84677e-06 7.60342e-06 6.76127e-06 2.57218e-06 1.90588e-06 7.66038e-06 6.82831e-06 2.50514e-06 1.96689e-06 7.72058e-06 6.8975e-06 2.43596e-06 2.02985e-06 7.78418e-06 6.96891e-06 2.36456e-06 2.09482e-06 7.85136e-06 7.0426e-06 2.29087e-06 2.16187e-06 7.92227e-06 7.11865e-06 2.21482e-06 2.23107e-06 7.99711e-06 7.19713e-06 2.13635e-06 2.30248e-06 8.07605e-06 7.27813e-06 2.05535e-06 2.37618e-06 8.15929e-06 7.36171e-06 1.97177e-06 2.45224e-06 8.24702e-06 7.44798e-06 1.88551e-06 2.53073e-06 8.33944e-06 7.537e-06 1.79649e-06 2.61173e-06 8.43675e-06 7.62888e-06 1.70462e-06 2.69533e-06 8.53918e-06 7.72369e-06 1.60981e-06 2.7816e-06 8.64693e-06 7.82154e-06 1.51197e-06 2.87064e-06 8.76024e-06 7.92252e-06 1.41099e-06 2.96252e-06 8.87932e-06 8.02674e-06 1.30678e-06 3.05734e-06 9.00442e-06 8.13429e-06 1.19924e-06 3.15521e-06 9.13577e-06 8.24528e-06 1.08825e-06 3.2562e-06 9.27362e-06 8.35983e-06 9.73714e-07 3.36042e-06 9.41822e-06 8.47804e-06 8.55508e-07 3.46798e-06 9.56982e-06 8.60003e-06 7.3352e-07 3.57899e-06 9.72868e-06 8.72593e-06 6.07627e-07 3.69355e-06 9.89506e-06 8.85586e-06 4.77704e-07 3.81177e-06 1.00693e-05 8.98995e-06 3.43622e-07 3.93378e-06 1.02515e-05 9.12833e-06 2.05249e-07 4.05969e-06 1.04421e-05 9.27114e-06 6.24465e-08 4.18964e-06 1.06414e-05 9.41853e-06 -8.49267e-08 4.32374e-06 1.08496e-05 9.57062e-06 -2.37017e-07 4.46213e-06 1.1067e-05 9.72759e-06 -3.93975e-07 4.60496e-06 1.1294e-05 9.88958e-06 -5.55958e-07 4.75236e-06 1.15308e-05 1.00568e-05 -7.23125e-07 4.90447e-06 1.17778e-05 1.02293e-05 -8.95643e-07 5.06145e-06 1.20353e-05 1.04073e-05 -1.07368e-06 5.22346e-06 1.23036e-05 1.05911e-05 -1.25742e-06 5.39066e-06 1.25831e-05 1.07807e-05 -1.44704e-06 5.5632e-06 1.28741e-05 1.09764e-05 -1.64273e-06 5.74127e-06 1.31769e-05 6.24726e-06 3.08616e-06 1.53166e-06 7.28316e-06 6.29786e-06 3.03557e-06 1.58069e-06 7.32145e-06 6.35007e-06 2.98336e-06 1.63128e-06 7.36202e-06 6.40395e-06 2.92948e-06 1.6835e-06 7.40499e-06 6.45956e-06 2.87388e-06 1.73738e-06 7.45047e-06 6.51695e-06 2.81649e-06 1.79299e-06 7.49861e-06 6.57617e-06 2.75727e-06 1.85038e-06 7.54955e-06 6.63729e-06 2.69616e-06 1.90961e-06 7.60342e-06 6.70037e-06 2.63308e-06 1.97074e-06 7.66038e-06 6.76546e-06 2.56799e-06 2.03382e-06 7.72058e-06 6.83264e-06 2.50082e-06 2.09891e-06 7.78418e-06 6.90197e-06 2.43149e-06 2.1661e-06 7.85136e-06 6.97352e-06 2.35995e-06 2.23543e-06 7.92227e-06 7.04736e-06 2.28611e-06 2.30698e-06 7.99711e-06 7.12356e-06 2.20992e-06 2.38082e-06 8.07605e-06 7.2022e-06 2.13128e-06 2.45703e-06 8.15929e-06 7.28336e-06 2.05013e-06 2.53568e-06 8.24702e-06 7.36711e-06 1.96638e-06 2.61684e-06 8.33944e-06 7.45355e-06 1.87994e-06 2.7006e-06 8.43675e-06 7.54275e-06 1.79075e-06 2.78704e-06 8.53918e-06 7.63481e-06 1.69869e-06 2.87625e-06 8.64693e-06 7.72982e-06 1.60369e-06 2.96831e-06 8.76024e-06 7.82786e-06 1.50565e-06 3.06332e-06 8.87932e-06 7.92905e-06 1.40447e-06 3.16138e-06 9.00442e-06 8.03347e-06 1.30006e-06 3.26257e-06 9.13577e-06 8.14124e-06 1.1923e-06 3.36699e-06 9.27362e-06 8.25245e-06 1.08109e-06 3.47477e-06 9.41822e-06 8.36723e-06 9.66321e-07 3.58599e-06 9.56982e-06 8.48567e-06 8.4788e-07 3.70077e-06 9.72868e-06 8.60791e-06 7.25647e-07 3.81922e-06 9.89506e-06 8.73407e-06 5.99501e-07 3.94147e-06 1.00693e-05 8.86426e-06 4.69318e-07 4.06763e-06 1.02515e-05 8.99861e-06 3.34968e-07 4.19783e-06 1.04421e-05 9.13727e-06 1.96318e-07 4.33219e-06 1.06414e-05 9.28037e-06 5.323e-08 4.47086e-06 1.08496e-05 9.42805e-06 -9.44381e-08 4.61396e-06 1.1067e-05 9.58045e-06 -2.46833e-07 4.76165e-06 1.1294e-05 9.73773e-06 -4.04106e-07 4.91406e-06 1.15308e-05 9.90005e-06 -5.66412e-07 5.07135e-06 1.17778e-05 1.00676e-05 -7.33914e-07 5.23368e-06 1.20353e-05 1.02404e-05 -9.06777e-07 5.4012e-06 1.23036e-05 1.04188e-05 -1.08517e-06 5.57408e-06 1.25831e-05 1.0603e-05 -1.26928e-06 5.7525e-06 1.28741e-05 1.0793e-05 -1.45928e-06 5.93663e-06 1.31769e-05 6.19837e-06 3.13505e-06 1.58055e-06 7.28316e-06 6.2474e-06 3.08603e-06 1.63114e-06 7.32145e-06 6.298e-06 3.03543e-06 1.68335e-06 7.36202e-06 6.35021e-06 2.98322e-06 1.73723e-06 7.40499e-06 6.4041e-06 2.92933e-06 1.79284e-06 7.45047e-06 6.45971e-06 2.87373e-06 1.85023e-06 7.49861e-06 6.51711e-06 2.81634e-06 1.90945e-06 7.54955e-06 6.57634e-06 2.75711e-06 1.97057e-06 7.60342e-06 6.63746e-06 2.69599e-06 2.03364e-06 7.66038e-06 6.70054e-06 2.63291e-06 2.09873e-06 7.72058e-06 6.76564e-06 2.56781e-06 2.16591e-06 7.78418e-06 6.83283e-06 2.50063e-06 2.23524e-06 7.85136e-06 6.90216e-06 2.4313e-06 2.30678e-06 7.92227e-06 6.97372e-06 2.35975e-06 2.38062e-06 7.99711e-06 7.04756e-06 2.28591e-06 2.45682e-06 8.07605e-06 7.12377e-06 2.20971e-06 2.53546e-06 8.15929e-06 7.20242e-06 2.13107e-06 2.61661e-06 8.24702e-06 7.28358e-06 2.04991e-06 2.70037e-06 8.33944e-06 7.36735e-06 1.96615e-06 2.7868e-06 8.43675e-06 7.45379e-06 1.87971e-06 2.876e-06 8.53918e-06 7.543e-06 1.7905e-06 2.96806e-06 8.64693e-06 7.63507e-06 1.69844e-06 3.06306e-06 8.76024e-06 7.73008e-06 1.60343e-06 3.1611e-06 8.87932e-06 7.82814e-06 1.50539e-06 3.26229e-06 9.00442e-06 7.92933e-06 1.4042e-06 3.36671e-06 9.13577e-06 8.03376e-06 1.29977e-06 3.47447e-06 9.27362e-06 8.14154e-06 1.192e-06 3.58568e-06 9.41822e-06 8.25276e-06 1.08079e-06 3.70045e-06 9.56982e-06 8.36755e-06 9.66008e-07 3.8189e-06 9.72868e-06 8.486e-06 8.47556e-07 3.94113e-06 9.89506e-06 8.60825e-06 7.25313e-07 4.06728e-06 1.00693e-05 8.73442e-06 5.99157e-07 4.19747e-06 1.02515e-05 8.86462e-06 4.68963e-07 4.33182e-06 1.04421e-05 8.99899e-06 3.34601e-07 4.47048e-06 1.06414e-05 9.13766e-06 1.9594e-07 4.61357e-06 1.08496e-05 9.28077e-06 5.28395e-08 4.76124e-06 1.1067e-05 9.42846e-06 -9.48413e-08 4.91364e-06 1.1294e-05 9.58087e-06 -2.47249e-07 5.07092e-06 1.15308e-05 9.73817e-06 -4.04535e-07 5.23323e-06 1.17778e-05 9.9005e-06 -5.66855e-07 5.40074e-06 1.20353e-05 1.0068e-05 -7.34371e-07 5.5736e-06 1.23036e-05 1.02409e-05 -9.07249e-07 5.75201e-06 1.25831e-05 1.04193e-05 -1.08566e-06 5.93612e-06 1.28741e-05 1.06035e-05 -1.26978e-06 6.12612e-06 1.31769e-05 6.14797e-06 3.18545e-06 1.62788e-06 7.28316e-06 6.19539e-06 3.13804e-06 1.67999e-06 7.32145e-06 6.24432e-06 3.08911e-06 1.73376e-06 7.36202e-06 6.29482e-06 3.03862e-06 1.78926e-06 7.40499e-06 6.34693e-06 2.98651e-06 1.84653e-06 7.45047e-06 6.40071e-06 2.93273e-06 1.90563e-06 7.49861e-06 6.45622e-06 2.87723e-06 1.96663e-06 7.54955e-06 6.5135e-06 2.81995e-06 2.02958e-06 7.60342e-06 6.57261e-06 2.76084e-06 2.09454e-06 7.66038e-06 6.63362e-06 2.69984e-06 2.16158e-06 7.72058e-06 6.69658e-06 2.63688e-06 2.23077e-06 7.78418e-06 6.76155e-06 2.57191e-06 2.30217e-06 7.85136e-06 6.8286e-06 2.50486e-06 2.37586e-06 7.92227e-06 6.8978e-06 2.43567e-06 2.45191e-06 7.99711e-06 6.96922e-06 2.36426e-06 2.53039e-06 8.07605e-06 7.04292e-06 2.29056e-06 2.61139e-06 8.15929e-06 7.11898e-06 2.21451e-06 2.69497e-06 8.24702e-06 7.19747e-06 2.13602e-06 2.78123e-06 8.33944e-06 7.27848e-06 2.05502e-06 2.87026e-06 8.43675e-06 7.36208e-06 1.97142e-06 2.96213e-06 8.53918e-06 7.44835e-06 1.88515e-06 3.05694e-06 8.64693e-06 7.53739e-06 1.79612e-06 3.15479e-06 8.76024e-06 7.62928e-06 1.70424e-06 3.25577e-06 8.87932e-06 7.72411e-06 1.60942e-06 3.35998e-06 9.00442e-06 7.82197e-06 1.51156e-06 3.46753e-06 9.13577e-06 7.92296e-06 1.41057e-06 3.57851e-06 9.27362e-06 8.02719e-06 1.30635e-06 3.69306e-06 9.41822e-06 8.13476e-06 1.19879e-06 3.81127e-06 9.56982e-06 8.24577e-06 1.08779e-06 3.93326e-06 9.72868e-06 8.36033e-06 9.73235e-07 4.05915e-06 9.89506e-06 8.47855e-06 8.55014e-07 4.18908e-06 1.00693e-05 8.60057e-06 7.3301e-07 4.32317e-06 1.02515e-05 8.72648e-06 6.071e-07 4.46154e-06 1.04421e-05 8.85643e-06 4.7716e-07 4.60435e-06 1.06414e-05 8.99054e-06 3.43062e-07 4.75173e-06 1.08496e-05 9.12894e-06 2.0467e-07 4.90382e-06 1.1067e-05 9.27177e-06 6.18495e-08 5.06078e-06 1.1294e-05 9.41917e-06 -8.55428e-08 5.22277e-06 1.15308e-05 9.57129e-06 -2.37653e-07 5.38994e-06 1.17778e-05 9.72828e-06 -3.94632e-07 5.56247e-06 1.20353e-05 9.89029e-06 -5.56635e-07 5.74051e-06 1.23036e-05 1.00575e-05 -7.23824e-07 5.92425e-06 1.25831e-05 1.023e-05 -8.96365e-07 6.11388e-06 1.28741e-05 1.04081e-05 -1.07443e-06 6.30957e-06 1.31769e-05 6.09611e-06 3.23732e-06 1.67361e-06 7.28316e-06 6.14186e-06 3.19157e-06 1.72718e-06 7.32145e-06 6.18908e-06 3.14435e-06 1.78246e-06 7.36202e-06 6.23781e-06 3.09562e-06 1.83951e-06 7.40499e-06 6.2881e-06 3.04534e-06 1.89839e-06 7.45047e-06 6.34e-06 2.99344e-06 1.95916e-06 7.49861e-06 6.39356e-06 2.93988e-06 2.02187e-06 7.54955e-06 6.44883e-06 2.88461e-06 2.08658e-06 7.60342e-06 6.50588e-06 2.82757e-06 2.15337e-06 7.66038e-06 6.56475e-06 2.76871e-06 2.2223e-06 7.72058e-06 6.6255e-06 2.70795e-06 2.29343e-06 7.78418e-06 6.6882e-06 2.64526e-06 2.36684e-06 7.85136e-06 6.75291e-06 2.58056e-06 2.4426e-06 7.92227e-06 6.81969e-06 2.51379e-06 2.52078e-06 7.99711e-06 6.8886e-06 2.44488e-06 2.60147e-06 8.07605e-06 6.95972e-06 2.37376e-06 2.68473e-06 8.15929e-06 7.03312e-06 2.30037e-06 2.77067e-06 8.24702e-06 7.10886e-06 2.22463e-06 2.85935e-06 8.33944e-06 7.18703e-06 2.14646e-06 2.95088e-06 8.43675e-06 7.26771e-06 2.06579e-06 3.04533e-06 8.53918e-06 7.35096e-06 1.98254e-06 3.1428e-06 8.64693e-06 7.43688e-06 1.89663e-06 3.2434e-06 8.76024e-06 7.52555e-06 1.80797e-06 3.34721e-06 8.87932e-06 7.61706e-06 1.71646e-06 3.45435e-06 9.00442e-06 7.71149e-06 1.62203e-06 3.56492e-06 9.13577e-06 7.80895e-06 1.52458e-06 3.67903e-06 9.27362e-06 7.90953e-06 1.42401e-06 3.79679e-06 9.41822e-06 8.01333e-06 1.32022e-06 3.91832e-06 9.56982e-06 8.12045e-06 1.2131e-06 4.04374e-06 9.72868e-06 8.231e-06 1.10256e-06 4.17317e-06 9.89506e-06 8.34509e-06 9.88477e-07 4.30674e-06 1.00693e-05 8.46283e-06 8.70745e-07 4.4446e-06 1.02515e-05 8.58434e-06 7.49244e-07 4.58686e-06 1.04421e-05 8.70974e-06 6.23854e-07 4.73368e-06 1.06414e-05 8.83915e-06 4.9445e-07 4.88519e-06 1.08496e-05 8.9727e-06 3.60905e-07 5.04156e-06 1.1067e-05 9.11053e-06 2.23085e-07 5.20293e-06 1.1294e-05 9.25277e-06 8.08534e-08 5.36947e-06 1.15308e-05 9.39957e-06 -6.59306e-08 5.54134e-06 1.17778e-05 9.55106e-06 -2.17413e-07 5.7187e-06 1.20353e-05 9.7074e-06 -3.73744e-07 5.90175e-06 1.23036e-05 9.86874e-06 -5.35079e-07 6.09066e-06 1.25831e-05 1.00353e-05 -7.01578e-07 6.28561e-06 1.28741e-05 1.02071e-05 -8.73406e-07 6.4868e-06 1.31769e-05 6.04283e-06 3.29059e-06 1.71768e-06 7.28316e-06 6.08688e-06 3.24655e-06 1.77266e-06 7.32145e-06 6.13234e-06 3.20109e-06 1.8294e-06 7.36202e-06 6.17925e-06 3.15418e-06 1.88796e-06 7.40499e-06 6.22767e-06 3.10577e-06 1.94839e-06 7.45047e-06 6.27763e-06 3.0558e-06 2.01075e-06 7.49861e-06 6.3292e-06 3.00424e-06 2.07511e-06 7.54955e-06 6.38241e-06 2.95103e-06 2.14153e-06 7.60342e-06 6.43733e-06 2.89612e-06 2.21008e-06 7.66038e-06 6.49401e-06 2.83945e-06 2.28082e-06 7.72058e-06 6.5525e-06 2.78096e-06 2.35382e-06 7.78418e-06 6.61286e-06 2.7206e-06 2.42917e-06 7.85136e-06 6.67515e-06 2.65831e-06 2.50692e-06 7.92227e-06 6.73944e-06 2.59403e-06 2.58716e-06 7.99711e-06 6.80579e-06 2.52769e-06 2.66997e-06 8.07605e-06 6.87426e-06 2.45922e-06 2.75543e-06 8.15929e-06 6.94492e-06 2.38856e-06 2.84363e-06 8.24702e-06 7.01784e-06 2.31565e-06 2.93465e-06 8.33944e-06 7.0931e-06 2.24039e-06 3.02858e-06 8.43675e-06 7.17077e-06 2.16273e-06 3.12552e-06 8.53918e-06 7.25092e-06 2.08259e-06 3.22557e-06 8.64693e-06 7.33364e-06 1.99987e-06 3.32881e-06 8.76024e-06 7.419e-06 1.91452e-06 3.43536e-06 8.87932e-06 7.5071e-06 1.82642e-06 3.54532e-06 9.00442e-06 7.59801e-06 1.73551e-06 3.6588e-06 9.13577e-06 7.69184e-06 1.64169e-06 3.77591e-06 9.27362e-06 7.78867e-06 1.54487e-06 3.89677e-06 9.41822e-06 7.8886e-06 1.44494e-06 4.0215e-06 9.56982e-06 7.99173e-06 1.34182e-06 4.15022e-06 9.72868e-06 8.09816e-06 1.2354e-06 4.28306e-06 9.89506e-06 8.208e-06 1.12557e-06 4.42016e-06 1.00693e-05 8.32135e-06 1.01223e-06 4.56164e-06 1.02515e-05 8.43833e-06 8.95254e-07 4.70765e-06 1.04421e-05 8.55905e-06 7.74537e-07 4.85833e-06 1.06414e-05 8.68364e-06 6.49957e-07 5.01384e-06 1.08496e-05 8.81222e-06 5.21389e-07 5.17432e-06 1.1067e-05 8.94491e-06 3.88706e-07 5.33995e-06 1.1294e-05 9.08185e-06 2.51775e-07 5.51087e-06 1.15308e-05 9.22317e-06 1.10462e-07 5.68726e-06 1.17778e-05 9.36902e-06 -3.5374e-08 5.8693e-06 1.20353e-05 9.51953e-06 -1.85878e-07 6.05717e-06 1.23036e-05 9.67486e-06 -3.412e-07 6.25105e-06 1.25831e-05 9.83517e-06 -5.01493e-07 6.45113e-06 1.28741e-05 1.00006e-05 -6.66917e-07 6.65762e-06 1.31769e-05 5.9882e-06 3.34522e-06 1.76006e-06 7.28316e-06 6.0305e-06 3.30293e-06 1.81639e-06 7.32145e-06 6.07415e-06 3.25928e-06 1.87453e-06 7.36202e-06 6.11921e-06 3.21423e-06 1.93453e-06 7.40499e-06 6.1657e-06 3.16774e-06 1.99646e-06 7.45047e-06 6.21368e-06 3.11976e-06 2.06036e-06 7.49861e-06 6.2632e-06 3.07025e-06 2.12631e-06 7.54955e-06 6.3143e-06 3.01915e-06 2.19437e-06 7.60342e-06 6.36704e-06 2.96641e-06 2.2646e-06 7.66038e-06 6.42146e-06 2.91199e-06 2.33709e-06 7.72058e-06 6.47763e-06 2.85583e-06 2.4119e-06 7.78418e-06 6.5356e-06 2.79786e-06 2.4891e-06 7.85136e-06 6.59542e-06 2.73805e-06 2.56877e-06 7.92227e-06 6.65716e-06 2.67631e-06 2.65099e-06 7.99711e-06 6.72087e-06 2.61261e-06 2.73584e-06 8.07605e-06 6.78662e-06 2.54686e-06 2.82341e-06 8.15929e-06 6.85447e-06 2.47901e-06 2.91379e-06 8.24702e-06 6.9245e-06 2.40899e-06 3.00705e-06 8.33944e-06 6.99677e-06 2.33672e-06 3.1033e-06 8.43675e-06 7.07136e-06 2.26214e-06 3.20263e-06 8.53918e-06 7.14833e-06 2.18518e-06 3.30514e-06 8.64693e-06 7.22776e-06 2.10575e-06 3.41094e-06 8.76024e-06 7.30973e-06 2.02378e-06 3.52011e-06 8.87932e-06 7.39433e-06 1.93919e-06 3.63279e-06 9.00442e-06 7.48164e-06 1.85188e-06 3.74907e-06 9.13577e-06 7.57175e-06 1.76179e-06 3.86907e-06 9.27362e-06 7.66473e-06 1.66881e-06 3.99291e-06 9.41822e-06 7.76069e-06 1.57285e-06 4.12072e-06 9.56982e-06 7.85973e-06 1.47382e-06 4.25261e-06 9.72868e-06 7.96193e-06 1.37163e-06 4.38873e-06 9.89506e-06 8.06741e-06 1.26616e-06 4.52921e-06 1.00693e-05 8.17626e-06 1.15731e-06 4.67418e-06 1.02515e-05 8.2886e-06 1.04499e-06 4.82379e-06 1.04421e-05 8.40453e-06 9.29062e-07 4.97819e-06 1.06414e-05 8.52417e-06 8.09427e-07 5.13754e-06 1.08496e-05 8.64764e-06 6.85964e-07 5.30198e-06 1.1067e-05 8.77507e-06 5.58548e-07 5.47169e-06 1.1294e-05 8.90657e-06 4.27054e-07 5.64683e-06 1.15308e-05 9.04228e-06 2.91352e-07 5.82757e-06 1.17778e-05 9.18234e-06 1.51305e-07 6.0141e-06 1.20353e-05 9.32688e-06 6.77655e-09 6.20661e-06 1.23036e-05 9.47604e-06 -1.42379e-07 6.40527e-06 1.25831e-05 9.62998e-06 -2.96308e-07 6.61029e-06 1.28741e-05 9.78885e-06 -4.55164e-07 6.82187e-06 1.31769e-05 5.93226e-06 3.40116e-06 1.8007e-06 7.28316e-06 5.97277e-06 3.36065e-06 1.85833e-06 7.32145e-06 6.01458e-06 3.31885e-06 1.91782e-06 7.36202e-06 6.05772e-06 3.27571e-06 1.9792e-06 7.40499e-06 6.10225e-06 3.23119e-06 2.04255e-06 7.45047e-06 6.1482e-06 3.18524e-06 2.10793e-06 7.49861e-06 6.19562e-06 3.13782e-06 2.1754e-06 7.54955e-06 6.24456e-06 3.08889e-06 2.24503e-06 7.60342e-06 6.29507e-06 3.03838e-06 2.31689e-06 7.66038e-06 6.34719e-06 2.98627e-06 2.39105e-06 7.72058e-06 6.40098e-06 2.93248e-06 2.46759e-06 7.78418e-06 6.45649e-06 2.87697e-06 2.54657e-06 7.85136e-06 6.51378e-06 2.81969e-06 2.62808e-06 7.92227e-06 6.5729e-06 2.76057e-06 2.7122e-06 7.99711e-06 6.63392e-06 2.69956e-06 2.79902e-06 8.07605e-06 6.69689e-06 2.63659e-06 2.88861e-06 8.15929e-06 6.76187e-06 2.57161e-06 2.98107e-06 8.24702e-06 6.82894e-06 2.50455e-06 3.07649e-06 8.33944e-06 6.89815e-06 2.43535e-06 3.17496e-06 8.43675e-06 6.96957e-06 2.36393e-06 3.27658e-06 8.53918e-06 7.04328e-06 2.29022e-06 3.38146e-06 8.64693e-06 7.11935e-06 2.21416e-06 3.4897e-06 8.76024e-06 7.19786e-06 2.13565e-06 3.6014e-06 8.87932e-06 7.27888e-06 2.05464e-06 3.71667e-06 9.00442e-06 7.36249e-06 1.97103e-06 3.83563e-06 9.13577e-06 7.44878e-06 1.88475e-06 3.95841e-06 9.27362e-06 7.53783e-06 1.79571e-06 4.08511e-06 9.41822e-06 7.62973e-06 1.70381e-06 4.21587e-06 9.56982e-06 7.72458e-06 1.60898e-06 4.35081e-06 9.72868e-06 7.82245e-06 1.51111e-06 4.49007e-06 9.89506e-06 7.92347e-06 1.4101e-06 4.63379e-06 1.00693e-05 8.02771e-06 1.30587e-06 4.78211e-06 1.02515e-05 8.13529e-06 1.19829e-06 4.93518e-06 1.04421e-05 8.24632e-06 1.08727e-06 5.09314e-06 1.06414e-05 8.36089e-06 9.72705e-07 5.25617e-06 1.08496e-05 8.47914e-06 8.54467e-07 5.42441e-06 1.1067e-05 8.60117e-06 7.32445e-07 5.59803e-06 1.1294e-05 8.72711e-06 6.06518e-07 5.77722e-06 1.15308e-05 8.85708e-06 4.76559e-07 5.96213e-06 1.17778e-05 8.9912e-06 3.42441e-07 6.15297e-06 1.20353e-05 9.12962e-06 2.0403e-07 6.34992e-06 1.23036e-05 9.27248e-06 6.11888e-08 6.55317e-06 1.25831e-05 9.4199e-06 -8.62247e-08 6.76292e-06 1.28741e-05 9.57204e-06 -2.38357e-07 6.97939e-06 1.31769e-05 5.87508e-06 3.45835e-06 1.83956e-06 7.28316e-06 5.91376e-06 3.41967e-06 1.89844e-06 7.32145e-06 5.95367e-06 3.37976e-06 1.95921e-06 7.36202e-06 5.99487e-06 3.33856e-06 2.02192e-06 7.40499e-06 6.03738e-06 3.29605e-06 2.08664e-06 7.45047e-06 6.08126e-06 3.25218e-06 2.15343e-06 7.49861e-06 6.12654e-06 3.20691e-06 2.22235e-06 7.54955e-06 6.17326e-06 3.16018e-06 2.29349e-06 7.60342e-06 6.22149e-06 3.11196e-06 2.3669e-06 7.66038e-06 6.27125e-06 3.0622e-06 2.44266e-06 7.72058e-06 6.32261e-06 3.01084e-06 2.52084e-06 7.78418e-06 6.37562e-06 2.95784e-06 2.60153e-06 7.85136e-06 6.43032e-06 2.90315e-06 2.6848e-06 7.92227e-06 6.48677e-06 2.8467e-06 2.77074e-06 7.99711e-06 6.54503e-06 2.78845e-06 2.85943e-06 8.07605e-06 6.60515e-06 2.72833e-06 2.95095e-06 8.15929e-06 6.6672e-06 2.66628e-06 3.04541e-06 8.24702e-06 6.73123e-06 2.60226e-06 3.14288e-06 8.33944e-06 6.79732e-06 2.53618e-06 3.24348e-06 8.43675e-06 6.86551e-06 2.46798e-06 3.3473e-06 8.53918e-06 6.9359e-06 2.39761e-06 3.45444e-06 8.64693e-06 7.00853e-06 2.32498e-06 3.56501e-06 8.76024e-06 7.08349e-06 2.25003e-06 3.67912e-06 8.87932e-06 7.16085e-06 2.17267e-06 3.79689e-06 9.00442e-06 7.24068e-06 2.09285e-06 3.91842e-06 9.13577e-06 7.32307e-06 2.01046e-06 4.04384e-06 9.27362e-06 7.4081e-06 1.92544e-06 4.17327e-06 9.41822e-06 7.49585e-06 1.8377e-06 4.30685e-06 9.56982e-06 7.5864e-06 1.74715e-06 4.44471e-06 9.72868e-06 7.67986e-06 1.6537e-06 4.58698e-06 9.89506e-06 7.77631e-06 1.55726e-06 4.7338e-06 1.00693e-05 7.87584e-06 1.45773e-06 4.88532e-06 1.02515e-05 7.97856e-06 1.35502e-06 5.04169e-06 1.04421e-05 8.08457e-06 1.24902e-06 5.20307e-06 1.06414e-05 8.19397e-06 1.13963e-06 5.36961e-06 1.08496e-05 8.30687e-06 1.02673e-06 5.54148e-06 1.1067e-05 8.42339e-06 9.10225e-07 5.71885e-06 1.1294e-05 8.54364e-06 7.89988e-07 5.9019e-06 1.15308e-05 8.66773e-06 6.65902e-07 6.09081e-06 1.17778e-05 8.7958e-06 5.37845e-07 6.28577e-06 1.20353e-05 8.92797e-06 4.05688e-07 6.48696e-06 1.23036e-05 9.06436e-06 2.69301e-07 6.6946e-06 1.25831e-05 9.20513e-06 1.28549e-07 6.90888e-06 1.28741e-05 9.35039e-06 -1.67082e-08 7.13003e-06 1.31769e-05 5.8167e-06 3.51672e-06 1.87661e-06 7.28316e-06 5.85351e-06 3.47992e-06 1.93668e-06 7.32145e-06 5.8915e-06 3.44193e-06 1.99867e-06 7.36202e-06 5.9307e-06 3.40273e-06 2.06264e-06 7.40499e-06 5.97116e-06 3.36227e-06 2.12866e-06 7.45047e-06 6.01292e-06 3.32052e-06 2.1968e-06 7.49861e-06 6.05601e-06 3.27743e-06 2.26711e-06 7.54955e-06 6.10048e-06 3.23297e-06 2.33968e-06 7.60342e-06 6.14637e-06 3.18708e-06 2.41457e-06 7.66038e-06 6.19374e-06 3.13972e-06 2.49185e-06 7.72058e-06 6.24262e-06 3.09084e-06 2.57161e-06 7.78418e-06 6.29306e-06 3.0404e-06 2.65393e-06 7.85136e-06 6.34512e-06 2.98835e-06 2.73887e-06 7.92227e-06 6.39884e-06 2.93463e-06 2.82654e-06 7.99711e-06 6.45429e-06 2.87919e-06 2.91701e-06 8.07605e-06 6.5115e-06 2.82198e-06 3.01038e-06 8.15929e-06 6.57055e-06 2.76293e-06 3.10674e-06 8.24702e-06 6.63149e-06 2.70199e-06 3.20618e-06 8.33944e-06 6.69439e-06 2.63911e-06 3.3088e-06 8.43675e-06 6.75929e-06 2.57421e-06 3.41471e-06 8.53918e-06 6.82627e-06 2.50723e-06 3.52401e-06 8.64693e-06 6.8954e-06 2.43811e-06 3.63681e-06 8.76024e-06 6.96673e-06 2.36678e-06 3.75322e-06 8.87932e-06 7.04035e-06 2.29317e-06 3.87335e-06 9.00442e-06 7.11633e-06 2.2172e-06 3.99733e-06 9.13577e-06 7.19474e-06 2.13879e-06 4.12528e-06 9.27362e-06 7.27566e-06 2.05788e-06 4.25732e-06 9.41822e-06 7.35917e-06 1.97438e-06 4.39359e-06 9.56982e-06 7.44535e-06 1.8882e-06 4.53422e-06 9.72868e-06 7.53429e-06 1.79927e-06 4.67936e-06 9.89506e-06 7.62608e-06 1.70749e-06 4.82913e-06 1.00693e-05 7.72081e-06 1.61277e-06 4.98371e-06 1.02515e-05 7.81856e-06 1.51502e-06 5.14323e-06 1.04421e-05 7.91945e-06 1.41414e-06 5.30785e-06 1.06414e-05 8.02357e-06 1.31003e-06 5.47775e-06 1.08496e-05 8.13102e-06 1.20259e-06 5.65308e-06 1.1067e-05 8.2419e-06 1.09171e-06 5.83403e-06 1.1294e-05 8.35634e-06 9.77284e-07 6.02076e-06 1.15308e-05 8.47444e-06 8.59193e-07 6.21348e-06 1.17778e-05 8.59632e-06 7.37323e-07 6.41236e-06 1.20353e-05 8.7221e-06 6.11551e-07 6.61761e-06 1.23036e-05 8.85191e-06 4.81754e-07 6.82943e-06 1.25831e-05 8.98587e-06 3.47802e-07 7.04803e-06 1.28741e-05 9.12412e-06 2.09562e-07 7.27362e-06 1.31769e-05 5.75719e-06 3.57624e-06 1.91181e-06 7.28316e-06 5.79209e-06 3.54134e-06 1.973e-06 7.32145e-06 5.82812e-06 3.50532e-06 2.03615e-06 7.36202e-06 5.86529e-06 3.46814e-06 2.10132e-06 7.40499e-06 5.90366e-06 3.42978e-06 2.16858e-06 7.45047e-06 5.94325e-06 3.39019e-06 2.238e-06 7.49861e-06 5.98411e-06 3.34933e-06 2.30963e-06 7.54955e-06 6.02628e-06 3.30717e-06 2.38356e-06 7.60342e-06 6.0698e-06 3.26365e-06 2.45985e-06 7.66038e-06 6.11471e-06 3.21874e-06 2.53859e-06 7.72058e-06 6.16106e-06 3.1724e-06 2.61984e-06 7.78418e-06 6.2089e-06 3.12457e-06 2.7037e-06 7.85136e-06 6.25826e-06 3.07521e-06 2.79024e-06 7.92227e-06 6.3092e-06 3.02427e-06 2.87955e-06 7.99711e-06 6.36178e-06 2.9717e-06 2.97172e-06 8.07605e-06 6.41604e-06 2.91744e-06 3.06684e-06 8.15929e-06 6.47203e-06 2.86145e-06 3.16501e-06 8.24702e-06 6.52982e-06 2.80367e-06 3.26631e-06 8.33944e-06 6.58945e-06 2.74404e-06 3.37086e-06 8.43675e-06 6.651e-06 2.6825e-06 3.47876e-06 8.53918e-06 6.71451e-06 2.61899e-06 3.59011e-06 8.64693e-06 6.78006e-06 2.55345e-06 3.70502e-06 8.76024e-06 6.84771e-06 2.48581e-06 3.82361e-06 8.87932e-06 6.91752e-06 2.416e-06 3.946e-06 9.00442e-06 6.98956e-06 2.34396e-06 4.0723e-06 9.13577e-06 7.06392e-06 2.26962e-06 4.20265e-06 9.27362e-06 7.14065e-06 2.19289e-06 4.33717e-06 9.41822e-06 7.21984e-06 2.11371e-06 4.47599e-06 9.56982e-06 7.30156e-06 2.032e-06 4.61926e-06 9.72868e-06 7.3859e-06 1.94766e-06 4.76712e-06 9.89506e-06 7.47293e-06 1.86063e-06 4.91971e-06 1.00693e-05 7.56276e-06 1.77082e-06 5.07718e-06 1.02515e-05 7.65546e-06 1.67813e-06 5.23969e-06 1.04421e-05 7.75112e-06 1.58247e-06 5.4074e-06 1.06414e-05 7.84985e-06 1.48375e-06 5.58048e-06 1.08496e-05 7.95174e-06 1.38187e-06 5.75911e-06 1.1067e-05 8.05689e-06 1.27673e-06 5.94344e-06 1.1294e-05 8.1654e-06 1.16822e-06 6.13368e-06 1.15308e-05 8.27739e-06 1.05624e-06 6.33001e-06 1.17778e-05 8.39297e-06 9.40679e-07 6.53263e-06 1.20353e-05 8.51224e-06 8.21416e-07 6.74172e-06 1.23036e-05 8.63533e-06 6.98336e-07 6.95751e-06 1.25831e-05 8.76236e-06 5.71317e-07 7.18021e-06 1.28741e-05 8.89345e-06 4.40231e-07 7.41004e-06 1.31769e-05 5.6966e-06 3.63683e-06 1.94511e-06 7.28316e-06 5.72956e-06 3.60386e-06 2.00737e-06 7.32145e-06 5.76359e-06 3.56985e-06 2.07163e-06 7.36202e-06 5.7987e-06 3.53474e-06 2.13794e-06 7.40499e-06 5.83493e-06 3.49851e-06 2.20637e-06 7.45047e-06 5.87232e-06 3.46112e-06 2.27699e-06 7.49861e-06 5.91092e-06 3.42253e-06 2.34987e-06 7.54955e-06 5.95074e-06 3.38271e-06 2.42509e-06 7.60342e-06 5.99184e-06 3.34161e-06 2.50271e-06 7.66038e-06 6.03426e-06 3.2992e-06 2.58282e-06 7.72058e-06 6.07803e-06 3.25542e-06 2.66549e-06 7.78418e-06 6.12321e-06 3.21025e-06 2.75081e-06 7.85136e-06 6.16983e-06 3.16364e-06 2.83886e-06 7.92227e-06 6.21794e-06 3.11553e-06 2.92972e-06 7.99711e-06 6.2676e-06 3.06588e-06 3.0235e-06 8.07605e-06 6.31884e-06 3.01464e-06 3.12028e-06 8.15929e-06 6.37172e-06 2.96176e-06 3.22015e-06 8.24702e-06 6.4263e-06 2.90719e-06 3.32322e-06 8.33944e-06 6.48262e-06 2.85087e-06 3.42959e-06 8.43675e-06 6.54075e-06 2.79275e-06 3.53937e-06 8.53918e-06 6.60073e-06 2.73277e-06 3.65266e-06 8.64693e-06 6.66264e-06 2.67087e-06 3.76957e-06 8.76024e-06 6.72653e-06 2.60699e-06 3.89023e-06 8.87932e-06 6.79246e-06 2.54106e-06 4.01475e-06 9.00442e-06 6.8605e-06 2.47302e-06 4.14325e-06 9.13577e-06 6.93072e-06 2.40281e-06 4.27587e-06 9.27362e-06 7.00319e-06 2.33035e-06 4.41274e-06 9.41822e-06 7.07798e-06 2.25557e-06 4.55398e-06 9.56982e-06 7.15516e-06 2.17839e-06 4.69974e-06 9.72868e-06 7.23482e-06 2.09874e-06 4.85018e-06 9.89506e-06 7.31702e-06 2.01655e-06 5.00542e-06 1.00693e-05 7.40185e-06 1.93172e-06 5.16564e-06 1.02515e-05 7.4894e-06 1.84418e-06 5.33098e-06 1.04421e-05 7.57975e-06 1.75384e-06 5.50161e-06 1.06414e-05 7.67299e-06 1.66061e-06 5.67771e-06 1.08496e-05 7.76922e-06 1.56439e-06 5.85945e-06 1.1067e-05 7.86853e-06 1.46509e-06 6.047e-06 1.1294e-05 7.97101e-06 1.36261e-06 6.24055e-06 1.15308e-05 8.07678e-06 1.25685e-06 6.4403e-06 1.17778e-05 8.18593e-06 1.14771e-06 6.64644e-06 1.20353e-05 8.29858e-06 1.03508e-06 6.85918e-06 1.23036e-05 8.41483e-06 9.18835e-07 7.07873e-06 1.25831e-05 8.5348e-06 7.98873e-07 7.30531e-06 1.28741e-05 8.65861e-06 6.75072e-07 7.53914e-06 1.31769e-05 5.63499e-06 3.69843e-06 1.9765e-06 7.28316e-06 5.66599e-06 3.66744e-06 2.03977e-06 7.32145e-06 5.69797e-06 3.63546e-06 2.10506e-06 7.36202e-06 5.73098e-06 3.60245e-06 2.17244e-06 7.40499e-06 5.76505e-06 3.56839e-06 2.24197e-06 7.45047e-06 5.80021e-06 3.53323e-06 2.31374e-06 7.49861e-06 5.83649e-06 3.49695e-06 2.38779e-06 7.54955e-06 5.87393e-06 3.45951e-06 2.46422e-06 7.60342e-06 5.91258e-06 3.42087e-06 2.5431e-06 7.66038e-06 5.95246e-06 3.381e-06 2.6245e-06 7.72058e-06 5.99361e-06 3.33985e-06 2.7085e-06 7.78418e-06 6.03609e-06 3.29738e-06 2.7952e-06 7.85136e-06 6.07992e-06 3.25355e-06 2.88467e-06 7.92227e-06 6.12515e-06 3.20832e-06 2.977e-06 7.99711e-06 6.17184e-06 3.16164e-06 3.07229e-06 8.07605e-06 6.22002e-06 3.11346e-06 3.17063e-06 8.15929e-06 6.26974e-06 3.06375e-06 3.27212e-06 8.24702e-06 6.32105e-06 3.01244e-06 3.37685e-06 8.33944e-06 6.374e-06 2.95949e-06 3.48494e-06 8.43675e-06 6.42865e-06 2.90485e-06 3.59648e-06 8.53918e-06 6.48505e-06 2.84846e-06 3.7116e-06 8.64693e-06 6.54325e-06 2.79026e-06 3.8304e-06 8.76024e-06 6.60332e-06 2.7302e-06 3.95301e-06 8.87932e-06 6.66531e-06 2.66822e-06 4.07954e-06 9.00442e-06 6.72928e-06 2.60425e-06 4.21012e-06 9.13577e-06 6.7953e-06 2.53823e-06 4.34488e-06 9.27362e-06 6.86343e-06 2.47011e-06 4.48395e-06 9.41822e-06 6.93375e-06 2.3998e-06 4.62747e-06 9.56982e-06 7.00631e-06 2.32724e-06 4.77559e-06 9.72868e-06 7.0812e-06 2.25236e-06 4.92845e-06 9.89506e-06 7.15849e-06 2.17508e-06 5.0862e-06 1.00693e-05 7.23824e-06 2.09533e-06 5.249e-06 1.02515e-05 7.32056e-06 2.01303e-06 5.41701e-06 1.04421e-05 7.4055e-06 1.92809e-06 5.5904e-06 1.06414e-05 7.49317e-06 1.84043e-06 5.76934e-06 1.08496e-05 7.58364e-06 1.74997e-06 5.954e-06 1.1067e-05 7.67701e-06 1.65661e-06 6.14458e-06 1.1294e-05 7.77336e-06 1.56026e-06 6.34126e-06 1.15308e-05 7.8728e-06 1.46083e-06 6.54423e-06 1.17778e-05 7.97543e-06 1.35822e-06 6.7537e-06 1.20353e-05 8.08133e-06 1.25232e-06 6.96988e-06 1.23036e-05 8.19063e-06 1.14303e-06 7.19297e-06 1.25831e-05 8.30343e-06 1.03025e-06 7.4232e-06 1.28741e-05 8.41983e-06 9.13852e-07 7.66081e-06 1.31769e-05 5.57243e-06 3.76099e-06 2.00594e-06 7.28316e-06 5.60142e-06 3.732e-06 2.07015e-06 7.32145e-06 5.63134e-06 3.70209e-06 2.13641e-06 7.36202e-06 5.66222e-06 3.67121e-06 2.20479e-06 7.40499e-06 5.69409e-06 3.63935e-06 2.27537e-06 7.45047e-06 5.72697e-06 3.60647e-06 2.3482e-06 7.49861e-06 5.76091e-06 3.57253e-06 2.42336e-06 7.54955e-06 5.79594e-06 3.53751e-06 2.50093e-06 7.60342e-06 5.83208e-06 3.50137e-06 2.58098e-06 7.66038e-06 5.86938e-06 3.46407e-06 2.66359e-06 7.72058e-06 5.90788e-06 3.42558e-06 2.74885e-06 7.78418e-06 5.94761e-06 3.38585e-06 2.83683e-06 7.85136e-06 5.98861e-06 3.34486e-06 2.92763e-06 7.92227e-06 6.03092e-06 3.30255e-06 3.02134e-06 7.99711e-06 6.07459e-06 3.25888e-06 3.11805e-06 8.07605e-06 6.11966e-06 3.21382e-06 3.21785e-06 8.15929e-06 6.16616e-06 3.16732e-06 3.32085e-06 8.24702e-06 6.21416e-06 3.11933e-06 3.42715e-06 8.33944e-06 6.26369e-06 3.0698e-06 3.53684e-06 8.43675e-06 6.31481e-06 3.01869e-06 3.65005e-06 8.53918e-06 6.36757e-06 2.96594e-06 3.76688e-06 8.64693e-06 6.42201e-06 2.9115e-06 3.88746e-06 8.76024e-06 6.47819e-06 2.85532e-06 4.01189e-06 8.87932e-06 6.53618e-06 2.79734e-06 4.1403e-06 9.00442e-06 6.59602e-06 2.73751e-06 4.27282e-06 9.13577e-06 6.65777e-06 2.67576e-06 4.40959e-06 9.27362e-06 6.7215e-06 2.61204e-06 4.55073e-06 9.41822e-06 6.78728e-06 2.54627e-06 4.69639e-06 9.56982e-06 6.85515e-06 2.4784e-06 4.84672e-06 9.72868e-06 6.9252e-06 2.40836e-06 5.00185e-06 9.89506e-06 6.9975e-06 2.33607e-06 5.16195e-06 1.00693e-05 7.0721e-06 2.26147e-06 5.32718e-06 1.02515e-05 7.14909e-06 2.18449e-06 5.49769e-06 1.04421e-05 7.22855e-06 2.10504e-06 5.67366e-06 1.06414e-05 7.31055e-06 2.02304e-06 5.85527e-06 1.08496e-05 7.39518e-06 1.93843e-06 6.04269e-06 1.1067e-05 7.48252e-06 1.8511e-06 6.2361e-06 1.1294e-05 7.57265e-06 1.76098e-06 6.43571e-06 1.15308e-05 7.66566e-06 1.66797e-06 6.6417e-06 1.17778e-05 7.76165e-06 1.57199e-06 6.85429e-06 1.20353e-05 7.86072e-06 1.47293e-06 7.07369e-06 1.23036e-05 7.96296e-06 1.37071e-06 7.30011e-06 1.25831e-05 8.06846e-06 1.26521e-06 7.53377e-06 1.28741e-05 8.17735e-06 1.15634e-06 7.77491e-06 1.31769e-05 5.50898e-06 3.82445e-06 2.0334e-06 7.28316e-06 5.53594e-06 3.79749e-06 2.09849e-06 7.32145e-06 5.56376e-06 3.76967e-06 2.16566e-06 7.36202e-06 5.59247e-06 3.74096e-06 2.23498e-06 7.40499e-06 5.62211e-06 3.71133e-06 2.30651e-06 7.45047e-06 5.65269e-06 3.68075e-06 2.38034e-06 7.49861e-06 5.68425e-06 3.64919e-06 2.45653e-06 7.54955e-06 5.71682e-06 3.61662e-06 2.53516e-06 7.60342e-06 5.75044e-06 3.58301e-06 2.61631e-06 7.66038e-06 5.78513e-06 3.54833e-06 2.70005e-06 7.72058e-06 5.82093e-06 3.51253e-06 2.78648e-06 7.78418e-06 5.85787e-06 3.47559e-06 2.87567e-06 7.85136e-06 5.896e-06 3.43747e-06 2.96771e-06 7.92227e-06 5.93535e-06 3.39812e-06 3.0627e-06 7.99711e-06 5.97596e-06 3.35752e-06 3.16073e-06 8.07605e-06 6.01786e-06 3.31561e-06 3.2619e-06 8.15929e-06 6.06111e-06 3.27237e-06 3.36631e-06 8.24702e-06 6.10575e-06 3.22774e-06 3.47406e-06 8.33944e-06 6.15181e-06 3.18168e-06 3.58526e-06 8.43675e-06 6.19935e-06 3.13415e-06 3.70002e-06 8.53918e-06 6.24841e-06 3.0851e-06 3.81845e-06 8.64693e-06 6.29903e-06 3.03448e-06 3.94067e-06 8.76024e-06 6.35128e-06 2.98223e-06 4.06681e-06 8.87932e-06 6.40521e-06 2.92832e-06 4.19698e-06 9.00442e-06 6.46085e-06 2.87267e-06 4.33132e-06 9.13577e-06 6.51828e-06 2.81525e-06 4.46995e-06 9.27362e-06 6.57755e-06 2.75599e-06 4.61303e-06 9.41822e-06 6.63871e-06 2.69483e-06 4.76068e-06 9.56982e-06 6.70183e-06 2.63172e-06 4.91306e-06 9.72868e-06 6.76698e-06 2.56658e-06 5.07032e-06 9.89506e-06 6.8342e-06 2.49936e-06 5.23262e-06 1.00693e-05 6.90358e-06 2.42999e-06 5.4001e-06 1.02515e-05 6.97518e-06 2.3584e-06 5.57295e-06 1.04421e-05 7.04907e-06 2.28452e-06 5.75133e-06 1.06414e-05 7.12533e-06 2.20827e-06 5.93542e-06 1.08496e-05 7.20403e-06 2.12958e-06 6.1254e-06 1.1067e-05 7.28525e-06 2.04837e-06 6.32147e-06 1.1294e-05 7.36906e-06 1.96456e-06 6.52381e-06 1.15308e-05 7.45556e-06 1.87807e-06 6.73262e-06 1.17778e-05 7.54483e-06 1.78882e-06 6.94812e-06 1.20353e-05 7.63695e-06 1.6967e-06 7.17052e-06 1.23036e-05 7.73203e-06 1.60164e-06 7.40004e-06 1.25831e-05 7.83014e-06 1.50353e-06 7.6369e-06 1.28741e-05 7.9314e-06 1.40228e-06 7.88134e-06 1.31769e-05 5.44469e-06 3.88874e-06 2.05886e-06 7.28316e-06 5.46959e-06 3.86384e-06 2.12476e-06 7.32145e-06 5.49529e-06 3.83814e-06 2.19277e-06 7.36202e-06 5.52182e-06 3.81162e-06 2.26295e-06 7.40499e-06 5.54919e-06 3.78425e-06 2.33539e-06 7.45047e-06 5.57744e-06 3.756e-06 2.41014e-06 7.49861e-06 5.60659e-06 3.72686e-06 2.48728e-06 7.54955e-06 5.63667e-06 3.69677e-06 2.56689e-06 7.60342e-06 5.66772e-06 3.66573e-06 2.64906e-06 7.66038e-06 5.69976e-06 3.63369e-06 2.73385e-06 7.72058e-06 5.73283e-06 3.60063e-06 2.82135e-06 7.78418e-06 5.76696e-06 3.56651e-06 2.91166e-06 7.85136e-06 5.80217e-06 3.53129e-06 3.00486e-06 7.92227e-06 5.83852e-06 3.49495e-06 3.10104e-06 7.99711e-06 5.87603e-06 3.45745e-06 3.2003e-06 8.07605e-06 5.91474e-06 3.41874e-06 3.30273e-06 8.15929e-06 5.95469e-06 3.3788e-06 3.40845e-06 8.24702e-06 5.99592e-06 3.33757e-06 3.51755e-06 8.33944e-06 6.03846e-06 3.29503e-06 3.63014e-06 8.43675e-06 6.08237e-06 3.25113e-06 3.74633e-06 8.53918e-06 6.12769e-06 3.20582e-06 3.86625e-06 8.64693e-06 6.17445e-06 3.15906e-06 3.99e-06 8.76024e-06 6.22271e-06 3.1108e-06 4.11771e-06 8.87932e-06 6.27252e-06 3.061e-06 4.24951e-06 9.00442e-06 6.32392e-06 3.00961e-06 4.38553e-06 9.13577e-06 6.37696e-06 2.95657e-06 4.5259e-06 9.27362e-06 6.43171e-06 2.90183e-06 4.67077e-06 9.41822e-06 6.4882e-06 2.84534e-06 4.82027e-06 9.56982e-06 6.54651e-06 2.78705e-06 4.97456e-06 9.72868e-06 6.60668e-06 2.72688e-06 5.13379e-06 9.89506e-06 6.66877e-06 2.66479e-06 5.29811e-06 1.00693e-05 6.73286e-06 2.60072e-06 5.4677e-06 1.02515e-05 6.79899e-06 2.53459e-06 5.64271e-06 1.04421e-05 6.86725e-06 2.46635e-06 5.82332e-06 1.06414e-05 6.93768e-06 2.39592e-06 6.00972e-06 1.08496e-05 7.01037e-06 2.32323e-06 6.20208e-06 1.1067e-05 7.08539e-06 2.24822e-06 6.4006e-06 1.1294e-05 7.16281e-06 2.17081e-06 6.60547e-06 1.15308e-05 7.24271e-06 2.09093e-06 6.8169e-06 1.17778e-05 7.32516e-06 2.00848e-06 7.03509e-06 1.20353e-05 7.41026e-06 1.9234e-06 7.26028e-06 1.23036e-05 7.49807e-06 1.83559e-06 7.49267e-06 1.25831e-05 7.5887e-06 1.74497e-06 7.73249e-06 1.28741e-05 7.68223e-06 1.65145e-06 7.98e-06 1.31769e-05 5.37963e-06 3.95379e-06 2.08228e-06 7.28316e-06 5.40246e-06 3.93097e-06 2.14893e-06 7.32145e-06 5.42601e-06 3.90742e-06 2.21771e-06 7.36202e-06 5.45031e-06 3.88312e-06 2.28869e-06 7.40499e-06 5.4754e-06 3.85804e-06 2.36195e-06 7.45047e-06 5.50128e-06 3.83216e-06 2.43755e-06 7.49861e-06 5.528e-06 3.80545e-06 2.51558e-06 7.54955e-06 5.55557e-06 3.77788e-06 2.5961e-06 7.60342e-06 5.58402e-06 3.74943e-06 2.67919e-06 7.66038e-06 5.61338e-06 3.72007e-06 2.76495e-06 7.72058e-06 5.64368e-06 3.68977e-06 2.85345e-06 7.78418e-06 5.67496e-06 3.65851e-06 2.94478e-06 7.85136e-06 5.70723e-06 3.62624e-06 3.03904e-06 7.92227e-06 5.74054e-06 3.59293e-06 3.13632e-06 7.99711e-06 5.77491e-06 3.55857e-06 3.2367e-06 8.07605e-06 5.81038e-06 3.5231e-06 3.3403e-06 8.15929e-06 5.84699e-06 3.48649e-06 3.44722e-06 8.24702e-06 5.88477e-06 3.44872e-06 3.55756e-06 8.33944e-06 5.92376e-06 3.40973e-06 3.67143e-06 8.43675e-06 5.964e-06 3.3695e-06 3.78895e-06 8.53918e-06 6.00552e-06 3.32798e-06 3.91023e-06 8.64693e-06 6.04838e-06 3.28513e-06 4.03539e-06 8.76024e-06 6.0926e-06 3.24091e-06 4.16455e-06 8.87932e-06 6.13824e-06 3.19528e-06 4.29785e-06 9.00442e-06 6.18535e-06 3.14818e-06 4.43542e-06 9.13577e-06 6.23396e-06 3.09958e-06 4.57739e-06 9.27362e-06 6.28412e-06 3.04942e-06 4.7239e-06 9.41822e-06 6.3359e-06 2.99765e-06 4.87511e-06 9.56982e-06 6.38933e-06 2.94423e-06 5.03115e-06 9.72868e-06 6.44446e-06 2.8891e-06 5.19219e-06 9.89506e-06 6.50137e-06 2.8322e-06 5.35838e-06 1.00693e-05 6.56009e-06 2.77348e-06 5.5299e-06 1.02515e-05 6.6207e-06 2.71288e-06 5.7069e-06 1.04421e-05 6.68324e-06 2.65035e-06 5.88957e-06 1.06414e-05 6.74779e-06 2.58581e-06 6.07808e-06 1.08496e-05 6.81441e-06 2.5192e-06 6.27263e-06 1.1067e-05 6.88315e-06 2.45047e-06 6.47341e-06 1.1294e-05 6.9541e-06 2.37953e-06 6.68061e-06 1.15308e-05 7.02731e-06 2.30632e-06 6.89444e-06 1.17778e-05 7.10287e-06 2.23077e-06 7.11512e-06 1.20353e-05 7.18085e-06 2.1528e-06 7.34287e-06 1.23036e-05 7.26133e-06 2.07234e-06 7.5779e-06 1.25831e-05 7.34438e-06 1.9893e-06 7.82046e-06 1.28741e-05 7.43009e-06 1.9036e-06 8.07077e-06 1.31769e-05 5.31388e-06 4.01955e-06 2.10364e-06 7.28316e-06 5.33459e-06 3.99883e-06 2.17098e-06 7.32145e-06 5.35597e-06 3.97746e-06 2.24047e-06 7.36202e-06 5.37804e-06 3.9554e-06 2.31218e-06 7.40499e-06 5.40081e-06 3.93263e-06 2.38619e-06 7.45047e-06 5.4243e-06 3.90914e-06 2.46257e-06 7.49861e-06 5.44855e-06 3.88489e-06 2.54139e-06 7.54955e-06 5.47358e-06 3.85987e-06 2.62273e-06 7.60342e-06 5.49941e-06 3.83404e-06 2.70668e-06 7.66038e-06 5.52606e-06 3.80739e-06 2.79332e-06 7.72058e-06 5.55357e-06 3.77989e-06 2.88273e-06 7.78418e-06 5.58196e-06 3.7515e-06 2.975e-06 7.85136e-06 5.61126e-06 3.72221e-06 3.07022e-06 7.92227e-06 5.64149e-06 3.69198e-06 3.1685e-06 7.99711e-06 5.67269e-06 3.66078e-06 3.26991e-06 8.07605e-06 5.7049e-06 3.62858e-06 3.37458e-06 8.15929e-06 5.73813e-06 3.59536e-06 3.48259e-06 8.24702e-06 5.77242e-06 3.56107e-06 3.59407e-06 8.33944e-06 5.80782e-06 3.52568e-06 3.70911e-06 8.43675e-06 5.84434e-06 3.48916e-06 3.82783e-06 8.53918e-06 5.88204e-06 3.45147e-06 3.95035e-06 8.64693e-06 5.92094e-06 3.41257e-06 4.07679e-06 8.76024e-06 5.96109e-06 3.37243e-06 4.20728e-06 8.87932e-06 6.00252e-06 3.331e-06 4.34195e-06 9.00442e-06 6.04528e-06 3.28825e-06 4.48093e-06 9.13577e-06 6.08941e-06 3.24413e-06 4.62436e-06 9.27362e-06 6.13494e-06 3.1986e-06 4.77238e-06 9.41822e-06 6.18194e-06 3.1516e-06 4.92513e-06 9.56982e-06 6.23044e-06 3.10311e-06 5.08278e-06 9.72868e-06 6.2805e-06 3.05306e-06 5.24547e-06 9.89506e-06 6.33215e-06 3.00142e-06 5.41337e-06 1.00693e-05 6.38546e-06 2.94811e-06 5.58664e-06 1.02515e-05 6.44048e-06 2.89311e-06 5.76546e-06 1.04421e-05 6.49725e-06 2.83634e-06 5.95e-06 1.06414e-05 6.55585e-06 2.77775e-06 6.14045e-06 1.08496e-05 6.61632e-06 2.71729e-06 6.33699e-06 1.1067e-05 6.67872e-06 2.65489e-06 6.53983e-06 1.1294e-05 6.74312e-06 2.5905e-06 6.74916e-06 1.15308e-05 6.80959e-06 2.52405e-06 6.96519e-06 1.17778e-05 6.87818e-06 2.45546e-06 7.18813e-06 1.20353e-05 6.94897e-06 2.38469e-06 7.41821e-06 1.23036e-05 7.02202e-06 2.31165e-06 7.65566e-06 1.25831e-05 7.09741e-06 2.23627e-06 7.9007e-06 1.28741e-05 7.17521e-06 2.15847e-06 8.15359e-06 1.31769e-05 5.24748e-06 4.08594e-06 2.12293e-06 7.28316e-06 5.26607e-06 4.06736e-06 2.19088e-06 7.32145e-06 5.28526e-06 4.04817e-06 2.26101e-06 7.36202e-06 5.30506e-06 4.02838e-06 2.33338e-06 7.40499e-06 5.32549e-06 4.00795e-06 2.40807e-06 7.45047e-06 5.34658e-06 3.98686e-06 2.48515e-06 7.49861e-06 5.36834e-06 3.9651e-06 2.56469e-06 7.54955e-06 5.3908e-06 3.94265e-06 2.64678e-06 7.60342e-06 5.41398e-06 3.91947e-06 2.7315e-06 7.66038e-06 5.4379e-06 3.89555e-06 2.81893e-06 7.72058e-06 5.46259e-06 3.87087e-06 2.90916e-06 7.78418e-06 5.48806e-06 3.8454e-06 3.00228e-06 7.85136e-06 5.51435e-06 3.81911e-06 3.09838e-06 7.92227e-06 5.54149e-06 3.79198e-06 3.19755e-06 7.99711e-06 5.56949e-06 3.76399e-06 3.2999e-06 8.07605e-06 5.59839e-06 3.73509e-06 3.40552e-06 8.15929e-06 5.62821e-06 3.70528e-06 3.51453e-06 8.24702e-06 5.65899e-06 3.6745e-06 3.62702e-06 8.33944e-06 5.69075e-06 3.64275e-06 3.74312e-06 8.43675e-06 5.72353e-06 3.60997e-06 3.86293e-06 8.53918e-06 5.75736e-06 3.57615e-06 3.98657e-06 8.64693e-06 5.79227e-06 3.54124e-06 4.11418e-06 8.76024e-06 5.8283e-06 3.50522e-06 4.24586e-06 8.87932e-06 5.86548e-06 3.46804e-06 4.38177e-06 9.00442e-06 5.90385e-06 3.42968e-06 4.52202e-06 9.13577e-06 5.94345e-06 3.39008e-06 4.66676e-06 9.27362e-06 5.98432e-06 3.34922e-06 4.81614e-06 9.41822e-06 6.02649e-06 3.30705e-06 4.97029e-06 9.56982e-06 6.07002e-06 3.26354e-06 5.12938e-06 9.72868e-06 6.11494e-06 3.21862e-06 5.29357e-06 9.89506e-06 6.16129e-06 3.17227e-06 5.46301e-06 1.00693e-05 6.20913e-06 3.12444e-06 5.63787e-06 1.02515e-05 6.25851e-06 3.07508e-06 5.81832e-06 1.04421e-05 6.30946e-06 3.02413e-06 6.00456e-06 1.06414e-05 6.36204e-06 2.97156e-06 6.19676e-06 1.08496e-05 6.41631e-06 2.9173e-06 6.3951e-06 1.1067e-05 6.47231e-06 2.86131e-06 6.5998e-06 1.1294e-05 6.5301e-06 2.80352e-06 6.81105e-06 1.15308e-05 6.58975e-06 2.74388e-06 7.02906e-06 1.17778e-05 6.6513e-06 2.68234e-06 7.25404e-06 1.20353e-05 6.71483e-06 2.61883e-06 7.48623e-06 1.23036e-05 6.78039e-06 2.55328e-06 7.72586e-06 1.25831e-05 6.84804e-06 2.48563e-06 7.97315e-06 1.28741e-05 6.91787e-06 2.41582e-06 8.22835e-06 1.31769e-05 5.18051e-06 4.15291e-06 2.14013e-06 7.28316e-06 5.19696e-06 4.13647e-06 2.20863e-06 7.32145e-06 5.21393e-06 4.1195e-06 2.27932e-06 7.36202e-06 5.23145e-06 4.10198e-06 2.35228e-06 7.40499e-06 5.24953e-06 4.08391e-06 2.42757e-06 7.45047e-06 5.26818e-06 4.06526e-06 2.50528e-06 7.49861e-06 5.28744e-06 4.04601e-06 2.58546e-06 7.54955e-06 5.30731e-06 4.02614e-06 2.66822e-06 7.60342e-06 5.32781e-06 4.00564e-06 2.75363e-06 7.66038e-06 5.34897e-06 3.98448e-06 2.84177e-06 7.72058e-06 5.37081e-06 3.96264e-06 2.93273e-06 7.78418e-06 5.39335e-06 3.94011e-06 3.0266e-06 7.85136e-06 5.41661e-06 3.91685e-06 3.12347e-06 7.92227e-06 5.44062e-06 3.89285e-06 3.22345e-06 7.99711e-06 5.46539e-06 3.86809e-06 3.32663e-06 8.07605e-06 5.49096e-06 3.84252e-06 3.43311e-06 8.15929e-06 5.51734e-06 3.81614e-06 3.54299e-06 8.24702e-06 5.54457e-06 3.78892e-06 3.6564e-06 8.33944e-06 5.57267e-06 3.76083e-06 3.77343e-06 8.43675e-06 5.60167e-06 3.73183e-06 3.89422e-06 8.53918e-06 5.6316e-06 3.70191e-06 4.01886e-06 8.64693e-06 5.66248e-06 3.67103e-06 4.1475e-06 8.76024e-06 5.69436e-06 3.63916e-06 4.28025e-06 8.87932e-06 5.72725e-06 3.60627e-06 4.41726e-06 9.00442e-06 5.7612e-06 3.57233e-06 4.55865e-06 9.13577e-06 5.79623e-06 3.5373e-06 4.70456e-06 9.27362e-06 5.83239e-06 3.50115e-06 4.85515e-06 9.41822e-06 5.8697e-06 3.46385e-06 5.01055e-06 9.56982e-06 5.90821e-06 3.42535e-06 5.17093e-06 9.72868e-06 5.94795e-06 3.38561e-06 5.33644e-06 9.89506e-06 5.98896e-06 3.34461e-06 5.50725e-06 1.00693e-05 6.03128e-06 3.30229e-06 5.68353e-06 1.02515e-05 6.07496e-06 3.25862e-06 5.86545e-06 1.04421e-05 6.12004e-06 3.21355e-06 6.05319e-06 1.06414e-05 6.16656e-06 3.16704e-06 6.24695e-06 1.08496e-05 6.21457e-06 3.11904e-06 6.4469e-06 1.1067e-05 6.26411e-06 3.0695e-06 6.65325e-06 1.1294e-05 6.31524e-06 3.01838e-06 6.86621e-06 1.15308e-05 6.36801e-06 2.96562e-06 7.08599e-06 1.17778e-05 6.42247e-06 2.91117e-06 7.3128e-06 1.20353e-05 6.47867e-06 2.85498e-06 7.54687e-06 1.23036e-05 6.53667e-06 2.79699e-06 7.78843e-06 1.25831e-05 6.59653e-06 2.73715e-06 8.03773e-06 1.28741e-05 6.6583e-06 2.67539e-06 8.295e-06 1.31769e-05 5.11303e-06 4.22039e-06 2.15521e-06 7.28316e-06 5.12732e-06 4.20611e-06 2.22419e-06 7.32145e-06 5.14207e-06 4.19136e-06 2.29539e-06 7.36202e-06 5.15728e-06 4.17615e-06 2.36886e-06 7.40499e-06 5.17299e-06 4.16045e-06 2.44468e-06 7.45047e-06 5.18919e-06 4.14425e-06 2.52293e-06 7.49861e-06 5.20592e-06 4.12752e-06 2.60369e-06 7.54955e-06 5.22318e-06 4.11027e-06 2.68703e-06 7.60342e-06 5.24099e-06 4.09246e-06 2.77303e-06 7.66038e-06 5.25938e-06 4.07408e-06 2.86179e-06 7.72058e-06 5.27835e-06 4.05511e-06 2.95339e-06 7.78418e-06 5.29793e-06 4.03554e-06 3.04793e-06 7.85136e-06 5.31813e-06 4.01533e-06 3.14549e-06 7.92227e-06 5.33898e-06 3.99449e-06 3.24617e-06 7.99711e-06 5.3605e-06 3.97297e-06 3.35007e-06 8.07605e-06 5.38271e-06 3.95077e-06 3.4573e-06 8.15929e-06 5.40563e-06 3.92785e-06 3.56796e-06 8.24702e-06 5.42929e-06 3.9042e-06 3.68217e-06 8.33944e-06 5.4537e-06 3.8798e-06 3.80003e-06 8.43675e-06 5.47889e-06 3.85461e-06 3.92166e-06 8.53918e-06 5.50488e-06 3.82862e-06 4.04719e-06 8.64693e-06 5.53171e-06 3.8018e-06 4.17673e-06 8.76024e-06 5.5594e-06 3.77411e-06 4.31042e-06 8.87932e-06 5.58798e-06 3.74554e-06 4.44839e-06 9.00442e-06 5.61747e-06 3.71606e-06 4.59077e-06 9.13577e-06 5.6479e-06 3.68563e-06 4.73772e-06 9.27362e-06 5.67931e-06 3.65423e-06 4.88936e-06 9.41822e-06 5.71172e-06 3.62182e-06 5.04586e-06 9.56982e-06 5.74517e-06 3.58838e-06 5.20737e-06 9.72868e-06 5.77969e-06 3.55387e-06 5.37405e-06 9.89506e-06 5.81532e-06 3.51825e-06 5.54607e-06 1.00693e-05 5.85209e-06 3.48149e-06 5.72359e-06 1.02515e-05 5.89003e-06 3.44355e-06 5.90679e-06 1.04421e-05 5.92919e-06 3.4044e-06 6.09585e-06 1.06414e-05 5.9696e-06 3.364e-06 6.29097e-06 1.08496e-05 6.0113e-06 3.32231e-06 6.49234e-06 1.1067e-05 6.05434e-06 3.27927e-06 6.70014e-06 1.1294e-05 6.09876e-06 3.23487e-06 6.9146e-06 1.15308e-05 6.1446e-06 3.18904e-06 7.13593e-06 1.17778e-05 6.1919e-06 3.14174e-06 7.36434e-06 1.20353e-05 6.24072e-06 3.09293e-06 7.60006e-06 1.23036e-05 6.29111e-06 3.04256e-06 7.84332e-06 1.25831e-05 6.3431e-06 2.99057e-06 8.09437e-06 1.28741e-05 6.39676e-06 2.93692e-06 8.35346e-06 1.31769e-05 5.04512e-06 4.28831e-06 2.16817e-06 7.28316e-06 5.05723e-06 4.2762e-06 2.23757e-06 7.32145e-06 5.06973e-06 4.2637e-06 2.30919e-06 7.36202e-06 5.08263e-06 4.2508e-06 2.3831e-06 7.40499e-06 5.09595e-06 4.23749e-06 2.45938e-06 7.45047e-06 5.10969e-06 4.22375e-06 2.5381e-06 7.49861e-06 5.12387e-06 4.20957e-06 2.61934e-06 7.54955e-06 5.1385e-06 4.19494e-06 2.70318e-06 7.60342e-06 5.15361e-06 4.17984e-06 2.7897e-06 7.66038e-06 5.16919e-06 4.16426e-06 2.879e-06 7.72058e-06 5.18528e-06 4.14818e-06 2.97115e-06 7.78418e-06 5.20188e-06 4.13158e-06 3.06625e-06 7.85136e-06 5.21901e-06 4.11446e-06 3.16439e-06 7.92227e-06 5.23669e-06 4.09678e-06 3.26568e-06 7.99711e-06 5.25493e-06 4.07854e-06 3.37021e-06 8.07605e-06 5.27376e-06 4.05972e-06 3.47809e-06 8.15929e-06 5.2932e-06 4.04029e-06 3.58941e-06 8.24702e-06 5.31325e-06 4.02024e-06 3.7043e-06 8.33944e-06 5.33395e-06 3.99955e-06 3.82287e-06 8.43675e-06 5.3553e-06 3.9782e-06 3.94524e-06 8.53918e-06 5.37735e-06 3.95616e-06 4.07152e-06 8.64693e-06 5.40009e-06 3.93342e-06 4.20184e-06 8.76024e-06 5.42357e-06 3.90995e-06 4.33633e-06 8.87932e-06 5.4478e-06 3.88573e-06 4.47513e-06 9.00442e-06 5.4728e-06 3.86073e-06 4.61837e-06 9.13577e-06 5.4986e-06 3.83493e-06 4.7662e-06 9.27362e-06 5.52523e-06 3.80831e-06 4.91876e-06 9.41822e-06 5.55271e-06 3.78083e-06 5.0762e-06 9.56982e-06 5.58107e-06 3.75248e-06 5.23868e-06 9.72868e-06 5.61034e-06 3.72322e-06 5.40636e-06 9.89506e-06 5.64055e-06 3.69302e-06 5.57941e-06 1.00693e-05 5.67172e-06 3.66186e-06 5.75799e-06 1.02515e-05 5.70389e-06 3.62969e-06 5.9423e-06 1.04421e-05 5.73709e-06 3.5965e-06 6.1325e-06 1.06414e-05 5.77135e-06 3.56225e-06 6.32879e-06 1.08496e-05 5.80671e-06 3.5269e-06 6.53136e-06 1.1067e-05 5.8432e-06 3.49042e-06 6.74042e-06 1.1294e-05 5.88086e-06 3.45277e-06 6.95617e-06 1.15308e-05 5.91972e-06 3.41391e-06 7.17883e-06 1.17778e-05 5.95983e-06 3.37381e-06 7.40861e-06 1.20353e-05 6.00122e-06 3.33243e-06 7.64574e-06 1.23036e-05 6.04394e-06 3.28972e-06 7.89047e-06 1.25831e-05 6.08802e-06 3.24565e-06 8.14303e-06 1.28741e-05 6.13352e-06 3.20017e-06 8.40368e-06 1.31769e-05 4.97683e-06 4.3566e-06 2.17898e-06 7.28316e-06 4.98675e-06 4.34667e-06 2.24873e-06 7.32145e-06 4.997e-06 4.33643e-06 2.32071e-06 7.36202e-06 5.00757e-06 4.32586e-06 2.39499e-06 7.40499e-06 5.01849e-06 4.31495e-06 2.47165e-06 7.45047e-06 5.02975e-06 4.30369e-06 2.55076e-06 7.49861e-06 5.04137e-06 4.29208e-06 2.6324e-06 7.54955e-06 5.05336e-06 4.28008e-06 2.71666e-06 7.60342e-06 5.06574e-06 4.26771e-06 2.80362e-06 7.66038e-06 5.07851e-06 4.25494e-06 2.89336e-06 7.72058e-06 5.0917e-06 4.24176e-06 2.98597e-06 7.78418e-06 5.1053e-06 4.22816e-06 3.08155e-06 7.85136e-06 5.11934e-06 4.21413e-06 3.18018e-06 7.92227e-06 5.13383e-06 4.19964e-06 3.28197e-06 7.99711e-06 5.14878e-06 4.18469e-06 3.38702e-06 8.07605e-06 5.16421e-06 4.16927e-06 3.49544e-06 8.15929e-06 5.18014e-06 4.15334e-06 3.60732e-06 8.24702e-06 5.19658e-06 4.13691e-06 3.72278e-06 8.33944e-06 5.21354e-06 4.11996e-06 3.84194e-06 8.43675e-06 5.23104e-06 4.10246e-06 3.96492e-06 8.53918e-06 5.24911e-06 4.0844e-06 4.09183e-06 8.64693e-06 5.26775e-06 4.06576e-06 4.2228e-06 8.76024e-06 5.28699e-06 4.04653e-06 4.35796e-06 8.87932e-06 5.30684e-06 4.02668e-06 4.49745e-06 9.00442e-06 5.32733e-06 4.00619e-06 4.64141e-06 9.13577e-06 5.34848e-06 3.98505e-06 4.78997e-06 9.27362e-06 5.3703e-06 3.96324e-06 4.94329e-06 9.41822e-06 5.39283e-06 3.94072e-06 5.10152e-06 9.56982e-06 5.41607e-06 3.91748e-06 5.26481e-06 9.72868e-06 5.44006e-06 3.8935e-06 5.43333e-06 9.89506e-06 5.46481e-06 3.86876e-06 5.60724e-06 1.00693e-05 5.49036e-06 3.84322e-06 5.78672e-06 1.02515e-05 5.51672e-06 3.81686e-06 5.97194e-06 1.04421e-05 5.54393e-06 3.78966e-06 6.16309e-06 1.06414e-05 5.57201e-06 3.76159e-06 6.36036e-06 1.08496e-05 5.60099e-06 3.73262e-06 6.56395e-06 1.1067e-05 5.6309e-06 3.70272e-06 6.77405e-06 1.1294e-05 5.66176e-06 3.67186e-06 6.99087e-06 1.15308e-05 5.69361e-06 3.64002e-06 7.21464e-06 1.17778e-05 5.72648e-06 3.60716e-06 7.44557e-06 1.20353e-05 5.76041e-06 3.57325e-06 7.68389e-06 1.23036e-05 5.79542e-06 3.53825e-06 7.92983e-06 1.25831e-05 5.83154e-06 3.50213e-06 8.18365e-06 1.28741e-05 5.86883e-06 3.46486e-06 8.4456e-06 1.31769e-05 4.90823e-06 4.42519e-06 2.18765e-06 7.28316e-06 4.91596e-06 4.41746e-06 2.25767e-06 7.32145e-06 4.92394e-06 4.40949e-06 2.32993e-06 7.36202e-06 4.93218e-06 4.40126e-06 2.40451e-06 7.40499e-06 4.94068e-06 4.39276e-06 2.48148e-06 7.45047e-06 4.94945e-06 4.38399e-06 2.5609e-06 7.49861e-06 4.9585e-06 4.37495e-06 2.64287e-06 7.54955e-06 4.96784e-06 4.36561e-06 2.72747e-06 7.60342e-06 4.97748e-06 4.35597e-06 2.81477e-06 7.66038e-06 4.98743e-06 4.34603e-06 2.90487e-06 7.72058e-06 4.99769e-06 4.33576e-06 2.99785e-06 7.78418e-06 5.00829e-06 4.32517e-06 3.0938e-06 7.85136e-06 5.01922e-06 4.31424e-06 3.19283e-06 7.92227e-06 5.03051e-06 4.30296e-06 3.29503e-06 7.99711e-06 5.04216e-06 4.29132e-06 3.40049e-06 8.07605e-06 5.05417e-06 4.27931e-06 3.50934e-06 8.15929e-06 5.06658e-06 4.26691e-06 3.62166e-06 8.24702e-06 5.07938e-06 4.25411e-06 3.73759e-06 8.33944e-06 5.09259e-06 4.24091e-06 3.85722e-06 8.43675e-06 5.10622e-06 4.22728e-06 3.98069e-06 8.53918e-06 5.12029e-06 4.21321e-06 4.1081e-06 8.64693e-06 5.13481e-06 4.1987e-06 4.23959e-06 8.76024e-06 5.1498e-06 4.18372e-06 4.3753e-06 8.87932e-06 5.16526e-06 4.16826e-06 4.51534e-06 9.00442e-06 5.18122e-06 4.15231e-06 4.65987e-06 9.13577e-06 5.19769e-06 4.13585e-06 4.80902e-06 9.27362e-06 5.21469e-06 4.11885e-06 4.96295e-06 9.41822e-06 5.23223e-06 4.10132e-06 5.12181e-06 9.56982e-06 5.25033e-06 4.08322e-06 5.28575e-06 9.72868e-06 5.26901e-06 4.06455e-06 5.45494e-06 9.89506e-06 5.28829e-06 4.04528e-06 5.62954e-06 1.00693e-05 5.30819e-06 4.02539e-06 5.80973e-06 1.02515e-05 5.32872e-06 4.00486e-06 5.99569e-06 1.04421e-05 5.34991e-06 3.98368e-06 6.1876e-06 1.06414e-05 5.37178e-06 3.96182e-06 6.38566e-06 1.08496e-05 5.39435e-06 3.93926e-06 6.59005e-06 1.1067e-05 5.41764e-06 3.91597e-06 6.80099e-06 1.1294e-05 5.44168e-06 3.89194e-06 7.01867e-06 1.15308e-05 5.46649e-06 3.86715e-06 7.24333e-06 1.17778e-05 5.49209e-06 3.84155e-06 7.47518e-06 1.20353e-05 5.51851e-06 3.81514e-06 7.71444e-06 1.23036e-05 5.54578e-06 3.78789e-06 7.96137e-06 1.25831e-05 5.57391e-06 3.75976e-06 8.2162e-06 1.28741e-05 5.60295e-06 3.73073e-06 8.47919e-06 1.31769e-05 4.8394e-06 4.49403e-06 2.19415e-06 7.28316e-06 4.84492e-06 4.4885e-06 2.26439e-06 7.32145e-06 4.85063e-06 4.4828e-06 2.33686e-06 7.36202e-06 4.85652e-06 4.47691e-06 2.41166e-06 7.40499e-06 4.8626e-06 4.47084e-06 2.48886e-06 7.45047e-06 4.86887e-06 4.46457e-06 2.56852e-06 7.49861e-06 4.87534e-06 4.4581e-06 2.65073e-06 7.54955e-06 4.88202e-06 4.45143e-06 2.73558e-06 7.60342e-06 4.88891e-06 4.44454e-06 2.82314e-06 7.66038e-06 4.89603e-06 4.43743e-06 2.91351e-06 7.72058e-06 4.90337e-06 4.43009e-06 3.00676e-06 7.78418e-06 4.91094e-06 4.42252e-06 3.103e-06 7.85136e-06 4.91876e-06 4.4147e-06 3.20232e-06 7.92227e-06 4.92683e-06 4.40664e-06 3.30483e-06 7.99711e-06 4.93516e-06 4.39832e-06 3.41061e-06 8.07605e-06 4.94375e-06 4.38973e-06 3.51978e-06 8.15929e-06 4.95262e-06 4.38086e-06 3.63244e-06 8.24702e-06 4.96177e-06 4.37172e-06 3.74871e-06 8.33944e-06 4.97122e-06 4.36227e-06 3.86869e-06 8.43675e-06 4.98097e-06 4.35253e-06 3.99252e-06 8.53918e-06 4.99103e-06 4.34248e-06 4.12032e-06 8.64693e-06 5.00141e-06 4.3321e-06 4.2522e-06 8.76024e-06 5.01213e-06 4.32139e-06 4.38831e-06 8.87932e-06 5.02318e-06 4.31034e-06 4.52877e-06 9.00442e-06 5.03459e-06 4.29893e-06 4.67373e-06 9.13577e-06 5.04637e-06 4.28716e-06 4.82333e-06 9.27362e-06 5.05852e-06 4.27502e-06 4.97771e-06 9.41822e-06 5.07107e-06 4.26248e-06 5.13704e-06 9.56982e-06 5.08401e-06 4.24954e-06 5.30147e-06 9.72868e-06 5.09737e-06 4.23619e-06 5.47116e-06 9.89506e-06 5.11116e-06 4.22241e-06 5.64628e-06 1.00693e-05 5.12538e-06 4.20819e-06 5.82701e-06 1.02515e-05 5.14007e-06 4.19352e-06 6.01352e-06 1.04421e-05 5.15522e-06 4.17837e-06 6.20601e-06 1.06414e-05 5.17086e-06 4.16274e-06 6.40465e-06 1.08496e-05 5.18699e-06 4.14661e-06 6.60965e-06 1.1067e-05 5.20365e-06 4.12997e-06 6.82122e-06 1.1294e-05 5.22084e-06 4.11279e-06 7.03955e-06 1.15308e-05 5.23858e-06 4.09506e-06 7.26487e-06 1.17778e-05 5.25688e-06 4.07676e-06 7.49741e-06 1.20353e-05 5.27577e-06 4.05788e-06 7.73739e-06 1.23036e-05 5.29527e-06 4.03839e-06 7.98505e-06 1.25831e-05 5.31539e-06 4.01829e-06 8.24064e-06 1.28741e-05 5.33615e-06 3.99753e-06 8.50441e-06 1.31769e-05 4.77039e-06 4.56303e-06 2.1985e-06 7.28316e-06 4.77371e-06 4.55972e-06 2.26887e-06 7.32145e-06 4.77714e-06 4.55629e-06 2.34149e-06 7.36202e-06 4.78067e-06 4.55276e-06 2.41644e-06 7.40499e-06 4.78432e-06 4.54911e-06 2.49378e-06 7.45047e-06 4.78809e-06 4.54535e-06 2.5736e-06 7.49861e-06 4.79197e-06 4.54147e-06 2.65598e-06 7.54955e-06 4.79599e-06 4.53746e-06 2.74099e-06 7.60342e-06 4.80012e-06 4.53333e-06 2.82873e-06 7.66038e-06 4.8044e-06 4.52906e-06 2.91927e-06 7.72058e-06 4.80881e-06 4.52465e-06 3.01271e-06 7.78418e-06 4.81335e-06 4.52011e-06 3.10914e-06 7.85136e-06 4.81805e-06 4.51542e-06 3.20866e-06 7.92227e-06 4.8229e-06 4.51058e-06 3.31136e-06 7.99711e-06 4.8279e-06 4.50558e-06 3.41736e-06 8.07605e-06 4.83306e-06 4.50042e-06 3.52674e-06 8.15929e-06 4.83838e-06 4.4951e-06 3.63962e-06 8.24702e-06 4.84388e-06 4.48961e-06 3.75612e-06 8.33944e-06 4.84955e-06 4.48394e-06 3.87635e-06 8.43675e-06 4.85541e-06 4.47809e-06 4.00042e-06 8.53918e-06 4.86145e-06 4.47206e-06 4.12847e-06 8.64693e-06 4.86768e-06 4.46583e-06 4.26062e-06 8.76024e-06 4.87411e-06 4.4594e-06 4.39699e-06 8.87932e-06 4.88075e-06 4.45277e-06 4.53773e-06 9.00442e-06 4.88761e-06 4.44592e-06 4.68298e-06 9.13577e-06 4.89468e-06 4.43885e-06 4.83287e-06 9.27362e-06 4.90198e-06 4.43156e-06 4.98756e-06 9.41822e-06 4.90951e-06 4.42404e-06 5.14721e-06 9.56982e-06 4.91728e-06 4.41627e-06 5.31196e-06 9.72868e-06 4.9253e-06 4.40826e-06 5.48199e-06 9.89506e-06 4.93358e-06 4.39999e-06 5.65746e-06 1.00693e-05 4.94213e-06 4.39145e-06 5.83854e-06 1.02515e-05 4.95094e-06 4.38264e-06 6.02542e-06 1.04421e-05 4.96004e-06 4.37355e-06 6.21829e-06 1.06414e-05 4.96943e-06 4.36417e-06 6.41732e-06 1.08496e-05 4.97912e-06 4.35448e-06 6.62273e-06 1.1067e-05 4.98913e-06 4.34449e-06 6.83471e-06 1.1294e-05 4.99945e-06 4.33418e-06 7.05348e-06 1.15308e-05 5.0101e-06 4.32354e-06 7.27925e-06 1.17778e-05 5.02109e-06 4.31255e-06 7.51225e-06 1.20353e-05 5.03244e-06 4.30122e-06 7.7527e-06 1.23036e-05 5.04414e-06 4.28952e-06 8.00085e-06 1.25831e-05 5.05622e-06 4.27745e-06 8.25694e-06 1.28741e-05 5.06869e-06 4.26499e-06 8.52123e-06 1.31769e-05 4.70128e-06 4.63214e-06 2.20067e-06 7.28316e-06 4.70239e-06 4.63104e-06 2.27111e-06 7.32145e-06 4.70353e-06 4.6299e-06 2.3438e-06 7.36202e-06 4.70471e-06 4.62872e-06 2.41882e-06 7.40499e-06 4.70593e-06 4.6275e-06 2.49624e-06 7.45047e-06 4.70719e-06 4.62625e-06 2.57615e-06 7.49861e-06 4.70849e-06 4.62496e-06 2.6586e-06 7.54955e-06 4.70983e-06 4.62362e-06 2.7437e-06 7.60342e-06 4.71121e-06 4.62224e-06 2.83152e-06 7.66038e-06 4.71263e-06 4.62082e-06 2.92215e-06 7.72058e-06 4.7141e-06 4.61935e-06 3.01569e-06 7.78418e-06 4.71562e-06 4.61784e-06 3.11221e-06 7.85136e-06 4.71719e-06 4.61628e-06 3.21183e-06 7.92227e-06 4.71881e-06 4.61466e-06 3.31464e-06 7.99711e-06 4.72047e-06 4.613e-06 3.42073e-06 8.07605e-06 4.7222e-06 4.61128e-06 3.53022e-06 8.15929e-06 4.72397e-06 4.60951e-06 3.64322e-06 8.24702e-06 4.72581e-06 4.60768e-06 3.75983e-06 8.33944e-06 4.7277e-06 4.60579e-06 3.88018e-06 8.43675e-06 4.72966e-06 4.60384e-06 4.00438e-06 8.53918e-06 4.73167e-06 4.60183e-06 4.13255e-06 8.64693e-06 4.73375e-06 4.59976e-06 4.26483e-06 8.76024e-06 4.7359e-06 4.59762e-06 4.40134e-06 8.87932e-06 4.73812e-06 4.59541e-06 4.54221e-06 9.00442e-06 4.7404e-06 4.59313e-06 4.6876e-06 9.13577e-06 4.74276e-06 4.59077e-06 4.83765e-06 9.27362e-06 4.7452e-06 4.58834e-06 4.99249e-06 9.41822e-06 4.74771e-06 4.58583e-06 5.15229e-06 9.56982e-06 4.75031e-06 4.58325e-06 5.31721e-06 9.72868e-06 4.75298e-06 4.58058e-06 5.4874e-06 9.89506e-06 4.75575e-06 4.57782e-06 5.66304e-06 1.00693e-05 4.7586e-06 4.57498e-06 5.84431e-06 1.02515e-05 4.76154e-06 4.57204e-06 6.03137e-06 1.04421e-05 4.76458e-06 4.56901e-06 6.22443e-06 1.06414e-05 4.76771e-06 4.56589e-06 6.42366e-06 1.08496e-05 4.77094e-06 4.56266e-06 6.62927e-06 1.1067e-05 4.77428e-06 4.55933e-06 6.84146e-06 1.1294e-05 4.77773e-06 4.5559e-06 7.06045e-06 1.15308e-05 4.78128e-06 4.55235e-06 7.28644e-06 1.17778e-05 4.78495e-06 4.54869e-06 7.51967e-06 1.20353e-05 4.78874e-06 4.54492e-06 7.76036e-06 1.23036e-05 4.79264e-06 4.54102e-06 8.00875e-06 1.25831e-05 4.79668e-06 4.537e-06 8.2651e-06 1.28741e-05 4.80084e-06 4.53285e-06 8.52965e-06 1.31769e-05 
				</DataArray>
				<DataArray type="Float64" Name="Plast Strain" NumberOfComponents="4" ComponentName0="XX" ComponentName1="YY" ComponentName2="XY" ComponentName3="Intensity" format="ascii" >
0 0 -0 0 0 0 -0 0 0 0 -0 0 0 0 -0 0 0 0 -0 0 0 0 -0 0 0 0 -0 0 0 0 -0 0 0 0 -0 0 0 0 -0 0 0 0 -0 0 0 0 -0 0 0 0 -0 0 0 0 -0 0 0 0 -0 0 0 0 -0 0 0 0 -0 0 0 0 -0 0 0 0 -0 0 0 0 -0 0 0 0 -0 0 0 0 -0 0 0 0 -0 0 0 0 -0 0 0 0 -0 0 0 0 -0 0 0 0 -0 0 0 0 -0 0 0 0 -0 0 0 0 -0 0 0 0 -0 0 0 0 -0 0 0 0 -0 0 0 0 -0 0 0 0 -0 0 0 0 -0 0 0 0 -0 0 0 0 -0 0 0 0 -0 0 0 0 -0 0 0 0 -0 0 0 0 -0 0 0 0 -0 0 0 0 -0 0 0 0 -0 0 0 0 -0 0 0 0 -0 0 0 0 -0 0 0 0 -0 0 0 0 -0 0 0 0 -0 0 0 0 -0 0 0 0 -0 0 0 0 -0 0 0 0 -0 0 0 0 -0 0 0 0 -0 0 0 0 -0 0 0 0 -0 0 0 0 -0 0 0 0 -0 0 0 0 -0 0 0 0 -0 0 0 0 -0 0 0 0 -0 0 0 0 -0 0 0 0 -0 0 0 0 -0 0 0 0 -0 0 0 0 -0 0 0 0 -0 0 0 0 -0 0 0 0 -0 0 0 0 -0 0 0 0 -0 0 0 0 -0 0 0 0 -0 0 0 0 -0 0 0 0 -0 0 0 0 -0 0 0 0 -0 0 0 0 -0 0 0 0 -0 0 0 0 -0 0 0 0 -0 0 0 0 -0 0 0 0 -0 0 0 0 -0 0 0 0 -0 0 0 0 -0 0 0 0 -0 0 0 0 -0 0 0 0 -0 0 0 0 -0 0 0 0 -0 0 0 0 -0 0 0 0 -0 0 0 0 -0 0 0 0 -0 0 0 0 -0 0 0 0 -0 0 0 0 -0 0 0 0 -0 0 0 0 -0 0 0 0 -0 0 0 0 -0 0 0 0 -0 0 0 0 -0 0 0 0 -0 0 0 0 -0 0 0 0 -0 0 0 0 -0 0 0 0 -0 0 0 0 -0 0 0 0 -0 0 0 0 -0 0 0 0 -0 0 0 0 -0 0 0 0 -0 0 0 0 -0 0 0 0 -0 0 0 0 -0 0 0 0 -0 0 0 0 -0 0 0 0 -0 0 0 0 -0 0 0 0 -0 0 0 0 -0 0 0 0 -0 0 0 0 -0 0 0 0 -0 0 0 0 -0 0 0 0 -0 0 0 0 -0 0 0 0 -0 0 0 0 -0 0 0 0 -0 0 0 0 -0 0 0 0 -0 0 0 0 -0 0 0 0 -0 0 0 0 -0 0 0 0 -0 0 0 0 -0 0 0 0 -0 0 0 0 -0 0 0 0 -0 0 0 0 -0 0 0 0 -0 0 0 0 -0 0 0 0 -0 0 0 0 -0 0 0 0 -0 0 0 0 -0 0 0 0 -0 0 0 0 -0 0 0 0 -0 0 0 0 -0 0 0 0 -0 0 0 0 -0 0 0 0 -0 0 0 0 -0 0 0 0 -0 0 0 0 -0 0 0 0 -0 0 0 0 -0 0 0 0 -0 0 0 0 -0 0 0 0 -0 0 0 0 -0 0 0 0 -0 0 0 0 -0 0 0 0 -0 0 0 0 -0 0 0 0 -0 0 0 0 -0 0 0 0 -0 0 0 0 -0 0 0 0 -0 0 0 0 -0 0 0 0 -0 0 0 0 -0 0 0 0 -0 0 0 0 -0 0 0 0 -0 0 0 0 -0 0 0 0 -0 0 0 0 -0 0 0 0 -0 0 0 0 -0 0 0 0 -0 0 0 0 -0 0 0 0 -0 0 0 0 -0 0 0 0 -0 0 0 0 -0 0 0 0 -0 0 0 0 -0 0 0 0 -0 0 0 0 -0 0 0 0 -0 0 0 0 -0 0 0 0 -0 0 0 0 -0 0 0 0 -0 0 0 0 -0 0 0 0 -0 0 0 0 -0 0 0 0 -0 0 0 0 -0 0 0 0 -0 0 0 0 -0 0 0 0 -0 0 0 0 -0 0 0 0 -0 0 0 0 -0 0 0 0 -0 0 0 0 -0 0 0 0 -0 0 0 0 -0 0 0 0 -0 0 0 0 -0 0 0 0 -0 0 0 0 -0 0 0 0 -0 0 0 0 -0 0 0 0 -0 0 0 0 -0 0 0 0 -0 0 0 0 -0 0 0 0 -0 0 0 0 -0 0 0 0 -0 0 0 0 -0 0 0 0 -0 0 0 0 -0 0 0 0 -0 0 0 0 -0 0 0 0 -0 0 0 0 -0 0 0 0 -0 0 0 0 -0 0 0 0 -0 0 0 0 -0 0 0 0 -0 0 0 0 -0 0 0 0 -0 0 0 0 -0 0 0 0 -0 0 0 0 -0 0 0 0 -0 0 0 0 -0 0 0 0 -0 0 0 0 -0 0 0 0 -0 0 0 0 -0 0 0 0 -0 0 0 0 -0 0 0 0 -0 0 0 0 -0 0 0 0 -0 0 0 0 -0 0 0 0 -0 0 0 0 -0 0 0 0 -0 0 0 0 -0 0 0 0 -0 0 0 0 -0 0 0 0 -0 0 0 0 -0 0 0 0 -0 0 0 0 -0 0 0 0 -0 0 0 0 -0 0 0 0 -0 0 0 0 -0 0 0 0 -0 0 0 0 -0 0 0 0 -0 0 0 0 -0 0 0 0 -0 0 0 0 -0 0 0 0 -0 0 0 0 -0 0 0 0 -0 0 0 0 -0 0 0 0 -0 0 0 0 -0 0 0 0 -0 0 0 0 -0 0 0 0 -0 0 0 0 -0 0 0 0 -0 0 0 0 -0 0 0 0 -0 0 0 0 -0 0 0 0 -0 0 0 0 -0 0 0 0 -0 0 0 0 -0 0 0 0 -0 0 0 0 -0 0 0 0 -0 0 0 0 -0 0 0 0 -0 0 0 0 -0 0 0 0 -0 0 0 0 -0 0 0 0 -0 0 0 0 -0 0 0 0 -0 0 0 0 -0 0 0 0 -0 0 0 0 -0 0 0 0 -0 0 0 0 -0 0 0 0 -0 0 0 0 -0 0 0 0 -0 0 0 0 -0 0 0 0 -0 0 0 0 -0 0 0 0 -0 0 0 0 -0 0 0 0 -0 0 0 0 -0 0 0 0 -0 0 0 0 -0 0 0 0 -0 0 0 0 -0 0 0 0 -0 0 0 0 -0 0 0 0 -0 0 0 0 -0 0 0 0 -0 0 0 0 -0 0 0 0 -0 0 0 0 -0 0 0 0 -0 0 0 0 -0 0 0 0 -0 0 0 0 -0 0 0 0 -0 0 0 0 -0 0 0 0 -0 0 0 0 -0 0 0 0 -0 0 0 0 -0 0 0 0 -0 0 0 0 -0 0 0 0 -0 0 0 0 -0 0 0 0 -0 0 0 0 -0 0 0 0 -0 0 0 0 -0 0 0 0 -0 0 0 0 -0 0 0 0 -0 0 0 0 -0 0 0 0 -0 0 0 0 -0 0 0 0 -0 0 0 0 -0 0 0 0 -0 0 0 0 -0 0 0 0 -0 0 0 0 -0 0 0 0 -0 0 0 0 -0 0 0 0 -0 0 0 0 -0 0 0 0 -0 0 0 0 -0 0 0 0 -0 0 0 0 -0 0 0 0 -0 0 0 0 -0 0 0 0 -0 0 0 0 -0 0 0 0 -0 0 0 0 -0 0 0 0 -0 0 0 0 -0 0 0 0 -0 0 0 0 -0 0 0 0 -0 0 0 0 -0 0 0 0 -0 0 0 0 -0 0 0 0 -0 0 0 0 -0 0 0 0 -0 0 0 0 -0 0 0 0 -0 0 0 0 -0 0 0 0 -0 0 0 0 -0 0 0 0 -0 0 0 0 -0 0 0 0 -0 0 0 0 -0 0 0 0 -0 0 0 0 -0 0 0 0 -0 0 0 0 -0 0 0 0 -0 0 0 0 -0 0 0 0 -0 0 0 0 -0 0 0 0 -0 0 0 0 -0 0 0 0 -0 0 0 0 -0 0 0 0 -0 0 0 0 -0 0 0 0 -0 0 0 0 -0 0 0 0 -0 0 0 0 -0 0 0 0 -0 0 0 0 -0 0 0 0 -0 0 0 0 -0 0 0 0 -0 0 0 0 -0 0 0 0 -0 0 0 0 -0 0 0 0 -0 0 0 0 -0 0 0 0 -0 0 0 0 -0 0 0 0 -0 0 0 0 -0 0 0 0 -0 0 0 0 -0 0 0 0 -0 0 0 0 -0 0 0 0 -0 0 0 0 -0 0 0 0 -0 0 0 0 -0 0 0 0 -0 0 0 0 -0 0 0 0 -0 0 0 0 -0 0 0 0 -0 0 0 0 -0 0 0 0 -0 0 0 0 -0 0 0 0 -0 0 0 0 -0 0 0 0 -0 0 0 0 -0 0 0 0 -0 0 0 0 -0 0 0 0 -0 0 0 0 -0 0 0 0 -0 0 0 0 -0 0 0 0 -0 0 0 0 -0 0 0 0 -0 0 0 0 -0 0 0 0 -0 0 0 0 -0 0 0 0 -0 0 0 0 -0 0 0 0 -0 0 0 0 -0 0 0 0 -0 0 0 0 -0 0 0 0 -0 0 0 0 -0 0 0 0 -0 0 0 0 -0 0 0 0 -0 0 0 0 -0 0 0 0 -0 0 0 0 -0 0 0 0 -0 0 0 0 -0 0 0 0 -0 0 0 0 -0 0 0 0 -0 0 0 0 -0 0 0 0 -0 0 0 0 -0 0 0 0 -0 0 0 0 -0 0 0 0 -0 0 0 0 -0 0 0 0 -0 0 0 0 -0 0 0 0 -0 0 0 0 -0 0 0 0 -0 0 0 0 -0 0 0 0 -0 0 0 0 -0 0 0 0 -0 0 0 0 -0 0 0 0 -0 0 0 0 -0 0 0 0 -0 0 0 0 -0 0 0 0 -0 0 0 0 -0 0 0 0 -0 0 0 0 -0 0 0 0 -0 0 0 0 -0 0 0 0 -0 0 0 0 -0 0 0 0 -0 0 0 0 -0 0 0 0 -0 0 0 0 -0 0 0 0 -0 0 0 0 -0 0 0 0 -0 0 0 0 -0 0 0 0 -0 0 0 0 -0 0 0 0 -0 0 0 0 -0 0 0 0 -0 0 0 0 -0 0 0 0 -0 0 0 0 -0 0 0 0 -0 0 0 0 -0 0 0 0 -0 0 0 0 -0 0 0 0 -0 0 0 0 -0 0 0 0 -0 0 0 0 -0 0 0 0 -0 0 0 0 -0 0 0 0 -0 0 0 0 -0 0 0 0 -0 0 0 0 -0 0 0 0 -0 0 0 0 -0 0 0 0 -0 0 0 0 -0 0 0 0 -0 0 0 0 -0 0 0 0 -0 0 0 0 -0 0 0 0 -0 0 0 0 -0 0 0 0 -0 0 0 0 -0 0 0 0 -0 0 0 0 -0 0 0 0 -0 0 0 0 -0 0 0 0 -0 0 0 0 -0 0 0 0 -0 0 0 0 -0 0 0 0 -0 0 0 0 -0 0 0 0 -0 0 0 0 -0 0 0 0 -0 0 0 0 -0 0 0 0 -0 0 0 0 -0 0 0 0 -0 0 0 0 -0 0 0 0 -0 0 0 0 -0 0 0 0 -0 0 0 0 -0 0 0 0 -0 0 0 0 -0 0 0 0 -0 0 0 0 -0 0 0 0 -0 0 0 0 -0 0 0 0 -0 0 0 0 -0 0 0 0 -0 0 0 0 -0 0 0 0 -0 0 0 0 -0 0 0 0 -0 0 0 0 -0 0 0 0 -0 0 0 0 -0 0 0 0 -0 0 0 0 -0 0 0 0 -0 0 0 0 -0 0 0 0 -0 0 0 0 -0 0 0 0 -0 0 0 0 -0 0 0 0 -0 0 0 0 -0 0 0 0 -0 0 0 0 -0 0 0 0 -0 0 0 0 -0 0 0 0 -0 0 0 0 -0 0 0 0 -0 0 0 0 -0 0 0 0 -0 0 0 0 -0 0 0 0 -0 0 0 0 -0 0 0 0 -0 0 0 0 -0 0 0 0 -0 0 0 0 -0 0 0 0 -0 0 0 0 -0 0 0 0 -0 0 0 0 -0 0 0 0 -0 0 0 0 -0 0 0 0 -0 0 0 0 -0 0 0 0 -0 0 0 0 -0 0 0 0 -0 0 0 0 -0 0 0 0 -0 0 0 0 -0 0 0 0 -0 0 0 0 -0 0 0 0 -0 0 0 0 -0 0 0 0 -0 0 0 0 -0 0 0 0 -0 0 0 0 -0 0 0 0 -0 0 0 0 -0 0 0 0 -0 0 0 0 -0 0 0 0 -0 0 0 0 -0 0 0 0 -0 0 0 0 -0 0 0 0 -0 0 0 0 -0 0 0 0 -0 0 0 0 -0 0 0 0 -0 0 0 0 -0 0 0 0 -0 0 0 0 -0 0 0 0 -0 0 0 0 -0 0 0 0 -0 0 0 0 -0 0 0 0 -0 0 0 0 -0 0 0 0 -0 0 0 0 -0 0 0 0 -0 0 0 0 -0 0 0 0 -0 0 0 0 -0 0 0 0 -0 0 0 0 -0 0 0 0 -0 0 0 0 -0 0 0 0 -0 0 0 0 -0 0 0 0 -0 0 0 0 -0 0 0 0 -0 0 0 0 -0 0 0 0 -0 0 0 0 -0 0 0 0 -0 0 0 0 -0 0 0 0 -0 0 0 0 -0 0 0 0 -0 0 0 0 -0 0 0 0 -0 0 0 0 -0 0 0 0 -0 0 0 0 -0 0 0 0 -0 0 0 0 -0 0 0 0 -0 0 0 0 -0 0 0 0 -0 0 0 0 -0 0 0 0 -0 0 0 0 -0 0 0 0 -0 0 0 0 -0 0 0 0 -0 0 0 0 -0 0 0 0 -0 0 0 0 -0 0 0 0 -0 0 0 0 -0 0 0 0 -0 0 0 0 -0 0 0 0 -0 0 0 0 -0 0 0 0 -0 0 0 0 -0 0 0 0 -0 0 0 0 -0 0 0 0 -0 0 0 0 -0 0 0 0 -0 0 0 0 -0 0 0 0 -0 0 0 0 -0 0 0 0 -0 0 0 0 -0 0 0 0 -0 0 0 0 -0 0 0 0 -0 0 0 0 -0 0 0 0 -0 0 0 0 -0 0 0 0 -0 0 0 0 -0 0 0 0 -0 0 0 0 -0 0 0 0 -0 0 0 0 -0 0 0 0 -0 0 0 0 -0 0 0 0 -0 0 0 0 -0 0 0 0 -0 0 0 0 -0 0 0 0 -0 0 0 0 -0 0 0 0 -0 0 0 0 -0 0 0 0 -0 0 0 0 -0 0 0 0 -0 0 0 0 -0 0 0 0 -0 0 0 0 -0 0 0 0 -0 0 0 0 -0 0 0 0 -0 0 0 0 -0 0 0 0 -0 0 0 0 -0 0 0 0 -0 0 0 0 -0 0 0 0 -0 0 0 0 -0 0 0 0 -0 0 0 0 -0 0 0 0 -0 0 0 0 -0 0 0 0 -0 0 0 0 -0 0 0 0 -0 0 0 0 -0 0 0 0 -0 0 0 0 -0 0 0 0 -0 0 0 0 -0 0 0 0 -0 0 0 0 -0 0 0 0 -0 0 0 0 -0 0 0 0 -0 0 0 0 -0 0 0 0 -0 0 0 0 -0 0 0 0 -0 0 0 0 -0 0 0 0 -0 0 0 0 -0 0 0 0 -0 0 0 0 -0 0 0 0 -0 0 0 0 -0 0 0 0 -0 0 0 0 -0 0 0 0 -0 0 0 0 -0 0 0 0 -0 0 0 0 -0 0 0 0 -0 0 0 0 -0 0 0 0 -0 0 0 0 -0 0 0 0 -0 0 0 0 -0 0 0 0 -0 0 0 0 -0 0 0 0 -0 0 0 0 -0 0 0 0 -0 0 0 0 -0 0 0 0 -0 0 0 0 -0 0 0 0 -0 0 0 0 -0 0 0 0 -0 0 0 0 -0 0 0 0 -0 0 0 0 -0 0 0 0 -0 0 0 0 -0 0 0 0 -0 0 0 0 -0 0 0 0 -0 0 0 0 -0 0 0 0 -0 0 0 0 -0 0 0 0 -0 0 0 0 -0 0 0 0 -0 0 0 0 -0 0 0 0 -0 0 0 0 -0 0 0 0 -0 0 0 0 -0 0 0 0 -0 0 0 0 -0 0 0 0 -0 0 0 0 -0 0 0 0 -0 0 0 0 -0 0 0 0 -0 0 0 0 -0 0 0 0 -0 0 0 0 -0 0 0 0 -0 0 0 0 -0 0 0 0 -0 0 0 0 -0 0 0 0 -0 0 0 0 -0 0 0 0 -0 0 0 0 -0 0 0 0 -0 0 0 0 -0 0 0 0 -0 0 0 0 -0 0 0 0 -0 0 0 0 -0 0 0 0 -0 0 0 0 -0 0 0 0 -0 0 0 0 -0 0 0 0 -0 0 0 0 -0 0 0 0 -0 0 0 0 -0 0 0 0 -0 0 0 0 -0 0 0 0 -0 0 0 0 -0 0 0 0 -0 0 0 0 -0 0 0 0 -0 0 0 0 -0 0 0 0 -0 0 0 0 -0 0 0 0 -0 0 0 0 -0 0 0 0 -0 0 0 0 -0 0 0 0 -0 0 0 0 -0 0 0 0 -0 0 0 0 -0 0 0 0 -0 0 0 0 -0 0 0 0 -0 0 0 0 -0 0 0 0 -0 0 0 0 -0 0 0 0 -0 0 0 0 -0 0 0 0 -0 0 0 0 -0 0 0 0 -0 0 0 0 -0 0 0 0 -0 0 0 0 -0 0 0 0 -0 0 0 0 -0 0 0 0 -0 0 0 0 -0 0 0 0 -0 0 0 0 -0 0 0 0 -0 0 0 0 -0 0 0 0 -0 0 0 0 -0 0 0 0 -0 0 0 0 -0 0 0 0 -0 0 0 0 -0 0 0 0 -0 0 0 0 -0 0 0 0 -0 0 0 0 -0 0 0 0 -0 0 0 0 -0 0 0 0 -0 0 0 0 -0 0 0 0 -0 0 0 0 -0 0 0 0 -0 0 0 0 -0 0 0 0 -0 0 0 0 -0 0 0 0 -0 0 0 0 -0 0 0 0 -0 0 0 0 -0 0 0 0 -0 0 0 0 -0 0 0 0 -0 0 0 0 -0 0 0 0 -0 0 0 0 -0 0 0 0 -0 0 0 0 -0 0 0 0 -0 0 0 0 -0 0 0 0 -0 0 0 0 -0 0 0 0 -0 0 0 0 -0 0 0 0 -0 0 0 0 -0 0 0 0 -0 0 0 0 -0 0 0 0 -0 0 0 0 -0 0 0 0 -0 0 0 0 -0 0 0 0 -0 0 0 0 -0 0 0 0 -0 0 0 0 -0 0 0 0 -0 0 0 0 -0 0 0 0 -0 0 0 0 -0 0 0 0 -0 0 0 0 -0 0 0 0 -0 0 0 0 -0 0 0 0 -0 0 0 0 -0 0 0 0 -0 0 0 0 -0 0 0 0 -0 0 0 0 -0 0 0 0 -0 0 0 0 -0 0 0 0 -0 0 0 0 -0 0 0 0 -0 0 0 0 -0 0 0 0 -0 0 0 0 -0 0 0 0 -0 0 0 0 -0 0 0 0 -0 0 0 0 -0 0 0 0 -0 0 0 0 -0 0 0 0 -0 0 0 0 -0 0 0 0 -0 0 0 0 -0 0 0 0 -0 0 0 0 -0 0 0 0 -0 0 0 0 -0 0 0 0 -0 0 0 0 -0 0 0 0 -0 0 0 0 -0 0 0 0 -0 0 0 0 -0 0 0 0 -0 0 0 0 -0 0 0 0 -0 0 0 0 -0 0 0 0 -0 0 0 0 -0 0 0 0 -0 0 0 0 -0 0 0 0 -0 0 0 0 -0 0 0 0 -0 0 0 0 -0 0 0 0 -0 0 0 0 -0 0 0 0 -0 0 0 0 -0 0 0 0 -0 0 0 0 -0 0 0 0 -0 0 0 0 -0 0 0 0 -0 0 0 0 -0 0 0 0 -0 0 0 0 -0 0 0 0 -0 0 0 0 -0 0 0 0 -0 0 0 0 -0 0 0 0 -0 0 0 0 -0 0 0 0 -0 0 0 0 -0 0 0 0 -0 0 0 0 -0 0 0 0 -0 0 0 0 -0 0 0 0 -0 0 0 0 -0 0 0 0 -0 0 0 0 -0 0 0 0 -0 0 0 0 -0 0 0 0 -0 0 0 0 -0 0 0 0 -0 0 0 0 -0 0 0 0 -0 0 0 0 -0 0 0 0 -0 0 0 0 -0 0 0 0 -0 0 0 0 -0 0 0 0 -0 0 0 0 -0 0 0 0 -0 0 0 0 -0 0 0 0 -0 0 0 0 -0 0 0 0 -0 0 0 0 -0 0 0 0 -0 0 0 0 -0 0 0 0 -0 0 0 0 -0 0 0 0 -0 0 0 0 -0 0 0 0 -0 0 0 0 -0 0 0 0 -0 0 0 0 -0 0 0 0 -0 0 0 0 -0 0 0 0 -0 0 0 0 -0 0 0 0 -0 0 0 0 -0 0 0 0 -0 0 0 0 -0 0 0 0 -0 0 0 0 -0 0 0 0 -0 0 0 0 -0 0 0 0 -0 0 0 0 -0 0 0 0 -0 0 0 0 -0 0 0 0 -0 0 0 0 -0 0 0 0 -0 0 0 0 -0 0 0 0 -0 0 0 0 -0 0 0 0 -0 0 0 0 -0 0 0 0 -0 0 0 0 -0 0 0 0 -0 0 0 0 -0 0 0 0 -0 0 0 0 -0 0 0 0 -0 0 0 0 -0 0 0 0 -0 0 0 0 -0 0 0 0 -0 0 0 0 -0 0 0 0 -0 0 0 0 -0 0 0 0 -0 0 0 0 -0 0 0 0 -0 0 0 0 -0 0 0 0 -0 0 0 0 -0 0 0 0 -0 0 0 0 -0 0 0 0 -0 0 0 0 -0 0 0 0 -0 0 0 0 -0 0 0 0 -0 0 0 0 -0 0 0 0 -0 0 0 0 -0 0 0 0 -0 0 0 0 -0 0 0 0 -0 0 0 0 -0 0 0 0 -0 0 0 0 -0 0 0 0 -0 0 0 0 -0 0 0 0 -0 0 0 0 -0 0 0 0 -0 0 0 0 -0 0 0 0 -0 0 0 0 -0 0 0 0 -0 0 0 0 -0 0 0 0 -0 0 0 0 -0 0 0 0 -0 0 0 0 -0 0 0 0 -0 0 0 0 -0 0 0 0 -0 0 0 0 -0 0 0 0 -0 0 0 0 -0 0 0 0 -0 0 0 0 -0 0 0 0 -0 0 0 0 -0 0 0 0 -0 0 0 0 -0 0 0 0 -0 0 0 0 -0 0 0 0 -0 0 0 0 -0 0 0 0 -0 0 0 0 -0 0 0 0 -0 0 0 0 -0 0 0 0 -0 0 0 0 -0 0 0 0 -0 0 0 0 -0 0 0 0 -0 0 0 0 -0 0 0 0 -0 0 0 0 -0 0 0 0 -0 0 0 0 -0 0 0 0 -0 0 0 0 -0 0 0 0 -0 0 0 0 -0 0 0 0 -0 0 0 0 -0 0 0 0 -0 0 0 0 -0 0 0 0 -0 0 0 0 -0 0 0 0 -0 0 0 0 -0 0 0 0 -0 0 0 0 -0 0 0 0 -0 0 0 0 -0 0 0 0 -0 0 0 0 -0 0 0 0 -0 0 0 0 -0 0 0 0 -0 0 0 0 -0 0 0 0 -0 0 0 0 -0 0 0 0 -0 0 0 0 -0 0 0 0 -0 0 0 0 -0 0 0 0 -0 0 0 0 -0 0 0 0 -0 0 0 0 -0 0 0 0 -0 0 0 0 -0 0 0 0 -0 0 0 0 -0 0 0 0 -0 0 0 0 -0 0 0 0 -0 0 0 0 -0 0 0 0 -0 0 0 0 -0 0 0 0 -0 0 0 0 -0 0 0 0 -0 0 0 0 -0 0 0 0 -0 0 0 0 -0 0 0 0 -0 0 0 0 -0 0 0 0 -0 0 0 0 -0 0 0 0 -0 0 0 0 -0 0 0 0 -0 0 0 0 -0 0 0 0 -0 0 0 0 -0 0 0 0 -0 0 0 0 -0 0 0 0 -0 0 0 0 -0 0 0 0 -0 0 0 0 -0 0 0 0 -0 0 0 0 -0 0 0 0 -0 0 0 0 -0 0 0 0 -0 0 0 0 -0 0 0 0 -0 0 0 0 -0 0 0 0 -0 0 0 0 -0 0 0 0 -0 0 0 0 -0 0 0 0 -0 0 0 0 -0 0 0 0 -0 0 0 0 -0 0 0 0 -0 0 0 0 -0 0 0 0 -0 0 0 0 -0 0 0 0 -0 0 0 0 -0 0 0 0 -0 0 0 0 -0 0 0 0 -0 0 0 0 -0 0 0 0 -0 0 0 0 -0 0 0 0 -0 0 0 0 -0 0 0 0 -0 0 0 0 -0 0 0 0 -0 0 0 0 -0 0 0 0 -0 0 0 0 -0 0 0 0 -0 0 0 0 -0 0 0 0 -0 0 0 0 -0 0 0 0 -0 0 0 0 -0 0 0 0 -0 0 0 0 -0 0 0 0 -0 0 0 0 -0 0 0 0 -0 0 0 0 -0 0 0 0 -0 0 0 0 -0 0 0 0 -0 0 0 0 -0 0 0 0 -0 0 0 0 -0 0 0 0 -0 0 0 0 -0 0 0 0 -0 0 0 0 -0 0 0 0 -0 0 0 0 -0 0 0 0 -0 0 0 0 -0 0 0 0 -0 0 0 0 -0 0 0 0 -0 0 0 0 -0 0 0 0 -0 0 0 0 -0 0 0 0 -0 0 0 0 -0 0 0 0 -0 0 0 0 -0 0 0 0 -0 0 0 0 -0 0 0 0 -0 0 0 0 -0 0 0 0 -0 0 0 0 -0 0 0 0 -0 0 0 0 -0 0 0 0 -0 0 0 0 -0 0 0 0 -0 0 0 0 -0 0 0 0 -0 0 0 0 -0 0 0 0 -0 0 0 0 -0 0 0 0 -0 0 0 0 -0 0 0 0 -0 0 0 0 -0 0 0 0 -0 0 0 0 -0 0 0 0 -0 0 0 0 -0 0 0 0 -0 0 0 0 -0 0 0 0 -0 0 0 0 -0 0 0 0 -0 0 0 0 -0 0 0 0 -0 0 0 0 -0 0 0 0 -0 0 0 0 -0 0 0 0 -0 0 0 0 -0 0 0 0 -0 0 0 0 -0 0 0 0 -0 0 0 0 -0 0 0 0 -0 0 0 0 -0 0 0 0 -0 0 0 0 -0 0 0 0 -0 0 0 0 -0 0 0 0 -0 0 0 0 -0 0 0 0 -0 0 0 0 -0 0 0 0 -0 0 0 0 -0 0 0 0 -0 0 0 0 -0 0 0 0 -0 0 0 0 -0 0 0 0 -0 0 0 0 -0 0 0 0 -0 0 0 0 -0 0 0 0 -0 0 0 0 -0 0 0 0 -0 0 0 0 -0 0 0 0 -0 0 0 0 -0 0 0 0 -0 0 0 0 -0 0 0 0 -0 0 0 0 -0 0 0 0 -0 0 0 0 -0 0 0 0 -0 0 0 0 -0 0 0 0 -0 0 0 0 -0 0 0 0 -0 0 0 0 -0 0 0 0 -0 0 0 0 -0 0 0 0 -0 0 0 0 -0 0 0 0 -0 0 0 0 -0 0 0 0 -0 0 0 0 -0 0 0 0 -0 0 0 0 -0 0 0 0 -0 0 0 0 -0 0 0 0 -0 0 0 0 -0 0 0 0 -0 0 0 0 -0 0 0 0 -0 0 0 0 -0 0 0 0 -0 0 0 0 -0 0 0 0 -0 0 0 0 -0 0 0 0 -0 0 0 0 -0 0 0 0 -0 0 0 0 -0 0 0 0 -0 0 0 0 -0 0 0 0 -0 0 0 0 -0 0 0 0 -0 0 0 0 -0 0 0 0 -0 0 0 0 -0 0 0 0 -0 0 0 0 -0 0 0 0 -0 0 0 0 -0 0 0 0 -0 0 0 0 -0 0 0 0 -0 0 0 0 -0 0 0 0 -0 0 0 0 -0 0 0 0 -0 0 0 0 -0 0 0 0 -0 0 0 0 -0 0 0 0 -0 0 0 0 -0 0 0 0 -0 0 0 0 -0 0 0 0 -0 0 0 0 -0 0 0 0 -0 0 0 0 -0 0 0 0 -0 0 0 0 -0 0 0 0 -0 0 0 0 -0 0 0 0 -0 0 0 0 -0 0 0 0 -0 0 0 0 -0 0 0 0 -0 0 0 0 -0 0 0 0 -0 0 0 0 -0 0 0 0 -0 0 0 0 -0 0 0 0 -0 0 0 0 -0 0 0 0 -0 0 0 0 -0 0 0 0 -0 0 0 0 -0 0 0 0 -0 0 0 0 -0 0 0 0 -0 0 0 0 -0 0 0 0 -0 0 0 0 -0 0 0 0 -0 0 0 0 -0 0 0 0 -0 0 0 0 -0 0 0 0 -0 0 0 0 -0 0 0 0 -0 0 0 0 -0 0 0 0 -0 0 0 0 -0 0 0 0 -0 0 0 0 -0 0 0 0 -0 0 0 0 -0 0 0 0 -0 0 0 0 -0 0 0 0 -0 0 0 0 -0 0 0 0 -0 0 0 0 -0 0 0 0 -0 0 0 0 -0 0 0 0 -0 0 0 0 -0 0 0 0 -0 0 0 0 -0 0 0 0 -0 0 0 0 -0 0 0 0 -0 0 0 0 -0 0 0 0 -0 0 0 0 -0 0 0 0 -0 0 0 0 -0 0 0 0 -0 0 0 0 -0 0 0 0 -0 0 0 0 -0 0 0 0 -0 0 0 0 -0 0 0 0 -0 0 0 0 -0 0 0 0 -0 0 0 0 -0 0 0 0 -0 0 0 0 -0 0 0 0 -0 0 0 0 -0 0 0 0 -0 0 0 0 -0 0 0 0 -0 0 0 0 -0 0 0 0 -0 0 0 0 -0 0 0 0 -0 0 0 0 -0 0 0 0 -0 0 0 0 -0 0 0 0 -0 0 0 0 -0 0 0 0 -0 0 0 0 -0 0 0 0 -0 0 0 0 -0 0 0 0 -0 0 0 0 -0 0 0 0 -0 0 0 0 -0 0 0 0 -0 0 0 0 -0 0 0 0 -0 0 0 0 -0 0 0 0 -0 0 0 0 -0 0 0 0 -0 0 0 0 -0 0 0 0 -0 0 0 0 -0 0 0 0 -0 0 0 0 -0 0 0 0 -0 0 0 0 -0 0 0 0 -0 0 0 0 -0 0 0 0 -0 0 0 0 -0 0 0 0 -0 0 0 0 -0 0 0 0 -0 0 0 0 -0 0 0 0 -0 0 0 0 -0 0 0 0 -0 0 0 0 -0 0 0 0 -0 0 0 0 -0 0 0 0 -0 0 0 0 -0 0 0 0 -0 0 0 0 -0 0 0 0 -0 0 0 0 -0 0 0 0 -0 0 0 0 -0 0 0 0 -0 0 0 0 -0 0 0 0 -0 0 0 0 -0 0 0 0 -0 0 0 0 -0 0 0 0 -0 0 0 0 -0 0 0 0 -0 0 0 0 -0 0 0 0 -0 0 0 0 -0 0 0 0 -0 0 0 0 -0 0 0 0 -0 0 0 0 -0 0 0 0 -0 0 0 0 -0 0 0 0 -0 0 0 0 -0 0 0 0 -0 0 0 0 -0 0 0 0 -0 0 0 0 -0 0 0 0 -0 0 0 0 -0 0 0 0 -0 0 0 0 -0 0 0 0 -0 0 0 0 -0 0 0 0 -0 0 0 0 -0 0 0 0 -0 0 0 0 -0 0 0 0 -0 0 0 0 -0 0 0 0 -0 0 0 0 -0 0 0 0 -0 0 0 0 -0 0 0 0 -0 0 0 0 -0 0 0 0 -0 0 0 0 -0 0 0 0 -0 0 0 0 -0 0 0 0 -0 0 0 0 -0 0 0 0 -0 0 0 0 -0 0 0 0 -0 0 0 0 -0 0 0 0 -0 0 0 0 -0 0 0 0 -0 0 0 0 -0 0 0 0 -0 0 0 0 -0 0 0 0 -0 0 0 0 -0 0 0 0 -0 0 0 0 -0 0 0 0 -0 0 0 0 -0 0 0 0 -0 0 0 0 -0 0 0 0 -0 0 0 0 -0 0 0 0 -0 0 0 0 -0 0 0 0 -0 0 0 0 -0 0 0 0 -0 0 0 0 -0 0 0 0 -0 0 0 0 -0 0 0 0 -0 0 0 0 -0 0 0 0 -0 0 0 0 -0 0 0 0 -0 0 0 0 -0 0 0 0 -0 0 0 0 -0 0 0 0 -0 0 0 0 -0 0 0 0 -0 0 0 0 -0 0 0 0 -0 0 0 0 -0 0 0 0 -0 0 0 0 -0 0 0 0 -0 0 0 0 -0 0 0 0 -0 0 0 0 -0 0 0 0 -0 0 0 0 -0 0 0 0 -0 0 0 0 -0 0 0 0 -0 0 0 0 -0 0 0 0 -0 0 0 0 -0 0 0 0 -0 0 0 0 -0 0 0 0 -0 0 0 0 -0 0 0 0 -0 0 0 0 -0 0 0 0 -0 0 0 0 -0 0 0 0 -0 0 0 0 -0 0 0 0 -0 0 0 0 -0 0 0 0 -0 0 0 0 -0 0 0 0 -0 0 0 0 -0 0 0 0 -0 0 0 0 -0 0 0 0 -0 0 0 0 -0 0 0 0 -0 0 0 0 -0 0 0 0 -0 0 0 0 -0 0 0 0 -0 0 0 0 -0 0 0 0 -0 0 0 0 -0 0 0 0 -0 0 0 0 -0 0 0 0 -0 0 0 0 -0 0 0 0 -0 0 0 0 -0 0 0 0 -0 0 0 0 -0 0 0 0 -0 0 0 0 -0 0 0 0 -0 0 0 0 -0 0 0 0 -0 0 0 0 -0 0 0 0 -0 0 0 0 -0 0 0 0 -0 0 0 0 -0 0 0 0 -0 0 0 0 -0 0 0 0 -0 0 0 0 -0 0 0 0 -0 0 0 0 -0 0 0 0 -0 0 0 0 -0 0 0 0 -0 0 0 0 -0 0 0 0 -0 0 0 0 -0 0 0 0 -0 0 0 0 -0 0 0 0 -0 0 0 0 -0 0 0 0 -0 0 0 0 -0 0 0 0 -0 0 0 0 -0 0 0 0 -0 0 0 0 -0 0 0 0 -0 0 0 0 -0 0 0 0 -0 0 0 0 -0 0 0 0 -0 0 0 0 -0 0 0 0 -0 0 0 0 -0 0 0 0 -0 0 0 0 -0 0 0 0 -0 0 0 0 -0 0 0 0 -0 0 0 0 -0 0 0 0 -0 0 0 0 -0 0 0 0 -0 0 0 0 -0 0 0 0 -0 0 0 0 -0 0 0 0 -0 0 0 0 -0 0 0 0 -0 0 0 0 -0 0 0 0 -0 0 0 0 -0 0 0 0 -0 0 0 0 -0 0 0 0 -0 0 0 0 -0 0 0 0 -0 0 0 0 -0 0 0 0 -0 0 0 0 -0 0 0 0 -0 0 0 0 -0 0 0 0 -0 0 0 0 -0 0 0 0 -0 0 0 0 -0 0 0 0 -0 0 0 0 -0 0 0 0 -0 0 0 0 -0 0 0 0 -0 0 0 0 -0 0 0 0 -0 0 0 0 -0 0 0 0 -0 0 0 0 -0 0 0 0 -0 0 0 0 -0 0 0 0 -0 0 0 0 -0 0 0 0 -0 0 0 0 -0 0 0 0 -0 0 0 0 -0 0 0 0 -0 0 0 0 -0 0 0 0 -0 0 0 0 -0 0 0 0 -0 0 0 0 -0 0 0 0 -0 0 0 0 -0 0 0 0 -0 0 0 0 -0 0 0 0 -0 0 0 0 -0 0 0 0 -0 0 0 0 -0 0 0 0 -0 0 0 0 -0 0 0 0 -0 0 0 0 -0 0 0 0 -0 0 0 0 -0 0 0 0 -0 0 0 0 -0 0 0 0 -0 0 0 0 -0 0 0 0 -0 0 0 0 -0 0 0 0 -0 0 0 0 -0 0 0 0 -0 0 0 0 -0 0 0 0 -0 0 0 0 -0 0 0 0 -0 0 0 0 -0 0 0 0 -0 0 0 0 -0 0 0 0 -0 0 0 0 -0 0 0 0 -0 0 0 0 -0 0 0 0 -0 0 0 0 -0 0 0 0 -0 0 0 0 -0 0 0 0 -0 0 0 0 -0 0 0 0 -0 0 0 0 -0 0 0 0 -0 0 0 0 -0 0 0 0 -0 0 0 0 -0 0 0 0 -0 0 0 0 -0 0 0 0 -0 0 0 0 -0 0 0 0 -0 0 0 0 -0 0 0 0 -0 0 0 0 -0 0 0 0 -0 0 0 0 -0 0 0 0 -0 0 0 0 -0 0 0 0 -0 0 0 0 -0 0 0 0 -0 0 0 0 -0 0 0 0 -0 0 0 0 -0 0 0 0 -0 0 0 0 -0 0 0 0 -0 0 0 0 -0 0 0 0 -0 0 0 0 -0 0 0 0 -0 0 0 0 -0 0 0 0 -0 0 0 0 -0 0 0 0 -0 0 0 0 -0 0 0 0 -0 0 0 0 -0 0 0 0 -0 0 0 0 -0 0 0 0 -0 0 0 0 -0 0 0 0 -0 0 0 0 -0 0 0 0 -0 0 0 0 -0 0 0 0 -0 0 0 0 -0 0 0 0 -0 0 0 0 -0 0 0 0 -0 0 0 0 -0 0 0 0 -0 0 0 0 -0 0 0 0 -0 0 0 0 -0 0 0 0 -0 0 0 0 -0 0 0 0 -0 0 0 0 -0 0 0 0 -0 0 0 0 -0 0 0 0 -0 0 0 0 -0 0 0 0 -0 0 0 0 -0 0 0 0 -0 0 0 0 -0 0 0 0 -0 0 0 0 -0 0 0 0 -0 0 0 0 -0 0 0 0 -0 0 0 0 -0 0 0 0 -0 0 0 0 -0 0 0 0 -0 0 0 0 -0 0 0 0 -0 0 0 0 -0 0 0 0 -0 0 0 0 -0 0 0 0 -0 0 0 0 -0 0 0 0 -0 0 0 0 -0 0 0 0 -0 0 0 0 -0 0 0 0 -0 0 0 0 -0 0 0 0 -0 0 0 0 -0 0 0 0 -0 0 0 0 -0 0 0 0 -0 0 0 0 -0 0 0 0 -0 0 0 0 -0 0 0 0 -0 0 0 0 -0 0 0 0 -0 0 0 0 -0 0 0 0 -0 0 0 0 -0 0 0 0 -0 0 0 0 -0 0 0 0 -0 0 0 0 -0 0 0 0 -0 0 0 0 -0 0 0 0 -0 0 0 0 -0 0 0 0 -0 0 0 0 -0 0 0 0 -0 0 0 0 -0 0 0 0 -0 0 0 0 -0 0 0 0 -0 0 0 0 -0 0 0 0 -0 0 0 0 -0 0 0 0 -0 0 0 0 -0 0 0 0 -0 0 0 0 -0 0 0 0 -0 0 0 0 -0 0 0 0 -0 0 0 0 -0 0 0 0 -0 0 0 0 -0 0 0 0 -0 0 0 0 -0 0 0 0 -0 0 0 0 -0 0 0 0 -0 0 0 0 -0 0 0 0 -0 0 0 0 -0 0 0 0 -0 0 0 0 -0 0 0 0 -0 0 0 0 -0 0 0 0 -0 0 0 0 -0 0 0 0 -0 0 0 0 -0 0 0 0 -0 0 0 0 -0 0 0 0 -0 0 0 0 -0 0 0 0 -0 0 0 0 -0 0 0 0 -0 0 0 0 -0 0 0 0 -0 0 0 0 -0 0 0 0 -0 0 0 0 -0 0 0 0 -0 0 0 0 -0 0 0 0 -0 0 0 0 -0 0 0 0 -0 0 0 0 -0 0 0 0 -0 0 0 0 -0 0 0 0 -0 0 0 0 -0 0 0 0 -0 0 0 0 -0 0 0 0 -0 0 0 0 -0 0 0 0 -0 0 0 0 -0 0 0 0 -0 0 0 0 -0 0 0 0 -0 0 0 0 -0 0 0 0 -0 0 0 0 -0 0 0 0 -0 0 0 0 -0 0 0 0 -0 0 0 0 -0 0 0 0 -0 0 0 0 -0 0 0 0 -0 0 0 0 -0 0 0 0 -0 0 0 0 -0 0 0 0 -0 0 0 0 -0 0 0 0 -0 0 0 0 -0 0 0 0 -0 0 0 0 -0 0 0 0 -0 0 0 0 -0 0 0 0 -0 0 0 0 -0 0 0 0 -0 0 0 0 -0 0 0 0 -0 0 0 0 -0 0 0 0 -0 0 0 0 -0 0 0 0 -0 0 0 0 -0 0 0 0 -0 0 0 0 -0 0 0 0 -0 0 0 0 -0 0 0 0 -0 0 0 0 -0 0 0 0 -0 0 0 0 -0 0 0 0 -0 0 0 0 -0 0 0 0 -0 0 0 0 -0 0 0 0 -0 0 0 0 -0 0 0 0 -0 0 0 0 -0 0 0 0 -0 0 0 0 -0 0 0 0 -0 0 0 0 -0 0 0 0 -0 0 0 0 -0 0 0 0 -0 0 0 0 -0 0 0 0 -0 0 0 0 -0 0 0 0 -0 0 0 0 -0 0 0 0 -0 0 0 0 -0 0 0 0 -0 0 0 0 -0 0 0 0 -0 0 0 0 -0 0 0 0 -0 0 0 0 -0 0 0 0 -0 0 0 0 -0 0 0 0 -0 0 0 0 -0 0 0 0 -0 0 0 0 -0 0 0 0 -0 0 0 0 -0 0 0 0 -0 0 0 0 -0 0 0 0 -0 0 0 0 -0 0 0 0 -0 0 0 0 -0 0 0 0 -0 0 0 0 -0 0 0 0 -0 0 0 0 -0 0 0 0 -0 0 0 0 -0 0 0 0 -0 0 0 0 -0 0 0 0 -0 0 0 0 -0 0 0 0 -0 0 0 0 -0 0 0 0 -0 0 0 0 -0 0 0 0 -0 0 0 0 -0 0 0 0 -0 0 0 0 -0 0 0 0 -0 0 0 0 -0 0 0 0 -0 0 0 0 -0 0 0 0 -0 0 0 0 -0 0 0 0 -0 0 0 0 -0 0 0 0 -0 0 0 0 -0 0 0 0 -0 0 0 0 -0 0 0 0 -0 0 0 0 -0 0 0 0 -0 0 0 0 -0 0 0 0 -0 0 0 0 -0 0 0 0 -0 0 0 0 -0 0 0 0 -0 0 0 0 -0 0 0 0 -0 0 0 0 -0 0 0 0 -0 0 0 0 -0 0 0 0 -0 0 0 0 -0 0 0 0 -0 0 0 0 -0 0 0 0 -0 0 0 0 -0 0 0 0 -0 0 0 0 -0 0 0 0 -0 0 0 0 -0 0 0 0 -0 0 0 0 -0 0 0 0 -0 0 0 0 -0 0 0 0 -0 0 0 0 -0 0 0 0 -0 0 0 0 -0 0 0 0 -0 0 0 0 -0 0 0 0 -0 0 0 0 -0 0 0 0 -0 0 0 0 -0 0 0 0 -0 0 0 0 -0 0 0 0 -0 0 0 0 -0 0 0 0 -0 0 0 0 -0 0 0 0 -0 0 0 0 -0 0 0 0 -0 0 0 0 -0 0 0 0 -0 0 0 0 -0 0 0 0 -0 0 0 0 -0 0 0 0 -0 0 0 0 -0 0 0 0 -0 0 0 0 -0 0 0 0 -0 0 0 0 -0 0 0 0 -0 0 0 0 -0 0 0 0 -0 0 0 0 -0 0 0 0 -0 0 0 0 -0 0 0 0 0 0 0 0 0 0 0 0 0 0 0 0 0 0 0 0 0 0 0 0 0 0 0 0 0 0 0 0 0 0 0 0 0 0 0 0 0 0 0 0 0 0 0 0 0 0 0 0 0 0 0 0 0 0 0 0 0 0 0 0 0 0 0 0 0 0 0 0 0 0 0 0 0 0 0 0 0 0 0 0 0 0 0 0 0 0 0 0 0 0 0 0 0 0 0 0 0 0 0 0 0 0 0 0 0 0 0 0 0 0 0 0 0 0 0 0 0 0 0 0 0 0 0 0 0 0 0 0 0 0 0 0 0 0 0 0 0 0 0 0 0 0 0 0 0 0 0 0 0 0 0 0 0 0 0 0 0 0 0 0 0 0 0 0 0 0 0 0 0 0 0 0 0 0 0 0 0 0 0 0 0 0 0 0 0 0 0 0 0 0 0 0 0 0 0 0 0 0 0 0 0 0 0 0 0 0 0 0 0 0 0 0 0 0 0 0 0 0 0 0 0 0 0 0 0 0 0 0 0 0 0 0 0 0 0 0 0 0 0 0 0 0 0 0 0 0 0 0 0 0 0 0 0 0 0 0 0 0 0 0 0 0 0 0 0 0 0 0 0 0 0 0 0 0 0 0 0 0 0 0 0 0 0 0 0 0 0 0 0 0 0 0 0 0 0 0 0 0 0 0 0 0 0 0 0 0 0 0 0 0 0 0 0 0 0 0 0 0 0 0 0 0 0 0 0 0 0 0 0 0 0 0 0 0 0 0 0 0 0 0 0 0 0 0 0 0 0 0 0 0 0 0 0 0 0 0 0 0 0 0 0 0 0 0 0 0 0 0 0 0 0 0 0 0 0 0 0 0 0 0 0 0 0 0 0 0 0 0 0 0 0 0 0 0 0 0 0 0 0 0 0 0 0 0 0 0 0 0 0 0 0 0 0 0 0 0 0 0 0 0 0 0 0 0 0 0 0 0 0 0 0 0 0 0 0 0 0 0 0 0 0 0 0 0 0 0 0 0 0 0 0 0 0 0 0 0 0 0 0 0 0 0 0 0 0 0 0 0 0 0 0 0 0 0 0 0 0 0 0 0 0 0 0 0 0 0 0 0 0 0 0 0 0 0 0 0 0 0 0 0 0 0 0 0 0 0 0 0 0 0 0 0 0 0 0 0 0 0 0 0 0 0 0 0 0 0 0 0 0 0 0 0 0 0 0 0 0 0 0 0 0 0 0 0 0 0 0 0 0 0 0 0 0 0 0 0 0 0 0 0 0 0 0 0 0 0 0 0 0 0 0 0 0 0 0 0 0 0 0 0 0 0 0 0 0 0 0 0 0 0 0 0 0 0 0 0 0 0 0 0 0 0 0 0 0 0 0 0 0 0 0 0 0 0 0 0 0 0 0 0 0 0 0 0 0 0 0 0 0 0 0 0 0 0 0 0 0 0 0 0 0 0 0 0 0 0 0 0 0 0 0 0 0 0 0 0 0 0 0 0 0 0 0 0 0 0 0 0 0 0 0 0 0 0 0 0 0 0 0 0 0 0 0 0 0 0 0 0 0 0 0 0 0 0 0 0 0 0 0 0 0 0 0 0 0 0 0 0 0 0 0 0 0 0 0 0 0 0 0 0 0 0 0 0 0 0 0 0 0 0 0 0 0 0 0 0 0 0 0 0 0 0 0 0 0 0 0 0 0 0 0 0 0 0 0 0 0 0 0 0 0 0 0 0 0 0 0 0 0 0 0 0 0 0 0 0 0 0 0 0 0 0 0 0 0 0 0 0 0 0 0 0 0 0 0 0 0 0 0 0 0 0 0 0 0 0 0 0 0 0 0 0 0 0 0 0 0 0 0 0 0 0 0 0 0 0 0 0 0 0 0 0 0 0 0 0 0 0 0 0 0 0 0 0 0 0 0 0 0 0 0 0 0 0 0 0 0 0 0 0 0 0 0 0 0 0 0 0 0 0 0 0 0 0 0 0 0 0 0 0 0 0 0 0 0 0 0 0 0 0 0 0 0 0 0 0 0 0 0 0 0 0 0 0 0 0 0 0 0 0 0 0 0 0 0 0 0 0 0 0 0 0 0 0 0 0 0 0 0 0 0 0 0 0 0 0 0 0 0 0 0 0 0 0 0 0 0 0 0 0 0 0 0 0 0 0 0 0 0 0 0 0 0 0 0 0 0 0 0 0 0 0 0 0 0 0 0 0 0 0 0 0 0 0 0 0 0 0 0 0 0 0 0 0 0 0 0 0 0 0 0 0 0 0 0 0 0 0 0 0 0 0 0 0 0 0 0 0 0 0 0 0 0 0 0 0 0 0 0 0 0 0 0 0 0 0 0 0 0 0 0 0 0 0 0 0 0 0 0 0 0 0 0 0 0 0 0 0 0 0 0 0 0 0 0 0 0 0 0 0 0 0 0 0 0 0 0 0 0 0 0 0 0 0 0 0 0 0 0 0 0 0 0 0 0 0 0 0 0 0 0 0 0 0 0 0 0 0 0 0 0 0 0 0 0 0 0 0 0 0 0 0 0 0 0 0 0 0 0 0 0 0 0 0 0 0 0 0 0 0 0 0 0 0 0 0 0 0 0 0 0 0 0 0 0 0 0 0 0 0 0 0 0 0 0 0 0 0 0 0 0 0 0 0 0 0 0 0 0 0 0 0 0 0 0 0 0 0 0 0 0 0 0 0 0 0 0 0 0 0 0 0 0 0 0 0 0 0 0 0 0 0 0 0 0 0 0 0 0 0 0 0 0 0 0 0 0 0 0 0 0 0 0 0 0 0 0 0 0 0 0 0 0 0 0 0 0 0 0 0 0 0 0 0 0 0 0 0 0 0 0 0 0 0 0 0 0 0 0 0 0 0 0 0 0 0 0 0 0 0 0 0 0 0 0 0 0 0 0 0 0 0 0 0 0 0 0 0 0 0 0 0 0 0 0 0 0 0 0 0 0 0 0 0 0 0 0 0 0 0 0 0 0 0 0 0 0 0 0 0 0 0 0 0 0 0 0 0 0 0 0 0 0 0 0 0 0 0 0 0 0 0 0 0 0 0 0 0 0 0 0 0 0 0 0 0 0 0 0 0 0 0 0 0 0 0 0 0 0 0 0 0 0 0 0 0 0 0 0 0 0 0 0 0 0 0 0 0 0 0 0 0 0 0 0 0 0 0 0 0 0 0 0 0 0 0 0 0 0 0 0 0 0 0 0 0 0 0 0 0 0 0 0 0 0 0 0 0 0 0 0 0 0 0 0 0 0 0 0 0 0 0 0 0 0 0 0 0 0 0 0 0 0 0 0 0 0 0 0 0 0 0 0 0 0 0 0 0 0 0 0 0 0 0 0 0 0 0 0 0 0 0 0 0 0 0 0 0 0 0 0 0 0 0 0 0 0 0 0 0 0 0 0 0 0 0 0 0 0 0 0 0 0 0 0 0 0 0 0 0 0 0 0 0 0 0 0 0 0 0 0 0 0 0 0 0 0 0 0 0 0 0 0 0 0 0 0 0 0 0 0 0 0 0 0 0 0 0 0 0 0 0 0 0 0 0 0 0 0 0 0 0 0 0 0 0 0 0 0 0 0 0 0 0 0 0 0 0 0 0 0 0 0 0 0 0 0 0 0 0 0 0 0 0 0 0 0 0 0 0 0 0 0 0 0 0 0 0 0 0 0 0 0 0 0 0 0 0 0 0 0 0 0 0 0 0 0 0 0 0 0 0 0 0 0 0 0 0 0 0 0 0 0 0 0 0 0 0 0 0 0 0 0 0 0 0 0 0 0 0 0 0 0 0 0 0 0 0 0 0 0 0 0 0 0 0 0 0 0 0 0 0 0 0 0 0 0 0 0 0 0 0 0 0 0 0 0 0 0 0 0 0 0 0 0 0 0 0 0 0 0 0 0 0 0 0 0 0 0 0 0 0 0 0 0 0 0 0 0 0 0 0 0 0 0 0 0 0 0 0 0 0 0 0 0 0 0 0 0 0 0 0 0 0 0 0 0 0 0 0 0 0 0 0 0 0 0 0 0 0 0 0 0 0 0 0 0 0 0 0 0 0 0 0 0 0 0 0 0 0 0 0 0 0 0 0 0 0 0 0 0 0 0 0 0 0 0 0 0 0 0 0 0 0 0 0 0 0 0 0 0 0 0 0 0 0 0 0 0 0 0 0 0 0 0 0 0 0 0 0 0 0 0 0 0 0 0 0 0 0 0 0 0 0 0 0 0 0 0 0 0 0 0 0 0 0 0 0 0 0 0 0 0 0 0 0 0 0 0 0 0 0 0 0 0 0 0 0 0 0 0 0 0 0 0 0 0 0 0 0 0 0 0 0 0 0 0 0 0 0 0 0 0 0 0 0 0 0 0 0 0 0 0 0 0 0 0 0 0 0 0 0 0 0 0 0 0 0 0 0 0 0 0 0 0 0 0 0 0 0 0 0 0 0 0 0 0 0 0 0 0 0 0 0 0 0 0 0 0 0 0 0 0 0 0 0 0 0 0 0 0 0 0 0 0 0 0 0 0 0 0 0 0 0 0 0 0 0 0 0 0 0 0 0 0 0 0 0 0 0 0 0 0 0 0 0 0 0 0 0 0 0 0 0 0 0 0 0 0 0 0 0 0 0 0 0 0 0 0 0 0 0 0 0 0 0 0 0 0 0 0 0 0 0 0 0 0 0 0 0 0 0 0 0 0 0 0 0 0 0 0 0 0 0 0 0 0 0 0 0 0 0 0 0 0 0 0 0 0 0 0 0 0 0 0 0 0 0 0 0 0 0 0 0 0 0 0 0 0 0 0 0 0 0 0 0 0 0 0 0 0 0 0 0 0 0 0 0 0 0 0 0 0 0 0 0 0 0 0 0 0 0 0 0 0 0 0 0 0 0 0 0 0 0 0 0 0 0 0 0 0 0 0 0 0 0 0 0 0 0 0 0 0 0 0 0 0 0 0 0 0 0 0 0 0 0 0 0 0 0 0 0 0 0 0 0 0 0 0 0 0 0 0 0 0 0 0 0 0 0 0 0 0 0 0 0 0 0 0 0 0 0 0 0 0 0 0 0 0 0 0 0 0 0 0 0 0 0 0 0 0 0 0 0 0 0 0 0 0 0 0 0 0 0 0 0 0 0 0 0 0 0 0 0 0 0 0 0 0 0 0 0 0 0 0 0 0 0 0 0 0 0 0 0 0 0 0 0 0 0 0 0 0 0 0 0 0 0 0 0 0 0 0 0 0 0 0 0 0 0 0 0 0 0 0 0 0 0 0 0 0 0 0 0 0 0 0 0 0 0 0 0 0 0 0 0 0 0 0 0 0 0 0 0 0 0 0 0 0 0 0 0 0 0 0 0 0 0 0 0 0 0 0 0 0 0 0 0 0 0 0 0 0 0 0 0 0 0 0 0 0 0 0 0 0 0 0 0 0 0 0 0 0 0 0 0 0 0 0 0 0 0 0 0 0 0 0 0 0 0 0 0 0 0 0 0 0 0 0 0 0 0 0 0 0 0 0 0 0 0 0 0 0 0 0 0 0 0 0 0 0 0 0 0 0 0 0 0 0 0 0 0 0 0 0 0 0 0 0 0 0 0 0 0 0 0 0 0 0 0 0 0 0 0 0 0 0 0 0 0 0 0 0 0 0 0 0 0 0 0 0 0 0 0 0 0 0 0 0 0 0 0 0 0 0 0 0 0 0 0 0 0 0 0 0 0 0 0 0 0 0 0 0 0 0 0 0 0 0 0 0 0 0 0 0 0 0 0 0 0 0 0 0 0 0 0 0 0 0 0 0 0 0 0 0 0 0 0 0 0 0 0 0 0 0 0 0 0 0 0 0 0 0 0 0 0 0 0 0 0 0 0 0 0 0 0 0 0 0 0 0 0 0 0 0 0 0 0 0 0 0 0 0 0 0 0 0 0 0 0 0 0 0 0 0 0 0 0 0 0 0 0 0 0 0 0 0 0 0 0 0 0 0 0 0 0 0 0 0 0 0 0 0 0 0 0 0 0 0 0 0 0 0 0 0 0 0 0 0 0 0 0 0 0 0 0 0 0 0 0 0 0 0 0 0 0 0 0 0 0 0 0 0 0 0 0 0 0 0 0 0 0 0 0 0 0 0 0 0 0 0 0 0 0 0 0 0 0 0 0 0 0 0 0 0 0 0 0 0 0 0 0 0 0 0 0 0 0 0 0 0 0 0 0 0 0 0 0 0 0 0 0 0 0 0 0 0 0 0 0 0 0 0 0 0 0 0 0 0 0 0 0 0 0 0 0 0 0 0 0 0 0 0 0 0 0 0 0 0 0 0 0 0 0 0 0 0 0 0 0 0 0 0 0 0 0 0 0 0 0 0 0 0 0 0 0 0 0 0 0 0 0 0 0 0 0 0 0 0 0 0 0 0 0 0 0 0 0 0 0 0 0 0 0 0 0 0 0 0 0 0 0 0 0 0 0 0 0 0 0 0 0 0 0 0 0 0 0 0 0 0 0 0 0 0 0 0 0 0 0 0 0 0 0 0 0 0 0 0 0 0 0 0 0 0 0 0 0 0 0 0 0 0 0 0 0 0 0 0 0 0 0 0 0 0 0 0 0 0 0 0 0 0 0 0 0 0 0 0 0 0 0 0 0 0 0 0 0 0 0 0 0 0 0 0 0 0 0 0 0 0 0 0 0 0 0 0 0 0 0 0 0 0 0 0 0 0 0 0 0 0 0 0 0 0 0 0 0 0 0 0 0 0 0 0 0 0 0 0 0 0 0 0 0 0 0 0 0 0 0 0 0 0 0 0 0 0 0 0 0 0 0 0 0 0 0 0 0 0 0 0 0 0 0 0 0 0 0 0 0 0 0 0 0 0 0 0 0 0 0 0 0 0 0 0 0 0 0 0 0 0 0 0 0 0 0 0 0 0 0 0 0 0 0 0 0 0 0 0 0 0 0 0 0 0 0 0 0 0 0 0 0 0 0 0 0 0 0 0 0 0 0 0 0 0 0 0 0 0 0 0 0 0 0 0 0 0 0 0 0 0 0 0 0 0 0 0 0 0 0 0 0 0 0 0 0 0 0 0 0 0 0 0 0 0 0 0 0 0 0 0 0 0 0 0 0 0 0 0 0 0 0 0 0 0 0 0 0 0 0 0 0 0 0 0 0 0 0 0 0 0 0 0 0 0 0 0 0 0 0 0 0 0 0 0 0 0 0 0 0 0 0 0 0 0 0 0 0 0 0 0 0 0 0 0 0 0 0 0 0 0 0 0 0 0 0 0 0 0 0 0 0 0 0 0 0 0 0 0 0 0 0 0 0 0 0 0 0 0 0 0 0 0 0 0 0 0 0 0 0 0 0 0 0 0 0 0 0 0 0 0 0 0 0 0 0 0 0 0 0 0 0 0 0 0 0 0 0 0 0 0 0 0 0 0 0 0 0 0 0 0 0 0 0 0 0 0 0 0 0 0 0 0 0 0 0 0 0 0 0 0 0 0 0 0 0 0 0 0 0 0 0 0 0 0 0 0 0 0 0 0 0 0 0 0 0 0 0 0 0 0 0 0 0 0 0 0 0 0 0 0 0 0 0 0 0 0 0 0 0 0 0 0 0 0 0 0 0 0 0 0 0 0 0 0 0 0 0 0 0 0 0 0 0 0 0 0 0 0 0 0 0 0 0 0 0 0 0 0 0 0 0 0 0 0 0 0 0 0 0 0 0 0 0 0 0 0 0 0 0 0 0 0 0 0 0 0 0 0 0 0 0 0 0 0 0 0 0 0 0 0 0 0 0 0 0 0 0 0 0 0 0 0 0 0 0 0 0 0 0 0 0 0 0 0 0 0 0 0 0 0 0 0 0 0 0 0 0 0 0 0 0 0 0 0 0 0 0 0 0 0 0 0 0 0 0 0 0 0 0 0 0 0 0 0 0 0 0 0 0 0 0 0 0 0 0 0 0 0 0 0 0 0 0 0 0 0 0 0 0 0 0 0 0 0 0 0 0 0 0 0 0 0 0 0 0 0 0 0 0 0 0 0 0 0 0 0 0 0 0 0 0 0 0 0 0 0 0 0 0 0 0 0 0 0 0 0 0 0 0 0 0 0 0 0 0 0 0 0 0 0 0 0 0 0 0 0 0 0 0 0 0 0 0 0 0 0 0 0 0 0 0 0 0 0 0 0 0 0 0 0 0 0 0 0 0 0 0 0 0 0 0 0 0 0 0 0 0 0 0 0 0 0 0 0 0 0 0 0 0 0 0 0 0 0 0 0 0 0 0 0 0 0 0 0 0 0 0 0 0 0 0 0 0 0 0 0 0 0 0 0 0 0 0 0 0 0 0 0 0 0 0 0 0 0 0 0 0 0 0 0 0 0 0 0 0 0 0 0 0 0 0 0 0 0 0 0 0 0 0 0 0 0 0 0 0 0 0 0 0 0 0 0 0 0 0 0 0 0 0 0 0 0 0 0 0 0 0 0 0 0 0 0 0 0 0 0 0 0 0 0 0 0 0 0 0 0 0 0 0 0 0 0 0 0 0 0 0 0 0 0 0 0 0 0 0 0 0 0 0 0 0 0 0 0 0 0 0 0 0 0 0 0 0 0 0 0 0 0 0 0 0 0 0 0 0 0 0 0 0 0 0 0 0 0 0 0 0 0 0 0 0 0 0 0 0 0 0 0 0 0 0 0 0 0 0 0 0 0 0 0 0 0 0 0 0 0 0 0 0 0 0 0 0 0 0 0 0 0 0 0 0 0 0 0 0 0 0 0 0 0 0 0 0 0 0 0 0 0 0 0 0 0 0 0 0 0 0 0 0 0 0 0 0 0 0 0 0 0 0 0 0 0 0 0 0 0 0 0 0 0 0 0 0 0 0 0 0 0 0 0 0 0 0 0 0 0 0 0 0 0 0 0 0 0 0 0 0 0 0 0 0 0 0 0 0 0 0 0 0 0 0 0 0 0 0 0 0 0 0 0 0 0 0 0 0 0 0 0 0 0 0 0 0 0 0 0 0 0 0 0 0 0 0 0 0 0 0 0 0 0 0 0 0 0 0 0 0 0 0 0 0 0 0 0 0 0 0 0 0 0 0 0 0 0 0 0 0 0 0 0 0 0 0 0 0 0 0 0 0 0 0 0 0 0 0 0 0 0 0 0 0 0 0 0 0 0 0 0 0 0 0 0 0 0 0 0 0 0 0 0 0 0 0 0 0 0 0 0 0 0 0 0 0 0 0 0 0 0 0 0 0 0 0 0 0 0 0 0 0 0 0 0 0 0 0 0 0 0 0 0 0 0 0 0 0 0 0 0 0 0 0 0 0 0 0 0 0 0 0 0 0 0 0 0 0 0 0 0 0 0 0 0 0 0 0 0 0 0 0 0 0 0 0 0 0 0 0 0 0 0 0 0 0 0 0 0 0 0 0 0 0 0 0 0 0 0 0 0 0 0 0 0 0 0 0 0 0 0 0 0 0 0 0 0 0 0 0 0 0 0 0 0 0 0 0 0 0 0 0 0 0 0 0 0 0 0 0 0 0 0 0 0 0 0 0 0 0 0 0 0 0 0 0 0 0 0 0 0 0 0 0 0 0 0 0 0 0 0 0 0 0 0 0 0 0 0 0 0 0 0 0 0 0 0 0 0 0 0 0 0 0 0 0 0 0 0 0 0 0 0 0 0 0 0 0 0 0 0 0 0 0 0 0 0 0 0 0 0 0 0 0 0 0 0 0 0 0 0 0 0 0 0 0 0 0 0 0 0 0 0 0 0 0 0 0 0 0 0 0 0 0 0 0 0 0 0 0 0 0 0 0 0 0 0 0 0 0 0 0 0 0 0 0 0 0 0 0 0 0 0 0 0 0 0 0 0 0 0 0 0 0 0 0 0 0 0 0 0 0 0 0 0 0 0 0 0 0 0 0 0 0 0 0 0 0 0 0 0 0 0 0 0 0 0 0 0 0 0 0 0 0 0 0 0 0 0 0 0 0 0 0 0 0 0 0 0 0 0 0 0 0 0 0 0 0 0 0 0 0 0 0 0 0 0 0 0 0 0 0 0 0 0 0 0 0 0 0 0 0 0 0 0 0 0 0 0 0 0 0 0 0 0 0 0 0 0 0 0 0 0 0 0 0 0 0 0 0 0 0 0 0 0 0 0 0 0 0 0 0 0 0 0 0 0 0 0 0 0 0 0 0 0 0 0 0 0 0 0 0 0 0 0 0 0 0 0 0 0 0 0 0 0 0 0 0 0 0 0 0 0 0 0 0 0 0 0 0 0 0 0 0 0 0 0 0 0 0 0 0 0 0 0 0 0 0 0 0 0 0 0 0 0 0 0 0 0 0 0 0 0 0 0 0 0 0 0 0 0 0 0 0 0 0 0 0 0 0 0 0 0 0 0 0 0 0 0 0 0 0 0 0 0 0 0 0 0 0 0 0 0 0 0 0 0 0 0 0 0 0 0 0 0 0 0 0 0 0 0 0 0 0 0 0 0 0 0 0 0 0 0 0 0 0 0 0 0 0 0 0 0 0 0 0 0 0 0 0 0 0 0 0 0 0 0 0 0 0 0 0 0 0 0 0 0 0 0 0 0 0 0 0 0 0 0 0 0 0 0 0 0 0 0 0 0 0 0 0 0 0 0 0 0 0 0 0 0 0 0 0 0 0 0 0 0 0 0 0 0 0 0 0 0 0 0 0 0 0 0 0 0 0 0 0 0 0 0 0 0 0 0 0 0 0 0 0 0 0 0 0 0 0 0 0 0 0 0 0 0 0 0 0 0 0 0 0 0 0 0 0 0 0 0 0 0 0 0 0 0 0 0 0 0 0 0 0 0 0 0 0 0 0 0 0 0 0 0 0 0 0 0 0 0 0 0 0 0 0 0 0 0 0 0 0 0 0 0 0 0 0 0 0 0 0 0 0 0 0 0 0 0 0 0 0 0 0 0 0 0 0 0 0 0 0 0 0 0 0 0 0 0 0 0 0 0 0 0 0 0 0 0 0 0 0 0 0 0 0 0 0 0 0 0 0 0 0 0 0 0 0 0 0 0 0 0 0 0 0 0 0 0 0 0 0 0 0 0 0 0 0 0 0 0 0 0 0 0 0 0 0 0 0 0 0 0 0 0 0 0 0 0 0 0 0 0 0 0 0 0 0 0 0 0 0 0 0 0 0 0 0 0 0 0 0 0 0 0 0 0 0 0 0 0 0 0 0 0 0 0 0 0 0 0 0 0 0 0 0 0 0 0 0 0 0 0 0 0 0 0 0 0 0 0 0 0 0 0 0 0 0 0 0 0 0 0 0 0 0 0 0 0 0 0 0 0 0 0 0 0 0 0 0 0 0 0 0 0 0 0 0 0 0 0 0 0 0 0 0 0 0 0 0 0 0 0 0 0 0 0 0 0 0 0 0 0 0 0 0 0 0 0 0 0 0 0 0 0 0 0 0 0 0 0 0 0 0 0 0 0 0 0 0 0 0 0 0 0 0 0 0 0 0 0 0 0 0 0 0 0 0 0 0 0 0 0 0 0 0 0 0 0 0 0 0 0 0 0 0 0 0 0 0 0 0 0 0 0 0 0 0 0 0 0 0 0 0 0 0 0 0 0 0 0 0 0 0 0 0 0 0 0 0 0 0 0 0 0 0 0 0 0 0 0 0 0 0 0 0 0 0 0 0 0 0 0 0 0 0 0 0 0 0 0 0 0 0 0 0 0 0 0 0 0 0 0 0 0 0 0 0 0 0 0 0 0 0 0 0 0 0 0 0 0 0 0 0 0 0 0 0 0 0 0 0 0 0 0 0 0 0 0 0 0 0 0 0 0 0 0 0 0 0 0 0 0 0 0 0 0 0 0 0 0 0 0 0 0 0 0 0 0 0 0 0 0 0 0 0 0 0 0 0 0 0 0 0 0 0 0 0 0 0 0 0 0 0 0 0 0 0 0 0 0 0 0 0 0 0 0 0 0 0 0 0 0 0 0 0 0 0 0 0 0 0 0 0 0 0 0 0 0 0 0 0 0 0 0 0 0 0 0 0 0 0 0 0 0 0 0 0 0 0 0 0 0 0 0 0 0 0 0 0 0 0 0 0 0 0 0 0 0 0 0 0 0 0 0 0 0 0 0 0 0 0 0 0 0 0 0 0 0 0 0 0 0 0 0 0 0 0 0 0 0 0 0 0 0 0 0 0 0 0 0 0 0 0 0 0 0 0 0 0 0 0 0 0 0 0 0 0 0 0 0 0 0 0 0 0 0 0 0 0 0 0 0 0 0 0 0 0 0 0 0 0 0 0 0 0 0 0 0 0 0 0 0 0 0 0 0 0 0 0 0 0 0 0 0 0 0 0 0 0 0 0 0 0 0 0 0 0 0 0 0 0 0 0 0 0 0 0 0 0 0 0 0 0 0 0 0 0 0 0 0 0 0 0 0 0 0 0 0 0 0 0 0 0 0 0 0 0 0 0 0 0 0 0 0 0 0 0 0 0 0 0 0 0 0 0 0 0 0 0 0 0 0 0 0 0 0 0 0 0 0 0 0 0 0 0 0 0 0 0 0 0 0 0 0 0 0 0 0 0 0 0 0 0 0 0 0 0 0 0 0 0 0 0 0 0 0 0 0 0 0 0 0 0 0 0 0 0 0 0 0 0 0 0 0 0 0 0 0 0 0 0 0 0 0 0 0 0 0 0 0 0 0 0 0 0 0 0 0 0 0 0 0 0 0 0 0 0 0 0 0 0 0 0 0 0 0 0 0 0 0 0 0 0 0 0 0 0 0 0 0 0 0 0 0 0 0 0 0 0 0 0 0 0 0 0 0 0 0 0 0 0 0 0 0 0 0 0 0 0 0 0 0 0 0 0 0 0 0 0 0 0 0 0 0 0 0 0 0 0 0 0 0 0 0 0 0 0 0 0 0 0 0 0 0 0 0 0 0 0 0 0 0 0 0 0 0 0 0 0 0 0 0 0 0 0 0 0 0 0 0 0 0 0 0 0 0 0 0 0 0 0 0 0 0 0 0 0 0 0 0 0 0 0 0 0 0 0 0 0 0 0 0 0 0 0 0 0 0 0 0 0 0 0 0 0 0 0 0 0 0 0 0 0 0 0 0 0 0 0 0 0 0 0 0 0 0 0 0 0 0 0 0 0 0 0 0 0 0 0 0 0 0 0 0 0 0 0 0 0 0 0 0 0 0 0 0 0 0 0 0 0 0 0 0 0 0 0 0 0 0 0 0 0 0 0 0 0 0 0 0 0 0 0 0 0 0 0 0 0 0 0 0 0 0 0 0 0 0 0 0 0 0 0 0 0 0 0 0 0 0 0 0 0 0 0 0 0 0 0 0 0 0 0 0 0 0 0 0 0 0 0 0 0 0 0 0 0 0 0 0 0 0 0 0 0 0 0 0 0 0 0 0 0 0 0 0 0 0 0 0 0 0 0 0 0 0 0 0 0 0 0 0 0 0 0 0 0 0 0 0 0 0 0 0 0 0 0 0 0 0 0 0 0 0 0 0 0 0 0 0 0 0 0 0 0 0 0 0 0 0 0 0 0 0 0 0 0 0 0 0 0 0 0 0 0 0 0 0 0 0 0 0 0 0 0 0 0 0 0 0 0 0 0 0 0 0 0 0 0 0 0 0 0 0 0 0 0 0 0 0 0 0 0 0 0 0 0 0 0 0 0 0 0 0 0 0 0 0 0 0 0 0 0 0 0 0 0 0 0 0 0 0 0 0 0 0 0 0 0 0 0 0 0 0 0 0 0 0 0 0 0 0 0 0 0 0 0 0 0 0 0 0 0 0 0 0 0 0 0 0 0 0 0 0 0 0 0 0 0 0 0 0 0 0 0 0 0 0 0 0 0 0 0 0 0 0 0 0 0 0 0 0 0 0 0 0 0 0 0 0 0 0 0 0 0 0 0 0 0 0 0 0 0 0 0 0 0 0 0 0 0 0 0 0 0 0 0 0 0 0 0 0 0 0 0 0 0 0 0 0 0 0 0 0 0 0 0 0 0 0 0 0 0 0 0 0 0 0 0 0 0 0 0 0 0 0 0 0 0 0 0 0 0 0 0 0 0 0 0 0 0 0 0 0 0 0 0 0 0 0 0 0 0 0 0 0 0 0 0 0 0 0 0 0 0 0 0 0 0 0 0 0 0 0 0 0 0 0 0 0 0 0 0 0 0 0 0 0 0 0 0 0 0 0 0 0 0 0 0 0 0 0 0 0 0 0 0 0 0 0 0 0 0 0 0 0 0 0 0 0 0 0 0 0 0 0 0 0 0 0 0 0 0 0 0 0 0 0 0 0 0 0 0 0 0 0 0 0 0 0 0 0 0 0 0 0 0 0 0 0 0 0 0 0 0 0 0 0 0 0 0 0 0 0 0 0 0 0 0 0 0 0 0 0 0 0 0 0 0 0 0 0 0 0 0 0 0 0 0 0 0 0 0 0 0 0 0 0 0 0 0 0 0 0 0 0 0 0 0 0 0 0 0 0 0 0 0 0 0 0 0 0 0 0 0 0 0 0 0 0 0 0 0 0 0 0 0 0 0 0 0 0 0 0 0 0 0 0 0 0 0 0 0 0 0 0 0 0 0 0 0 0 0 0 0 0 0 0 0 0 0 0 0 0 0 0 0 0 0 0 0 0 0 0 0 0 0 0 0 0 0 0 0 0 0 0 0 0 0 0 0 0 0 0 0 0 0 0 0 0 0 0 0 0 0 0 0 0 0 0 0 0 0 0 0 0 0 0 0 0 0 0 0 0 0 0 0 0 0 0 0 0 0 0 0 0 0 0 0 0 0 0 0 0 0 0 0 0 0 0 0 0 0 0 0 0 0 0 0 0 0 0 0 0 0 0 0 0 0 0 0 0 0 0 0 0 0 0 0 0 0 0 0 0 0 0 0 0 0 0 0 0 0 0 0 0 0 0 0 0 0 0 0 0 0 0 0 0 0 0 0 0 0 0 0 0 0 0 0 0 0 0 0 0 0 0 0 0 0 0 0 0 0 0 0 0 0 0 0 0 0 0 0 0 0 0 0 0 0 0 0 0 0 0 0 0 0 0 0 0 0 0 0 0 0 0 0 0 0 0 0 0 0 0 0 0 0 0 0 0 0 0 0 0 0 0 0 0 0 0 0 0 0 0 0 0 0 0 0 0 0 0 0 0 0 0 0 0 0 0 0 0 0 0 0 0 0 0 0 0 0 0 0 0 0 0 0 0 0 0 0 0 0 0 0 0 0 0 0 0 0 0 0 0 0 0 0 0 0 0 0 0 0 0 0 0 0 0 0 0 0 0 0 0 0 0 0 0 0 0 0 0 0 0 0 0 0 0 0 0 0 0 0 0 0 0 0 0 0 0 0 0 0 0 0 0 0 0 0 0 0 0 0 0 0 0 0 0 0 0 0 0 0 0 0 0 0 0 0 0 0 0 0 0 0 0 0 0 0 0 0 0 0 0 0 0 0 0 0 0 0 0 0 0 0 0 0 0 0 0 0 0 0 0 0 0 0 0 0 0 0 0 0 0 0 0 0 0 0 0 0 0 0 0 0 0 0 0 0 0 0 0 0 0 0 0 0 0 0 0 0 0 0 0 0 0 0 0 0 0 0 0 0 0 0 0 0 0 0 0 0 0 0 0 0 0 0 0 0 0 0 0 0 0 0 0 0 0 0 0 0 0 0 0 0 0 0 0 0 0 0 0 0 0 0 0 0 0 0 0 0 0 0 0 0 0 0 0 0 0 0 0 0 0 0 0 0 0 0 0 0 0 0 0 0 0 0 0 0 0 0 0 0 0 0 0 0 0 0 0 0 0 0 0 0 0 0 0 0 0 0 0 0 0 0 0 0 0 0 0 0 0 0 0 0 0 0 0 0 0 0 0 0 0 0 0 0 0 0 0 0 0 0 0 0 0 0 0 0 0 0 0 0 0 0 0 0 0 0 0 0 0 0 0 0 0 0 0 0 0 0 0 0 0 0 0 0 0 0 0 0 0 0 0 0 0 0 0 0 0 0 0 0 0 0 0 0 0 0 0 0 0 0 0 0 0 0 0 0 0 0 0 0 0 0 0 0 0 0 0 0 0 0 0 0 0 0 0 0 0 0 0 0 0 0 0 0 0 0 0 0 0 0 0 0 0 0 0 0 0 0 0 0 0 0 0 0 0 0 0 0 0 0 0 0 0 0 0 0 0 0 0 0 0 0 0 0 0 0 0 0 0 0 0 0 0 0 0 0 0 0 0 0 0 0 0 0 0 0 0 0 0 0 0 0 0 0 0 0 0 0 0 0 0 0 0 0 0 0 0 0 0 0 0 0 0 0 0 0 0 0 0 0 0 0 0 0 0 0 0 0 0 0 0 0 0 0 0 0 0 0 0 0 0 0 0 0 0 0 0 0 0 0 0 0 0 0 0 0 0 0 0 0 0 0 0 0 0 0 0 0 0 0 0 0 0 0 0 0 0 0 0 0 0 0 0 0 0 0 0 0 0 0 0 0 0 0 0 0 0 0 0 0 0 0 0 0 0 0 0 0 0 0 0 0 0 0 0 0 0 0 0 0 0 0 0 0 0 0 0 0 0 0 0 0 0 0 0 0 0 0 0 0 0 0 0 0 0 0 0 0 0 0 0 0 0 0 0 0 0 0 0 0 0 0 0 0 0 0 0 0 0 0 0 0 0 0 0 0 0 0 0 0 0 0 0 0 0 0 0 0 0 0 0 0 0 0 0 0 0 0 0 0 0 0 0 0 0 0 0 0 0 0 0 0 0 0 0 0 0 0 0 0 0 0 0 0 0 0 0 0 0 0 0 0 0 0 0 0 0 0 0 0 0 0 0 0 0 0 0 0 0 0 0 0 0 0 0 0 0 0 0 0 0 0 0 0 0 0 0 0 0 0 0 0 0 0 0 0 0 0 0 0 0 0 0 0 0 0 0 0 0 0 0 0 0 0 0 0 0 0 0 0 0 0 0 0 0 0 0 0 0 0 0 0 0 0 0 0 0 0 0 0 0 0 0 0 0 0 0 0 0 0 0 0 0 0 0 0 0 0 0 0 0 0 0 0 0 0 0 0 0 0 0 0 0 0 0 0 0 0 0 0 0 0 0 0 0 0 0 0 0 0 0 0 0 0 0 0 0 0 0 0 0 0 0 0 0 0 0 0 0 0 0 0 0 0 0 0 0 0 0 0 0 0 0 0 0 0 0 0 0 0 0 0 0 0 0 0 0 0 0 0 0 0 0 0 0 0 0 0 0 0 0 0 0 0 0 0 0 0 0 0 0 0 0 0 0 0 0 0 0 0 0 0 0 0 0 0 0 0 0 0 0 0 0 0 0 0 0 0 0 0 0 0 0 0 0 0 0 0 0 0 0 0 0 0 0 0 0 0 0 0 0 0 0 0 0 0 0 0 0 0 0 0 0 0 0 0 0 0 0 0 0 0 0 0 0 0 0 0 0 0 0 0 0 0 0 0 0 0 0 0 0 0 0 0 0 0 0 0 0 0 0 0 0 0 0 0 0 0 0 0 0 0 0 0 0 0 0 0 0 0 0 0 0 0 0 0 0 0 0 0 0 0 0 0 0 0 0 0 0 0 0 0 0 0 0 0 0 0 0 0 0 0 0 0 0 0 0 0 0 0 0 0 0 0 0 0 0 0 0 0 0 0 0 0 0 0 0 0 0 0 0 0 0 0 0 0 0 0 0 0 0 0 0 0 0 0 0 0 0 0 0 0 0 0 0 0 0 0 0 0 0 0 0 0 0 0 0 0 0 0 0 0 0 0 0 0 0 0 0 0 0 0 0 0 0 0 0 0 0 0 0 0 0 0 0 0 0 0 0 0 0 0 0 0 0 0 0 0 0 0 0 0 0 0 0 0 0 0 0 0 0 0 0 0 0 0 0 0 0 0 0 0 0 0 0 0 0 0 0 0 0 0 0 0 0 0 0 0 0 0 0 0 0 0 0 0 0 0 0 0 0 0 0 0 0 0 0 0 0 0 0 0 0 0 0 0 0 0 0 0 0 0 0 0 0 0 0 0 0 0 0 0 0 0 0 0 0 0 0 0 0 0 0 0 0 0 0 0 0 0 0 0 0 0 0 0 0 0 0 0 0 0 0 0 0 0 0 0 0 0 0 0 0 0 0 0 0 0 0 0 0 0 0 0 0 0 0 0 0 0 0 0 0 0 0 0 0 0 0 0 0 0 0 0 0 0 0 0 0 0 0 0 0 0 0 0 0 0 0 0 0 0 0 0 0 0 0 0 0 0 0 0 0 0 0 0 0 0 0 0 0 0 0 0 0 0 0 0 0 0 0 0 0 0 0 0 0 0 0 0 0 0 0 0 0 0 0 0 0 0 0 0 0 0 0 0 0 0 0 0 0 0 0 0 0 0 0 0 0 0 0 0 0 0 0 0 0 0 0 0 0 0 0 0 0 0 0 0 0 0 0 0 0 0 0 0 0 0 0 0 0 0 0 0 0 0 0 0 0 0 0 0 0 0 0 0 0 0 0 0 0 0 0 0 0 0 0 0 0 0 0 0 0 0 0 0 0 0 0 0 0 0 0 0 0 0 0 0 0 0 0 0 0 0 0 0 0 0 0 0 0 0 0 0 0 0 0 0 0 0 0 0 0 0 0 0 0 0 0 0 0 0 0 0 0 0 0 0 0 0 0 0 0 0 0 0 0 0 0 0 0 0 0 0 0 0 0 0 0 0 0 0 0 0 0 0 0 0 0 0 0 0 0 0 0 0 0 0 0 0 0 0 0 0 0 0 0 0 0 0 0 0 0 0 0 0 0 0 0 0 0 0 0 0 0 0 0 0 0 0 0 0 0 0 0 0 0 0 0 0 0 0 0 0 0 0 0 0 0 0 0 0 0 0 0 0 0 0 0 0 0 0 0 0 0 0 0 0 0 0 0 0 0 0 0 0 0 0 0 0 0 0 0 0 0 0 0 0 0 0 0 0 0 0 0 0 0 0 0 0 0 0 0 0 0 0 0 0 0 0 0 0 0 0 0 0 0 0 0 0 0 0 0 0 0 0 0 0 0 0 0 0 0 0 0 0 0 0 0 0 0 0 0 0 0 0 0 0 0 0 0 0 0 0 0 0 0 0 0 0 0 0 0 0 0 0 0 0 0 0 0 0 0 0 0 0 0 0 0 0 0 0 0 0 0 0 0 0 0 0 0 0 0 0 0 0 0 0 0 0 0 0 0 0 0 0 0 0 0 0 0 0 0 0 0 0 0 0 0 0 0 0 0 0 0 0 0 0 0 0 0 0 0 0 0 0 0 0 0 0 0 0 0 0 0 0 0 0 0 0 0 0 0 0 0 0 0 0 0 0 0 0 0 0 0 0 0 0 0 0 0 0 0 0 0 0 0 0 0 0 0 0 0 0 0 0 0 0 0 0 0 0 0 0 0 0 0 0 0 0 0 0 0 0 0 0 0 0 0 0 0 0 0 0 0 0 0 0 0 0 0 0 0 0 0 0 0 0 0 0 0 0 0 0 0 0 0 0 0 0 0 0 0 0 0 0 0 0 0 0 0 0 0 0 0 0 0 0 0 0 0 0 0 0 0 0 0 0 0 0 0 0 0 0 0 0 0 0 0 0 0 0 0 0 0 0 0 0 0 0 0 0 0 0 0 0 0 0 0 0 0 0 0 0 0 0 0 0 0 0 0 0 0 0 0 0 0 0 0 0 0 0 0 0 0 0 0 0 0 0 0 0 0 0 0 0 0 0 0 0 0 0 0 0 0 0 0 0 0 0 0 0 0 0 0 0 0 0 0 0 0 0 
				</DataArray>
				<DataArray type="Float64" Name="Psi" NumberOfComponents="1" format="ascii" >
1 1 1 1 1 1 1 1 1 1 1 1 1 1 1 1 1 1 1 1 1 1 1 1 1 1 1 1 1 1 1 1 1 1 1 1 1 1 1 1 1 1 1 1 1 1 1 1 1 1 1 1 1 1 1 1 1 1 1 1 1 1 1 1 1 1 1 1 1 1 1 1 1 1 1 1 1 1 1 1 1 1 1 1 1 1 1 1 1 1 1 1 1 1 1 1 1 1 1 1 1 1 1 1 1 1 1 1 1 1 1 1 1 1 1 1 1 1 1 1 1 1 1 1 1 1 1 1 1 1 1 1 1 1 1 1 1 1 1 1 1 1 1 1 1 1 1 1 1 1 1 1 1 1 1 1 1 1 1 1 1 1 1 1 1 1 1 1 1 1 1 1 1 1 1 1 1 1 1 1 1 1 1 1 1 1 1 1 1 1 1 1 1 1 1 1 1 1 1 1 1 1 1 1 1 1 1 1 1 1 1 1 1 1 1 1 1 1 1 1 1 1 1 1 1 1 1 1 1 1 1 1 1 1 1 1 1 1 1 1 1 1 1 1 1 1 1 1 1 1 1 1 1 1 1 1 1 1 1 1 1 1 1 1 1 1 1 1 1 1 1 1 1 1 1 1 1 1 1 1 1 1 1 1 1 1 1 1 1 1 1 1 1 1 1 1 1 1 1 1 1 1 1 1 1 1 1 1 1 1 1 1 1 1 1 1 1 1 1 1 1 1 1 1 1 1 1 1 1 1 1 1 1 1 1 1 1 1 1 1 1 1 1 1 1 1 1 1 1 1 1 1 1 1 1 1 1 1 1 1 1 1 1 1 1 1 1 1 1 1 1 1 1 1 1 1 1 1 1 1 1 1 1 1 1 1 1 1 1 1 1 1 1 1 1 1 1 1 1 1 1 1 1 1 1 1 1 1 1 1 1 1 1 1 1 1 1 1 1 1 1 1 1 1 1 1 1 1 1 1 1 1 1 1 1 1 1 1 1 1 1 1 1 1 1 1 1 1 1 1 1 1 1 1 1 1 1 1 1 1 1 1 1 1 1 1 1 1 1 1 1 1 1 1 1 1 1 1 1 1 1 1 1 1 1 1 1 1 1 1 1 1 1 1 1 1 1 1 1 1 1 1 1 1 1 1 1 1 1 1 1 1 1 1 1 1 1 1 1 1 1 1 1 1 1 1 1 1 1 1 1 1 1 1 1 1 1 1 1 1 1 1 1 1 1 1 1 1 1 1 1 1 1 1 1 1 1 1 1 1 1 1 1 1 1 1 1 1 1 1 1 1 1 1 1 1 1 1 1 1 1 1 1 1 1 1 1 1 1 1 1 1 1 1 1 1 1 1 1 1 1 1 1 1 1 1 1 1 1 1 1 1 1 1 1 1 1 1 1 1 1 1 1 1 1 1 1 1 1 1 1 1 1 1 1 1 1 1 1 1 1 1 1 1 1 1 1 1 1 1 1 1 1 1 1 1 1 1 1 1 1 1 1 1 1 1 1 1 1 1 1 1 1 1 1 1 1 1 1 1 1 1 1 1 1 1 1 1 1 1 1 1 1 1 1 1 1 1 1 1 1 1 1 1 1 1 1 1 1 1 1 1 1 1 1 1 1 1 1 1 1 1 1 1 1 1 1 1 1 1 1 1 1 1 1 1 1 1 1 1 1 1 1 1 1 1 1 1 1 1 1 1 1 1 1 1 1 1 1 1 1 1 1 1 1 1 1 1 1 1 1 1 1 1 1 1 1 1 1 1 1 1 1 1 1 1 1 1 1 1 1 1 1 1 1 1 1 1 1 1 1 1 1 1 1 1 1 1 1 1 1 1 1 1 1 1 1 1 1 1 1 1 1 1 1 1 1 1 1 1 1 1 1 1 1 1 1 1 1 1 1 1 1 1 1 1 1 1 1 1 1 1 1 1 1 1 1 1 1 1 1 1 1 1 1 1 1 1 1 1 1 1 1 1 1 1 1 1 1 1 1 1 1 1 1 1 1 1 1 1 1 1 1 1 1 1 1 1 1 1 1 1 1 1 1 1 1 1 1 1 1 1 1 1 1 1 1 1 1 1 1 1 1 1 1 1 1 1 1 1 1 1 1 1 1 1 1 1 1 1 1 1 1 1 1 1 1 1 1 1 1 1 1 1 1 1 1 1 1 1 1 1 1 1 1 1 1 1 1 1 1 1 1 1 1 1 1 1 1 1 1 1 1 1 1 1 1 1 1 1 1 1 1 1 1 1 1 1 1 1 1 1 1 1 1 1 1 1 1 1 1 1 1 1 1 1 1 1 1 1 1 1 1 1 1 1 1 1 1 1 1 1 1 1 1 1 1 1 1 1 1 1 1 1 1 1 1 1 1 1 1 1 1 1 1 1 1 1 1 1 1 1 1 1 1 1 1 1 1 1 1 1 1 1 1 1 1 1 1 1 1 1 1 1 1 1 1 1 1 1 1 1 1 1 1 1 1 1 1 1 1 1 1 1 1 1 1 1 1 1 1 1 1 1 1 1 1 1 1 1 1 1 1 1 1 1 1 1 1 1 1 1 1 1 1 1 1 1 1 1 1 1 1 1 1 1 1 1 1 1 1 1 1 1 1 1 1 1 1 1 1 1 1 1 1 1 1 1 1 1 1 1 1 1 1 1 1 1 1 1 1 1 1 1 1 1 1 1 1 1 1 1 1 1 1 1 1 1 1 1 1 1 1 1 1 1 1 1 1 1 1 1 1 1 1 1 1 1 1 1 1 1 1 1 1 1 1 1 1 1 1 1 1 1 1 1 1 1 1 1 1 1 1 1 1 1 1 1 1 1 1 1 1 1 1 1 1 1 1 1 1 1 1 1 1 1 1 1 1 1 1 1 1 1 1 1 1 1 1 1 1 1 1 1 1 1 1 1 1 1 1 1 1 1 1 1 1 1 1 1 1 1 1 1 1 1 1 1 1 1 1 1 1 1 1 1 1 1 1 1 1 1 1 1 1 1 1 1 1 1 1 1 1 1 1 1 1 1 1 1 1 1 1 1 1 1 1 1 1 1 1 1 1 1 1 1 1 1 1 1 1 1 1 1 1 1 1 1 1 1 1 1 1 1 1 1 1 1 1 1 1 1 1 1 1 1 1 1 1 1 1 1 1 1 1 1 1 1 1 1 1 1 1 1 1 1 1 1 1 1 1 1 1 1 1 1 1 1 1 1 1 1 1 1 1 1 1 1 1 1 1 1 1 1 1 1 1 1 1 1 1 1 1 1 1 1 1 1 1 1 1 1 1 1 1 1 1 1 1 1 1 1 1 1 1 1 1 1 1 1 1 1 1 1 1 1 1 1 1 1 1 1 1 1 1 1 1 1 1 1 1 1 1 1 1 1 1 1 1 1 1 1 1 1 1 1 1 1 1 1 1 1 1 1 1 1 1 1 1 1 1 1 1 1 1 1 1 1 1 1 1 1 1 1 1 1 1 1 1 1 1 1 1 1 1 1 1 1 1 1 1 1 1 1 1 1 1 1 1 1 1 1 1 1 1 1 1 1 1 1 1 1 1 1 1 1 1 1 1 1 1 1 1 1 1 1 1 1 1 1 1 1 1 1 1 1 1 1 1 1 1 1 1 1 1 1 1 1 1 1 1 1 1 1 1 1 1 1 1 1 1 1 1 1 1 1 1 1 1 1 1 1 1 1 1 1 1 1 1 1 1 1 1 1 1 1 1 1 1 1 1 1 1 1 1 1 1 1 1 1 1 1 1 1 1 1 1 1 1 1 1 1 1 1 1 1 1 1 1 1 1 1 1 1 1 1 1 1 1 1 1 1 1 1 1 1 1 1 1 1 1 1 1 1 1 1 1 1 1 1 1 1 1 1 1 1 1 1 1 1 1 1 1 1 1 1 1 1 1 1 1 1 1 1 1 1 1 1 1 1 1 1 1 1 1 1 1 1 1 1 1 1 1 1 1 1 1 1 1 1 1 1 1 1 1 1 1 1 1 1 1 1 1 1 1 1 1 1 1 1 1 1 1 1 1 1 1 1 1 1 1 1 1 1 1 1 1 1 1 1 1 1 1 1 1 1 1 1 1 1 1 1 1 1 1 1 1 1 1 1 1 1 1 1 1 1 1 1 1 1 1 1 1 1 1 1 1 1 1 1 1 1 1 1 1 1 1 1 1 1 1 1 1 1 1 1 1 1 1 1 1 1 1 1 1 1 1 1 1 1 1 1 1 1 1 1 1 1 1 1 1 1 1 1 1 1 1 1 1 1 1 1 1 1 1 1 1 1 1 1 1 1 1 1 1 1 1 1 1 1 1 1 1 1 1 1 1 1 1 1 1 1 1 1 1 1 1 1 1 1 1 1 1 1 1 1 1 1 1 1 1 1 1 1 1 1 1 1 1 1 1 1 1 1 1 1 1 1 1 1 1 1 1 1 1 1 1 1 1 1 1 1 1 1 1 1 1 1 1 1 1 1 1 1 1 1 1 1 1 1 1 1 1 1 1 1 1 1 1 1 1 1 1 1 1 1 1 1 1 1 1 1 1 1 1 1 1 1 1 1 1 1 1 1 1 1 1 1 1 1 1 1 1 1 1 1 1 1 1 1 1 1 1 1 1 1 1 1 1 1 1 1 1 1 1 1 1 1 1 1 1 1 1 1 1 1 1 1 1 1 1 1 1 1 1 1 1 1 1 1 1 1 1 1 1 1 1 1 1 1 1 1 1 1 1 1 1 1 1 1 1 1 1 1 1 1 1 1 1 1 1 1 1 1 1 1 1 1 1 1 1 1 1 1 1 1 1 1 1 1 1 1 1 1 1 1 1 1 1 1 1 1 1 1 1 1 1 1 1 1 1 1 1 1 1 1 1 1 1 1 1 1 1 1 1 1 1 1 1 1 1 1 1 1 1 1 1 1 1 1 1 1 1 1 1 1 1 1 1 1 1 1 1 1 1 1 1 1 1 1 1 1 1 1 1 1 1 1 1 1 1 1 1 1 1 1 1 1 1 1 1 1 1 1 1 1 1 1 1 1 1 1 1 1 1 1 1 1 1 1 1 1 1 1 1 1 1 1 1 1 1 1 1 1 1 1 1 1 1 1 1 1 1 1 1 1 1 1 1 1 1 1 1 1 1 1 1 1 1 1 1 1 1 1 1 1 1 1 1 1 1 1 1 1 1 1 1 1 1 1 1 1 1 1 1 1 1 1 1 1 1 1 1 1 1 1 1 1 1 1 1 1 1 1 1 1 1 1 1 1 1 1 1 1 1 1 1 1 1 1 1 1 1 1 1 1 1 1 1 1 1 1 1 1 1 1 1 1 1 1 1 1 1 1 1 1 1 1 1 1 1 1 1 1 1 1 1 1 1 1 1 1 1 1 1 1 1 1 1 1 1 1 1 1 1 1 1 1 1 1 1 1 1 1 1 1 1 1 1 1 1 1 1 1 1 1 1 1 1 1 1 1 1 1 1 1 1 1 1 1 1 1 1 1 1 1 1 1 1 1 1 1 1 1 1 1 1 1 1 1 1 1 1 1 1 1 1 1 1 1 1 1 1 1 1 1 1 1 1 1 1 1 1 1 1 1 1 1 1 1 1 1 1 1 1 1 1 1 1 1 1 1 1 1 1 1 1 1 1 1 1 1 1 1 1 1 1 1 1 1 1 1 1 1 1 1 1 1 1 1 1 1 1 1 1 1 1 1 1 1 1 1 1 1 1 1 1 1 1 1 1 1 1 1 1 1 1 1 1 1 1 1 1 1 1 1 1 1 1 1 1 1 1 1 1 1 1 1 1 1 1 1 1 1 1 1 1 1 1 1 1 1 1 1 1 1 1 1 1 1 1 1 1 1 1 1 1 1 1 1 1 1 1 1 1 1 1 1 1 1 1 1 1 1 1 1 1 1 1 1 1 1 1 1 1 1 1 1 1 1 1 1 1 1 1 1 1 1 1 1 1 1 1 1 1 1 1 1 1 1 1 1 1 1 1 1 1 1 1 1 1 1 1 1 1 1 1 1 1 1 1 1 1 1 1 1 1 1 1 1 1 1 1 1 1 1 1 1 1 1 1 1 1 1 1 1 1 1 1 1 1 1 1 1 1 1 1 1 1 1 1 1 1 1 1 1 1 1 1 1 1 1 1 1 1 1 1 1 1 1 1 1 1 1 1 1 1 1 1 1 1 1 1 1 1 1 1 1 1 1 1 1 1 1 1 1 1 1 1 1 1 1 1 1 1 1 1 1 1 1 1 1 1 1 1 1 1 1 1 1 1 1 1 1 1 1 1 1 1 1 1 1 1 1 1 1 1 1 1 1 1 1 1 1 1 1 1 1 1 1 1 1 1 1 1 1 1 1 1 1 1 1 1 1 1 1 1 1 1 1 1 1 1 1 1 1 1 1 1 1 1 1 1 1 1 1 1 1 1 1 1 1 1 1 1 1 1 1 1 1 1 1 1 1 1 1 1 1 1 1 1 1 1 1 1 1 1 1 1 1 1 1 1 1 1 1 1 1 1 1 1 1 1 1 1 1 1 1 1 1 1 1 1 1 1 1 1 1 1 1 1 1 1 1 1 1 1 1 1 1 1 1 1 1 1 1 1 1 1 1 1 1 1 1 1 1 1 1 1 1 1 1 1 1 1 1 1 1 1 1 1 1 1 1 1 1 1 1 1 1 1 1 1 1 1 1 1 1 1 1 1 1 1 1 1 1 1 1 1 1 1 1 1 1 1 1 1 1 1 1 1 1 1 1 1 1 1 1 1 1 1 1 1 1 1 1 1 1 1 1 1 1 1 1 1 1 1 1 1 1 1 1 1 1 1 1 1 1 1 1 1 1 1 1 1 1 1 1 1 1 1 1 1 1 1 1 1 1 1 1 1 1 1 1 1 1 1 1 1 1 1 1 1 1 1 1 1 1 1 1 1 1 1 1 1 1 1 1 1 1 1 1 1 1 1 1 1 1 1 1 1 1 1 1 1 1 1 1 1 1 1 1 1 1 1 1 1 1 1 1 1 1 1 1 1 1 1 1 1 1 1 1 1 1 1 1 1 1 1 1 1 1 1 1 1 1 1 1 1 1 1 1 1 1 1 1 1 1 1 1 1 1 1 1 1 1 1 1 1 1 1 1 1 1 1 1 1 1 1 1 1 1 1 1 1 1 1 1 1 1 1 1 1 1 1 1 1 1 1 1 1 1 1 1 1 1 1 1 1 1 1 1 1 1 1 1 1 1 1 1 1 1 1 1 1 1 1 1 1 1 1 1 1 1 1 1 1 1 1 1 1 1 1 1 1 1 1 1 1 1 1 1 1 1 1 1 1 1 1 1 1 1 1 1 1 1 1 1 1 1 1 1 1 1 1 1 1 1 1 1 1 1 1 1 1 1 1 1 1 1 1 1 1 1 1 1 1 1 1 1 1 1 1 1 1 1 1 1 1 1 1 1 1 1 1 1 1 1 1 1 1 1 1 1 1 1 1 1 1 1 1 1 1 1 1 1 1 1 1 1 1 1 1 1 1 1 1 1 1 1 1 1 1 1 1 1 1 1 1 1 1 1 1 1 1 1 1 1 1 1 1 1 1 1 1 1 1 1 1 1 1 1 1 1 1 1 1 1 1 1 1 1 1 1 1 1 1 1 1 1 1 1 1 1 1 1 1 1 1 1 1 1 1 1 1 1 1 1 1 1 1 1 1 1 1 1 1 1 1 1 1 1 1 1 1 1 1 1 1 1 1 1 1 1 1 1 1 1 1 1 1 1 1 1 1 1 1 1 1 1 1 1 1 1 1 1 1 1 1 1 1 1 1 1 1 1 1 1 1 1 1 1 1 1 1 1 1 1 1 1 1 1 1 1 1 1 1 1 1 1 1 1 1 1 1 1 1 1 1 1 1 1 1 1 1 1 1 1 1 1 1 1 1 1 1 1 1 1 1 1 1 1 1 1 1 1 1 1 1 1 1 1 1 1 1 1 1 1 1 1 1 1 1 1 1 1 1 1 1 1 1 1 1 1 1 1 1 1 1 1 1 1 1 1 1 1 1 1 1 1 1 1 1 1 1 1 1 1 1 1 1 1 1 1 1 1 1 1 1 1 1 1 1 1 1 1 1 1 1 1 1 1 1 1 1 1 1 1 1 1 1 1 1 1 1 1 1 1 1 1 1 1 1 1 1 1 1 1 1 1 1 1 1 1 1 1 1 1 1 1 1 1 1 1 1 1 1 1 1 1 1 1 1 1 1 1 1 1 1 1 1 1 1 1 1 1 1 1 1 1 1 1 1 1 1 1 1 1 1 1 1 1 1 1 1 1 1 1 1 1 1 1 1 1 1 1 1 1 1 1 1 1 1 1 1 1 1 1 1 1 1 1 1 1 1 1 1 1 1 1 1 1 1 1 1 1 1 1 1 1 1 1 1 1 1 1 1 1 1 1 1 1 1 1 1 1 1 1 1 1 1 1 1 1 1 1 1 1 1 1 1 1 1 1 1 1 1 1 1 1 1 1 1 1 1 1 1 1 1 1 1 1 1 1 1 1 1 1 1 1 1 1 1 1 1 1 1 1 1 1 1 1 1 1 1 1 1 1 1 1 1 1 1 1 1 1 1 1 1 1 1 1 1 1 1 1 1 1 1 1 1 1 1 1 1 1 1 1 1 1 1 1 1 1 1 1 1 1 1 1 1 1 1 1 1 1 1 1 1 1 1 1 1 1 1 1 1 1 1 1 1 1 1 1 1 1 1 1 1 1 1 1 1 1 1 1 1 1 1 1 1 1 1 1 1 1 1 1 1 1 1 1 1 1 1 1 1 1 1 1 1 1 1 1 1 1 1 1 1 1 1 1 1 1 1 1 1 1 1 1 1 1 1 1 1 1 1 1 1 1 1 1 1 1 1 1 1 1 1 1 1 1 1 1 1 1 1 1 1 1 1 1 1 1 1 1 1 1 1 1 1 1 1 1 1 1 1 1 1 1 1 1 1 1 1 1 1 1 1 1 1 1 1 1 1 1 1 1 1 1 1 1 1 1 1 1 1 1 1 1 1 1 1 1 1 1 1 1 1 1 1 1 1 1 1 1 1 1 1 1 1 1 1 1 1 1 1 1 1 1 1 1 1 1 1 1 1 1 1 1 1 1 1 1 1 1 1 1 1 1 1 1 1 1 1 1 1 1 1 1 1 1 1 1 1 1 1 1 1 1 1 1 1 1 1 1 1 1 1 1 1 1 1 1 1 1 1 1 1 1 1 1 1 1 1 1 1 1 1 1 1 1 1 1 1 1 1 1 1 1 1 1 1 1 1 1 1 1 1 1 1 1 1 1 1 1 1 1 1 1 1 1 1 1 1 1 1 1 1 1 1 1 1 1 1 1 1 1 1 1 1 1 1 1 1 1 1 1 1 1 1 1 1 1 1 1 1 1 1 1 1 1 1 1 1 1 1 1 1 1 1 1 1 1 1 1 1 1 1 1 1 1 1 1 1 1 1 1 1 1 1 1 1 1 1 1 1 1 1 1 1 1 1 1 1 1 1 1 1 1 1 1 1 1 1 1 1 1 1 1 1 1 1 1 1 1 1 1 1 1 1 1 1 1 1 1 1 1 1 1 1 1 1 1 1 1 1 1 1 1 1 1 1 1 1 1 1 1 1 1 1 1 1 1 1 1 1 1 1 1 1 1 1 1 1 1 1 1 1 1 1 1 1 1 1 1 1 1 1 1 1 1 1 1 1 1 1 1 1 1 1 1 1 1 1 1 1 1 1 1 1 1 1 1 1 1 1 1 1 1 1 1 1 1 1 1 1 1 1 1 1 1 1 1 1 1 1 1 1 1 1 1 1 1 1 1 1 1 1 1 1 1 1 1 1 1 1 1 1 1 1 1 1 1 1 1 1 1 1 1 1 1 1 1 1 1 1 1 1 1 
				</DataArray>
				<DataArray type="Float64" Name="E_c" NumberOfComponents="1" format="ascii" >
2e+11 2e+11 2e+11 2e+11 2e+11 2e+11 2e+11 2e+11 2e+11 2e+11 2e+11 2e+11 2e+11 2e+11 2e+11 2e+11 2e+11 2e+11 2e+11 2e+11 2e+11 2e+11 2e+11 2e+11 2e+11 2e+11 2e+11 2e+11 2e+11 2e+11 2e+11 2e+11 2e+11 2e+11 2e+11 2e+11 2e+11 2e+11 2e+11 2e+11 2e+11 2e+11 2e+11 2e+11 2e+11 2e+11 2e+11 2e+11 2e+11 2e+11 2e+11 2e+11 2e+11 2e+11 2e+11 2e+11 2e+11 2e+11 2e+11 2e+11 2e+11 2e+11 2e+11 2e+11 2e+11 2e+11 2e+11 2e+11 2e+11 2e+11 2e+11 2e+11 2e+11 2e+11 2e+11 2e+11 2e+11 2e+11 2e+11 2e+11 2e+11 2e+11 2e+11 2e+11 2e+11 2e+11 2e+11 2e+11 2e+11 2e+11 2e+11 2e+11 2e+11 2e+11 2e+11 2e+11 2e+11 2e+11 2e+11 2e+11 2e+11 2e+11 2e+11 2e+11 2e+11 2e+11 2e+11 2e+11 2e+11 2e+11 2e+11 2e+11 2e+11 2e+11 2e+11 2e+11 2e+11 2e+11 2e+11 2e+11 2e+11 2e+11 2e+11 2e+11 2e+11 2e+11 2e+11 2e+11 2e+11 2e+11 2e+11 2e+11 2e+11 2e+11 2e+11 2e+11 2e+11 2e+11 2e+11 2e+11 2e+11 2e+11 2e+11 2e+11 2e+11 2e+11 2e+11 2e+11 2e+11 2e+11 2e+11 2e+11 2e+11 2e+11 2e+11 2e+11 2e+11 2e+11 2e+11 2e+11 2e+11 2e+11 2e+11 2e+11 2e+11 2e+11 2e+11 2e+11 2e+11 2e+11 2e+11 2e+11 2e+11 2e+11 2e+11 2e+11 2e+11 2e+11 2e+11 2e+11 2e+11 2e+11 2e+11 2e+11 2e+11 2e+11 2e+11 2e+11 2e+11 2e+11 2e+11 2e+11 2e+11 2e+11 2e+11 2e+11 2e+11 2e+11 2e+11 2e+11 2e+11 2e+11 2e+11 2e+11 2e+11 2e+11 2e+11 2e+11 2e+11 2e+11 2e+11 2e+11 2e+11 2e+11 2e+11 2e+11 2e+11 2e+11 2e+11 2e+11 2e+11 2e+11 2e+11 2e+11 2e+11 2e+11 2e+11 2e+11 2e+11 2e+11 2e+11 2e+11 2e+11 2e+11 2e+11 2e+11 2e+11 2e+11 2e+11 2e+11 2e+11 2e+11 2e+11 2e+11 2e+11 2e+11 2e+11 2e+11 2e+11 2e+11 2e+11 2e+11 2e+11 2e+11 2e+11 2e+11 2e+11 2e+11 2e+11 2e+11 2e+11 2e+11 2e+11 2e+11 2e+11 2e+11 2e+11 2e+11 2e+11 2e+11 2e+11 2e+11 2e+11 2e+11 2e+11 2e+11 2e+11 2e+11 2e+11 2e+11 2e+11 2e+11 2e+11 2e+11 2e+11 2e+11 2e+11 2e+11 2e+11 2e+11 2e+11 2e+11 2e+11 2e+11 2e+11 2e+11 2e+11 2e+11 2e+11 2e+11 2e+11 2e+11 2e+11 2e+11 2e+11 2e+11 2e+11 2e+11 2e+11 2e+11 2e+11 2e+11 2e+11 2e+11 2e+11 2e+11 2e+11 2e+11 2e+11 2e+11 2e+11 2e+11 2e+11 2e+11 2e+11 2e+11 2e+11 2e+11 2e+11 2e+11 2e+11 2e+11 2e+11 2e+11 2e+11 2e+11 2e+11 2e+11 2e+11 2e+11 2e+11 2e+11 2e+11 2e+11 2e+11 2e+11 2e+11 2e+11 2e+11 2e+11 2e+11 2e+11 2e+11 2e+11 2e+11 2e+11 2e+11 2e+11 2e+11 2e+11 2e+11 2e+11 2e+11 2e+11 2e+11 2e+11 2e+11 2e+11 2e+11 2e+11 2e+11 2e+11 2e+11 2e+11 2e+11 2e+11 2e+11 2e+11 2e+11 2e+11 2e+11 2e+11 2e+11 2e+11 2e+11 2e+11 2e+11 2e+11 2e+11 2e+11 2e+11 2e+11 2e+11 2e+11 2e+11 2e+11 2e+11 2e+11 2e+11 2e+11 2e+11 2e+11 2e+11 2e+11 2e+11 2e+11 2e+11 2e+11 2e+11 2e+11 2e+11 2e+11 2e+11 2e+11 2e+11 2e+11 2e+11 2e+11 2e+11 2e+11 2e+11 2e+11 2e+11 2e+11 2e+11 2e+11 2e+11 2e+11 2e+11 2e+11 2e+11 2e+11 2e+11 2e+11 2e+11 2e+11 2e+11 2e+11 2e+11 2e+11 2e+11 2e+11 2e+11 2e+11 2e+11 2e+11 2e+11 2e+11 2e+11 2e+11 2e+11 2e+11 2e+11 2e+11 2e+11 2e+11 2e+11 2e+11 2e+11 2e+11 2e+11 2e+11 2e+11 2e+11 2e+11 2e+11 2e+11 2e+11 2e+11 2e+11 2e+11 2e+11 2e+11 2e+11 2e+11 2e+11 2e+11 2e+11 2e+11 2e+11 2e+11 2e+11 2e+11 2e+11 2e+11 2e+11 2e+11 2e+11 2e+11 2e+11 2e+11 2e+11 2e+11 2e+11 2e+11 2e+11 2e+11 2e+11 2e+11 2e+11 2e+11 2e+11 2e+11 2e+11 2e+11 2e+11 2e+11 2e+11 2e+11 2e+11 2e+11 2e+11 2e+11 2e+11 2e+11 2e+11 2e+11 2e+11 2e+11 2e+11 2e+11 2e+11 2e+11 2e+11 2e+11 2e+11 2e+11 2e+11 2e+11 2e+11 2e+11 2e+11 2e+11 2e+11 2e+11 2e+11 2e+11 2e+11 2e+11 2e+11 2e+11 2e+11 2e+11 2e+11 2e+11 2e+11 2e+11 2e+11 2e+11 2e+11 2e+11 2e+11 2e+11 2e+11 2e+11 2e+11 2e+11 2e+11 2e+11 2e+11 2e+11 2e+11 2e+11 2e+11 2e+11 2e+11 2e+11 2e+11 2e+11 2e+11 2e+11 2e+11 2e+11 2e+11 2e+11 2e+11 2e+11 2e+11 2e+11 2e+11 2e+11 2e+11 2e+11 2e+11 2e+11 2e+11 2e+11 2e+11 2e+11 2e+11 2e+11 2e+11 2e+11 2e+11 2e+11 2e+11 2e+11 2e+11 2e+11 2e+11 2e+11 2e+11 2e+11 2e+11 2e+11 2e+11 2e+11 2e+11 2e+11 2e+11 2e+11 2e+11 2e+11 2e+11 2e+11 2e+11 2e+11 2e+11 2e+11 2e+11 2e+11 2e+11 2e+11 2e+11 2e+11 2e+11 2e+11 2e+11 2e+11 2e+11 2e+11 2e+11 2e+11 2e+11 2e+11 2e+11 2e+11 2e+11 2e+11 2e+11 2e+11 2e+11 2e+11 2e+11 2e+11 2e+11 2e+11 2e+11 2e+11 2e+11 2e+11 2e+11 2e+11 2e+11 2e+11 2e+11 2e+11 2e+11 2e+11 2e+11 2e+11 2e+11 2e+11 2e+11 2e+11 2e+11 2e+11 2e+11 2e+11 2e+11 2e+11 2e+11 2e+11 2e+11 2e+11 2e+11 2e+11 2e+11 2e+11 2e+11 2e+11 2e+11 2e+11 2e+11 2e+11 2e+11 2e+11 2e+11 2e+11 2e+11 2e+11 2e+11 2e+11 2e+11 2e+11 2e+11 2e+11 2e+11 2e+11 2e+11 2e+11 2e+11 2e+11 2e+11 2e+11 2e+11 2e+11 2e+11 2e+11 2e+11 2e+11 2e+11 2e+11 2e+11 2e+11 2e+11 2e+11 2e+11 2e+11 2e+11 2e+11 2e+11 2e+11 2e+11 2e+11 2e+11 2e+11 2e+11 2e+11 2e+11 2e+11 2e+11 2e+11 2e+11 2e+11 2e+11 2e+11 2e+11 2e+11 2e+11 2e+11 2e+11 2e+11 2e+11 2e+11 2e+11 2e+11 2e+11 2e+11 2e+11 2e+11 2e+11 2e+11 2e+11 2e+11 2e+11 2e+11 2e+11 2e+11 2e+11 2e+11 2e+11 2e+11 2e+11 2e+11 2e+11 2e+11 2e+11 2e+11 2e+11 2e+11 2e+11 2e+11 2e+11 2e+11 2e+11 2e+11 2e+11 2e+11 2e+11 2e+11 2e+11 2e+11 2e+11 2e+11 2e+11 2e+11 2e+11 2e+11 2e+11 2e+11 2e+11 2e+11 2e+11 2e+11 2e+11 2e+11 2e+11 2e+11 2e+11 2e+11 2e+11 2e+11 2e+11 2e+11 2e+11 2e+11 2e+11 2e+11 2e+11 2e+11 2e+11 2e+11 2e+11 2e+11 2e+11 2e+11 2e+11 2e+11 2e+11 2e+11 2e+11 2e+11 2e+11 2e+11 2e+11 2e+11 2e+11 2e+11 2e+11 2e+11 2e+11 2e+11 2e+11 2e+11 2e+11 2e+11 2e+11 2e+11 2e+11 2e+11 2e+11 2e+11 2e+11 2e+11 2e+11 2e+11 2e+11 2e+11 2e+11 2e+11 2e+11 2e+11 2e+11 2e+11 2e+11 2e+11 2e+11 2e+11 2e+11 2e+11 2e+11 2e+11 2e+11 2e+11 2e+11 2e+11 2e+11 2e+11 2e+11 2e+11 2e+11 2e+11 2e+11 2e+11 2e+11 2e+11 2e+11 2e+11 2e+11 2e+11 2e+11 2e+11 2e+11 2e+11 2e+11 2e+11 2e+11 2e+11 2e+11 2e+11 2e+11 2e+11 2e+11 2e+11 2e+11 2e+11 2e+11 2e+11 2e+11 2e+11 2e+11 2e+11 2e+11 2e+11 2e+11 2e+11 2e+11 2e+11 2e+11 2e+11 2e+11 2e+11 2e+11 2e+11 2e+11 2e+11 2e+11 2e+11 2e+11 2e+11 2e+11 2e+11 2e+11 2e+11 2e+11 2e+11 2e+11 2e+11 2e+11 2e+11 2e+11 2e+11 2e+11 2e+11 2e+11 2e+11 2e+11 2e+11 2e+11 2e+11 2e+11 2e+11 2e+11 2e+11 2e+11 2e+11 2e+11 2e+11 2e+11 2e+11 2e+11 2e+11 2e+11 2e+11 2e+11 2e+11 2e+11 2e+11 2e+11 2e+11 2e+11 2e+11 2e+11 2e+11 2e+11 2e+11 2e+11 2e+11 2e+11 2e+11 2e+11 2e+11 2e+11 2e+11 2e+11 2e+11 2e+11 2e+11 2e+11 2e+11 2e+11 2e+11 2e+11 2e+11 2e+11 2e+11 2e+11 2e+11 2e+11 2e+11 2e+11 2e+11 2e+11 2e+11 2e+11 2e+11 2e+11 2e+11 2e+11 2e+11 2e+11 2e+11 2e+11 2e+11 2e+11 2e+11 2e+11 2e+11 2e+11 2e+11 2e+11 2e+11 2e+11 2e+11 2e+11 2e+11 2e+11 2e+11 2e+11 2e+11 2e+11 2e+11 2e+11 2e+11 2e+11 2e+11 2e+11 2e+11 2e+11 2e+11 2e+11 2e+11 2e+11 2e+11 2e+11 2e+11 2e+11 2e+11 2e+11 2e+11 2e+11 2e+11 2e+11 2e+11 2e+11 2e+11 2e+11 2e+11 2e+11 2e+11 2e+11 2e+11 2e+11 2e+11 2e+11 2e+11 2e+11 2e+11 2e+11 2e+11 2e+11 2e+11 2e+11 2e+11 2e+11 2e+11 2e+11 2e+11 2e+11 2e+11 2e+11 2e+11 2e+11 2e+11 2e+11 2e+11 2e+11 2e+11 2e+11 2e+11 2e+11 2e+11 2e+11 2e+11 2e+11 2e+11 2e+11 2e+11 2e+11 2e+11 2e+11 2e+11 2e+11 2e+11 2e+11 2e+11 2e+11 2e+11 2e+11 2e+11 2e+11 2e+11 2e+11 2e+11 2e+11 2e+11 2e+11 2e+11 2e+11 2e+11 2e+11 2e+11 2e+11 2e+11 2e+11 2e+11 2e+11 2e+11 2e+11 2e+11 2e+11 2e+11 2e+11 2e+11 2e+11 2e+11 2e+11 2e+11 2e+11 2e+11 2e+11 2e+11 2e+11 2e+11 2e+11 2e+11 2e+11 2e+11 2e+11 2e+11 2e+11 2e+11 2e+11 2e+11 2e+11 2e+11 2e+11 2e+11 2e+11 2e+11 2e+11 2e+11 2e+11 2e+11 2e+11 2e+11 2e+11 2e+11 2e+11 2e+11 2e+11 2e+11 2e+11 2e+11 2e+11 2e+11 2e+11 2e+11 2e+11 2e+11 2e+11 2e+11 2e+11 2e+11 2e+11 2e+11 2e+11 2e+11 2e+11 2e+11 2e+11 2e+11 2e+11 2e+11 2e+11 2e+11 2e+11 2e+11 2e+11 2e+11 2e+11 2e+11 2e+11 2e+11 2e+11 2e+11 2e+11 2e+11 2e+11 2e+11 2e+11 2e+11 2e+11 2e+11 2e+11 2e+11 2e+11 2e+11 2e+11 2e+11 2e+11 2e+11 2e+11 2e+11 2e+11 2e+11 2e+11 2e+11 2e+11 2e+11 2e+11 2e+11 2e+11 2e+11 2e+11 2e+11 2e+11 2e+11 2e+11 2e+11 2e+11 2e+11 2e+11 2e+11 2e+11 2e+11 2e+11 2e+11 2e+11 2e+11 2e+11 2e+11 2e+11 2e+11 2e+11 2e+11 2e+11 2e+11 2e+11 2e+11 2e+11 2e+11 2e+11 2e+11 2e+11 2e+11 2e+11 2e+11 2e+11 2e+11 2e+11 2e+11 2e+11 2e+11 2e+11 2e+11 2e+11 2e+11 2e+11 2e+11 2e+11 2e+11 2e+11 2e+11 2e+11 2e+11 2e+11 2e+11 2e+11 2e+11 2e+11 2e+11 2e+11 2e+11 2e+11 2e+11 2e+11 2e+11 2e+11 2e+11 2e+11 2e+11 2e+11 2e+11 2e+11 2e+11 2e+11 2e+11 2e+11 2e+11 2e+11 2e+11 2e+11 2e+11 2e+11 2e+11 2e+11 2e+11 2e+11 2e+11 2e+11 2e+11 2e+11 2e+11 2e+11 2e+11 2e+11 2e+11 2e+11 2e+11 2e+11 2e+11 2e+11 2e+11 2e+11 2e+11 2e+11 2e+11 2e+11 2e+11 2e+11 2e+11 2e+11 2e+11 2e+11 2e+11 2e+11 2e+11 2e+11 2e+11 2e+11 2e+11 2e+11 2e+11 2e+11 2e+11 2e+11 2e+11 2e+11 2e+11 2e+11 2e+11 2e+11 2e+11 2e+11 2e+11 2e+11 2e+11 2e+11 2e+11 2e+11 2e+11 2e+11 2e+11 2e+11 2e+11 2e+11 2e+11 2e+11 2e+11 2e+11 2e+11 2e+11 2e+11 2e+11 2e+11 2e+11 2e+11 2e+11 2e+11 2e+11 2e+11 2e+11 2e+11 2e+11 2e+11 2e+11 2e+11 2e+11 2e+11 2e+11 2e+11 2e+11 2e+11 2e+11 2e+11 2e+11 2e+11 2e+11 2e+11 2e+11 2e+11 2e+11 2e+11 2e+11 2e+11 2e+11 2e+11 2e+11 2e+11 2e+11 2e+11 2e+11 2e+11 2e+11 2e+11 2e+11 2e+11 2e+11 2e+11 2e+11 2e+11 2e+11 2e+11 2e+11 2e+11 2e+11 2e+11 2e+11 2e+11 2e+11 2e+11 2e+11 2e+11 2e+11 2e+11 2e+11 2e+11 2e+11 2e+11 2e+11 2e+11 2e+11 2e+11 2e+11 2e+11 2e+11 2e+11 2e+11 2e+11 2e+11 2e+11 2e+11 2e+11 2e+11 2e+11 2e+11 2e+11 2e+11 2e+11 2e+11 2e+11 2e+11 2e+11 2e+11 2e+11 2e+11 2e+11 2e+11 2e+11 2e+11 2e+11 2e+11 2e+11 2e+11 2e+11 2e+11 2e+11 2e+11 2e+11 2e+11 2e+11 2e+11 2e+11 2e+11 2e+11 2e+11 2e+11 2e+11 2e+11 2e+11 2e+11 2e+11 2e+11 2e+11 2e+11 2e+11 2e+11 2e+11 2e+11 2e+11 2e+11 2e+11 2e+11 2e+11 2e+11 2e+11 2e+11 2e+11 2e+11 2e+11 2e+11 2e+11 2e+11 2e+11 2e+11 2e+11 2e+11 2e+11 2e+11 2e+11 2e+11 2e+11 2e+11 2e+11 2e+11 2e+11 2e+11 2e+11 2e+11 2e+11 2e+11 2e+11 2e+11 2e+11 2e+11 2e+11 2e+11 2e+11 2e+11 2e+11 2e+11 2e+11 2e+11 2e+11 2e+11 2e+11 2e+11 2e+11 2e+11 2e+11 2e+11 2e+11 2e+11 2e+11 2e+11 2e+11 2e+11 2e+11 2e+11 2e+11 2e+11 2e+11 2e+11 2e+11 2e+11 2e+11 2e+11 2e+11 2e+11 2e+11 2e+11 2e+11 2e+11 2e+11 2e+11 2e+11 2e+11 2e+11 2e+11 2e+11 2e+11 2e+11 2e+11 2e+11 2e+11 2e+11 2e+11 2e+11 2e+11 2e+11 2e+11 2e+11 2e+11 2e+11 2e+11 2e+11 2e+11 2e+11 2e+11 2e+11 2e+11 2e+11 2e+11 2e+11 2e+11 2e+11 2e+11 2e+11 2e+11 2e+11 2e+11 2e+11 2e+11 2e+11 2e+11 2e+11 2e+11 2e+11 2e+11 2e+11 2e+11 2e+11 2e+11 2e+11 2e+11 2e+11 2e+11 2e+11 2e+11 2e+11 2e+11 2e+11 2e+11 2e+11 2e+11 2e+11 2e+11 2e+11 2e+11 2e+11 2e+11 2e+11 2e+11 2e+11 2e+11 2e+11 2e+11 2e+11 2e+11 2e+11 2e+11 2e+11 2e+11 2e+11 2e+11 2e+11 2e+11 2e+11 2e+11 2e+11 2e+11 2e+11 2e+11 2e+11 2e+11 2e+11 2e+11 2e+11 2e+11 2e+11 2e+11 2e+11 2e+11 2e+11 2e+11 2e+11 2e+11 2e+11 2e+11 2e+11 2e+11 2e+11 2e+11 2e+11 2e+11 2e+11 2e+11 2e+11 2e+11 2e+11 2e+11 2e+11 2e+11 2e+11 2e+11 2e+11 2e+11 2e+11 2e+11 2e+11 2e+11 2e+11 2e+11 2e+11 2e+11 2e+11 2e+11 2e+11 2e+11 2e+11 2e+11 2e+11 2e+11 2e+11 2e+11 2e+11 2e+11 2e+11 2e+11 2e+11 2e+11 2e+11 2e+11 2e+11 2e+11 2e+11 2e+11 2e+11 2e+11 2e+11 2e+11 2e+11 2e+11 2e+11 2e+11 2e+11 2e+11 2e+11 2e+11 2e+11 2e+11 2e+11 2e+11 2e+11 2e+11 2e+11 2e+11 2e+11 2e+11 2e+11 2e+11 2e+11 2e+11 2e+11 2e+11 2e+11 2e+11 2e+11 2e+11 2e+11 2e+11 2e+11 2e+11 2e+11 2e+11 2e+11 2e+11 2e+11 2e+11 2e+11 2e+11 2e+11 2e+11 2e+11 2e+11 2e+11 2e+11 2e+11 2e+11 2e+11 2e+11 2e+11 2e+11 2e+11 2e+11 2e+11 2e+11 2e+11 2e+11 2e+11 2e+11 2e+11 2e+11 2e+11 2e+11 2e+11 2e+11 2e+11 2e+11 2e+11 2e+11 2e+11 2e+11 2e+11 2e+11 2e+11 2e+11 2e+11 2e+11 2e+11 2e+11 2e+11 2e+11 2e+11 2e+11 2e+11 2e+11 2e+11 2e+11 2e+11 2e+11 2e+11 2e+11 2e+11 2e+11 2e+11 2e+11 2e+11 2e+11 2e+11 2e+11 2e+11 2e+11 2e+11 2e+11 2e+11 2e+11 2e+11 2e+11 2e+11 2e+11 2e+11 2e+11 2e+11 2e+11 2e+11 2e+11 2e+11 2e+11 2e+11 2e+11 2e+11 2e+11 2e+11 2e+11 2e+11 2e+11 2e+11 2e+11 2e+11 2e+11 2e+11 2e+11 2e+11 2e+11 2e+11 2e+11 2e+11 2e+11 2e+11 2e+11 2e+11 2e+11 2e+11 2e+11 2e+11 2e+11 2e+11 2e+11 2e+11 2e+11 2e+11 2e+11 2e+11 2e+11 2e+11 2e+11 2e+11 2e+11 2e+11 2e+11 2e+11 2e+11 2e+11 2e+11 2e+11 2e+11 2e+11 2e+11 2e+11 2e+11 2e+11 2e+11 2e+11 2e+11 2e+11 2e+11 2e+11 2e+11 2e+11 2e+11 2e+11 2e+11 2e+11 2e+11 2e+11 2e+11 2e+11 2e+11 2e+11 2e+11 2e+11 2e+11 2e+11 2e+11 2e+11 2e+11 2e+11 2e+11 2e+11 2e+11 2e+11 2e+11 2e+11 2e+11 2e+11 2e+11 2e+11 2e+11 2e+11 2e+11 2e+11 2e+11 2e+11 2e+11 2e+11 2e+11 2e+11 2e+11 2e+11 2e+11 2e+11 2e+11 2e+11 2e+11 2e+11 2e+11 2e+11 2e+11 2e+11 2e+11 2e+11 2e+11 2e+11 2e+11 2e+11 2e+11 2e+11 2e+11 2e+11 2e+11 2e+11 2e+11 2e+11 2e+11 2e+11 2e+11 2e+11 2e+11 2e+11 2e+11 2e+11 2e+11 2e+11 2e+11 2e+11 2e+11 2e+11 2e+11 2e+11 2e+11 2e+11 2e+11 2e+11 2e+11 2e+11 2e+11 2e+11 2e+11 2e+11 2e+11 2e+11 2e+11 2e+11 2e+11 2e+11 2e+11 2e+11 2e+11 2e+11 2e+11 2e+11 2e+11 2e+11 2e+11 2e+11 2e+11 2e+11 2e+11 2e+11 2e+11 2e+11 2e+11 2e+11 2e+11 2e+11 2e+11 2e+11 2e+11 2e+11 2e+11 2e+11 2e+11 2e+11 2e+11 2e+11 2e+11 2e+11 2e+11 2e+11 2e+11 2e+11 2e+11 2e+11 2e+11 2e+11 2e+11 2e+11 2e+11 2e+11 2e+11 2e+11 2e+11 2e+11 2e+11 2e+11 2e+11 2e+11 2e+11 2e+11 2e+11 2e+11 2e+11 2e+11 2e+11 2e+11 2e+11 2e+11 2e+11 2e+11 2e+11 2e+11 2e+11 2e+11 2e+11 2e+11 2e+11 2e+11 2e+11 2e+11 2e+11 2e+11 2e+11 2e+11 2e+11 2e+11 2e+11 2e+11 2e+11 2e+11 2e+11 2e+11 2e+11 2e+11 2e+11 2e+11 2e+11 2e+11 2e+11 2e+11 2e+11 2e+11 2e+11 2e+11 2e+11 2e+11 2e+11 2e+11 2e+11 2e+11 2e+11 2e+11 2e+11 2e+11 2e+11 2e+11 2e+11 2e+11 2e+11 2e+11 2e+11 2e+11 2e+11 2e+11 2e+11 2e+11 2e+11 2e+11 2e+11 2e+11 2e+11 2e+11 2e+11 2e+11 2e+11 2e+11 2e+11 2e+11 2e+11 2e+11 2e+11 2e+11 2e+11 2e+11 2e+11 2e+11 2e+11 2e+11 2e+11 2e+11 2e+11 2e+11 2e+11 2e+11 2e+11 2e+11 2e+11 2e+11 2e+11 2e+11 2e+11 2e+11 2e+11 2e+11 2e+11 2e+11 2e+11 2e+11 2e+11 2e+11 2e+11 2e+11 2e+11 2e+11 2e+11 2e+11 2e+11 2e+11 2e+11 2e+11 2e+11 2e+11 2e+11 2e+11 2e+11 2e+11 2e+11 2e+11 2e+11 2e+11 2e+11 2e+11 2e+11 2e+11 2e+11 2e+11 2e+11 2e+11 2e+11 2e+11 2e+11 2e+11 2e+11 2e+11 2e+11 2e+11 2e+11 2e+11 2e+11 2e+11 2e+11 2e+11 2e+11 2e+11 2e+11 2e+11 2e+11 2e+11 2e+11 2e+11 2e+11 2e+11 2e+11 2e+11 2e+11 2e+11 2e+11 2e+11 2e+11 2e+11 2e+11 2e+11 2e+11 2e+11 2e+11 2e+11 2e+11 2e+11 2e+11 2e+11 2e+11 2e+11 2e+11 2e+11 2e+11 2e+11 2e+11 2e+11 2e+11 2e+11 2e+11 2e+11 2e+11 2e+11 2e+11 2e+11 2e+11 2e+11 2e+11 2e+11 2e+11 2e+11 2e+11 2e+11 2e+11 2e+11 2e+11 2e+11 2e+11 2e+11 2e+11 2e+11 2e+11 2e+11 2e+11 2e+11 2e+11 2e+11 2e+11 2e+11 2e+11 2e+11 2e+11 2e+11 2e+11 2e+11 2e+11 2e+11 2e+11 2e+11 2e+11 2e+11 2e+11 2e+11 2e+11 2e+11 2e+11 2e+11 2e+11 2e+11 2e+11 2e+11 2e+11 2e+11 2e+11 2e+11 2e+11 2e+11 2e+11 2e+11 2e+11 2e+11 2e+11 2e+11 2e+11 2e+11 2e+11 2e+11 2e+11 2e+11 2e+11 2e+11 2e+11 2e+11 2e+11 2e+11 2e+11 2e+11 2e+11 2e+11 2e+11 2e+11 2e+11 2e+11 2e+11 2e+11 2e+11 2e+11 2e+11 2e+11 2e+11 2e+11 2e+11 2e+11 2e+11 2e+11 2e+11 2e+11 2e+11 2e+11 2e+11 2e+11 2e+11 2e+11 2e+11 2e+11 2e+11 2e+11 2e+11 2e+11 2e+11 2e+11 2e+11 2e+11 2e+11 2e+11 2e+11 2e+11 2e+11 2e+11 2e+11 2e+11 2e+11 2e+11 2e+11 2e+11 2e+11 2e+11 2e+11 2e+11 2e+11 2e+11 2e+11 2e+11 2e+11 2e+11 2e+11 2e+11 2e+11 2e+11 2e+11 2e+11 2e+11 2e+11 2e+11 2e+11 2e+11 2e+11 2e+11 2e+11 2e+11 2e+11 2e+11 2e+11 2e+11 2e+11 2e+11 2e+11 2e+11 2e+11 2e+11 2e+11 2e+11 2e+11 2e+11 2e+11 2e+11 2e+11 2e+11 2e+11 2e+11 2e+11 2e+11 2e+11 2e+11 2e+11 2e+11 2e+11 2e+11 2e+11 2e+11 2e+11 2e+11 2e+11 2e+11 2e+11 2e+11 2e+11 2e+11 2e+11 2e+11 2e+11 2e+11 2e+11 2e+11 2e+11 2e+11 2e+11 2e+11 2e+11 2e+11 2e+11 2e+11 2e+11 2e+11 2e+11 2e+11 2e+11 2e+11 2e+11 2e+11 2e+11 2e+11 2e+11 2e+11 2e+11 2e+11 2e+11 2e+11 2e+11 2e+11 2e+11 2e+11 2e+11 2e+11 2e+11 2e+11 2e+11 2e+11 2e+11 2e+11 2e+11 2e+11 2e+11 2e+11 2e+11 2e+11 2e+11 2e+11 2e+11 2e+11 2e+11 2e+11 2e+11 2e+11 2e+11 2e+11 2e+11 2e+11 2e+11 2e+11 2e+11 2e+11 2e+11 2e+11 2e+11 2e+11 2e+11 2e+11 2e+11 2e+11 2e+11 2e+11 2e+11 2e+11 2e+11 2e+11 2e+11 2e+11 2e+11 2e+11 2e+11 2e+11 2e+11 2e+11 2e+11 2e+11 2e+11 2e+11 2e+11 2e+11 2e+11 2e+11 2e+11 2e+11 2e+11 2e+11 2e+11 2e+11 2e+11 2e+11 2e+11 2e+11 2e+11 2e+11 2e+11 2e+11 2e+11 2e+11 2e+11 2e+11 2e+11 2e+11 2e+11 2e+11 2e+11 2e+11 2e+11 2e+11 2e+11 2e+11 2e+11 2e+11 2e+11 2e+11 2e+11 2e+11 2e+11 2e+11 2e+11 2e+11 2e+11 2e+11 2e+11 2e+11 2e+11 2e+11 2e+11 2e+11 2e+11 2e+11 2e+11 2e+11 2e+11 2e+11 2e+11 2e+11 2e+11 2e+11 2e+11 2e+11 2e+11 2e+11 2e+11 2e+11 2e+11 2e+11 2e+11 2e+11 2e+11 2e+11 2e+11 2e+11 2e+11 2e+11 2e+11 2e+11 2e+11 2e+11 2e+11 2e+11 2e+11 2e+11 2e+11 2e+11 2e+11 2e+11 2e+11 2e+11 2e+11 2e+11 2e+11 2e+11 2e+11 2e+11 2e+11 2e+11 2e+11 2e+11 2e+11 2e+11 2e+11 2e+11 2e+11 2e+11 2e+11 2e+11 2e+11 2e+11 2e+11 2e+11 2e+11 2e+11 2e+11 2e+11 2e+11 2e+11 2e+11 2e+11 2e+11 2e+11 2e+11 2e+11 2e+11 2e+11 2e+11 2e+11 2e+11 2e+11 2e+11 2e+11 2e+11 2e+11 2e+11 2e+11 2e+11 2e+11 2e+11 2e+11 2e+11 2e+11 2e+11 2e+11 2e+11 2e+11 2e+11 2e+11 2e+11 2e+11 2e+11 2e+11 2e+11 2e+11 2e+11 2e+11 2e+11 2e+11 2e+11 2e+11 2e+11 2e+11 2e+11 2e+11 2e+11 2e+11 2e+11 2e+11 2e+11 2e+11 2e+11 2e+11 2e+11 2e+11 2e+11 2e+11 2e+11 2e+11 2e+11 2e+11 2e+11 2e+11 2e+11 2e+11 2e+11 2e+11 2e+11 2e+11 2e+11 2e+11 2e+11 2e+11 2e+11 2e+11 2e+11 2e+11 2e+11 2e+11 2e+11 2e+11 2e+11 2e+11 2e+11 2e+11 2e+11 2e+11 2e+11 2e+11 2e+11 2e+11 2e+11 2e+11 2e+11 2e+11 2e+11 2e+11 2e+11 2e+11 2e+11 2e+11 2e+11 2e+11 2e+11 2e+11 2e+11 2e+11 2e+11 2e+11 2e+11 2e+11 2e+11 2e+11 2e+11 2e+11 2e+11 2e+11 2e+11 2e+11 2e+11 2e+11 2e+11 2e+11 2e+11 2e+11 2e+11 2e+11 2e+11 2e+11 2e+11 2e+11 2e+11 2e+11 2e+11 2e+11 2e+11 2e+11 2e+11 2e+11 2e+11 2e+11 2e+11 2e+11 2e+11 2e+11 2e+11 2e+11 2e+11 2e+11 2e+11 2e+11 2e+11 2e+11 2e+11 2e+11 2e+11 2e+11 2e+11 2e+11 2e+11 2e+11 2e+11 2e+11 2e+11 2e+11 2e+11 2e+11 2e+11 2e+11 2e+11 2e+11 2e+11 2e+11 2e+11 2e+11 2e+11 2e+11 2e+11 2e+11 2e+11 2e+11 2e+11 2e+11 2e+11 2e+11 2e+11 2e+11 2e+11 2e+11 2e+11 2e+11 2e+11 2e+11 2e+11 2e+11 2e+11 2e+11 2e+11 2e+11 2e+11 2e+11 2e+11 2e+11 2e+11 2e+11 2e+11 2e+11 2e+11 2e+11 2e+11 2e+11 2e+11 2e+11 2e+11 2e+11 2e+11 2e+11 2e+11 2e+11 2e+11 2e+11 2e+11 2e+11 2e+11 2e+11 2e+11 2e+11 2e+11 2e+11 2e+11 2e+11 2e+11 2e+11 2e+11 2e+11 2e+11 2e+11 2e+11 2e+11 2e+11 2e+11 2e+11 2e+11 2e+11 2e+11 2e+11 2e+11 2e+11 2e+11 2e+11 2e+11 2e+11 2e+11 2e+11 2e+11 2e+11 2e+11 2e+11 2e+11 2e+11 2e+11 2e+11 2e+11 2e+11 2e+11 2e+11 2e+11 2e+11 2e+11 2e+11 2e+11 2e+11 2e+11 2e+11 2e+11 2e+11 2e+11 2e+11 2e+11 2e+11 2e+11 2e+11 2e+11 2e+11 2e+11 2e+11 2e+11 2e+11 2e+11 2e+11 2e+11 2e+11 2e+11 2e+11 2e+11 2e+11 2e+11 2e+11 2e+11 2e+11 2e+11 2e+11 2e+11 2e+11 2e+11 2e+11 2e+11 2e+11 2e+11 2e+11 2e+11 2e+11 2e+11 2e+11 2e+11 2e+11 2e+11 2e+11 2e+11 2e+11 2e+11 2e+11 2e+11 2e+11 2e+11 2e+11 2e+11 2e+11 2e+11 2e+11 2e+11 2e+11 2e+11 2e+11 2e+11 2e+11 2e+11 2e+11 2e+11 2e+11 2e+11 2e+11 2e+11 2e+11 2e+11 2e+11 2e+11 2e+11 2e+11 2e+11 2e+11 2e+11 2e+11 2e+11 2e+11 2e+11 2e+11 2e+11 2e+11 2e+11 2e+11 2e+11 2e+11 2e+11 2e+11 2e+11 2e+11 2e+11 2e+11 2e+11 2e+11 2e+11 2e+11 2e+11 2e+11 2e+11 2e+11 2e+11 2e+11 2e+11 2e+11 2e+11 2e+11 2e+11 2e+11 2e+11 2e+11 2e+11 2e+11 2e+11 2e+11 2e+11 2e+11 2e+11 2e+11 2e+11 2e+11 2e+11 2e+11 2e+11 2e+11 2e+11 2e+11 2e+11 2e+11 2e+11 2e+11 2e+11 2e+11 2e+11 2e+11 2e+11 2e+11 2e+11 2e+11 2e+11 2e+11 2e+11 2e+11 2e+11 2e+11 2e+11 2e+11 2e+11 2e+11 2e+11 2e+11 2e+11 2e+11 2e+11 2e+11 2e+11 2e+11 2e+11 2e+11 2e+11 2e+11 2e+11 2e+11 2e+11 2e+11 2e+11 2e+11 2e+11 2e+11 2e+11 2e+11 2e+11 2e+11 2e+11 2e+11 2e+11 2e+11 2e+11 2e+11 2e+11 2e+11 2e+11 2e+11 2e+11 2e+11 2e+11 2e+11 2e+11 2e+11 2e+11 2e+11 2e+11 2e+11 2e+11 2e+11 2e+11 2e+11 2e+11 2e+11 2e+11 2e+11 2e+11 2e+11 2e+11 2e+11 2e+11 2e+11 2e+11 2e+11 2e+11 2e+11 2e+11 2e+11 2e+11 2e+11 2e+11 2e+11 2e+11 2e+11 2e+11 2e+11 2e+11 2e+11 2e+11 2e+11 2e+11 2e+11 2e+11 2e+11 2e+11 2e+11 2e+11 2e+11 2e+11 2e+11 2e+11 2e+11 2e+11 2e+11 2e+11 2e+11 2e+11 2e+11 2e+11 2e+11 2e+11 2e+11 2e+11 2e+11 2e+11 2e+11 2e+11 2e+11 2e+11 2e+11 2e+11 2e+11 2e+11 2e+11 2e+11 2e+11 2e+11 2e+11 2e+11 2e+11 2e+11 2e+11 2e+11 2e+11 2e+11 2e+11 2e+11 2e+11 2e+11 2e+11 2e+11 2e+11 2e+11 2e+11 2e+11 2e+11 2e+11 2e+11 2e+11 2e+11 2e+11 2e+11 2e+11 2e+11 2e+11 2e+11 2e+11 2e+11 2e+11 2e+11 2e+11 2e+11 2e+11 2e+11 2e+11 2e+11 2e+11 2e+11 2e+11 2e+11 2e+11 2e+11 2e+11 2e+11 2e+11 2e+11 2e+11 2e+11 2e+11 2e+11 2e+11 2e+11 2e+11 2e+11 2e+11 2e+11 2e+11 2e+11 2e+11 2e+11 2e+11 2e+11 2e+11 2e+11 2e+11 2e+11 2e+11 2e+11 2e+11 2e+11 2e+11 2e+11 2e+11 2e+11 2e+11 2e+11 2e+11 2e+11 2e+11 2e+11 2e+11 2e+11 2e+11 2e+11 2e+11 2e+11 2e+11 2e+11 2e+11 2e+11 2e+11 2e+11 2e+11 2e+11 2e+11 2e+11 2e+11 2e+11 2e+11 2e+11 2e+11 2e+11 2e+11 2e+11 2e+11 2e+11 2e+11 2e+11 2e+11 2e+11 2e+11 2e+11 2e+11 2e+11 2e+11 2e+11 2e+11 2e+11 2e+11 2e+11 2e+11 2e+11 2e+11 2e+11 2e+11 2e+11 2e+11 2e+11 2e+11 2e+11 2e+11 2e+11 2e+11 2e+11 2e+11 2e+11 2e+11 2e+11 2e+11 2e+11 2e+11 2e+11 2e+11 2e+11 2e+11 2e+11 2e+11 2e+11 2e+11 2e+11 2e+11 2e+11 2e+11 2e+11 2e+11 2e+11 2e+11 2e+11 2e+11 2e+11 2e+11 2e+11 2e+11 2e+11 2e+11 2e+11 2e+11 2e+11 2e+11 2e+11 2e+11 2e+11 2e+11 2e+11 2e+11 2e+11 2e+11 2e+11 2e+11 2e+11 2e+11 2e+11 2e+11 2e+11 2e+11 2e+11 2e+11 2e+11 2e+11 2e+11 2e+11 2e+11 2e+11 2e+11 2e+11 2e+11 2e+11 2e+11 2e+11 2e+11 2e+11 2e+11 2e+11 2e+11 2e+11 2e+11 2e+11 2e+11 2e+11 2e+11 2e+11 2e+11 2e+11 2e+11 2e+11 2e+11 2e+11 2e+11 2e+11 2e+11 2e+11 2e+11 2e+11 2e+11 2e+11 2e+11 2e+11 2e+11 2e+11 2e+11 2e+11 2e+11 2e+11 2e+11 2e+11 2e+11 2e+11 2e+11 2e+11 2e+11 2e+11 2e+11 2e+11 2e+11 2e+11 2e+11 2e+11 2e+11 2e+11 2e+11 2e+11 2e+11 2e+11 2e+11 2e+11 2e+11 2e+11 2e+11 2e+11 2e+11 2e+11 2e+11 2e+11 2e+11 2e+11 2e+11 2e+11 2e+11 2e+11 2e+11 2e+11 2e+11 2e+11 2e+11 2e+11 2e+11 2e+11 2e+11 2e+11 2e+11 2e+11 2e+11 2e+11 2e+11 2e+11 2e+11 2e+11 2e+11 2e+11 2e+11 2e+11 2e+11 2e+11 2e+11 2e+11 2e+11 2e+11 2e+11 2e+11 2e+11 2e+11 2e+11 2e+11 2e+11 2e+11 2e+11 2e+11 2e+11 2e+11 2e+11 2e+11 2e+11 2e+11 2e+11 2e+11 2e+11 2e+11 2e+11 2e+11 2e+11 2e+11 2e+11 2e+11 2e+11 2e+11 2e+11 2e+11 2e+11 2e+11 2e+11 2e+11 2e+11 2e+11 2e+11 2e+11 2e+11 2e+11 2e+11 2e+11 2e+11 2e+11 2e+11 2e+11 2e+11 2e+11 2e+11 2e+11 2e+11 2e+11 2e+11 2e+11 2e+11 2e+11 2e+11 2e+11 2e+11 2e+11 2e+11 2e+11 2e+11 2e+11 2e+11 2e+11 2e+11 2e+11 2e+11 2e+11 2e+11 2e+11 2e+11 2e+11 2e+11 2e+11 2e+11 2e+11 2e+11 2e+11 2e+11 2e+11 2e+11 2e+11 2e+11 2e+11 2e+11 2e+11 2e+11 2e+11 2e+11 2e+11 2e+11 2e+11 2e+11 2e+11 2e+11 2e+11 2e+11 2e+11 2e+11 2e+11 2e+11 2e+11 2e+11 2e+11 2e+11 2e+11 2e+11 2e+11 2e+11 2e+11 2e+11 2e+11 2e+11 2e+11 2e+11 2e+11 2e+11 2e+11 2e+11 2e+11 2e+11 2e+11 2e+11 2e+11 2e+11 2e+11 2e+11 2e+11 2e+11 2e+11 2e+11 2e+11 2e+11 2e+11 2e+11 2e+11 2e+11 2e+11 2e+11 2e+11 2e+11 2e+11 2e+11 2e+11 2e+11 2e+11 2e+11 2e+11 2e+11 2e+11 2e+11 2e+11 2e+11 2e+11 2e+11 2e+11 2e+11 2e+11 2e+11 2e+11 2e+11 2e+11 2e+11 2e+11 2e+11 2e+11 2e+11 2e+11 2e+11 2e+11 2e+11 2e+11 2e+11 2e+11 2e+11 2e+11 2e+11 2e+11 2e+11 2e+11 2e+11 2e+11 2e+11 2e+11 2e+11 2e+11 2e+11 2e+11 2e+11 2e+11 2e+11 2e+11 2e+11 2e+11 2e+11 2e+11 2e+11 2e+11 2e+11 2e+11 2e+11 2e+11 2e+11 2e+11 2e+11 2e+11 2e+11 2e+11 2e+11 2e+11 2e+11 2e+11 2e+11 2e+11 2e+11 2e+11 2e+11 2e+11 2e+11 2e+11 2e+11 2e+11 2e+11 2e+11 2e+11 2e+11 2e+11 2e+11 2e+11 2e+11 2e+11 2e+11 2e+11 2e+11 2e+11 2e+11 2e+11 2e+11 2e+11 2e+11 2e+11 2e+11 2e+11 2e+11 2e+11 2e+11 2e+11 2e+11 2e+11 2e+11 2e+11 2e+11 2e+11 2e+11 2e+11 2e+11 2e+11 2e+11 2e+11 2e+11 2e+11 2e+11 2e+11 2e+11 2e+11 2e+11 2e+11 2e+11 2e+11 2e+11 2e+11 2e+11 2e+11 2e+11 2e+11 2e+11 2e+11 2e+11 2e+11 2e+11 2e+11 2e+11 2e+11 2e+11 2e+11 2e+11 2e+11 2e+11 2e+11 2e+11 2e+11 2e+11 2e+11 2e+11 2e+11 2e+11 2e+11 2e+11 2e+11 2e+11 2e+11 2e+11 2e+11 2e+11 2e+11 2e+11 2e+11 2e+11 2e+11 2e+11 2e+11 2e+11 2e+11 2e+11 2e+11 2e+11 2e+11 2e+11 2e+11 2e+11 2e+11 2e+11 2e+11 2e+11 2e+11 2e+11 2e+11 2e+11 2e+11 2e+11 2e+11 2e+11 2e+11 2e+11 2e+11 2e+11 2e+11 2e+11 2e+11 2e+11 2e+11 2e+11 2e+11 2e+11 2e+11 2e+11 2e+11 2e+11 2e+11 2e+11 2e+11 2e+11 2e+11 2e+11 2e+11 2e+11 2e+11 2e+11 2e+11 2e+11 2e+11 2e+11 2e+11 2e+11 2e+11 2e+11 2e+11 2e+11 2e+11 2e+11 2e+11 2e+11 2e+11 2e+11 2e+11 2e+11 2e+11 2e+11 2e+11 2e+11 2e+11 2e+11 2e+11 2e+11 2e+11 2e+11 2e+11 2e+11 2e+11 2e+11 2e+11 2e+11 2e+11 2e+11 2e+11 2e+11 2e+11 2e+11 2e+11 2e+11 2e+11 2e+11 2e+11 2e+11 2e+11 2e+11 2e+11 2e+11 2e+11 2e+11 2e+11 2e+11 2e+11 2e+11 2e+11 2e+11 2e+11 2e+11 2e+11 2e+11 2e+11 2e+11 2e+11 2e+11 2e+11 2e+11 2e+11 2e+11 2e+11 2e+11 2e+11 2e+11 2e+11 2e+11 2e+11 2e+11 2e+11 2e+11 2e+11 2e+11 2e+11 2e+11 2e+11 2e+11 2e+11 2e+11 2e+11 2e+11 2e+11 2e+11 2e+11 2e+11 2e+11 2e+11 2e+11 2e+11 2e+11 2e+11 2e+11 2e+11 2e+11 2e+11 2e+11 2e+11 2e+11 2e+11 2e+11 2e+11 2e+11 2e+11 2e+11 2e+11 2e+11 2e+11 2e+11 2e+11 2e+11 2e+11 2e+11 2e+11 2e+11 2e+11 2e+11 2e+11 2e+11 2e+11 2e+11 2e+11 2e+11 2e+11 2e+11 2e+11 2e+11 2e+11 2e+11 2e+11 2e+11 2e+11 2e+11 2e+11 2e+11 2e+11 2e+11 2e+11 2e+11 2e+11 2e+11 2e+11 2e+11 2e+11 2e+11 2e+11 2e+11 2e+11 2e+11 2e+11 2e+11 2e+11 2e+11 2e+11 2e+11 2e+11 2e+11 2e+11 2e+11 2e+11 2e+11 2e+11 2e+11 2e+11 2e+11 2e+11 2e+11 2e+11 2e+11 2e+11 2e+11 2e+11 2e+11 2e+11 2e+11 2e+11 2e+11 2e+11 2e+11 2e+11 2e+11 2e+11 2e+11 2e+11 2e+11 2e+11 2e+11 2e+11 2e+11 2e+11 2e+11 2e+11 2e+11 2e+11 2e+11 2e+11 2e+11 2e+11 2e+11 2e+11 2e+11 2e+11 2e+11 2e+11 2e+11 2e+11 2e+11 2e+11 2e+11 2e+11 2e+11 2e+11 2e+11 2e+11 2e+11 2e+11 2e+11 2e+11 2e+11 2e+11 2e+11 2e+11 2e+11 2e+11 2e+11 2e+11 2e+11 2e+11 2e+11 2e+11 2e+11 2e+11 2e+11 2e+11 2e+11 2e+11 2e+11 2e+11 2e+11 2e+11 2e+11 2e+11 2e+11 2e+11 2e+11 2e+11 2e+11 2e+11 2e+11 2e+11 2e+11 2e+11 2e+11 2e+11 2e+11 2e+11 2e+11 2e+11 2e+11 2e+11 2e+11 2e+11 2e+11 2e+11 2e+11 2e+11 2e+11 2e+11 2e+11 2e+11 2e+11 2e+11 2e+11 2e+11 2e+11 2e+11 2e+11 2e+11 2e+11 2e+11 2e+11 2e+11 2e+11 2e+11 2e+11 2e+11 2e+11 2e+11 2e+11 2e+11 2e+11 2e+11 2e+11 2e+11 2e+11 2e+11 2e+11 2e+11 2e+11 2e+11 2e+11 2e+11 2e+11 2e+11 2e+11 2e+11 2e+11 2e+11 2e+11 2e+11 2e+11 2e+11 2e+11 2e+11 2e+11 2e+11 2e+11 2e+11 2e+11 2e+11 2e+11 2e+11 2e+11 2e+11 2e+11 2e+11 2e+11 2e+11 2e+11 2e+11 2e+11 2e+11 2e+11 2e+11 2e+11 2e+11 2e+11 2e+11 2e+11 2e+11 2e+11 2e+11 2e+11 2e+11 2e+11 2e+11 2e+11 2e+11 2e+11 2e+11 2e+11 2e+11 2e+11 2e+11 2e+11 2e+11 2e+11 2e+11 2e+11 2e+11 2e+11 2e+11 2e+11 2e+11 2e+11 2e+11 2e+11 2e+11 2e+11 2e+11 2e+11 2e+11 2e+11 2e+11 2e+11 2e+11 2e+11 2e+11 2e+11 2e+11 2e+11 2e+11 2e+11 2e+11 2e+11 2e+11 2e+11 2e+11 2e+11 2e+11 2e+11 2e+11 2e+11 2e+11 2e+11 2e+11 2e+11 2e+11 2e+11 2e+11 2e+11 2e+11 2e+11 2e+11 2e+11 2e+11 2e+11 2e+11 2e+11 2e+11 2e+11 2e+11 2e+11 2e+11 2e+11 2e+11 2e+11 2e+11 2e+11 2e+11 2e+11 2e+11 2e+11 2e+11 2e+11 2e+11 2e+11 2e+11 2e+11 2e+11 2e+11 2e+11 2e+11 2e+11 2e+11 2e+11 2e+11 2e+11 2e+11 2e+11 2e+11 2e+11 2e+11 2e+11 2e+11 2e+11 2e+11 2e+11 2e+11 2e+11 2e+11 2e+11 2e+11 2e+11 2e+11 2e+11 2e+11 2e+11 2e+11 2e+11 2e+11 2e+11 2e+11 2e+11 2e+11 2e+11 2e+11 2e+11 2e+11 2e+11 2e+11 2e+11 2e+11 2e+11 2e+11 2e+11 2e+11 2e+11 2e+11 2e+11 2e+11 2e+11 2e+11 2e+11 2e+11 2e+11 2e+11 2e+11 2e+11 2e+11 2e+11 2e+11 2e+11 2e+11 2e+11 2e+11 2e+11 2e+11 2e+11 2e+11 2e+11 2e+11 2e+11 2e+11 2e+11 2e+11 2e+11 2e+11 2e+11 2e+11 2e+11 2e+11 2e+11 2e+11 2e+11 2e+11 2e+11 2e+11 2e+11 2e+11 2e+11 2e+11 2e+11 2e+11 2e+11 2e+11 2e+11 2e+11 2e+11 2e+11 2e+11 2e+11 2e+11 2e+11 2e+11 2e+11 2e+11 2e+11 2e+11 2e+11 2e+11 2e+11 2e+11 2e+11 
				</DataArray>
				<DataArray type="Float64" Name="nu_c" NumberOfComponents="1" format="ascii" >
0.3 0.3 0.3 0.3 0.3 0.3 0.3 0.3 0.3 0.3 0.3 0.3 0.3 0.3 0.3 0.3 0.3 0.3 0.3 0.3 0.3 0.3 0.3 0.3 0.3 0.3 0.3 0.3 0.3 0.3 0.3 0.3 0.3 0.3 0.3 0.3 0.3 0.3 0.3 0.3 0.3 0.3 0.3 0.3 0.3 0.3 0.3 0.3 0.3 0.3 0.3 0.3 0.3 0.3 0.3 0.3 0.3 0.3 0.3 0.3 0.3 0.3 0.3 0.3 0.3 0.3 0.3 0.3 0.3 0.3 0.3 0.3 0.3 0.3 0.3 0.3 0.3 0.3 0.3 0.3 0.3 0.3 0.3 0.3 0.3 0.3 0.3 0.3 0.3 0.3 0.3 0.3 0.3 0.3 0.3 0.3 0.3 0.3 0.3 0.3 0.3 0.3 0.3 0.3 0.3 0.3 0.3 0.3 0.3 0.3 0.3 0.3 0.3 0.3 0.3 0.3 0.3 0.3 0.3 0.3 0.3 0.3 0.3 0.3 0.3 0.3 0.3 0.3 0.3 0.3 0.3 0.3 0.3 0.3 0.3 0.3 0.3 0.3 0.3 0.3 0.3 0.3 0.3 0.3 0.3 0.3 0.3 0.3 0.3 0.3 0.3 0.3 0.3 0.3 0.3 0.3 0.3 0.3 0.3 0.3 0.3 0.3 0.3 0.3 0.3 0.3 0.3 0.3 0.3 0.3 0.3 0.3 0.3 0.3 0.3 0.3 0.3 0.3 0.3 0.3 0.3 0.3 0.3 0.3 0.3 0.3 0.3 0.3 0.3 0.3 0.3 0.3 0.3 0.3 0.3 0.3 0.3 0.3 0.3 0.3 0.3 0.3 0.3 0.3 0.3 0.3 0.3 0.3 0.3 0.3 0.3 0.3 0.3 0.3 0.3 0.3 0.3 0.3 0.3 0.3 0.3 0.3 0.3 0.3 0.3 0.3 0.3 0.3 0.3 0.3 0.3 0.3 0.3 0.3 0.3 0.3 0.3 0.3 0.3 0.3 0.3 0.3 0.3 0.3 0.3 0.3 0.3 0.3 0.3 0.3 0.3 0.3 0.3 0.3 0.3 0.3 0.3 0.3 0.3 0.3 0.3 0.3 0.3 0.3 0.3 0.3 0.3 0.3 0.3 0.3 0.3 0.3 0.3 0.3 0.3 0.3 0.3 0.3 0.3 0.3 0.3 0.3 0.3 0.3 0.3 0.3 0.3 0.3 0.3 0.3 0.3 0.3 0.3 0.3 0.3 0.3 0.3 0.3 0.3 0.3 0.3 0.3 0.3 0.3 0.3 0.3 0.3 0.3 0.3 0.3 0.3 0.3 0.3 0.3 0.3 0.3 0.3 0.3 0.3 0.3 0.3 0.3 0.3 0.3 0.3 0.3 0.3 0.3 0.3 0.3 0.3 0.3 0.3 0.3 0.3 0.3 0.3 0.3 0.3 0.3 0.3 0.3 0.3 0.3 0.3 0.3 0.3 0.3 0.3 0.3 0.3 0.3 0.3 0.3 0.3 0.3 0.3 0.3 0.3 0.3 0.3 0.3 0.3 0.3 0.3 0.3 0.3 0.3 0.3 0.3 0.3 0.3 0.3 0.3 0.3 0.3 0.3 0.3 0.3 0.3 0.3 0.3 0.3 0.3 0.3 0.3 0.3 0.3 0.3 0.3 0.3 0.3 0.3 0.3 0.3 0.3 0.3 0.3 0.3 0.3 0.3 0.3 0.3 0.3 0.3 0.3 0.3 0.3 0.3 0.3 0.3 0.3 0.3 0.3 0.3 0.3 0.3 0.3 0.3 0.3 0.3 0.3 0.3 0.3 0.3 0.3 0.3 0.3 0.3 0.3 0.3 0.3 0.3 0.3 0.3 0.3 0.3 0.3 0.3 0.3 0.3 0.3 0.3 0.3 0.3 0.3 0.3 0.3 0.3 0.3 0.3 0.3 0.3 0.3 0.3 0.3 0.3 0.3 0.3 0.3 0.3 0.3 0.3 0.3 0.3 0.3 0.3 0.3 0.3 0.3 0.3 0.3 0.3 0.3 0.3 0.3 0.3 0.3 0.3 0.3 0.3 0.3 0.3 0.3 0.3 0.3 0.3 0.3 0.3 0.3 0.3 0.3 0.3 0.3 0.3 0.3 0.3 0.3 0.3 0.3 0.3 0.3 0.3 0.3 0.3 0.3 0.3 0.3 0.3 0.3 0.3 0.3 0.3 0.3 0.3 0.3 0.3 0.3 0.3 0.3 0.3 0.3 0.3 0.3 0.3 0.3 0.3 0.3 0.3 0.3 0.3 0.3 0.3 0.3 0.3 0.3 0.3 0.3 0.3 0.3 0.3 0.3 0.3 0.3 0.3 0.3 0.3 0.3 0.3 0.3 0.3 0.3 0.3 0.3 0.3 0.3 0.3 0.3 0.3 0.3 0.3 0.3 0.3 0.3 0.3 0.3 0.3 0.3 0.3 0.3 0.3 0.3 0.3 0.3 0.3 0.3 0.3 0.3 0.3 0.3 0.3 0.3 0.3 0.3 0.3 0.3 0.3 0.3 0.3 0.3 0.3 0.3 0.3 0.3 0.3 0.3 0.3 0.3 0.3 0.3 0.3 0.3 0.3 0.3 0.3 0.3 0.3 0.3 0.3 0.3 0.3 0.3 0.3 0.3 0.3 0.3 0.3 0.3 0.3 0.3 0.3 0.3 0.3 0.3 0.3 0.3 0.3 0.3 0.3 0.3 0.3 0.3 0.3 0.3 0.3 0.3 0.3 0.3 0.3 0.3 0.3 0.3 0.3 0.3 0.3 0.3 0.3 0.3 0.3 0.3 0.3 0.3 0.3 0.3 0.3 0.3 0.3 0.3 0.3 0.3 0.3 0.3 0.3 0.3 0.3 0.3 0.3 0.3 0.3 0.3 0.3 0.3 0.3 0.3 0.3 0.3 0.3 0.3 0.3 0.3 0.3 0.3 0.3 0.3 0.3 0.3 0.3 0.3 0.3 0.3 0.3 0.3 0.3 0.3 0.3 0.3 0.3 0.3 0.3 0.3 0.3 0.3 0.3 0.3 0.3 0.3 0.3 0.3 0.3 0.3 0.3 0.3 0.3 0.3 0.3 0.3 0.3 0.3 0.3 0.3 0.3 0.3 0.3 0.3 0.3 0.3 0.3 0.3 0.3 0.3 0.3 0.3 0.3 0.3 0.3 0.3 0.3 0.3 0.3 0.3 0.3 0.3 0.3 0.3 0.3 0.3 0.3 0.3 0.3 0.3 0.3 0.3 0.3 0.3 0.3 0.3 0.3 0.3 0.3 0.3 0.3 0.3 0.3 0.3 0.3 0.3 0.3 0.3 0.3 0.3 0.3 0.3 0.3 0.3 0.3 0.3 0.3 0.3 0.3 0.3 0.3 0.3 0.3 0.3 0.3 0.3 0.3 0.3 0.3 0.3 0.3 0.3 0.3 0.3 0.3 0.3 0.3 0.3 0.3 0.3 0.3 0.3 0.3 0.3 0.3 0.3 0.3 0.3 0.3 0.3 0.3 0.3 0.3 0.3 0.3 0.3 0.3 0.3 0.3 0.3 0.3 0.3 0.3 0.3 0.3 0.3 0.3 0.3 0.3 0.3 0.3 0.3 0.3 0.3 0.3 0.3 0.3 0.3 0.3 0.3 0.3 0.3 0.3 0.3 0.3 0.3 0.3 0.3 0.3 0.3 0.3 0.3 0.3 0.3 0.3 0.3 0.3 0.3 0.3 0.3 0.3 0.3 0.3 0.3 0.3 0.3 0.3 0.3 0.3 0.3 0.3 0.3 0.3 0.3 0.3 0.3 0.3 0.3 0.3 0.3 0.3 0.3 0.3 0.3 0.3 0.3 0.3 0.3 0.3 0.3 0.3 0.3 0.3 0.3 0.3 0.3 0.3 0.3 0.3 0.3 0.3 0.3 0.3 0.3 0.3 0.3 0.3 0.3 0.3 0.3 0.3 0.3 0.3 0.3 0.3 0.3 0.3 0.3 0.3 0.3 0.3 0.3 0.3 0.3 0.3 0.3 0.3 0.3 0.3 0.3 0.3 0.3 0.3 0.3 0.3 0.3 0.3 0.3 0.3 0.3 0.3 0.3 0.3 0.3 0.3 0.3 0.3 0.3 0.3 0.3 0.3 0.3 0.3 0.3 0.3 0.3 0.3 0.3 0.3 0.3 0.3 0.3 0.3 0.3 0.3 0.3 0.3 0.3 0.3 0.3 0.3 0.3 0.3 0.3 0.3 0.3 0.3 0.3 0.3 0.3 0.3 0.3 0.3 0.3 0.3 0.3 0.3 0.3 0.3 0.3 0.3 0.3 0.3 0.3 0.3 0.3 0.3 0.3 0.3 0.3 0.3 0.3 0.3 0.3 0.3 0.3 0.3 0.3 0.3 0.3 0.3 0.3 0.3 0.3 0.3 0.3 0.3 0.3 0.3 0.3 0.3 0.3 0.3 0.3 0.3 0.3 0.3 0.3 0.3 0.3 0.3 0.3 0.3 0.3 0.3 0.3 0.3 0.3 0.3 0.3 0.3 0.3 0.3 0.3 0.3 0.3 0.3 0.3 0.3 0.3 0.3 0.3 0.3 0.3 0.3 0.3 0.3 0.3 0.3 0.3 0.3 0.3 0.3 0.3 0.3 0.3 0.3 0.3 0.3 0.3 0.3 0.3 0.3 0.3 0.3 0.3 0.3 0.3 0.3 0.3 0.3 0.3 0.3 0.3 0.3 0.3 0.3 0.3 0.3 0.3 0.3 0.3 0.3 0.3 0.3 0.3 0.3 0.3 0.3 0.3 0.3 0.3 0.3 0.3 0.3 0.3 0.3 0.3 0.3 0.3 0.3 0.3 0.3 0.3 0.3 0.3 0.3 0.3 0.3 0.3 0.3 0.3 0.3 0.3 0.3 0.3 0.3 0.3 0.3 0.3 0.3 0.3 0.3 0.3 0.3 0.3 0.3 0.3 0.3 0.3 0.3 0.3 0.3 0.3 0.3 0.3 0.3 0.3 0.3 0.3 0.3 0.3 0.3 0.3 0.3 0.3 0.3 0.3 0.3 0.3 0.3 0.3 0.3 0.3 0.3 0.3 0.3 0.3 0.3 0.3 0.3 0.3 0.3 0.3 0.3 0.3 0.3 0.3 0.3 0.3 0.3 0.3 0.3 0.3 0.3 0.3 0.3 0.3 0.3 0.3 0.3 0.3 0.3 0.3 0.3 0.3 0.3 0.3 0.3 0.3 0.3 0.3 0.3 0.3 0.3 0.3 0.3 0.3 0.3 0.3 0.3 0.3 0.3 0.3 0.3 0.3 0.3 0.3 0.3 0.3 0.3 0.3 0.3 0.3 0.3 0.3 0.3 0.3 0.3 0.3 0.3 0.3 0.3 0.3 0.3 0.3 0.3 0.3 0.3 0.3 0.3 0.3 0.3 0.3 0.3 0.3 0.3 0.3 0.3 0.3 0.3 0.3 0.3 0.3 0.3 0.3 0.3 0.3 0.3 0.3 0.3 0.3 0.3 0.3 0.3 0.3 0.3 0.3 0.3 0.3 0.3 0.3 0.3 0.3 0.3 0.3 0.3 0.3 0.3 0.3 0.3 0.3 0.3 0.3 0.3 0.3 0.3 0.3 0.3 0.3 0.3 0.3 0.3 0.3 0.3 0.3 0.3 0.3 0.3 0.3 0.3 0.3 0.3 0.3 0.3 0.3 0.3 0.3 0.3 0.3 0.3 0.3 0.3 0.3 0.3 0.3 0.3 0.3 0.3 0.3 0.3 0.3 0.3 0.3 0.3 0.3 0.3 0.3 0.3 0.3 0.3 0.3 0.3 0.3 0.3 0.3 0.3 0.3 0.3 0.3 0.3 0.3 0.3 0.3 0.3 0.3 0.3 0.3 0.3 0.3 0.3 0.3 0.3 0.3 0.3 0.3 0.3 0.3 0.3 0.3 0.3 0.3 0.3 0.3 0.3 0.3 0.3 0.3 0.3 0.3 0.3 0.3 0.3 0.3 0.3 0.3 0.3 0.3 0.3 0.3 0.3 0.3 0.3 0.3 0.3 0.3 0.3 0.3 0.3 0.3 0.3 0.3 0.3 0.3 0.3 0.3 0.3 0.3 0.3 0.3 0.3 0.3 0.3 0.3 0.3 0.3 0.3 0.3 0.3 0.3 0.3 0.3 0.3 0.3 0.3 0.3 0.3 0.3 0.3 0.3 0.3 0.3 0.3 0.3 0.3 0.3 0.3 0.3 0.3 0.3 0.3 0.3 0.3 0.3 0.3 0.3 0.3 0.3 0.3 0.3 0.3 0.3 0.3 0.3 0.3 0.3 0.3 0.3 0.3 0.3 0.3 0.3 0.3 0.3 0.3 0.3 0.3 0.3 0.3 0.3 0.3 0.3 0.3 0.3 0.3 0.3 0.3 0.3 0.3 0.3 0.3 0.3 0.3 0.3 0.3 0.3 0.3 0.3 0.3 0.3 0.3 0.3 0.3 0.3 0.3 0.3 0.3 0.3 0.3 0.3 0.3 0.3 0.3 0.3 0.3 0.3 0.3 0.3 0.3 0.3 0.3 0.3 0.3 0.3 0.3 0.3 0.3 0.3 0.3 0.3 0.3 0.3 0.3 0.3 0.3 0.3 0.3 0.3 0.3 0.3 0.3 0.3 0.3 0.3 0.3 0.3 0.3 0.3 0.3 0.3 0.3 0.3 0.3 0.3 0.3 0.3 0.3 0.3 0.3 0.3 0.3 0.3 0.3 0.3 0.3 0.3 0.3 0.3 0.3 0.3 0.3 0.3 0.3 0.3 0.3 0.3 0.3 0.3 0.3 0.3 0.3 0.3 0.3 0.3 0.3 0.3 0.3 0.3 0.3 0.3 0.3 0.3 0.3 0.3 0.3 0.3 0.3 0.3 0.3 0.3 0.3 0.3 0.3 0.3 0.3 0.3 0.3 0.3 0.3 0.3 0.3 0.3 0.3 0.3 0.3 0.3 0.3 0.3 0.3 0.3 0.3 0.3 0.3 0.3 0.3 0.3 0.3 0.3 0.3 0.3 0.3 0.3 0.3 0.3 0.3 0.3 0.3 0.3 0.3 0.3 0.3 0.3 0.3 0.3 0.3 0.3 0.3 0.3 0.3 0.3 0.3 0.3 0.3 0.3 0.3 0.3 0.3 0.3 0.3 0.3 0.3 0.3 0.3 0.3 0.3 0.3 0.3 0.3 0.3 0.3 0.3 0.3 0.3 0.3 0.3 0.3 0.3 0.3 0.3 0.3 0.3 0.3 0.3 0.3 0.3 0.3 0.3 0.3 0.3 0.3 0.3 0.3 0.3 0.3 0.3 0.3 0.3 0.3 0.3 0.3 0.3 0.3 0.3 0.3 0.3 0.3 0.3 0.3 0.3 0.3 0.3 0.3 0.3 0.3 0.3 0.3 0.3 0.3 0.3 0.3 0.3 0.3 0.3 0.3 0.3 0.3 0.3 0.3 0.3 0.3 0.3 0.3 0.3 0.3 0.3 0.3 0.3 0.3 0.3 0.3 0.3 0.3 0.3 0.3 0.3 0.3 0.3 0.3 0.3 0.3 0.3 0.3 0.3 0.3 0.3 0.3 0.3 0.3 0.3 0.3 0.3 0.3 0.3 0.3 0.3 0.3 0.3 0.3 0.3 0.3 0.3 0.3 0.3 0.3 0.3 0.3 0.3 0.3 0.3 0.3 0.3 0.3 0.3 0.3 0.3 0.3 0.3 0.3 0.3 0.3 0.3 0.3 0.3 0.3 0.3 0.3 0.3 0.3 0.3 0.3 0.3 0.3 0.3 0.3 0.3 0.3 0.3 0.3 0.3 0.3 0.3 0.3 0.3 0.3 0.3 0.3 0.3 0.3 0.3 0.3 0.3 0.3 0.3 0.3 0.3 0.3 0.3 0.3 0.3 0.3 0.3 0.3 0.3 0.3 0.3 0.3 0.3 0.3 0.3 0.3 0.3 0.3 0.3 0.3 0.3 0.3 0.3 0.3 0.3 0.3 0.3 0.3 0.3 0.3 0.3 0.3 0.3 0.3 0.3 0.3 0.3 0.3 0.3 0.3 0.3 0.3 0.3 0.3 0.3 0.3 0.3 0.3 0.3 0.3 0.3 0.3 0.3 0.3 0.3 0.3 0.3 0.3 0.3 0.3 0.3 0.3 0.3 0.3 0.3 0.3 0.3 0.3 0.3 0.3 0.3 0.3 0.3 0.3 0.3 0.3 0.3 0.3 0.3 0.3 0.3 0.3 0.3 0.3 0.3 0.3 0.3 0.3 0.3 0.3 0.3 0.3 0.3 0.3 0.3 0.3 0.3 0.3 0.3 0.3 0.3 0.3 0.3 0.3 0.3 0.3 0.3 0.3 0.3 0.3 0.3 0.3 0.3 0.3 0.3 0.3 0.3 0.3 0.3 0.3 0.3 0.3 0.3 0.3 0.3 0.3 0.3 0.3 0.3 0.3 0.3 0.3 0.3 0.3 0.3 0.3 0.3 0.3 0.3 0.3 0.3 0.3 0.3 0.3 0.3 0.3 0.3 0.3 0.3 0.3 0.3 0.3 0.3 0.3 0.3 0.3 0.3 0.3 0.3 0.3 0.3 0.3 0.3 0.3 0.3 0.3 0.3 0.3 0.3 0.3 0.3 0.3 0.3 0.3 0.3 0.3 0.3 0.3 0.3 0.3 0.3 0.3 0.3 0.3 0.3 0.3 0.3 0.3 0.3 0.3 0.3 0.3 0.3 0.3 0.3 0.3 0.3 0.3 0.3 0.3 0.3 0.3 0.3 0.3 0.3 0.3 0.3 0.3 0.3 0.3 0.3 0.3 0.3 0.3 0.3 0.3 0.3 0.3 0.3 0.3 0.3 0.3 0.3 0.3 0.3 0.3 0.3 0.3 0.3 0.3 0.3 0.3 0.3 0.3 0.3 0.3 0.3 0.3 0.3 0.3 0.3 0.3 0.3 0.3 0.3 0.3 0.3 0.3 0.3 0.3 0.3 0.3 0.3 0.3 0.3 0.3 0.3 0.3 0.3 0.3 0.3 0.3 0.3 0.3 0.3 0.3 0.3 0.3 0.3 0.3 0.3 0.3 0.3 0.3 0.3 0.3 0.3 0.3 0.3 0.3 0.3 0.3 0.3 0.3 0.3 0.3 0.3 0.3 0.3 0.3 0.3 0.3 0.3 0.3 0.3 0.3 0.3 0.3 0.3 0.3 0.3 0.3 0.3 0.3 0.3 0.3 0.3 0.3 0.3 0.3 0.3 0.3 0.3 0.3 0.3 0.3 0.3 0.3 0.3 0.3 0.3 0.3 0.3 0.3 0.3 0.3 0.3 0.3 0.3 0.3 0.3 0.3 0.3 0.3 0.3 0.3 0.3 0.3 0.3 0.3 0.3 0.3 0.3 0.3 0.3 0.3 0.3 0.3 0.3 0.3 0.3 0.3 0.3 0.3 0.3 0.3 0.3 0.3 0.3 0.3 0.3 0.3 0.3 0.3 0.3 0.3 0.3 0.3 0.3 0.3 0.3 0.3 0.3 0.3 0.3 0.3 0.3 0.3 0.3 0.3 0.3 0.3 0.3 0.3 0.3 0.3 0.3 0.3 0.3 0.3 0.3 0.3 0.3 0.3 0.3 0.3 0.3 0.3 0.3 0.3 0.3 0.3 0.3 0.3 0.3 0.3 0.3 0.3 0.3 0.3 0.3 0.3 0.3 0.3 0.3 0.3 0.3 0.3 0.3 0.3 0.3 0.3 0.3 0.3 0.3 0.3 0.3 0.3 0.3 0.3 0.3 0.3 0.3 0.3 0.3 0.3 0.3 0.3 0.3 0.3 0.3 0.3 0.3 0.3 0.3 0.3 0.3 0.3 0.3 0.3 0.3 0.3 0.3 0.3 0.3 0.3 0.3 0.3 0.3 0.3 0.3 0.3 0.3 0.3 0.3 0.3 0.3 0.3 0.3 0.3 0.3 0.3 0.3 0.3 0.3 0.3 0.3 0.3 0.3 0.3 0.3 0.3 0.3 0.3 0.3 0.3 0.3 0.3 0.3 0.3 0.3 0.3 0.3 0.3 0.3 0.3 0.3 0.3 0.3 0.3 0.3 0.3 0.3 0.3 0.3 0.3 0.3 0.3 0.3 0.3 0.3 0.3 0.3 0.3 0.3 0.3 0.3 0.3 0.3 0.3 0.3 0.3 0.3 0.3 0.3 0.3 0.3 0.3 0.3 0.3 0.3 0.3 0.3 0.3 0.3 0.3 0.3 0.3 0.3 0.3 0.3 0.3 0.3 0.3 0.3 0.3 0.3 0.3 0.3 0.3 0.3 0.3 0.3 0.3 0.3 0.3 0.3 0.3 0.3 0.3 0.3 0.3 0.3 0.3 0.3 0.3 0.3 0.3 0.3 0.3 0.3 0.3 0.3 0.3 0.3 0.3 0.3 0.3 0.3 0.3 0.3 0.3 0.3 0.3 0.3 0.3 0.3 0.3 0.3 0.3 0.3 0.3 0.3 0.3 0.3 0.3 0.3 0.3 0.3 0.3 0.3 0.3 0.3 0.3 0.3 0.3 0.3 0.3 0.3 0.3 0.3 0.3 0.3 0.3 0.3 0.3 0.3 0.3 0.3 0.3 0.3 0.3 0.3 0.3 0.3 0.3 0.3 0.3 0.3 0.3 0.3 0.3 0.3 0.3 0.3 0.3 0.3 0.3 0.3 0.3 0.3 0.3 0.3 0.3 0.3 0.3 0.3 0.3 0.3 0.3 0.3 0.3 0.3 0.3 0.3 0.3 0.3 0.3 0.3 0.3 0.3 0.3 0.3 0.3 0.3 0.3 0.3 0.3 0.3 0.3 0.3 0.3 0.3 0.3 0.3 0.3 0.3 0.3 0.3 0.3 0.3 0.3 0.3 0.3 0.3 0.3 0.3 0.3 0.3 0.3 0.3 0.3 0.3 0.3 0.3 0.3 0.3 0.3 0.3 0.3 0.3 0.3 0.3 0.3 0.3 0.3 0.3 0.3 0.3 0.3 0.3 0.3 0.3 0.3 0.3 0.3 0.3 0.3 0.3 0.3 0.3 0.3 0.3 0.3 0.3 0.3 0.3 0.3 0.3 0.3 0.3 0.3 0.3 0.3 0.3 0.3 0.3 0.3 0.3 0.3 0.3 0.3 0.3 0.3 0.3 0.3 0.3 0.3 0.3 0.3 0.3 0.3 0.3 0.3 0.3 0.3 0.3 0.3 0.3 0.3 0.3 0.3 0.3 0.3 0.3 0.3 0.3 0.3 0.3 0.3 0.3 0.3 0.3 0.3 0.3 0.3 0.3 0.3 0.3 0.3 0.3 0.3 0.3 0.3 0.3 0.3 0.3 0.3 0.3 0.3 0.3 0.3 0.3 0.3 0.3 0.3 0.3 0.3 0.3 0.3 0.3 0.3 0.3 0.3 0.3 0.3 0.3 0.3 0.3 0.3 0.3 0.3 0.3 0.3 0.3 0.3 0.3 0.3 0.3 0.3 0.3 0.3 0.3 0.3 0.3 0.3 0.3 0.3 0.3 0.3 0.3 0.3 0.3 0.3 0.3 0.3 0.3 0.3 0.3 0.3 0.3 0.3 0.3 0.3 0.3 0.3 0.3 0.3 0.3 0.3 0.3 0.3 0.3 0.3 0.3 0.3 0.3 0.3 0.3 0.3 0.3 0.3 0.3 0.3 0.3 0.3 0.3 0.3 0.3 0.3 0.3 0.3 0.3 0.3 0.3 0.3 0.3 0.3 0.3 0.3 0.3 0.3 0.3 0.3 0.3 0.3 0.3 0.3 0.3 0.3 0.3 0.3 0.3 0.3 0.3 0.3 0.3 0.3 0.3 0.3 0.3 0.3 0.3 0.3 0.3 0.3 0.3 0.3 0.3 0.3 0.3 0.3 0.3 0.3 0.3 0.3 0.3 0.3 0.3 0.3 0.3 0.3 0.3 0.3 0.3 0.3 0.3 0.3 0.3 0.3 0.3 0.3 0.3 0.3 0.3 0.3 0.3 0.3 0.3 0.3 0.3 0.3 0.3 0.3 0.3 0.3 0.3 0.3 0.3 0.3 0.3 0.3 0.3 0.3 0.3 0.3 0.3 0.3 0.3 0.3 0.3 0.3 0.3 0.3 0.3 0.3 0.3 0.3 0.3 0.3 0.3 0.3 0.3 0.3 0.3 0.3 0.3 0.3 0.3 0.3 0.3 0.3 0.3 0.3 0.3 0.3 0.3 0.3 0.3 0.3 0.3 0.3 0.3 0.3 0.3 0.3 0.3 0.3 0.3 0.3 0.3 0.3 0.3 0.3 0.3 0.3 0.3 0.3 0.3 0.3 0.3 0.3 0.3 0.3 0.3 0.3 0.3 0.3 0.3 0.3 0.3 0.3 0.3 0.3 0.3 0.3 0.3 0.3 0.3 0.3 0.3 0.3 0.3 0.3 0.3 0.3 0.3 0.3 0.3 0.3 0.3 0.3 0.3 0.3 0.3 0.3 0.3 0.3 0.3 0.3 0.3 0.3 0.3 0.3 0.3 0.3 0.3 0.3 0.3 0.3 0.3 0.3 0.3 0.3 0.3 0.3 0.3 0.3 0.3 0.3 0.3 0.3 0.3 0.3 0.3 0.3 0.3 0.3 0.3 0.3 0.3 0.3 0.3 0.3 0.3 0.3 0.3 0.3 0.3 0.3 0.3 0.3 0.3 0.3 0.3 0.3 0.3 0.3 0.3 0.3 0.3 0.3 0.3 0.3 0.3 0.3 0.3 0.3 0.3 0.3 0.3 0.3 0.3 0.3 0.3 0.3 0.3 0.3 0.3 0.3 0.3 0.3 0.3 0.3 0.3 0.3 0.3 0.3 0.3 0.3 0.3 0.3 0.3 0.3 0.3 0.3 0.3 0.3 0.3 0.3 0.3 0.3 0.3 0.3 0.3 0.3 0.3 0.3 0.3 0.3 0.3 0.3 0.3 0.3 0.3 0.3 0.3 0.3 0.3 0.3 0.3 0.3 0.3 0.3 0.3 0.3 0.3 0.3 0.3 0.3 0.3 0.3 0.3 0.3 0.3 0.3 0.3 0.3 0.3 0.3 0.3 0.3 0.3 0.3 0.3 0.3 0.3 0.3 0.3 0.3 0.3 0.3 0.3 0.3 0.3 0.3 0.3 0.3 0.3 0.3 0.3 0.3 0.3 0.3 0.3 0.3 0.3 0.3 0.3 0.3 0.3 0.3 0.3 0.3 0.3 0.3 0.3 0.3 0.3 0.3 0.3 0.3 0.3 0.3 0.3 0.3 0.3 0.3 0.3 0.3 0.3 0.3 0.3 0.3 0.3 0.3 0.3 0.3 0.3 0.3 0.3 0.3 0.3 0.3 0.3 0.3 0.3 0.3 0.3 0.3 0.3 0.3 0.3 0.3 0.3 0.3 0.3 0.3 0.3 0.3 0.3 0.3 0.3 0.3 0.3 0.3 0.3 0.3 0.3 0.3 0.3 0.3 0.3 0.3 0.3 0.3 0.3 0.3 0.3 0.3 0.3 0.3 0.3 0.3 0.3 0.3 0.3 0.3 0.3 0.3 0.3 0.3 0.3 0.3 0.3 0.3 0.3 0.3 0.3 0.3 0.3 0.3 0.3 0.3 0.3 0.3 0.3 0.3 0.3 0.3 0.3 0.3 0.3 0.3 0.3 0.3 0.3 0.3 0.3 0.3 0.3 0.3 0.3 0.3 0.3 0.3 0.3 0.3 0.3 0.3 0.3 0.3 0.3 0.3 0.3 0.3 0.3 0.3 0.3 0.3 0.3 0.3 0.3 0.3 0.3 0.3 0.3 0.3 0.3 0.3 0.3 0.3 0.3 0.3 0.3 0.3 0.3 0.3 0.3 0.3 0.3 0.3 0.3 0.3 0.3 0.3 0.3 0.3 0.3 0.3 0.3 0.3 0.3 0.3 0.3 0.3 0.3 0.3 0.3 0.3 0.3 0.3 0.3 0.3 0.3 0.3 0.3 0.3 0.3 0.3 0.3 0.3 0.3 0.3 0.3 0.3 0.3 0.3 0.3 0.3 0.3 0.3 0.3 0.3 0.3 0.3 0.3 0.3 0.3 0.3 0.3 0.3 0.3 0.3 0.3 0.3 0.3 0.3 0.3 0.3 0.3 0.3 0.3 0.3 0.3 0.3 0.3 0.3 0.3 0.3 0.3 0.3 0.3 0.3 0.3 0.3 0.3 0.3 0.3 0.3 0.3 0.3 0.3 0.3 0.3 0.3 0.3 0.3 0.3 0.3 0.3 0.3 0.3 0.3 0.3 0.3 0.3 0.3 0.3 0.3 0.3 0.3 0.3 0.3 0.3 0.3 0.3 0.3 0.3 0.3 0.3 0.3 0.3 0.3 0.3 0.3 0.3 0.3 0.3 0.3 0.3 0.3 0.3 0.3 0.3 0.3 0.3 0.3 0.3 0.3 0.3 0.3 0.3 0.3 0.3 0.3 0.3 0.3 0.3 0.3 0.3 0.3 0.3 0.3 0.3 0.3 0.3 0.3 0.3 0.3 0.3 0.3 0.3 0.3 0.3 0.3 0.3 0.3 0.3 0.3 0.3 0.3 0.3 0.3 0.3 0.3 0.3 0.3 0.3 0.3 0.3 0.3 0.3 0.3 0.3 0.3 0.3 0.3 0.3 0.3 0.3 0.3 0.3 0.3 0.3 0.3 0.3 0.3 0.3 0.3 0.3 0.3 0.3 0.3 0.3 0.3 0.3 0.3 0.3 0.3 0.3 0.3 0.3 0.3 0.3 0.3 0.3 0.3 0.3 0.3 0.3 0.3 0.3 0.3 0.3 0.3 0.3 0.3 0.3 0.3 0.3 0.3 0.3 0.3 0.3 0.3 0.3 0.3 0.3 0.3 0.3 0.3 0.3 0.3 0.3 0.3 0.3 0.3 0.3 0.3 0.3 0.3 0.3 0.3 0.3 0.3 0.3 0.3 0.3 0.3 0.3 0.3 0.3 0.3 0.3 0.3 0.3 0.3 0.3 0.3 0.3 0.3 0.3 0.3 0.3 0.3 0.3 0.3 0.3 0.3 0.3 0.3 0.3 0.3 0.3 0.3 0.3 0.3 0.3 0.3 0.3 0.3 0.3 0.3 0.3 0.3 0.3 0.3 0.3 0.3 0.3 0.3 0.3 0.3 0.3 0.3 0.3 0.3 0.3 0.3 0.3 0.3 0.3 0.3 0.3 0.3 0.3 0.3 0.3 0.3 0.3 0.3 0.3 0.3 0.3 0.3 0.3 0.3 0.3 0.3 0.3 0.3 0.3 0.3 0.3 0.3 0.3 0.3 0.3 0.3 0.3 0.3 0.3 0.3 0.3 0.3 0.3 0.3 0.3 0.3 0.3 0.3 0.3 0.3 0.3 0.3 0.3 0.3 0.3 0.3 0.3 0.3 0.3 0.3 0.3 0.3 0.3 0.3 0.3 0.3 0.3 0.3 0.3 0.3 0.3 0.3 0.3 0.3 0.3 0.3 0.3 0.3 0.3 0.3 0.3 0.3 0.3 0.3 0.3 0.3 0.3 0.3 0.3 0.3 0.3 0.3 0.3 0.3 0.3 0.3 0.3 0.3 0.3 0.3 0.3 0.3 0.3 0.3 0.3 0.3 0.3 0.3 0.3 0.3 0.3 0.3 0.3 0.3 0.3 0.3 0.3 0.3 0.3 0.3 0.3 0.3 0.3 0.3 0.3 0.3 0.3 0.3 0.3 0.3 0.3 0.3 0.3 0.3 0.3 0.3 0.3 0.3 0.3 0.3 0.3 0.3 0.3 0.3 0.3 0.3 0.3 0.3 0.3 0.3 0.3 0.3 0.3 0.3 0.3 0.3 0.3 0.3 0.3 0.3 0.3 0.3 0.3 0.3 0.3 0.3 0.3 0.3 0.3 0.3 0.3 0.3 0.3 0.3 0.3 0.3 0.3 0.3 0.3 0.3 0.3 0.3 0.3 0.3 0.3 0.3 0.3 0.3 0.3 0.3 0.3 0.3 0.3 0.3 0.3 0.3 0.3 0.3 0.3 0.3 0.3 0.3 0.3 0.3 0.3 0.3 0.3 0.3 0.3 0.3 0.3 0.3 0.3 0.3 0.3 0.3 0.3 0.3 0.3 0.3 0.3 0.3 0.3 0.3 0.3 0.3 0.3 0.3 0.3 0.3 0.3 0.3 0.3 0.3 0.3 0.3 0.3 0.3 0.3 0.3 0.3 0.3 0.3 0.3 0.3 0.3 0.3 0.3 0.3 0.3 0.3 0.3 0.3 0.3 0.3 0.3 0.3 0.3 0.3 0.3 0.3 0.3 0.3 0.3 0.3 0.3 0.3 0.3 0.3 0.3 0.3 0.3 0.3 0.3 0.3 0.3 0.3 0.3 0.3 0.3 0.3 0.3 0.3 0.3 0.3 0.3 0.3 0.3 0.3 0.3 0.3 0.3 0.3 0.3 0.3 0.3 0.3 0.3 0.3 0.3 0.3 0.3 0.3 0.3 0.3 0.3 0.3 0.3 0.3 0.3 0.3 0.3 0.3 0.3 0.3 0.3 0.3 0.3 0.3 0.3 0.3 0.3 0.3 0.3 0.3 0.3 0.3 0.3 0.3 0.3 0.3 0.3 0.3 0.3 0.3 0.3 0.3 0.3 0.3 0.3 0.3 0.3 0.3 0.3 0.3 0.3 0.3 0.3 0.3 0.3 0.3 0.3 0.3 0.3 0.3 0.3 0.3 0.3 0.3 0.3 0.3 0.3 0.3 0.3 0.3 0.3 0.3 0.3 0.3 0.3 0.3 0.3 0.3 0.3 0.3 0.3 0.3 0.3 0.3 0.3 0.3 0.3 0.3 0.3 0.3 0.3 0.3 0.3 0.3 0.3 0.3 0.3 0.3 0.3 0.3 0.3 0.3 0.3 0.3 0.3 0.3 0.3 0.3 0.3 0.3 0.3 0.3 0.3 0.3 0.3 0.3 0.3 0.3 0.3 0.3 0.3 0.3 0.3 0.3 0.3 0.3 0.3 0.3 0.3 0.3 0.3 0.3 0.3 0.3 0.3 0.3 0.3 0.3 0.3 0.3 0.3 0.3 0.3 0.3 0.3 0.3 0.3 0.3 0.3 0.3 0.3 0.3 0.3 0.3 0.3 0.3 0.3 0.3 0.3 0.3 0.3 0.3 0.3 0.3 0.3 0.3 0.3 0.3 0.3 0.3 0.3 0.3 0.3 0.3 0.3 0.3 0.3 0.3 0.3 0.3 0.3 0.3 0.3 0.3 0.3 0.3 0.3 0.3 0.3 0.3 0.3 0.3 0.3 0.3 0.3 0.3 0.3 0.3 0.3 0.3 0.3 0.3 0.3 0.3 0.3 0.3 0.3 0.3 0.3 0.3 0.3 0.3 0.3 0.3 0.3 0.3 0.3 0.3 0.3 0.3 0.3 0.3 0.3 0.3 0.3 0.3 0.3 0.3 0.3 0.3 0.3 0.3 0.3 0.3 0.3 0.3 0.3 0.3 0.3 0.3 0.3 0.3 0.3 0.3 0.3 0.3 0.3 0.3 0.3 0.3 0.3 0.3 0.3 0.3 0.3 0.3 0.3 0.3 0.3 0.3 0.3 0.3 0.3 0.3 0.3 0.3 0.3 0.3 0.3 0.3 0.3 0.3 0.3 0.3 0.3 0.3 0.3 0.3 0.3 0.3 0.3 0.3 0.3 0.3 0.3 0.3 0.3 0.3 0.3 0.3 0.3 0.3 0.3 0.3 0.3 0.3 0.3 0.3 0.3 0.3 0.3 0.3 0.3 0.3 0.3 0.3 0.3 0.3 0.3 0.3 0.3 0.3 0.3 0.3 0.3 0.3 0.3 0.3 0.3 0.3 0.3 0.3 0.3 0.3 0.3 0.3 0.3 0.3 0.3 0.3 0.3 0.3 0.3 0.3 0.3 0.3 0.3 0.3 0.3 0.3 0.3 0.3 0.3 0.3 0.3 0.3 0.3 0.3 0.3 0.3 0.3 0.3 0.3 0.3 0.3 0.3 0.3 0.3 0.3 0.3 0.3 0.3 0.3 0.3 0.3 0.3 0.3 0.3 0.3 0.3 0.3 0.3 0.3 0.3 0.3 0.3 0.3 0.3 0.3 0.3 0.3 0.3 0.3 0.3 0.3 0.3 0.3 0.3 0.3 0.3 0.3 0.3 0.3 0.3 0.3 0.3 0.3 0.3 0.3 0.3 0.3 0.3 0.3 0.3 0.3 0.3 0.3 0.3 0.3 0.3 0.3 0.3 0.3 0.3 0.3 0.3 0.3 0.3 0.3 0.3 0.3 0.3 0.3 0.3 0.3 0.3 0.3 0.3 0.3 0.3 0.3 0.3 0.3 0.3 0.3 0.3 0.3 0.3 0.3 0.3 0.3 0.3 0.3 0.3 0.3 0.3 0.3 0.3 0.3 0.3 0.3 0.3 0.3 0.3 0.3 0.3 0.3 0.3 0.3 0.3 0.3 0.3 0.3 0.3 0.3 0.3 0.3 0.3 0.3 0.3 0.3 0.3 0.3 0.3 0.3 0.3 0.3 0.3 0.3 0.3 0.3 0.3 0.3 0.3 0.3 0.3 0.3 0.3 0.3 0.3 0.3 0.3 0.3 0.3 0.3 0.3 0.3 0.3 0.3 0.3 0.3 0.3 0.3 0.3 0.3 0.3 0.3 0.3 0.3 0.3 0.3 0.3 0.3 0.3 0.3 0.3 0.3 0.3 0.3 0.3 0.3 0.3 0.3 0.3 0.3 0.3 0.3 0.3 0.3 0.3 0.3 0.3 0.3 0.3 0.3 0.3 0.3 0.3 0.3 0.3 0.3 0.3 0.3 0.3 0.3 0.3 0.3 0.3 0.3 0.3 0.3 0.3 0.3 0.3 0.3 0.3 0.3 0.3 0.3 0.3 0.3 0.3 0.3 0.3 0.3 0.3 0.3 0.3 0.3 0.3 0.3 0.3 0.3 0.3 0.3 0.3 0.3 0.3 0.3 0.3 0.3 0.3 0.3 0.3 0.3 0.3 0.3 0.3 0.3 0.3 0.3 0.3 0.3 0.3 0.3 0.3 0.3 0.3 0.3 0.3 0.3 0.3 0.3 0.3 0.3 0.3 0.3 0.3 0.3 0.3 0.3 0.3 0.3 0.3 0.3 0.3 0.3 0.3 0.3 0.3 0.3 0.3 0.3 0.3 0.3 0.3 0.3 0.3 0.3 0.3 0.3 0.3 0.3 0.3 0.3 0.3 0.3 0.3 0.3 0.3 0.3 0.3 0.3 0.3 0.3 0.3 0.3 
				</DataArray>
				<DataArray type="Float64" Name="Stress" NumberOfComponents="4" ComponentName0="XX" ComponentName1="YY" ComponentName2="XY" ComponentName3="Intensity" format="ascii" >
1.33866e+06 1.32803e+06 -338564 1.45663e+06 1.33884e+06 1.32786e+06 -349401 1.46429e+06 1.33901e+06 1.32768e+06 -360585 1.4724e+06 1.33919e+06 1.3275e+06 -372127 1.481e+06 1.33938e+06 1.32732e+06 -384038 1.49009e+06 1.33957e+06 1.32712e+06 -396330 1.49972e+06 1.33977e+06 1.32692e+06 -409016 1.50991e+06 1.33998e+06 1.32672e+06 -422108 1.52068e+06 1.34019e+06 1.32651e+06 -435619 1.53208e+06 1.34041e+06 1.32629e+06 -449562 1.54412e+06 1.34064e+06 1.32606e+06 -463952 1.55684e+06 1.34087e+06 1.32583e+06 -478802 1.57027e+06 1.34111e+06 1.32559e+06 -494128 1.58445e+06 1.34136e+06 1.32534e+06 -509944 1.59942e+06 1.34162e+06 1.32509e+06 -526266 1.61521e+06 1.34189e+06 1.32482e+06 -543111 1.63186e+06 1.34216e+06 1.32455e+06 -560495 1.6494e+06 1.34244e+06 1.32427e+06 -578436 1.66789e+06 1.34273e+06 1.32398e+06 -596951 1.68735e+06 1.34303e+06 1.32368e+06 -616058 1.70784e+06 1.34335e+06 1.32337e+06 -635777 1.72939e+06 1.34367e+06 1.32305e+06 -656127 1.75205e+06 1.344e+06 1.32272e+06 -677129 1.77586e+06 1.34434e+06 1.32238e+06 -698802 1.80088e+06 1.34469e+06 1.32203e+06 -721170 1.82715e+06 1.34505e+06 1.32167e+06 -744253 1.85472e+06 1.34543e+06 1.3213e+06 -768075 1.88364e+06 1.34582e+06 1.32091e+06 -792660 1.91396e+06 1.34622e+06 1.32051e+06 -818032 1.94574e+06 1.34663e+06 1.3201e+06 -844216 1.97901e+06 1.34705e+06 1.31968e+06 -871238 2.01385e+06 1.34749e+06 1.31924e+06 -899124 2.0503e+06 1.34795e+06 1.31879e+06 -927904 2.08843e+06 1.34841e+06 1.31833e+06 -957604 2.12828e+06 1.3489e+06 1.31785e+06 -988256 2.16992e+06 1.34939e+06 1.31735e+06 -1.01989e+06 2.21341e+06 1.34991e+06 1.31684e+06 -1.05253e+06 2.2588e+06 1.35044e+06 1.31631e+06 -1.08622e+06 2.30617e+06 1.35099e+06 1.31577e+06 -1.12099e+06 2.35556e+06 1.35155e+06 1.3152e+06 -1.15687e+06 2.40706e+06 1.35213e+06 1.31462e+06 -1.1939e+06 2.46072e+06 1.35274e+06 1.31403e+06 -1.23212e+06 2.51662e+06 1.35336e+06 1.31341e+06 -1.27155e+06 2.57481e+06 1.354e+06 1.31277e+06 -1.31225e+06 2.63538e+06 1.3493e+06 1.3174e+06 -338230 1.45663e+06 1.34981e+06 1.31689e+06 -349056 1.46429e+06 1.35034e+06 1.31636e+06 -360229 1.4724e+06 1.35088e+06 1.31582e+06 -371759 1.481e+06 1.35144e+06 1.31526e+06 -383659 1.49009e+06 1.35202e+06 1.31468e+06 -395939 1.49972e+06 1.35262e+06 1.31408e+06 -408612 1.50991e+06 1.35324e+06 1.31346e+06 -421691 1.52068e+06 1.35387e+06 1.31283e+06 -435189 1.53208e+06 1.35453e+06 1.31217e+06 -449118 1.54412e+06 1.35521e+06 1.31149e+06 -463494 1.55684e+06 1.35591e+06 1.31079e+06 -478330 1.57027e+06 1.35663e+06 1.31007e+06 -493640 1.58445e+06 1.35738e+06 1.30933e+06 -509441 1.59942e+06 1.35815e+06 1.30856e+06 -525747 1.61521e+06 1.35894e+06 1.30777e+06 -542575 1.63186e+06 1.35976e+06 1.30695e+06 -559942 1.6494e+06 1.36061e+06 1.3061e+06 -577865 1.66789e+06 1.36148e+06 1.30523e+06 -596361 1.68735e+06 1.36238e+06 1.30433e+06 -615450 1.70784e+06 1.36331e+06 1.3034e+06 -635149 1.72939e+06 1.36427e+06 1.30245e+06 -655480 1.75205e+06 1.36526e+06 1.30146e+06 -676460 1.77586e+06 1.36628e+06 1.30044e+06 -698113 1.80088e+06 1.36734e+06 1.29939e+06 -720458 1.82715e+06 1.36843e+06 1.2983e+06 -743519 1.85472e+06 1.36955e+06 1.29718e+06 -767317 1.88364e+06 1.37071e+06 1.29602e+06 -791878 1.91396e+06 1.3719e+06 1.29483e+06 -817225 1.94574e+06 1.37314e+06 1.29359e+06 -843383 1.97901e+06 1.37441e+06 1.29232e+06 -870378 2.01385e+06 1.37573e+06 1.29101e+06 -898237 2.0503e+06 1.37708e+06 1.28965e+06 -926988 2.08843e+06 1.37849e+06 1.28826e+06 -956659 2.12828e+06 1.37993e+06 1.28681e+06 -987280 2.16992e+06 1.38142e+06 1.28532e+06 -1.01888e+06 2.21341e+06 1.38296e+06 1.28379e+06 -1.05149e+06 2.2588e+06 1.38455e+06 1.2822e+06 -1.08515e+06 2.30617e+06 1.38619e+06 1.28056e+06 -1.11988e+06 2.35556e+06 1.38788e+06 1.27887e+06 -1.15573e+06 2.40706e+06 1.38963e+06 1.27713e+06 -1.19272e+06 2.46072e+06 1.39143e+06 1.27533e+06 -1.2309e+06 2.51662e+06 1.39329e+06 1.27348e+06 -1.2703e+06 2.57481e+06 1.39521e+06 1.27156e+06 -1.31096e+06 2.63538e+06 1.35991e+06 1.30678e+06 -337562 1.45663e+06 1.36076e+06 1.30593e+06 -348367 1.46429e+06 1.36164e+06 1.30505e+06 -359518 1.4724e+06 1.36255e+06 1.30415e+06 -371025 1.481e+06 1.36348e+06 1.30321e+06 -382901 1.49009e+06 1.36445e+06 1.30225e+06 -395157 1.49972e+06 1.36544e+06 1.30125e+06 -407805 1.50991e+06 1.36647e+06 1.30023e+06 -420859 1.52068e+06 1.36753e+06 1.29917e+06 -434329 1.53208e+06 1.36863e+06 1.29807e+06 -448232 1.54412e+06 1.36976e+06 1.29695e+06 -462579 1.55684e+06 1.37092e+06 1.29578e+06 -477385 1.57027e+06 1.37213e+06 1.29458e+06 -492665 1.58445e+06 1.37337e+06 1.29334e+06 -508435 1.59942e+06 1.37465e+06 1.29206e+06 -524709 1.61521e+06 1.37597e+06 1.29074e+06 -541504 1.63186e+06 1.37734e+06 1.28937e+06 -558836 1.6494e+06 1.37874e+06 1.28797e+06 -576724 1.66789e+06 1.3802e+06 1.28651e+06 -595184 1.68735e+06 1.3817e+06 1.28502e+06 -614235 1.70784e+06 1.38325e+06 1.28347e+06 -633895 1.72939e+06 1.38484e+06 1.28187e+06 -654185 1.75205e+06 1.38649e+06 1.28023e+06 -675124 1.77586e+06 1.38819e+06 1.27853e+06 -696734 1.80088e+06 1.38995e+06 1.27677e+06 -719035 1.82715e+06 1.39176e+06 1.27496e+06 -742050 1.85472e+06 1.39363e+06 1.27309e+06 -765802 1.88364e+06 1.39556e+06 1.27116e+06 -790314 1.91396e+06 1.39755e+06 1.26917e+06 -815611 1.94574e+06 1.39961e+06 1.26712e+06 -841717 1.97901e+06 1.40173e+06 1.265e+06 -868659 2.01385e+06 1.40392e+06 1.26281e+06 -896463 2.0503e+06 1.40618e+06 1.26056e+06 -925158 2.08843e+06 1.40851e+06 1.25823e+06 -954770 2.12828e+06 1.41092e+06 1.25582e+06 -985331 2.16992e+06 1.4134e+06 1.25334e+06 -1.01687e+06 2.21341e+06 1.41596e+06 1.25078e+06 -1.04942e+06 2.2588e+06 1.41861e+06 1.24814e+06 -1.08301e+06 2.30617e+06 1.42134e+06 1.24541e+06 -1.11767e+06 2.35556e+06 1.42416e+06 1.2426e+06 -1.15345e+06 2.40706e+06 1.42706e+06 1.2397e+06 -1.19037e+06 2.46072e+06 1.43006e+06 1.2367e+06 -1.22847e+06 2.51662e+06 1.43316e+06 1.2336e+06 -1.26779e+06 2.57481e+06 1.43635e+06 1.23041e+06 -1.30837e+06 2.63538e+06 1.3705e+06 1.29619e+06 -336561 1.45663e+06 1.37169e+06 1.295e+06 -347334 1.46429e+06 1.37292e+06 1.29377e+06 -358451 1.4724e+06 1.37419e+06 1.29251e+06 -369925 1.481e+06 1.3755e+06 1.2912e+06 -381766 1.49009e+06 1.37684e+06 1.28985e+06 -393985 1.49972e+06 1.37824e+06 1.28846e+06 -406596 1.50991e+06 1.37968e+06 1.28702e+06 -419610 1.52068e+06 1.38116e+06 1.28554e+06 -433041 1.53208e+06 1.38269e+06 1.28401e+06 -446902 1.54412e+06 1.38427e+06 1.28243e+06 -461207 1.55684e+06 1.3859e+06 1.2808e+06 -475969 1.57027e+06 1.38758e+06 1.27912e+06 -491204 1.58445e+06 1.38932e+06 1.27739e+06 -506927 1.59942e+06 1.39111e+06 1.2756e+06 -523153 1.61521e+06 1.39296e+06 1.27375e+06 -539898 1.63186e+06 1.39487e+06 1.27184e+06 -557179 1.6494e+06 1.39684e+06 1.26987e+06 -575014 1.66789e+06 1.39887e+06 1.26784e+06 -593419 1.68735e+06 1.40097e+06 1.26575e+06 -612413 1.70784e+06 1.40313e+06 1.26358e+06 -632015 1.72939e+06 1.40537e+06 1.26135e+06 -652245 1.75205e+06 1.40767e+06 1.25905e+06 -673122 1.77586e+06 1.41005e+06 1.25667e+06 -694668 1.80088e+06 1.41251e+06 1.25421e+06 -716903 1.82715e+06 1.41504e+06 1.25168e+06 -739850 1.85472e+06 1.41766e+06 1.24907e+06 -763531 1.88364e+06 1.42036e+06 1.24637e+06 -787970 1.91396e+06 1.42314e+06 1.24359e+06 -813192 1.94574e+06 1.42602e+06 1.24071e+06 -839221 1.97901e+06 1.42898e+06 1.23775e+06 -866083 2.01385e+06 1.43204e+06 1.23469e+06 -893805 2.0503e+06 1.4352e+06 1.23153e+06 -922414 2.08843e+06 1.43847e+06 1.22828e+06 -951939 2.12828e+06 1.44183e+06 1.22491e+06 -982409 2.16992e+06 1.4453e+06 1.22144e+06 -1.01385e+06 2.21341e+06 1.44889e+06 1.21786e+06 -1.04631e+06 2.2588e+06 1.45259e+06 1.21416e+06 -1.0798e+06 2.30617e+06 1.4564e+06 1.21035e+06 -1.11436e+06 2.35556e+06 1.46034e+06 1.20641e+06 -1.15003e+06 2.40706e+06 1.46441e+06 1.20235e+06 -1.18684e+06 2.46072e+06 1.4686e+06 1.19816e+06 -1.22483e+06 2.51662e+06 1.47293e+06 1.19383e+06 -1.26403e+06 2.57481e+06 1.4774e+06 1.18937e+06 -1.30449e+06 2.63538e+06 1.38106e+06 1.28564e+06 -335228 1.45663e+06 1.38258e+06 1.28411e+06 -345958 1.46429e+06 1.38416e+06 1.28253e+06 -357032 1.4724e+06 1.38579e+06 1.28091e+06 -368460 1.481e+06 1.38747e+06 1.27923e+06 -380253 1.49009e+06 1.3892e+06 1.2775e+06 -392425 1.49972e+06 1.39099e+06 1.27571e+06 -404985 1.50991e+06 1.39283e+06 1.27387e+06 -417948 1.52068e+06 1.39474e+06 1.27196e+06 -431326 1.53208e+06 1.3967e+06 1.27e+06 -445132 1.54412e+06 1.39873e+06 1.26797e+06 -459380 1.55684e+06 1.40082e+06 1.26588e+06 -474084 1.57027e+06 1.40298e+06 1.26372e+06 -489259 1.58445e+06 1.40521e+06 1.26149e+06 -504919 1.59942e+06 1.40751e+06 1.25919e+06 -521080 1.61521e+06 1.40989e+06 1.25682e+06 -537759 1.63186e+06 1.41234e+06 1.25437e+06 -554972 1.6494e+06 1.41487e+06 1.25184e+06 -572736 1.66789e+06 1.41748e+06 1.24923e+06 -591068 1.68735e+06 1.42017e+06 1.24654e+06 -609987 1.70784e+06 1.42295e+06 1.24376e+06 -629512 1.72939e+06 1.42582e+06 1.2409e+06 -649661 1.75205e+06 1.42878e+06 1.23794e+06 -670456 1.77586e+06 1.43183e+06 1.23489e+06 -691916 1.80088e+06 1.43499e+06 1.23173e+06 -714063 1.82715e+06 1.43824e+06 1.22848e+06 -736919 1.85472e+06 1.4416e+06 1.22513e+06 -760507 1.88364e+06 1.44506e+06 1.22166e+06 -784849 1.91396e+06 1.44864e+06 1.21809e+06 -809971 1.94574e+06 1.45233e+06 1.2144e+06 -835897 1.97901e+06 1.45614e+06 1.21059e+06 -862652 2.01385e+06 1.46007e+06 1.20666e+06 -890264 2.0503e+06 1.46413e+06 1.20261e+06 -918760 2.08843e+06 1.46831e+06 1.19843e+06 -948168 2.12828e+06 1.47263e+06 1.19411e+06 -978517 2.16992e+06 1.47709e+06 1.18965e+06 -1.00984e+06 2.21341e+06 1.4817e+06 1.18505e+06 -1.04216e+06 2.2588e+06 1.48644e+06 1.18031e+06 -1.07552e+06 2.30617e+06 1.49134e+06 1.17541e+06 -1.10994e+06 2.35556e+06 1.4964e+06 1.17035e+06 -1.14547e+06 2.40706e+06 1.50162e+06 1.16514e+06 -1.18214e+06 2.46072e+06 1.50701e+06 1.15975e+06 -1.21997e+06 2.51662e+06 1.51257e+06 1.1542e+06 -1.25902e+06 2.57481e+06 1.5183e+06 1.14846e+06 -1.29932e+06 2.63538e+06 1.39156e+06 1.27513e+06 -333564 1.45663e+06 1.39343e+06 1.27327e+06 -344241 1.46429e+06 1.39535e+06 1.27134e+06 -355259 1.4724e+06 1.39733e+06 1.26936e+06 -366631 1.481e+06 1.39938e+06 1.26731e+06 -378366 1.49009e+06 1.4015e+06 1.2652e+06 -390477 1.49972e+06 1.40368e+06 1.26302e+06 -402975 1.50991e+06 1.40593e+06 1.26077e+06 -415874 1.52068e+06 1.40825e+06 1.25845e+06 -429185 1.53208e+06 1.41065e+06 1.25605e+06 -442923 1.54412e+06 1.41313e+06 1.25357e+06 -457100 1.55684e+06 1.41568e+06 1.25102e+06 -471731 1.57027e+06 1.41832e+06 1.24839e+06 -486830 1.58445e+06 1.42104e+06 1.24567e+06 -502413 1.59942e+06 1.42385e+06 1.24286e+06 -518494 1.61521e+06 1.42674e+06 1.23997e+06 -535090 1.63186e+06 1.42973e+06 1.23698e+06 -552217 1.6494e+06 1.43282e+06 1.23389e+06 -569893 1.66789e+06 1.436e+06 1.23071e+06 -588134 1.68735e+06 1.43929e+06 1.22743e+06 -606959 1.70784e+06 1.44268e+06 1.22404e+06 -626387 1.72939e+06 1.44618e+06 1.22054e+06 -646437 1.75205e+06 1.44979e+06 1.21693e+06 -667128 1.77586e+06 1.45352e+06 1.2132e+06 -688482 1.80088e+06 1.45737e+06 1.20936e+06 -710519 1.82715e+06 1.46134e+06 1.20539e+06 -733261 1.85472e+06 1.46543e+06 1.20129e+06 -756732 1.88364e+06 1.46966e+06 1.19707e+06 -780953 1.91396e+06 1.47403e+06 1.1927e+06 -805950 1.94574e+06 1.47853e+06 1.1882e+06 -831747 1.97901e+06 1.48318e+06 1.18356e+06 -858370 2.01385e+06 1.48797e+06 1.17876e+06 -885845 2.0503e+06 1.49292e+06 1.17382e+06 -914199 2.08843e+06 1.49803e+06 1.16871e+06 -943461 2.12828e+06 1.5033e+06 1.16344e+06 -973660 2.16992e+06 1.50874e+06 1.158e+06 -1.00483e+06 2.21341e+06 1.51436e+06 1.15239e+06 -1.03699e+06 2.2588e+06 1.52015e+06 1.1466e+06 -1.07018e+06 2.30617e+06 1.52613e+06 1.14062e+06 -1.10443e+06 2.35556e+06 1.5323e+06 1.13445e+06 -1.13979e+06 2.40706e+06 1.53867e+06 1.12809e+06 -1.17627e+06 2.46072e+06 1.54524e+06 1.12152e+06 -1.21392e+06 2.51662e+06 1.55203e+06 1.11474e+06 -1.25277e+06 2.57481e+06 1.55903e+06 1.10774e+06 -1.29287e+06 2.63538e+06 1.40201e+06 1.26468e+06 -331571 1.45663e+06 1.40421e+06 1.26248e+06 -342184 1.46429e+06 1.40648e+06 1.26022e+06 -353136 1.4724e+06 1.40882e+06 1.25788e+06 -364440 1.481e+06 1.41124e+06 1.25546e+06 -376105 1.49009e+06 1.41373e+06 1.25297e+06 -388143 1.49972e+06 1.4163e+06 1.2504e+06 -400567 1.50991e+06 1.41896e+06 1.24774e+06 -413389 1.52068e+06 1.4217e+06 1.245e+06 -426620 1.53208e+06 1.42453e+06 1.24217e+06 -440276 1.54412e+06 1.42745e+06 1.23926e+06 -454368 1.55684e+06 1.43046e+06 1.23624e+06 -468912 1.57027e+06 1.43357e+06 1.23314e+06 -483921 1.58445e+06 1.43678e+06 1.22993e+06 -499410 1.59942e+06 1.44009e+06 1.22662e+06 -515396 1.61521e+06 1.4435e+06 1.2232e+06 -531893 1.63186e+06 1.44703e+06 1.21968e+06 -548918 1.6494e+06 1.45067e+06 1.21604e+06 -566487 1.66789e+06 1.45443e+06 1.21229e+06 -584620 1.68735e+06 1.4583e+06 1.20841e+06 -603332 1.70784e+06 1.4623e+06 1.20441e+06 -622644 1.72939e+06 1.46643e+06 1.20029e+06 -642574 1.75205e+06 1.47069e+06 1.19603e+06 -663142 1.77586e+06 1.47509e+06 1.19163e+06 -684368 1.80088e+06 1.47962e+06 1.1871e+06 -706273 1.82715e+06 1.48431e+06 1.18242e+06 -728880 1.85472e+06 1.48914e+06 1.17759e+06 -752210 1.88364e+06 1.49413e+06 1.1726e+06 -776287 1.91396e+06 1.49927e+06 1.16746e+06 -801134 1.94574e+06 1.50458e+06 1.16215e+06 -826777 1.97901e+06 1.51006e+06 1.15667e+06 -853241 2.01385e+06 1.51572e+06 1.15101e+06 -880552 2.0503e+06 1.52156e+06 1.14518e+06 -908737 2.08843e+06 1.52758e+06 1.13916e+06 -937824 2.12828e+06 1.5338e+06 1.13294e+06 -967842 2.16992e+06 1.54022e+06 1.12653e+06 -998821 2.21341e+06 1.54684e+06 1.11991e+06 -1.03079e+06 2.2588e+06 1.55367e+06 1.11308e+06 -1.06379e+06 2.30617e+06 1.56073e+06 1.10603e+06 -1.09784e+06 2.35556e+06 1.56801e+06 1.09875e+06 -1.13297e+06 2.40706e+06 1.57552e+06 1.09124e+06 -1.16924e+06 2.46072e+06 1.58327e+06 1.08349e+06 -1.20666e+06 2.51662e+06 1.59127e+06 1.0755e+06 -1.24529e+06 2.57481e+06 1.59953e+06 1.06724e+06 -1.28515e+06 2.63538e+06 1.41239e+06 1.2543e+06 -329250 1.45663e+06 1.41492e+06 1.25177e+06 -339789 1.46429e+06 1.41753e+06 1.24916e+06 -350665 1.4724e+06 1.42023e+06 1.24647e+06 -361889 1.481e+06 1.42301e+06 1.24369e+06 -373473 1.49009e+06 1.42588e+06 1.24082e+06 -385427 1.49972e+06 1.42884e+06 1.23785e+06 -397764 1.50991e+06 1.4319e+06 1.2348e+06 -410496 1.52068e+06 1.43506e+06 1.23164e+06 -423635 1.53208e+06 1.43831e+06 1.22839e+06 -437195 1.54412e+06 1.44167e+06 1.22503e+06 -451188 1.55684e+06 1.44514e+06 1.22156e+06 -465630 1.57027e+06 1.44872e+06 1.21799e+06 -480534 1.58445e+06 1.45241e+06 1.21429e+06 -495915 1.59942e+06 1.45622e+06 1.21048e+06 -511789 1.61521e+06 1.46016e+06 1.20655e+06 -528170 1.63186e+06 1.46422e+06 1.20249e+06 -545076 1.6494e+06 1.46841e+06 1.19831e+06 -562523 1.66789e+06 1.47273e+06 1.19398e+06 -580528 1.68735e+06 1.47719e+06 1.18952e+06 -599110 1.70784e+06 1.4818e+06 1.18492e+06 -618287 1.72939e+06 1.48655e+06 1.18017e+06 -638077 1.75205e+06 1.49145e+06 1.17527e+06 -658501 1.77586e+06 1.49651e+06 1.17021e+06 -679578 1.80088e+06 1.50174e+06 1.16499e+06 -701330 1.82715e+06 1.50713e+06 1.1596e+06 -723779 1.85472e+06 1.51269e+06 1.15404e+06 -746946 1.88364e+06 1.51843e+06 1.1483e+06 -770854 1.91396e+06 1.52435e+06 1.14238e+06 -795528 1.94574e+06 1.53047e+06 1.13626e+06 -820991 1.97901e+06 1.53678e+06 1.12996e+06 -847270 2.01385e+06 1.54329e+06 1.12345e+06 -874389 2.0503e+06 1.55001e+06 1.11673e+06 -902377 2.08843e+06 1.55695e+06 1.10979e+06 -931261 2.12828e+06 1.5641e+06 1.10264e+06 -961069 2.16992e+06 1.57149e+06 1.09526e+06 -991831 2.21341e+06 1.57911e+06 1.08763e+06 -1.02358e+06 2.2588e+06 1.58698e+06 1.07977e+06 -1.05634e+06 2.30617e+06 1.5951e+06 1.07165e+06 -1.09015e+06 2.35556e+06 1.60348e+06 1.06328e+06 -1.12505e+06 2.40706e+06 1.61212e+06 1.05463e+06 -1.16106e+06 2.46072e+06 1.62105e+06 1.04571e+06 -1.19822e+06 2.51662e+06 1.63026e+06 1.03651e+06 -1.23657e+06 2.57481e+06 1.63976e+06 1.02701e+06 -1.27615e+06 2.63538e+06 1.4227e+06 1.244e+06 -326605 1.45663e+06 1.42556e+06 1.24114e+06 -337059 1.46429e+06 1.42851e+06 1.23819e+06 -347848 1.4724e+06 1.43155e+06 1.23514e+06 -358982 1.481e+06 1.4347e+06 1.232e+06 -370472 1.49009e+06 1.43794e+06 1.22875e+06 -382330 1.49972e+06 1.44129e+06 1.22541e+06 -394568 1.50991e+06 1.44475e+06 1.22195e+06 -407197 1.52068e+06 1.44831e+06 1.21839e+06 -420231 1.53208e+06 1.45199e+06 1.21471e+06 -433682 1.54412e+06 1.45579e+06 1.21091e+06 -447563 1.55684e+06 1.45971e+06 1.20699e+06 -461889 1.57027e+06 1.46376e+06 1.20295e+06 -476673 1.58445e+06 1.46793e+06 1.19878e+06 -491931 1.59942e+06 1.47224e+06 1.19447e+06 -507677 1.61521e+06 1.47668e+06 1.19002e+06 -523927 1.63186e+06 1.48127e+06 1.18544e+06 -540697 1.6494e+06 1.48601e+06 1.1807e+06 -558003 1.66789e+06 1.49089e+06 1.17582e+06 -575864 1.68735e+06 1.49594e+06 1.17078e+06 -594297 1.70784e+06 1.50114e+06 1.16557e+06 -613319 1.72939e+06 1.50651e+06 1.1602e+06 -632950 1.75205e+06 1.51206e+06 1.15466e+06 -653210 1.77586e+06 1.51778e+06 1.14894e+06 -674118 1.80088e+06 1.52368e+06 1.14304e+06 -695695 1.82715e+06 1.52977e+06 1.13695e+06 -717963 1.85472e+06 1.53606e+06 1.13066e+06 -740944 1.88364e+06 1.54255e+06 1.12418e+06 -764661 1.91396e+06 1.54925e+06 1.11748e+06 -789136 1.94574e+06 1.55616e+06 1.11057e+06 -814395 1.97901e+06 1.56329e+06 1.10344e+06 -840462 2.01385e+06 1.57065e+06 1.09608e+06 -867364 2.0503e+06 1.57825e+06 1.08849e+06 -895127 2.08843e+06 1.58609e+06 1.08065e+06 -923778 2.12828e+06 1.59418e+06 1.07257e+06 -953347 2.16992e+06 1.60253e+06 1.06422e+06 -983862 2.21341e+06 1.61114e+06 1.0556e+06 -1.01535e+06 2.2588e+06 1.62004e+06 1.04671e+06 -1.04785e+06 2.30617e+06 1.62921e+06 1.03754e+06 -1.08139e+06 2.35556e+06 1.63868e+06 1.02807e+06 -1.11601e+06 2.40706e+06 1.64846e+06 1.0183e+06 -1.15173e+06 2.46072e+06 1.65854e+06 1.00822e+06 -1.18859e+06 2.51662e+06 1.66895e+06 997812 -1.22664e+06 2.57481e+06 1.67969e+06 987073 -1.2659e+06 2.63538e+06 1.43291e+06 1.23378e+06 -323637 1.45663e+06 1.4361e+06 1.2306e+06 -333996 1.46429e+06 1.43939e+06 1.22731e+06 -344687 1.4724e+06 1.44278e+06 1.22391e+06 -355720 1.481e+06 1.44628e+06 1.22041e+06 -367106 1.49009e+06 1.4499e+06 1.2168e+06 -378856 1.49972e+06 1.45363e+06 1.21307e+06 -390983 1.50991e+06 1.45748e+06 1.20922e+06 -403497 1.52068e+06 1.46146e+06 1.20524e+06 -416413 1.53208e+06 1.46556e+06 1.20114e+06 -429741 1.54412e+06 1.46979e+06 1.19691e+06 -443497 1.55684e+06 1.47416e+06 1.19255e+06 -457692 1.57027e+06 1.47866e+06 1.18804e+06 -472342 1.58445e+06 1.48332e+06 1.18339e+06 -487461 1.59942e+06 1.48812e+06 1.17859e+06 -503064 1.61521e+06 1.49307e+06 1.17364e+06 -519166 1.63186e+06 1.49818e+06 1.16853e+06 -535784 1.6494e+06 1.50346e+06 1.16325e+06 -552933 1.66789e+06 1.50891e+06 1.15781e+06 -570632 1.68735e+06 1.51453e+06 1.15219e+06 -588897 1.70784e+06 1.52032e+06 1.14639e+06 -607746 1.72939e+06 1.52631e+06 1.14041e+06 -627199 1.75205e+06 1.53249e+06 1.13423e+06 -647275 1.77586e+06 1.53886e+06 1.12786e+06 -667993 1.80088e+06 1.54544e+06 1.12128e+06 -689374 1.82715e+06 1.55223e+06 1.11449e+06 -711440 1.85472e+06 1.55924e+06 1.10749e+06 -734212 1.88364e+06 1.56647e+06 1.10026e+06 -757713 1.91396e+06 1.57393e+06 1.0928e+06 -781966 1.94574e+06 1.58163e+06 1.0851e+06 -806995 1.97901e+06 1.58958e+06 1.07716e+06 -832825 2.01385e+06 1.59778e+06 1.06896e+06 -859483 2.0503e+06 1.60624e+06 1.06049e+06 -886993 2.08843e+06 1.61498e+06 1.05176e+06 -915385 2.12828e+06 1.62399e+06 1.04275e+06 -944684 2.16992e+06 1.6333e+06 1.03345e+06 -974922 2.21341e+06 1.6429e+06 1.02385e+06 -1.00613e+06 2.2588e+06 1.65281e+06 1.01394e+06 -1.03833e+06 2.30617e+06 1.66303e+06 1.00372e+06 -1.07157e+06 2.35556e+06 1.67359e+06 993169 -1.10587e+06 2.40706e+06 1.68448e+06 982281 -1.14126e+06 2.46072e+06 1.69572e+06 971044 -1.17779e+06 2.51662e+06 1.70732e+06 959448 -1.21549e+06 2.57481e+06 1.71929e+06 947481 -1.2544e+06 2.63538e+06 1.44303e+06 1.22367e+06 -320350 1.45663e+06 1.44654e+06 1.22016e+06 -330604 1.46429e+06 1.45016e+06 1.21653e+06 -341186 1.4724e+06 1.4539e+06 1.21279e+06 -352107 1.481e+06 1.45776e+06 1.20894e+06 -363377 1.49009e+06 1.46174e+06 1.20495e+06 -375008 1.49972e+06 1.46585e+06 1.20085e+06 -387012 1.50991e+06 1.47009e+06 1.1966e+06 -399399 1.52068e+06 1.47447e+06 1.19223e+06 -412183 1.53208e+06 1.47899e+06 1.18771e+06 -425377 1.54412e+06 1.48365e+06 1.18305e+06 -438992 1.55684e+06 1.48846e+06 1.17824e+06 -453044 1.57027e+06 1.49343e+06 1.17328e+06 -467545 1.58445e+06 1.49855e+06 1.16815e+06 -482510 1.59942e+06 1.50384e+06 1.16287e+06 -497954 1.61521e+06 1.5093e+06 1.15741e+06 -513893 1.63186e+06 1.51493e+06 1.15178e+06 -530342 1.6494e+06 1.52074e+06 1.14597e+06 -547317 1.66789e+06 1.52674e+06 1.13997e+06 -564836 1.68735e+06 1.53293e+06 1.13378e+06 -582915 1.70784e+06 1.53932e+06 1.12739e+06 -601573 1.72939e+06 1.54592e+06 1.1208e+06 -620829 1.75205e+06 1.55272e+06 1.114e+06 -640700 1.77586e+06 1.55974e+06 1.10698e+06 -661208 1.80088e+06 1.56699e+06 1.09973e+06 -682372 1.82715e+06 1.57447e+06 1.09226e+06 -704214 1.85472e+06 1.58219e+06 1.08454e+06 -726755 1.88364e+06 1.59015e+06 1.07658e+06 -750017 1.91396e+06 1.59837e+06 1.06836e+06 -774023 1.94574e+06 1.60686e+06 1.05988e+06 -798799 1.97901e+06 1.61561e+06 1.05112e+06 -824367 2.01385e+06 1.62465e+06 1.04209e+06 -850753 2.0503e+06 1.63397e+06 1.03277e+06 -877984 2.08843e+06 1.64359e+06 1.02315e+06 -906087 2.12828e+06 1.65352e+06 1.01322e+06 -935090 2.16992e+06 1.66377e+06 1.00297e+06 -965020 2.21341e+06 1.67435e+06 992398 -995909 2.2588e+06 1.68526e+06 981485 -1.02779e+06 2.30617e+06 1.69653e+06 970223 -1.06068e+06 2.35556e+06 1.70815e+06 958601 -1.09463e+06 2.40706e+06 1.72015e+06 946606 -1.12967e+06 2.46072e+06 1.73253e+06 934228 -1.16583e+06 2.51662e+06 1.74531e+06 921453 -1.20315e+06 2.57481e+06 1.7585e+06 908269 -1.24166e+06 2.63538e+06 1.45304e+06 1.21366e+06 -316747 1.45663e+06 1.45687e+06 1.20983e+06 -326886 1.46429e+06 1.46082e+06 1.20587e+06 -337349 1.4724e+06 1.4649e+06 1.20179e+06 -348147 1.481e+06 1.46911e+06 1.19758e+06 -359290 1.49009e+06 1.47346e+06 1.19324e+06 -370790 1.49972e+06 1.47794e+06 1.18875e+06 -382659 1.50991e+06 1.48257e+06 1.18413e+06 -394907 1.52068e+06 1.48735e+06 1.17935e+06 -407547 1.53208e+06 1.49228e+06 1.17442e+06 -420592 1.54412e+06 1.49737e+06 1.16934e+06 -434055 1.55684e+06 1.50262e+06 1.16409e+06 -447948 1.57027e+06 1.50804e+06 1.15867e+06 -462286 1.58445e+06 1.51363e+06 1.15308e+06 -477083 1.59942e+06 1.5194e+06 1.14731e+06 -492354 1.61521e+06 1.52535e+06 1.14135e+06 -508113 1.63186e+06 1.5315e+06 1.13521e+06 -524377 1.6494e+06 1.53784e+06 1.12887e+06 -541161 1.66789e+06 1.54439e+06 1.12232e+06 -558483 1.68735e+06 1.55114e+06 1.11557e+06 -576359 1.70784e+06 1.55812e+06 1.1086e+06 -594807 1.72939e+06 1.56531e+06 1.10141e+06 -613846 1.75205e+06 1.57274e+06 1.09398e+06 -633494 1.77586e+06 1.5804e+06 1.08632e+06 -653771 1.80088e+06 1.58831e+06 1.07841e+06 -674697 1.82715e+06 1.59647e+06 1.07025e+06 -696293 1.85472e+06 1.60489e+06 1.06183e+06 -718580 1.88364e+06 1.61358e+06 1.05314e+06 -741581 1.91396e+06 1.62255e+06 1.04418e+06 -765317 1.94574e+06 1.63181e+06 1.03492e+06 -789814 1.97901e+06 1.64137e+06 1.02537e+06 -815095 2.01385e+06 1.65122e+06 1.01551e+06 -841184 2.0503e+06 1.6614e+06 1.00534e+06 -868109 2.08843e+06 1.6719e+06 994839 -895896 2.12828e+06 1.68274e+06 984005 -924572 2.16992e+06 1.69392e+06 972823 -954166 2.21341e+06 1.70546e+06 961284 -984707 2.2588e+06 1.71737e+06 949375 -1.01623e+06 2.30617e+06 1.72967e+06 937085 -1.04875e+06 2.35556e+06 1.74235e+06 924402 -1.08232e+06 2.40706e+06 1.75545e+06 911313 -1.11697e+06 2.46072e+06 1.76896e+06 897805 -1.15272e+06 2.51662e+06 1.7829e+06 883864 -1.18961e+06 2.57481e+06 1.79729e+06 869478 -1.22769e+06 2.63538e+06 1.46293e+06 1.20377e+06 -312831 1.45663e+06 1.46707e+06 1.19962e+06 -322844 1.46429e+06 1.47135e+06 1.19534e+06 -333178 1.4724e+06 1.47577e+06 1.19092e+06 -343843 1.481e+06 1.48033e+06 1.18637e+06 -354848 1.49009e+06 1.48504e+06 1.18166e+06 -366206 1.49972e+06 1.48989e+06 1.17681e+06 -377928 1.50991e+06 1.4949e+06 1.1718e+06 -390025 1.52068e+06 1.50007e+06 1.16663e+06 -402509 1.53208e+06 1.50541e+06 1.16129e+06 -415392 1.54412e+06 1.51092e+06 1.15578e+06 -428688 1.55684e+06 1.5166e+06 1.1501e+06 -442410 1.57027e+06 1.52247e+06 1.14423e+06 -456571 1.58445e+06 1.52852e+06 1.13818e+06 -471185 1.59942e+06 1.53477e+06 1.13194e+06 -486267 1.61521e+06 1.54122e+06 1.12549e+06 -501831 1.63186e+06 1.54787e+06 1.11884e+06 -517894 1.6494e+06 1.55474e+06 1.11197e+06 -534471 1.66789e+06 1.56183e+06 1.10489e+06 -551578 1.68735e+06 1.56914e+06 1.09757e+06 -569234 1.70784e+06 1.57669e+06 1.09003e+06 -587454 1.72939e+06 1.58448e+06 1.08224e+06 -606257 1.75205e+06 1.59252e+06 1.0742e+06 -625662 1.77586e+06 1.60081e+06 1.06591e+06 -645689 1.80088e+06 1.60937e+06 1.05735e+06 -666356 1.82715e+06 1.61821e+06 1.04851e+06 -687685 1.85472e+06 1.62733e+06 1.0394e+06 -709697 1.88364e+06 1.63674e+06 1.02999e+06 -732413 1.91396e+06 1.64645e+06 1.02028e+06 -755856 1.94574e+06 1.65647e+06 1.01026e+06 -780050 1.97901e+06 1.66682e+06 999918 -805018 2.01385e+06 1.67749e+06 989245 -830785 2.0503e+06 1.68851e+06 978232 -857377 2.08843e+06 1.69987e+06 966866 -884820 2.12828e+06 1.71161e+06 955136 -913142 2.16992e+06 1.72371e+06 943030 -942370 2.21341e+06 1.73621e+06 930537 -972534 2.2588e+06 1.74911e+06 917644 -1.00366e+06 2.30617e+06 1.76241e+06 904339 -1.03579e+06 2.35556e+06 1.77615e+06 890607 -1.06894e+06 2.40706e+06 1.79032e+06 876437 -1.10316e+06 2.46072e+06 1.80495e+06 861812 -1.13847e+06 2.51662e+06 1.82004e+06 846720 -1.17491e+06 2.57481e+06 1.83562e+06 831144 -1.21251e+06 2.63538e+06 1.47269e+06 1.19401e+06 -308607 1.45663e+06 1.47715e+06 1.18955e+06 -318485 1.46429e+06 1.48175e+06 1.18494e+06 -328679 1.4724e+06 1.4865e+06 1.18019e+06 -339199 1.481e+06 1.4914e+06 1.17529e+06 -350056 1.49009e+06 1.49646e+06 1.17023e+06 -361261 1.49972e+06 1.50169e+06 1.16501e+06 -372824 1.50991e+06 1.50707e+06 1.15962e+06 -384758 1.52068e+06 1.51264e+06 1.15406e+06 -397073 1.53208e+06 1.51837e+06 1.14833e+06 -409783 1.54412e+06 1.5243e+06 1.1424e+06 -422899 1.55684e+06 1.53041e+06 1.13629e+06 -436436 1.57027e+06 1.53672e+06 1.12999e+06 -450405 1.58445e+06 1.54323e+06 1.12348e+06 -464822 1.59942e+06 1.54995e+06 1.11676e+06 -479700 1.61521e+06 1.55688e+06 1.10983e+06 -495054 1.63186e+06 1.56404e+06 1.10267e+06 -510900 1.6494e+06 1.57142e+06 1.09529e+06 -527253 1.66789e+06 1.57904e+06 1.08767e+06 -544130 1.68735e+06 1.58691e+06 1.07981e+06 -561547 1.70784e+06 1.59502e+06 1.07169e+06 -579521 1.72939e+06 1.6034e+06 1.06332e+06 -598070 1.75205e+06 1.61204e+06 1.05468e+06 -617213 1.77586e+06 1.62096e+06 1.04576e+06 -636969 1.80088e+06 1.63017e+06 1.03655e+06 -657358 1.82715e+06 1.63967e+06 1.02705e+06 -678398 1.85472e+06 1.64948e+06 1.01725e+06 -700113 1.88364e+06 1.6596e+06 1.00713e+06 -722522 1.91396e+06 1.67004e+06 996691 -745649 1.94574e+06 1.68082e+06 985916 -769516 1.97901e+06 1.69194e+06 974796 -794147 2.01385e+06 1.70342e+06 963320 -819566 2.0503e+06 1.71526e+06 951476 -845799 2.08843e+06 1.72749e+06 939254 -872871 2.12828e+06 1.7401e+06 926640 -900811 2.16992e+06 1.75312e+06 913622 -929644 2.21341e+06 1.76656e+06 900188 -959400 2.2588e+06 1.78043e+06 886324 -990109 2.30617e+06 1.79474e+06 872016 -1.0218e+06 2.35556e+06 1.80951e+06 857250 -1.05451e+06 2.40706e+06 1.82475e+06 842011 -1.08826e+06 2.46072e+06 1.84048e+06 826285 -1.12309e+06 2.51662e+06 1.85671e+06 810055 -1.15904e+06 2.57481e+06 1.87346e+06 793306 -1.19614e+06 2.63538e+06 1.48231e+06 1.18438e+06 -304078 1.45663e+06 1.48708e+06 1.17961e+06 -313811 1.46429e+06 1.492e+06 1.17469e+06 -323855 1.4724e+06 1.49708e+06 1.16961e+06 -334221 1.481e+06 1.50232e+06 1.16437e+06 -344919 1.49009e+06 1.50773e+06 1.15897e+06 -355959 1.49972e+06 1.51331e+06 1.15338e+06 -367353 1.50991e+06 1.51907e+06 1.14762e+06 -379111 1.52068e+06 1.52502e+06 1.14168e+06 -391246 1.53208e+06 1.53116e+06 1.13555e+06 -403769 1.54412e+06 1.53749e+06 1.12922e+06 -416693 1.55684e+06 1.54402e+06 1.12268e+06 -430031 1.57027e+06 1.55077e+06 1.11594e+06 -443795 1.58445e+06 1.55773e+06 1.10898e+06 -458000 1.59942e+06 1.56491e+06 1.1018e+06 -472660 1.61521e+06 1.57232e+06 1.09439e+06 -487789 1.63186e+06 1.57997e+06 1.08674e+06 -503402 1.6494e+06 1.58786e+06 1.07885e+06 -519515 1.66789e+06 1.59601e+06 1.0707e+06 -536144 1.68735e+06 1.60442e+06 1.0623e+06 -553305 1.70784e+06 1.6131e+06 1.05362e+06 -571016 1.72939e+06 1.62205e+06 1.04467e+06 -589293 1.75205e+06 1.63129e+06 1.03543e+06 -608155 1.77586e+06 1.64083e+06 1.02589e+06 -627621 1.80088e+06 1.65067e+06 1.01605e+06 -647710 1.82715e+06 1.66083e+06 1.0059e+06 -668442 1.85472e+06 1.67131e+06 995415 -689838 1.88364e+06 1.68213e+06 984599 -711919 1.91396e+06 1.69329e+06 973436 -734706 1.94574e+06 1.70482e+06 961916 -758222 1.97901e+06 1.71671e+06 950028 -782492 2.01385e+06 1.72898e+06 937759 -807538 2.0503e+06 1.74164e+06 925097 -833386 2.08843e+06 1.75471e+06 912030 -860061 2.12828e+06 1.7682e+06 898545 -887590 2.16992e+06 1.78212e+06 884628 -916001 2.21341e+06 1.79648e+06 870266 -945320 2.2588e+06 1.81131e+06 855444 -975578 2.30617e+06 1.8266e+06 840148 -1.0068e+06 2.35556e+06 1.84239e+06 824362 -1.03903e+06 2.40706e+06 1.85869e+06 808070 -1.07229e+06 2.46072e+06 1.8755e+06 791258 -1.10661e+06 2.51662e+06 1.89286e+06 773907 -1.14203e+06 2.57481e+06 1.91077e+06 756000 -1.17859e+06 2.63538e+06 1.49179e+06 1.1749e+06 -299248 1.45663e+06 1.49686e+06 1.16983e+06 -308827 1.46429e+06 1.5021e+06 1.1646e+06 -318712 1.4724e+06 1.5075e+06 1.1592e+06 -328913 1.481e+06 1.51307e+06 1.15362e+06 -339441 1.49009e+06 1.51883e+06 1.14787e+06 -350306 1.49972e+06 1.52476e+06 1.14193e+06 -361519 1.50991e+06 1.53089e+06 1.13581e+06 -373090 1.52068e+06 1.53721e+06 1.12949e+06 -385032 1.53208e+06 1.54374e+06 1.12296e+06 -397357 1.54412e+06 1.55047e+06 1.11623e+06 -410075 1.55684e+06 1.55743e+06 1.10928e+06 -423201 1.57027e+06 1.5646e+06 1.10211e+06 -436747 1.58445e+06 1.572e+06 1.09471e+06 -450727 1.59942e+06 1.57964e+06 1.08707e+06 -465154 1.61521e+06 1.58752e+06 1.07918e+06 -480042 1.63186e+06 1.59566e+06 1.07105e+06 -495408 1.6494e+06 1.60406e+06 1.06265e+06 -511265 1.66789e+06 1.61272e+06 1.05399e+06 -527630 1.68735e+06 1.62166e+06 1.04505e+06 -544518 1.70784e+06 1.63089e+06 1.03582e+06 -561947 1.72939e+06 1.64042e+06 1.0263e+06 -579934 1.75205e+06 1.65025e+06 1.01647e+06 -598497 1.77586e+06 1.66039e+06 1.00633e+06 -617654 1.80088e+06 1.67086e+06 995863 -637424 1.82715e+06 1.68166e+06 985061 -657827 1.85472e+06 1.69281e+06 973913 -678882 1.88364e+06 1.70432e+06 962409 -700612 1.91396e+06 1.71619e+06 950536 -723038 1.94574e+06 1.72845e+06 938283 -746181 1.97901e+06 1.7411e+06 925638 -770065 2.01385e+06 1.75415e+06 912589 -794713 2.0503e+06 1.76762e+06 899122 -820151 2.08843e+06 1.78152e+06 885223 -846402 2.12828e+06 1.79586e+06 870880 -873494 2.16992e+06 1.81067e+06 856078 -901453 2.21341e+06 1.82595e+06 840802 -930307 2.2588e+06 1.84171e+06 825036 -960085 2.30617e+06 1.85799e+06 808767 -990815 2.35556e+06 1.87478e+06 791976 -1.02253e+06 2.40706e+06 1.89211e+06 774648 -1.05526e+06 2.46072e+06 1.91e+06 756766 -1.08904e+06 2.51662e+06 1.92845e+06 738311 -1.12389e+06 2.57481e+06 1.9475e+06 719265 -1.15987e+06 2.63538e+06 1.50111e+06 1.16558e+06 -294124 1.45663e+06 1.50648e+06 1.16021e+06 -303538 1.46429e+06 1.51202e+06 1.15467e+06 -313254 1.4724e+06 1.51774e+06 1.14895e+06 -323281 1.481e+06 1.52365e+06 1.14305e+06 -333628 1.49009e+06 1.52974e+06 1.13696e+06 -344307 1.49972e+06 1.53602e+06 1.13067e+06 -355328 1.50991e+06 1.54251e+06 1.12419e+06 -366701 1.52068e+06 1.54921e+06 1.11749e+06 -378439 1.53208e+06 1.55612e+06 1.11058e+06 -390552 1.54412e+06 1.56325e+06 1.10345e+06 -403053 1.55684e+06 1.57061e+06 1.0961e+06 -415954 1.57027e+06 1.5782e+06 1.0885e+06 -429268 1.58445e+06 1.58604e+06 1.08067e+06 -443008 1.59942e+06 1.59413e+06 1.07258e+06 -457188 1.61521e+06 1.60248e+06 1.06423e+06 -471822 1.63186e+06 1.61109e+06 1.05562e+06 -486924 1.6494e+06 1.61998e+06 1.04673e+06 -502510 1.66789e+06 1.62916e+06 1.03756e+06 -518594 1.68735e+06 1.63863e+06 1.02809e+06 -535193 1.70784e+06 1.6484e+06 1.01832e+06 -552324 1.72939e+06 1.65848e+06 1.00823e+06 -570003 1.75205e+06 1.66889e+06 997829 -588248 1.77586e+06 1.67963e+06 987090 -607077 1.80088e+06 1.69071e+06 976007 -626508 1.82715e+06 1.70215e+06 964570 -646562 1.85472e+06 1.71396e+06 952766 -667257 1.88364e+06 1.72614e+06 940585 -688615 1.91396e+06 1.73872e+06 928014 -710656 1.94574e+06 1.75169e+06 915040 -733403 1.97901e+06 1.76508e+06 901651 -756878 2.01385e+06 1.7789e+06 887834 -781104 2.0503e+06 1.79316e+06 873574 -806106 2.08843e+06 1.80788e+06 858858 -831908 2.12828e+06 1.82307e+06 843671 -858536 2.16992e+06 1.83875e+06 827998 -886016 2.21341e+06 1.85492e+06 811823 -914376 2.2588e+06 1.87162e+06 795130 -943644 2.30617e+06 1.88885e+06 777903 -973848 2.35556e+06 1.90663e+06 760125 -1.00502e+06 2.40706e+06 1.92498e+06 741777 -1.03719e+06 2.46072e+06 1.94392e+06 722843 -1.07039e+06 2.51662e+06 1.96346e+06 703302 -1.10465e+06 2.57481e+06 1.98363e+06 683136 -1.14001e+06 2.63538e+06 1.51027e+06 1.15643e+06 -288709 1.45663e+06 1.51593e+06 1.15076e+06 -297950 1.46429e+06 1.52178e+06 1.14492e+06 -307487 1.4724e+06 1.52781e+06 1.13889e+06 -317329 1.481e+06 1.53403e+06 1.13266e+06 -327486 1.49009e+06 1.54046e+06 1.12624e+06 -337969 1.49972e+06 1.54709e+06 1.11961e+06 -348786 1.50991e+06 1.55393e+06 1.11277e+06 -359950 1.52068e+06 1.56099e+06 1.10571e+06 -371472 1.53208e+06 1.56828e+06 1.09843e+06 -383362 1.54412e+06 1.5758e+06 1.09091e+06 -395633 1.55684e+06 1.58356e+06 1.08315e+06 -408296 1.57027e+06 1.59157e+06 1.07514e+06 -421365 1.58445e+06 1.59983e+06 1.06688e+06 -434852 1.59942e+06 1.60836e+06 1.05835e+06 -448771 1.61521e+06 1.61716e+06 1.04954e+06 -463136 1.63186e+06 1.62625e+06 1.04046e+06 -477960 1.6494e+06 1.63562e+06 1.03109e+06 -493259 1.66789e+06 1.6453e+06 1.02141e+06 -509047 1.68735e+06 1.65529e+06 1.01143e+06 -525341 1.70784e+06 1.66559e+06 1.00112e+06 -542156 1.72939e+06 1.67623e+06 990491 -559509 1.75205e+06 1.6872e+06 979517 -577418 1.77586e+06 1.69853e+06 968192 -595900 1.80088e+06 1.71022e+06 956504 -614974 1.82715e+06 1.72228e+06 944443 -634658 1.85472e+06 1.73473e+06 931995 -654973 1.88364e+06 1.74758e+06 919149 -675937 1.91396e+06 1.76084e+06 905892 -697573 1.94574e+06 1.77452e+06 892210 -719901 1.97901e+06 1.78864e+06 878090 -742944 2.01385e+06 1.80322e+06 863519 -766724 2.0503e+06 1.81826e+06 848481 -791266 2.08843e+06 1.83378e+06 832961 -816593 2.12828e+06 1.8498e+06 816945 -842730 2.16992e+06 1.86633e+06 800417 -869705 2.21341e+06 1.88339e+06 783359 -897543 2.2588e+06 1.90099e+06 765755 -926271 2.30617e+06 1.91916e+06 747588 -955920 2.35556e+06 1.93792e+06 728839 -986517 2.40706e+06 1.95727e+06 709491 -1.01809e+06 2.46072e+06 1.97724e+06 689522 -1.05068e+06 2.51662e+06 1.99785e+06 668915 -1.08431e+06 2.57481e+06 2.01912e+06 647648 -1.11902e+06 2.63538e+06 1.51925e+06 1.14744e+06 -283009 1.45663e+06 1.5252e+06 1.14149e+06 -292068 1.46429e+06 1.53134e+06 1.13535e+06 -301417 1.4724e+06 1.53768e+06 1.12902e+06 -311064 1.481e+06 1.54422e+06 1.12248e+06 -321021 1.49009e+06 1.55097e+06 1.11573e+06 -331296 1.49972e+06 1.55794e+06 1.10876e+06 -341901 1.50991e+06 1.56513e+06 1.10157e+06 -352844 1.52068e+06 1.57254e+06 1.09416e+06 -364138 1.53208e+06 1.5802e+06 1.0865e+06 -375794 1.54412e+06 1.5881e+06 1.0786e+06 -387822 1.55684e+06 1.59626e+06 1.07045e+06 -400236 1.57027e+06 1.60467e+06 1.06203e+06 -413047 1.58445e+06 1.61336e+06 1.05335e+06 -426268 1.59942e+06 1.62232e+06 1.04439e+06 -439912 1.61521e+06 1.63157e+06 1.03514e+06 -453992 1.63186e+06 1.64112e+06 1.02559e+06 -468524 1.6494e+06 1.65097e+06 1.01574e+06 -483521 1.66789e+06 1.66114e+06 1.00558e+06 -498997 1.68735e+06 1.67163e+06 995085 -514969 1.70784e+06 1.68246e+06 984259 -531453 1.72939e+06 1.69363e+06 973085 -548463 1.75205e+06 1.70516e+06 961554 -566019 1.77586e+06 1.71707e+06 949654 -584136 1.80088e+06 1.72935e+06 937374 -602833 1.82715e+06 1.74202e+06 924700 -622129 1.85472e+06 1.75511e+06 911620 -642042 1.88364e+06 1.76861e+06 898122 -662593 1.91396e+06 1.78254e+06 884191 -683801 1.94574e+06 1.79692e+06 869815 -705689 1.97901e+06 1.81176e+06 854979 -728277 2.01385e+06 1.82707e+06 839667 -751588 2.0503e+06 1.84287e+06 823866 -775645 2.08843e+06 1.85918e+06 807559 -800472 2.12828e+06 1.87601e+06 790729 -826093 2.16992e+06 1.89338e+06 773362 -852535 2.21341e+06 1.91131e+06 755438 -879823 2.2588e+06 1.92981e+06 736940 -907985 2.30617e+06 1.9489e+06 717851 -937048 2.35556e+06 1.96861e+06 698150 -967041 2.40706e+06 1.98894e+06 677819 -997995 2.46072e+06 2.00992e+06 656837 -1.02994e+06 2.51662e+06 2.03158e+06 635184 -1.06291e+06 2.57481e+06 2.05393e+06 612837 -1.09693e+06 2.63538e+06 1.52805e+06 1.13865e+06 -277030 1.45663e+06 1.53428e+06 1.13241e+06 -285898 1.46429e+06 1.54071e+06 1.12598e+06 -295049 1.4724e+06 1.54735e+06 1.11935e+06 -304493 1.481e+06 1.5542e+06 1.1125e+06 -314239 1.49009e+06 1.56127e+06 1.10543e+06 -324297 1.49972e+06 1.56856e+06 1.09813e+06 -334678 1.50991e+06 1.57609e+06 1.09061e+06 -345390 1.52068e+06 1.58386e+06 1.08284e+06 -356445 1.53208e+06 1.59188e+06 1.07482e+06 -367855 1.54412e+06 1.60016e+06 1.06654e+06 -379629 1.55684e+06 1.6087e+06 1.058e+06 -391780 1.57027e+06 1.61751e+06 1.04919e+06 -404320 1.58445e+06 1.62661e+06 1.0401e+06 -417262 1.59942e+06 1.636e+06 1.03071e+06 -430618 1.61521e+06 1.64568e+06 1.02102e+06 -444401 1.63186e+06 1.65568e+06 1.01103e+06 -458626 1.6494e+06 1.666e+06 1.00071e+06 -473306 1.66789e+06 1.67665e+06 990064 -488455 1.68735e+06 1.68764e+06 979077 -504090 1.70784e+06 1.69898e+06 967738 -520225 1.72939e+06 1.71068e+06 956035 -536876 1.75205e+06 1.72276e+06 943959 -554061 1.77586e+06 1.73522e+06 931496 -571795 1.80088e+06 1.74809e+06 918634 -590098 1.82715e+06 1.76136e+06 905360 -608986 1.85472e+06 1.77506e+06 891661 -628478 1.88364e+06 1.7892e+06 877524 -648595 1.91396e+06 1.8038e+06 862934 -669355 1.94574e+06 1.81885e+06 847877 -690780 1.97901e+06 1.83439e+06 832339 -712891 2.01385e+06 1.85043e+06 816303 -735709 2.0503e+06 1.86698e+06 799754 -759258 2.08843e+06 1.88407e+06 782675 -783560 2.12828e+06 1.90169e+06 765049 -808641 2.16992e+06 1.91989e+06 746859 -834524 2.21341e+06 1.93866e+06 728087 -861236 2.2588e+06 1.95804e+06 708714 -888802 2.30617e+06 1.97803e+06 688721 -917251 2.35556e+06 1.99867e+06 668088 -946611 2.40706e+06 2.01996e+06 646795 -976910 2.46072e+06 2.04194e+06 624820 -1.00818e+06 2.51662e+06 2.06462e+06 602142 -1.04045e+06 2.57481e+06 2.08803e+06 578738 -1.07375e+06 2.63538e+06 1.53665e+06 1.13004e+06 -270778 1.45663e+06 1.54316e+06 1.12353e+06 -279445 1.46429e+06 1.54988e+06 1.11682e+06 -288390 1.4724e+06 1.55681e+06 1.10989e+06 -297621 1.481e+06 1.56396e+06 1.10274e+06 -307147 1.49009e+06 1.57134e+06 1.09535e+06 -316978 1.49972e+06 1.57896e+06 1.08774e+06 -327124 1.50991e+06 1.58682e+06 1.07988e+06 -337595 1.52068e+06 1.59494e+06 1.07176e+06 -348401 1.53208e+06 1.60331e+06 1.06339e+06 -359552 1.54412e+06 1.61195e+06 1.05475e+06 -371061 1.55684e+06 1.62087e+06 1.04583e+06 -382938 1.57027e+06 1.63007e+06 1.03663e+06 -395195 1.58445e+06 1.63957e+06 1.02713e+06 -407845 1.59942e+06 1.64937e+06 1.01733e+06 -420899 1.61521e+06 1.65949e+06 1.00722e+06 -434371 1.63186e+06 1.66993e+06 996781 -448275 1.6494e+06 1.6807e+06 986008 -462623 1.66789e+06 1.69182e+06 974891 -477431 1.68735e+06 1.7033e+06 963418 -492713 1.70784e+06 1.71514e+06 951577 -508484 1.72939e+06 1.72736e+06 939358 -524759 1.75205e+06 1.73997e+06 926748 -541556 1.77586e+06 1.75299e+06 913733 -558890 1.80088e+06 1.76642e+06 900303 -576780 1.82715e+06 1.78028e+06 886442 -595241 1.85472e+06 1.79459e+06 872138 -614294 1.88364e+06 1.80935e+06 857376 -633956 1.91396e+06 1.82459e+06 842141 -654248 1.94574e+06 1.84031e+06 826419 -675190 1.97901e+06 1.85654e+06 810194 -696801 2.01385e+06 1.87329e+06 793449 -719105 2.0503e+06 1.89057e+06 776168 -742122 2.08843e+06 1.90841e+06 758334 -765876 2.12828e+06 1.92681e+06 739929 -790390 2.16992e+06 1.94581e+06 720936 -815689 2.21341e+06 1.96541e+06 701334 -841798 2.2588e+06 1.98565e+06 681105 -868743 2.30617e+06 2.00652e+06 660228 -896550 2.35556e+06 2.02807e+06 638683 -925247 2.40706e+06 2.05031e+06 616448 -954862 2.46072e+06 2.07326e+06 593502 -985426 2.51662e+06 2.09694e+06 569821 -1.01697e+06 2.57481e+06 2.12138e+06 545383 -1.04952e+06 2.63538e+06 1.54506e+06 1.12164e+06 -264258 1.45663e+06 1.55183e+06 1.11486e+06 -272717 1.46429e+06 1.55883e+06 1.10787e+06 -281446 1.4724e+06 1.56605e+06 1.10065e+06 -290455 1.481e+06 1.57349e+06 1.0932e+06 -299752 1.49009e+06 1.58118e+06 1.08552e+06 -309346 1.49972e+06 1.58911e+06 1.07758e+06 -319248 1.50991e+06 1.5973e+06 1.0694e+06 -329466 1.52068e+06 1.60575e+06 1.06095e+06 -340012 1.53208e+06 1.61447e+06 1.05223e+06 -350895 1.54412e+06 1.62347e+06 1.04323e+06 -362127 1.55684e+06 1.63276e+06 1.03395e+06 -373718 1.57027e+06 1.64234e+06 1.02436e+06 -385680 1.58445e+06 1.65223e+06 1.01447e+06 -398025 1.59942e+06 1.66244e+06 1.00427e+06 -410765 1.61521e+06 1.67297e+06 993736 -423913 1.63186e+06 1.68384e+06 982866 -437482 1.6494e+06 1.69506e+06 971648 -451485 1.66789e+06 1.70664e+06 960071 -465936 1.68735e+06 1.71859e+06 948124 -480850 1.70784e+06 1.73092e+06 935794 -496241 1.72939e+06 1.74365e+06 923069 -512125 1.75205e+06 1.75678e+06 909937 -528517 1.77586e+06 1.77034e+06 896385 -545434 1.80088e+06 1.78432e+06 882399 -562892 1.82715e+06 1.79876e+06 867966 -580909 1.85472e+06 1.81366e+06 853070 -599503 1.88364e+06 1.82903e+06 837698 -618692 1.91396e+06 1.8449e+06 821833 -638496 1.94574e+06 1.86127e+06 805461 -658933 1.97901e+06 1.87817e+06 788565 -680024 2.01385e+06 1.89561e+06 771128 -701791 2.0503e+06 1.91361e+06 753132 -724254 2.08843e+06 1.93218e+06 734561 -747436 2.12828e+06 1.95135e+06 715396 -771360 2.16992e+06 1.97113e+06 695616 -796050 2.21341e+06 1.99154e+06 675204 -821530 2.2588e+06 2.01261e+06 654139 -847826 2.30617e+06 2.03435e+06 632399 -874963 2.35556e+06 2.05679e+06 609963 -902969 2.40706e+06 2.07995e+06 586809 -931872 2.46072e+06 2.10385e+06 562914 -961699 2.51662e+06 2.12851e+06 538254 -992482 2.57481e+06 2.15396e+06 512805 -1.02425e+06 2.63538e+06 1.55325e+06 1.11344e+06 -257478 1.45663e+06 1.56029e+06 1.1064e+06 -265719 1.46429e+06 1.56756e+06 1.09914e+06 -274225 1.4724e+06 1.57505e+06 1.09164e+06 -283002 1.481e+06 1.58279e+06 1.0839e+06 -292061 1.49009e+06 1.59078e+06 1.07592e+06 -301409 1.49972e+06 1.59902e+06 1.06768e+06 -311057 1.50991e+06 1.60752e+06 1.05918e+06 -321013 1.52068e+06 1.6163e+06 1.0504e+06 -331288 1.53208e+06 1.62535e+06 1.04135e+06 -341892 1.54412e+06 1.6347e+06 1.032e+06 -352835 1.55684e+06 1.64435e+06 1.02236e+06 -364129 1.57027e+06 1.6543e+06 1.0124e+06 -375784 1.58445e+06 1.66458e+06 1.00213e+06 -387812 1.59942e+06 1.67518e+06 991529 -400225 1.61521e+06 1.68612e+06 980588 -413036 1.63186e+06 1.69741e+06 969297 -426257 1.6494e+06 1.70907e+06 957645 -439900 1.66789e+06 1.72109e+06 945620 -453981 1.68735e+06 1.7335e+06 933210 -468512 1.70784e+06 1.74631e+06 920403 -483508 1.72939e+06 1.75953e+06 907186 -498984 1.75205e+06 1.77317e+06 893545 -514956 1.77586e+06 1.78725e+06 879468 -531439 1.80088e+06 1.80178e+06 864941 -548449 1.82715e+06 1.81678e+06 849949 -566004 1.85472e+06 1.83225e+06 834476 -584121 1.88364e+06 1.84822e+06 818509 -602818 1.91396e+06 1.8647e+06 802030 -622113 1.94574e+06 1.88171e+06 785024 -642026 1.97901e+06 1.89926e+06 767474 -662576 2.01385e+06 1.91737e+06 749361 -683784 2.0503e+06 1.93607e+06 730669 -705671 2.08843e+06 1.95536e+06 711379 -728258 2.12828e+06 1.97527e+06 691471 -751568 2.16992e+06 1.99582e+06 670927 -775625 2.21341e+06 2.01702e+06 649724 -800451 2.2588e+06 2.03891e+06 627843 -826072 2.30617e+06 2.06149e+06 605261 -852513 2.35556e+06 2.0848e+06 581957 -879801 2.40706e+06 2.10885e+06 557907 -907962 2.46072e+06 2.13367e+06 533087 -937024 2.51662e+06 2.15929e+06 507472 -967016 2.57481e+06 2.18573e+06 481038 -997969 2.63538e+06 1.56123e+06 1.10546e+06 -250444 1.45663e+06 1.56853e+06 1.09817e+06 -258460 1.46429e+06 1.57606e+06 1.09064e+06 -266733 1.4724e+06 1.58382e+06 1.08287e+06 -275270 1.481e+06 1.59184e+06 1.07485e+06 -284081 1.49009e+06 1.60012e+06 1.06658e+06 -293174 1.49972e+06 1.60866e+06 1.05804e+06 -302558 1.50991e+06 1.61747e+06 1.04923e+06 -312243 1.52068e+06 1.62656e+06 1.04014e+06 -322237 1.53208e+06 1.63595e+06 1.03075e+06 -332551 1.54412e+06 1.64564e+06 1.02107e+06 -343196 1.55684e+06 1.65563e+06 1.01107e+06 -354181 1.57027e+06 1.66595e+06 1.00076e+06 -365517 1.58445e+06 1.67659e+06 990112 -377217 1.59942e+06 1.68758e+06 979126 -389291 1.61521e+06 1.69892e+06 967788 -401752 1.63186e+06 1.71062e+06 956088 -414611 1.6494e+06 1.7227e+06 944013 -427882 1.66789e+06 1.73516e+06 931551 -441578 1.68735e+06 1.74802e+06 918691 -455712 1.70784e+06 1.7613e+06 905419 -470298 1.72939e+06 1.77499e+06 891722 -485352 1.75205e+06 1.78913e+06 877587 -500887 1.77586e+06 1.80372e+06 863000 -516920 1.80088e+06 1.81878e+06 847945 -533465 1.82715e+06 1.83432e+06 832408 -550541 1.85472e+06 1.85035e+06 816375 -568163 1.88364e+06 1.8669e+06 799828 -586348 1.91396e+06 1.88398e+06 782751 -605116 1.94574e+06 1.9016e+06 765128 -624485 1.97901e+06 1.91979e+06 746941 -644474 2.01385e+06 1.93856e+06 728171 -665102 2.0503e+06 1.95794e+06 708801 -686391 2.08843e+06 1.97793e+06 688811 -708361 2.12828e+06 1.99856e+06 668181 -731035 2.16992e+06 2.01985e+06 646890 -754434 2.21341e+06 2.04183e+06 624919 -778582 2.2588e+06 2.06451e+06 602243 -803503 2.30617e+06 2.08791e+06 578843 -829222 2.35556e+06 2.11206e+06 554693 -855764 2.40706e+06 2.13699e+06 529770 -883155 2.46072e+06 2.16271e+06 504049 -911424 2.51662e+06 2.18926e+06 477505 -940597 2.57481e+06 2.21666e+06 450111 -970704 2.63538e+06 1.56899e+06 1.09771e+06 -243162 1.45663e+06 1.57653e+06 1.09016e+06 -250945 1.46429e+06 1.58431e+06 1.08238e+06 -258977 1.4724e+06 1.59235e+06 1.07435e+06 -267267 1.481e+06 1.60064e+06 1.06606e+06 -275822 1.49009e+06 1.60919e+06 1.0575e+06 -284650 1.49972e+06 1.61802e+06 1.04867e+06 -293761 1.50991e+06 1.62714e+06 1.03956e+06 -303164 1.52068e+06 1.63654e+06 1.03016e+06 -312868 1.53208e+06 1.64625e+06 1.02046e+06 -322882 1.54412e+06 1.65626e+06 1.01044e+06 -333217 1.55684e+06 1.6666e+06 1.00011e+06 -343883 1.57027e+06 1.67726e+06 989440 -354890 1.58445e+06 1.68827e+06 978433 -366249 1.59942e+06 1.69963e+06 967073 -377972 1.61521e+06 1.71136e+06 955349 -390071 1.63186e+06 1.72346e+06 943251 -402556 1.6494e+06 1.73595e+06 930765 -415441 1.66789e+06 1.74883e+06 917879 -428739 1.68735e+06 1.76213e+06 904581 -442462 1.70784e+06 1.77586e+06 890858 -456624 1.72939e+06 1.79002e+06 876695 -471240 1.75205e+06 1.80464e+06 862079 -486324 1.77586e+06 1.81973e+06 846995 -501890 1.80088e+06 1.83529e+06 831428 -517955 1.82715e+06 1.85136e+06 815363 -534534 1.85472e+06 1.86794e+06 798783 -551643 1.88364e+06 1.88505e+06 781673 -569300 1.91396e+06 1.90271e+06 764016 -587523 1.94574e+06 1.92094e+06 745793 -606328 1.97901e+06 1.93975e+06 726987 -625736 2.01385e+06 1.95916e+06 707579 -645765 2.0503e+06 1.97919e+06 687549 -666434 2.08843e+06 1.99986e+06 666879 -687766 2.12828e+06 2.0212e+06 645547 -709780 2.16992e+06 2.04321e+06 623532 -732499 2.21341e+06 2.06594e+06 600812 -755945 2.2588e+06 2.08938e+06 577366 -780141 2.30617e+06 2.11358e+06 553168 -805112 2.35556e+06 2.13856e+06 528197 -830883 2.40706e+06 2.16433e+06 502426 -857478 2.46072e+06 2.19093e+06 475830 -884924 2.51662e+06 2.21838e+06 448382 -913249 2.57481e+06 2.24671e+06 420057 -942481 2.63538e+06 1.57651e+06 1.09018e+06 -235640 1.45663e+06 1.58429e+06 1.0824e+06 -243183 1.46429e+06 1.59232e+06 1.07437e+06 -250967 1.4724e+06 1.60061e+06 1.06608e+06 -259000 1.481e+06 1.60917e+06 1.05753e+06 -267290 1.49009e+06 1.618e+06 1.0487e+06 -275845 1.49972e+06 1.62711e+06 1.03959e+06 -284675 1.50991e+06 1.63651e+06 1.03019e+06 -293786 1.52068e+06 1.64622e+06 1.02048e+06 -303190 1.53208e+06 1.65623e+06 1.01047e+06 -312895 1.54412e+06 1.66657e+06 1.00013e+06 -322910 1.55684e+06 1.67723e+06 989469 -333246 1.57027e+06 1.68824e+06 978462 -343912 1.58445e+06 1.6996e+06 967103 -354920 1.59942e+06 1.71133e+06 955381 -366281 1.61521e+06 1.72342e+06 943284 -378005 1.63186e+06 1.73591e+06 930799 -390104 1.6494e+06 1.7488e+06 917914 -402591 1.66789e+06 1.7621e+06 904617 -415477 1.68735e+06 1.77582e+06 890895 -428776 1.70784e+06 1.78998e+06 876733 -442500 1.72939e+06 1.8046e+06 862118 -456664 1.75205e+06 1.81968e+06 847036 -471281 1.77586e+06 1.83525e+06 831470 -486365 1.80088e+06 1.85132e+06 815406 -501933 1.82715e+06 1.8679e+06 798828 -517999 1.85472e+06 1.88501e+06 781720 -534579 1.88364e+06 1.90266e+06 764063 -551690 1.91396e+06 1.92089e+06 745842 -569349 1.94574e+06 1.93969e+06 727038 -587573 1.97901e+06 1.9591e+06 707631 -606380 2.01385e+06 1.97913e+06 687603 -625789 2.0503e+06 1.9998e+06 666935 -645820 2.08843e+06 2.02114e+06 645604 -666491 2.12828e+06 2.04315e+06 623591 -687825 2.16992e+06 2.06587e+06 600874 -709841 2.21341e+06 2.08932e+06 577429 -732562 2.2588e+06 2.11352e+06 553234 -756010 2.30617e+06 2.13849e+06 528264 -780208 2.35556e+06 2.16426e+06 502495 -805181 2.40706e+06 2.19086e+06 475902 -830954 2.46072e+06 2.2183e+06 448457 -857551 2.51662e+06 2.24663e+06 420133 -885000 2.57481e+06 2.27586e+06 390903 -913327 2.63538e+06 1.58379e+06 1.0829e+06 -227886 1.45663e+06 1.59181e+06 1.07489e+06 -235180 1.46429e+06 1.60008e+06 1.06661e+06 -242708 1.4724e+06 1.60862e+06 1.05808e+06 -250477 1.481e+06 1.61743e+06 1.04927e+06 -258494 1.49009e+06 1.62652e+06 1.04017e+06 -266768 1.49972e+06 1.63591e+06 1.03079e+06 -275307 1.50991e+06 1.64559e+06 1.02111e+06 -284119 1.52068e+06 1.65559e+06 1.01111e+06 -293213 1.53208e+06 1.6659e+06 1.0008e+06 -302598 1.54412e+06 1.67655e+06 990156 -312284 1.55684e+06 1.68753e+06 979171 -322280 1.57027e+06 1.69887e+06 967835 -332595 1.58445e+06 1.71057e+06 956136 -343241 1.59942e+06 1.72264e+06 944062 -354228 1.61521e+06 1.73511e+06 931603 -365566 1.63186e+06 1.74797e+06 918744 -377267 1.6494e+06 1.76124e+06 905474 -389343 1.66789e+06 1.77493e+06 891779 -401805 1.68735e+06 1.78907e+06 877645 -414666 1.70784e+06 1.80366e+06 863059 -427939 1.72939e+06 1.81871e+06 848007 -441636 1.75205e+06 1.83425e+06 832472 -455772 1.77586e+06 1.85028e+06 816441 -470361 1.80088e+06 1.86683e+06 799896 -485416 1.82715e+06 1.8839e+06 782821 -500953 1.85472e+06 1.90153e+06 765200 -516988 1.88364e+06 1.91971e+06 747015 -533536 1.91396e+06 1.93848e+06 728248 -550614 1.94574e+06 1.95785e+06 708881 -568238 1.97901e+06 1.97784e+06 688893 -586426 2.01385e+06 1.99847e+06 668266 -605197 2.0503e+06 2.01976e+06 646978 -624568 2.08843e+06 2.04173e+06 625009 -644559 2.12828e+06 2.06441e+06 602336 -665191 2.16992e+06 2.08781e+06 578939 -686482 2.21341e+06 2.11196e+06 554792 -708455 2.2588e+06 2.13688e+06 529872 -731132 2.30617e+06 2.1626e+06 504155 -754534 2.35556e+06 2.18914e+06 477614 -778685 2.40706e+06 2.21653e+06 450224 -803610 2.46072e+06 2.2448e+06 421957 -829332 2.51662e+06 2.27398e+06 392785 -855877 2.57481e+06 2.30409e+06 362680 -883272 2.63538e+06 1.59082e+06 1.07587e+06 -219907 1.45663e+06 1.59907e+06 1.06763e+06 -226946 1.46429e+06 1.60757e+06 1.05912e+06 -234210 1.4724e+06 1.61635e+06 1.05035e+06 -241707 1.481e+06 1.62541e+06 1.04129e+06 -249443 1.49009e+06 1.63476e+06 1.03194e+06 -257428 1.49972e+06 1.64441e+06 1.02229e+06 -265667 1.50991e+06 1.65436e+06 1.01234e+06 -274171 1.52068e+06 1.66464e+06 1.00206e+06 -282947 1.53208e+06 1.67524e+06 991459 -292003 1.54412e+06 1.68619e+06 980516 -301350 1.55684e+06 1.69748e+06 969223 -310995 1.57027e+06 1.70914e+06 957568 -320950 1.58445e+06 1.72117e+06 945541 -331223 1.59942e+06 1.73358e+06 933128 -341825 1.61521e+06 1.74639e+06 920318 -352766 1.63186e+06 1.75961e+06 907098 -364058 1.6494e+06 1.77326e+06 893455 -375710 1.66789e+06 1.78734e+06 879375 -387736 1.68735e+06 1.80187e+06 864845 -400147 1.70784e+06 1.81687e+06 849850 -412955 1.72939e+06 1.83234e+06 834374 -426173 1.75205e+06 1.84832e+06 818403 -439814 1.77586e+06 1.8648e+06 801921 -453892 1.80088e+06 1.88181e+06 784912 -468420 1.82715e+06 1.89937e+06 767358 -483413 1.85472e+06 1.91748e+06 749242 -498887 1.88364e+06 1.93618e+06 730546 -514855 1.91396e+06 1.95548e+06 711252 -531335 1.94574e+06 1.97539e+06 691340 -548342 1.97901e+06 1.99594e+06 670791 -565893 2.01385e+06 2.01715e+06 649584 -584007 2.0503e+06 2.03904e+06 627698 -602700 2.08843e+06 2.06163e+06 605112 -621991 2.12828e+06 2.08494e+06 581803 -641900 2.16992e+06 2.109e+06 557748 -662446 2.21341e+06 2.13382e+06 532923 -683650 2.2588e+06 2.15945e+06 507303 -705532 2.30617e+06 2.18589e+06 480863 -728115 2.35556e+06 2.21318e+06 453577 -751421 2.40706e+06 2.24134e+06 425418 -775472 2.46072e+06 2.2704e+06 396357 -800294 2.51662e+06 2.3004e+06 366366 -825910 2.57481e+06 2.33135e+06 335415 -852346 2.63538e+06 1.5976e+06 1.06909e+06 -211711 1.45663e+06 1.60606e+06 1.06063e+06 -218487 1.46429e+06 1.61479e+06 1.0519e+06 -225481 1.4724e+06 1.6238e+06 1.04289e+06 -232698 1.481e+06 1.6331e+06 1.0336e+06 -240146 1.49009e+06 1.64269e+06 1.024e+06 -247833 1.49972e+06 1.6526e+06 1.0141e+06 -255766 1.50991e+06 1.66282e+06 1.00388e+06 -263952 1.52068e+06 1.67336e+06 993338 -272401 1.53208e+06 1.68425e+06 982455 -281120 1.54412e+06 1.69548e+06 971224 -290118 1.55684e+06 1.70707e+06 959634 -299404 1.57027e+06 1.71903e+06 947672 -308988 1.58445e+06 1.73138e+06 935328 -318878 1.59942e+06 1.74412e+06 922589 -329085 1.61521e+06 1.75727e+06 909441 -339618 1.63186e+06 1.77084e+06 895873 -350489 1.6494e+06 1.78484e+06 881871 -361707 1.66789e+06 1.79929e+06 867420 -373285 1.68735e+06 1.81421e+06 852507 -385233 1.70784e+06 1.8296e+06 837117 -397564 1.72939e+06 1.84548e+06 821234 -410289 1.75205e+06 1.86188e+06 804842 -423422 1.77586e+06 1.87879e+06 787926 -436975 1.80088e+06 1.89625e+06 770469 -450962 1.82715e+06 1.91427e+06 752453 -465396 1.85472e+06 1.93287e+06 733860 -480293 1.88364e+06 1.95206e+06 714671 -495666 1.91396e+06 1.97186e+06 694869 -511532 1.94574e+06 1.9923e+06 674433 -527905 1.97901e+06 2.01339e+06 653343 -544802 2.01385e+06 2.03516e+06 631577 -562240 2.0503e+06 2.05762e+06 609115 -580237 2.08843e+06 2.08081e+06 585934 -598809 2.12828e+06 2.10473e+06 562011 -617976 2.16992e+06 2.12942e+06 537323 -637756 2.21341e+06 2.1549e+06 511844 -658170 2.2588e+06 2.1812e+06 485549 -679237 2.30617e+06 2.20834e+06 458413 -700978 2.35556e+06 2.23635e+06 430409 -723415 2.40706e+06 2.26525e+06 401507 -746570 2.46072e+06 2.29508e+06 371681 -770467 2.51662e+06 2.32586e+06 340900 -795128 2.57481e+06 2.35763e+06 309134 -820579 2.63538e+06 1.60412e+06 1.06257e+06 -203306 1.45663e+06 1.61279e+06 1.0539e+06 -209813 1.46429e+06 1.62174e+06 1.04496e+06 -216529 1.4724e+06 1.63097e+06 1.03573e+06 -223460 1.481e+06 1.6405e+06 1.0262e+06 -230612 1.49009e+06 1.65033e+06 1.01637e+06 -237994 1.49972e+06 1.66047e+06 1.00622e+06 -245612 1.50991e+06 1.67094e+06 995755 -253473 1.52068e+06 1.68175e+06 984949 -261587 1.53208e+06 1.6929e+06 973798 -269960 1.54412e+06 1.70441e+06 962290 -278600 1.55684e+06 1.71629e+06 950414 -287518 1.57027e+06 1.72855e+06 938157 -296721 1.58445e+06 1.7412e+06 925508 -306218 1.59942e+06 1.75425e+06 912454 -316020 1.61521e+06 1.76773e+06 898983 -326135 1.63186e+06 1.78163e+06 885080 -336574 1.6494e+06 1.79598e+06 870732 -347347 1.66789e+06 1.81079e+06 855925 -358465 1.68735e+06 1.82607e+06 840644 -369939 1.70784e+06 1.84184e+06 824874 -381780 1.72939e+06 1.85812e+06 808599 -394001 1.75205e+06 1.87492e+06 791803 -406612 1.77586e+06 1.89225e+06 774470 -419627 1.80088e+06 1.91014e+06 756582 -433058 1.82715e+06 1.9286e+06 738121 -446920 1.85472e+06 1.94766e+06 719069 -461225 1.88364e+06 1.96732e+06 699407 -475988 1.91396e+06 1.98761e+06 679117 -491223 1.94574e+06 2.00856e+06 658176 -506947 1.97901e+06 2.03017e+06 636566 -523173 2.01385e+06 2.05247e+06 614263 -539919 2.0503e+06 2.07549e+06 591247 -557201 2.08843e+06 2.09925e+06 567494 -575036 2.12828e+06 2.12376e+06 542981 -593442 2.16992e+06 2.14906e+06 517683 -612437 2.21341e+06 2.17517e+06 491576 -632040 2.2588e+06 2.20212e+06 464632 -652271 2.30617e+06 2.22993e+06 436827 -673149 2.35556e+06 2.25862e+06 408131 -694695 2.40706e+06 2.28824e+06 378517 -716931 2.46072e+06 2.31881e+06 347955 -739879 2.51662e+06 2.35035e+06 316415 -763561 2.57481e+06 2.3829e+06 283865 -788001 2.63538e+06 1.61038e+06 1.05632e+06 -194700 1.45663e+06 1.61924e+06 1.04745e+06 -200932 1.46429e+06 1.6284e+06 1.0383e+06 -207364 1.4724e+06 1.63784e+06 1.02885e+06 -214001 1.481e+06 1.64759e+06 1.01911e+06 -220851 1.49009e+06 1.65765e+06 1.00905e+06 -227920 1.49972e+06 1.66803e+06 998671 -235215 1.50991e+06 1.67874e+06 987960 -242744 1.52068e+06 1.6898e+06 976905 -250514 1.53208e+06 1.70121e+06 965496 -258532 1.54412e+06 1.71298e+06 953722 -266808 1.55684e+06 1.72513e+06 941571 -275348 1.57027e+06 1.73767e+06 929032 -284161 1.58445e+06 1.75061e+06 916091 -293257 1.59942e+06 1.76397e+06 902736 -302643 1.61521e+06 1.77776e+06 888953 -312330 1.63186e+06 1.79198e+06 874729 -322328 1.6494e+06 1.80666e+06 860050 -332645 1.66789e+06 1.82181e+06 844901 -343292 1.68735e+06 1.83745e+06 829267 -354280 1.70784e+06 1.85358e+06 813133 -365620 1.72939e+06 1.87023e+06 796482 -377323 1.75205e+06 1.88742e+06 779298 -389401 1.77586e+06 1.90516e+06 761565 -401865 1.80088e+06 1.92346e+06 743263 -414728 1.82715e+06 1.94235e+06 724376 -428002 1.85472e+06 1.96184e+06 704885 -441702 1.88364e+06 1.98196e+06 684769 -455840 1.91396e+06 2.00272e+06 664010 -470431 1.94574e+06 2.02415e+06 642586 -485488 1.97901e+06 2.04626e+06 620476 -501028 2.01385e+06 2.06908e+06 597659 -517065 2.0503e+06 2.09263e+06 574111 -533615 2.08843e+06 2.11693e+06 549810 -550696 2.12828e+06 2.14201e+06 524731 -568322 2.16992e+06 2.1679e+06 498848 -586513 2.21341e+06 2.19461e+06 472138 -605287 2.2588e+06 2.22218e+06 444573 -624661 2.30617e+06 2.25063e+06 416125 -644655 2.35556e+06 2.27999e+06 386767 -665289 2.40706e+06 2.31029e+06 356469 -686584 2.46072e+06 2.34156e+06 325201 -708561 2.51662e+06 2.37383e+06 292932 -731240 2.57481e+06 2.40714e+06 259631 -754646 2.63538e+06 1.61636e+06 1.05034e+06 -185902 1.45663e+06 1.62541e+06 1.04128e+06 -191853 1.46429e+06 1.63476e+06 1.03193e+06 -197994 1.4724e+06 1.64441e+06 1.02228e+06 -204331 1.481e+06 1.65437e+06 1.01233e+06 -210871 1.49009e+06 1.66465e+06 1.00205e+06 -217621 1.49972e+06 1.67525e+06 991448 -224587 1.50991e+06 1.68619e+06 980505 -231775 1.52068e+06 1.69749e+06 969212 -239194 1.53208e+06 1.70914e+06 957557 -246850 1.54412e+06 1.72117e+06 945529 -254752 1.55684e+06 1.73359e+06 933116 -262906 1.57027e+06 1.7464e+06 920306 -271321 1.58445e+06 1.75962e+06 907085 -280005 1.59942e+06 1.77327e+06 893442 -288968 1.61521e+06 1.78735e+06 879362 -298217 1.63186e+06 1.80188e+06 864831 -307763 1.6494e+06 1.81688e+06 849835 -317614 1.66789e+06 1.83235e+06 834359 -327780 1.68735e+06 1.84833e+06 818388 -338272 1.70784e+06 1.86481e+06 801905 -349099 1.72939e+06 1.88182e+06 784895 -360273 1.75205e+06 1.89938e+06 767341 -371805 1.77586e+06 1.9175e+06 749224 -383706 1.80088e+06 1.93619e+06 730528 -395988 1.82715e+06 1.95549e+06 711233 -408662 1.85472e+06 1.97541e+06 691321 -421743 1.88364e+06 1.99596e+06 670771 -435242 1.91396e+06 2.01717e+06 649563 -449174 1.94574e+06 2.03905e+06 627677 -463551 1.97901e+06 2.06164e+06 605090 -478388 2.01385e+06 2.08496e+06 581780 -493701 2.0503e+06 2.10901e+06 557724 -509503 2.08843e+06 2.13384e+06 532899 -525812 2.12828e+06 2.15946e+06 507278 -542642 2.16992e+06 2.18591e+06 480837 -560011 2.21341e+06 2.2132e+06 453550 -577936 2.2588e+06 2.24136e+06 425390 -596435 2.30617e+06 2.27042e+06 396328 -615526 2.35556e+06 2.30042e+06 366337 -635227 2.40706e+06 2.33137e+06 335385 -655560 2.46072e+06 2.36332e+06 303442 -676543 2.51662e+06 2.39629e+06 270477 -698198 2.57481e+06 2.43031e+06 236457 -720546 2.63538e+06 1.62206e+06 1.04464e+06 -176921 1.45663e+06 1.6313e+06 1.0354e+06 -182584 1.46429e+06 1.64083e+06 1.02586e+06 -188428 1.4724e+06 1.65068e+06 1.01602e+06 -194460 1.481e+06 1.66083e+06 1.00586e+06 -200684 1.49009e+06 1.67132e+06 995380 -207107 1.49972e+06 1.68214e+06 984563 -213737 1.50991e+06 1.6933e+06 973399 -220578 1.52068e+06 1.70482e+06 961878 -227638 1.53208e+06 1.71671e+06 949989 -234925 1.54412e+06 1.72898e+06 937718 -242444 1.55684e+06 1.74165e+06 925055 -250204 1.57027e+06 1.75472e+06 911987 -258213 1.58445e+06 1.76821e+06 898500 -266478 1.59942e+06 1.78212e+06 884582 -275007 1.61521e+06 1.79649e+06 870219 -283810 1.63186e+06 1.81131e+06 855395 -292894 1.6494e+06 1.82661e+06 840097 -302269 1.66789e+06 1.8424e+06 824309 -311944 1.68735e+06 1.8587e+06 808016 -321929 1.70784e+06 1.87551e+06 791202 -332234 1.72939e+06 1.89287e+06 773849 -342868 1.75205e+06 1.91078e+06 755941 -353842 1.77586e+06 1.92926e+06 737460 -365168 1.80088e+06 1.94834e+06 718387 -376857 1.82715e+06 1.96802e+06 698704 -388919 1.85472e+06 1.98834e+06 678390 -401368 1.88364e+06 2.0093e+06 657426 -414215 1.91396e+06 2.03094e+06 635792 -427473 1.94574e+06 2.05327e+06 613465 -441156 1.97901e+06 2.07631e+06 590423 -455277 2.01385e+06 2.10009e+06 566644 -469849 2.0503e+06 2.12463e+06 542103 -484888 2.08843e+06 2.14996e+06 516777 -500409 2.12828e+06 2.1761e+06 490641 -516426 2.16992e+06 2.20308e+06 463668 -532956 2.21341e+06 2.23092e+06 435831 -550015 2.2588e+06 2.25965e+06 407104 -567620 2.30617e+06 2.2893e+06 377457 -585788 2.35556e+06 2.31989e+06 346861 -604538 2.40706e+06 2.35147e+06 315285 -623889 2.46072e+06 2.38406e+06 282699 -643858 2.51662e+06 2.41769e+06 249070 -664467 2.57481e+06 2.4524e+06 214365 -685736 2.63538e+06 1.62747e+06 1.03922e+06 -167765 1.45663e+06 1.63689e+06 1.02981e+06 -173135 1.46429e+06 1.6466e+06 1.02009e+06 -178677 1.4724e+06 1.65663e+06 1.01007e+06 -184396 1.481e+06 1.66698e+06 999720 -190298 1.49009e+06 1.67766e+06 989041 -196389 1.49972e+06 1.68868e+06 978021 -202675 1.50991e+06 1.70005e+06 966648 -209163 1.52068e+06 1.71179e+06 954911 -215858 1.53208e+06 1.7239e+06 942799 -222767 1.54412e+06 1.7364e+06 930298 -229897 1.55684e+06 1.74931e+06 917398 -237256 1.57027e+06 1.76262e+06 904084 -244850 1.58445e+06 1.77636e+06 890345 -252687 1.59942e+06 1.79054e+06 876166 -260775 1.61521e+06 1.80518e+06 861532 -269122 1.63186e+06 1.82028e+06 846431 -277737 1.6494e+06 1.83587e+06 830846 -286626 1.66789e+06 1.85195e+06 814762 -295801 1.68735e+06 1.86855e+06 798164 -305269 1.70784e+06 1.88568e+06 781034 -315040 1.72939e+06 1.90336e+06 763356 -325124 1.75205e+06 1.92161e+06 745112 -335531 1.77586e+06 1.94044e+06 726284 -346270 1.80088e+06 1.95987e+06 706853 -357354 1.82715e+06 1.97992e+06 686800 -368792 1.85472e+06 2.00062e+06 666106 -380597 1.88364e+06 2.02198e+06 644749 -392779 1.91396e+06 2.04402e+06 622709 -405351 1.94574e+06 2.06677e+06 599963 -418326 1.97901e+06 2.09024e+06 576489 -431716 2.01385e+06 2.11447e+06 552264 -445534 2.0503e+06 2.13947e+06 527263 -459795 2.08843e+06 2.16528e+06 501462 -474512 2.12828e+06 2.19191e+06 474835 -489700 2.16992e+06 2.21939e+06 447356 -505375 2.21341e+06 2.24775e+06 418998 -521551 2.2588e+06 2.27702e+06 389731 -538245 2.30617e+06 2.30722e+06 359528 -555473 2.35556e+06 2.3384e+06 328359 -573253 2.40706e+06 2.37057e+06 296191 -591602 2.46072e+06 2.40377e+06 262994 -610538 2.51662e+06 2.43803e+06 228734 -630080 2.57481e+06 2.47339e+06 193378 -650248 2.63538e+06 1.63259e+06 1.0341e+06 -158444 1.45663e+06 1.64217e+06 1.02452e+06 -163515 1.46429e+06 1.65206e+06 1.01464e+06 -168749 1.4724e+06 1.66226e+06 1.00443e+06 -174151 1.481e+06 1.67279e+06 993907 -179725 1.49009e+06 1.68365e+06 983042 -185478 1.49972e+06 1.69487e+06 971830 -191414 1.50991e+06 1.70644e+06 960259 -197541 1.52068e+06 1.71838e+06 948318 -203864 1.53208e+06 1.73071e+06 935994 -210389 1.54412e+06 1.74343e+06 923276 -217124 1.55684e+06 1.75655e+06 910151 -224073 1.57027e+06 1.7701e+06 896605 -231246 1.58445e+06 1.78408e+06 882626 -238647 1.59942e+06 1.79851e+06 868200 -246286 1.61521e+06 1.8134e+06 853312 -254169 1.63186e+06 1.82876e+06 837947 -262305 1.6494e+06 1.84462e+06 822091 -270701 1.66789e+06 1.86099e+06 805727 -279365 1.68735e+06 1.87788e+06 788839 -288307 1.70784e+06 1.8953e+06 771411 -297536 1.72939e+06 1.91329e+06 753424 -307059 1.75205e+06 1.93186e+06 734863 -316888 1.77586e+06 1.95101e+06 715707 -327031 1.80088e+06 1.97078e+06 695937 -337498 1.82715e+06 1.99119e+06 675535 -348301 1.85472e+06 2.01225e+06 654480 -359450 1.88364e+06 2.03398e+06 632752 -370955 1.91396e+06 2.0564e+06 610327 -382829 1.94574e+06 2.07955e+06 587185 -395082 1.97901e+06 2.10343e+06 563302 -407728 2.01385e+06 2.12808e+06 538655 -420779 2.0503e+06 2.15352e+06 513218 -434247 2.08843e+06 2.17977e+06 486968 -448147 2.12828e+06 2.20687e+06 459877 -462491 2.16992e+06 2.23483e+06 431919 -477295 2.21341e+06 2.26368e+06 403067 -492572 2.2588e+06 2.29346e+06 373290 -508339 2.30617e+06 2.32419e+06 342561 -524610 2.35556e+06 2.35591e+06 310848 -541402 2.40706e+06 2.38864e+06 278120 -558731 2.46072e+06 2.42242e+06 244345 -576615 2.51662e+06 2.45728e+06 209488 -595071 2.57481e+06 2.49325e+06 173516 -614119 2.63538e+06 1.63742e+06 1.02927e+06 -148966 1.45663e+06 1.64716e+06 1.01954e+06 -153734 1.46429e+06 1.6572e+06 1.00949e+06 -158655 1.4724e+06 1.66757e+06 999126 -163733 1.481e+06 1.67827e+06 988429 -168974 1.49009e+06 1.68931e+06 977389 -174383 1.49972e+06 1.7007e+06 965996 -179964 1.50991e+06 1.71246e+06 954238 -185725 1.52068e+06 1.7246e+06 942104 -191669 1.53208e+06 1.73712e+06 929582 -197804 1.54412e+06 1.75004e+06 916658 -204136 1.55684e+06 1.76338e+06 903321 -210670 1.57027e+06 1.77715e+06 889557 -217413 1.58445e+06 1.79135e+06 875353 -224372 1.59942e+06 1.80601e+06 860693 -231554 1.61521e+06 1.82114e+06 845565 -238965 1.63186e+06 1.83676e+06 829952 -246614 1.6494e+06 1.85287e+06 813840 -254508 1.66789e+06 1.8695e+06 797212 -262654 1.68735e+06 1.88666e+06 780052 -271061 1.70784e+06 1.90437e+06 762342 -279738 1.72939e+06 1.92265e+06 744066 -288692 1.75205e+06 1.94151e+06 725204 -297932 1.77586e+06 1.96098e+06 705739 -307468 1.80088e+06 1.98107e+06 685651 -317310 1.82715e+06 2.0018e+06 664920 -327467 1.85472e+06 2.0232e+06 643525 -337948 1.88364e+06 2.04528e+06 621445 -348765 1.91396e+06 2.06807e+06 598659 -359929 1.94574e+06 2.09159e+06 575143 -371449 1.97901e+06 2.11586e+06 550875 -383339 2.01385e+06 2.14091e+06 525830 -395609 2.0503e+06 2.16675e+06 499983 -408272 2.08843e+06 2.19343e+06 473309 -421340 2.12828e+06 2.22096e+06 445781 -434826 2.16992e+06 2.24937e+06 417372 -448744 2.21341e+06 2.27869e+06 388054 -463108 2.2588e+06 2.30895e+06 357797 -477931 2.30617e+06 2.34018e+06 326572 -493229 2.35556e+06 2.37241e+06 294347 -509016 2.40706e+06 2.40567e+06 261091 -525309 2.46072e+06 2.43999e+06 226770 -542123 2.51662e+06 2.47541e+06 191351 -559475 2.57481e+06 2.51197e+06 154798 -577383 2.63538e+06 1.64195e+06 1.02474e+06 -139341 1.45663e+06 1.65183e+06 1.01486e+06 -143801 1.46429e+06 1.66203e+06 1.00467e+06 -148404 1.4724e+06 1.67255e+06 994148 -153154 1.481e+06 1.6834e+06 983292 -158057 1.49009e+06 1.69461e+06 972087 -163116 1.49972e+06 1.70617e+06 960525 -168337 1.50991e+06 1.71811e+06 948592 -173725 1.52068e+06 1.73042e+06 936277 -179285 1.53208e+06 1.74313e+06 923568 -185024 1.54412e+06 1.75625e+06 910452 -190946 1.55684e+06 1.76979e+06 896916 -197058 1.57027e+06 1.78376e+06 882947 -203366 1.58445e+06 1.79817e+06 868531 -209875 1.59942e+06 1.81305e+06 853653 -216593 1.61521e+06 1.82841e+06 838300 -223526 1.63186e+06 1.84426e+06 822455 -230680 1.6494e+06 1.86061e+06 806102 -238064 1.66789e+06 1.87749e+06 789226 -245684 1.68735e+06 1.8949e+06 771810 -253548 1.70784e+06 1.91288e+06 753837 -261664 1.72939e+06 1.93143e+06 735288 -270039 1.75205e+06 1.95057e+06 716146 -278683 1.77586e+06 1.97033e+06 696391 -287603 1.80088e+06 1.99072e+06 676004 -296808 1.82715e+06 2.01176e+06 654963 -306309 1.85472e+06 2.03348e+06 633250 -316113 1.88364e+06 2.05589e+06 610842 -326231 1.91396e+06 2.07901e+06 587716 -336673 1.94574e+06 2.10288e+06 563850 -347450 1.97901e+06 2.12751e+06 539220 -358571 2.01385e+06 2.15293e+06 513802 -370048 2.0503e+06 2.17917e+06 487570 -381893 2.08843e+06 2.20624e+06 460499 -394117 2.12828e+06 2.23418e+06 432561 -406732 2.16992e+06 2.26302e+06 403728 -419750 2.21341e+06 2.29277e+06 373973 -433186 2.2588e+06 2.32348e+06 343266 -447051 2.30617e+06 2.35518e+06 311576 -461361 2.35556e+06 2.38788e+06 278871 -476128 2.40706e+06 2.42164e+06 245119 -491368 2.46072e+06 2.45647e+06 210288 -507096 2.51662e+06 2.49242e+06 174341 -523327 2.57481e+06 2.52952e+06 137243 -540078 2.63538e+06 1.64618e+06 1.02052e+06 -129579 1.45663e+06 1.65619e+06 1.0105e+06 -133727 1.46429e+06 1.66653e+06 1.00017e+06 -138007 1.4724e+06 1.67719e+06 989505 -142424 1.481e+06 1.6882e+06 978500 -146983 1.49009e+06 1.69956e+06 967142 -151688 1.49972e+06 1.71128e+06 955421 -156543 1.50991e+06 1.72337e+06 943325 -161554 1.52068e+06 1.73586e+06 930841 -166725 1.53208e+06 1.74874e+06 917958 -172061 1.54412e+06 1.76204e+06 904663 -177569 1.55684e+06 1.77576e+06 890942 -183252 1.57027e+06 1.78992e+06 876781 -189118 1.58445e+06 1.80454e+06 862168 -195171 1.59942e+06 1.81962e+06 847087 -201418 1.61521e+06 1.83519e+06 831523 -207865 1.63186e+06 1.85125e+06 815461 -214519 1.6494e+06 1.86783e+06 798885 -221385 1.66789e+06 1.88493e+06 781778 -228471 1.68735e+06 1.90259e+06 764123 -235784 1.70784e+06 1.92081e+06 745904 -243331 1.72939e+06 1.93962e+06 727101 -251120 1.75205e+06 1.95902e+06 707697 -259158 1.77586e+06 1.97905e+06 687671 -267453 1.80088e+06 1.99972e+06 667005 -276014 1.82715e+06 2.02105e+06 645677 -284849 1.85472e+06 2.04306e+06 623666 -293966 1.88364e+06 2.06578e+06 600951 -303375 1.91396e+06 2.08922e+06 577509 -313086 1.94574e+06 2.11342e+06 553316 -323107 1.97901e+06 2.13838e+06 528349 -333449 2.01385e+06 2.16415e+06 502583 -344123 2.0503e+06 2.19075e+06 475992 -355137 2.08843e+06 2.21819e+06 448550 -366505 2.12828e+06 2.24651e+06 420229 -378236 2.16992e+06 2.27574e+06 391003 -390342 2.21341e+06 2.30591e+06 360840 -402837 2.2588e+06 2.33704e+06 329712 -415731 2.30617e+06 2.36916e+06 297588 -429038 2.35556e+06 2.40232e+06 264436 -442770 2.40706e+06 2.43654e+06 230222 -456943 2.46072e+06 2.47185e+06 194913 -471569 2.51662e+06 2.50829e+06 158475 -486663 2.57481e+06 2.5459e+06 120869 -502240 2.63538e+06 1.65009e+06 1.0166e+06 -119689 1.45663e+06 1.66023e+06 1.00646e+06 -123520 1.46429e+06 1.6707e+06 995999 -127473 1.4724e+06 1.68149e+06 985201 -131554 1.481e+06 1.69264e+06 974058 -135764 1.49009e+06 1.70414e+06 962558 -140110 1.49972e+06 1.71601e+06 950690 -144595 1.50991e+06 1.72826e+06 938443 -149223 1.52068e+06 1.7409e+06 925803 -153999 1.53208e+06 1.75394e+06 912758 -158929 1.54412e+06 1.76741e+06 899297 -164016 1.55684e+06 1.7813e+06 885404 -169265 1.57027e+06 1.79564e+06 871066 -174683 1.58445e+06 1.81044e+06 856270 -180275 1.59942e+06 1.82571e+06 841000 -186045 1.61521e+06 1.84147e+06 825241 -192000 1.63186e+06 1.85773e+06 808978 -198145 1.6494e+06 1.87452e+06 792194 -204488 1.66789e+06 1.89184e+06 774873 -211033 1.68735e+06 1.90972e+06 756998 -217788 1.70784e+06 1.92816e+06 738551 -224759 1.72939e+06 1.9472e+06 719513 -231953 1.75205e+06 1.96685e+06 699865 -239377 1.77586e+06 1.98713e+06 679589 -247040 1.80088e+06 2.00806e+06 658664 -254947 1.82715e+06 2.02965e+06 637069 -263107 1.85472e+06 2.05194e+06 614783 -271529 1.88364e+06 2.07494e+06 591783 -280220 1.91396e+06 2.09868e+06 568047 -289189 1.94574e+06 2.12318e+06 543552 -298446 1.97901e+06 2.14846e+06 518272 -307999 2.01385e+06 2.17455e+06 492183 -317857 2.0503e+06 2.20148e+06 465260 -328031 2.08843e+06 2.22927e+06 437474 -338531 2.12828e+06 2.25794e+06 408799 -349367 2.16992e+06 2.28754e+06 379207 -360549 2.21341e+06 2.31808e+06 348667 -372090 2.2588e+06 2.3496e+06 317149 -384000 2.30617e+06 2.38213e+06 284623 -396291 2.35556e+06 2.4157e+06 251055 -408976 2.40706e+06 2.45034e+06 216414 -422066 2.46072e+06 2.4861e+06 180663 -435576 2.51662e+06 2.523e+06 143768 -449518 2.57481e+06 2.56108e+06 105692 -463906 2.63538e+06 1.6537e+06 1.013e+06 -109680 1.45663e+06 1.66395e+06 1.00274e+06 -113191 1.46429e+06 1.67453e+06 992161 -116814 1.4724e+06 1.68545e+06 981241 -120553 1.481e+06 1.69673e+06 969971 -124412 1.49009e+06 1.70836e+06 958340 -128394 1.49972e+06 1.72036e+06 946337 -132504 1.50991e+06 1.73275e+06 933950 -136745 1.52068e+06 1.74553e+06 921167 -141122 1.53208e+06 1.75873e+06 907974 -145639 1.54412e+06 1.77234e+06 894359 -150301 1.55684e+06 1.7864e+06 880308 -155111 1.57027e+06 1.8009e+06 865808 -160076 1.58445e+06 1.81586e+06 850843 -165200 1.59942e+06 1.83131e+06 835399 -170488 1.61521e+06 1.84725e+06 819461 -175945 1.63186e+06 1.8637e+06 803013 -181577 1.6494e+06 1.88067e+06 786038 -187389 1.66789e+06 1.89819e+06 768520 -193387 1.68735e+06 1.91627e+06 750442 -199577 1.70784e+06 1.93493e+06 731784 -205965 1.72939e+06 1.95419e+06 712530 -212557 1.75205e+06 1.97406e+06 692659 -219361 1.77586e+06 1.99457e+06 672152 -226382 1.80088e+06 2.01573e+06 650989 -233628 1.82715e+06 2.03758e+06 629148 -241106 1.85472e+06 2.06012e+06 606608 -248824 1.88364e+06 2.08338e+06 583347 -256788 1.91396e+06 2.10739e+06 559341 -265007 1.94574e+06 2.13216e+06 534567 -273490 1.97901e+06 2.15773e+06 509000 -282244 2.01385e+06 2.18412e+06 482614 -291278 2.0503e+06 2.21135e+06 455384 -300601 2.08843e+06 2.23946e+06 427283 -310223 2.12828e+06 2.26846e+06 398282 -320153 2.16992e+06 2.29839e+06 368352 -330400 2.21341e+06 2.32928e+06 337465 -340976 2.2588e+06 2.36116e+06 305589 -351890 2.30617e+06 2.39406e+06 272692 -363153 2.35556e+06 2.42801e+06 238743 -374777 2.40706e+06 2.46305e+06 203707 -386773 2.46072e+06 2.49921e+06 167550 -399153 2.51662e+06 2.53653e+06 130235 -411929 2.57481e+06 2.57504e+06 91726.1 -425114 2.63538e+06 1.65698e+06 1.00971e+06 -99563.8 1.45663e+06 1.66734e+06 999350 -102751 1.46429e+06 1.67803e+06 988660 -106040 1.4724e+06 1.68907e+06 977628 -109434 1.481e+06 1.70045e+06 966242 -112937 1.49009e+06 1.7122e+06 954492 -116551 1.49972e+06 1.72433e+06 942366 -120282 1.50991e+06 1.73685e+06 929852 -124132 1.52068e+06 1.74976e+06 916937 -128105 1.53208e+06 1.76309e+06 903609 -132206 1.54412e+06 1.77685e+06 889854 -136437 1.55684e+06 1.79104e+06 875659 -140805 1.57027e+06 1.80569e+06 861010 -145311 1.58445e+06 1.82081e+06 845892 -149963 1.59942e+06 1.83642e+06 830290 -154763 1.61521e+06 1.85252e+06 814188 -159716 1.63186e+06 1.86914e+06 797571 -164829 1.6494e+06 1.88629e+06 780422 -170104 1.66789e+06 1.90399e+06 762725 -175549 1.68735e+06 1.92225e+06 744460 -181168 1.70784e+06 1.9411e+06 725612 -186967 1.72939e+06 1.96056e+06 706159 -192952 1.75205e+06 1.98063e+06 686085 -199128 1.77586e+06 2.00135e+06 665367 -205501 1.80088e+06 2.02274e+06 643987 -212079 1.82715e+06 2.0448e+06 621922 -218867 1.85472e+06 2.06757e+06 599151 -225873 1.88364e+06 2.09108e+06 575651 -233103 1.91396e+06 2.11533e+06 551399 -240564 1.94574e+06 2.14036e+06 526371 -248264 1.97901e+06 2.16619e+06 500541 -256211 2.01385e+06 2.19285e+06 473885 -264411 2.0503e+06 2.22036e+06 446376 -272875 2.08843e+06 2.24875e+06 417986 -281609 2.12828e+06 2.27806e+06 388687 -290623 2.16992e+06 2.30829e+06 358450 -299925 2.21341e+06 2.3395e+06 327246 -309525 2.2588e+06 2.37171e+06 295043 -319433 2.30617e+06 2.40494e+06 261809 -329657 2.35556e+06 2.43924e+06 227511 -340209 2.40706e+06 2.47464e+06 192116 -351098 2.46072e+06 2.51117e+06 155587 -362336 2.51662e+06 2.54887e+06 117890 -373934 2.57481e+06 2.58778e+06 78985.6 -385903 2.63538e+06 1.65995e+06 1.00674e+06 -89349 1.45663e+06 1.67041e+06 996288 -92208.9 1.46429e+06 1.68119e+06 985499 -95160.4 1.4724e+06 1.69233e+06 974366 -98206.3 1.481e+06 1.70382e+06 962876 -101350 1.49009e+06 1.71568e+06 951018 -104594 1.49972e+06 1.72792e+06 938781 -107942 1.50991e+06 1.74055e+06 926152 -111397 1.52068e+06 1.75358e+06 913119 -114962 1.53208e+06 1.76703e+06 899669 -118642 1.54412e+06 1.78091e+06 885788 -122439 1.55684e+06 1.79524e+06 871463 -126359 1.57027e+06 1.81003e+06 856679 -130403 1.58445e+06 1.82528e+06 841422 -134577 1.59942e+06 1.84103e+06 825677 -138885 1.61521e+06 1.85728e+06 809427 -143330 1.63186e+06 1.87405e+06 792658 -147918 1.6494e+06 1.89136e+06 775352 -152652 1.66789e+06 1.90922e+06 757492 -157539 1.68735e+06 1.92765e+06 739060 -162581 1.70784e+06 1.94668e+06 720039 -167785 1.72939e+06 1.96631e+06 700408 -173156 1.75205e+06 1.98657e+06 680149 -178698 1.77586e+06 2.00748e+06 659242 -184418 1.80088e+06 2.02906e+06 637666 -190321 1.82715e+06 2.05133e+06 615398 -196413 1.85472e+06 2.07431e+06 592419 -202699 1.88364e+06 2.09802e+06 568703 -209187 1.91396e+06 2.1225e+06 544229 -215883 1.94574e+06 2.14776e+06 518971 -222793 1.97901e+06 2.17383e+06 492904 -229925 2.01385e+06 2.20073e+06 466004 -237284 2.0503e+06 2.2285e+06 438242 -244879 2.08843e+06 2.25715e+06 409592 -252717 2.12828e+06 2.28672e+06 380024 -260806 2.16992e+06 2.31723e+06 349510 -269154 2.21341e+06 2.34873e+06 318020 -277769 2.2588e+06 2.38123e+06 285522 -286660 2.30617e+06 2.41477e+06 251983 -295836 2.35556e+06 2.44938e+06 217371 -305305 2.40706e+06 2.48511e+06 181651 -315077 2.46072e+06 2.52197e+06 144787 -325162 2.51662e+06 2.56002e+06 106744 -335570 2.57481e+06 2.59928e+06 67483.1 -346311 2.63538e+06 1.6626e+06 1.0041e+06 -79046 1.45663e+06 1.67314e+06 993558 -81576.1 1.46429e+06 1.68401e+06 982682 -84187.3 1.4724e+06 1.69524e+06 971458 -86882 1.481e+06 1.70682e+06 959875 -89662.9 1.49009e+06 1.71878e+06 947922 -92532.8 1.49972e+06 1.73111e+06 935585 -95494.6 1.50991e+06 1.74385e+06 922854 -98551.3 1.52068e+06 1.75698e+06 909715 -101706 1.53208e+06 1.77055e+06 896156 -104961 1.54412e+06 1.78454e+06 882163 -108321 1.55684e+06 1.79898e+06 867721 -111788 1.57027e+06 1.81389e+06 852818 -115366 1.58445e+06 1.82927e+06 837437 -119059 1.59942e+06 1.84514e+06 821565 -122870 1.61521e+06 1.86152e+06 805184 -126802 1.63186e+06 1.87843e+06 788279 -130861 1.6494e+06 1.89588e+06 770832 -135050 1.66789e+06 1.91388e+06 752828 -139373 1.68735e+06 1.93247e+06 734247 -143834 1.70784e+06 1.95164e+06 715071 -148437 1.72939e+06 1.97144e+06 695282 -153189 1.75205e+06 1.99186e+06 674859 -158092 1.77586e+06 2.01294e+06 653782 -163152 1.80088e+06 2.03469e+06 632031 -168375 1.82715e+06 2.05714e+06 609583 -173764 1.85472e+06 2.08031e+06 586417 -179326 1.88364e+06 2.10422e+06 562510 -185066 1.91396e+06 2.12889e+06 537837 -190989 1.94574e+06 2.15436e+06 512374 -197103 1.97901e+06 2.18064e+06 486097 -203411 2.01385e+06 2.20776e+06 458978 -209922 2.0503e+06 2.23575e+06 430992 -216642 2.08843e+06 2.26463e+06 402109 -223576 2.12828e+06 2.29444e+06 372303 -230732 2.16992e+06 2.3252e+06 341542 -238118 2.21341e+06 2.35695e+06 309796 -245739 2.2588e+06 2.38972e+06 277034 -253605 2.30617e+06 2.42353e+06 243224 -261722 2.35556e+06 2.45842e+06 208332 -270100 2.40706e+06 2.49444e+06 172322 -278745 2.46072e+06 2.5316e+06 135160 -287667 2.51662e+06 2.56996e+06 96808.9 -296875 2.57481e+06 2.60954e+06 57229.9 -306377 2.63538e+06 1.66492e+06 1.00178e+06 -68665 1.45663e+06 1.67553e+06 991163 -70862.9 1.46429e+06 1.68648e+06 980211 -73131.1 1.4724e+06 1.69779e+06 968908 -75471.9 1.481e+06 1.70945e+06 957243 -77887.6 1.49009e+06 1.72149e+06 945205 -80380.6 1.49972e+06 1.73392e+06 932782 -82953.5 1.50991e+06 1.74674e+06 919961 -85608.7 1.52068e+06 1.75997e+06 906730 -88348.8 1.53208e+06 1.77363e+06 893075 -91176.7 1.54412e+06 1.78772e+06 878983 -94095.2 1.55684e+06 1.80226e+06 864440 -97107 1.57027e+06 1.81727e+06 849431 -100215 1.58445e+06 1.83276e+06 833942 -103423 1.59942e+06 1.84875e+06 817958 -106733 1.61521e+06 1.86525e+06 801462 -110150 1.63186e+06 1.88227e+06 784437 -113675 1.6494e+06 1.89984e+06 766868 -117314 1.66789e+06 1.91798e+06 748736 -121069 1.68735e+06 1.93669e+06 730024 -124944 1.70784e+06 1.956e+06 710714 -128943 1.72939e+06 1.97593e+06 690785 -133071 1.75205e+06 1.9965e+06 670218 -137330 1.77586e+06 2.01773e+06 648993 -141726 1.80088e+06 2.03963e+06 627088 -146262 1.82715e+06 2.06224e+06 604482 -150944 1.85472e+06 2.08557e+06 581153 -155775 1.88364e+06 2.10965e+06 557077 -160761 1.91396e+06 2.1345e+06 532230 -165907 1.94574e+06 2.16014e+06 506588 -171217 1.97901e+06 2.18661e+06 480126 -176698 2.01385e+06 2.21392e+06 452816 -182354 2.0503e+06 2.24211e+06 424632 -188190 2.08843e+06 2.27119e+06 395546 -194214 2.12828e+06 2.30121e+06 365529 -200430 2.16992e+06 2.33219e+06 334552 -206846 2.21341e+06 2.36417e+06 302582 -213467 2.2588e+06 2.39716e+06 269590 -220299 2.30617e+06 2.43121e+06 235541 -227351 2.35556e+06 2.46635e+06 200403 -234628 2.40706e+06 2.50262e+06 164139 -242138 2.46072e+06 2.54005e+06 126716 -249888 2.51662e+06 2.57867e+06 88093.9 -257887 2.57481e+06 2.61853e+06 48236 -266141 2.63538e+06 1.66691e+06 999782 -58216.2 1.45663e+06 1.67759e+06 989106 -60079.6 1.46429e+06 1.68861e+06 978088 -62002.7 1.4724e+06 1.69998e+06 966717 -63987.3 1.481e+06 1.71171e+06 954982 -66035.4 1.49009e+06 1.72383e+06 942872 -68149.1 1.49972e+06 1.73632e+06 930374 -70330.4 1.50991e+06 1.74922e+06 917476 -72581.6 1.52068e+06 1.76254e+06 904165 -74904.8 1.53208e+06 1.77627e+06 890428 -77302.4 1.54412e+06 1.79045e+06 876251 -79776.7 1.55684e+06 1.80508e+06 861621 -82330.2 1.57027e+06 1.82018e+06 846522 -84965.4 1.58445e+06 1.83577e+06 830940 -87685 1.59942e+06 1.85185e+06 814860 -90491.7 1.61521e+06 1.86844e+06 798264 -93388.2 1.63186e+06 1.88557e+06 781137 -96377.4 1.6494e+06 1.90325e+06 763463 -99462.2 1.66789e+06 1.92149e+06 745222 -102646 1.68735e+06 1.94032e+06 726398 -105931 1.70784e+06 1.95974e+06 706971 -109322 1.72939e+06 1.9798e+06 686922 -112821 1.75205e+06 2.00049e+06 666231 -116432 1.77586e+06 2.02184e+06 644879 -120159 1.80088e+06 2.04388e+06 622842 -124005 1.82715e+06 2.06662e+06 600101 -127975 1.85472e+06 2.09009e+06 576631 -132071 1.88364e+06 2.11432e+06 552410 -136298 1.91396e+06 2.13931e+06 527414 -140661 1.94574e+06 2.16511e+06 501618 -145163 1.97901e+06 2.19174e+06 474997 -149810 2.01385e+06 2.21921e+06 447523 -154605 2.0503e+06 2.24757e+06 419169 -159553 2.08843e+06 2.27683e+06 389909 -164660 2.12828e+06 2.30703e+06 359711 -169931 2.16992e+06 2.3382e+06 328547 -175370 2.21341e+06 2.37036e+06 296386 -180983 2.2588e+06 2.40356e+06 263195 -186776 2.30617e+06 2.43781e+06 228942 -192755 2.35556e+06 2.47316e+06 193592 -198925 2.40706e+06 2.50965e+06 157111 -205292 2.46072e+06 2.5473e+06 119462 -211863 2.51662e+06 2.58616e+06 80608 -218644 2.57481e+06 2.62626e+06 40510.4 -225643 2.63538e+06 1.66857e+06 998118 -47710 1.45663e+06 1.6793e+06 987389 -49237.1 1.46429e+06 1.69038e+06 976316 -50813.1 1.4724e+06 1.70181e+06 964888 -52439.6 1.481e+06 1.7136e+06 953095 -54118.1 1.49009e+06 1.72577e+06 940924 -55850.3 1.49972e+06 1.73833e+06 928364 -57638 1.50991e+06 1.7513e+06 915401 -59482.9 1.52068e+06 1.76468e+06 902024 -61386.8 1.53208e+06 1.77848e+06 888218 -63351.7 1.54412e+06 1.79273e+06 873971 -65379.5 1.55684e+06 1.80744e+06 859268 -67472.2 1.57027e+06 1.82261e+06 844094 -69631.8 1.58445e+06 1.83827e+06 828434 -71860.6 1.59942e+06 1.85443e+06 812273 -74160.7 1.61521e+06 1.87111e+06 795595 -76534.5 1.63186e+06 1.88833e+06 778383 -78984.2 1.6494e+06 1.90609e+06 760620 -81512.4 1.66789e+06 1.92442e+06 742288 -84121.5 1.68735e+06 1.94334e+06 723370 -86814 1.70784e+06 1.96287e+06 703846 -89592.8 1.72939e+06 1.98302e+06 683697 -92460.5 1.75205e+06 2.00382e+06 662903 -95420 1.77586e+06 2.02528e+06 641444 -98474.3 1.80088e+06 2.04742e+06 619298 -101626 1.82715e+06 2.07028e+06 596443 -104879 1.85472e+06 2.09387e+06 572856 -108236 1.88364e+06 2.11821e+06 548515 -111701 1.91396e+06 2.14334e+06 523394 -115276 1.94574e+06 2.16926e+06 497469 -118966 1.97901e+06 2.19602e+06 470714 -122774 2.01385e+06 2.22363e+06 443104 -126703 2.0503e+06 2.25213e+06 414609 -130759 2.08843e+06 2.28154e+06 385202 -134944 2.12828e+06 2.31189e+06 354854 -139264 2.16992e+06 2.34321e+06 323535 -143721 2.21341e+06 2.37553e+06 291213 -148322 2.2588e+06 2.40889e+06 257856 -153069 2.30617e+06 2.44332e+06 223432 -157969 2.35556e+06 2.47885e+06 187906 -163025 2.40706e+06 2.51552e+06 151243 -168243 2.46072e+06 2.55336e+06 113406 -173628 2.51662e+06 2.59241e+06 74358.4 -179186 2.57481e+06 2.63271e+06 34060.8 -184921 2.63538e+06 1.66991e+06 996785 -37156.7 1.45663e+06 1.68068e+06 986013 -38346 1.46429e+06 1.6918e+06 974896 -39573.4 1.4724e+06 1.70327e+06 963423 -40840.1 1.481e+06 1.71511e+06 951583 -42147.3 1.49009e+06 1.72733e+06 939363 -43496.4 1.49972e+06 1.73995e+06 926753 -44888.6 1.50991e+06 1.75296e+06 913739 -46325.4 1.52068e+06 1.76639e+06 900309 -47808.2 1.53208e+06 1.78025e+06 886448 -49338.5 1.54412e+06 1.79456e+06 872144 -50917.7 1.55684e+06 1.80932e+06 857382 -52547.5 1.57027e+06 1.82456e+06 842148 -54229.5 1.58445e+06 1.84028e+06 826426 -55965.3 1.59942e+06 1.85651e+06 810201 -57756.6 1.61521e+06 1.87325e+06 793456 -59605.3 1.63186e+06 1.89053e+06 776176 -61513.2 1.6494e+06 1.90837e+06 758342 -63482.1 1.66789e+06 1.92678e+06 739937 -65514.1 1.68735e+06 1.94577e+06 720944 -67611 1.70784e+06 1.96537e+06 701342 -69775.2 1.72939e+06 1.9856e+06 681113 -72008.5 1.75205e+06 2.00648e+06 660237 -74313.4 1.77586e+06 2.02803e+06 638692 -76692.1 1.80088e+06 2.05026e+06 616458 -79146.8 1.82715e+06 2.07321e+06 593512 -81680.2 1.85472e+06 2.09689e+06 569832 -84294.6 1.88364e+06 2.12133e+06 545393 -86992.7 1.91396e+06 2.14656e+06 520173 -89777.2 1.94574e+06 2.17259e+06 494145 -92650.9 1.97901e+06 2.19945e+06 467284 -95616.5 2.01385e+06 2.22717e+06 439563 -98677 2.0503e+06 2.25578e+06 410955 -101835 2.08843e+06 2.28531e+06 381431 -105095 2.12828e+06 2.31578e+06 350962 -108459 2.16992e+06 2.34723e+06 319518 -111931 2.21341e+06 2.37968e+06 287068 -115513 2.2588e+06 2.41317e+06 253579 -119211 2.30617e+06 2.44773e+06 219018 -123026 2.35556e+06 2.48341e+06 183350 -126964 2.40706e+06 2.52022e+06 146541 -131028 2.46072e+06 2.55821e+06 108554 -135222 2.51662e+06 2.59741e+06 69351.3 -139550 2.57481e+06 2.63787e+06 28893.4 -144017 2.63538e+06 1.67091e+06 995784 -26566.7 1.45663e+06 1.68171e+06 984980 -27417.1 1.46429e+06 1.69286e+06 973830 -28294.7 1.4724e+06 1.70437e+06 962322 -29200.3 1.481e+06 1.71625e+06 950447 -30135 1.49009e+06 1.72851e+06 938191 -31099.6 1.49972e+06 1.74115e+06 925544 -32095 1.50991e+06 1.75421e+06 912491 -33122.3 1.52068e+06 1.76768e+06 899021 -34182.5 1.53208e+06 1.78158e+06 885119 -35276.6 1.54412e+06 1.79593e+06 870772 -36405.8 1.55684e+06 1.81074e+06 855967 -37571 1.57027e+06 1.82602e+06 840687 -38773.6 1.58445e+06 1.84179e+06 824918 -40014.7 1.59942e+06 1.85806e+06 808645 -41295.5 1.61521e+06 1.87486e+06 791850 -42617.3 1.63186e+06 1.89219e+06 774518 -43981.4 1.6494e+06 1.91008e+06 756632 -45389.2 1.66789e+06 1.92854e+06 738172 -46842 1.68735e+06 1.94759e+06 719122 -48341.3 1.70784e+06 1.96725e+06 699462 -49888.6 1.72939e+06 1.98754e+06 679173 -51485.5 1.75205e+06 2.00848e+06 658235 -53133.4 1.77586e+06 2.03009e+06 636626 -54834.2 1.80088e+06 2.0524e+06 614326 -56589.3 1.82715e+06 2.07541e+06 591311 -58400.6 1.85472e+06 2.09916e+06 567561 -60269.9 1.88364e+06 2.12368e+06 543050 -62199.1 1.91396e+06 2.14898e+06 517754 -64190 1.94574e+06 2.17508e+06 491649 -66244.6 1.97901e+06 2.20203e+06 464708 -68364.9 2.01385e+06 2.22983e+06 436905 -70553.2 2.0503e+06 2.25853e+06 408211 -72811.5 2.08843e+06 2.28814e+06 378600 -75142.1 2.12828e+06 2.3187e+06 348040 -77547.2 2.16992e+06 2.35024e+06 316503 -80029.4 2.21341e+06 2.38279e+06 283956 -82591 2.2588e+06 2.41638e+06 250367 -85234.6 2.30617e+06 2.45105e+06 215703 -87962.8 2.35556e+06 2.48683e+06 179930 -90778.3 2.40706e+06 2.52375e+06 143011 -93684 2.46072e+06 2.56185e+06 104911 -96682.6 2.51662e+06 2.60117e+06 65591.6 -99777.3 2.57481e+06 2.64175e+06 25013.4 -102971 2.63538e+06 1.67158e+06 995116 -15950.5 1.45663e+06 1.6824e+06 984290 -16461.1 1.46429e+06 1.69358e+06 973118 -16988 1.4724e+06 1.70511e+06 961588 -17531.7 1.481e+06 1.71701e+06 949689 -18092.9 1.49009e+06 1.72929e+06 937410 -18672 1.49972e+06 1.74196e+06 924737 -19269.7 1.50991e+06 1.75504e+06 911658 -19886.5 1.52068e+06 1.76854e+06 898161 -20523 1.53208e+06 1.78247e+06 884232 -21179.9 1.54412e+06 1.79685e+06 869857 -21857.8 1.55684e+06 1.81168e+06 855022 -22557.5 1.57027e+06 1.82699e+06 839712 -23279.5 1.58445e+06 1.84279e+06 823912 -24024.6 1.59942e+06 1.8591e+06 807606 -24793.6 1.61521e+06 1.87593e+06 790779 -25587.2 1.63186e+06 1.8933e+06 773413 -26406.2 1.6494e+06 1.91122e+06 755490 -27251.4 1.66789e+06 1.92972e+06 736995 -28123.7 1.68735e+06 1.94881e+06 717907 -29023.9 1.70784e+06 1.96851e+06 698208 -29952.9 1.72939e+06 1.98884e+06 677879 -30911.6 1.75205e+06 2.00982e+06 656899 -31901.1 1.77586e+06 2.03147e+06 635247 -32922.2 1.80088e+06 2.05382e+06 612903 -33975.9 1.82715e+06 2.07688e+06 589843 -35063.4 1.85472e+06 2.10068e+06 566045 -36185.8 1.88364e+06 2.12524e+06 541486 -37344 1.91396e+06 2.15059e+06 516140 -38539.3 1.94574e+06 2.17675e+06 489983 -39772.9 1.97901e+06 2.20374e+06 462989 -41046 2.01385e+06 2.2316e+06 435131 -42359.8 2.0503e+06 2.26036e+06 406381 -43715.7 2.08843e+06 2.29003e+06 376711 -45114.9 2.12828e+06 2.32065e+06 346091 -46559 2.16992e+06 2.35225e+06 314491 -48049.2 2.21341e+06 2.38487e+06 281879 -49587.2 2.2588e+06 2.41853e+06 248224 -51174.4 2.30617e+06 2.45326e+06 213492 -52812.4 2.35556e+06 2.48911e+06 177648 -54502.8 2.40706e+06 2.5261e+06 140656 -56247.4 2.46072e+06 2.56428e+06 102481 -58047.8 2.51662e+06 2.60368e+06 63083.1 -59905.8 2.57481e+06 2.64434e+06 22424.6 -61823.3 2.63538e+06 1.67191e+06 994782 -5318.59 1.45663e+06 1.68275e+06 983946 -5488.82 1.46429e+06 1.69393e+06 972762 -5664.52 1.4724e+06 1.70547e+06 961221 -5845.83 1.481e+06 1.71739e+06 949310 -6032.95 1.49009e+06 1.72968e+06 937018 -6226.05 1.49972e+06 1.74237e+06 924333 -6425.34 1.50991e+06 1.75546e+06 911242 -6631.01 1.52068e+06 1.76897e+06 897731 -6843.25 1.53208e+06 1.78291e+06 883788 -7062.28 1.54412e+06 1.7973e+06 869399 -7288.34 1.55684e+06 1.81215e+06 854550 -7521.63 1.57027e+06 1.82748e+06 839224 -7762.38 1.58445e+06 1.8433e+06 823409 -8010.84 1.59942e+06 1.85962e+06 807087 -8267.26 1.61521e+06 1.87647e+06 790243 -8531.87 1.63186e+06 1.89385e+06 772859 -8804.97 1.6494e+06 1.91179e+06 754920 -9086.8 1.66789e+06 1.93031e+06 736406 -9377.64 1.68735e+06 1.94941e+06 717299 -9677.81 1.70784e+06 1.96913e+06 697581 -9987.59 1.72939e+06 1.98949e+06 677231 -10307.3 1.75205e+06 2.01049e+06 656231 -10637.2 1.77586e+06 2.03216e+06 634558 -10977.7 1.80088e+06 2.05453e+06 612191 -11329 1.82715e+06 2.07762e+06 589109 -11691.7 1.85472e+06 2.10144e+06 565287 -12065.9 1.88364e+06 2.12602e+06 540703 -12452.1 1.91396e+06 2.1514e+06 515333 -12850.7 1.94574e+06 2.17758e+06 489150 -13262 1.97901e+06 2.2046e+06 462129 -13686.5 2.01385e+06 2.23249e+06 434243 -14124.6 2.0503e+06 2.26127e+06 405465 -14576.7 2.08843e+06 2.29097e+06 375766 -15043.2 2.12828e+06 2.32163e+06 345115 -15524.8 2.16992e+06 2.35326e+06 313484 -16021.7 2.21341e+06 2.38591e+06 280841 -16534.5 2.2588e+06 2.4196e+06 247152 -17063.8 2.30617e+06 2.45437e+06 212386 -17609.9 2.35556e+06 2.49025e+06 176506 -18173.6 2.40706e+06 2.52728e+06 139478 -18755.3 2.46072e+06 2.5655e+06 101265 -19355.6 2.51662e+06 2.60494e+06 61828.2 -19975.2 2.57481e+06 2.64564e+06 21129.6 -20614.5 2.63538e+06 1.67191e+06 994782 5318.59 1.45663e+06 1.68275e+06 983946 5488.82 1.46429e+06 1.69393e+06 972762 5664.52 1.4724e+06 1.70547e+06 961221 5845.83 1.481e+06 1.71739e+06 949310 6032.95 1.49009e+06 1.72968e+06 937018 6226.05 1.49972e+06 1.74237e+06 924333 6425.34 1.50991e+06 1.75546e+06 911242 6631.01 1.52068e+06 1.76897e+06 897731 6843.25 1.53208e+06 1.78291e+06 883788 7062.28 1.54412e+06 1.7973e+06 869399 7288.34 1.55684e+06 1.81215e+06 854550 7521.63 1.57027e+06 1.82748e+06 839224 7762.38 1.58445e+06 1.8433e+06 823409 8010.84 1.59942e+06 1.85962e+06 807087 8267.26 1.61521e+06 1.87647e+06 790243 8531.87 1.63186e+06 1.89385e+06 772859 8804.97 1.6494e+06 1.91179e+06 754920 9086.8 1.66789e+06 1.93031e+06 736406 9377.64 1.68735e+06 1.94941e+06 717299 9677.81 1.70784e+06 1.96913e+06 697581 9987.59 1.72939e+06 1.98949e+06 677231 10307.3 1.75205e+06 2.01049e+06 656231 10637.2 1.77586e+06 2.03216e+06 634558 10977.7 1.80088e+06 2.05453e+06 612191 11329 1.82715e+06 2.07762e+06 589109 11691.7 1.85472e+06 2.10144e+06 565287 12065.9 1.88364e+06 2.12602e+06 540703 12452.1 1.91396e+06 2.1514e+06 515333 12850.7 1.94574e+06 2.17758e+06 489150 13262 1.97901e+06 2.2046e+06 462129 13686.5 2.01385e+06 2.23249e+06 434243 14124.6 2.0503e+06 2.26127e+06 405465 14576.7 2.08843e+06 2.29097e+06 375766 15043.2 2.12828e+06 2.32163e+06 345115 15524.8 2.16992e+06 2.35326e+06 313484 16021.7 2.21341e+06 2.38591e+06 280841 16534.5 2.2588e+06 2.4196e+06 247152 17063.8 2.30617e+06 2.45437e+06 212386 17609.9 2.35556e+06 2.49025e+06 176506 18173.6 2.40706e+06 2.52728e+06 139478 18755.3 2.46072e+06 2.5655e+06 101265 19355.6 2.51662e+06 2.60494e+06 61828.2 19975.2 2.57481e+06 2.64564e+06 21129.6 20614.5 2.63538e+06 1.67158e+06 995116 15950.5 1.45663e+06 1.6824e+06 984290 16461.1 1.46429e+06 1.69358e+06 973118 16988 1.4724e+06 1.70511e+06 961588 17531.7 1.481e+06 1.71701e+06 949689 18092.9 1.49009e+06 1.72929e+06 937410 18672 1.49972e+06 1.74196e+06 924737 19269.7 1.50991e+06 1.75504e+06 911658 19886.5 1.52068e+06 1.76854e+06 898161 20523 1.53208e+06 1.78247e+06 884232 21179.9 1.54412e+06 1.79685e+06 869857 21857.8 1.55684e+06 1.81168e+06 855022 22557.5 1.57027e+06 1.82699e+06 839712 23279.5 1.58445e+06 1.84279e+06 823912 24024.6 1.59942e+06 1.8591e+06 807606 24793.6 1.61521e+06 1.87593e+06 790779 25587.2 1.63186e+06 1.8933e+06 773413 26406.2 1.6494e+06 1.91122e+06 755490 27251.4 1.66789e+06 1.92972e+06 736995 28123.7 1.68735e+06 1.94881e+06 717907 29023.9 1.70784e+06 1.96851e+06 698208 29952.9 1.72939e+06 1.98884e+06 677879 30911.6 1.75205e+06 2.00982e+06 656899 31901.1 1.77586e+06 2.03147e+06 635247 32922.2 1.80088e+06 2.05382e+06 612903 33975.9 1.82715e+06 2.07688e+06 589843 35063.4 1.85472e+06 2.10068e+06 566045 36185.8 1.88364e+06 2.12524e+06 541486 37344 1.91396e+06 2.15059e+06 516140 38539.3 1.94574e+06 2.17675e+06 489983 39772.9 1.97901e+06 2.20374e+06 462989 41046 2.01385e+06 2.2316e+06 435131 42359.8 2.0503e+06 2.26036e+06 406381 43715.7 2.08843e+06 2.29003e+06 376711 45114.9 2.12828e+06 2.32065e+06 346091 46559 2.16992e+06 2.35225e+06 314491 48049.2 2.21341e+06 2.38487e+06 281879 49587.2 2.2588e+06 2.41853e+06 248224 51174.4 2.30617e+06 2.45326e+06 213492 52812.4 2.35556e+06 2.48911e+06 177648 54502.8 2.40706e+06 2.5261e+06 140656 56247.4 2.46072e+06 2.56428e+06 102481 58047.8 2.51662e+06 2.60368e+06 63083.1 59905.8 2.57481e+06 2.64434e+06 22424.6 61823.3 2.63538e+06 1.67091e+06 995784 26566.7 1.45663e+06 1.68171e+06 984980 27417.1 1.46429e+06 1.69286e+06 973830 28294.7 1.4724e+06 1.70437e+06 962322 29200.3 1.481e+06 1.71625e+06 950447 30135 1.49009e+06 1.72851e+06 938191 31099.6 1.49972e+06 1.74115e+06 925544 32095 1.50991e+06 1.75421e+06 912491 33122.3 1.52068e+06 1.76768e+06 899021 34182.5 1.53208e+06 1.78158e+06 885119 35276.6 1.54412e+06 1.79593e+06 870772 36405.8 1.55684e+06 1.81074e+06 855967 37571 1.57027e+06 1.82602e+06 840687 38773.6 1.58445e+06 1.84179e+06 824918 40014.7 1.59942e+06 1.85806e+06 808645 41295.5 1.61521e+06 1.87486e+06 791850 42617.3 1.63186e+06 1.89219e+06 774518 43981.4 1.6494e+06 1.91008e+06 756632 45389.2 1.66789e+06 1.92854e+06 738172 46842 1.68735e+06 1.94759e+06 719122 48341.3 1.70784e+06 1.96725e+06 699462 49888.6 1.72939e+06 1.98754e+06 679173 51485.5 1.75205e+06 2.00848e+06 658235 53133.4 1.77586e+06 2.03009e+06 636626 54834.2 1.80088e+06 2.0524e+06 614326 56589.3 1.82715e+06 2.07541e+06 591311 58400.6 1.85472e+06 2.09916e+06 567561 60269.9 1.88364e+06 2.12368e+06 543050 62199.1 1.91396e+06 2.14898e+06 517754 64190 1.94574e+06 2.17508e+06 491649 66244.6 1.97901e+06 2.20203e+06 464708 68364.9 2.01385e+06 2.22983e+06 436905 70553.2 2.0503e+06 2.25853e+06 408211 72811.5 2.08843e+06 2.28814e+06 378600 75142.1 2.12828e+06 2.3187e+06 348040 77547.2 2.16992e+06 2.35024e+06 316503 80029.4 2.21341e+06 2.38279e+06 283956 82591 2.2588e+06 2.41638e+06 250367 85234.6 2.30617e+06 2.45105e+06 215703 87962.8 2.35556e+06 2.48683e+06 179930 90778.3 2.40706e+06 2.52375e+06 143011 93684 2.46072e+06 2.56185e+06 104911 96682.6 2.51662e+06 2.60117e+06 65591.6 99777.3 2.57481e+06 2.64175e+06 25013.4 102971 2.63538e+06 1.66991e+06 996785 37156.7 1.45663e+06 1.68068e+06 986013 38346 1.46429e+06 1.6918e+06 974896 39573.4 1.4724e+06 1.70327e+06 963423 40840.1 1.481e+06 1.71511e+06 951583 42147.3 1.49009e+06 1.72733e+06 939363 43496.4 1.49972e+06 1.73995e+06 926753 44888.6 1.50991e+06 1.75296e+06 913739 46325.4 1.52068e+06 1.76639e+06 900309 47808.2 1.53208e+06 1.78025e+06 886448 49338.5 1.54412e+06 1.79456e+06 872144 50917.7 1.55684e+06 1.80932e+06 857382 52547.5 1.57027e+06 1.82456e+06 842148 54229.5 1.58445e+06 1.84028e+06 826426 55965.3 1.59942e+06 1.85651e+06 810201 57756.6 1.61521e+06 1.87325e+06 793456 59605.3 1.63186e+06 1.89053e+06 776176 61513.2 1.6494e+06 1.90837e+06 758342 63482.1 1.66789e+06 1.92678e+06 739937 65514.1 1.68735e+06 1.94577e+06 720944 67611 1.70784e+06 1.96537e+06 701342 69775.2 1.72939e+06 1.9856e+06 681113 72008.5 1.75205e+06 2.00648e+06 660237 74313.4 1.77586e+06 2.02803e+06 638692 76692.1 1.80088e+06 2.05026e+06 616458 79146.8 1.82715e+06 2.07321e+06 593512 81680.2 1.85472e+06 2.09689e+06 569832 84294.6 1.88364e+06 2.12133e+06 545393 86992.7 1.91396e+06 2.14656e+06 520173 89777.2 1.94574e+06 2.17259e+06 494145 92650.9 1.97901e+06 2.19945e+06 467284 95616.5 2.01385e+06 2.22717e+06 439563 98677 2.0503e+06 2.25578e+06 410955 101835 2.08843e+06 2.28531e+06 381431 105095 2.12828e+06 2.31578e+06 350962 108459 2.16992e+06 2.34723e+06 319518 111931 2.21341e+06 2.37968e+06 287068 115513 2.2588e+06 2.41317e+06 253579 119211 2.30617e+06 2.44773e+06 219018 123026 2.35556e+06 2.48341e+06 183350 126964 2.40706e+06 2.52022e+06 146541 131028 2.46072e+06 2.55821e+06 108554 135222 2.51662e+06 2.59741e+06 69351.3 139550 2.57481e+06 2.63787e+06 28893.4 144017 2.63538e+06 1.66857e+06 998118 47710 1.45663e+06 1.6793e+06 987389 49237.1 1.46429e+06 1.69038e+06 976316 50813.1 1.4724e+06 1.70181e+06 964888 52439.6 1.481e+06 1.7136e+06 953095 54118.1 1.49009e+06 1.72577e+06 940924 55850.3 1.49972e+06 1.73833e+06 928364 57638 1.50991e+06 1.7513e+06 915401 59482.9 1.52068e+06 1.76468e+06 902024 61386.8 1.53208e+06 1.77848e+06 888218 63351.7 1.54412e+06 1.79273e+06 873971 65379.5 1.55684e+06 1.80744e+06 859268 67472.2 1.57027e+06 1.82261e+06 844094 69631.8 1.58445e+06 1.83827e+06 828434 71860.6 1.59942e+06 1.85443e+06 812273 74160.7 1.61521e+06 1.87111e+06 795595 76534.5 1.63186e+06 1.88833e+06 778383 78984.2 1.6494e+06 1.90609e+06 760620 81512.4 1.66789e+06 1.92442e+06 742288 84121.5 1.68735e+06 1.94334e+06 723370 86814 1.70784e+06 1.96287e+06 703846 89592.8 1.72939e+06 1.98302e+06 683697 92460.5 1.75205e+06 2.00382e+06 662903 95420 1.77586e+06 2.02528e+06 641444 98474.3 1.80088e+06 2.04742e+06 619298 101626 1.82715e+06 2.07028e+06 596443 104879 1.85472e+06 2.09387e+06 572856 108236 1.88364e+06 2.11821e+06 548515 111701 1.91396e+06 2.14334e+06 523394 115276 1.94574e+06 2.16926e+06 497469 118966 1.97901e+06 2.19602e+06 470714 122774 2.01385e+06 2.22363e+06 443104 126703 2.0503e+06 2.25213e+06 414609 130759 2.08843e+06 2.28154e+06 385202 134944 2.12828e+06 2.31189e+06 354854 139264 2.16992e+06 2.34321e+06 323535 143721 2.21341e+06 2.37553e+06 291213 148322 2.2588e+06 2.40889e+06 257856 153069 2.30617e+06 2.44332e+06 223432 157969 2.35556e+06 2.47885e+06 187906 163025 2.40706e+06 2.51552e+06 151243 168243 2.46072e+06 2.55336e+06 113406 173628 2.51662e+06 2.59241e+06 74358.4 179186 2.57481e+06 2.63271e+06 34060.8 184921 2.63538e+06 1.66691e+06 999782 58216.2 1.45663e+06 1.67759e+06 989106 60079.6 1.46429e+06 1.68861e+06 978088 62002.7 1.4724e+06 1.69998e+06 966717 63987.3 1.481e+06 1.71171e+06 954982 66035.4 1.49009e+06 1.72383e+06 942872 68149.1 1.49972e+06 1.73632e+06 930374 70330.4 1.50991e+06 1.74922e+06 917476 72581.6 1.52068e+06 1.76254e+06 904165 74904.8 1.53208e+06 1.77627e+06 890428 77302.4 1.54412e+06 1.79045e+06 876251 79776.7 1.55684e+06 1.80508e+06 861621 82330.2 1.57027e+06 1.82018e+06 846522 84965.4 1.58445e+06 1.83577e+06 830940 87685 1.59942e+06 1.85185e+06 814860 90491.7 1.61521e+06 1.86844e+06 798264 93388.2 1.63186e+06 1.88557e+06 781137 96377.4 1.6494e+06 1.90325e+06 763463 99462.2 1.66789e+06 1.92149e+06 745222 102646 1.68735e+06 1.94032e+06 726398 105931 1.70784e+06 1.95974e+06 706971 109322 1.72939e+06 1.9798e+06 686922 112821 1.75205e+06 2.00049e+06 666231 116432 1.77586e+06 2.02184e+06 644879 120159 1.80088e+06 2.04388e+06 622842 124005 1.82715e+06 2.06662e+06 600101 127975 1.85472e+06 2.09009e+06 576631 132071 1.88364e+06 2.11432e+06 552410 136298 1.91396e+06 2.13931e+06 527414 140661 1.94574e+06 2.16511e+06 501618 145163 1.97901e+06 2.19174e+06 474997 149810 2.01385e+06 2.21921e+06 447523 154605 2.0503e+06 2.24757e+06 419169 159553 2.08843e+06 2.27683e+06 389909 164660 2.12828e+06 2.30703e+06 359711 169931 2.16992e+06 2.3382e+06 328547 175370 2.21341e+06 2.37036e+06 296386 180983 2.2588e+06 2.40356e+06 263195 186776 2.30617e+06 2.43781e+06 228942 192755 2.35556e+06 2.47316e+06 193592 198925 2.40706e+06 2.50965e+06 157111 205292 2.46072e+06 2.5473e+06 119462 211863 2.51662e+06 2.58616e+06 80608 218644 2.57481e+06 2.62626e+06 40510.4 225643 2.63538e+06 1.66492e+06 1.00178e+06 68665 1.45663e+06 1.67553e+06 991163 70862.9 1.46429e+06 1.68648e+06 980211 73131.1 1.4724e+06 1.69779e+06 968908 75471.9 1.481e+06 1.70945e+06 957243 77887.6 1.49009e+06 1.72149e+06 945205 80380.6 1.49972e+06 1.73392e+06 932782 82953.5 1.50991e+06 1.74674e+06 919961 85608.7 1.52068e+06 1.75997e+06 906730 88348.8 1.53208e+06 1.77363e+06 893075 91176.7 1.54412e+06 1.78772e+06 878983 94095.2 1.55684e+06 1.80226e+06 864440 97107 1.57027e+06 1.81727e+06 849431 100215 1.58445e+06 1.83276e+06 833942 103423 1.59942e+06 1.84875e+06 817958 106733 1.61521e+06 1.86525e+06 801462 110150 1.63186e+06 1.88227e+06 784437 113675 1.6494e+06 1.89984e+06 766868 117314 1.66789e+06 1.91798e+06 748736 121069 1.68735e+06 1.93669e+06 730024 124944 1.70784e+06 1.956e+06 710714 128943 1.72939e+06 1.97593e+06 690785 133071 1.75205e+06 1.9965e+06 670218 137330 1.77586e+06 2.01773e+06 648993 141726 1.80088e+06 2.03963e+06 627088 146262 1.82715e+06 2.06224e+06 604482 150944 1.85472e+06 2.08557e+06 581153 155775 1.88364e+06 2.10965e+06 557077 160761 1.91396e+06 2.1345e+06 532230 165907 1.94574e+06 2.16014e+06 506588 171217 1.97901e+06 2.18661e+06 480126 176698 2.01385e+06 2.21392e+06 452816 182354 2.0503e+06 2.24211e+06 424632 188190 2.08843e+06 2.27119e+06 395546 194214 2.12828e+06 2.30121e+06 365529 200430 2.16992e+06 2.33219e+06 334552 206846 2.21341e+06 2.36417e+06 302582 213467 2.2588e+06 2.39716e+06 269590 220299 2.30617e+06 2.43121e+06 235541 227351 2.35556e+06 2.46635e+06 200403 234628 2.40706e+06 2.50262e+06 164139 242138 2.46072e+06 2.54005e+06 126716 249888 2.51662e+06 2.57867e+06 88093.9 257887 2.57481e+06 2.61853e+06 48236 266141 2.63538e+06 1.6626e+06 1.0041e+06 79046 1.45663e+06 1.67314e+06 993558 81576.1 1.46429e+06 1.68401e+06 982682 84187.3 1.4724e+06 1.69524e+06 971458 86882 1.481e+06 1.70682e+06 959875 89662.9 1.49009e+06 1.71878e+06 947922 92532.8 1.49972e+06 1.73111e+06 935585 95494.6 1.50991e+06 1.74385e+06 922854 98551.3 1.52068e+06 1.75698e+06 909715 101706 1.53208e+06 1.77055e+06 896156 104961 1.54412e+06 1.78454e+06 882163 108321 1.55684e+06 1.79898e+06 867721 111788 1.57027e+06 1.81389e+06 852818 115366 1.58445e+06 1.82927e+06 837437 119059 1.59942e+06 1.84514e+06 821565 122870 1.61521e+06 1.86152e+06 805184 126802 1.63186e+06 1.87843e+06 788279 130861 1.6494e+06 1.89588e+06 770832 135050 1.66789e+06 1.91388e+06 752828 139373 1.68735e+06 1.93247e+06 734247 143834 1.70784e+06 1.95164e+06 715071 148437 1.72939e+06 1.97144e+06 695282 153189 1.75205e+06 1.99186e+06 674859 158092 1.77586e+06 2.01294e+06 653782 163152 1.80088e+06 2.03469e+06 632031 168375 1.82715e+06 2.05714e+06 609583 173764 1.85472e+06 2.08031e+06 586417 179326 1.88364e+06 2.10422e+06 562510 185066 1.91396e+06 2.12889e+06 537837 190989 1.94574e+06 2.15436e+06 512374 197103 1.97901e+06 2.18064e+06 486097 203411 2.01385e+06 2.20776e+06 458978 209922 2.0503e+06 2.23575e+06 430992 216642 2.08843e+06 2.26463e+06 402109 223576 2.12828e+06 2.29444e+06 372303 230732 2.16992e+06 2.3252e+06 341542 238118 2.21341e+06 2.35695e+06 309796 245739 2.2588e+06 2.38972e+06 277034 253605 2.30617e+06 2.42353e+06 243224 261722 2.35556e+06 2.45842e+06 208332 270100 2.40706e+06 2.49444e+06 172322 278745 2.46072e+06 2.5316e+06 135160 287667 2.51662e+06 2.56996e+06 96808.9 296875 2.57481e+06 2.60954e+06 57229.9 306377 2.63538e+06 1.65995e+06 1.00674e+06 89349 1.45663e+06 1.67041e+06 996288 92208.9 1.46429e+06 1.68119e+06 985499 95160.4 1.4724e+06 1.69233e+06 974366 98206.3 1.481e+06 1.70382e+06 962876 101350 1.49009e+06 1.71568e+06 951018 104594 1.49972e+06 1.72792e+06 938781 107942 1.50991e+06 1.74055e+06 926152 111397 1.52068e+06 1.75358e+06 913119 114962 1.53208e+06 1.76703e+06 899669 118642 1.54412e+06 1.78091e+06 885788 122439 1.55684e+06 1.79524e+06 871463 126359 1.57027e+06 1.81003e+06 856679 130403 1.58445e+06 1.82528e+06 841422 134577 1.59942e+06 1.84103e+06 825677 138885 1.61521e+06 1.85728e+06 809427 143330 1.63186e+06 1.87405e+06 792658 147918 1.6494e+06 1.89136e+06 775352 152652 1.66789e+06 1.90922e+06 757492 157539 1.68735e+06 1.92765e+06 739060 162581 1.70784e+06 1.94668e+06 720039 167785 1.72939e+06 1.96631e+06 700408 173156 1.75205e+06 1.98657e+06 680149 178698 1.77586e+06 2.00748e+06 659242 184418 1.80088e+06 2.02906e+06 637666 190321 1.82715e+06 2.05133e+06 615398 196413 1.85472e+06 2.07431e+06 592419 202699 1.88364e+06 2.09802e+06 568703 209187 1.91396e+06 2.1225e+06 544229 215883 1.94574e+06 2.14776e+06 518971 222793 1.97901e+06 2.17383e+06 492904 229925 2.01385e+06 2.20073e+06 466004 237284 2.0503e+06 2.2285e+06 438242 244879 2.08843e+06 2.25715e+06 409592 252717 2.12828e+06 2.28672e+06 380024 260806 2.16992e+06 2.31723e+06 349510 269154 2.21341e+06 2.34873e+06 318020 277769 2.2588e+06 2.38123e+06 285522 286660 2.30617e+06 2.41477e+06 251983 295836 2.35556e+06 2.44938e+06 217371 305305 2.40706e+06 2.48511e+06 181651 315077 2.46072e+06 2.52197e+06 144787 325162 2.51662e+06 2.56002e+06 106744 335570 2.57481e+06 2.59928e+06 67483.1 346311 2.63538e+06 1.65698e+06 1.00971e+06 99563.8 1.45663e+06 1.66734e+06 999350 102751 1.46429e+06 1.67803e+06 988660 106040 1.4724e+06 1.68907e+06 977628 109434 1.481e+06 1.70045e+06 966242 112937 1.49009e+06 1.7122e+06 954492 116551 1.49972e+06 1.72433e+06 942366 120282 1.50991e+06 1.73685e+06 929852 124132 1.52068e+06 1.74976e+06 916937 128105 1.53208e+06 1.76309e+06 903609 132206 1.54412e+06 1.77685e+06 889854 136437 1.55684e+06 1.79104e+06 875659 140805 1.57027e+06 1.80569e+06 861010 145311 1.58445e+06 1.82081e+06 845892 149963 1.59942e+06 1.83642e+06 830290 154763 1.61521e+06 1.85252e+06 814188 159716 1.63186e+06 1.86914e+06 797571 164829 1.6494e+06 1.88629e+06 780422 170104 1.66789e+06 1.90399e+06 762725 175549 1.68735e+06 1.92225e+06 744460 181168 1.70784e+06 1.9411e+06 725612 186967 1.72939e+06 1.96056e+06 706159 192952 1.75205e+06 1.98063e+06 686085 199128 1.77586e+06 2.00135e+06 665367 205501 1.80088e+06 2.02274e+06 643987 212079 1.82715e+06 2.0448e+06 621922 218867 1.85472e+06 2.06757e+06 599151 225873 1.88364e+06 2.09108e+06 575651 233103 1.91396e+06 2.11533e+06 551399 240564 1.94574e+06 2.14036e+06 526371 248264 1.97901e+06 2.16619e+06 500541 256211 2.01385e+06 2.19285e+06 473885 264411 2.0503e+06 2.22036e+06 446376 272875 2.08843e+06 2.24875e+06 417986 281609 2.12828e+06 2.27806e+06 388687 290623 2.16992e+06 2.30829e+06 358450 299925 2.21341e+06 2.3395e+06 327246 309525 2.2588e+06 2.37171e+06 295043 319433 2.30617e+06 2.40494e+06 261809 329657 2.35556e+06 2.43924e+06 227511 340209 2.40706e+06 2.47464e+06 192116 351098 2.46072e+06 2.51117e+06 155587 362336 2.51662e+06 2.54887e+06 117890 373934 2.57481e+06 2.58778e+06 78985.6 385903 2.63538e+06 1.6537e+06 1.013e+06 109680 1.45663e+06 1.66395e+06 1.00274e+06 113191 1.46429e+06 1.67453e+06 992161 116814 1.4724e+06 1.68545e+06 981241 120553 1.481e+06 1.69673e+06 969971 124412 1.49009e+06 1.70836e+06 958340 128394 1.49972e+06 1.72036e+06 946337 132504 1.50991e+06 1.73275e+06 933950 136745 1.52068e+06 1.74553e+06 921167 141122 1.53208e+06 1.75873e+06 907974 145639 1.54412e+06 1.77234e+06 894359 150301 1.55684e+06 1.7864e+06 880308 155111 1.57027e+06 1.8009e+06 865808 160076 1.58445e+06 1.81586e+06 850843 165200 1.59942e+06 1.83131e+06 835399 170488 1.61521e+06 1.84725e+06 819461 175945 1.63186e+06 1.8637e+06 803013 181577 1.6494e+06 1.88067e+06 786038 187389 1.66789e+06 1.89819e+06 768520 193387 1.68735e+06 1.91627e+06 750442 199577 1.70784e+06 1.93493e+06 731784 205965 1.72939e+06 1.95419e+06 712530 212557 1.75205e+06 1.97406e+06 692659 219361 1.77586e+06 1.99457e+06 672152 226382 1.80088e+06 2.01573e+06 650989 233628 1.82715e+06 2.03758e+06 629148 241106 1.85472e+06 2.06012e+06 606608 248824 1.88364e+06 2.08338e+06 583347 256788 1.91396e+06 2.10739e+06 559341 265007 1.94574e+06 2.13216e+06 534567 273490 1.97901e+06 2.15773e+06 509000 282244 2.01385e+06 2.18412e+06 482614 291278 2.0503e+06 2.21135e+06 455384 300601 2.08843e+06 2.23946e+06 427283 310223 2.12828e+06 2.26846e+06 398282 320153 2.16992e+06 2.29839e+06 368352 330400 2.21341e+06 2.32928e+06 337465 340976 2.2588e+06 2.36116e+06 305589 351890 2.30617e+06 2.39406e+06 272692 363153 2.35556e+06 2.42801e+06 238743 374777 2.40706e+06 2.46305e+06 203707 386773 2.46072e+06 2.49921e+06 167550 399153 2.51662e+06 2.53653e+06 130235 411929 2.57481e+06 2.57504e+06 91726.1 425114 2.63538e+06 1.65009e+06 1.0166e+06 119689 1.45663e+06 1.66023e+06 1.00646e+06 123520 1.46429e+06 1.6707e+06 995999 127473 1.4724e+06 1.68149e+06 985201 131554 1.481e+06 1.69264e+06 974058 135764 1.49009e+06 1.70414e+06 962558 140110 1.49972e+06 1.71601e+06 950690 144595 1.50991e+06 1.72826e+06 938443 149223 1.52068e+06 1.7409e+06 925803 153999 1.53208e+06 1.75394e+06 912758 158929 1.54412e+06 1.76741e+06 899297 164016 1.55684e+06 1.7813e+06 885404 169265 1.57027e+06 1.79564e+06 871066 174683 1.58445e+06 1.81044e+06 856270 180275 1.59942e+06 1.82571e+06 841000 186045 1.61521e+06 1.84147e+06 825241 192000 1.63186e+06 1.85773e+06 808978 198145 1.6494e+06 1.87452e+06 792194 204488 1.66789e+06 1.89184e+06 774873 211033 1.68735e+06 1.90972e+06 756998 217788 1.70784e+06 1.92816e+06 738551 224759 1.72939e+06 1.9472e+06 719513 231953 1.75205e+06 1.96685e+06 699865 239377 1.77586e+06 1.98713e+06 679589 247040 1.80088e+06 2.00806e+06 658664 254947 1.82715e+06 2.02965e+06 637069 263107 1.85472e+06 2.05194e+06 614783 271529 1.88364e+06 2.07494e+06 591783 280220 1.91396e+06 2.09868e+06 568047 289189 1.94574e+06 2.12318e+06 543552 298446 1.97901e+06 2.14846e+06 518272 307999 2.01385e+06 2.17455e+06 492183 317857 2.0503e+06 2.20148e+06 465260 328031 2.08843e+06 2.22927e+06 437474 338531 2.12828e+06 2.25794e+06 408799 349367 2.16992e+06 2.28754e+06 379207 360549 2.21341e+06 2.31808e+06 348667 372090 2.2588e+06 2.3496e+06 317149 384000 2.30617e+06 2.38213e+06 284623 396291 2.35556e+06 2.4157e+06 251055 408976 2.40706e+06 2.45034e+06 216414 422066 2.46072e+06 2.4861e+06 180663 435576 2.51662e+06 2.523e+06 143768 449518 2.57481e+06 2.56108e+06 105692 463906 2.63538e+06 1.64618e+06 1.02052e+06 129579 1.45663e+06 1.65619e+06 1.0105e+06 133727 1.46429e+06 1.66653e+06 1.00017e+06 138007 1.4724e+06 1.67719e+06 989505 142424 1.481e+06 1.6882e+06 978500 146983 1.49009e+06 1.69956e+06 967142 151688 1.49972e+06 1.71128e+06 955421 156543 1.50991e+06 1.72337e+06 943325 161554 1.52068e+06 1.73586e+06 930841 166725 1.53208e+06 1.74874e+06 917958 172061 1.54412e+06 1.76204e+06 904663 177569 1.55684e+06 1.77576e+06 890942 183252 1.57027e+06 1.78992e+06 876781 189118 1.58445e+06 1.80454e+06 862168 195171 1.59942e+06 1.81962e+06 847087 201418 1.61521e+06 1.83519e+06 831523 207865 1.63186e+06 1.85125e+06 815461 214519 1.6494e+06 1.86783e+06 798885 221385 1.66789e+06 1.88493e+06 781778 228471 1.68735e+06 1.90259e+06 764123 235784 1.70784e+06 1.92081e+06 745904 243331 1.72939e+06 1.93962e+06 727101 251120 1.75205e+06 1.95902e+06 707697 259158 1.77586e+06 1.97905e+06 687671 267453 1.80088e+06 1.99972e+06 667005 276014 1.82715e+06 2.02105e+06 645677 284849 1.85472e+06 2.04306e+06 623666 293966 1.88364e+06 2.06578e+06 600951 303375 1.91396e+06 2.08922e+06 577509 313086 1.94574e+06 2.11342e+06 553316 323107 1.97901e+06 2.13838e+06 528349 333449 2.01385e+06 2.16415e+06 502583 344123 2.0503e+06 2.19075e+06 475992 355137 2.08843e+06 2.21819e+06 448550 366505 2.12828e+06 2.24651e+06 420229 378236 2.16992e+06 2.27574e+06 391003 390342 2.21341e+06 2.30591e+06 360840 402837 2.2588e+06 2.33704e+06 329712 415731 2.30617e+06 2.36916e+06 297588 429038 2.35556e+06 2.40232e+06 264436 442770 2.40706e+06 2.43654e+06 230222 456943 2.46072e+06 2.47185e+06 194913 471569 2.51662e+06 2.50829e+06 158475 486663 2.57481e+06 2.5459e+06 120869 502240 2.63538e+06 1.64195e+06 1.02474e+06 139341 1.45663e+06 1.65183e+06 1.01486e+06 143801 1.46429e+06 1.66203e+06 1.00467e+06 148404 1.4724e+06 1.67255e+06 994148 153154 1.481e+06 1.6834e+06 983292 158057 1.49009e+06 1.69461e+06 972087 163116 1.49972e+06 1.70617e+06 960525 168337 1.50991e+06 1.71811e+06 948592 173725 1.52068e+06 1.73042e+06 936277 179285 1.53208e+06 1.74313e+06 923568 185024 1.54412e+06 1.75625e+06 910452 190946 1.55684e+06 1.76979e+06 896916 197058 1.57027e+06 1.78376e+06 882947 203366 1.58445e+06 1.79817e+06 868531 209875 1.59942e+06 1.81305e+06 853653 216593 1.61521e+06 1.82841e+06 838300 223526 1.63186e+06 1.84426e+06 822455 230680 1.6494e+06 1.86061e+06 806102 238064 1.66789e+06 1.87749e+06 789226 245684 1.68735e+06 1.8949e+06 771810 253548 1.70784e+06 1.91288e+06 753837 261664 1.72939e+06 1.93143e+06 735288 270039 1.75205e+06 1.95057e+06 716146 278683 1.77586e+06 1.97033e+06 696391 287603 1.80088e+06 1.99072e+06 676004 296808 1.82715e+06 2.01176e+06 654963 306309 1.85472e+06 2.03348e+06 633250 316113 1.88364e+06 2.05589e+06 610842 326231 1.91396e+06 2.07901e+06 587716 336673 1.94574e+06 2.10288e+06 563850 347450 1.97901e+06 2.12751e+06 539220 358571 2.01385e+06 2.15293e+06 513802 370048 2.0503e+06 2.17917e+06 487570 381893 2.08843e+06 2.20624e+06 460499 394117 2.12828e+06 2.23418e+06 432561 406732 2.16992e+06 2.26302e+06 403728 419750 2.21341e+06 2.29277e+06 373973 433186 2.2588e+06 2.32348e+06 343266 447051 2.30617e+06 2.35518e+06 311576 461361 2.35556e+06 2.38788e+06 278871 476128 2.40706e+06 2.42164e+06 245119 491368 2.46072e+06 2.45647e+06 210288 507096 2.51662e+06 2.49242e+06 174341 523327 2.57481e+06 2.52952e+06 137243 540078 2.63538e+06 1.63742e+06 1.02927e+06 148966 1.45663e+06 1.64716e+06 1.01954e+06 153734 1.46429e+06 1.6572e+06 1.00949e+06 158655 1.4724e+06 1.66757e+06 999126 163733 1.481e+06 1.67827e+06 988429 168974 1.49009e+06 1.68931e+06 977389 174383 1.49972e+06 1.7007e+06 965996 179964 1.50991e+06 1.71246e+06 954238 185725 1.52068e+06 1.7246e+06 942104 191669 1.53208e+06 1.73712e+06 929582 197804 1.54412e+06 1.75004e+06 916658 204136 1.55684e+06 1.76338e+06 903321 210670 1.57027e+06 1.77715e+06 889557 217413 1.58445e+06 1.79135e+06 875353 224372 1.59942e+06 1.80601e+06 860693 231554 1.61521e+06 1.82114e+06 845565 238965 1.63186e+06 1.83676e+06 829952 246614 1.6494e+06 1.85287e+06 813840 254508 1.66789e+06 1.8695e+06 797212 262654 1.68735e+06 1.88666e+06 780052 271061 1.70784e+06 1.90437e+06 762342 279738 1.72939e+06 1.92265e+06 744066 288692 1.75205e+06 1.94151e+06 725204 297932 1.77586e+06 1.96098e+06 705739 307468 1.80088e+06 1.98107e+06 685651 317310 1.82715e+06 2.0018e+06 664920 327467 1.85472e+06 2.0232e+06 643525 337948 1.88364e+06 2.04528e+06 621445 348765 1.91396e+06 2.06807e+06 598659 359929 1.94574e+06 2.09159e+06 575143 371449 1.97901e+06 2.11586e+06 550875 383339 2.01385e+06 2.14091e+06 525830 395609 2.0503e+06 2.16675e+06 499983 408272 2.08843e+06 2.19343e+06 473309 421340 2.12828e+06 2.22096e+06 445781 434826 2.16992e+06 2.24937e+06 417372 448744 2.21341e+06 2.27869e+06 388054 463108 2.2588e+06 2.30895e+06 357797 477931 2.30617e+06 2.34018e+06 326572 493229 2.35556e+06 2.37241e+06 294347 509016 2.40706e+06 2.40567e+06 261091 525309 2.46072e+06 2.43999e+06 226770 542123 2.51662e+06 2.47541e+06 191351 559475 2.57481e+06 2.51197e+06 154798 577383 2.63538e+06 1.63259e+06 1.0341e+06 158444 1.45663e+06 1.64217e+06 1.02452e+06 163515 1.46429e+06 1.65206e+06 1.01464e+06 168749 1.4724e+06 1.66226e+06 1.00443e+06 174151 1.481e+06 1.67279e+06 993907 179725 1.49009e+06 1.68365e+06 983042 185478 1.49972e+06 1.69487e+06 971830 191414 1.50991e+06 1.70644e+06 960259 197541 1.52068e+06 1.71838e+06 948318 203864 1.53208e+06 1.73071e+06 935994 210389 1.54412e+06 1.74343e+06 923276 217124 1.55684e+06 1.75655e+06 910151 224073 1.57027e+06 1.7701e+06 896605 231246 1.58445e+06 1.78408e+06 882626 238647 1.59942e+06 1.79851e+06 868200 246286 1.61521e+06 1.8134e+06 853312 254169 1.63186e+06 1.82876e+06 837947 262305 1.6494e+06 1.84462e+06 822091 270701 1.66789e+06 1.86099e+06 805727 279365 1.68735e+06 1.87788e+06 788839 288307 1.70784e+06 1.8953e+06 771411 297536 1.72939e+06 1.91329e+06 753424 307059 1.75205e+06 1.93186e+06 734863 316888 1.77586e+06 1.95101e+06 715707 327031 1.80088e+06 1.97078e+06 695937 337498 1.82715e+06 1.99119e+06 675535 348301 1.85472e+06 2.01225e+06 654480 359450 1.88364e+06 2.03398e+06 632752 370955 1.91396e+06 2.0564e+06 610327 382829 1.94574e+06 2.07955e+06 587185 395082 1.97901e+06 2.10343e+06 563302 407728 2.01385e+06 2.12808e+06 538655 420779 2.0503e+06 2.15352e+06 513218 434247 2.08843e+06 2.17977e+06 486968 448147 2.12828e+06 2.20687e+06 459877 462491 2.16992e+06 2.23483e+06 431919 477295 2.21341e+06 2.26368e+06 403067 492572 2.2588e+06 2.29346e+06 373290 508339 2.30617e+06 2.32419e+06 342561 524610 2.35556e+06 2.35591e+06 310848 541402 2.40706e+06 2.38864e+06 278120 558731 2.46072e+06 2.42242e+06 244345 576615 2.51662e+06 2.45728e+06 209488 595071 2.57481e+06 2.49325e+06 173516 614119 2.63538e+06 1.62747e+06 1.03922e+06 167765 1.45663e+06 1.63689e+06 1.02981e+06 173135 1.46429e+06 1.6466e+06 1.02009e+06 178677 1.4724e+06 1.65663e+06 1.01007e+06 184396 1.481e+06 1.66698e+06 999720 190298 1.49009e+06 1.67766e+06 989041 196389 1.49972e+06 1.68868e+06 978021 202675 1.50991e+06 1.70005e+06 966648 209163 1.52068e+06 1.71179e+06 954911 215858 1.53208e+06 1.7239e+06 942799 222767 1.54412e+06 1.7364e+06 930298 229897 1.55684e+06 1.74931e+06 917398 237256 1.57027e+06 1.76262e+06 904084 244850 1.58445e+06 1.77636e+06 890345 252687 1.59942e+06 1.79054e+06 876166 260775 1.61521e+06 1.80518e+06 861532 269122 1.63186e+06 1.82028e+06 846431 277737 1.6494e+06 1.83587e+06 830846 286626 1.66789e+06 1.85195e+06 814762 295801 1.68735e+06 1.86855e+06 798164 305269 1.70784e+06 1.88568e+06 781034 315040 1.72939e+06 1.90336e+06 763356 325124 1.75205e+06 1.92161e+06 745112 335531 1.77586e+06 1.94044e+06 726284 346270 1.80088e+06 1.95987e+06 706853 357354 1.82715e+06 1.97992e+06 686800 368792 1.85472e+06 2.00062e+06 666106 380597 1.88364e+06 2.02198e+06 644749 392779 1.91396e+06 2.04402e+06 622709 405351 1.94574e+06 2.06677e+06 599963 418326 1.97901e+06 2.09024e+06 576489 431716 2.01385e+06 2.11447e+06 552264 445534 2.0503e+06 2.13947e+06 527263 459795 2.08843e+06 2.16528e+06 501462 474512 2.12828e+06 2.19191e+06 474835 489700 2.16992e+06 2.21939e+06 447356 505375 2.21341e+06 2.24775e+06 418998 521551 2.2588e+06 2.27702e+06 389731 538245 2.30617e+06 2.30722e+06 359528 555473 2.35556e+06 2.3384e+06 328359 573253 2.40706e+06 2.37057e+06 296191 591602 2.46072e+06 2.40377e+06 262994 610538 2.51662e+06 2.43803e+06 228734 630080 2.57481e+06 2.47339e+06 193378 650248 2.63538e+06 1.62206e+06 1.04464e+06 176921 1.45663e+06 1.6313e+06 1.0354e+06 182584 1.46429e+06 1.64083e+06 1.02586e+06 188428 1.4724e+06 1.65068e+06 1.01602e+06 194460 1.481e+06 1.66083e+06 1.00586e+06 200684 1.49009e+06 1.67132e+06 995380 207107 1.49972e+06 1.68214e+06 984563 213737 1.50991e+06 1.6933e+06 973399 220578 1.52068e+06 1.70482e+06 961878 227638 1.53208e+06 1.71671e+06 949989 234925 1.54412e+06 1.72898e+06 937718 242444 1.55684e+06 1.74165e+06 925055 250204 1.57027e+06 1.75472e+06 911987 258213 1.58445e+06 1.76821e+06 898500 266478 1.59942e+06 1.78212e+06 884582 275007 1.61521e+06 1.79649e+06 870219 283810 1.63186e+06 1.81131e+06 855395 292894 1.6494e+06 1.82661e+06 840097 302269 1.66789e+06 1.8424e+06 824309 311944 1.68735e+06 1.8587e+06 808016 321929 1.70784e+06 1.87551e+06 791202 332234 1.72939e+06 1.89287e+06 773849 342868 1.75205e+06 1.91078e+06 755941 353842 1.77586e+06 1.92926e+06 737460 365168 1.80088e+06 1.94834e+06 718387 376857 1.82715e+06 1.96802e+06 698704 388919 1.85472e+06 1.98834e+06 678390 401368 1.88364e+06 2.0093e+06 657426 414215 1.91396e+06 2.03094e+06 635792 427473 1.94574e+06 2.05327e+06 613465 441156 1.97901e+06 2.07631e+06 590423 455277 2.01385e+06 2.10009e+06 566644 469849 2.0503e+06 2.12463e+06 542103 484888 2.08843e+06 2.14996e+06 516777 500409 2.12828e+06 2.1761e+06 490641 516426 2.16992e+06 2.20308e+06 463668 532956 2.21341e+06 2.23092e+06 435831 550015 2.2588e+06 2.25965e+06 407104 567620 2.30617e+06 2.2893e+06 377457 585788 2.35556e+06 2.31989e+06 346861 604538 2.40706e+06 2.35147e+06 315285 623889 2.46072e+06 2.38406e+06 282699 643858 2.51662e+06 2.41769e+06 249070 664467 2.57481e+06 2.4524e+06 214365 685736 2.63538e+06 1.61636e+06 1.05034e+06 185902 1.45663e+06 1.62541e+06 1.04128e+06 191853 1.46429e+06 1.63476e+06 1.03193e+06 197994 1.4724e+06 1.64441e+06 1.02228e+06 204331 1.481e+06 1.65437e+06 1.01233e+06 210871 1.49009e+06 1.66465e+06 1.00205e+06 217621 1.49972e+06 1.67525e+06 991448 224587 1.50991e+06 1.68619e+06 980505 231775 1.52068e+06 1.69749e+06 969212 239194 1.53208e+06 1.70914e+06 957557 246850 1.54412e+06 1.72117e+06 945529 254752 1.55684e+06 1.73359e+06 933116 262906 1.57027e+06 1.7464e+06 920306 271321 1.58445e+06 1.75962e+06 907085 280005 1.59942e+06 1.77327e+06 893442 288968 1.61521e+06 1.78735e+06 879362 298217 1.63186e+06 1.80188e+06 864831 307763 1.6494e+06 1.81688e+06 849835 317614 1.66789e+06 1.83235e+06 834359 327780 1.68735e+06 1.84833e+06 818388 338272 1.70784e+06 1.86481e+06 801905 349099 1.72939e+06 1.88182e+06 784895 360273 1.75205e+06 1.89938e+06 767341 371805 1.77586e+06 1.9175e+06 749224 383706 1.80088e+06 1.93619e+06 730528 395988 1.82715e+06 1.95549e+06 711233 408662 1.85472e+06 1.97541e+06 691321 421743 1.88364e+06 1.99596e+06 670771 435242 1.91396e+06 2.01717e+06 649563 449174 1.94574e+06 2.03905e+06 627677 463551 1.97901e+06 2.06164e+06 605090 478388 2.01385e+06 2.08496e+06 581780 493701 2.0503e+06 2.10901e+06 557724 509503 2.08843e+06 2.13384e+06 532899 525812 2.12828e+06 2.15946e+06 507278 542642 2.16992e+06 2.18591e+06 480837 560011 2.21341e+06 2.2132e+06 453550 577936 2.2588e+06 2.24136e+06 425390 596435 2.30617e+06 2.27042e+06 396328 615526 2.35556e+06 2.30042e+06 366337 635227 2.40706e+06 2.33137e+06 335385 655560 2.46072e+06 2.36332e+06 303442 676543 2.51662e+06 2.39629e+06 270477 698198 2.57481e+06 2.43031e+06 236457 720546 2.63538e+06 1.61038e+06 1.05632e+06 194700 1.45663e+06 1.61924e+06 1.04745e+06 200932 1.46429e+06 1.6284e+06 1.0383e+06 207364 1.4724e+06 1.63784e+06 1.02885e+06 214001 1.481e+06 1.64759e+06 1.01911e+06 220851 1.49009e+06 1.65765e+06 1.00905e+06 227920 1.49972e+06 1.66803e+06 998671 235215 1.50991e+06 1.67874e+06 987960 242744 1.52068e+06 1.6898e+06 976905 250514 1.53208e+06 1.70121e+06 965496 258532 1.54412e+06 1.71298e+06 953722 266808 1.55684e+06 1.72513e+06 941571 275348 1.57027e+06 1.73767e+06 929032 284161 1.58445e+06 1.75061e+06 916091 293257 1.59942e+06 1.76397e+06 902736 302643 1.61521e+06 1.77776e+06 888953 312330 1.63186e+06 1.79198e+06 874729 322328 1.6494e+06 1.80666e+06 860050 332645 1.66789e+06 1.82181e+06 844901 343292 1.68735e+06 1.83745e+06 829267 354280 1.70784e+06 1.85358e+06 813133 365620 1.72939e+06 1.87023e+06 796482 377323 1.75205e+06 1.88742e+06 779298 389401 1.77586e+06 1.90516e+06 761565 401865 1.80088e+06 1.92346e+06 743263 414728 1.82715e+06 1.94235e+06 724376 428002 1.85472e+06 1.96184e+06 704885 441702 1.88364e+06 1.98196e+06 684769 455840 1.91396e+06 2.00272e+06 664010 470431 1.94574e+06 2.02415e+06 642586 485488 1.97901e+06 2.04626e+06 620476 501028 2.01385e+06 2.06908e+06 597659 517065 2.0503e+06 2.09263e+06 574111 533615 2.08843e+06 2.11693e+06 549810 550696 2.12828e+06 2.14201e+06 524731 568322 2.16992e+06 2.1679e+06 498848 586513 2.21341e+06 2.19461e+06 472138 605287 2.2588e+06 2.22218e+06 444573 624661 2.30617e+06 2.25063e+06 416125 644655 2.35556e+06 2.27999e+06 386767 665289 2.40706e+06 2.31029e+06 356469 686584 2.46072e+06 2.34156e+06 325201 708561 2.51662e+06 2.37383e+06 292932 731240 2.57481e+06 2.40714e+06 259631 754646 2.63538e+06 1.60412e+06 1.06257e+06 203306 1.45663e+06 1.61279e+06 1.0539e+06 209813 1.46429e+06 1.62174e+06 1.04496e+06 216529 1.4724e+06 1.63097e+06 1.03573e+06 223460 1.481e+06 1.6405e+06 1.0262e+06 230612 1.49009e+06 1.65033e+06 1.01637e+06 237994 1.49972e+06 1.66047e+06 1.00622e+06 245612 1.50991e+06 1.67094e+06 995755 253473 1.52068e+06 1.68175e+06 984949 261587 1.53208e+06 1.6929e+06 973798 269960 1.54412e+06 1.70441e+06 962290 278600 1.55684e+06 1.71629e+06 950414 287518 1.57027e+06 1.72855e+06 938157 296721 1.58445e+06 1.7412e+06 925508 306218 1.59942e+06 1.75425e+06 912454 316020 1.61521e+06 1.76773e+06 898983 326135 1.63186e+06 1.78163e+06 885080 336574 1.6494e+06 1.79598e+06 870732 347347 1.66789e+06 1.81079e+06 855925 358465 1.68735e+06 1.82607e+06 840644 369939 1.70784e+06 1.84184e+06 824874 381780 1.72939e+06 1.85812e+06 808599 394001 1.75205e+06 1.87492e+06 791803 406612 1.77586e+06 1.89225e+06 774470 419627 1.80088e+06 1.91014e+06 756582 433058 1.82715e+06 1.9286e+06 738121 446920 1.85472e+06 1.94766e+06 719069 461225 1.88364e+06 1.96732e+06 699407 475988 1.91396e+06 1.98761e+06 679117 491223 1.94574e+06 2.00856e+06 658176 506947 1.97901e+06 2.03017e+06 636566 523173 2.01385e+06 2.05247e+06 614263 539919 2.0503e+06 2.07549e+06 591247 557201 2.08843e+06 2.09925e+06 567494 575036 2.12828e+06 2.12376e+06 542981 593442 2.16992e+06 2.14906e+06 517683 612437 2.21341e+06 2.17517e+06 491576 632040 2.2588e+06 2.20212e+06 464632 652271 2.30617e+06 2.22993e+06 436827 673149 2.35556e+06 2.25862e+06 408131 694695 2.40706e+06 2.28824e+06 378517 716931 2.46072e+06 2.31881e+06 347955 739879 2.51662e+06 2.35035e+06 316415 763561 2.57481e+06 2.3829e+06 283865 788001 2.63538e+06 1.5976e+06 1.06909e+06 211711 1.45663e+06 1.60606e+06 1.06063e+06 218487 1.46429e+06 1.61479e+06 1.0519e+06 225481 1.4724e+06 1.6238e+06 1.04289e+06 232698 1.481e+06 1.6331e+06 1.0336e+06 240146 1.49009e+06 1.64269e+06 1.024e+06 247833 1.49972e+06 1.6526e+06 1.0141e+06 255766 1.50991e+06 1.66282e+06 1.00388e+06 263952 1.52068e+06 1.67336e+06 993338 272401 1.53208e+06 1.68425e+06 982455 281120 1.54412e+06 1.69548e+06 971224 290118 1.55684e+06 1.70707e+06 959634 299404 1.57027e+06 1.71903e+06 947672 308988 1.58445e+06 1.73138e+06 935328 318878 1.59942e+06 1.74412e+06 922589 329085 1.61521e+06 1.75727e+06 909441 339618 1.63186e+06 1.77084e+06 895873 350489 1.6494e+06 1.78484e+06 881871 361707 1.66789e+06 1.79929e+06 867420 373285 1.68735e+06 1.81421e+06 852507 385233 1.70784e+06 1.8296e+06 837117 397564 1.72939e+06 1.84548e+06 821234 410289 1.75205e+06 1.86188e+06 804842 423422 1.77586e+06 1.87879e+06 787926 436975 1.80088e+06 1.89625e+06 770469 450962 1.82715e+06 1.91427e+06 752453 465396 1.85472e+06 1.93287e+06 733860 480293 1.88364e+06 1.95206e+06 714671 495666 1.91396e+06 1.97186e+06 694869 511532 1.94574e+06 1.9923e+06 674433 527905 1.97901e+06 2.01339e+06 653343 544802 2.01385e+06 2.03516e+06 631577 562240 2.0503e+06 2.05762e+06 609115 580237 2.08843e+06 2.08081e+06 585934 598809 2.12828e+06 2.10473e+06 562011 617976 2.16992e+06 2.12942e+06 537323 637756 2.21341e+06 2.1549e+06 511844 658170 2.2588e+06 2.1812e+06 485549 679237 2.30617e+06 2.20834e+06 458413 700978 2.35556e+06 2.23635e+06 430409 723415 2.40706e+06 2.26525e+06 401507 746570 2.46072e+06 2.29508e+06 371681 770467 2.51662e+06 2.32586e+06 340900 795128 2.57481e+06 2.35763e+06 309134 820579 2.63538e+06 1.59082e+06 1.07587e+06 219907 1.45663e+06 1.59907e+06 1.06763e+06 226946 1.46429e+06 1.60757e+06 1.05912e+06 234210 1.4724e+06 1.61635e+06 1.05035e+06 241707 1.481e+06 1.62541e+06 1.04129e+06 249443 1.49009e+06 1.63476e+06 1.03194e+06 257428 1.49972e+06 1.64441e+06 1.02229e+06 265667 1.50991e+06 1.65436e+06 1.01234e+06 274171 1.52068e+06 1.66464e+06 1.00206e+06 282947 1.53208e+06 1.67524e+06 991459 292003 1.54412e+06 1.68619e+06 980516 301350 1.55684e+06 1.69748e+06 969223 310995 1.57027e+06 1.70914e+06 957568 320950 1.58445e+06 1.72117e+06 945541 331223 1.59942e+06 1.73358e+06 933128 341825 1.61521e+06 1.74639e+06 920318 352766 1.63186e+06 1.75961e+06 907098 364058 1.6494e+06 1.77326e+06 893455 375710 1.66789e+06 1.78734e+06 879375 387736 1.68735e+06 1.80187e+06 864845 400147 1.70784e+06 1.81687e+06 849850 412955 1.72939e+06 1.83234e+06 834374 426173 1.75205e+06 1.84832e+06 818403 439814 1.77586e+06 1.8648e+06 801921 453892 1.80088e+06 1.88181e+06 784912 468420 1.82715e+06 1.89937e+06 767358 483413 1.85472e+06 1.91748e+06 749242 498887 1.88364e+06 1.93618e+06 730546 514855 1.91396e+06 1.95548e+06 711252 531335 1.94574e+06 1.97539e+06 691340 548342 1.97901e+06 1.99594e+06 670791 565893 2.01385e+06 2.01715e+06 649584 584007 2.0503e+06 2.03904e+06 627698 602700 2.08843e+06 2.06163e+06 605112 621991 2.12828e+06 2.08494e+06 581803 641900 2.16992e+06 2.109e+06 557748 662446 2.21341e+06 2.13382e+06 532923 683650 2.2588e+06 2.15945e+06 507303 705532 2.30617e+06 2.18589e+06 480863 728115 2.35556e+06 2.21318e+06 453577 751421 2.40706e+06 2.24134e+06 425418 775472 2.46072e+06 2.2704e+06 396357 800294 2.51662e+06 2.3004e+06 366366 825910 2.57481e+06 2.33135e+06 335415 852346 2.63538e+06 1.58379e+06 1.0829e+06 227886 1.45663e+06 1.59181e+06 1.07489e+06 235180 1.46429e+06 1.60008e+06 1.06661e+06 242708 1.4724e+06 1.60862e+06 1.05808e+06 250477 1.481e+06 1.61743e+06 1.04927e+06 258494 1.49009e+06 1.62652e+06 1.04017e+06 266768 1.49972e+06 1.63591e+06 1.03079e+06 275307 1.50991e+06 1.64559e+06 1.02111e+06 284119 1.52068e+06 1.65559e+06 1.01111e+06 293213 1.53208e+06 1.6659e+06 1.0008e+06 302598 1.54412e+06 1.67655e+06 990156 312284 1.55684e+06 1.68753e+06 979171 322280 1.57027e+06 1.69887e+06 967835 332595 1.58445e+06 1.71057e+06 956136 343241 1.59942e+06 1.72264e+06 944062 354228 1.61521e+06 1.73511e+06 931603 365566 1.63186e+06 1.74797e+06 918744 377267 1.6494e+06 1.76124e+06 905474 389343 1.66789e+06 1.77493e+06 891779 401805 1.68735e+06 1.78907e+06 877645 414666 1.70784e+06 1.80366e+06 863059 427939 1.72939e+06 1.81871e+06 848007 441636 1.75205e+06 1.83425e+06 832472 455772 1.77586e+06 1.85028e+06 816441 470361 1.80088e+06 1.86683e+06 799896 485416 1.82715e+06 1.8839e+06 782821 500953 1.85472e+06 1.90153e+06 765200 516988 1.88364e+06 1.91971e+06 747015 533536 1.91396e+06 1.93848e+06 728248 550614 1.94574e+06 1.95785e+06 708881 568238 1.97901e+06 1.97784e+06 688893 586426 2.01385e+06 1.99847e+06 668266 605197 2.0503e+06 2.01976e+06 646978 624568 2.08843e+06 2.04173e+06 625009 644559 2.12828e+06 2.06441e+06 602336 665191 2.16992e+06 2.08781e+06 578939 686482 2.21341e+06 2.11196e+06 554792 708455 2.2588e+06 2.13688e+06 529872 731132 2.30617e+06 2.1626e+06 504155 754534 2.35556e+06 2.18914e+06 477614 778685 2.40706e+06 2.21653e+06 450224 803610 2.46072e+06 2.2448e+06 421957 829332 2.51662e+06 2.27398e+06 392785 855877 2.57481e+06 2.30409e+06 362680 883272 2.63538e+06 1.57651e+06 1.09018e+06 235640 1.45663e+06 1.58429e+06 1.0824e+06 243183 1.46429e+06 1.59232e+06 1.07437e+06 250967 1.4724e+06 1.60061e+06 1.06608e+06 259000 1.481e+06 1.60917e+06 1.05753e+06 267290 1.49009e+06 1.618e+06 1.0487e+06 275845 1.49972e+06 1.62711e+06 1.03959e+06 284675 1.50991e+06 1.63651e+06 1.03019e+06 293786 1.52068e+06 1.64622e+06 1.02048e+06 303190 1.53208e+06 1.65623e+06 1.01047e+06 312895 1.54412e+06 1.66657e+06 1.00013e+06 322910 1.55684e+06 1.67723e+06 989469 333246 1.57027e+06 1.68824e+06 978462 343912 1.58445e+06 1.6996e+06 967103 354920 1.59942e+06 1.71133e+06 955381 366281 1.61521e+06 1.72342e+06 943284 378005 1.63186e+06 1.73591e+06 930799 390104 1.6494e+06 1.7488e+06 917914 402591 1.66789e+06 1.7621e+06 904617 415477 1.68735e+06 1.77582e+06 890895 428776 1.70784e+06 1.78998e+06 876733 442500 1.72939e+06 1.8046e+06 862118 456664 1.75205e+06 1.81968e+06 847036 471281 1.77586e+06 1.83525e+06 831470 486365 1.80088e+06 1.85132e+06 815406 501933 1.82715e+06 1.8679e+06 798828 517999 1.85472e+06 1.88501e+06 781720 534579 1.88364e+06 1.90266e+06 764063 551690 1.91396e+06 1.92089e+06 745842 569349 1.94574e+06 1.93969e+06 727038 587573 1.97901e+06 1.9591e+06 707631 606380 2.01385e+06 1.97913e+06 687603 625789 2.0503e+06 1.9998e+06 666935 645820 2.08843e+06 2.02114e+06 645604 666491 2.12828e+06 2.04315e+06 623591 687825 2.16992e+06 2.06587e+06 600874 709841 2.21341e+06 2.08932e+06 577429 732562 2.2588e+06 2.11352e+06 553234 756010 2.30617e+06 2.13849e+06 528264 780208 2.35556e+06 2.16426e+06 502495 805181 2.40706e+06 2.19086e+06 475902 830954 2.46072e+06 2.2183e+06 448457 857551 2.51662e+06 2.24663e+06 420133 885000 2.57481e+06 2.27586e+06 390903 913327 2.63538e+06 1.56899e+06 1.09771e+06 243162 1.45663e+06 1.57653e+06 1.09016e+06 250945 1.46429e+06 1.58431e+06 1.08238e+06 258977 1.4724e+06 1.59235e+06 1.07435e+06 267267 1.481e+06 1.60064e+06 1.06606e+06 275822 1.49009e+06 1.60919e+06 1.0575e+06 284650 1.49972e+06 1.61802e+06 1.04867e+06 293761 1.50991e+06 1.62714e+06 1.03956e+06 303164 1.52068e+06 1.63654e+06 1.03016e+06 312868 1.53208e+06 1.64625e+06 1.02046e+06 322882 1.54412e+06 1.65626e+06 1.01044e+06 333217 1.55684e+06 1.6666e+06 1.00011e+06 343883 1.57027e+06 1.67726e+06 989440 354890 1.58445e+06 1.68827e+06 978433 366249 1.59942e+06 1.69963e+06 967073 377972 1.61521e+06 1.71136e+06 955349 390071 1.63186e+06 1.72346e+06 943251 402556 1.6494e+06 1.73595e+06 930765 415441 1.66789e+06 1.74883e+06 917879 428739 1.68735e+06 1.76213e+06 904581 442462 1.70784e+06 1.77586e+06 890858 456624 1.72939e+06 1.79002e+06 876695 471240 1.75205e+06 1.80464e+06 862079 486324 1.77586e+06 1.81973e+06 846995 501890 1.80088e+06 1.83529e+06 831428 517955 1.82715e+06 1.85136e+06 815363 534534 1.85472e+06 1.86794e+06 798783 551643 1.88364e+06 1.88505e+06 781673 569300 1.91396e+06 1.90271e+06 764016 587523 1.94574e+06 1.92094e+06 745793 606328 1.97901e+06 1.93975e+06 726987 625736 2.01385e+06 1.95916e+06 707579 645765 2.0503e+06 1.97919e+06 687549 666434 2.08843e+06 1.99986e+06 666879 687766 2.12828e+06 2.0212e+06 645547 709780 2.16992e+06 2.04321e+06 623532 732499 2.21341e+06 2.06594e+06 600812 755945 2.2588e+06 2.08938e+06 577366 780141 2.30617e+06 2.11358e+06 553168 805112 2.35556e+06 2.13856e+06 528197 830883 2.40706e+06 2.16433e+06 502426 857478 2.46072e+06 2.19093e+06 475830 884924 2.51662e+06 2.21838e+06 448382 913249 2.57481e+06 2.24671e+06 420057 942481 2.63538e+06 1.56123e+06 1.10546e+06 250444 1.45663e+06 1.56853e+06 1.09817e+06 258460 1.46429e+06 1.57606e+06 1.09064e+06 266733 1.4724e+06 1.58382e+06 1.08287e+06 275270 1.481e+06 1.59184e+06 1.07485e+06 284081 1.49009e+06 1.60012e+06 1.06658e+06 293174 1.49972e+06 1.60866e+06 1.05804e+06 302558 1.50991e+06 1.61747e+06 1.04923e+06 312243 1.52068e+06 1.62656e+06 1.04014e+06 322237 1.53208e+06 1.63595e+06 1.03075e+06 332551 1.54412e+06 1.64564e+06 1.02107e+06 343196 1.55684e+06 1.65563e+06 1.01107e+06 354181 1.57027e+06 1.66595e+06 1.00076e+06 365517 1.58445e+06 1.67659e+06 990112 377217 1.59942e+06 1.68758e+06 979126 389291 1.61521e+06 1.69892e+06 967788 401752 1.63186e+06 1.71062e+06 956088 414611 1.6494e+06 1.7227e+06 944013 427882 1.66789e+06 1.73516e+06 931551 441578 1.68735e+06 1.74802e+06 918691 455712 1.70784e+06 1.7613e+06 905419 470298 1.72939e+06 1.77499e+06 891722 485352 1.75205e+06 1.78913e+06 877587 500887 1.77586e+06 1.80372e+06 863000 516920 1.80088e+06 1.81878e+06 847945 533465 1.82715e+06 1.83432e+06 832408 550541 1.85472e+06 1.85035e+06 816375 568163 1.88364e+06 1.8669e+06 799828 586348 1.91396e+06 1.88398e+06 782751 605116 1.94574e+06 1.9016e+06 765128 624485 1.97901e+06 1.91979e+06 746941 644474 2.01385e+06 1.93856e+06 728171 665102 2.0503e+06 1.95794e+06 708801 686391 2.08843e+06 1.97793e+06 688811 708361 2.12828e+06 1.99856e+06 668181 731035 2.16992e+06 2.01985e+06 646890 754434 2.21341e+06 2.04183e+06 624919 778582 2.2588e+06 2.06451e+06 602243 803503 2.30617e+06 2.08791e+06 578843 829222 2.35556e+06 2.11206e+06 554693 855764 2.40706e+06 2.13699e+06 529770 883155 2.46072e+06 2.16271e+06 504049 911424 2.51662e+06 2.18926e+06 477505 940597 2.57481e+06 2.21666e+06 450111 970704 2.63538e+06 1.55325e+06 1.11344e+06 257478 1.45663e+06 1.56029e+06 1.1064e+06 265719 1.46429e+06 1.56756e+06 1.09914e+06 274225 1.4724e+06 1.57505e+06 1.09164e+06 283002 1.481e+06 1.58279e+06 1.0839e+06 292061 1.49009e+06 1.59078e+06 1.07592e+06 301409 1.49972e+06 1.59902e+06 1.06768e+06 311057 1.50991e+06 1.60752e+06 1.05918e+06 321013 1.52068e+06 1.6163e+06 1.0504e+06 331288 1.53208e+06 1.62535e+06 1.04135e+06 341892 1.54412e+06 1.6347e+06 1.032e+06 352835 1.55684e+06 1.64435e+06 1.02236e+06 364129 1.57027e+06 1.6543e+06 1.0124e+06 375784 1.58445e+06 1.66458e+06 1.00213e+06 387812 1.59942e+06 1.67518e+06 991529 400225 1.61521e+06 1.68612e+06 980588 413036 1.63186e+06 1.69741e+06 969297 426257 1.6494e+06 1.70907e+06 957645 439900 1.66789e+06 1.72109e+06 945620 453981 1.68735e+06 1.7335e+06 933210 468512 1.70784e+06 1.74631e+06 920403 483508 1.72939e+06 1.75953e+06 907186 498984 1.75205e+06 1.77317e+06 893545 514956 1.77586e+06 1.78725e+06 879468 531439 1.80088e+06 1.80178e+06 864941 548449 1.82715e+06 1.81678e+06 849949 566004 1.85472e+06 1.83225e+06 834476 584121 1.88364e+06 1.84822e+06 818509 602818 1.91396e+06 1.8647e+06 802030 622113 1.94574e+06 1.88171e+06 785024 642026 1.97901e+06 1.89926e+06 767474 662576 2.01385e+06 1.91737e+06 749361 683784 2.0503e+06 1.93607e+06 730669 705671 2.08843e+06 1.95536e+06 711379 728258 2.12828e+06 1.97527e+06 691471 751568 2.16992e+06 1.99582e+06 670927 775625 2.21341e+06 2.01702e+06 649724 800451 2.2588e+06 2.03891e+06 627843 826072 2.30617e+06 2.06149e+06 605261 852513 2.35556e+06 2.0848e+06 581957 879801 2.40706e+06 2.10885e+06 557907 907962 2.46072e+06 2.13367e+06 533087 937024 2.51662e+06 2.15929e+06 507472 967016 2.57481e+06 2.18573e+06 481038 997969 2.63538e+06 1.54506e+06 1.12164e+06 264258 1.45663e+06 1.55183e+06 1.11486e+06 272717 1.46429e+06 1.55883e+06 1.10787e+06 281446 1.4724e+06 1.56605e+06 1.10065e+06 290455 1.481e+06 1.57349e+06 1.0932e+06 299752 1.49009e+06 1.58118e+06 1.08552e+06 309346 1.49972e+06 1.58911e+06 1.07758e+06 319248 1.50991e+06 1.5973e+06 1.0694e+06 329466 1.52068e+06 1.60575e+06 1.06095e+06 340012 1.53208e+06 1.61447e+06 1.05223e+06 350895 1.54412e+06 1.62347e+06 1.04323e+06 362127 1.55684e+06 1.63276e+06 1.03395e+06 373718 1.57027e+06 1.64234e+06 1.02436e+06 385680 1.58445e+06 1.65223e+06 1.01447e+06 398025 1.59942e+06 1.66244e+06 1.00427e+06 410765 1.61521e+06 1.67297e+06 993736 423913 1.63186e+06 1.68384e+06 982866 437482 1.6494e+06 1.69506e+06 971648 451485 1.66789e+06 1.70664e+06 960071 465936 1.68735e+06 1.71859e+06 948124 480850 1.70784e+06 1.73092e+06 935794 496241 1.72939e+06 1.74365e+06 923069 512125 1.75205e+06 1.75678e+06 909937 528517 1.77586e+06 1.77034e+06 896385 545434 1.80088e+06 1.78432e+06 882399 562892 1.82715e+06 1.79876e+06 867966 580909 1.85472e+06 1.81366e+06 853070 599503 1.88364e+06 1.82903e+06 837698 618692 1.91396e+06 1.8449e+06 821833 638496 1.94574e+06 1.86127e+06 805461 658933 1.97901e+06 1.87817e+06 788565 680024 2.01385e+06 1.89561e+06 771128 701791 2.0503e+06 1.91361e+06 753132 724254 2.08843e+06 1.93218e+06 734561 747436 2.12828e+06 1.95135e+06 715396 771360 2.16992e+06 1.97113e+06 695616 796050 2.21341e+06 1.99154e+06 675204 821530 2.2588e+06 2.01261e+06 654139 847826 2.30617e+06 2.03435e+06 632399 874963 2.35556e+06 2.05679e+06 609963 902969 2.40706e+06 2.07995e+06 586809 931872 2.46072e+06 2.10385e+06 562914 961699 2.51662e+06 2.12851e+06 538254 992482 2.57481e+06 2.15396e+06 512805 1.02425e+06 2.63538e+06 1.53665e+06 1.13004e+06 270778 1.45663e+06 1.54316e+06 1.12353e+06 279445 1.46429e+06 1.54988e+06 1.11682e+06 288390 1.4724e+06 1.55681e+06 1.10989e+06 297621 1.481e+06 1.56396e+06 1.10274e+06 307147 1.49009e+06 1.57134e+06 1.09535e+06 316978 1.49972e+06 1.57896e+06 1.08774e+06 327124 1.50991e+06 1.58682e+06 1.07988e+06 337595 1.52068e+06 1.59494e+06 1.07176e+06 348401 1.53208e+06 1.60331e+06 1.06339e+06 359552 1.54412e+06 1.61195e+06 1.05475e+06 371061 1.55684e+06 1.62087e+06 1.04583e+06 382938 1.57027e+06 1.63007e+06 1.03663e+06 395195 1.58445e+06 1.63957e+06 1.02713e+06 407845 1.59942e+06 1.64937e+06 1.01733e+06 420899 1.61521e+06 1.65949e+06 1.00722e+06 434371 1.63186e+06 1.66993e+06 996781 448275 1.6494e+06 1.6807e+06 986008 462623 1.66789e+06 1.69182e+06 974891 477431 1.68735e+06 1.7033e+06 963418 492713 1.70784e+06 1.71514e+06 951577 508484 1.72939e+06 1.72736e+06 939358 524759 1.75205e+06 1.73997e+06 926748 541556 1.77586e+06 1.75299e+06 913733 558890 1.80088e+06 1.76642e+06 900303 576780 1.82715e+06 1.78028e+06 886442 595241 1.85472e+06 1.79459e+06 872138 614294 1.88364e+06 1.80935e+06 857376 633956 1.91396e+06 1.82459e+06 842141 654248 1.94574e+06 1.84031e+06 826419 675190 1.97901e+06 1.85654e+06 810194 696801 2.01385e+06 1.87329e+06 793449 719105 2.0503e+06 1.89057e+06 776168 742122 2.08843e+06 1.90841e+06 758334 765876 2.12828e+06 1.92681e+06 739929 790390 2.16992e+06 1.94581e+06 720936 815689 2.21341e+06 1.96541e+06 701334 841798 2.2588e+06 1.98565e+06 681105 868743 2.30617e+06 2.00652e+06 660228 896550 2.35556e+06 2.02807e+06 638683 925247 2.40706e+06 2.05031e+06 616448 954862 2.46072e+06 2.07326e+06 593502 985426 2.51662e+06 2.09694e+06 569821 1.01697e+06 2.57481e+06 2.12138e+06 545383 1.04952e+06 2.63538e+06 1.52805e+06 1.13865e+06 277030 1.45663e+06 1.53428e+06 1.13241e+06 285898 1.46429e+06 1.54071e+06 1.12598e+06 295049 1.4724e+06 1.54735e+06 1.11935e+06 304493 1.481e+06 1.5542e+06 1.1125e+06 314239 1.49009e+06 1.56127e+06 1.10543e+06 324297 1.49972e+06 1.56856e+06 1.09813e+06 334678 1.50991e+06 1.57609e+06 1.09061e+06 345390 1.52068e+06 1.58386e+06 1.08284e+06 356445 1.53208e+06 1.59188e+06 1.07482e+06 367855 1.54412e+06 1.60016e+06 1.06654e+06 379629 1.55684e+06 1.6087e+06 1.058e+06 391780 1.57027e+06 1.61751e+06 1.04919e+06 404320 1.58445e+06 1.62661e+06 1.0401e+06 417262 1.59942e+06 1.636e+06 1.03071e+06 430618 1.61521e+06 1.64568e+06 1.02102e+06 444401 1.63186e+06 1.65568e+06 1.01103e+06 458626 1.6494e+06 1.666e+06 1.00071e+06 473306 1.66789e+06 1.67665e+06 990064 488455 1.68735e+06 1.68764e+06 979077 504090 1.70784e+06 1.69898e+06 967738 520225 1.72939e+06 1.71068e+06 956035 536876 1.75205e+06 1.72276e+06 943959 554061 1.77586e+06 1.73522e+06 931496 571795 1.80088e+06 1.74809e+06 918634 590098 1.82715e+06 1.76136e+06 905360 608986 1.85472e+06 1.77506e+06 891661 628478 1.88364e+06 1.7892e+06 877524 648595 1.91396e+06 1.8038e+06 862934 669355 1.94574e+06 1.81885e+06 847877 690780 1.97901e+06 1.83439e+06 832339 712891 2.01385e+06 1.85043e+06 816303 735709 2.0503e+06 1.86698e+06 799754 759258 2.08843e+06 1.88407e+06 782675 783560 2.12828e+06 1.90169e+06 765049 808641 2.16992e+06 1.91989e+06 746859 834524 2.21341e+06 1.93866e+06 728087 861236 2.2588e+06 1.95804e+06 708714 888802 2.30617e+06 1.97803e+06 688721 917251 2.35556e+06 1.99867e+06 668088 946611 2.40706e+06 2.01996e+06 646795 976910 2.46072e+06 2.04194e+06 624820 1.00818e+06 2.51662e+06 2.06462e+06 602142 1.04045e+06 2.57481e+06 2.08803e+06 578738 1.07375e+06 2.63538e+06 1.51925e+06 1.14744e+06 283009 1.45663e+06 1.5252e+06 1.14149e+06 292068 1.46429e+06 1.53134e+06 1.13535e+06 301417 1.4724e+06 1.53768e+06 1.12902e+06 311064 1.481e+06 1.54422e+06 1.12248e+06 321021 1.49009e+06 1.55097e+06 1.11573e+06 331296 1.49972e+06 1.55794e+06 1.10876e+06 341901 1.50991e+06 1.56513e+06 1.10157e+06 352844 1.52068e+06 1.57254e+06 1.09416e+06 364138 1.53208e+06 1.5802e+06 1.0865e+06 375794 1.54412e+06 1.5881e+06 1.0786e+06 387822 1.55684e+06 1.59626e+06 1.07045e+06 400236 1.57027e+06 1.60467e+06 1.06203e+06 413047 1.58445e+06 1.61336e+06 1.05335e+06 426268 1.59942e+06 1.62232e+06 1.04439e+06 439912 1.61521e+06 1.63157e+06 1.03514e+06 453992 1.63186e+06 1.64112e+06 1.02559e+06 468524 1.6494e+06 1.65097e+06 1.01574e+06 483521 1.66789e+06 1.66114e+06 1.00558e+06 498997 1.68735e+06 1.67163e+06 995085 514969 1.70784e+06 1.68246e+06 984259 531453 1.72939e+06 1.69363e+06 973085 548463 1.75205e+06 1.70516e+06 961554 566019 1.77586e+06 1.71707e+06 949654 584136 1.80088e+06 1.72935e+06 937374 602833 1.82715e+06 1.74202e+06 924700 622129 1.85472e+06 1.75511e+06 911620 642042 1.88364e+06 1.76861e+06 898122 662593 1.91396e+06 1.78254e+06 884191 683801 1.94574e+06 1.79692e+06 869815 705689 1.97901e+06 1.81176e+06 854979 728277 2.01385e+06 1.82707e+06 839667 751588 2.0503e+06 1.84287e+06 823866 775645 2.08843e+06 1.85918e+06 807559 800472 2.12828e+06 1.87601e+06 790729 826093 2.16992e+06 1.89338e+06 773362 852535 2.21341e+06 1.91131e+06 755438 879823 2.2588e+06 1.92981e+06 736940 907985 2.30617e+06 1.9489e+06 717851 937048 2.35556e+06 1.96861e+06 698150 967041 2.40706e+06 1.98894e+06 677819 997995 2.46072e+06 2.00992e+06 656837 1.02994e+06 2.51662e+06 2.03158e+06 635184 1.06291e+06 2.57481e+06 2.05393e+06 612837 1.09693e+06 2.63538e+06 1.51027e+06 1.15643e+06 288709 1.45663e+06 1.51593e+06 1.15076e+06 297950 1.46429e+06 1.52178e+06 1.14492e+06 307487 1.4724e+06 1.52781e+06 1.13889e+06 317329 1.481e+06 1.53403e+06 1.13266e+06 327486 1.49009e+06 1.54046e+06 1.12624e+06 337969 1.49972e+06 1.54709e+06 1.11961e+06 348786 1.50991e+06 1.55393e+06 1.11277e+06 359950 1.52068e+06 1.56099e+06 1.10571e+06 371472 1.53208e+06 1.56828e+06 1.09843e+06 383362 1.54412e+06 1.5758e+06 1.09091e+06 395633 1.55684e+06 1.58356e+06 1.08315e+06 408296 1.57027e+06 1.59157e+06 1.07514e+06 421365 1.58445e+06 1.59983e+06 1.06688e+06 434852 1.59942e+06 1.60836e+06 1.05835e+06 448771 1.61521e+06 1.61716e+06 1.04954e+06 463136 1.63186e+06 1.62625e+06 1.04046e+06 477960 1.6494e+06 1.63562e+06 1.03109e+06 493259 1.66789e+06 1.6453e+06 1.02141e+06 509047 1.68735e+06 1.65529e+06 1.01143e+06 525341 1.70784e+06 1.66559e+06 1.00112e+06 542156 1.72939e+06 1.67623e+06 990491 559509 1.75205e+06 1.6872e+06 979517 577418 1.77586e+06 1.69853e+06 968192 595900 1.80088e+06 1.71022e+06 956504 614974 1.82715e+06 1.72228e+06 944443 634658 1.85472e+06 1.73473e+06 931995 654973 1.88364e+06 1.74758e+06 919149 675937 1.91396e+06 1.76084e+06 905892 697573 1.94574e+06 1.77452e+06 892210 719901 1.97901e+06 1.78864e+06 878090 742944 2.01385e+06 1.80322e+06 863519 766724 2.0503e+06 1.81826e+06 848481 791266 2.08843e+06 1.83378e+06 832961 816593 2.12828e+06 1.8498e+06 816945 842730 2.16992e+06 1.86633e+06 800417 869705 2.21341e+06 1.88339e+06 783359 897543 2.2588e+06 1.90099e+06 765755 926271 2.30617e+06 1.91916e+06 747588 955920 2.35556e+06 1.93792e+06 728839 986517 2.40706e+06 1.95727e+06 709491 1.01809e+06 2.46072e+06 1.97724e+06 689522 1.05068e+06 2.51662e+06 1.99785e+06 668915 1.08431e+06 2.57481e+06 2.01912e+06 647648 1.11902e+06 2.63538e+06 1.50111e+06 1.16558e+06 294124 1.45663e+06 1.50648e+06 1.16021e+06 303538 1.46429e+06 1.51202e+06 1.15467e+06 313254 1.4724e+06 1.51774e+06 1.14895e+06 323281 1.481e+06 1.52365e+06 1.14305e+06 333628 1.49009e+06 1.52974e+06 1.13696e+06 344307 1.49972e+06 1.53602e+06 1.13067e+06 355328 1.50991e+06 1.54251e+06 1.12419e+06 366701 1.52068e+06 1.54921e+06 1.11749e+06 378439 1.53208e+06 1.55612e+06 1.11058e+06 390552 1.54412e+06 1.56325e+06 1.10345e+06 403053 1.55684e+06 1.57061e+06 1.0961e+06 415954 1.57027e+06 1.5782e+06 1.0885e+06 429268 1.58445e+06 1.58604e+06 1.08067e+06 443008 1.59942e+06 1.59413e+06 1.07258e+06 457188 1.61521e+06 1.60248e+06 1.06423e+06 471822 1.63186e+06 1.61109e+06 1.05562e+06 486924 1.6494e+06 1.61998e+06 1.04673e+06 502510 1.66789e+06 1.62916e+06 1.03756e+06 518594 1.68735e+06 1.63863e+06 1.02809e+06 535193 1.70784e+06 1.6484e+06 1.01832e+06 552324 1.72939e+06 1.65848e+06 1.00823e+06 570003 1.75205e+06 1.66889e+06 997829 588248 1.77586e+06 1.67963e+06 987090 607077 1.80088e+06 1.69071e+06 976007 626508 1.82715e+06 1.70215e+06 964570 646562 1.85472e+06 1.71396e+06 952766 667257 1.88364e+06 1.72614e+06 940585 688615 1.91396e+06 1.73872e+06 928014 710656 1.94574e+06 1.75169e+06 915040 733403 1.97901e+06 1.76508e+06 901651 756878 2.01385e+06 1.7789e+06 887834 781104 2.0503e+06 1.79316e+06 873574 806106 2.08843e+06 1.80788e+06 858858 831908 2.12828e+06 1.82307e+06 843671 858536 2.16992e+06 1.83875e+06 827998 886016 2.21341e+06 1.85492e+06 811823 914376 2.2588e+06 1.87162e+06 795130 943644 2.30617e+06 1.88885e+06 777903 973848 2.35556e+06 1.90663e+06 760125 1.00502e+06 2.40706e+06 1.92498e+06 741777 1.03719e+06 2.46072e+06 1.94392e+06 722843 1.07039e+06 2.51662e+06 1.96346e+06 703302 1.10465e+06 2.57481e+06 1.98363e+06 683136 1.14001e+06 2.63538e+06 1.49179e+06 1.1749e+06 299248 1.45663e+06 1.49686e+06 1.16983e+06 308827 1.46429e+06 1.5021e+06 1.1646e+06 318712 1.4724e+06 1.5075e+06 1.1592e+06 328913 1.481e+06 1.51307e+06 1.15362e+06 339441 1.49009e+06 1.51883e+06 1.14787e+06 350306 1.49972e+06 1.52476e+06 1.14193e+06 361519 1.50991e+06 1.53089e+06 1.13581e+06 373090 1.52068e+06 1.53721e+06 1.12949e+06 385032 1.53208e+06 1.54374e+06 1.12296e+06 397357 1.54412e+06 1.55047e+06 1.11623e+06 410075 1.55684e+06 1.55743e+06 1.10928e+06 423201 1.57027e+06 1.5646e+06 1.10211e+06 436747 1.58445e+06 1.572e+06 1.09471e+06 450727 1.59942e+06 1.57964e+06 1.08707e+06 465154 1.61521e+06 1.58752e+06 1.07918e+06 480042 1.63186e+06 1.59566e+06 1.07105e+06 495408 1.6494e+06 1.60406e+06 1.06265e+06 511265 1.66789e+06 1.61272e+06 1.05399e+06 527630 1.68735e+06 1.62166e+06 1.04505e+06 544518 1.70784e+06 1.63089e+06 1.03582e+06 561947 1.72939e+06 1.64042e+06 1.0263e+06 579934 1.75205e+06 1.65025e+06 1.01647e+06 598497 1.77586e+06 1.66039e+06 1.00633e+06 617654 1.80088e+06 1.67086e+06 995863 637424 1.82715e+06 1.68166e+06 985061 657827 1.85472e+06 1.69281e+06 973913 678882 1.88364e+06 1.70432e+06 962409 700612 1.91396e+06 1.71619e+06 950536 723038 1.94574e+06 1.72845e+06 938283 746181 1.97901e+06 1.7411e+06 925638 770065 2.01385e+06 1.75415e+06 912589 794713 2.0503e+06 1.76762e+06 899122 820151 2.08843e+06 1.78152e+06 885223 846402 2.12828e+06 1.79586e+06 870880 873494 2.16992e+06 1.81067e+06 856078 901453 2.21341e+06 1.82595e+06 840802 930307 2.2588e+06 1.84171e+06 825036 960085 2.30617e+06 1.85799e+06 808767 990815 2.35556e+06 1.87478e+06 791976 1.02253e+06 2.40706e+06 1.89211e+06 774648 1.05526e+06 2.46072e+06 1.91e+06 756766 1.08904e+06 2.51662e+06 1.92845e+06 738311 1.12389e+06 2.57481e+06 1.9475e+06 719265 1.15987e+06 2.63538e+06 1.48231e+06 1.18438e+06 304078 1.45663e+06 1.48708e+06 1.17961e+06 313811 1.46429e+06 1.492e+06 1.17469e+06 323855 1.4724e+06 1.49708e+06 1.16961e+06 334221 1.481e+06 1.50232e+06 1.16437e+06 344919 1.49009e+06 1.50773e+06 1.15897e+06 355959 1.49972e+06 1.51331e+06 1.15338e+06 367353 1.50991e+06 1.51907e+06 1.14762e+06 379111 1.52068e+06 1.52502e+06 1.14168e+06 391246 1.53208e+06 1.53116e+06 1.13555e+06 403769 1.54412e+06 1.53749e+06 1.12922e+06 416693 1.55684e+06 1.54402e+06 1.12268e+06 430031 1.57027e+06 1.55077e+06 1.11594e+06 443795 1.58445e+06 1.55773e+06 1.10898e+06 458000 1.59942e+06 1.56491e+06 1.1018e+06 472660 1.61521e+06 1.57232e+06 1.09439e+06 487789 1.63186e+06 1.57997e+06 1.08674e+06 503402 1.6494e+06 1.58786e+06 1.07885e+06 519515 1.66789e+06 1.59601e+06 1.0707e+06 536144 1.68735e+06 1.60442e+06 1.0623e+06 553305 1.70784e+06 1.6131e+06 1.05362e+06 571016 1.72939e+06 1.62205e+06 1.04467e+06 589293 1.75205e+06 1.63129e+06 1.03543e+06 608155 1.77586e+06 1.64083e+06 1.02589e+06 627621 1.80088e+06 1.65067e+06 1.01605e+06 647710 1.82715e+06 1.66083e+06 1.0059e+06 668442 1.85472e+06 1.67131e+06 995415 689838 1.88364e+06 1.68213e+06 984599 711919 1.91396e+06 1.69329e+06 973436 734706 1.94574e+06 1.70482e+06 961916 758222 1.97901e+06 1.71671e+06 950028 782492 2.01385e+06 1.72898e+06 937759 807538 2.0503e+06 1.74164e+06 925097 833386 2.08843e+06 1.75471e+06 912030 860061 2.12828e+06 1.7682e+06 898545 887590 2.16992e+06 1.78212e+06 884628 916001 2.21341e+06 1.79648e+06 870266 945320 2.2588e+06 1.81131e+06 855444 975578 2.30617e+06 1.8266e+06 840148 1.0068e+06 2.35556e+06 1.84239e+06 824362 1.03903e+06 2.40706e+06 1.85869e+06 808070 1.07229e+06 2.46072e+06 1.8755e+06 791258 1.10661e+06 2.51662e+06 1.89286e+06 773907 1.14203e+06 2.57481e+06 1.91077e+06 756000 1.17859e+06 2.63538e+06 1.47269e+06 1.19401e+06 308607 1.45663e+06 1.47715e+06 1.18955e+06 318485 1.46429e+06 1.48175e+06 1.18494e+06 328679 1.4724e+06 1.4865e+06 1.18019e+06 339199 1.481e+06 1.4914e+06 1.17529e+06 350056 1.49009e+06 1.49646e+06 1.17023e+06 361261 1.49972e+06 1.50169e+06 1.16501e+06 372824 1.50991e+06 1.50707e+06 1.15962e+06 384758 1.52068e+06 1.51264e+06 1.15406e+06 397073 1.53208e+06 1.51837e+06 1.14833e+06 409783 1.54412e+06 1.5243e+06 1.1424e+06 422899 1.55684e+06 1.53041e+06 1.13629e+06 436436 1.57027e+06 1.53672e+06 1.12999e+06 450405 1.58445e+06 1.54323e+06 1.12348e+06 464822 1.59942e+06 1.54995e+06 1.11676e+06 479700 1.61521e+06 1.55688e+06 1.10983e+06 495054 1.63186e+06 1.56404e+06 1.10267e+06 510900 1.6494e+06 1.57142e+06 1.09529e+06 527253 1.66789e+06 1.57904e+06 1.08767e+06 544130 1.68735e+06 1.58691e+06 1.07981e+06 561547 1.70784e+06 1.59502e+06 1.07169e+06 579521 1.72939e+06 1.6034e+06 1.06332e+06 598070 1.75205e+06 1.61204e+06 1.05468e+06 617213 1.77586e+06 1.62096e+06 1.04576e+06 636969 1.80088e+06 1.63017e+06 1.03655e+06 657358 1.82715e+06 1.63967e+06 1.02705e+06 678398 1.85472e+06 1.64948e+06 1.01725e+06 700113 1.88364e+06 1.6596e+06 1.00713e+06 722522 1.91396e+06 1.67004e+06 996691 745649 1.94574e+06 1.68082e+06 985916 769516 1.97901e+06 1.69194e+06 974796 794147 2.01385e+06 1.70342e+06 963320 819566 2.0503e+06 1.71526e+06 951476 845799 2.08843e+06 1.72749e+06 939254 872871 2.12828e+06 1.7401e+06 926640 900811 2.16992e+06 1.75312e+06 913622 929644 2.21341e+06 1.76656e+06 900188 959400 2.2588e+06 1.78043e+06 886324 990109 2.30617e+06 1.79474e+06 872016 1.0218e+06 2.35556e+06 1.80951e+06 857250 1.05451e+06 2.40706e+06 1.82475e+06 842011 1.08826e+06 2.46072e+06 1.84048e+06 826285 1.12309e+06 2.51662e+06 1.85671e+06 810055 1.15904e+06 2.57481e+06 1.87346e+06 793306 1.19614e+06 2.63538e+06 1.46293e+06 1.20377e+06 312831 1.45663e+06 1.46707e+06 1.19962e+06 322844 1.46429e+06 1.47135e+06 1.19534e+06 333178 1.4724e+06 1.47577e+06 1.19092e+06 343843 1.481e+06 1.48033e+06 1.18637e+06 354848 1.49009e+06 1.48504e+06 1.18166e+06 366206 1.49972e+06 1.48989e+06 1.17681e+06 377928 1.50991e+06 1.4949e+06 1.1718e+06 390025 1.52068e+06 1.50007e+06 1.16663e+06 402509 1.53208e+06 1.50541e+06 1.16129e+06 415392 1.54412e+06 1.51092e+06 1.15578e+06 428688 1.55684e+06 1.5166e+06 1.1501e+06 442410 1.57027e+06 1.52247e+06 1.14423e+06 456571 1.58445e+06 1.52852e+06 1.13818e+06 471185 1.59942e+06 1.53477e+06 1.13194e+06 486267 1.61521e+06 1.54122e+06 1.12549e+06 501831 1.63186e+06 1.54787e+06 1.11884e+06 517894 1.6494e+06 1.55474e+06 1.11197e+06 534471 1.66789e+06 1.56183e+06 1.10489e+06 551578 1.68735e+06 1.56914e+06 1.09757e+06 569234 1.70784e+06 1.57669e+06 1.09003e+06 587454 1.72939e+06 1.58448e+06 1.08224e+06 606257 1.75205e+06 1.59252e+06 1.0742e+06 625662 1.77586e+06 1.60081e+06 1.06591e+06 645689 1.80088e+06 1.60937e+06 1.05735e+06 666356 1.82715e+06 1.61821e+06 1.04851e+06 687685 1.85472e+06 1.62733e+06 1.0394e+06 709697 1.88364e+06 1.63674e+06 1.02999e+06 732413 1.91396e+06 1.64645e+06 1.02028e+06 755856 1.94574e+06 1.65647e+06 1.01026e+06 780050 1.97901e+06 1.66682e+06 999918 805018 2.01385e+06 1.67749e+06 989245 830785 2.0503e+06 1.68851e+06 978232 857377 2.08843e+06 1.69987e+06 966866 884820 2.12828e+06 1.71161e+06 955136 913142 2.16992e+06 1.72371e+06 943030 942370 2.21341e+06 1.73621e+06 930537 972534 2.2588e+06 1.74911e+06 917644 1.00366e+06 2.30617e+06 1.76241e+06 904339 1.03579e+06 2.35556e+06 1.77615e+06 890607 1.06894e+06 2.40706e+06 1.79032e+06 876437 1.10316e+06 2.46072e+06 1.80495e+06 861812 1.13847e+06 2.51662e+06 1.82004e+06 846720 1.17491e+06 2.57481e+06 1.83562e+06 831144 1.21251e+06 2.63538e+06 1.45304e+06 1.21366e+06 316747 1.45663e+06 1.45687e+06 1.20983e+06 326886 1.46429e+06 1.46082e+06 1.20587e+06 337349 1.4724e+06 1.4649e+06 1.20179e+06 348147 1.481e+06 1.46911e+06 1.19758e+06 359290 1.49009e+06 1.47346e+06 1.19324e+06 370790 1.49972e+06 1.47794e+06 1.18875e+06 382659 1.50991e+06 1.48257e+06 1.18413e+06 394907 1.52068e+06 1.48735e+06 1.17935e+06 407547 1.53208e+06 1.49228e+06 1.17442e+06 420592 1.54412e+06 1.49737e+06 1.16934e+06 434055 1.55684e+06 1.50262e+06 1.16409e+06 447948 1.57027e+06 1.50804e+06 1.15867e+06 462286 1.58445e+06 1.51363e+06 1.15308e+06 477083 1.59942e+06 1.5194e+06 1.14731e+06 492354 1.61521e+06 1.52535e+06 1.14135e+06 508113 1.63186e+06 1.5315e+06 1.13521e+06 524377 1.6494e+06 1.53784e+06 1.12887e+06 541161 1.66789e+06 1.54439e+06 1.12232e+06 558483 1.68735e+06 1.55114e+06 1.11557e+06 576359 1.70784e+06 1.55812e+06 1.1086e+06 594807 1.72939e+06 1.56531e+06 1.10141e+06 613846 1.75205e+06 1.57274e+06 1.09398e+06 633494 1.77586e+06 1.5804e+06 1.08632e+06 653771 1.80088e+06 1.58831e+06 1.07841e+06 674697 1.82715e+06 1.59647e+06 1.07025e+06 696293 1.85472e+06 1.60489e+06 1.06183e+06 718580 1.88364e+06 1.61358e+06 1.05314e+06 741581 1.91396e+06 1.62255e+06 1.04418e+06 765317 1.94574e+06 1.63181e+06 1.03492e+06 789814 1.97901e+06 1.64137e+06 1.02537e+06 815095 2.01385e+06 1.65122e+06 1.01551e+06 841184 2.0503e+06 1.6614e+06 1.00534e+06 868109 2.08843e+06 1.6719e+06 994839 895896 2.12828e+06 1.68274e+06 984005 924572 2.16992e+06 1.69392e+06 972823 954166 2.21341e+06 1.70546e+06 961284 984707 2.2588e+06 1.71737e+06 949375 1.01623e+06 2.30617e+06 1.72967e+06 937085 1.04875e+06 2.35556e+06 1.74235e+06 924402 1.08232e+06 2.40706e+06 1.75545e+06 911313 1.11697e+06 2.46072e+06 1.76896e+06 897805 1.15272e+06 2.51662e+06 1.7829e+06 883864 1.18961e+06 2.57481e+06 1.79729e+06 869478 1.22769e+06 2.63538e+06 1.44303e+06 1.22367e+06 320350 1.45663e+06 1.44654e+06 1.22016e+06 330604 1.46429e+06 1.45016e+06 1.21653e+06 341186 1.4724e+06 1.4539e+06 1.21279e+06 352107 1.481e+06 1.45776e+06 1.20894e+06 363377 1.49009e+06 1.46174e+06 1.20495e+06 375008 1.49972e+06 1.46585e+06 1.20085e+06 387012 1.50991e+06 1.47009e+06 1.1966e+06 399399 1.52068e+06 1.47447e+06 1.19223e+06 412183 1.53208e+06 1.47899e+06 1.18771e+06 425377 1.54412e+06 1.48365e+06 1.18305e+06 438992 1.55684e+06 1.48846e+06 1.17824e+06 453044 1.57027e+06 1.49343e+06 1.17328e+06 467545 1.58445e+06 1.49855e+06 1.16815e+06 482510 1.59942e+06 1.50384e+06 1.16287e+06 497954 1.61521e+06 1.5093e+06 1.15741e+06 513893 1.63186e+06 1.51493e+06 1.15178e+06 530342 1.6494e+06 1.52074e+06 1.14597e+06 547317 1.66789e+06 1.52674e+06 1.13997e+06 564836 1.68735e+06 1.53293e+06 1.13378e+06 582915 1.70784e+06 1.53932e+06 1.12739e+06 601573 1.72939e+06 1.54592e+06 1.1208e+06 620829 1.75205e+06 1.55272e+06 1.114e+06 640700 1.77586e+06 1.55974e+06 1.10698e+06 661208 1.80088e+06 1.56699e+06 1.09973e+06 682372 1.82715e+06 1.57447e+06 1.09226e+06 704214 1.85472e+06 1.58219e+06 1.08454e+06 726755 1.88364e+06 1.59015e+06 1.07658e+06 750017 1.91396e+06 1.59837e+06 1.06836e+06 774023 1.94574e+06 1.60686e+06 1.05988e+06 798799 1.97901e+06 1.61561e+06 1.05112e+06 824367 2.01385e+06 1.62465e+06 1.04209e+06 850753 2.0503e+06 1.63397e+06 1.03277e+06 877984 2.08843e+06 1.64359e+06 1.02315e+06 906087 2.12828e+06 1.65352e+06 1.01322e+06 935090 2.16992e+06 1.66377e+06 1.00297e+06 965020 2.21341e+06 1.67435e+06 992398 995909 2.2588e+06 1.68526e+06 981485 1.02779e+06 2.30617e+06 1.69653e+06 970223 1.06068e+06 2.35556e+06 1.70815e+06 958601 1.09463e+06 2.40706e+06 1.72015e+06 946606 1.12967e+06 2.46072e+06 1.73253e+06 934228 1.16583e+06 2.51662e+06 1.74531e+06 921453 1.20315e+06 2.57481e+06 1.7585e+06 908269 1.24166e+06 2.63538e+06 1.43291e+06 1.23378e+06 323637 1.45663e+06 1.4361e+06 1.2306e+06 333996 1.46429e+06 1.43939e+06 1.22731e+06 344687 1.4724e+06 1.44278e+06 1.22391e+06 355720 1.481e+06 1.44628e+06 1.22041e+06 367106 1.49009e+06 1.4499e+06 1.2168e+06 378856 1.49972e+06 1.45363e+06 1.21307e+06 390983 1.50991e+06 1.45748e+06 1.20922e+06 403497 1.52068e+06 1.46146e+06 1.20524e+06 416413 1.53208e+06 1.46556e+06 1.20114e+06 429741 1.54412e+06 1.46979e+06 1.19691e+06 443497 1.55684e+06 1.47416e+06 1.19255e+06 457692 1.57027e+06 1.47866e+06 1.18804e+06 472342 1.58445e+06 1.48332e+06 1.18339e+06 487461 1.59942e+06 1.48812e+06 1.17859e+06 503064 1.61521e+06 1.49307e+06 1.17364e+06 519166 1.63186e+06 1.49818e+06 1.16853e+06 535784 1.6494e+06 1.50346e+06 1.16325e+06 552933 1.66789e+06 1.50891e+06 1.15781e+06 570632 1.68735e+06 1.51453e+06 1.15219e+06 588897 1.70784e+06 1.52032e+06 1.14639e+06 607746 1.72939e+06 1.52631e+06 1.14041e+06 627199 1.75205e+06 1.53249e+06 1.13423e+06 647275 1.77586e+06 1.53886e+06 1.12786e+06 667993 1.80088e+06 1.54544e+06 1.12128e+06 689374 1.82715e+06 1.55223e+06 1.11449e+06 711440 1.85472e+06 1.55924e+06 1.10749e+06 734212 1.88364e+06 1.56647e+06 1.10026e+06 757713 1.91396e+06 1.57393e+06 1.0928e+06 781966 1.94574e+06 1.58163e+06 1.0851e+06 806995 1.97901e+06 1.58958e+06 1.07716e+06 832825 2.01385e+06 1.59778e+06 1.06896e+06 859483 2.0503e+06 1.60624e+06 1.06049e+06 886993 2.08843e+06 1.61498e+06 1.05176e+06 915385 2.12828e+06 1.62399e+06 1.04275e+06 944684 2.16992e+06 1.6333e+06 1.03345e+06 974922 2.21341e+06 1.6429e+06 1.02385e+06 1.00613e+06 2.2588e+06 1.65281e+06 1.01394e+06 1.03833e+06 2.30617e+06 1.66303e+06 1.00372e+06 1.07157e+06 2.35556e+06 1.67359e+06 993169 1.10587e+06 2.40706e+06 1.68448e+06 982281 1.14126e+06 2.46072e+06 1.69572e+06 971044 1.17779e+06 2.51662e+06 1.70732e+06 959448 1.21549e+06 2.57481e+06 1.71929e+06 947481 1.2544e+06 2.63538e+06 1.4227e+06 1.244e+06 326605 1.45663e+06 1.42556e+06 1.24114e+06 337059 1.46429e+06 1.42851e+06 1.23819e+06 347848 1.4724e+06 1.43155e+06 1.23514e+06 358982 1.481e+06 1.4347e+06 1.232e+06 370472 1.49009e+06 1.43794e+06 1.22875e+06 382330 1.49972e+06 1.44129e+06 1.22541e+06 394568 1.50991e+06 1.44475e+06 1.22195e+06 407197 1.52068e+06 1.44831e+06 1.21839e+06 420231 1.53208e+06 1.45199e+06 1.21471e+06 433682 1.54412e+06 1.45579e+06 1.21091e+06 447563 1.55684e+06 1.45971e+06 1.20699e+06 461889 1.57027e+06 1.46376e+06 1.20295e+06 476673 1.58445e+06 1.46793e+06 1.19878e+06 491931 1.59942e+06 1.47224e+06 1.19447e+06 507677 1.61521e+06 1.47668e+06 1.19002e+06 523927 1.63186e+06 1.48127e+06 1.18544e+06 540697 1.6494e+06 1.48601e+06 1.1807e+06 558003 1.66789e+06 1.49089e+06 1.17582e+06 575864 1.68735e+06 1.49594e+06 1.17078e+06 594297 1.70784e+06 1.50114e+06 1.16557e+06 613319 1.72939e+06 1.50651e+06 1.1602e+06 632950 1.75205e+06 1.51206e+06 1.15466e+06 653210 1.77586e+06 1.51778e+06 1.14894e+06 674118 1.80088e+06 1.52368e+06 1.14304e+06 695695 1.82715e+06 1.52977e+06 1.13695e+06 717963 1.85472e+06 1.53606e+06 1.13066e+06 740944 1.88364e+06 1.54255e+06 1.12418e+06 764661 1.91396e+06 1.54925e+06 1.11748e+06 789136 1.94574e+06 1.55616e+06 1.11057e+06 814395 1.97901e+06 1.56329e+06 1.10344e+06 840462 2.01385e+06 1.57065e+06 1.09608e+06 867364 2.0503e+06 1.57825e+06 1.08849e+06 895127 2.08843e+06 1.58609e+06 1.08065e+06 923778 2.12828e+06 1.59418e+06 1.07257e+06 953347 2.16992e+06 1.60253e+06 1.06422e+06 983862 2.21341e+06 1.61114e+06 1.0556e+06 1.01535e+06 2.2588e+06 1.62004e+06 1.04671e+06 1.04785e+06 2.30617e+06 1.62921e+06 1.03754e+06 1.08139e+06 2.35556e+06 1.63868e+06 1.02807e+06 1.11601e+06 2.40706e+06 1.64846e+06 1.0183e+06 1.15173e+06 2.46072e+06 1.65854e+06 1.00822e+06 1.18859e+06 2.51662e+06 1.66895e+06 997812 1.22664e+06 2.57481e+06 1.67969e+06 987073 1.2659e+06 2.63538e+06 1.41239e+06 1.2543e+06 329250 1.45663e+06 1.41492e+06 1.25177e+06 339789 1.46429e+06 1.41753e+06 1.24916e+06 350665 1.4724e+06 1.42023e+06 1.24647e+06 361889 1.481e+06 1.42301e+06 1.24369e+06 373473 1.49009e+06 1.42588e+06 1.24082e+06 385427 1.49972e+06 1.42884e+06 1.23785e+06 397764 1.50991e+06 1.4319e+06 1.2348e+06 410496 1.52068e+06 1.43506e+06 1.23164e+06 423635 1.53208e+06 1.43831e+06 1.22839e+06 437195 1.54412e+06 1.44167e+06 1.22503e+06 451188 1.55684e+06 1.44514e+06 1.22156e+06 465630 1.57027e+06 1.44872e+06 1.21799e+06 480534 1.58445e+06 1.45241e+06 1.21429e+06 495915 1.59942e+06 1.45622e+06 1.21048e+06 511789 1.61521e+06 1.46016e+06 1.20655e+06 528170 1.63186e+06 1.46422e+06 1.20249e+06 545076 1.6494e+06 1.46841e+06 1.19831e+06 562523 1.66789e+06 1.47273e+06 1.19398e+06 580528 1.68735e+06 1.47719e+06 1.18952e+06 599110 1.70784e+06 1.4818e+06 1.18492e+06 618287 1.72939e+06 1.48655e+06 1.18017e+06 638077 1.75205e+06 1.49145e+06 1.17527e+06 658501 1.77586e+06 1.49651e+06 1.17021e+06 679578 1.80088e+06 1.50174e+06 1.16499e+06 701330 1.82715e+06 1.50713e+06 1.1596e+06 723779 1.85472e+06 1.51269e+06 1.15404e+06 746946 1.88364e+06 1.51843e+06 1.1483e+06 770854 1.91396e+06 1.52435e+06 1.14238e+06 795528 1.94574e+06 1.53047e+06 1.13626e+06 820991 1.97901e+06 1.53678e+06 1.12996e+06 847270 2.01385e+06 1.54329e+06 1.12345e+06 874389 2.0503e+06 1.55001e+06 1.11673e+06 902377 2.08843e+06 1.55695e+06 1.10979e+06 931261 2.12828e+06 1.5641e+06 1.10264e+06 961069 2.16992e+06 1.57149e+06 1.09526e+06 991831 2.21341e+06 1.57911e+06 1.08763e+06 1.02358e+06 2.2588e+06 1.58698e+06 1.07977e+06 1.05634e+06 2.30617e+06 1.5951e+06 1.07165e+06 1.09015e+06 2.35556e+06 1.60348e+06 1.06328e+06 1.12505e+06 2.40706e+06 1.61212e+06 1.05463e+06 1.16106e+06 2.46072e+06 1.62105e+06 1.04571e+06 1.19822e+06 2.51662e+06 1.63026e+06 1.03651e+06 1.23657e+06 2.57481e+06 1.63976e+06 1.02701e+06 1.27615e+06 2.63538e+06 1.40201e+06 1.26468e+06 331571 1.45663e+06 1.40421e+06 1.26248e+06 342184 1.46429e+06 1.40648e+06 1.26022e+06 353136 1.4724e+06 1.40882e+06 1.25788e+06 364440 1.481e+06 1.41124e+06 1.25546e+06 376105 1.49009e+06 1.41373e+06 1.25297e+06 388143 1.49972e+06 1.4163e+06 1.2504e+06 400567 1.50991e+06 1.41896e+06 1.24774e+06 413389 1.52068e+06 1.4217e+06 1.245e+06 426620 1.53208e+06 1.42453e+06 1.24217e+06 440276 1.54412e+06 1.42745e+06 1.23926e+06 454368 1.55684e+06 1.43046e+06 1.23624e+06 468912 1.57027e+06 1.43357e+06 1.23314e+06 483921 1.58445e+06 1.43678e+06 1.22993e+06 499410 1.59942e+06 1.44009e+06 1.22662e+06 515396 1.61521e+06 1.4435e+06 1.2232e+06 531893 1.63186e+06 1.44703e+06 1.21968e+06 548918 1.6494e+06 1.45067e+06 1.21604e+06 566487 1.66789e+06 1.45443e+06 1.21229e+06 584620 1.68735e+06 1.4583e+06 1.20841e+06 603332 1.70784e+06 1.4623e+06 1.20441e+06 622644 1.72939e+06 1.46643e+06 1.20029e+06 642574 1.75205e+06 1.47069e+06 1.19603e+06 663142 1.77586e+06 1.47509e+06 1.19163e+06 684368 1.80088e+06 1.47962e+06 1.1871e+06 706273 1.82715e+06 1.48431e+06 1.18242e+06 728880 1.85472e+06 1.48914e+06 1.17759e+06 752210 1.88364e+06 1.49413e+06 1.1726e+06 776287 1.91396e+06 1.49927e+06 1.16746e+06 801134 1.94574e+06 1.50458e+06 1.16215e+06 826777 1.97901e+06 1.51006e+06 1.15667e+06 853241 2.01385e+06 1.51572e+06 1.15101e+06 880552 2.0503e+06 1.52156e+06 1.14518e+06 908737 2.08843e+06 1.52758e+06 1.13916e+06 937824 2.12828e+06 1.5338e+06 1.13294e+06 967842 2.16992e+06 1.54022e+06 1.12653e+06 998821 2.21341e+06 1.54684e+06 1.11991e+06 1.03079e+06 2.2588e+06 1.55367e+06 1.11308e+06 1.06379e+06 2.30617e+06 1.56073e+06 1.10603e+06 1.09784e+06 2.35556e+06 1.56801e+06 1.09875e+06 1.13297e+06 2.40706e+06 1.57552e+06 1.09124e+06 1.16924e+06 2.46072e+06 1.58327e+06 1.08349e+06 1.20666e+06 2.51662e+06 1.59127e+06 1.0755e+06 1.24529e+06 2.57481e+06 1.59953e+06 1.06724e+06 1.28515e+06 2.63538e+06 1.39156e+06 1.27513e+06 333564 1.45663e+06 1.39343e+06 1.27327e+06 344241 1.46429e+06 1.39535e+06 1.27134e+06 355259 1.4724e+06 1.39733e+06 1.26936e+06 366631 1.481e+06 1.39938e+06 1.26731e+06 378366 1.49009e+06 1.4015e+06 1.2652e+06 390477 1.49972e+06 1.40368e+06 1.26302e+06 402975 1.50991e+06 1.40593e+06 1.26077e+06 415874 1.52068e+06 1.40825e+06 1.25845e+06 429185 1.53208e+06 1.41065e+06 1.25605e+06 442923 1.54412e+06 1.41313e+06 1.25357e+06 457100 1.55684e+06 1.41568e+06 1.25102e+06 471731 1.57027e+06 1.41832e+06 1.24839e+06 486830 1.58445e+06 1.42104e+06 1.24567e+06 502413 1.59942e+06 1.42385e+06 1.24286e+06 518494 1.61521e+06 1.42674e+06 1.23997e+06 535090 1.63186e+06 1.42973e+06 1.23698e+06 552217 1.6494e+06 1.43282e+06 1.23389e+06 569893 1.66789e+06 1.436e+06 1.23071e+06 588134 1.68735e+06 1.43929e+06 1.22743e+06 606959 1.70784e+06 1.44268e+06 1.22404e+06 626387 1.72939e+06 1.44618e+06 1.22054e+06 646437 1.75205e+06 1.44979e+06 1.21693e+06 667128 1.77586e+06 1.45352e+06 1.2132e+06 688482 1.80088e+06 1.45737e+06 1.20936e+06 710519 1.82715e+06 1.46134e+06 1.20539e+06 733261 1.85472e+06 1.46543e+06 1.20129e+06 756732 1.88364e+06 1.46966e+06 1.19707e+06 780953 1.91396e+06 1.47403e+06 1.1927e+06 805950 1.94574e+06 1.47853e+06 1.1882e+06 831747 1.97901e+06 1.48318e+06 1.18356e+06 858370 2.01385e+06 1.48797e+06 1.17876e+06 885845 2.0503e+06 1.49292e+06 1.17382e+06 914199 2.08843e+06 1.49803e+06 1.16871e+06 943461 2.12828e+06 1.5033e+06 1.16344e+06 973660 2.16992e+06 1.50874e+06 1.158e+06 1.00483e+06 2.21341e+06 1.51436e+06 1.15239e+06 1.03699e+06 2.2588e+06 1.52015e+06 1.1466e+06 1.07018e+06 2.30617e+06 1.52613e+06 1.14062e+06 1.10443e+06 2.35556e+06 1.5323e+06 1.13445e+06 1.13979e+06 2.40706e+06 1.53867e+06 1.12809e+06 1.17627e+06 2.46072e+06 1.54524e+06 1.12152e+06 1.21392e+06 2.51662e+06 1.55203e+06 1.11474e+06 1.25277e+06 2.57481e+06 1.55903e+06 1.10774e+06 1.29287e+06 2.63538e+06 1.38106e+06 1.28564e+06 335228 1.45663e+06 1.38258e+06 1.28411e+06 345958 1.46429e+06 1.38416e+06 1.28253e+06 357032 1.4724e+06 1.38579e+06 1.28091e+06 368460 1.481e+06 1.38747e+06 1.27923e+06 380253 1.49009e+06 1.3892e+06 1.2775e+06 392425 1.49972e+06 1.39099e+06 1.27571e+06 404985 1.50991e+06 1.39283e+06 1.27387e+06 417948 1.52068e+06 1.39474e+06 1.27196e+06 431326 1.53208e+06 1.3967e+06 1.27e+06 445132 1.54412e+06 1.39873e+06 1.26797e+06 459380 1.55684e+06 1.40082e+06 1.26588e+06 474084 1.57027e+06 1.40298e+06 1.26372e+06 489259 1.58445e+06 1.40521e+06 1.26149e+06 504919 1.59942e+06 1.40751e+06 1.25919e+06 521080 1.61521e+06 1.40989e+06 1.25682e+06 537759 1.63186e+06 1.41234e+06 1.25437e+06 554972 1.6494e+06 1.41487e+06 1.25184e+06 572736 1.66789e+06 1.41748e+06 1.24923e+06 591068 1.68735e+06 1.42017e+06 1.24654e+06 609987 1.70784e+06 1.42295e+06 1.24376e+06 629512 1.72939e+06 1.42582e+06 1.2409e+06 649661 1.75205e+06 1.42878e+06 1.23794e+06 670456 1.77586e+06 1.43183e+06 1.23489e+06 691916 1.80088e+06 1.43499e+06 1.23173e+06 714063 1.82715e+06 1.43824e+06 1.22848e+06 736919 1.85472e+06 1.4416e+06 1.22513e+06 760507 1.88364e+06 1.44506e+06 1.22166e+06 784849 1.91396e+06 1.44864e+06 1.21809e+06 809971 1.94574e+06 1.45233e+06 1.2144e+06 835897 1.97901e+06 1.45614e+06 1.21059e+06 862652 2.01385e+06 1.46007e+06 1.20666e+06 890264 2.0503e+06 1.46413e+06 1.20261e+06 918760 2.08843e+06 1.46831e+06 1.19843e+06 948168 2.12828e+06 1.47263e+06 1.19411e+06 978517 2.16992e+06 1.47709e+06 1.18965e+06 1.00984e+06 2.21341e+06 1.4817e+06 1.18505e+06 1.04216e+06 2.2588e+06 1.48644e+06 1.18031e+06 1.07552e+06 2.30617e+06 1.49134e+06 1.17541e+06 1.10994e+06 2.35556e+06 1.4964e+06 1.17035e+06 1.14547e+06 2.40706e+06 1.50162e+06 1.16514e+06 1.18214e+06 2.46072e+06 1.50701e+06 1.15975e+06 1.21997e+06 2.51662e+06 1.51257e+06 1.1542e+06 1.25902e+06 2.57481e+06 1.5183e+06 1.14846e+06 1.29932e+06 2.63538e+06 1.3705e+06 1.29619e+06 336561 1.45663e+06 1.37169e+06 1.295e+06 347334 1.46429e+06 1.37292e+06 1.29377e+06 358451 1.4724e+06 1.37419e+06 1.29251e+06 369925 1.481e+06 1.3755e+06 1.2912e+06 381766 1.49009e+06 1.37684e+06 1.28985e+06 393985 1.49972e+06 1.37824e+06 1.28846e+06 406596 1.50991e+06 1.37968e+06 1.28702e+06 419610 1.52068e+06 1.38116e+06 1.28554e+06 433041 1.53208e+06 1.38269e+06 1.28401e+06 446902 1.54412e+06 1.38427e+06 1.28243e+06 461207 1.55684e+06 1.3859e+06 1.2808e+06 475969 1.57027e+06 1.38758e+06 1.27912e+06 491204 1.58445e+06 1.38932e+06 1.27739e+06 506927 1.59942e+06 1.39111e+06 1.2756e+06 523153 1.61521e+06 1.39296e+06 1.27375e+06 539898 1.63186e+06 1.39487e+06 1.27184e+06 557179 1.6494e+06 1.39684e+06 1.26987e+06 575014 1.66789e+06 1.39887e+06 1.26784e+06 593419 1.68735e+06 1.40097e+06 1.26575e+06 612413 1.70784e+06 1.40313e+06 1.26358e+06 632015 1.72939e+06 1.40537e+06 1.26135e+06 652245 1.75205e+06 1.40767e+06 1.25905e+06 673122 1.77586e+06 1.41005e+06 1.25667e+06 694668 1.80088e+06 1.41251e+06 1.25421e+06 716903 1.82715e+06 1.41504e+06 1.25168e+06 739850 1.85472e+06 1.41766e+06 1.24907e+06 763531 1.88364e+06 1.42036e+06 1.24637e+06 787970 1.91396e+06 1.42314e+06 1.24359e+06 813192 1.94574e+06 1.42602e+06 1.24071e+06 839221 1.97901e+06 1.42898e+06 1.23775e+06 866083 2.01385e+06 1.43204e+06 1.23469e+06 893805 2.0503e+06 1.4352e+06 1.23153e+06 922414 2.08843e+06 1.43847e+06 1.22828e+06 951939 2.12828e+06 1.44183e+06 1.22491e+06 982409 2.16992e+06 1.4453e+06 1.22144e+06 1.01385e+06 2.21341e+06 1.44889e+06 1.21786e+06 1.04631e+06 2.2588e+06 1.45259e+06 1.21416e+06 1.0798e+06 2.30617e+06 1.4564e+06 1.21035e+06 1.11436e+06 2.35556e+06 1.46034e+06 1.20641e+06 1.15003e+06 2.40706e+06 1.46441e+06 1.20235e+06 1.18684e+06 2.46072e+06 1.4686e+06 1.19816e+06 1.22483e+06 2.51662e+06 1.47293e+06 1.19383e+06 1.26403e+06 2.57481e+06 1.4774e+06 1.18937e+06 1.30449e+06 2.63538e+06 1.35991e+06 1.30678e+06 337562 1.45663e+06 1.36076e+06 1.30593e+06 348367 1.46429e+06 1.36164e+06 1.30505e+06 359518 1.4724e+06 1.36255e+06 1.30415e+06 371025 1.481e+06 1.36348e+06 1.30321e+06 382901 1.49009e+06 1.36445e+06 1.30225e+06 395157 1.49972e+06 1.36544e+06 1.30125e+06 407805 1.50991e+06 1.36647e+06 1.30023e+06 420859 1.52068e+06 1.36753e+06 1.29917e+06 434329 1.53208e+06 1.36863e+06 1.29807e+06 448232 1.54412e+06 1.36976e+06 1.29695e+06 462579 1.55684e+06 1.37092e+06 1.29578e+06 477385 1.57027e+06 1.37213e+06 1.29458e+06 492665 1.58445e+06 1.37337e+06 1.29334e+06 508435 1.59942e+06 1.37465e+06 1.29206e+06 524709 1.61521e+06 1.37597e+06 1.29074e+06 541504 1.63186e+06 1.37734e+06 1.28937e+06 558836 1.6494e+06 1.37874e+06 1.28797e+06 576724 1.66789e+06 1.3802e+06 1.28651e+06 595184 1.68735e+06 1.3817e+06 1.28502e+06 614235 1.70784e+06 1.38325e+06 1.28347e+06 633895 1.72939e+06 1.38484e+06 1.28187e+06 654185 1.75205e+06 1.38649e+06 1.28023e+06 675124 1.77586e+06 1.38819e+06 1.27853e+06 696734 1.80088e+06 1.38995e+06 1.27677e+06 719035 1.82715e+06 1.39176e+06 1.27496e+06 742050 1.85472e+06 1.39363e+06 1.27309e+06 765802 1.88364e+06 1.39556e+06 1.27116e+06 790314 1.91396e+06 1.39755e+06 1.26917e+06 815611 1.94574e+06 1.39961e+06 1.26712e+06 841717 1.97901e+06 1.40173e+06 1.265e+06 868659 2.01385e+06 1.40392e+06 1.26281e+06 896463 2.0503e+06 1.40618e+06 1.26056e+06 925158 2.08843e+06 1.40851e+06 1.25823e+06 954770 2.12828e+06 1.41092e+06 1.25582e+06 985331 2.16992e+06 1.4134e+06 1.25334e+06 1.01687e+06 2.21341e+06 1.41596e+06 1.25078e+06 1.04942e+06 2.2588e+06 1.41861e+06 1.24814e+06 1.08301e+06 2.30617e+06 1.42134e+06 1.24541e+06 1.11767e+06 2.35556e+06 1.42416e+06 1.2426e+06 1.15345e+06 2.40706e+06 1.42706e+06 1.2397e+06 1.19037e+06 2.46072e+06 1.43006e+06 1.2367e+06 1.22847e+06 2.51662e+06 1.43316e+06 1.2336e+06 1.26779e+06 2.57481e+06 1.43635e+06 1.23041e+06 1.30837e+06 2.63538e+06 1.3493e+06 1.3174e+06 338230 1.45663e+06 1.34981e+06 1.31689e+06 349056 1.46429e+06 1.35034e+06 1.31636e+06 360229 1.4724e+06 1.35088e+06 1.31582e+06 371759 1.481e+06 1.35144e+06 1.31526e+06 383659 1.49009e+06 1.35202e+06 1.31468e+06 395939 1.49972e+06 1.35262e+06 1.31408e+06 408612 1.50991e+06 1.35324e+06 1.31346e+06 421691 1.52068e+06 1.35387e+06 1.31283e+06 435189 1.53208e+06 1.35453e+06 1.31217e+06 449118 1.54412e+06 1.35521e+06 1.31149e+06 463494 1.55684e+06 1.35591e+06 1.31079e+06 478330 1.57027e+06 1.35663e+06 1.31007e+06 493640 1.58445e+06 1.35738e+06 1.30933e+06 509441 1.59942e+06 1.35815e+06 1.30856e+06 525747 1.61521e+06 1.35894e+06 1.30777e+06 542575 1.63186e+06 1.35976e+06 1.30695e+06 559942 1.6494e+06 1.36061e+06 1.3061e+06 577865 1.66789e+06 1.36148e+06 1.30523e+06 596361 1.68735e+06 1.36238e+06 1.30433e+06 615450 1.70784e+06 1.36331e+06 1.3034e+06 635149 1.72939e+06 1.36427e+06 1.30245e+06 655480 1.75205e+06 1.36526e+06 1.30146e+06 676460 1.77586e+06 1.36628e+06 1.30044e+06 698113 1.80088e+06 1.36734e+06 1.29939e+06 720458 1.82715e+06 1.36843e+06 1.2983e+06 743519 1.85472e+06 1.36955e+06 1.29718e+06 767317 1.88364e+06 1.37071e+06 1.29602e+06 791878 1.91396e+06 1.3719e+06 1.29483e+06 817225 1.94574e+06 1.37314e+06 1.29359e+06 843383 1.97901e+06 1.37441e+06 1.29232e+06 870378 2.01385e+06 1.37573e+06 1.29101e+06 898237 2.0503e+06 1.37708e+06 1.28965e+06 926988 2.08843e+06 1.37849e+06 1.28826e+06 956659 2.12828e+06 1.37993e+06 1.28681e+06 987280 2.16992e+06 1.38142e+06 1.28532e+06 1.01888e+06 2.21341e+06 1.38296e+06 1.28379e+06 1.05149e+06 2.2588e+06 1.38455e+06 1.2822e+06 1.08515e+06 2.30617e+06 1.38619e+06 1.28056e+06 1.11988e+06 2.35556e+06 1.38788e+06 1.27887e+06 1.15573e+06 2.40706e+06 1.38963e+06 1.27713e+06 1.19272e+06 2.46072e+06 1.39143e+06 1.27533e+06 1.2309e+06 2.51662e+06 1.39329e+06 1.27348e+06 1.2703e+06 2.57481e+06 1.39521e+06 1.27156e+06 1.31096e+06 2.63538e+06 1.33866e+06 1.32803e+06 338564 1.45663e+06 1.33884e+06 1.32786e+06 349401 1.46429e+06 1.33901e+06 1.32768e+06 360585 1.4724e+06 1.33919e+06 1.3275e+06 372127 1.481e+06 1.33938e+06 1.32732e+06 384038 1.49009e+06 1.33957e+06 1.32712e+06 396330 1.49972e+06 1.33977e+06 1.32692e+06 409016 1.50991e+06 1.33998e+06 1.32672e+06 422108 1.52068e+06 1.34019e+06 1.32651e+06 435619 1.53208e+06 1.34041e+06 1.32629e+06 449562 1.54412e+06 1.34064e+06 1.32606e+06 463952 1.55684e+06 1.34087e+06 1.32583e+06 478802 1.57027e+06 1.34111e+06 1.32559e+06 494128 1.58445e+06 1.34136e+06 1.32534e+06 509944 1.59942e+06 1.34162e+06 1.32509e+06 526266 1.61521e+06 1.34189e+06 1.32482e+06 543111 1.63186e+06 1.34216e+06 1.32455e+06 560495 1.6494e+06 1.34244e+06 1.32427e+06 578436 1.66789e+06 1.34273e+06 1.32398e+06 596951 1.68735e+06 1.34303e+06 1.32368e+06 616058 1.70784e+06 1.34335e+06 1.32337e+06 635777 1.72939e+06 1.34367e+06 1.32305e+06 656127 1.75205e+06 1.344e+06 1.32272e+06 677129 1.77586e+06 1.34434e+06 1.32238e+06 698802 1.80088e+06 1.34469e+06 1.32203e+06 721170 1.82715e+06 1.34505e+06 1.32167e+06 744253 1.85472e+06 1.34543e+06 1.3213e+06 768075 1.88364e+06 1.34582e+06 1.32091e+06 792660 1.91396e+06 1.34622e+06 1.32051e+06 818032 1.94574e+06 1.34663e+06 1.3201e+06 844216 1.97901e+06 1.34705e+06 1.31968e+06 871238 2.01385e+06 1.34749e+06 1.31924e+06 899124 2.0503e+06 1.34795e+06 1.31879e+06 927904 2.08843e+06 1.34841e+06 1.31833e+06 957604 2.12828e+06 1.3489e+06 1.31785e+06 988256 2.16992e+06 1.34939e+06 1.31735e+06 1.01989e+06 2.21341e+06 1.34991e+06 1.31684e+06 1.05253e+06 2.2588e+06 1.35044e+06 1.31631e+06 1.08622e+06 2.30617e+06 1.35099e+06 1.31577e+06 1.12099e+06 2.35556e+06 1.35155e+06 1.3152e+06 1.15687e+06 2.40706e+06 1.35213e+06 1.31462e+06 1.1939e+06 2.46072e+06 1.35274e+06 1.31403e+06 1.23212e+06 2.51662e+06 1.35336e+06 1.31341e+06 1.27155e+06 2.57481e+06 1.354e+06 1.31277e+06 1.31225e+06 2.63538e+06 
				</DataArray>
			</CellData>
			<Points>
				<DataArray type="Float64" Name="Points" NumberOfComponents="3" format="ascii" >
0.707107 0.707107 0 0.696055 0.696055 0 0.685175 0.685175 0 0.674466 0.674466 0 0.663924 0.663924 0 0.653547 0.653547 0 0.643332 0.643332 0 0.633277 0.633277 0 0.623379 0.623379 0 0.613636 0.613636 0 0.604045 0.604045 0 0.594604 0.594604 0 0.58531 0.58531 0 0.576162 0.576162 0 0.567156 0.567156 0 0.558292 0.558292 0 0.549566 0.549566 0 0.540976 0.540976 0 0.532521 0.532521 0 0.524197 0.524197 0 0.516004 0.516004 0 0.507939 0.507939 0 0.5 0.5 0 0.492185 0.492185 0 0.484492 0.484492 0 0.47692 0.47692 0 0.469465 0.469465 0 0.462128 0.462128 0 0.454905 0.454905 0 0.447795 0.447795 0 0.440796 0.440796 0 0.433906 0.433906 0 0.427124 0.427124 0 0.420448 0.420448 0 0.413877 0.413877 0 0.407408 0.407408 0 0.40104 0.40104 0 0.394772 0.394772 0 0.388602 0.388602 0 0.382528 0.382528 0 0.376549 0.376549 0 0.370663 0.370663 0 0.36487 0.36487 0 0.359167 0.359167 0 0.353553 0.353553 0 0.695913 0.718126 0 0.685036 0.706902 0 0.674329 0.695853 0 0.663789 0.684977 0 0.653414 0.674271 0 0.643201 0.663732 0 0.633148 0.653358 0 0.623252 0.643146 0 0.613511 0.633094 0 0.603922 0.623199 0 0.594482 0.613458 0 0.585191 0.60387 0 0.576044 0.594431 0 0.567041 0.58514 0 0.558178 0.575995 0 0.549454 0.566992 0 0.540866 0.55813 0 0.532412 0.549406 0 0.52409 0.540819 0 0.515899 0.532366 0 0.507835 0.524046 0 0.499898 0.515855 0 0.492085 0.507792 0 0.484393 0.499855 0 0.476822 0.492043 0 0.46937 0.484352 0 0.462033 0.476782 0 0.454812 0.46933 0 0.447703 0.461994 0 0.440706 0.454773 0 0.433818 0.447665 0 0.427037 0.440668 0 0.420362 0.43378 0 0.413792 0.427 0 0.407325 0.420326 0 0.400958 0.413757 0 0.394691 0.40729 0 0.388522 0.400924 0 0.38245 0.394658 0 0.376472 0.388489 0 0.370588 0.382417 0 0.364796 0.37644 0 0.359094 0.370556 0 0.353481 0.364764 0 0.347956 0.359063 0 0.684547 0.728969 0 0.673848 0.717575 0 0.663316 0.706359 0 0.652948 0.695319 0 0.642742 0.684451 0 0.632696 0.673753 0 0.622807 0.663223 0 0.613073 0.652856 0 0.603491 0.642652 0 0.594058 0.632608 0 0.584773 0.62272 0 0.575633 0.612987 0 0.566636 0.603406 0 0.55778 0.593975 0 0.549062 0.584691 0 0.54048 0.575553 0 0.532032 0.566557 0 0.523717 0.557701 0 0.515531 0.548985 0 0.507473 0.540404 0 0.499541 0.531958 0 0.491734 0.523643 0 0.484048 0.515459 0 0.476482 0.507402 0 0.469035 0.499471 0 0.461704 0.491665 0 0.454488 0.48398 0 0.447384 0.476416 0 0.440391 0.468969 0 0.433508 0.461639 0 0.426732 0.454424 0 0.420063 0.447321 0 0.413497 0.44033 0 0.407034 0.433447 0 0.400672 0.426673 0 0.39441 0.420004 0 0.388245 0.413439 0 0.382177 0.406977 0 0.376204 0.400616 0 0.370324 0.394354 0 0.364535 0.388191 0 0.358838 0.382123 0 0.353229 0.376151 0 0.347708 0.370272 0 0.342274 0.364484 0 0.673013 0.739631 0 0.662493 0.728071 0 0.652139 0.716691 0 0.641946 0.705489 0 0.631912 0.694462 0 0.622036 0.683608 0 0.612313 0.672923 0 0.602743 0.662406 0 0.593322 0.652052 0 0.584048 0.641861 0 0.57492 0.631829 0 0.565934 0.621953 0 0.557088 0.612232 0 0.548381 0.602663 0 0.53981 0.593243 0 0.531373 0.583971 0 0.523067 0.574844 0 0.514892 0.565859 0 0.506844 0.557015 0 0.498922 0.548308 0 0.491124 0.539738 0 0.483448 0.531302 0 0.475892 0.522998 0 0.468454 0.514824 0 0.461132 0.506777 0 0.453924 0.498856 0 0.446829 0.491059 0 0.439846 0.483384 0 0.432971 0.475829 0 0.426203 0.468392 0 0.419542 0.461071 0 0.412985 0.453864 0 0.40653 0.44677 0 0.400176 0.439787 0 0.393921 0.432913 0 0.387764 0.426147 0 0.381703 0.419486 0 0.375737 0.41293 0 0.369865 0.406476 0 0.364084 0.400123 0 0.358393 0.393869 0 0.352791 0.387713 0 0.347277 0.381653 0 0.341849 0.375688 0 0.336506 0.369816 0 0.661312 0.750111 0 0.650976 0.738387 0 0.640801 0.726846 0 0.630785 0.715485 0 0.620926 0.704302 0 0.611221 0.693294 0 0.601668 0.682458 0 0.592264 0.671791 0 0.583007 0.661291 0 0.573894 0.650955 0 0.564924 0.640781 0 0.556095 0.630766 0 0.547403 0.620907 0 0.538847 0.611202 0 0.530425 0.601649 0 0.522135 0.592245 0 0.513974 0.582989 0 0.50594 0.573877 0 0.498032 0.564907 0 0.490248 0.556078 0 0.482586 0.547386 0 0.475043 0.53883 0 0.467618 0.530409 0 0.460309 0.522118 0 0.453115 0.513958 0 0.446033 0.505925 0 0.439061 0.498017 0 0.432199 0.490233 0 0.425443 0.482571 0 0.418794 0.475028 0 0.412248 0.467604 0 0.405805 0.460295 0 0.399462 0.453101 0 0.393218 0.446019 0 0.387072 0.439047 0 0.381023 0.432185 0 0.375067 0.42543 0 0.369205 0.418781 0 0.363434 0.412235 0 0.357754 0.405792 0 0.352162 0.39945 0 0.346658 0.393206 0 0.34124 0.38706 0 0.335906 0.381011 0 0.330656 0.375056 0 0.649448 0.760406 0 0.639297 0.748521 0 0.629305 0.736822 0 0.619469 0.725305 0 0.609787 0.713969 0 0.600256 0.702809 0 0.590874 0.691825 0 0.581639 0.681011 0 0.572548 0.670367 0 0.563599 0.659889 0 0.55479 0.649575 0 0.546119 0.639423 0 0.537583 0.629429 0 0.52918 0.619591 0 0.520909 0.609906 0 0.512768 0.600374 0 0.504753 0.59099 0 0.496864 0.581753 0 0.489098 0.57266 0 0.481453 0.563709 0 0.473928 0.554899 0 0.466521 0.546226 0 0.459229 0.537688 0 0.452051 0.529284 0 0.444986 0.521012 0 0.438031 0.512868 0 0.431184 0.504852 0 0.424445 0.496961 0 0.417811 0.489194 0 0.411281 0.481548 0 0.404852 0.474021 0 0.398525 0.466612 0 0.392296 0.459319 0 0.386164 0.45214 0 0.380128 0.445073 0 0.374187 0.438117 0 0.368339 0.431269 0 0.362581 0.424528 0 0.356914 0.417893 0 0.351336 0.411361 0 0.345844 0.404932 0 0.340439 0.398603 0 0.335118 0.392373 0 0.32988 0.38624 0 0.324724 0.380203 0 0.637424 0.770513 0 0.627461 0.75847 0 0.617654 0.746615 0 0.608 0.734946 0 0.598497 0.723459 0 0.589143 0.712151 0 0.579934 0.70102 0 0.57087 0.690063 0 0.561947 0.679278 0 0.553164 0.668661 0 0.544518 0.65821 0 0.536008 0.647922 0 0.52763 0.637795 0 0.519383 0.627826 0 0.511265 0.618013 0 0.503274 0.608354 0 0.495408 0.598845 0 0.487665 0.589485 0 0.480043 0.580272 0 0.47254 0.571202 0 0.465154 0.562274 0 0.457884 0.553486 0 0.450727 0.544835 0 0.443682 0.536319 0 0.436747 0.527937 0 0.429921 0.519685 0 0.423201 0.511563 0 0.416587 0.503567 0 0.410076 0.495696 0 0.403666 0.487948 0 0.397357 0.480322 0 0.391146 0.472815 0 0.385033 0.465424 0 0.379015 0.45815 0 0.373091 0.450989 0 0.367259 0.44394 0 0.361519 0.437001 0 0.355868 0.430171 0 0.350306 0.423448 0 0.344831 0.416829 0 0.339441 0.410314 0 0.334136 0.403901 0 0.328913 0.397588 0 0.323773 0.391374 0 0.318712 0.385257 0 0.625243 0.78043 0 0.61547 0.768232 0 0.60585 0.756225 0 0.596381 0.744405 0 0.58706 0.73277 0 0.577884 0.721317 0 0.568852 0.710043 0 0.559961 0.698945 0 0.551208 0.688021 0 0.542593 0.677267 0 0.534112 0.666681 0 0.525764 0.656261 0 0.517547 0.646004 0 0.509457 0.635907 0 0.501495 0.625968 0 0.493656 0.616184 0 0.485941 0.606553 0 0.478345 0.597073 0 0.470869 0.58774 0 0.463509 0.578554 0 0.456265 0.569511 0 0.449133 0.56061 0 0.442113 0.551848 0 0.435203 0.543222 0 0.428401 0.534732 0 0.421705 0.526374 0 0.415114 0.518147 0 0.408626 0.510048 0 0.402239 0.502076 0 0.395952 0.494229 0 0.389763 0.486504 0 0.383671 0.4789 0 0.377675 0.471415 0 0.371772 0.464047 0 0.365961 0.456794 0 0.360241 0.449654 0 0.35461 0.442626 0 0.349068 0.435708 0 0.343612 0.428898 0 0.338241 0.422194 0 0.332955 0.415595 0 0.327751 0.4091 0 0.322628 0.402705 0 0.317585 0.396411 0 0.312621 0.390215 0 0.612907 0.790155 0 0.603327 0.777805 0 0.593897 0.765648 0 0.584615 0.753681 0 0.575477 0.741901 0 0.566483 0.730305 0 0.557629 0.718891 0 0.548913 0.707654 0 0.540333 0.696594 0 0.531888 0.685706 0 0.523575 0.674989 0 0.515391 0.664439 0 0.507336 0.654053 0 0.499406 0.643831 0 0.491601 0.633768 0 0.483917 0.623862 0 0.476353 0.614111 0 0.468908 0.604512 0 0.461579 0.595064 0 0.454365 0.585763 0 0.447263 0.576608 0 0.440272 0.567595 0 0.433391 0.558724 0 0.426617 0.549991 0 0.419949 0.541395 0 0.413385 0.532933 0 0.406924 0.524603 0 0.400564 0.516404 0 0.394303 0.508332 0 0.38814 0.500387 0 0.382073 0.492566 0 0.376102 0.484867 0 0.370223 0.477289 0 0.364437 0.469829 0 0.358741 0.462486 0 0.353134 0.455257 0 0.347614 0.448141 0 0.342181 0.441137 0 0.336833 0.434242 0 0.331568 0.427455 0 0.326386 0.420774 0 0.321284 0.414197 0 0.316263 0.407723 0 0.311319 0.401351 0 0.306454 0.395078 0 0.60042 0.799685 0 0.591036 0.787186 0 0.581798 0.774882 0 0.572704 0.762771 0 0.563753 0.750849 0 0.554942 0.739113 0 0.546268 0.727561 0 0.53773 0.716189 0 0.529325 0.704995 0 0.521052 0.693976 0 0.512908 0.683129 0 0.504891 0.672452 0 0.497 0.661942 0 0.489232 0.651596 0 0.481585 0.641411 0 0.474058 0.631386 0 0.466648 0.621517 0 0.459355 0.611803 0 0.452175 0.602241 0 0.445108 0.592828 0 0.438151 0.583562 0 0.431302 0.574441 0 0.424561 0.565462 0 0.417925 0.556624 0 0.411393 0.547924 0 0.404963 0.53936 0 0.398634 0.53093 0 0.392403 0.522632 0 0.38627 0.514463 0 0.380232 0.506422 0 0.374289 0.498507 0 0.368439 0.490715 0 0.362681 0.483045 0 0.357012 0.475495 0 0.351432 0.468063 0 0.345939 0.460748 0 0.340532 0.453546 0 0.33521 0.446457 0 0.32997 0.439479 0 0.324813 0.43261 0 0.319736 0.425849 0 0.314739 0.419193 0 0.309819 0.412641 0 0.304977 0.406191 0 0.30021 0.399842 0 0.587785 0.809017 0 0.578598 0.796372 0 0.569555 0.783925 0 0.560653 0.771672 0 0.55189 0.759611 0 0.543264 0.747738 0 0.534773 0.736051 0 0.526414 0.724547 0 0.518186 0.713222 0 0.510087 0.702075 0 0.502115 0.691101 0 0.494267 0.680299 0 0.486541 0.669666 0 0.478937 0.6592 0 0.471451 0.648896 0 0.464082 0.638754 0 0.456829 0.628771 0 0.449688 0.618943 0 0.44266 0.609269 0 0.435741 0.599746 0 0.42893 0.590372 0 0.422226 0.581145 0 0.415627 0.572061 0 0.409131 0.56312 0 0.402736 0.554319 0 0.396441 0.545655 0 0.390245 0.537126 0 0.384145 0.528731 0 0.378141 0.520467 0 0.372231 0.512332 0 0.366413 0.504324 0 0.360686 0.496442 0 0.355049 0.488682 0 0.349499 0.481044 0 0.344037 0.473526 0 0.338659 0.466125 0 0.333366 0.458839 0 0.328156 0.451667 0 0.323027 0.444608 0 0.317978 0.437659 0 0.313008 0.430818 0 0.308115 0.424085 0 0.3033 0.417456 0 0.298559 0.410931 0 0.293893 0.404508 0 0.575005 0.81815 0 0.566018 0.805362 0 0.557171 0.792774 0 0.548463 0.780383 0 0.53989 0.768186 0 0.531452 0.756179 0 0.523145 0.74436 0 0.514969 0.732726 0 0.50692 0.721274 0 0.498996 0.71 0 0.491197 0.698903 0 0.48352 0.687979 0 0.475962 0.677226 0 0.468523 0.666641 0 0.4612 0.656222 0 0.453992 0.645965 0 0.446896 0.635869 0 0.439911 0.62593 0 0.433035 0.616147 0 0.426267 0.606516 0 0.419604 0.597037 0 0.413046 0.587705 0 0.40659 0.578519 0 0.400235 0.569477 0 0.39398 0.560576 0 0.387822 0.551814 0 0.38176 0.54319 0 0.375793 0.5347 0 0.36992 0.526342 0 0.364138 0.518116 0 0.358446 0.510017 0 0.352844 0.502046 0 0.347329 0.494199 0 0.3419 0.486475 0 0.336556 0.478871 0 0.331296 0.471386 0 0.326118 0.464019 0 0.321021 0.456766 0 0.316003 0.449627 0 0.311064 0.442599 0 0.306202 0.435682 0 0.301416 0.428872 0 0.296705 0.422169 0 0.292068 0.41557 0 0.287503 0.409075 0 0.562083 0.827081 0 0.553298 0.814153 0 0.54465 0.801428 0 0.536137 0.788902 0 0.527757 0.776572 0 0.519509 0.764434 0 0.511389 0.752486 0 0.503396 0.740724 0 0.495528 0.729147 0 0.487783 0.71775 0 0.480159 0.706532 0 0.472654 0.695489 0 0.465266 0.684619 0 0.457994 0.673918 0 0.450836 0.663385 0 0.443789 0.653016 0 0.436853 0.64281 0 0.430025 0.632763 0 0.423304 0.622873 0 0.416688 0.613137 0 0.410175 0.603554 0 0.403764 0.59412 0 0.397453 0.584834 0 0.391241 0.575693 0 0.385126 0.566695 0 0.379106 0.557838 0 0.373181 0.549119 0 0.367348 0.540536 0 0.361606 0.532088 0 0.355955 0.523771 0 0.350391 0.515585 0 0.344914 0.507526 0 0.339523 0.499594 0 0.334217 0.491785 0 0.328993 0.484098 0 0.323851 0.476532 0 0.318789 0.469084 0 0.313806 0.461752 0 0.308902 0.454535 0 0.304074 0.447431 0 0.299321 0.440437 0 0.294643 0.433553 0 0.290037 0.426777 0 0.285504 0.420107 0 0.281042 0.41354 0 0.549023 0.835807 0 0.540442 0.822744 0 0.531995 0.809884 0 0.52368 0.797226 0 0.515494 0.784765 0 0.507437 0.7725 0 0.499506 0.760425 0 0.491699 0.74854 0 0.484014 0.73684 0 0.476449 0.725324 0 0.469002 0.713987 0 0.461671 0.702827 0 0.454455 0.691842 0 0.447352 0.681029 0 0.44036 0.670384 0 0.433477 0.659906 0 0.426702 0.649592 0 0.420033 0.639439 0 0.413468 0.629445 0 0.407005 0.619607 0 0.400644 0.609922 0 0.394382 0.600389 0 0.388218 0.591005 0 0.38215 0.581768 0 0.376177 0.572675 0 0.370297 0.563724 0 0.36451 0.554913 0 0.358812 0.54624 0 0.353204 0.537702 0 0.347684 0.529298 0 0.342249 0.521025 0 0.3369 0.512881 0 0.331634 0.504865 0 0.326451 0.496974 0 0.321349 0.489206 0 0.316326 0.48156 0 0.311382 0.474033 0 0.306515 0.466624 0 0.301724 0.459331 0 0.297008 0.452152 0 0.292366 0.445085 0 0.287796 0.438128 0 0.283298 0.43128 0 0.27887 0.424539 0 0.274511 0.417904 0 0.535827 0.844328 0 0.527452 0.831131 0 0.519208 0.818141 0 0.511093 0.805353 0 0.503104 0.792766 0 0.495241 0.780375 0 0.4875 0.768178 0 0.479881 0.756171 0 0.47238 0.744352 0 0.464997 0.732718 0 0.457729 0.721266 0 0.450575 0.709992 0 0.443532 0.698895 0 0.4366 0.687972 0 0.429776 0.677219 0 0.423059 0.666634 0 0.416446 0.656214 0 0.409937 0.645958 0 0.40353 0.635861 0 0.397223 0.625923 0 0.391014 0.61614 0 0.384903 0.60651 0 0.378887 0.59703 0 0.372965 0.587698 0 0.367135 0.578513 0 0.361397 0.569471 0 0.355748 0.56057 0 0.350188 0.551808 0 0.344715 0.543184 0 0.339327 0.534694 0 0.334023 0.526336 0 0.328803 0.51811 0 0.323663 0.510012 0 0.318605 0.50204 0 0.313625 0.494194 0 0.308723 0.486469 0 0.303898 0.478866 0 0.299148 0.471381 0 0.294472 0.464014 0 0.289869 0.456761 0 0.285339 0.449622 0 0.280879 0.442594 0 0.276489 0.435677 0 0.272167 0.428867 0 0.267913 0.422164 0 0.522499 0.85264 0 0.514332 0.839313 0 0.506293 0.826195 0 0.49838 0.813282 0 0.49059 0.80057 0 0.482922 0.788057 0 0.475374 0.77574 0 0.467944 0.763615 0 0.46063 0.75168 0 0.453431 0.739931 0 0.446343 0.728366 0 0.439367 0.716982 0 0.4325 0.705776 0 0.42574 0.694744 0 0.419086 0.683886 0 0.412535 0.673197 0 0.406088 0.662675 0 0.39974 0.652317 0 0.393493 0.642121 0 0.387342 0.632085 0 0.381288 0.622206 0 0.375329 0.612481 0 0.369462 0.602908 0 0.363688 0.593484 0 0.358003 0.584208 0 0.352408 0.575077 0 0.3469 0.566089 0 0.341478 0.557241 0 0.33614 0.548531 0 0.330886 0.539958 0 0.325715 0.531518 0 0.320624 0.523211 0 0.315613 0.515033 0 0.31068 0.506983 0 0.305824 0.499059 0 0.301044 0.491259 0 0.296338 0.48358 0 0.291707 0.476022 0 0.287147 0.468582 0 0.282659 0.461258 0 0.278241 0.454048 0 0.273892 0.446952 0 0.269611 0.439966 0 0.265397 0.433089 0 0.261249 0.42632 0 0.509041 0.860742 0 0.501085 0.847289 0 0.493253 0.834046 0 0.485544 0.82101 0 0.477955 0.808177 0 0.470484 0.795546 0 0.463131 0.783111 0 0.455892 0.770871 0 0.448766 0.758823 0 0.441752 0.746962 0 0.434848 0.735287 0 0.428051 0.723795 0 0.421361 0.712482 0 0.414775 0.701346 0 0.408292 0.690384 0 0.40191 0.679593 0 0.395629 0.668971 0 0.389445 0.658515 0 0.383358 0.648223 0 0.377366 0.638091 0 0.371468 0.628118 0 0.365662 0.618301 0 0.359947 0.608637 0 0.354321 0.599124 0 0.348783 0.589759 0 0.343331 0.580541 0 0.337965 0.571468 0 0.332683 0.562536 0 0.327483 0.553743 0 0.322364 0.545088 0 0.317326 0.536569 0 0.312366 0.528182 0 0.307484 0.519927 0 0.302678 0.5118 0 0.297947 0.503801 0 0.29329 0.495927 0 0.288706 0.488175 0 0.284194 0.480545 0 0.279752 0.473034 0 0.275379 0.465641 0 0.271075 0.458363 0 0.266838 0.451199 0 0.262667 0.444146 0 0.258562 0.437204 0 0.254521 0.430371 0 0.495459 0.868632 0 0.487715 0.855055 0 0.480092 0.84169 0 0.472588 0.828535 0 0.465201 0.815585 0 0.45793 0.802837 0 0.450773 0.790289 0 0.443727 0.777937 0 0.436792 0.765778 0 0.429965 0.753809 0 0.423245 0.742027 0 0.416629 0.730429 0 0.410118 0.719013 0 0.403707 0.707774 0 0.397398 0.696712 0 0.391186 0.685822 0 0.385072 0.675103 0 0.379053 0.664551 0 0.373129 0.654164 0 0.367297 0.64394 0 0.361556 0.633875 0 0.355905 0.623968 0 0.350342 0.614215 0 0.344866 0.604615 0 0.339476 0.595165 0 0.33417 0.585863 0 0.328947 0.576706 0 0.323806 0.567692 0 0.318745 0.558819 0 0.313763 0.550085 0 0.308859 0.541487 0 0.304031 0.533023 0 0.299279 0.524692 0 0.294601 0.516491 0 0.289997 0.508419 0 0.285464 0.500472 0 0.281002 0.49265 0 0.27661 0.48495 0 0.272287 0.47737 0 0.268031 0.469909 0 0.263842 0.462564 0 0.259718 0.455334 0 0.255659 0.448217 0 0.251663 0.441212 0 0.247729 0.434316 0 0.481754 0.876307 0 0.474224 0.86261 0 0.466812 0.849128 0 0.459516 0.835856 0 0.452333 0.822791 0 0.445263 0.809931 0 0.438304 0.797272 0 0.431453 0.784811 0 0.42471 0.772544 0 0.418072 0.76047 0 0.411537 0.748583 0 0.405105 0.736883 0 0.398773 0.725366 0 0.39254 0.714028 0 0.386405 0.702868 0 0.380366 0.691882 0 0.37442 0.681068 0 0.368568 0.670423 0 0.362808 0.659945 0 0.357137 0.64963 0 0.351555 0.639476 0 0.34606 0.629481 0 0.340651 0.619642 0 0.335327 0.609957 0 0.330086 0.600424 0 0.324927 0.591039 0 0.319848 0.581801 0 0.314849 0.572708 0 0.309928 0.563757 0 0.305084 0.554945 0 0.300315 0.546271 0 0.295621 0.537733 0 0.291001 0.529328 0 0.286452 0.521055 0 0.281975 0.512911 0 0.277568 0.504894 0 0.27323 0.497003 0 0.268959 0.489235 0 0.264755 0.481588 0 0.260617 0.474061 0 0.256544 0.466651 0 0.252534 0.459358 0 0.248587 0.452178 0 0.244701 0.44511 0 0.240877 0.438153 0 0.46793 0.883766 0 0.460616 0.869952 0 0.453417 0.856355 0 0.44633 0.84297 0 0.439354 0.829795 0 0.432487 0.816825 0 0.425727 0.804058 0 0.419073 0.791491 0 0.412523 0.77912 0 0.406075 0.766942 0 0.399728 0.754955 0 0.393481 0.743155 0 0.38733 0.73154 0 0.381276 0.720106 0 0.375317 0.708851 0 0.369451 0.697772 0 0.363677 0.686865 0 0.357992 0.67613 0 0.352397 0.665562 0 0.346889 0.655159 0 0.341467 0.644919 0 0.33613 0.634839 0 0.330876 0.624917 0 0.325705 0.615149 0 0.320614 0.605535 0 0.315603 0.59607 0 0.31067 0.586754 0 0.305814 0.577583 0 0.301034 0.568555 0 0.296329 0.559669 0 0.291698 0.550921 0 0.287138 0.54231 0 0.282651 0.533834 0 0.278233 0.52549 0 0.273884 0.517277 0 0.269603 0.509192 0 0.265389 0.501233 0 0.261241 0.493399 0 0.257158 0.485687 0 0.253139 0.478096 0 0.249182 0.470623 0 0.245288 0.463268 0 0.241454 0.456027 0 0.23768 0.448899 0 0.233965 0.441883 0 0.45399 0.891007 0 0.446895 0.87708 0 0.43991 0.863371 0 0.433034 0.849877 0 0.426266 0.836594 0 0.419603 0.823518 0 0.413045 0.810646 0 0.406589 0.797976 0 0.400234 0.785504 0 0.393978 0.773226 0 0.387821 0.761141 0 0.381759 0.749244 0 0.375792 0.737534 0 0.369919 0.726006 0 0.364137 0.714659 0 0.358445 0.703489 0 0.352843 0.692493 0 0.347328 0.681669 0 0.341899 0.671015 0 0.336555 0.660527 0 0.331295 0.650203 0 0.326117 0.640041 0 0.32102 0.630037 0 0.316002 0.620189 0 0.311063 0.610496 0 0.306201 0.600954 0 0.301415 0.591561 0 0.296704 0.582315 0 0.292067 0.573213 0 0.287502 0.564254 0 0.283008 0.555435 0 0.278585 0.546753 0 0.274231 0.538208 0 0.269944 0.529796 0 0.265725 0.521515 0 0.261572 0.513364 0 0.257484 0.50534 0 0.253459 0.497442 0 0.249498 0.489667 0 0.245598 0.482013 0 0.241759 0.474479 0 0.237981 0.467063 0 0.234261 0.459763 0 0.230599 0.452577 0 0.226995 0.445503 0 0.439939 0.898028 0 0.433063 0.883991 0 0.426294 0.870175 0 0.419631 0.856574 0 0.413072 0.843186 0 0.406616 0.830007 0 0.400261 0.817034 0 0.394005 0.804264 0 0.387847 0.791693 0 0.381785 0.779319 0 0.375817 0.767138 0 0.369943 0.755148 0 0.364161 0.743345 0 0.358469 0.731727 0 0.352866 0.72029 0 0.347351 0.709032 0 0.341922 0.69795 0 0.336578 0.687041 0 0.331317 0.676303 0 0.326139 0.665732 0 0.321041 0.655327 0 0.316023 0.645084 0 0.311084 0.635001 0 0.306222 0.625076 0 0.301436 0.615306 0 0.296724 0.605689 0 0.292086 0.596222 0 0.287521 0.586904 0 0.283027 0.57773 0 0.278603 0.5687 0 0.274249 0.559812 0 0.269962 0.551062 0 0.265743 0.542449 0 0.261589 0.53397 0 0.257501 0.525624 0 0.253476 0.517409 0 0.249514 0.509322 0 0.245614 0.501361 0 0.241775 0.493525 0 0.237997 0.485811 0 0.234277 0.478218 0 0.230615 0.470744 0 0.22701 0.463386 0 0.223462 0.456143 0 0.21997 0.449014 0 0.425779 0.904827 0 0.419124 0.890685 0 0.412574 0.876763 0 0.406125 0.86306 0 0.399777 0.84957 0 0.393529 0.836291 0 0.387378 0.82322 0 0.381323 0.810353 0 0.375363 0.797688 0 0.369496 0.78522 0 0.363721 0.772947 0 0.358036 0.760866 0 0.35244 0.748974 0 0.346932 0.737267 0 0.341509 0.725744 0 0.336171 0.7144 0 0.330917 0.703234 0 0.325745 0.692243 0 0.320653 0.681423 0 0.315642 0.670773 0 0.310708 0.660289 0 0.305852 0.649968 0 0.301071 0.639809 0 0.296366 0.629809 0 0.291734 0.619965 0 0.287174 0.610275 0 0.282685 0.600737 0 0.278267 0.591347 0 0.273918 0.582105 0 0.269636 0.573006 0 0.265422 0.56405 0 0.261273 0.555234 0 0.25719 0.546556 0 0.25317 0.538013 0 0.249213 0.529604 0 0.245318 0.521327 0 0.241483 0.513178 0 0.237709 0.505157 0 0.233994 0.497262 0 0.230336 0.48949 0 0.226736 0.481839 0 0.223192 0.474308 0 0.219704 0.466895 0 0.21627 0.459597 0 0.21289 0.452414 0 0.411514 0.911403 0 0.405082 0.897158 0 0.398751 0.883136 0 0.392519 0.869332 0 0.386384 0.855745 0 0.380344 0.842369 0 0.3744 0.829203 0 0.368548 0.816243 0 0.362787 0.803485 0 0.357117 0.790927 0 0.351535 0.778565 0 0.346041 0.766396 0 0.340632 0.754417 0 0.335308 0.742626 0 0.330067 0.731018 0 0.324909 0.719593 0 0.31983 0.708345 0 0.314831 0.697274 0 0.309911 0.686376 0 0.305067 0.675648 0 0.300299 0.665087 0 0.295605 0.654692 0 0.290985 0.644459 0 0.286437 0.634387 0 0.28196 0.624471 0 0.277553 0.614711 0 0.273214 0.605103 0 0.268944 0.595645 0 0.264741 0.586335 0 0.260603 0.577171 0 0.256529 0.56815 0 0.25252 0.55927 0 0.248573 0.550528 0 0.244688 0.541924 0 0.240863 0.533453 0 0.237099 0.525116 0 0.233393 0.516908 0 0.229745 0.508829 0 0.226154 0.500876 0 0.222619 0.493047 0 0.21914 0.485341 0 0.215715 0.477755 0 0.212343 0.470288 0 0.209024 0.462937 0 0.205757 0.455702 0 0.397148 0.917755 0 0.390941 0.90341 0 0.38483 0.88929 0 0.378815 0.87539 0 0.372894 0.861708 0 0.367066 0.84824 0 0.361329 0.834982 0 0.355681 0.821931 0 0.350122 0.809084 0 0.34465 0.796439 0 0.339263 0.78399 0 0.33396 0.771737 0 0.32874 0.759674 0 0.323602 0.747801 0 0.318544 0.736113 0 0.313566 0.724607 0 0.308665 0.713282 0 0.30384 0.702133 0 0.299091 0.691159 0 0.294416 0.680356 0 0.289815 0.669722 0 0.285285 0.659255 0 0.280826 0.648951 0 0.276437 0.638807 0 0.272116 0.628823 0 0.267863 0.618995 0 0.263676 0.60932 0 0.259555 0.599796 0 0.255498 0.590421 0 0.251505 0.581193 0 0.247574 0.572109 0 0.243704 0.563167 0 0.239895 0.554365 0 0.236146 0.5457 0 0.232455 0.537171 0 0.228821 0.528775 0 0.225245 0.52051 0 0.221724 0.512375 0 0.218259 0.504366 0 0.214847 0.496483 0 0.211489 0.488723 0 0.208184 0.481084 0 0.20493 0.473565 0 0.201727 0.466163 0 0.198574 0.458877 0 0.382683 0.92388 0 0.376702 0.909439 0 0.370814 0.895225 0 0.365019 0.881233 0 0.359313 0.867459 0 0.353697 0.853901 0 0.348169 0.840554 0 0.342727 0.827417 0 0.33737 0.814484 0 0.332097 0.801754 0 0.326907 0.789222 0 0.321797 0.776887 0 0.316767 0.764744 0 0.311816 0.752791 0 0.306943 0.741025 0 0.302145 0.729443 0 0.297423 0.718042 0 0.292774 0.706819 0 0.288198 0.695772 0 0.283694 0.684897 0 0.279259 0.674192 0 0.274895 0.663654 0 0.270598 0.653281 0 0.266369 0.643071 0 0.262205 0.63302 0 0.258107 0.623126 0 0.254073 0.613386 0 0.250102 0.603799 0 0.246193 0.594362 0 0.242345 0.585072 0 0.238557 0.575927 0 0.234828 0.566926 0 0.231158 0.558065 0 0.227545 0.549342 0 0.223988 0.540756 0 0.220488 0.532304 0 0.217041 0.523984 0 0.213649 0.515794 0 0.21031 0.507732 0 0.207023 0.499797 0 0.203787 0.491985 0 0.200602 0.484295 0 0.197466 0.476726 0 0.19438 0.469274 0 0.191342 0.46194 0 0.368125 0.929776 0 0.362371 0.915244 0 0.356707 0.900939 0 0.351132 0.886857 0 0.345644 0.872996 0 0.340241 0.859351 0 0.334923 0.845919 0 0.329688 0.832698 0 0.324535 0.819683 0 0.319463 0.806871 0 0.31447 0.79426 0 0.309555 0.781846 0 0.304716 0.769626 0 0.299954 0.757596 0 0.295265 0.745755 0 0.29065 0.734099 0 0.286108 0.722625 0 0.281636 0.711331 0 0.277234 0.700213 0 0.272901 0.689268 0 0.268635 0.678495 0 0.264436 0.66789 0 0.260303 0.657451 0 0.256235 0.647175 0 0.25223 0.63706 0 0.248288 0.627103 0 0.244407 0.617301 0 0.240587 0.607653 0 0.236826 0.598155 0 0.233125 0.588806 0 0.229481 0.579603 0 0.225894 0.570544 0 0.222364 0.561627 0 0.218888 0.552848 0 0.215467 0.544207 0 0.212099 0.535702 0 0.208784 0.527329 0 0.205521 0.519086 0 0.202309 0.510973 0 0.199147 0.502987 0 0.196034 0.495125 0 0.19297 0.487386 0 0.189954 0.479769 0 0.186985 0.47227 0 0.184062 0.464888 0 0.353475 0.935444 0 0.34795 0.920823 0 0.342512 0.906431 0 0.337158 0.892263 0 0.331888 0.878317 0 0.326701 0.864589 0 0.321595 0.851076 0 0.316568 0.837774 0 0.31162 0.824679 0 0.30675 0.81179 0 0.301955 0.799101 0 0.297236 0.786612 0 0.29259 0.774317 0 0.288017 0.762214 0 0.283515 0.750301 0 0.279084 0.738574 0 0.274722 0.72703 0 0.270428 0.715667 0 0.266201 0.704481 0 0.26204 0.69347 0 0.257945 0.682631 0 0.253913 0.671962 0 0.249944 0.661459 0 0.246038 0.65112 0 0.242192 0.640943 0 0.238407 0.630925 0 0.234681 0.621064 0 0.231013 0.611357 0 0.227402 0.601801 0 0.223848 0.592395 0 0.220349 0.583136 0 0.216905 0.574022 0 0.213515 0.56505 0 0.210177 0.556218 0 0.206892 0.547525 0 0.203659 0.538967 0 0.200475 0.530543 0 0.197342 0.522251 0 0.194258 0.514088 0 0.191221 0.506053 0 0.188233 0.498143 0 0.185291 0.490357 0 0.182394 0.482693 0 0.179544 0.475149 0 0.176737 0.467722 0 0.338738 0.940881 0 0.333443 0.926175 0 0.328232 0.911699 0 0.323102 0.897449 0 0.318052 0.883422 0 0.31308 0.869614 0 0.308187 0.856022 0 0.30337 0.842643 0 0.298628 0.829472 0 0.293961 0.816508 0 0.289366 0.803746 0 0.284844 0.791183 0 0.280391 0.778817 0 0.276009 0.766644 0 0.271695 0.754662 0 0.267448 0.742866 0 0.263268 0.731255 0 0.259153 0.719826 0 0.255103 0.708575 0 0.251116 0.6975 0 0.247191 0.686598 0 0.243327 0.675867 0 0.239524 0.665303 0 0.23578 0.654905 0 0.232095 0.644668 0 0.228467 0.634592 0 0.224896 0.624674 0 0.221381 0.61491 0 0.217921 0.605299 0 0.214515 0.595838 0 0.211162 0.586525 0 0.207862 0.577358 0 0.204613 0.568334 0 0.201415 0.559451 0 0.198267 0.550707 0 0.195168 0.542099 0 0.192117 0.533626 0 0.189115 0.525286 0 0.186159 0.517076 0 0.183249 0.508994 0 0.180385 0.501038 0 0.177566 0.493207 0 0.17479 0.485498 0 0.172058 0.47791 0 0.169369 0.47044 0 0.323917 0.946085 0 0.318855 0.931298 0 0.313871 0.916742 0 0.308965 0.902413 0 0.304136 0.888309 0 0.299382 0.874425 0 0.294703 0.860757 0 0.290097 0.847304 0 0.285563 0.834061 0 0.281099 0.821024 0 0.276706 0.808192 0 0.272381 0.79556 0 0.268124 0.783125 0 0.263933 0.770885 0 0.259808 0.758836 0 0.255747 0.746976 0 0.25175 0.735301 0 0.247815 0.723808 0 0.243941 0.712495 0 0.240129 0.701359 0 0.236376 0.690396 0 0.232681 0.679606 0 0.229044 0.668983 0 0.225464 0.658527 0 0.22194 0.648235 0 0.218471 0.638103 0 0.215057 0.628129 0 0.211695 0.618312 0 0.208387 0.608647 0 0.20513 0.599134 0 0.201923 0.58977 0 0.198767 0.580552 0 0.195661 0.571478 0 0.192602 0.562546 0 0.189592 0.553753 0 0.186629 0.545098 0 0.183712 0.536578 0 0.18084 0.528192 0 0.178014 0.519936 0 0.175232 0.511809 0 0.172493 0.50381 0 0.169797 0.495935 0 0.167143 0.488184 0 0.16453 0.480554 0 0.161959 0.473043 0 0.309017 0.951057 0 0.304187 0.936192 0 0.299433 0.921559 0 0.294753 0.907155 0 0.290146 0.892976 0 0.285611 0.879019 0 0.281147 0.86528 0 0.276752 0.851756 0 0.272427 0.838443 0 0.268169 0.825338 0 0.263977 0.812438 0 0.259851 0.79974 0 0.25579 0.78724 0 0.251792 0.774936 0 0.247856 0.762823 0 0.243982 0.750901 0 0.240169 0.739164 0 0.236415 0.727611 0 0.23272 0.716239 0 0.229083 0.705044 0 0.225502 0.694024 0 0.221978 0.683176 0 0.218508 0.672499 0 0.215093 0.661987 0 0.211731 0.651641 0 0.208422 0.641456 0 0.205164 0.63143 0 0.201957 0.62156 0 0.198801 0.611846 0 0.195693 0.602282 0 0.192635 0.592869 0 0.189624 0.583602 0 0.18666 0.574481 0 0.183743 0.565502 0 0.180871 0.556663 0 0.178044 0.547962 0 0.175261 0.539398 0 0.172522 0.530967 0 0.169825 0.522668 0 0.167171 0.514499 0 0.164558 0.506457 0 0.161986 0.498541 0 0.159454 0.490749 0 0.156962 0.483079 0 0.154508 0.475528 0 0.29404 0.955793 0 0.289445 0.940854 0 0.284921 0.926149 0 0.280467 0.911673 0 0.276084 0.897424 0 0.271768 0.883397 0 0.267521 0.86959 0 0.263339 0.855998 0 0.259223 0.842619 0 0.255172 0.829449 0 0.251183 0.816484 0 0.247257 0.803723 0 0.243393 0.791161 0 0.239589 0.778795 0 0.235844 0.766623 0 0.232158 0.75464 0 0.228529 0.742845 0 0.224957 0.731235 0 0.221441 0.719806 0 0.21798 0.708555 0 0.214573 0.69748 0 0.211219 0.686579 0 0.207918 0.675848 0 0.204668 0.665284 0 0.201469 0.654886 0 0.19832 0.64465 0 0.195221 0.634574 0 0.192169 0.624656 0 0.189166 0.614893 0 0.186209 0.605282 0 0.183299 0.595821 0 0.180434 0.586509 0 0.177614 0.577342 0 0.174837 0.568318 0 0.172105 0.559435 0 0.169415 0.550691 0 0.166767 0.542084 0 0.16416 0.533611 0 0.161594 0.525271 0 0.159069 0.517061 0 0.156583 0.508979 0 0.154135 0.501024 0 0.151726 0.493193 0 0.149355 0.485485 0 0.14702 0.477897 0 0.278991 0.960294 0 0.274631 0.945284 0 0.270338 0.93051 0 0.266113 0.915966 0 0.261953 0.901649 0 0.257859 0.887557 0 0.253829 0.873684 0 0.249861 0.860029 0 0.245956 0.846587 0 0.242112 0.833354 0 0.238328 0.820329 0 0.234603 0.807508 0 0.230936 0.794886 0 0.227326 0.782462 0 0.223773 0.770232 0 0.220276 0.758194 0 0.216833 0.746343 0 0.213444 0.734678 0 0.210108 0.723195 0 0.206824 0.711892 0 0.203591 0.700765 0 0.200409 0.689812 0 0.197277 0.67903 0 0.194193 0.668417 0 0.191158 0.65797 0 0.18817 0.647686 0 0.185229 0.637562 0 0.182334 0.627597 0 0.179484 0.617788 0 0.176679 0.608132 0 0.173917 0.598627 0 0.171199 0.589271 0 0.168523 0.58006 0 0.165889 0.570994 0 0.163296 0.562069 0 0.160744 0.553284 0 0.158232 0.544637 0 0.155758 0.536124 0 0.153324 0.527744 0 0.150927 0.519496 0 0.148568 0.511376 0 0.146246 0.503383 0 0.143961 0.495516 0 0.14171 0.487771 0 0.139496 0.480147 0 0.263873 0.964557 0 0.259749 0.949481 0 0.255689 0.934641 0 0.251692 0.920033 0 0.247759 0.905653 0 0.243886 0.891498 0 0.240074 0.877563 0 0.236322 0.863847 0 0.232628 0.850345 0 0.228992 0.837055 0 0.225413 0.823971 0 0.22189 0.811093 0 0.218422 0.798416 0 0.215008 0.785936 0 0.211647 0.773652 0 0.208339 0.76156 0 0.205083 0.749657 0 0.201878 0.73794 0 0.198722 0.726406 0 0.195616 0.715052 0 0.192559 0.703876 0 0.189549 0.692875 0 0.186586 0.682045 0 0.18367 0.671385 0 0.180799 0.660891 0 0.177973 0.650561 0 0.175192 0.640393 0 0.172454 0.630384 0 0.169758 0.620531 0 0.167105 0.610832 0 0.164493 0.601285 0 0.161922 0.591887 0 0.159391 0.582636 0 0.1569 0.573529 0 0.154448 0.564565 0 0.152034 0.555741 0 0.149657 0.547055 0 0.147318 0.538504 0 0.145016 0.530088 0 0.142749 0.521802 0 0.140518 0.513647 0 0.138322 0.505618 0 0.13616 0.497716 0 0.134031 0.489936 0 0.131937 0.482279 0 0.24869 0.968583 0 0.244803 0.953444 0 0.240977 0.938542 0 0.23721 0.923873 0 0.233503 0.909433 0 0.229853 0.895218 0 0.22626 0.881226 0 0.222724 0.867453 0 0.219243 0.853894 0 0.215816 0.840548 0 0.212443 0.82741 0 0.209122 0.814478 0 0.205854 0.801748 0 0.202636 0.789217 0 0.199469 0.776881 0 0.196352 0.764739 0 0.193283 0.752786 0 0.190262 0.74102 0 0.187288 0.729438 0 0.184361 0.718037 0 0.181479 0.706814 0 0.178642 0.695766 0 0.17585 0.684892 0 0.173102 0.674187 0 0.170396 0.663649 0 0.167733 0.653277 0 0.165111 0.643066 0 0.162531 0.633015 0 0.15999 0.623121 0 0.15749 0.613382 0 0.155028 0.603795 0 0.152605 0.594357 0 0.15022 0.585068 0 0.147872 0.575923 0 0.145561 0.566921 0 0.143286 0.55806 0 0.141046 0.549338 0 0.138841 0.540752 0 0.136671 0.5323 0 0.134535 0.52398 0 0.132432 0.51579 0 0.130363 0.507729 0 0.128325 0.499793 0 0.126319 0.491981 0 0.124345 0.484292 0 0.233445 0.97237 0 0.229797 0.957172 0 0.226205 0.942211 0 0.222669 0.927485 0 0.219189 0.912988 0 0.215763 0.898718 0 0.212391 0.884671 0 0.209071 0.870844 0 0.205803 0.857233 0 0.202587 0.843834 0 0.19942 0.830645 0 0.196303 0.817662 0 0.193235 0.804882 0 0.190215 0.792302 0 0.187242 0.779919 0 0.184315 0.767728 0 0.181434 0.755729 0 0.178599 0.743917 0 0.175807 0.73229 0 0.173059 0.720844 0 0.170354 0.709577 0 0.167692 0.698487 0 0.165071 0.687569 0 0.162491 0.676823 0 0.159951 0.666244 0 0.157451 0.655831 0 0.15499 0.64558 0 0.152568 0.63549 0 0.150183 0.625557 0 0.147836 0.61578 0 0.145525 0.606155 0 0.14325 0.596681 0 0.141011 0.587355 0 0.138807 0.578175 0 0.136638 0.569138 0 0.134502 0.560242 0 0.1324 0.551486 0 0.130331 0.542866 0 0.128294 0.534381 0 0.126288 0.526029 0 0.124314 0.517807 0 0.122371 0.509714 0 0.120459 0.501747 0 0.118576 0.493905 0 0.116723 0.486185 0 0.218143 0.975917 0 0.214734 0.960663 0 0.211377 0.945648 0 0.208074 0.930868 0 0.204821 0.916318 0 0.20162 0.901996 0 0.198469 0.887898 0 0.195367 0.874021 0 0.192313 0.86036 0 0.189307 0.846912 0 0.186348 0.833675 0 0.183436 0.820645 0 0.180569 0.807818 0 0.177747 0.795192 0 0.174968 0.782763 0 0.172234 0.770529 0 0.169542 0.758486 0 0.166892 0.746631 0 0.164283 0.734961 0 0.161715 0.723473 0 0.159188 0.712166 0 0.1567 0.701034 0 0.154251 0.690077 0 0.15184 0.679292 0 0.149466 0.668674 0 0.14713 0.658223 0 0.144831 0.647935 0 0.142567 0.637808 0 0.140339 0.627839 0 0.138145 0.618026 0 0.135986 0.608366 0 0.133861 0.598857 0 0.131768 0.589497 0 0.129709 0.580284 0 0.127681 0.571214 0 0.125686 0.562286 0 0.123721 0.553497 0 0.121788 0.544846 0 0.119884 0.53633 0 0.11801 0.527947 0 0.116166 0.519696 0 0.11435 0.511573 0 0.112563 0.503577 0 0.110803 0.495706 0 0.109072 0.487958 0 0.202787 0.979223 0 0.199618 0.963918 0 0.196498 0.948852 0 0.193426 0.934021 0 0.190403 0.919423 0 0.187427 0.905052 0 0.184498 0.890906 0 0.181614 0.876981 0 0.178776 0.863274 0 0.175981 0.849781 0 0.173231 0.836499 0 0.170523 0.823425 0 0.167858 0.810555 0 0.165234 0.797886 0 0.162652 0.785415 0 0.160109 0.773139 0 0.157607 0.761055 0 0.155144 0.74916 0 0.152719 0.737451 0 0.150332 0.725924 0 0.147982 0.714578 0 0.145669 0.703409 0 0.143392 0.692415 0 0.141151 0.681593 0 0.138945 0.670939 0 0.136773 0.660453 0 0.134635 0.65013 0 0.132531 0.639968 0 0.13046 0.629966 0 0.128421 0.620119 0 0.126413 0.610427 0 0.124438 0.600886 0 0.122493 0.591494 0 0.120578 0.582249 0 0.118693 0.573149 0 0.116838 0.564191 0 0.115012 0.555372 0 0.113214 0.546692 0 0.111445 0.538147 0 0.109703 0.529736 0 0.107988 0.521456 0 0.106301 0.513306 0 0.104639 0.505283 0 0.103004 0.497385 0 0.101394 0.489611 0 0.187381 0.982287 0 0.184453 0.966934 0 0.18157 0.951821 0 0.178732 0.936944 0 0.175938 0.9223 0 0.173188 0.907884 0 0.170481 0.893694 0 0.167817 0.879726 0 0.165194 0.865976 0 0.162612 0.852441 0 0.16007 0.839117 0 0.157568 0.826002 0 0.155105 0.813091 0 0.152681 0.800383 0 0.150295 0.787873 0 0.147946 0.775559 0 0.145633 0.763437 0 0.143357 0.751504 0 0.141116 0.739758 0 0.138911 0.728196 0 0.13674 0.716814 0 0.134602 0.705611 0 0.132499 0.694582 0 0.130428 0.683726 0 0.128389 0.673039 0 0.126382 0.66252 0 0.124407 0.652164 0 0.122463 0.641971 0 0.120548 0.631937 0 0.118664 0.62206 0 0.11681 0.612337 0 0.114984 0.602767 0 0.113187 0.593345 0 0.111418 0.584071 0 0.109676 0.574943 0 0.107962 0.565956 0 0.106274 0.55711 0 0.104613 0.548403 0 0.102978 0.539831 0 0.101369 0.531394 0 0.0997844 0.523088 0 0.0982248 0.514912 0 0.0966895 0.506864 0 0.0951783 0.498942 0 0.0936907 0.491144 0 0.171929 0.985109 0 0.169242 0.969712 0 0.166597 0.954556 0 0.163993 0.939636 0 0.16143 0.92495 0 0.158906 0.910493 0 0.156423 0.896262 0 0.153978 0.882253 0 0.151571 0.868464 0 0.149202 0.85489 0 0.14687 0.841528 0 0.144575 0.828375 0 0.142315 0.815427 0 0.140091 0.802682 0 0.137901 0.790137 0 0.135746 0.777787 0 0.133624 0.76563 0 0.131535 0.753663 0 0.129479 0.741884 0 0.127456 0.730288 0 0.125464 0.718874 0 0.123503 0.707638 0 0.121572 0.696577 0 0.119672 0.68569 0 0.117802 0.674973 0 0.11596 0.664423 0 0.114148 0.654038 0 0.112364 0.643816 0 0.110608 0.633753 0 0.108879 0.623847 0 0.107177 0.614097 0 0.105502 0.604498 0 0.103853 0.59505 0 0.10223 0.58575 0 0.100632 0.576594 0 0.0990589 0.567582 0 0.0975107 0.558711 0 0.0959866 0.549978 0 0.0944863 0.541382 0 0.0930095 0.53292 0 0.0915558 0.524591 0 0.0901248 0.516392 0 0.0887161 0.50832 0 0.0873295 0.500375 0 0.0859646 0.492555 0 0.156434 0.987688 0 0.153989 0.972251 0 0.151583 0.957055 0 0.149213 0.942096 0 0.146881 0.927371 0 0.144585 0.912876 0 0.142326 0.898608 0 0.140101 0.884563 0 0.137911 0.870737 0 0.135756 0.857128 0 0.133634 0.843731 0 0.131545 0.830544 0 0.129489 0.817562 0 0.127465 0.804784 0 0.125473 0.792205 0 0.123512 0.779823 0 0.121581 0.767634 0 0.119681 0.755636 0 0.11781 0.743826 0 0.115969 0.7322 0 0.114156 0.720756 0 0.112372 0.70949 0 0.110616 0.698401 0 0.108887 0.687485 0 0.107185 0.67674 0 0.10551 0.666162 0 0.103861 0.65575 0 0.102237 0.645501 0 0.100639 0.635412 0 0.0990664 0.625481 0 0.097518 0.615704 0 0.0959938 0.606081 0 0.0944934 0.596608 0 0.0930165 0.587283 0 0.0915627 0.578104 0 0.0901315 0.569068 0 0.0887228 0.560174 0 0.0873361 0.551418 0 0.085971 0.5428 0 0.0846273 0.534316 0 0.0833046 0.525964 0 0.0820025 0.517744 0 0.0807208 0.509651 0 0.0794592 0.501685 0 0.0782172 0.493844 0 0.140901 0.990024 0 0.138699 0.97455 0 0.136531 0.959318 0 0.134397 0.944324 0 0.132297 0.929564 0 0.130229 0.915035 0 0.128193 0.900733 0 0.12619 0.886655 0 0.124217 0.872796 0 0.122276 0.859154 0 0.120365 0.845726 0 0.118483 0.832507 0 0.116631 0.819495 0 0.114809 0.806687 0 0.113014 0.794078 0 0.111248 0.781667 0 0.109509 0.769449 0 0.107797 0.757423 0 0.106112 0.745585 0 0.104454 0.733931 0 0.102821 0.72246 0 0.101214 0.711168 0 0.0996322 0.700052 0 0.098075 0.689111 0 0.0965421 0.67834 0 0.0950331 0.667738 0 0.0935478 0.657301 0 0.0920856 0.647027 0 0.0906463 0.636914 0 0.0892295 0.626959 0 0.0878349 0.61716 0 0.086462 0.607514 0 0.0851106 0.598019 0 0.0837804 0.588672 0 0.0824709 0.579471 0 0.0811819 0.570414 0 0.079913 0.561498 0 0.078664 0.552722 0 0.0774345 0.544083 0 0.0762242 0.535579 0 0.0750328 0.527208 0 0.07386 0.518968 0 0.0727056 0.510856 0 0.0715692 0.502872 0 0.0704506 0.495012 0 0.125333 0.992115 0 0.123374 0.976608 0 0.121446 0.961344 0 0.119548 0.946318 0 0.117679 0.931527 0 0.11584 0.916967 0 0.114029 0.902635 0 0.112247 0.888527 0 0.110493 0.87464 0 0.108766 0.860969 0 0.107066 0.847512 0 0.105392 0.834266 0 0.103745 0.821226 0 0.102123 0.808391 0 0.100527 0.795755 0 0.0989561 0.783318 0 0.0974094 0.771075 0 0.0958869 0.759023 0 0.0943882 0.747159 0 0.0929129 0.735481 0 0.0914607 0.723986 0 0.0900312 0.71267 0 0.088624 0.701531 0 0.0872388 0.690566 0 0.0858753 0.679773 0 0.084533 0.669148 0 0.0832118 0.658689 0 0.0819112 0.648394 0 0.0806309 0.63826 0 0.0793707 0.628284 0 0.0781301 0.618464 0 0.076909 0.608797 0 0.0757069 0.599282 0 0.0745236 0.589915 0 0.0733588 0.580695 0 0.0722122 0.571618 0 0.0710835 0.562684 0 0.0699725 0.553889 0 0.0688788 0.545232 0 0.0678023 0.53671 0 0.0667425 0.528321 0 0.0656993 0.520064 0 0.0646725 0.511935 0 0.0636616 0.503934 0 0.0626666 0.496057 0 0.109734 0.993961 0 0.108019 0.978425 0 0.106331 0.963133 0 0.104669 0.948079 0 0.103033 0.933261 0 0.101423 0.918674 0 0.0998373 0.904315 0 0.0982769 0.890181 0 0.0967408 0.876267 0 0.0952288 0.862571 0 0.0937403 0.849089 0 0.0922752 0.835818 0 0.0908329 0.822754 0 0.0894132 0.809895 0 0.0880157 0.797236 0 0.08664 0.784776 0 0.0852859 0.77251 0 0.0839528 0.760435 0 0.0826407 0.74855 0 0.081349 0.73685 0 0.0800775 0.725333 0 0.0788259 0.713996 0 0.0775939 0.702837 0 0.0763811 0.691851 0 0.0751873 0.681038 0 0.0740121 0.670393 0 0.0728553 0.659915 0 0.0717166 0.649601 0 0.0705956 0.639447 0 0.0694922 0.629453 0 0.0684061 0.619615 0 0.0673369 0.60993 0 0.0662844 0.600397 0 0.0652484 0.591013 0 0.0642286 0.581775 0 0.0632247 0.572682 0 0.0622365 0.563731 0 0.0612638 0.55492 0 0.0603062 0.546247 0 0.0593636 0.537709 0 0.0584358 0.529305 0 0.0575224 0.521032 0 0.0566234 0.512888 0 0.0557383 0.504872 0 0.0548672 0.49698 0 0.0941083 0.995562 0 0.0926374 0.980001 0 0.0911895 0.964684 0 0.0897642 0.949606 0 0.0883612 0.934764 0 0.0869801 0.920154 0 0.0856206 0.905772 0 0.0842824 0.891615 0 0.0829651 0.877679 0 0.0816683 0.863961 0 0.0803919 0.850457 0 0.0791353 0.837164 0 0.0778985 0.82408 0 0.0766809 0.811199 0 0.0754824 0.79852 0 0.0743026 0.78604 0 0.0731413 0.773754 0 0.0719981 0.76166 0 0.0708728 0.749756 0 0.069765 0.738037 0 0.0686746 0.726501 0 0.0676012 0.715146 0 0.0665446 0.703969 0 0.0655045 0.692966 0 0.0644807 0.682135 0 0.0634729 0.671473 0 0.0624808 0.660978 0 0.0615042 0.650647 0 0.0605429 0.640477 0 0.0595967 0.630467 0 0.0586652 0.620613 0 0.0577482 0.610912 0 0.0568456 0.601364 0 0.0559571 0.591965 0 0.0550825 0.582712 0 0.0542216 0.573605 0 0.0533741 0.564639 0 0.0525399 0.555814 0 0.0517187 0.547127 0 0.0509103 0.538575 0 0.0501146 0.530157 0 0.0493313 0.521871 0 0.0485603 0.513714 0 0.0478013 0.505685 0 0.0470542 0.497781 0 0.0784591 0.996917 0 0.0772328 0.981336 0 0.0760256 0.965997 0 0.0748374 0.950899 0 0.0736677 0.936037 0 0.0725163 0.921406 0 0.0713828 0.907005 0 0.0702671 0.892828 0 0.0691689 0.878874 0 0.0680877 0.865137 0 0.0670235 0.851615 0 0.065976 0.838304 0 0.0649448 0.825202 0 0.0639297 0.812304 0 0.0629305 0.799608 0 0.0619469 0.78711 0 0.0609787 0.774807 0 0.0600256 0.762697 0 0.0590874 0.750776 0 0.0581638 0.739042 0 0.0572547 0.727491 0 0.0563599 0.71612 0 0.055479 0.704927 0 0.0546118 0.693909 0 0.0537582 0.683063 0 0.052918 0.672387 0 0.0520909 0.661878 0 0.0512767 0.651533 0 0.0504753 0.641349 0 0.0496864 0.631325 0 0.0489098 0.621457 0 0.0481453 0.611744 0 0.0473928 0.602183 0 0.0466521 0.592771 0 0.0459229 0.583506 0 0.0452051 0.574386 0 0.0444986 0.565408 0 0.0438031 0.556571 0 0.0431184 0.547871 0 0.0424445 0.539308 0 0.0417811 0.530879 0 0.041128 0.522581 0 0.0404852 0.514413 0 0.0398524 0.506373 0 0.0392295 0.498459 0 0.0627905 0.998027 0 0.0618091 0.982428 0 0.060843 0.967072 0 0.0598921 0.951957 0 0.058956 0.937078 0 0.0580345 0.922432 0 0.0571274 0.908014 0 0.0562345 0.893822 0 0.0553556 0.879852 0 0.0544904 0.8661 0 0.0536387 0.852563 0 0.0528003 0.839237 0 0.0519751 0.82612 0 0.0511627 0.813208 0 0.050363 0.800497 0 0.0495759 0.787986 0 0.048801 0.77567 0 0.0480382 0.763546 0 0.0472874 0.751612 0 0.0465483 0.739864 0 0.0458208 0.7283 0 0.0451046 0.716917 0 0.0443996 0.705711 0 0.0437056 0.694681 0 0.0430225 0.683823 0 0.0423501 0.673135 0 0.0416882 0.662614 0 0.0410366 0.652258 0 0.0403952 0.642063 0 0.0397638 0.632028 0 0.0391423 0.622149 0 0.0385305 0.612425 0 0.0379283 0.602853 0 0.0373355 0.59343 0 0.0367519 0.584155 0 0.0361775 0.575025 0 0.035612 0.566037 0 0.0350554 0.55719 0 0.0345075 0.548481 0 0.0339682 0.539908 0 0.0334372 0.53147 0 0.0329146 0.523163 0 0.0324002 0.514986 0 0.0318938 0.506937 0 0.0313953 0.499013 0 0.0471065 0.99889 0 0.0463702 0.983277 0 0.0456454 0.967909 0 0.044932 0.95278 0 0.0442297 0.937889 0 0.0435384 0.923229 0 0.0428579 0.908799 0 0.042188 0.894595 0 0.0415286 0.880613 0 0.0408795 0.866849 0 0.0402406 0.8533 0 0.0396116 0.839963 0 0.0389925 0.826834 0 0.0383831 0.813911 0 0.0377831 0.80119 0 0.0371926 0.788667 0 0.0366113 0.77634 0 0.0360391 0.764206 0 0.0354758 0.752262 0 0.0349213 0.740504 0 0.0343755 0.72893 0 0.0338382 0.717537 0 0.0333093 0.706322 0 0.0327887 0.695282 0 0.0322762 0.684415 0 0.0317717 0.673718 0 0.0312751 0.663187 0 0.0307863 0.652822 0 0.0303051 0.642618 0 0.0298314 0.632574 0 0.0293652 0.622687 0 0.0289062 0.612955 0 0.0284544 0.603374 0 0.0280097 0.593943 0 0.0275719 0.58466 0 0.0271409 0.575522 0 0.0267167 0.566527 0 0.0262991 0.557672 0 0.0258881 0.548956 0 0.0254835 0.540375 0 0.0250852 0.531929 0 0.0246931 0.523615 0 0.0243071 0.515431 0 0.0239272 0.507375 0 0.0235532 0.499445 0 0.0314108 0.999507 0 0.0309198 0.983884 0 0.0304365 0.968506 0 0.0299608 0.953369 0 0.0294925 0.938468 0 0.0290316 0.923799 0 0.0285778 0.909361 0 0.0281311 0.895147 0 0.0276915 0.881156 0 0.0272586 0.867384 0 0.0268326 0.853827 0 0.0264132 0.840481 0 0.0260004 0.827345 0 0.025594 0.814414 0 0.0251939 0.801684 0 0.0248002 0.789154 0 0.0244125 0.77682 0 0.024031 0.764678 0 0.0236554 0.752726 0 0.0232856 0.740961 0 0.0229217 0.72938 0 0.0225634 0.71798 0 0.0222108 0.706758 0 0.0218636 0.695711 0 0.0215219 0.684837 0 0.0211855 0.674133 0 0.0208544 0.663597 0 0.0205284 0.653225 0 0.0202076 0.643015 0 0.0198917 0.632965 0 0.0195808 0.623072 0 0.0192748 0.613333 0 0.0189735 0.603747 0 0.0186769 0.59431 0 0.018385 0.585021 0 0.0180977 0.575877 0 0.0178148 0.566876 0 0.0175364 0.558016 0 0.0172623 0.549294 0 0.0169925 0.540709 0 0.0167269 0.532258 0 0.0164654 0.523939 0 0.0162081 0.51575 0 0.0159548 0.507688 0 0.0157054 0.499753 0 0.0157073 0.999877 0 0.0154618 0.984249 0 0.0152201 0.968865 0 0.0149823 0.953722 0 0.0147481 0.938815 0 0.0145176 0.924141 0 0.0142907 0.909697 0 0.0140673 0.895479 0 0.0138474 0.881482 0 0.013631 0.867705 0 0.0134179 0.854143 0 0.0132082 0.840793 0 0.0130018 0.827651 0 0.0127986 0.814715 0 0.0125985 0.801981 0 0.0124016 0.789446 0 0.0122078 0.777107 0 0.012017 0.764961 0 0.0118291 0.753005 0 0.0116443 0.741235 0 0.0114623 0.72965 0 0.0112831 0.718246 0 0.0111068 0.70702 0 0.0109332 0.695969 0 0.0107623 0.685091 0 0.0105941 0.674383 0 0.0104285 0.663843 0 0.0102655 0.653467 0 0.010105 0.643253 0 0.00994709 0.633199 0 0.00979161 0.623302 0 0.00963857 0.61356 0 0.00948792 0.60397 0 0.00933963 0.59453 0 0.00919365 0.585238 0 0.00904995 0.576091 0 0.0089085 0.567086 0 0.00876926 0.558223 0 0.0086322 0.549498 0 0.00849728 0.540909 0 0.00836447 0.532455 0 0.00823373 0.524133 0 0.00810504 0.51594 0 0.00797836 0.507876 0 0.00785366 0.499938 0 6.12323e-17 1 0 6.02753e-17 0.98437 0 5.93332e-17 0.968984 0 5.84058e-17 0.953839 0 5.74929e-17 0.938931 0 5.65943e-17 0.924256 0 5.57098e-17 0.909809 0 5.4839e-17 0.895589 0 5.39819e-17 0.881591 0 5.31382e-17 0.867812 0 5.23076e-17 0.854248 0 5.14901e-17 0.840896 0 5.06853e-17 0.827753 0 4.98931e-17 0.814816 0 4.91132e-17 0.80208 0 4.83456e-17 0.789544 0 4.759e-17 0.777203 0 4.68461e-17 0.765056 0 4.61139e-17 0.753098 0 4.53932e-17 0.741327 0 4.46837e-17 0.72974 0 4.39853e-17 0.718334 0 4.32978e-17 0.707107 0 4.26211e-17 0.696055 0 4.19549e-17 0.685175 0 4.12991e-17 0.674466 0 4.06536e-17 0.663924 0 4.00182e-17 0.653547 0 3.93928e-17 0.643332 0 3.8777e-17 0.633277 0 3.8171e-17 0.623379 0 3.75744e-17 0.613636 0 3.69871e-17 0.604045 0 3.6409e-17 0.594604 0 3.58399e-17 0.58531 0 3.52797e-17 0.576162 0 3.47283e-17 0.567156 0 3.41855e-17 0.558292 0 3.36512e-17 0.549566 0 3.31252e-17 0.540976 0 3.26075e-17 0.532521 0 3.20978e-17 0.524197 0 3.15961e-17 0.516004 0 3.11023e-17 0.507939 0 3.06162e-17 0.5 0 -0.0157073 0.999877 0 -0.0154618 0.984249 0 -0.0152201 0.968865 0 -0.0149823 0.953722 0 -0.0147481 0.938815 0 -0.0145176 0.924141 0 -0.0142907 0.909697 0 -0.0140673 0.895479 0 -0.0138474 0.881482 0 -0.013631 0.867705 0 -0.0134179 0.854143 0 -0.0132082 0.840793 0 -0.0130018 0.827651 0 -0.0127986 0.814715 0 -0.0125985 0.801981 0 -0.0124016 0.789446 0 -0.0122078 0.777107 0 -0.012017 0.764961 0 -0.0118291 0.753005 0 -0.0116443 0.741235 0 -0.0114623 0.72965 0 -0.0112831 0.718246 0 -0.0111068 0.70702 0 -0.0109332 0.695969 0 -0.0107623 0.685091 0 -0.0105941 0.674383 0 -0.0104285 0.663843 0 -0.0102655 0.653467 0 -0.010105 0.643253 0 -0.00994709 0.633199 0 -0.00979161 0.623302 0 -0.00963857 0.61356 0 -0.00948792 0.60397 0 -0.00933963 0.59453 0 -0.00919365 0.585238 0 -0.00904995 0.576091 0 -0.0089085 0.567086 0 -0.00876926 0.558223 0 -0.0086322 0.549498 0 -0.00849728 0.540909 0 -0.00836447 0.532455 0 -0.00823373 0.524133 0 -0.00810504 0.51594 0 -0.00797836 0.507876 0 -0.00785366 0.499938 0 -0.0314108 0.999507 0 -0.0309198 0.983884 0 -0.0304365 0.968506 0 -0.0299608 0.953369 0 -0.0294925 0.938468 0 -0.0290316 0.923799 0 -0.0285778 0.909361 0 -0.0281311 0.895147 0 -0.0276915 0.881156 0 -0.0272586 0.867384 0 -0.0268326 0.853827 0 -0.0264132 0.840481 0 -0.0260004 0.827345 0 -0.025594 0.814414 0 -0.0251939 0.801684 0 -0.0248002 0.789154 0 -0.0244125 0.77682 0 -0.024031 0.764678 0 -0.0236554 0.752726 0 -0.0232856 0.740961 0 -0.0229217 0.72938 0 -0.0225634 0.71798 0 -0.0222108 0.706758 0 -0.0218636 0.695711 0 -0.0215219 0.684837 0 -0.0211855 0.674133 0 -0.0208544 0.663597 0 -0.0205284 0.653225 0 -0.0202076 0.643015 0 -0.0198917 0.632965 0 -0.0195808 0.623072 0 -0.0192748 0.613333 0 -0.0189735 0.603747 0 -0.0186769 0.59431 0 -0.018385 0.585021 0 -0.0180977 0.575877 0 -0.0178148 0.566876 0 -0.0175364 0.558016 0 -0.0172623 0.549294 0 -0.0169925 0.540709 0 -0.0167269 0.532258 0 -0.0164654 0.523939 0 -0.0162081 0.51575 0 -0.0159548 0.507688 0 -0.0157054 0.499753 0 -0.0471065 0.99889 0 -0.0463702 0.983277 0 -0.0456454 0.967909 0 -0.044932 0.95278 0 -0.0442297 0.937889 0 -0.0435384 0.923229 0 -0.0428579 0.908799 0 -0.042188 0.894595 0 -0.0415286 0.880613 0 -0.0408795 0.866849 0 -0.0402406 0.8533 0 -0.0396116 0.839963 0 -0.0389925 0.826834 0 -0.0383831 0.813911 0 -0.0377831 0.80119 0 -0.0371926 0.788667 0 -0.0366113 0.77634 0 -0.0360391 0.764206 0 -0.0354758 0.752262 0 -0.0349213 0.740504 0 -0.0343755 0.72893 0 -0.0338382 0.717537 0 -0.0333093 0.706322 0 -0.0327887 0.695282 0 -0.0322762 0.684415 0 -0.0317717 0.673718 0 -0.0312751 0.663187 0 -0.0307863 0.652822 0 -0.0303051 0.642618 0 -0.0298314 0.632574 0 -0.0293652 0.622687 0 -0.0289062 0.612955 0 -0.0284544 0.603374 0 -0.0280097 0.593943 0 -0.0275719 0.58466 0 -0.0271409 0.575522 0 -0.0267167 0.566527 0 -0.0262991 0.557672 0 -0.0258881 0.548956 0 -0.0254835 0.540375 0 -0.0250852 0.531929 0 -0.0246931 0.523615 0 -0.0243071 0.515431 0 -0.0239272 0.507375 0 -0.0235532 0.499445 0 -0.0627905 0.998027 0 -0.0618091 0.982428 0 -0.060843 0.967072 0 -0.0598921 0.951957 0 -0.058956 0.937078 0 -0.0580345 0.922432 0 -0.0571274 0.908014 0 -0.0562345 0.893822 0 -0.0553556 0.879852 0 -0.0544904 0.8661 0 -0.0536387 0.852563 0 -0.0528003 0.839237 0 -0.0519751 0.82612 0 -0.0511627 0.813208 0 -0.050363 0.800497 0 -0.0495759 0.787986 0 -0.048801 0.77567 0 -0.0480382 0.763546 0 -0.0472874 0.751612 0 -0.0465483 0.739864 0 -0.0458208 0.7283 0 -0.0451046 0.716917 0 -0.0443996 0.705711 0 -0.0437056 0.694681 0 -0.0430225 0.683823 0 -0.0423501 0.673135 0 -0.0416882 0.662614 0 -0.0410366 0.652258 0 -0.0403952 0.642063 0 -0.0397638 0.632028 0 -0.0391423 0.622149 0 -0.0385305 0.612425 0 -0.0379283 0.602853 0 -0.0373355 0.59343 0 -0.0367519 0.584155 0 -0.0361775 0.575025 0 -0.035612 0.566037 0 -0.0350554 0.55719 0 -0.0345075 0.548481 0 -0.0339682 0.539908 0 -0.0334372 0.53147 0 -0.0329146 0.523163 0 -0.0324002 0.514986 0 -0.0318938 0.506937 0 -0.0313953 0.499013 0 -0.0784591 0.996917 0 -0.0772328 0.981336 0 -0.0760256 0.965997 0 -0.0748374 0.950899 0 -0.0736677 0.936037 0 -0.0725163 0.921406 0 -0.0713828 0.907005 0 -0.0702671 0.892828 0 -0.0691689 0.878874 0 -0.0680877 0.865137 0 -0.0670235 0.851615 0 -0.065976 0.838304 0 -0.0649448 0.825202 0 -0.0639297 0.812304 0 -0.0629305 0.799608 0 -0.0619469 0.78711 0 -0.0609787 0.774807 0 -0.0600256 0.762697 0 -0.0590874 0.750776 0 -0.0581638 0.739042 0 -0.0572547 0.727491 0 -0.0563599 0.71612 0 -0.055479 0.704927 0 -0.0546118 0.693909 0 -0.0537582 0.683063 0 -0.052918 0.672387 0 -0.0520909 0.661878 0 -0.0512767 0.651533 0 -0.0504753 0.641349 0 -0.0496864 0.631325 0 -0.0489098 0.621457 0 -0.0481453 0.611744 0 -0.0473928 0.602183 0 -0.0466521 0.592771 0 -0.0459229 0.583506 0 -0.0452051 0.574386 0 -0.0444986 0.565408 0 -0.0438031 0.556571 0 -0.0431184 0.547871 0 -0.0424445 0.539308 0 -0.0417811 0.530879 0 -0.041128 0.522581 0 -0.0404852 0.514413 0 -0.0398524 0.506373 0 -0.0392295 0.498459 0 -0.0941083 0.995562 0 -0.0926374 0.980001 0 -0.0911895 0.964684 0 -0.0897642 0.949606 0 -0.0883612 0.934764 0 -0.0869801 0.920154 0 -0.0856206 0.905772 0 -0.0842824 0.891615 0 -0.0829651 0.877679 0 -0.0816683 0.863961 0 -0.0803919 0.850457 0 -0.0791353 0.837164 0 -0.0778985 0.82408 0 -0.0766809 0.811199 0 -0.0754824 0.79852 0 -0.0743026 0.78604 0 -0.0731413 0.773754 0 -0.0719981 0.76166 0 -0.0708728 0.749756 0 -0.069765 0.738037 0 -0.0686746 0.726501 0 -0.0676012 0.715146 0 -0.0665446 0.703969 0 -0.0655045 0.692966 0 -0.0644807 0.682135 0 -0.0634729 0.671473 0 -0.0624808 0.660978 0 -0.0615042 0.650647 0 -0.0605429 0.640477 0 -0.0595967 0.630467 0 -0.0586652 0.620613 0 -0.0577482 0.610912 0 -0.0568456 0.601364 0 -0.0559571 0.591965 0 -0.0550825 0.582712 0 -0.0542216 0.573605 0 -0.0533741 0.564639 0 -0.0525399 0.555814 0 -0.0517187 0.547127 0 -0.0509103 0.538575 0 -0.0501146 0.530157 0 -0.0493313 0.521871 0 -0.0485603 0.513714 0 -0.0478013 0.505685 0 -0.0470542 0.497781 0 -0.109734 0.993961 0 -0.108019 0.978425 0 -0.106331 0.963133 0 -0.104669 0.948079 0 -0.103033 0.933261 0 -0.101423 0.918674 0 -0.0998373 0.904315 0 -0.0982769 0.890181 0 -0.0967408 0.876267 0 -0.0952288 0.862571 0 -0.0937403 0.849089 0 -0.0922752 0.835818 0 -0.0908329 0.822754 0 -0.0894132 0.809895 0 -0.0880157 0.797236 0 -0.08664 0.784776 0 -0.0852859 0.77251 0 -0.0839528 0.760435 0 -0.0826407 0.74855 0 -0.081349 0.73685 0 -0.0800775 0.725333 0 -0.0788259 0.713996 0 -0.0775939 0.702837 0 -0.0763811 0.691851 0 -0.0751873 0.681038 0 -0.0740121 0.670393 0 -0.0728553 0.659915 0 -0.0717166 0.649601 0 -0.0705956 0.639447 0 -0.0694922 0.629453 0 -0.0684061 0.619615 0 -0.0673369 0.60993 0 -0.0662844 0.600397 0 -0.0652484 0.591013 0 -0.0642286 0.581775 0 -0.0632247 0.572682 0 -0.0622365 0.563731 0 -0.0612638 0.55492 0 -0.0603062 0.546247 0 -0.0593636 0.537709 0 -0.0584358 0.529305 0 -0.0575224 0.521032 0 -0.0566234 0.512888 0 -0.0557383 0.504872 0 -0.0548672 0.49698 0 -0.125333 0.992115 0 -0.123374 0.976608 0 -0.121446 0.961344 0 -0.119548 0.946318 0 -0.117679 0.931527 0 -0.11584 0.916967 0 -0.114029 0.902635 0 -0.112247 0.888527 0 -0.110493 0.87464 0 -0.108766 0.860969 0 -0.107066 0.847512 0 -0.105392 0.834266 0 -0.103745 0.821226 0 -0.102123 0.808391 0 -0.100527 0.795755 0 -0.0989561 0.783318 0 -0.0974094 0.771075 0 -0.0958869 0.759023 0 -0.0943882 0.747159 0 -0.0929129 0.735481 0 -0.0914607 0.723986 0 -0.0900312 0.71267 0 -0.088624 0.701531 0 -0.0872388 0.690566 0 -0.0858753 0.679773 0 -0.084533 0.669148 0 -0.0832118 0.658689 0 -0.0819112 0.648394 0 -0.0806309 0.63826 0 -0.0793707 0.628284 0 -0.0781301 0.618464 0 -0.076909 0.608797 0 -0.0757069 0.599282 0 -0.0745236 0.589915 0 -0.0733588 0.580695 0 -0.0722122 0.571618 0 -0.0710835 0.562684 0 -0.0699725 0.553889 0 -0.0688788 0.545232 0 -0.0678023 0.53671 0 -0.0667425 0.528321 0 -0.0656993 0.520064 0 -0.0646725 0.511935 0 -0.0636616 0.503934 0 -0.0626666 0.496057 0 -0.140901 0.990024 0 -0.138699 0.97455 0 -0.136531 0.959318 0 -0.134397 0.944324 0 -0.132297 0.929564 0 -0.130229 0.915035 0 -0.128193 0.900733 0 -0.12619 0.886655 0 -0.124217 0.872796 0 -0.122276 0.859154 0 -0.120365 0.845726 0 -0.118483 0.832507 0 -0.116631 0.819495 0 -0.114809 0.806687 0 -0.113014 0.794078 0 -0.111248 0.781667 0 -0.109509 0.769449 0 -0.107797 0.757423 0 -0.106112 0.745585 0 -0.104454 0.733931 0 -0.102821 0.72246 0 -0.101214 0.711168 0 -0.0996322 0.700052 0 -0.098075 0.689111 0 -0.0965421 0.67834 0 -0.0950331 0.667738 0 -0.0935478 0.657301 0 -0.0920856 0.647027 0 -0.0906463 0.636914 0 -0.0892295 0.626959 0 -0.0878349 0.61716 0 -0.086462 0.607514 0 -0.0851106 0.598019 0 -0.0837804 0.588672 0 -0.0824709 0.579471 0 -0.0811819 0.570414 0 -0.079913 0.561498 0 -0.078664 0.552722 0 -0.0774345 0.544083 0 -0.0762242 0.535579 0 -0.0750328 0.527208 0 -0.07386 0.518968 0 -0.0727056 0.510856 0 -0.0715692 0.502872 0 -0.0704506 0.495012 0 -0.156434 0.987688 0 -0.153989 0.972251 0 -0.151583 0.957055 0 -0.149213 0.942096 0 -0.146881 0.927371 0 -0.144585 0.912876 0 -0.142326 0.898608 0 -0.140101 0.884563 0 -0.137911 0.870737 0 -0.135756 0.857128 0 -0.133634 0.843731 0 -0.131545 0.830544 0 -0.129489 0.817562 0 -0.127465 0.804784 0 -0.125473 0.792205 0 -0.123512 0.779823 0 -0.121581 0.767634 0 -0.119681 0.755636 0 -0.11781 0.743826 0 -0.115969 0.7322 0 -0.114156 0.720756 0 -0.112372 0.70949 0 -0.110616 0.698401 0 -0.108887 0.687485 0 -0.107185 0.67674 0 -0.10551 0.666162 0 -0.103861 0.65575 0 -0.102237 0.645501 0 -0.100639 0.635412 0 -0.0990664 0.625481 0 -0.097518 0.615704 0 -0.0959938 0.606081 0 -0.0944934 0.596608 0 -0.0930165 0.587283 0 -0.0915627 0.578104 0 -0.0901315 0.569068 0 -0.0887228 0.560174 0 -0.0873361 0.551418 0 -0.085971 0.5428 0 -0.0846273 0.534316 0 -0.0833046 0.525964 0 -0.0820025 0.517744 0 -0.0807208 0.509651 0 -0.0794592 0.501685 0 -0.0782172 0.493844 0 -0.171929 0.985109 0 -0.169242 0.969712 0 -0.166597 0.954556 0 -0.163993 0.939636 0 -0.16143 0.92495 0 -0.158906 0.910493 0 -0.156423 0.896262 0 -0.153978 0.882253 0 -0.151571 0.868464 0 -0.149202 0.85489 0 -0.14687 0.841528 0 -0.144575 0.828375 0 -0.142315 0.815427 0 -0.140091 0.802682 0 -0.137901 0.790137 0 -0.135746 0.777787 0 -0.133624 0.76563 0 -0.131535 0.753663 0 -0.129479 0.741884 0 -0.127456 0.730288 0 -0.125464 0.718874 0 -0.123503 0.707638 0 -0.121572 0.696577 0 -0.119672 0.68569 0 -0.117802 0.674973 0 -0.11596 0.664423 0 -0.114148 0.654038 0 -0.112364 0.643816 0 -0.110608 0.633753 0 -0.108879 0.623847 0 -0.107177 0.614097 0 -0.105502 0.604498 0 -0.103853 0.59505 0 -0.10223 0.58575 0 -0.100632 0.576594 0 -0.0990589 0.567582 0 -0.0975107 0.558711 0 -0.0959866 0.549978 0 -0.0944863 0.541382 0 -0.0930095 0.53292 0 -0.0915558 0.524591 0 -0.0901248 0.516392 0 -0.0887161 0.50832 0 -0.0873295 0.500375 0 -0.0859646 0.492555 0 -0.187381 0.982287 0 -0.184453 0.966934 0 -0.18157 0.951821 0 -0.178732 0.936944 0 -0.175938 0.9223 0 -0.173188 0.907884 0 -0.170481 0.893694 0 -0.167817 0.879726 0 -0.165194 0.865976 0 -0.162612 0.852441 0 -0.16007 0.839117 0 -0.157568 0.826002 0 -0.155105 0.813091 0 -0.152681 0.800383 0 -0.150295 0.787873 0 -0.147946 0.775559 0 -0.145633 0.763437 0 -0.143357 0.751504 0 -0.141116 0.739758 0 -0.138911 0.728196 0 -0.13674 0.716814 0 -0.134602 0.705611 0 -0.132499 0.694582 0 -0.130428 0.683726 0 -0.128389 0.673039 0 -0.126382 0.66252 0 -0.124407 0.652164 0 -0.122463 0.641971 0 -0.120548 0.631937 0 -0.118664 0.62206 0 -0.11681 0.612337 0 -0.114984 0.602767 0 -0.113187 0.593345 0 -0.111418 0.584071 0 -0.109676 0.574943 0 -0.107962 0.565956 0 -0.106274 0.55711 0 -0.104613 0.548403 0 -0.102978 0.539831 0 -0.101369 0.531394 0 -0.0997844 0.523088 0 -0.0982248 0.514912 0 -0.0966895 0.506864 0 -0.0951783 0.498942 0 -0.0936907 0.491144 0 -0.202787 0.979223 0 -0.199618 0.963918 0 -0.196498 0.948852 0 -0.193426 0.934021 0 -0.190403 0.919423 0 -0.187427 0.905052 0 -0.184498 0.890906 0 -0.181614 0.876981 0 -0.178776 0.863274 0 -0.175981 0.849781 0 -0.173231 0.836499 0 -0.170523 0.823425 0 -0.167858 0.810555 0 -0.165234 0.797886 0 -0.162652 0.785415 0 -0.160109 0.773139 0 -0.157607 0.761055 0 -0.155144 0.74916 0 -0.152719 0.737451 0 -0.150332 0.725924 0 -0.147982 0.714578 0 -0.145669 0.703409 0 -0.143392 0.692415 0 -0.141151 0.681593 0 -0.138945 0.670939 0 -0.136773 0.660453 0 -0.134635 0.65013 0 -0.132531 0.639968 0 -0.13046 0.629966 0 -0.128421 0.620119 0 -0.126413 0.610427 0 -0.124438 0.600886 0 -0.122493 0.591494 0 -0.120578 0.582249 0 -0.118693 0.573149 0 -0.116838 0.564191 0 -0.115012 0.555372 0 -0.113214 0.546692 0 -0.111445 0.538147 0 -0.109703 0.529736 0 -0.107988 0.521456 0 -0.106301 0.513306 0 -0.104639 0.505283 0 -0.103004 0.497385 0 -0.101394 0.489611 0 -0.218143 0.975917 0 -0.214734 0.960663 0 -0.211377 0.945648 0 -0.208074 0.930868 0 -0.204821 0.916318 0 -0.20162 0.901996 0 -0.198469 0.887898 0 -0.195367 0.874021 0 -0.192313 0.86036 0 -0.189307 0.846912 0 -0.186348 0.833675 0 -0.183436 0.820645 0 -0.180569 0.807818 0 -0.177747 0.795192 0 -0.174968 0.782763 0 -0.172234 0.770529 0 -0.169542 0.758486 0 -0.166892 0.746631 0 -0.164283 0.734961 0 -0.161715 0.723473 0 -0.159188 0.712166 0 -0.1567 0.701034 0 -0.154251 0.690077 0 -0.15184 0.679292 0 -0.149466 0.668674 0 -0.14713 0.658223 0 -0.144831 0.647935 0 -0.142567 0.637808 0 -0.140339 0.627839 0 -0.138145 0.618026 0 -0.135986 0.608366 0 -0.133861 0.598857 0 -0.131768 0.589497 0 -0.129709 0.580284 0 -0.127681 0.571214 0 -0.125686 0.562286 0 -0.123721 0.553497 0 -0.121788 0.544846 0 -0.119884 0.53633 0 -0.11801 0.527947 0 -0.116166 0.519696 0 -0.11435 0.511573 0 -0.112563 0.503577 0 -0.110803 0.495706 0 -0.109072 0.487958 0 -0.233445 0.97237 0 -0.229797 0.957172 0 -0.226205 0.942211 0 -0.222669 0.927485 0 -0.219189 0.912988 0 -0.215763 0.898718 0 -0.212391 0.884671 0 -0.209071 0.870844 0 -0.205803 0.857233 0 -0.202587 0.843834 0 -0.19942 0.830645 0 -0.196303 0.817662 0 -0.193235 0.804882 0 -0.190215 0.792302 0 -0.187242 0.779919 0 -0.184315 0.767728 0 -0.181434 0.755729 0 -0.178599 0.743917 0 -0.175807 0.73229 0 -0.173059 0.720844 0 -0.170354 0.709577 0 -0.167692 0.698487 0 -0.165071 0.687569 0 -0.162491 0.676823 0 -0.159951 0.666244 0 -0.157451 0.655831 0 -0.15499 0.64558 0 -0.152568 0.63549 0 -0.150183 0.625557 0 -0.147836 0.61578 0 -0.145525 0.606155 0 -0.14325 0.596681 0 -0.141011 0.587355 0 -0.138807 0.578175 0 -0.136638 0.569138 0 -0.134502 0.560242 0 -0.1324 0.551486 0 -0.130331 0.542866 0 -0.128294 0.534381 0 -0.126288 0.526029 0 -0.124314 0.517807 0 -0.122371 0.509714 0 -0.120459 0.501747 0 -0.118576 0.493905 0 -0.116723 0.486185 0 -0.24869 0.968583 0 -0.244803 0.953444 0 -0.240977 0.938542 0 -0.23721 0.923873 0 -0.233503 0.909433 0 -0.229853 0.895218 0 -0.22626 0.881226 0 -0.222724 0.867453 0 -0.219243 0.853894 0 -0.215816 0.840548 0 -0.212443 0.82741 0 -0.209122 0.814478 0 -0.205854 0.801748 0 -0.202636 0.789217 0 -0.199469 0.776881 0 -0.196352 0.764739 0 -0.193283 0.752786 0 -0.190262 0.74102 0 -0.187288 0.729438 0 -0.184361 0.718037 0 -0.181479 0.706814 0 -0.178642 0.695766 0 -0.17585 0.684892 0 -0.173102 0.674187 0 -0.170396 0.663649 0 -0.167733 0.653277 0 -0.165111 0.643066 0 -0.162531 0.633015 0 -0.15999 0.623121 0 -0.15749 0.613382 0 -0.155028 0.603795 0 -0.152605 0.594357 0 -0.15022 0.585068 0 -0.147872 0.575923 0 -0.145561 0.566921 0 -0.143286 0.55806 0 -0.141046 0.549338 0 -0.138841 0.540752 0 -0.136671 0.5323 0 -0.134535 0.52398 0 -0.132432 0.51579 0 -0.130363 0.507729 0 -0.128325 0.499793 0 -0.126319 0.491981 0 -0.124345 0.484292 0 -0.263873 0.964557 0 -0.259749 0.949481 0 -0.255689 0.934641 0 -0.251692 0.920033 0 -0.247759 0.905653 0 -0.243886 0.891498 0 -0.240074 0.877563 0 -0.236322 0.863847 0 -0.232628 0.850345 0 -0.228992 0.837055 0 -0.225413 0.823971 0 -0.22189 0.811093 0 -0.218422 0.798416 0 -0.215008 0.785936 0 -0.211647 0.773652 0 -0.208339 0.76156 0 -0.205083 0.749657 0 -0.201878 0.73794 0 -0.198722 0.726406 0 -0.195616 0.715052 0 -0.192559 0.703876 0 -0.189549 0.692875 0 -0.186586 0.682045 0 -0.18367 0.671385 0 -0.180799 0.660891 0 -0.177973 0.650561 0 -0.175192 0.640393 0 -0.172454 0.630384 0 -0.169758 0.620531 0 -0.167105 0.610832 0 -0.164493 0.601285 0 -0.161922 0.591887 0 -0.159391 0.582636 0 -0.1569 0.573529 0 -0.154448 0.564565 0 -0.152034 0.555741 0 -0.149657 0.547055 0 -0.147318 0.538504 0 -0.145016 0.530088 0 -0.142749 0.521802 0 -0.140518 0.513647 0 -0.138322 0.505618 0 -0.13616 0.497716 0 -0.134031 0.489936 0 -0.131937 0.482279 0 -0.278991 0.960294 0 -0.274631 0.945284 0 -0.270338 0.93051 0 -0.266113 0.915966 0 -0.261953 0.901649 0 -0.257859 0.887557 0 -0.253829 0.873684 0 -0.249861 0.860029 0 -0.245956 0.846587 0 -0.242112 0.833354 0 -0.238328 0.820329 0 -0.234603 0.807508 0 -0.230936 0.794886 0 -0.227326 0.782462 0 -0.223773 0.770232 0 -0.220276 0.758194 0 -0.216833 0.746343 0 -0.213444 0.734678 0 -0.210108 0.723195 0 -0.206824 0.711892 0 -0.203591 0.700765 0 -0.200409 0.689812 0 -0.197277 0.67903 0 -0.194193 0.668417 0 -0.191158 0.65797 0 -0.18817 0.647686 0 -0.185229 0.637562 0 -0.182334 0.627597 0 -0.179484 0.617788 0 -0.176679 0.608132 0 -0.173917 0.598627 0 -0.171199 0.589271 0 -0.168523 0.58006 0 -0.165889 0.570994 0 -0.163296 0.562069 0 -0.160744 0.553284 0 -0.158232 0.544637 0 -0.155758 0.536124 0 -0.153324 0.527744 0 -0.150927 0.519496 0 -0.148568 0.511376 0 -0.146246 0.503383 0 -0.143961 0.495516 0 -0.14171 0.487771 0 -0.139496 0.480147 0 -0.29404 0.955793 0 -0.289445 0.940854 0 -0.284921 0.926149 0 -0.280467 0.911673 0 -0.276084 0.897424 0 -0.271768 0.883397 0 -0.267521 0.86959 0 -0.263339 0.855998 0 -0.259223 0.842619 0 -0.255172 0.829449 0 -0.251183 0.816484 0 -0.247257 0.803723 0 -0.243393 0.791161 0 -0.239589 0.778795 0 -0.235844 0.766623 0 -0.232158 0.75464 0 -0.228529 0.742845 0 -0.224957 0.731235 0 -0.221441 0.719806 0 -0.21798 0.708555 0 -0.214573 0.69748 0 -0.211219 0.686579 0 -0.207918 0.675848 0 -0.204668 0.665284 0 -0.201469 0.654886 0 -0.19832 0.64465 0 -0.195221 0.634574 0 -0.192169 0.624656 0 -0.189166 0.614893 0 -0.186209 0.605282 0 -0.183299 0.595821 0 -0.180434 0.586509 0 -0.177614 0.577342 0 -0.174837 0.568318 0 -0.172105 0.559435 0 -0.169415 0.550691 0 -0.166767 0.542084 0 -0.16416 0.533611 0 -0.161594 0.525271 0 -0.159069 0.517061 0 -0.156583 0.508979 0 -0.154135 0.501024 0 -0.151726 0.493193 0 -0.149355 0.485485 0 -0.14702 0.477897 0 -0.309017 0.951057 0 -0.304187 0.936192 0 -0.299433 0.921559 0 -0.294753 0.907155 0 -0.290146 0.892976 0 -0.285611 0.879019 0 -0.281147 0.86528 0 -0.276752 0.851756 0 -0.272427 0.838443 0 -0.268169 0.825338 0 -0.263977 0.812438 0 -0.259851 0.79974 0 -0.25579 0.78724 0 -0.251792 0.774936 0 -0.247856 0.762823 0 -0.243982 0.750901 0 -0.240169 0.739164 0 -0.236415 0.727611 0 -0.23272 0.716239 0 -0.229083 0.705044 0 -0.225502 0.694024 0 -0.221978 0.683176 0 -0.218508 0.672499 0 -0.215093 0.661987 0 -0.211731 0.651641 0 -0.208422 0.641456 0 -0.205164 0.63143 0 -0.201957 0.62156 0 -0.198801 0.611846 0 -0.195693 0.602282 0 -0.192635 0.592869 0 -0.189624 0.583602 0 -0.18666 0.574481 0 -0.183743 0.565502 0 -0.180871 0.556663 0 -0.178044 0.547962 0 -0.175261 0.539398 0 -0.172522 0.530967 0 -0.169825 0.522668 0 -0.167171 0.514499 0 -0.164558 0.506457 0 -0.161986 0.498541 0 -0.159454 0.490749 0 -0.156962 0.483079 0 -0.154508 0.475528 0 -0.323917 0.946085 0 -0.318855 0.931298 0 -0.313871 0.916742 0 -0.308965 0.902413 0 -0.304136 0.888309 0 -0.299382 0.874425 0 -0.294703 0.860757 0 -0.290097 0.847304 0 -0.285563 0.834061 0 -0.281099 0.821024 0 -0.276706 0.808192 0 -0.272381 0.79556 0 -0.268124 0.783125 0 -0.263933 0.770885 0 -0.259808 0.758836 0 -0.255747 0.746976 0 -0.25175 0.735301 0 -0.247815 0.723808 0 -0.243941 0.712495 0 -0.240129 0.701359 0 -0.236376 0.690396 0 -0.232681 0.679606 0 -0.229044 0.668983 0 -0.225464 0.658527 0 -0.22194 0.648235 0 -0.218471 0.638103 0 -0.215057 0.628129 0 -0.211695 0.618312 0 -0.208387 0.608647 0 -0.20513 0.599134 0 -0.201923 0.58977 0 -0.198767 0.580552 0 -0.195661 0.571478 0 -0.192602 0.562546 0 -0.189592 0.553753 0 -0.186629 0.545098 0 -0.183712 0.536578 0 -0.18084 0.528192 0 -0.178014 0.519936 0 -0.175232 0.511809 0 -0.172493 0.50381 0 -0.169797 0.495935 0 -0.167143 0.488184 0 -0.16453 0.480554 0 -0.161959 0.473043 0 -0.338738 0.940881 0 -0.333443 0.926175 0 -0.328232 0.911699 0 -0.323102 0.897449 0 -0.318052 0.883422 0 -0.31308 0.869614 0 -0.308187 0.856022 0 -0.30337 0.842643 0 -0.298628 0.829472 0 -0.293961 0.816508 0 -0.289366 0.803746 0 -0.284844 0.791183 0 -0.280391 0.778817 0 -0.276009 0.766644 0 -0.271695 0.754662 0 -0.267448 0.742866 0 -0.263268 0.731255 0 -0.259153 0.719826 0 -0.255103 0.708575 0 -0.251116 0.6975 0 -0.247191 0.686598 0 -0.243327 0.675867 0 -0.239524 0.665303 0 -0.23578 0.654905 0 -0.232095 0.644668 0 -0.228467 0.634592 0 -0.224896 0.624674 0 -0.221381 0.61491 0 -0.217921 0.605299 0 -0.214515 0.595838 0 -0.211162 0.586525 0 -0.207862 0.577358 0 -0.204613 0.568334 0 -0.201415 0.559451 0 -0.198267 0.550707 0 -0.195168 0.542099 0 -0.192117 0.533626 0 -0.189115 0.525286 0 -0.186159 0.517076 0 -0.183249 0.508994 0 -0.180385 0.501038 0 -0.177566 0.493207 0 -0.17479 0.485498 0 -0.172058 0.47791 0 -0.169369 0.47044 0 -0.353475 0.935444 0 -0.34795 0.920823 0 -0.342512 0.906431 0 -0.337158 0.892263 0 -0.331888 0.878317 0 -0.326701 0.864589 0 -0.321595 0.851076 0 -0.316568 0.837774 0 -0.31162 0.824679 0 -0.30675 0.81179 0 -0.301955 0.799101 0 -0.297236 0.786612 0 -0.29259 0.774317 0 -0.288017 0.762214 0 -0.283515 0.750301 0 -0.279084 0.738574 0 -0.274722 0.72703 0 -0.270428 0.715667 0 -0.266201 0.704481 0 -0.26204 0.69347 0 -0.257945 0.682631 0 -0.253913 0.671962 0 -0.249944 0.661459 0 -0.246038 0.65112 0 -0.242192 0.640943 0 -0.238407 0.630925 0 -0.234681 0.621064 0 -0.231013 0.611357 0 -0.227402 0.601801 0 -0.223848 0.592395 0 -0.220349 0.583136 0 -0.216905 0.574022 0 -0.213515 0.56505 0 -0.210177 0.556218 0 -0.206892 0.547525 0 -0.203659 0.538967 0 -0.200475 0.530543 0 -0.197342 0.522251 0 -0.194258 0.514088 0 -0.191221 0.506053 0 -0.188233 0.498143 0 -0.185291 0.490357 0 -0.182394 0.482693 0 -0.179544 0.475149 0 -0.176737 0.467722 0 -0.368125 0.929776 0 -0.362371 0.915244 0 -0.356707 0.900939 0 -0.351132 0.886857 0 -0.345644 0.872996 0 -0.340241 0.859351 0 -0.334923 0.845919 0 -0.329688 0.832698 0 -0.324535 0.819683 0 -0.319463 0.806871 0 -0.31447 0.79426 0 -0.309555 0.781846 0 -0.304716 0.769626 0 -0.299954 0.757596 0 -0.295265 0.745755 0 -0.29065 0.734099 0 -0.286108 0.722625 0 -0.281636 0.711331 0 -0.277234 0.700213 0 -0.272901 0.689268 0 -0.268635 0.678495 0 -0.264436 0.66789 0 -0.260303 0.657451 0 -0.256235 0.647175 0 -0.25223 0.63706 0 -0.248288 0.627103 0 -0.244407 0.617301 0 -0.240587 0.607653 0 -0.236826 0.598155 0 -0.233125 0.588806 0 -0.229481 0.579603 0 -0.225894 0.570544 0 -0.222364 0.561627 0 -0.218888 0.552848 0 -0.215467 0.544207 0 -0.212099 0.535702 0 -0.208784 0.527329 0 -0.205521 0.519086 0 -0.202309 0.510973 0 -0.199147 0.502987 0 -0.196034 0.495125 0 -0.19297 0.487386 0 -0.189954 0.479769 0 -0.186985 0.47227 0 -0.184062 0.464888 0 -0.382683 0.92388 0 -0.376702 0.909439 0 -0.370814 0.895225 0 -0.365019 0.881233 0 -0.359313 0.867459 0 -0.353697 0.853901 0 -0.348169 0.840554 0 -0.342727 0.827417 0 -0.33737 0.814484 0 -0.332097 0.801754 0 -0.326907 0.789222 0 -0.321797 0.776887 0 -0.316767 0.764744 0 -0.311816 0.752791 0 -0.306943 0.741025 0 -0.302145 0.729443 0 -0.297423 0.718042 0 -0.292774 0.706819 0 -0.288198 0.695772 0 -0.283694 0.684897 0 -0.279259 0.674192 0 -0.274895 0.663654 0 -0.270598 0.653281 0 -0.266369 0.643071 0 -0.262205 0.63302 0 -0.258107 0.623126 0 -0.254073 0.613386 0 -0.250102 0.603799 0 -0.246193 0.594362 0 -0.242345 0.585072 0 -0.238557 0.575927 0 -0.234828 0.566926 0 -0.231158 0.558065 0 -0.227545 0.549342 0 -0.223988 0.540756 0 -0.220488 0.532304 0 -0.217041 0.523984 0 -0.213649 0.515794 0 -0.21031 0.507732 0 -0.207023 0.499797 0 -0.203787 0.491985 0 -0.200602 0.484295 0 -0.197466 0.476726 0 -0.19438 0.469274 0 -0.191342 0.46194 0 -0.397148 0.917755 0 -0.390941 0.90341 0 -0.38483 0.88929 0 -0.378815 0.87539 0 -0.372894 0.861708 0 -0.367066 0.84824 0 -0.361329 0.834982 0 -0.355681 0.821931 0 -0.350122 0.809084 0 -0.34465 0.796439 0 -0.339263 0.78399 0 -0.33396 0.771737 0 -0.32874 0.759674 0 -0.323602 0.747801 0 -0.318544 0.736113 0 -0.313566 0.724607 0 -0.308665 0.713282 0 -0.30384 0.702133 0 -0.299091 0.691159 0 -0.294416 0.680356 0 -0.289815 0.669722 0 -0.285285 0.659255 0 -0.280826 0.648951 0 -0.276437 0.638807 0 -0.272116 0.628823 0 -0.267863 0.618995 0 -0.263676 0.60932 0 -0.259555 0.599796 0 -0.255498 0.590421 0 -0.251505 0.581193 0 -0.247574 0.572109 0 -0.243704 0.563167 0 -0.239895 0.554365 0 -0.236146 0.5457 0 -0.232455 0.537171 0 -0.228821 0.528775 0 -0.225245 0.52051 0 -0.221724 0.512375 0 -0.218259 0.504366 0 -0.214847 0.496483 0 -0.211489 0.488723 0 -0.208184 0.481084 0 -0.20493 0.473565 0 -0.201727 0.466163 0 -0.198574 0.458877 0 -0.411514 0.911403 0 -0.405082 0.897158 0 -0.398751 0.883136 0 -0.392519 0.869332 0 -0.386384 0.855745 0 -0.380344 0.842369 0 -0.3744 0.829203 0 -0.368548 0.816243 0 -0.362787 0.803485 0 -0.357117 0.790927 0 -0.351535 0.778565 0 -0.346041 0.766396 0 -0.340632 0.754417 0 -0.335308 0.742626 0 -0.330067 0.731018 0 -0.324909 0.719593 0 -0.31983 0.708345 0 -0.314831 0.697274 0 -0.309911 0.686376 0 -0.305067 0.675648 0 -0.300299 0.665087 0 -0.295605 0.654692 0 -0.290985 0.644459 0 -0.286437 0.634387 0 -0.28196 0.624471 0 -0.277553 0.614711 0 -0.273214 0.605103 0 -0.268944 0.595645 0 -0.264741 0.586335 0 -0.260603 0.577171 0 -0.256529 0.56815 0 -0.25252 0.55927 0 -0.248573 0.550528 0 -0.244688 0.541924 0 -0.240863 0.533453 0 -0.237099 0.525116 0 -0.233393 0.516908 0 -0.229745 0.508829 0 -0.226154 0.500876 0 -0.222619 0.493047 0 -0.21914 0.485341 0 -0.215715 0.477755 0 -0.212343 0.470288 0 -0.209024 0.462937 0 -0.205757 0.455702 0 -0.425779 0.904827 0 -0.419124 0.890685 0 -0.412574 0.876763 0 -0.406125 0.86306 0 -0.399777 0.84957 0 -0.393529 0.836291 0 -0.387378 0.82322 0 -0.381323 0.810353 0 -0.375363 0.797688 0 -0.369496 0.78522 0 -0.363721 0.772947 0 -0.358036 0.760866 0 -0.35244 0.748974 0 -0.346932 0.737267 0 -0.341509 0.725744 0 -0.336171 0.7144 0 -0.330917 0.703234 0 -0.325745 0.692243 0 -0.320653 0.681423 0 -0.315642 0.670773 0 -0.310708 0.660289 0 -0.305852 0.649968 0 -0.301071 0.639809 0 -0.296366 0.629809 0 -0.291734 0.619965 0 -0.287174 0.610275 0 -0.282685 0.600737 0 -0.278267 0.591347 0 -0.273918 0.582105 0 -0.269636 0.573006 0 -0.265422 0.56405 0 -0.261273 0.555234 0 -0.25719 0.546556 0 -0.25317 0.538013 0 -0.249213 0.529604 0 -0.245318 0.521327 0 -0.241483 0.513178 0 -0.237709 0.505157 0 -0.233994 0.497262 0 -0.230336 0.48949 0 -0.226736 0.481839 0 -0.223192 0.474308 0 -0.219704 0.466895 0 -0.21627 0.459597 0 -0.21289 0.452414 0 -0.439939 0.898028 0 -0.433063 0.883991 0 -0.426294 0.870175 0 -0.419631 0.856574 0 -0.413072 0.843186 0 -0.406616 0.830007 0 -0.400261 0.817034 0 -0.394005 0.804264 0 -0.387847 0.791693 0 -0.381785 0.779319 0 -0.375817 0.767138 0 -0.369943 0.755148 0 -0.364161 0.743345 0 -0.358469 0.731727 0 -0.352866 0.72029 0 -0.347351 0.709032 0 -0.341922 0.69795 0 -0.336578 0.687041 0 -0.331317 0.676303 0 -0.326139 0.665732 0 -0.321041 0.655327 0 -0.316023 0.645084 0 -0.311084 0.635001 0 -0.306222 0.625076 0 -0.301436 0.615306 0 -0.296724 0.605689 0 -0.292086 0.596222 0 -0.287521 0.586904 0 -0.283027 0.57773 0 -0.278603 0.5687 0 -0.274249 0.559812 0 -0.269962 0.551062 0 -0.265743 0.542449 0 -0.261589 0.53397 0 -0.257501 0.525624 0 -0.253476 0.517409 0 -0.249514 0.509322 0 -0.245614 0.501361 0 -0.241775 0.493525 0 -0.237997 0.485811 0 -0.234277 0.478218 0 -0.230615 0.470744 0 -0.22701 0.463386 0 -0.223462 0.456143 0 -0.21997 0.449014 0 -0.45399 0.891007 0 -0.446895 0.87708 0 -0.43991 0.863371 0 -0.433034 0.849877 0 -0.426266 0.836594 0 -0.419603 0.823518 0 -0.413045 0.810646 0 -0.406589 0.797976 0 -0.400234 0.785504 0 -0.393978 0.773226 0 -0.387821 0.761141 0 -0.381759 0.749244 0 -0.375792 0.737534 0 -0.369919 0.726006 0 -0.364137 0.714659 0 -0.358445 0.703489 0 -0.352843 0.692493 0 -0.347328 0.681669 0 -0.341899 0.671015 0 -0.336555 0.660527 0 -0.331295 0.650203 0 -0.326117 0.640041 0 -0.32102 0.630037 0 -0.316002 0.620189 0 -0.311063 0.610496 0 -0.306201 0.600954 0 -0.301415 0.591561 0 -0.296704 0.582315 0 -0.292067 0.573213 0 -0.287502 0.564254 0 -0.283008 0.555435 0 -0.278585 0.546753 0 -0.274231 0.538208 0 -0.269944 0.529796 0 -0.265725 0.521515 0 -0.261572 0.513364 0 -0.257484 0.50534 0 -0.253459 0.497442 0 -0.249498 0.489667 0 -0.245598 0.482013 0 -0.241759 0.474479 0 -0.237981 0.467063 0 -0.234261 0.459763 0 -0.230599 0.452577 0 -0.226995 0.445503 0 -0.46793 0.883766 0 -0.460616 0.869952 0 -0.453417 0.856355 0 -0.44633 0.84297 0 -0.439354 0.829795 0 -0.432487 0.816825 0 -0.425727 0.804058 0 -0.419073 0.791491 0 -0.412523 0.77912 0 -0.406075 0.766942 0 -0.399728 0.754955 0 -0.393481 0.743155 0 -0.38733 0.73154 0 -0.381276 0.720106 0 -0.375317 0.708851 0 -0.369451 0.697772 0 -0.363677 0.686865 0 -0.357992 0.67613 0 -0.352397 0.665562 0 -0.346889 0.655159 0 -0.341467 0.644919 0 -0.33613 0.634839 0 -0.330876 0.624917 0 -0.325705 0.615149 0 -0.320614 0.605535 0 -0.315603 0.59607 0 -0.31067 0.586754 0 -0.305814 0.577583 0 -0.301034 0.568555 0 -0.296329 0.559669 0 -0.291698 0.550921 0 -0.287138 0.54231 0 -0.282651 0.533834 0 -0.278233 0.52549 0 -0.273884 0.517277 0 -0.269603 0.509192 0 -0.265389 0.501233 0 -0.261241 0.493399 0 -0.257158 0.485687 0 -0.253139 0.478096 0 -0.249182 0.470623 0 -0.245288 0.463268 0 -0.241454 0.456027 0 -0.23768 0.448899 0 -0.233965 0.441883 0 -0.481754 0.876307 0 -0.474224 0.86261 0 -0.466812 0.849128 0 -0.459516 0.835856 0 -0.452333 0.822791 0 -0.445263 0.809931 0 -0.438304 0.797272 0 -0.431453 0.784811 0 -0.42471 0.772544 0 -0.418072 0.76047 0 -0.411537 0.748583 0 -0.405105 0.736883 0 -0.398773 0.725366 0 -0.39254 0.714028 0 -0.386405 0.702868 0 -0.380366 0.691882 0 -0.37442 0.681068 0 -0.368568 0.670423 0 -0.362808 0.659945 0 -0.357137 0.64963 0 -0.351555 0.639476 0 -0.34606 0.629481 0 -0.340651 0.619642 0 -0.335327 0.609957 0 -0.330086 0.600424 0 -0.324927 0.591039 0 -0.319848 0.581801 0 -0.314849 0.572708 0 -0.309928 0.563757 0 -0.305084 0.554945 0 -0.300315 0.546271 0 -0.295621 0.537733 0 -0.291001 0.529328 0 -0.286452 0.521055 0 -0.281975 0.512911 0 -0.277568 0.504894 0 -0.27323 0.497003 0 -0.268959 0.489235 0 -0.264755 0.481588 0 -0.260617 0.474061 0 -0.256544 0.466651 0 -0.252534 0.459358 0 -0.248587 0.452178 0 -0.244701 0.44511 0 -0.240877 0.438153 0 -0.495459 0.868632 0 -0.487715 0.855055 0 -0.480092 0.84169 0 -0.472588 0.828535 0 -0.465201 0.815585 0 -0.45793 0.802837 0 -0.450773 0.790289 0 -0.443727 0.777937 0 -0.436792 0.765778 0 -0.429965 0.753809 0 -0.423245 0.742027 0 -0.416629 0.730429 0 -0.410118 0.719013 0 -0.403707 0.707774 0 -0.397398 0.696712 0 -0.391186 0.685822 0 -0.385072 0.675103 0 -0.379053 0.664551 0 -0.373129 0.654164 0 -0.367297 0.64394 0 -0.361556 0.633875 0 -0.355905 0.623968 0 -0.350342 0.614215 0 -0.344866 0.604615 0 -0.339476 0.595165 0 -0.33417 0.585863 0 -0.328947 0.576706 0 -0.323806 0.567692 0 -0.318745 0.558819 0 -0.313763 0.550085 0 -0.308859 0.541487 0 -0.304031 0.533023 0 -0.299279 0.524692 0 -0.294601 0.516491 0 -0.289997 0.508419 0 -0.285464 0.500472 0 -0.281002 0.49265 0 -0.27661 0.48495 0 -0.272287 0.47737 0 -0.268031 0.469909 0 -0.263842 0.462564 0 -0.259718 0.455334 0 -0.255659 0.448217 0 -0.251663 0.441212 0 -0.247729 0.434316 0 -0.509041 0.860742 0 -0.501085 0.847289 0 -0.493253 0.834046 0 -0.485544 0.82101 0 -0.477955 0.808177 0 -0.470484 0.795546 0 -0.463131 0.783111 0 -0.455892 0.770871 0 -0.448766 0.758823 0 -0.441752 0.746962 0 -0.434848 0.735287 0 -0.428051 0.723795 0 -0.421361 0.712482 0 -0.414775 0.701346 0 -0.408292 0.690384 0 -0.40191 0.679593 0 -0.395629 0.668971 0 -0.389445 0.658515 0 -0.383358 0.648223 0 -0.377366 0.638091 0 -0.371468 0.628118 0 -0.365662 0.618301 0 -0.359947 0.608637 0 -0.354321 0.599124 0 -0.348783 0.589759 0 -0.343331 0.580541 0 -0.337965 0.571468 0 -0.332683 0.562536 0 -0.327483 0.553743 0 -0.322364 0.545088 0 -0.317326 0.536569 0 -0.312366 0.528182 0 -0.307484 0.519927 0 -0.302678 0.5118 0 -0.297947 0.503801 0 -0.29329 0.495927 0 -0.288706 0.488175 0 -0.284194 0.480545 0 -0.279752 0.473034 0 -0.275379 0.465641 0 -0.271075 0.458363 0 -0.266838 0.451199 0 -0.262667 0.444146 0 -0.258562 0.437204 0 -0.254521 0.430371 0 -0.522499 0.85264 0 -0.514332 0.839313 0 -0.506293 0.826195 0 -0.49838 0.813282 0 -0.49059 0.80057 0 -0.482922 0.788057 0 -0.475374 0.77574 0 -0.467944 0.763615 0 -0.46063 0.75168 0 -0.453431 0.739931 0 -0.446343 0.728366 0 -0.439367 0.716982 0 -0.4325 0.705776 0 -0.42574 0.694744 0 -0.419086 0.683886 0 -0.412535 0.673197 0 -0.406088 0.662675 0 -0.39974 0.652317 0 -0.393493 0.642121 0 -0.387342 0.632085 0 -0.381288 0.622206 0 -0.375329 0.612481 0 -0.369462 0.602908 0 -0.363688 0.593484 0 -0.358003 0.584208 0 -0.352408 0.575077 0 -0.3469 0.566089 0 -0.341478 0.557241 0 -0.33614 0.548531 0 -0.330886 0.539958 0 -0.325715 0.531518 0 -0.320624 0.523211 0 -0.315613 0.515033 0 -0.31068 0.506983 0 -0.305824 0.499059 0 -0.301044 0.491259 0 -0.296338 0.48358 0 -0.291707 0.476022 0 -0.287147 0.468582 0 -0.282659 0.461258 0 -0.278241 0.454048 0 -0.273892 0.446952 0 -0.269611 0.439966 0 -0.265397 0.433089 0 -0.261249 0.42632 0 -0.535827 0.844328 0 -0.527452 0.831131 0 -0.519208 0.818141 0 -0.511093 0.805353 0 -0.503104 0.792766 0 -0.495241 0.780375 0 -0.4875 0.768178 0 -0.479881 0.756171 0 -0.47238 0.744352 0 -0.464997 0.732718 0 -0.457729 0.721266 0 -0.450575 0.709992 0 -0.443532 0.698895 0 -0.4366 0.687972 0 -0.429776 0.677219 0 -0.423059 0.666634 0 -0.416446 0.656214 0 -0.409937 0.645958 0 -0.40353 0.635861 0 -0.397223 0.625923 0 -0.391014 0.61614 0 -0.384903 0.60651 0 -0.378887 0.59703 0 -0.372965 0.587698 0 -0.367135 0.578513 0 -0.361397 0.569471 0 -0.355748 0.56057 0 -0.350188 0.551808 0 -0.344715 0.543184 0 -0.339327 0.534694 0 -0.334023 0.526336 0 -0.328803 0.51811 0 -0.323663 0.510012 0 -0.318605 0.50204 0 -0.313625 0.494194 0 -0.308723 0.486469 0 -0.303898 0.478866 0 -0.299148 0.471381 0 -0.294472 0.464014 0 -0.289869 0.456761 0 -0.285339 0.449622 0 -0.280879 0.442594 0 -0.276489 0.435677 0 -0.272167 0.428867 0 -0.267913 0.422164 0 -0.549023 0.835807 0 -0.540442 0.822744 0 -0.531995 0.809884 0 -0.52368 0.797226 0 -0.515494 0.784765 0 -0.507437 0.7725 0 -0.499506 0.760425 0 -0.491699 0.74854 0 -0.484014 0.73684 0 -0.476449 0.725324 0 -0.469002 0.713987 0 -0.461671 0.702827 0 -0.454455 0.691842 0 -0.447352 0.681029 0 -0.44036 0.670384 0 -0.433477 0.659906 0 -0.426702 0.649592 0 -0.420033 0.639439 0 -0.413468 0.629445 0 -0.407005 0.619607 0 -0.400644 0.609922 0 -0.394382 0.600389 0 -0.388218 0.591005 0 -0.38215 0.581768 0 -0.376177 0.572675 0 -0.370297 0.563724 0 -0.36451 0.554913 0 -0.358812 0.54624 0 -0.353204 0.537702 0 -0.347684 0.529298 0 -0.342249 0.521025 0 -0.3369 0.512881 0 -0.331634 0.504865 0 -0.326451 0.496974 0 -0.321349 0.489206 0 -0.316326 0.48156 0 -0.311382 0.474033 0 -0.306515 0.466624 0 -0.301724 0.459331 0 -0.297008 0.452152 0 -0.292366 0.445085 0 -0.287796 0.438128 0 -0.283298 0.43128 0 -0.27887 0.424539 0 -0.274511 0.417904 0 -0.562083 0.827081 0 -0.553298 0.814153 0 -0.54465 0.801428 0 -0.536137 0.788902 0 -0.527757 0.776572 0 -0.519509 0.764434 0 -0.511389 0.752486 0 -0.503396 0.740724 0 -0.495528 0.729147 0 -0.487783 0.71775 0 -0.480159 0.706532 0 -0.472654 0.695489 0 -0.465266 0.684619 0 -0.457994 0.673918 0 -0.450836 0.663385 0 -0.443789 0.653016 0 -0.436853 0.64281 0 -0.430025 0.632763 0 -0.423304 0.622873 0 -0.416688 0.613137 0 -0.410175 0.603554 0 -0.403764 0.59412 0 -0.397453 0.584834 0 -0.391241 0.575693 0 -0.385126 0.566695 0 -0.379106 0.557838 0 -0.373181 0.549119 0 -0.367348 0.540536 0 -0.361606 0.532088 0 -0.355955 0.523771 0 -0.350391 0.515585 0 -0.344914 0.507526 0 -0.339523 0.499594 0 -0.334217 0.491785 0 -0.328993 0.484098 0 -0.323851 0.476532 0 -0.318789 0.469084 0 -0.313806 0.461752 0 -0.308902 0.454535 0 -0.304074 0.447431 0 -0.299321 0.440437 0 -0.294643 0.433553 0 -0.290037 0.426777 0 -0.285504 0.420107 0 -0.281042 0.41354 0 -0.575005 0.81815 0 -0.566018 0.805362 0 -0.557171 0.792774 0 -0.548463 0.780383 0 -0.53989 0.768186 0 -0.531452 0.756179 0 -0.523145 0.74436 0 -0.514969 0.732726 0 -0.50692 0.721274 0 -0.498996 0.71 0 -0.491197 0.698903 0 -0.48352 0.687979 0 -0.475962 0.677226 0 -0.468523 0.666641 0 -0.4612 0.656222 0 -0.453992 0.645965 0 -0.446896 0.635869 0 -0.439911 0.62593 0 -0.433035 0.616147 0 -0.426267 0.606516 0 -0.419604 0.597037 0 -0.413046 0.587705 0 -0.40659 0.578519 0 -0.400235 0.569477 0 -0.39398 0.560576 0 -0.387822 0.551814 0 -0.38176 0.54319 0 -0.375793 0.5347 0 -0.36992 0.526342 0 -0.364138 0.518116 0 -0.358446 0.510017 0 -0.352844 0.502046 0 -0.347329 0.494199 0 -0.3419 0.486475 0 -0.336556 0.478871 0 -0.331296 0.471386 0 -0.326118 0.464019 0 -0.321021 0.456766 0 -0.316003 0.449627 0 -0.311064 0.442599 0 -0.306202 0.435682 0 -0.301416 0.428872 0 -0.296705 0.422169 0 -0.292068 0.41557 0 -0.287503 0.409075 0 -0.587785 0.809017 0 -0.578598 0.796372 0 -0.569555 0.783925 0 -0.560653 0.771672 0 -0.55189 0.759611 0 -0.543264 0.747738 0 -0.534773 0.736051 0 -0.526414 0.724547 0 -0.518186 0.713222 0 -0.510087 0.702075 0 -0.502115 0.691101 0 -0.494267 0.680299 0 -0.486541 0.669666 0 -0.478937 0.6592 0 -0.471451 0.648896 0 -0.464082 0.638754 0 -0.456829 0.628771 0 -0.449688 0.618943 0 -0.44266 0.609269 0 -0.435741 0.599746 0 -0.42893 0.590372 0 -0.422226 0.581145 0 -0.415627 0.572061 0 -0.409131 0.56312 0 -0.402736 0.554319 0 -0.396441 0.545655 0 -0.390245 0.537126 0 -0.384145 0.528731 0 -0.378141 0.520467 0 -0.372231 0.512332 0 -0.366413 0.504324 0 -0.360686 0.496442 0 -0.355049 0.488682 0 -0.349499 0.481044 0 -0.344037 0.473526 0 -0.338659 0.466125 0 -0.333366 0.458839 0 -0.328156 0.451667 0 -0.323027 0.444608 0 -0.317978 0.437659 0 -0.313008 0.430818 0 -0.308115 0.424085 0 -0.3033 0.417456 0 -0.298559 0.410931 0 -0.293893 0.404508 0 -0.60042 0.799685 0 -0.591036 0.787186 0 -0.581798 0.774882 0 -0.572704 0.762771 0 -0.563753 0.750849 0 -0.554942 0.739113 0 -0.546268 0.727561 0 -0.53773 0.716189 0 -0.529325 0.704995 0 -0.521052 0.693976 0 -0.512908 0.683129 0 -0.504891 0.672452 0 -0.497 0.661942 0 -0.489232 0.651596 0 -0.481585 0.641411 0 -0.474058 0.631386 0 -0.466648 0.621517 0 -0.459355 0.611803 0 -0.452175 0.602241 0 -0.445108 0.592828 0 -0.438151 0.583562 0 -0.431302 0.574441 0 -0.424561 0.565462 0 -0.417925 0.556624 0 -0.411393 0.547924 0 -0.404963 0.53936 0 -0.398634 0.53093 0 -0.392403 0.522632 0 -0.38627 0.514463 0 -0.380232 0.506422 0 -0.374289 0.498507 0 -0.368439 0.490715 0 -0.362681 0.483045 0 -0.357012 0.475495 0 -0.351432 0.468063 0 -0.345939 0.460748 0 -0.340532 0.453546 0 -0.33521 0.446457 0 -0.32997 0.439479 0 -0.324813 0.43261 0 -0.319736 0.425849 0 -0.314739 0.419193 0 -0.309819 0.412641 0 -0.304977 0.406191 0 -0.30021 0.399842 0 -0.612907 0.790155 0 -0.603327 0.777805 0 -0.593897 0.765648 0 -0.584615 0.753681 0 -0.575477 0.741901 0 -0.566483 0.730305 0 -0.557629 0.718891 0 -0.548913 0.707654 0 -0.540333 0.696594 0 -0.531888 0.685706 0 -0.523575 0.674989 0 -0.515391 0.664439 0 -0.507336 0.654053 0 -0.499406 0.643831 0 -0.491601 0.633768 0 -0.483917 0.623862 0 -0.476353 0.614111 0 -0.468908 0.604512 0 -0.461579 0.595064 0 -0.454365 0.585763 0 -0.447263 0.576608 0 -0.440272 0.567595 0 -0.433391 0.558724 0 -0.426617 0.549991 0 -0.419949 0.541395 0 -0.413385 0.532933 0 -0.406924 0.524603 0 -0.400564 0.516404 0 -0.394303 0.508332 0 -0.38814 0.500387 0 -0.382073 0.492566 0 -0.376102 0.484867 0 -0.370223 0.477289 0 -0.364437 0.469829 0 -0.358741 0.462486 0 -0.353134 0.455257 0 -0.347614 0.448141 0 -0.342181 0.441137 0 -0.336833 0.434242 0 -0.331568 0.427455 0 -0.326386 0.420774 0 -0.321284 0.414197 0 -0.316263 0.407723 0 -0.311319 0.401351 0 -0.306454 0.395078 0 -0.625243 0.78043 0 -0.61547 0.768232 0 -0.60585 0.756225 0 -0.596381 0.744405 0 -0.58706 0.73277 0 -0.577884 0.721317 0 -0.568852 0.710043 0 -0.559961 0.698945 0 -0.551208 0.688021 0 -0.542593 0.677267 0 -0.534112 0.666681 0 -0.525764 0.656261 0 -0.517547 0.646004 0 -0.509457 0.635907 0 -0.501495 0.625968 0 -0.493656 0.616184 0 -0.485941 0.606553 0 -0.478345 0.597073 0 -0.470869 0.58774 0 -0.463509 0.578554 0 -0.456265 0.569511 0 -0.449133 0.56061 0 -0.442113 0.551848 0 -0.435203 0.543222 0 -0.428401 0.534732 0 -0.421705 0.526374 0 -0.415114 0.518147 0 -0.408626 0.510048 0 -0.402239 0.502076 0 -0.395952 0.494229 0 -0.389763 0.486504 0 -0.383671 0.4789 0 -0.377675 0.471415 0 -0.371772 0.464047 0 -0.365961 0.456794 0 -0.360241 0.449654 0 -0.35461 0.442626 0 -0.349068 0.435708 0 -0.343612 0.428898 0 -0.338241 0.422194 0 -0.332955 0.415595 0 -0.327751 0.4091 0 -0.322628 0.402705 0 -0.317585 0.396411 0 -0.312621 0.390215 0 -0.637424 0.770513 0 -0.627461 0.75847 0 -0.617654 0.746615 0 -0.608 0.734946 0 -0.598497 0.723459 0 -0.589143 0.712151 0 -0.579934 0.70102 0 -0.57087 0.690063 0 -0.561947 0.679278 0 -0.553164 0.668661 0 -0.544518 0.65821 0 -0.536008 0.647922 0 -0.52763 0.637795 0 -0.519383 0.627826 0 -0.511265 0.618013 0 -0.503274 0.608354 0 -0.495408 0.598845 0 -0.487665 0.589485 0 -0.480043 0.580272 0 -0.47254 0.571202 0 -0.465154 0.562274 0 -0.457884 0.553486 0 -0.450727 0.544835 0 -0.443682 0.536319 0 -0.436747 0.527937 0 -0.429921 0.519685 0 -0.423201 0.511563 0 -0.416587 0.503567 0 -0.410076 0.495696 0 -0.403666 0.487948 0 -0.397357 0.480322 0 -0.391146 0.472815 0 -0.385033 0.465424 0 -0.379015 0.45815 0 -0.373091 0.450989 0 -0.367259 0.44394 0 -0.361519 0.437001 0 -0.355868 0.430171 0 -0.350306 0.423448 0 -0.344831 0.416829 0 -0.339441 0.410314 0 -0.334136 0.403901 0 -0.328913 0.397588 0 -0.323773 0.391374 0 -0.318712 0.385257 0 -0.649448 0.760406 0 -0.639297 0.748521 0 -0.629305 0.736822 0 -0.619469 0.725305 0 -0.609787 0.713969 0 -0.600256 0.702809 0 -0.590874 0.691825 0 -0.581639 0.681011 0 -0.572548 0.670367 0 -0.563599 0.659889 0 -0.55479 0.649575 0 -0.546119 0.639423 0 -0.537583 0.629429 0 -0.52918 0.619591 0 -0.520909 0.609906 0 -0.512768 0.600374 0 -0.504753 0.59099 0 -0.496864 0.581753 0 -0.489098 0.57266 0 -0.481453 0.563709 0 -0.473928 0.554899 0 -0.466521 0.546226 0 -0.459229 0.537688 0 -0.452051 0.529284 0 -0.444986 0.521012 0 -0.438031 0.512868 0 -0.431184 0.504852 0 -0.424445 0.496961 0 -0.417811 0.489194 0 -0.411281 0.481548 0 -0.404852 0.474021 0 -0.398525 0.466612 0 -0.392296 0.459319 0 -0.386164 0.45214 0 -0.380128 0.445073 0 -0.374187 0.438117 0 -0.368339 0.431269 0 -0.362581 0.424528 0 -0.356914 0.417893 0 -0.351336 0.411361 0 -0.345844 0.404932 0 -0.340439 0.398603 0 -0.335118 0.392373 0 -0.32988 0.38624 0 -0.324724 0.380203 0 -0.661312 0.750111 0 -0.650976 0.738387 0 -0.640801 0.726846 0 -0.630785 0.715485 0 -0.620926 0.704302 0 -0.611221 0.693294 0 -0.601668 0.682458 0 -0.592264 0.671791 0 -0.583007 0.661291 0 -0.573894 0.650955 0 -0.564924 0.640781 0 -0.556095 0.630766 0 -0.547403 0.620907 0 -0.538847 0.611202 0 -0.530425 0.601649 0 -0.522135 0.592245 0 -0.513974 0.582989 0 -0.50594 0.573877 0 -0.498032 0.564907 0 -0.490248 0.556078 0 -0.482586 0.547386 0 -0.475043 0.53883 0 -0.467618 0.530409 0 -0.460309 0.522118 0 -0.453115 0.513958 0 -0.446033 0.505925 0 -0.439061 0.498017 0 -0.432199 0.490233 0 -0.425443 0.482571 0 -0.418794 0.475028 0 -0.412248 0.467604 0 -0.405805 0.460295 0 -0.399462 0.453101 0 -0.393218 0.446019 0 -0.387072 0.439047 0 -0.381023 0.432185 0 -0.375067 0.42543 0 -0.369205 0.418781 0 -0.363434 0.412235 0 -0.357754 0.405792 0 -0.352162 0.39945 0 -0.346658 0.393206 0 -0.34124 0.38706 0 -0.335906 0.381011 0 -0.330656 0.375056 0 -0.673013 0.739631 0 -0.662493 0.728071 0 -0.652139 0.716691 0 -0.641946 0.705489 0 -0.631912 0.694462 0 -0.622036 0.683608 0 -0.612313 0.672923 0 -0.602743 0.662406 0 -0.593322 0.652052 0 -0.584048 0.641861 0 -0.57492 0.631829 0 -0.565934 0.621953 0 -0.557088 0.612232 0 -0.548381 0.602663 0 -0.53981 0.593243 0 -0.531373 0.583971 0 -0.523067 0.574844 0 -0.514892 0.565859 0 -0.506844 0.557015 0 -0.498922 0.548308 0 -0.491124 0.539738 0 -0.483448 0.531302 0 -0.475892 0.522998 0 -0.468454 0.514824 0 -0.461132 0.506777 0 -0.453924 0.498856 0 -0.446829 0.491059 0 -0.439846 0.483384 0 -0.432971 0.475829 0 -0.426203 0.468392 0 -0.419542 0.461071 0 -0.412985 0.453864 0 -0.40653 0.44677 0 -0.400176 0.439787 0 -0.393921 0.432913 0 -0.387764 0.426147 0 -0.381703 0.419486 0 -0.375737 0.41293 0 -0.369865 0.406476 0 -0.364084 0.400123 0 -0.358393 0.393869 0 -0.352791 0.387713 0 -0.347277 0.381653 0 -0.341849 0.375688 0 -0.336506 0.369816 0 -0.684547 0.728969 0 -0.673848 0.717575 0 -0.663316 0.706359 0 -0.652948 0.695319 0 -0.642742 0.684451 0 -0.632696 0.673753 0 -0.622807 0.663223 0 -0.613073 0.652856 0 -0.603491 0.642652 0 -0.594058 0.632608 0 -0.584773 0.62272 0 -0.575633 0.612987 0 -0.566636 0.603406 0 -0.55778 0.593975 0 -0.549062 0.584691 0 -0.54048 0.575553 0 -0.532032 0.566557 0 -0.523717 0.557701 0 -0.515531 0.548985 0 -0.507473 0.540404 0 -0.499541 0.531958 0 -0.491734 0.523643 0 -0.484048 0.515459 0 -0.476482 0.507402 0 -0.469035 0.499471 0 -0.461704 0.491665 0 -0.454488 0.48398 0 -0.447384 0.476416 0 -0.440391 0.468969 0 -0.433508 0.461639 0 -0.426732 0.454424 0 -0.420063 0.447321 0 -0.413497 0.44033 0 -0.407034 0.433447 0 -0.400672 0.426673 0 -0.39441 0.420004 0 -0.388245 0.413439 0 -0.382177 0.406977 0 -0.376204 0.400616 0 -0.370324 0.394354 0 -0.364535 0.388191 0 -0.358838 0.382123 0 -0.353229 0.376151 0 -0.347708 0.370272 0 -0.342274 0.364484 0 -0.695913 0.718126 0 -0.685036 0.706902 0 -0.674329 0.695853 0 -0.663789 0.684977 0 -0.653414 0.674271 0 -0.643201 0.663732 0 -0.633148 0.653358 0 -0.623252 0.643146 0 -0.613511 0.633094 0 -0.603922 0.623199 0 -0.594482 0.613458 0 -0.585191 0.60387 0 -0.576044 0.594431 0 -0.567041 0.58514 0 -0.558178 0.575995 0 -0.549454 0.566992 0 -0.540866 0.55813 0 -0.532412 0.549406 0 -0.52409 0.540819 0 -0.515899 0.532366 0 -0.507835 0.524046 0 -0.499898 0.515855 0 -0.492085 0.507792 0 -0.484393 0.499855 0 -0.476822 0.492043 0 -0.46937 0.484352 0 -0.462033 0.476782 0 -0.454812 0.46933 0 -0.447703 0.461994 0 -0.440706 0.454773 0 -0.433818 0.447665 0 -0.427037 0.440668 0 -0.420362 0.43378 0 -0.413792 0.427 0 -0.407325 0.420326 0 -0.400958 0.413757 0 -0.394691 0.40729 0 -0.388522 0.400924 0 -0.38245 0.394658 0 -0.376472 0.388489 0 -0.370588 0.382417 0 -0.364796 0.37644 0 -0.359094 0.370556 0 -0.353481 0.364764 0 -0.347956 0.359063 0 -0.707107 0.707107 0 -0.696055 0.696055 0 -0.685175 0.685175 0 -0.674466 0.674466 0 -0.663924 0.663924 0 -0.653547 0.653547 0 -0.643332 0.643332 0 -0.633277 0.633277 0 -0.623379 0.623379 0 -0.613636 0.613636 0 -0.604045 0.604045 0 -0.594604 0.594604 0 -0.58531 0.58531 0 -0.576162 0.576162 0 -0.567156 0.567156 0 -0.558292 0.558292 0 -0.549566 0.549566 0 -0.540976 0.540976 0 -0.532521 0.532521 0 -0.524197 0.524197 0 -0.516004 0.516004 0 -0.507939 0.507939 0 -0.5 0.5 0 -0.492185 0.492185 0 -0.484492 0.484492 0 -0.47692 0.47692 0 -0.469465 0.469465 0 -0.462128 0.462128 0 -0.454905 0.454905 0 -0.447795 0.447795 0 -0.440796 0.440796 0 -0.433906 0.433906 0 -0.427124 0.427124 0 -0.420448 0.420448 0 -0.413877 0.413877 0 -0.407408 0.407408 0 -0.40104 0.40104 0 -0.394772 0.394772 0 -0.388602 0.388602 0 -0.382528 0.382528 0 -0.376549 0.376549 0 -0.370663 0.370663 0 -0.36487 0.36487 0 -0.359167 0.359167 0 -0.353553 0.353553 0 
				</DataArray>
			</Points>
			<Cells>
				<DataArray type="UInt32" Name="connectivity" format="ascii" >
46 1 0 45 47 2 1 46 48 3 2 47 49 4 3 48 50 5 4 49 51 6 5 50 52 7 6 51 53 8 7 52 54 9 8 53 55 10 9 54 56 11 10 55 57 12 11 56 58 13 12 57 59 14 13 58 60 15 14 59 61 16 15 60 62 17 16 61 63 18 17 62 64 19 18 63 65 20 19 64 66 21 20 65 67 22 21 66 68 23 22 67 69 24 23 68 70 25 24 69 71 26 25 70 72 27 26 71 73 28 27 72 74 29 28 73 75 30 29 74 76 31 30 75 77 32 31 76 78 33 32 77 79 34 33 78 80 35 34 79 81 36 35 80 82 37 36 81 83 38 37 82 84 39 38 83 85 40 39 84 86 41 40 85 87 42 41 86 88 43 42 87 89 44 43 88 91 46 45 90 92 47 46 91 93 48 47 92 94 49 48 93 95 50 49 94 96 51 50 95 97 52 51 96 98 53 52 97 99 54 53 98 100 55 54 99 101 56 55 100 102 57 56 101 103 58 57 102 104 59 58 103 105 60 59 104 106 61 60 105 107 62 61 106 108 63 62 107 109 64 63 108 110 65 64 109 111 66 65 110 112 67 66 111 113 68 67 112 114 69 68 113 115 70 69 114 116 71 70 115 117 72 71 116 118 73 72 117 119 74 73 118 120 75 74 119 121 76 75 120 122 77 76 121 123 78 77 122 124 79 78 123 125 80 79 124 126 81 80 125 127 82 81 126 128 83 82 127 129 84 83 128 130 85 84 129 131 86 85 130 132 87 86 131 133 88 87 132 134 89 88 133 136 91 90 135 137 92 91 136 138 93 92 137 139 94 93 138 140 95 94 139 141 96 95 140 142 97 96 141 143 98 97 142 144 99 98 143 145 100 99 144 146 101 100 145 147 102 101 146 148 103 102 147 149 104 103 148 150 105 104 149 151 106 105 150 152 107 106 151 153 108 107 152 154 109 108 153 155 110 109 154 156 111 110 155 157 112 111 156 158 113 112 157 159 114 113 158 160 115 114 159 161 116 115 160 162 117 116 161 163 118 117 162 164 119 118 163 165 120 119 164 166 121 120 165 167 122 121 166 168 123 122 167 169 124 123 168 170 125 124 169 171 126 125 170 172 127 126 171 173 128 127 172 174 129 128 173 175 130 129 174 176 131 130 175 177 132 131 176 178 133 132 177 179 134 133 178 181 136 135 180 182 137 136 181 183 138 137 182 184 139 138 183 185 140 139 184 186 141 140 185 187 142 141 186 188 143 142 187 189 144 143 188 190 145 144 189 191 146 145 190 192 147 146 191 193 148 147 192 194 149 148 193 195 150 149 194 196 151 150 195 197 152 151 196 198 153 152 197 199 154 153 198 200 155 154 199 201 156 155 200 202 157 156 201 203 158 157 202 204 159 158 203 205 160 159 204 206 161 160 205 207 162 161 206 208 163 162 207 209 164 163 208 210 165 164 209 211 166 165 210 212 167 166 211 213 168 167 212 214 169 168 213 215 170 169 214 216 171 170 215 217 172 171 216 218 173 172 217 219 174 173 218 220 175 174 219 221 176 175 220 222 177 176 221 223 178 177 222 224 179 178 223 226 181 180 225 227 182 181 226 228 183 182 227 229 184 183 228 230 185 184 229 231 186 185 230 232 187 186 231 233 188 187 232 234 189 188 233 235 190 189 234 236 191 190 235 237 192 191 236 238 193 192 237 239 194 193 238 240 195 194 239 241 196 195 240 242 197 196 241 243 198 197 242 244 199 198 243 245 200 199 244 246 201 200 245 247 202 201 246 248 203 202 247 249 204 203 248 250 205 204 249 251 206 205 250 252 207 206 251 253 208 207 252 254 209 208 253 255 210 209 254 256 211 210 255 257 212 211 256 258 213 212 257 259 214 213 258 260 215 214 259 261 216 215 260 262 217 216 261 263 218 217 262 264 219 218 263 265 220 219 264 266 221 220 265 267 222 221 266 268 223 222 267 269 224 223 268 271 226 225 270 272 227 226 271 273 228 227 272 274 229 228 273 275 230 229 274 276 231 230 275 277 232 231 276 278 233 232 277 279 234 233 278 280 235 234 279 281 236 235 280 282 237 236 281 283 238 237 282 284 239 238 283 285 240 239 284 286 241 240 285 287 242 241 286 288 243 242 287 289 244 243 288 290 245 244 289 291 246 245 290 292 247 246 291 293 248 247 292 294 249 248 293 295 250 249 294 296 251 250 295 297 252 251 296 298 253 252 297 299 254 253 298 300 255 254 299 301 256 255 300 302 257 256 301 303 258 257 302 304 259 258 303 305 260 259 304 306 261 260 305 307 262 261 306 308 263 262 307 309 264 263 308 310 265 264 309 311 266 265 310 312 267 266 311 313 268 267 312 314 269 268 313 316 271 270 315 317 272 271 316 318 273 272 317 319 274 273 318 320 275 274 319 321 276 275 320 322 277 276 321 323 278 277 322 324 279 278 323 325 280 279 324 326 281 280 325 327 282 281 326 328 283 282 327 329 284 283 328 330 285 284 329 331 286 285 330 332 287 286 331 333 288 287 332 334 289 288 333 335 290 289 334 336 291 290 335 337 292 291 336 338 293 292 337 339 294 293 338 340 295 294 339 341 296 295 340 342 297 296 341 343 298 297 342 344 299 298 343 345 300 299 344 346 301 300 345 347 302 301 346 348 303 302 347 349 304 303 348 350 305 304 349 351 306 305 350 352 307 306 351 353 308 307 352 354 309 308 353 355 310 309 354 356 311 310 355 357 312 311 356 358 313 312 357 359 314 313 358 361 316 315 360 362 317 316 361 363 318 317 362 364 319 318 363 365 320 319 364 366 321 320 365 367 322 321 366 368 323 322 367 369 324 323 368 370 325 324 369 371 326 325 370 372 327 326 371 373 328 327 372 374 329 328 373 375 330 329 374 376 331 330 375 377 332 331 376 378 333 332 377 379 334 333 378 380 335 334 379 381 336 335 380 382 337 336 381 383 338 337 382 384 339 338 383 385 340 339 384 386 341 340 385 387 342 341 386 388 343 342 387 389 344 343 388 390 345 344 389 391 346 345 390 392 347 346 391 393 348 347 392 394 349 348 393 395 350 349 394 396 351 350 395 397 352 351 396 398 353 352 397 399 354 353 398 400 355 354 399 401 356 355 400 402 357 356 401 403 358 357 402 404 359 358 403 406 361 360 405 407 362 361 406 408 363 362 407 409 364 363 408 410 365 364 409 411 366 365 410 412 367 366 411 413 368 367 412 414 369 368 413 415 370 369 414 416 371 370 415 417 372 371 416 418 373 372 417 419 374 373 418 420 375 374 419 421 376 375 420 422 377 376 421 423 378 377 422 424 379 378 423 425 380 379 424 426 381 380 425 427 382 381 426 428 383 382 427 429 384 383 428 430 385 384 429 431 386 385 430 432 387 386 431 433 388 387 432 434 389 388 433 435 390 389 434 436 391 390 435 437 392 391 436 438 393 392 437 439 394 393 438 440 395 394 439 441 396 395 440 442 397 396 441 443 398 397 442 444 399 398 443 445 400 399 444 446 401 400 445 447 402 401 446 448 403 402 447 449 404 403 448 451 406 405 450 452 407 406 451 453 408 407 452 454 409 408 453 455 410 409 454 456 411 410 455 457 412 411 456 458 413 412 457 459 414 413 458 460 415 414 459 461 416 415 460 462 417 416 461 463 418 417 462 464 419 418 463 465 420 419 464 466 421 420 465 467 422 421 466 468 423 422 467 469 424 423 468 470 425 424 469 471 426 425 470 472 427 426 471 473 428 427 472 474 429 428 473 475 430 429 474 476 431 430 475 477 432 431 476 478 433 432 477 479 434 433 478 480 435 434 479 481 436 435 480 482 437 436 481 483 438 437 482 484 439 438 483 485 440 439 484 486 441 440 485 487 442 441 486 488 443 442 487 489 444 443 488 490 445 444 489 491 446 445 490 492 447 446 491 493 448 447 492 494 449 448 493 496 451 450 495 497 452 451 496 498 453 452 497 499 454 453 498 500 455 454 499 501 456 455 500 502 457 456 501 503 458 457 502 504 459 458 503 505 460 459 504 506 461 460 505 507 462 461 506 508 463 462 507 509 464 463 508 510 465 464 509 511 466 465 510 512 467 466 511 513 468 467 512 514 469 468 513 515 470 469 514 516 471 470 515 517 472 471 516 518 473 472 517 519 474 473 518 520 475 474 519 521 476 475 520 522 477 476 521 523 478 477 522 524 479 478 523 525 480 479 524 526 481 480 525 527 482 481 526 528 483 482 527 529 484 483 528 530 485 484 529 531 486 485 530 532 487 486 531 533 488 487 532 534 489 488 533 535 490 489 534 536 491 490 535 537 492 491 536 538 493 492 537 539 494 493 538 541 496 495 540 542 497 496 541 543 498 497 542 544 499 498 543 545 500 499 544 546 501 500 545 547 502 501 546 548 503 502 547 549 504 503 548 550 505 504 549 551 506 505 550 552 507 506 551 553 508 507 552 554 509 508 553 555 510 509 554 556 511 510 555 557 512 511 556 558 513 512 557 559 514 513 558 560 515 514 559 561 516 515 560 562 517 516 561 563 518 517 562 564 519 518 563 565 520 519 564 566 521 520 565 567 522 521 566 568 523 522 567 569 524 523 568 570 525 524 569 571 526 525 570 572 527 526 571 573 528 527 572 574 529 528 573 575 530 529 574 576 531 530 575 577 532 531 576 578 533 532 577 579 534 533 578 580 535 534 579 581 536 535 580 582 537 536 581 583 538 537 582 584 539 538 583 586 541 540 585 587 542 541 586 588 543 542 587 589 544 543 588 590 545 544 589 591 546 545 590 592 547 546 591 593 548 547 592 594 549 548 593 595 550 549 594 596 551 550 595 597 552 551 596 598 553 552 597 599 554 553 598 600 555 554 599 601 556 555 600 602 557 556 601 603 558 557 602 604 559 558 603 605 560 559 604 606 561 560 605 607 562 561 606 608 563 562 607 609 564 563 608 610 565 564 609 611 566 565 610 612 567 566 611 613 568 567 612 614 569 568 613 615 570 569 614 616 571 570 615 617 572 571 616 618 573 572 617 619 574 573 618 620 575 574 619 621 576 575 620 622 577 576 621 623 578 577 622 624 579 578 623 625 580 579 624 626 581 580 625 627 582 581 626 628 583 582 627 629 584 583 628 631 586 585 630 632 587 586 631 633 588 587 632 634 589 588 633 635 590 589 634 636 591 590 635 637 592 591 636 638 593 592 637 639 594 593 638 640 595 594 639 641 596 595 640 642 597 596 641 643 598 597 642 644 599 598 643 645 600 599 644 646 601 600 645 647 602 601 646 648 603 602 647 649 604 603 648 650 605 604 649 651 606 605 650 652 607 606 651 653 608 607 652 654 609 608 653 655 610 609 654 656 611 610 655 657 612 611 656 658 613 612 657 659 614 613 658 660 615 614 659 661 616 615 660 662 617 616 661 663 618 617 662 664 619 618 663 665 620 619 664 666 621 620 665 667 622 621 666 668 623 622 667 669 624 623 668 670 625 624 669 671 626 625 670 672 627 626 671 673 628 627 672 674 629 628 673 676 631 630 675 677 632 631 676 678 633 632 677 679 634 633 678 680 635 634 679 681 636 635 680 682 637 636 681 683 638 637 682 684 639 638 683 685 640 639 684 686 641 640 685 687 642 641 686 688 643 642 687 689 644 643 688 690 645 644 689 691 646 645 690 692 647 646 691 693 648 647 692 694 649 648 693 695 650 649 694 696 651 650 695 697 652 651 696 698 653 652 697 699 654 653 698 700 655 654 699 701 656 655 700 702 657 656 701 703 658 657 702 704 659 658 703 705 660 659 704 706 661 660 705 707 662 661 706 708 663 662 707 709 664 663 708 710 665 664 709 711 666 665 710 712 667 666 711 713 668 667 712 714 669 668 713 715 670 669 714 716 671 670 715 717 672 671 716 718 673 672 717 719 674 673 718 721 676 675 720 722 677 676 721 723 678 677 722 724 679 678 723 725 680 679 724 726 681 680 725 727 682 681 726 728 683 682 727 729 684 683 728 730 685 684 729 731 686 685 730 732 687 686 731 733 688 687 732 734 689 688 733 735 690 689 734 736 691 690 735 737 692 691 736 738 693 692 737 739 694 693 738 740 695 694 739 741 696 695 740 742 697 696 741 743 698 697 742 744 699 698 743 745 700 699 744 746 701 700 745 747 702 701 746 748 703 702 747 749 704 703 748 750 705 704 749 751 706 705 750 752 707 706 751 753 708 707 752 754 709 708 753 755 710 709 754 756 711 710 755 757 712 711 756 758 713 712 757 759 714 713 758 760 715 714 759 761 716 715 760 762 717 716 761 763 718 717 762 764 719 718 763 766 721 720 765 767 722 721 766 768 723 722 767 769 724 723 768 770 725 724 769 771 726 725 770 772 727 726 771 773 728 727 772 774 729 728 773 775 730 729 774 776 731 730 775 777 732 731 776 778 733 732 777 779 734 733 778 780 735 734 779 781 736 735 780 782 737 736 781 783 738 737 782 784 739 738 783 785 740 739 784 786 741 740 785 787 742 741 786 788 743 742 787 789 744 743 788 790 745 744 789 791 746 745 790 792 747 746 791 793 748 747 792 794 749 748 793 795 750 749 794 796 751 750 795 797 752 751 796 798 753 752 797 799 754 753 798 800 755 754 799 801 756 755 800 802 757 756 801 803 758 757 802 804 759 758 803 805 760 759 804 806 761 760 805 807 762 761 806 808 763 762 807 809 764 763 808 811 766 765 810 812 767 766 811 813 768 767 812 814 769 768 813 815 770 769 814 816 771 770 815 817 772 771 816 818 773 772 817 819 774 773 818 820 775 774 819 821 776 775 820 822 777 776 821 823 778 777 822 824 779 778 823 825 780 779 824 826 781 780 825 827 782 781 826 828 783 782 827 829 784 783 828 830 785 784 829 831 786 785 830 832 787 786 831 833 788 787 832 834 789 788 833 835 790 789 834 836 791 790 835 837 792 791 836 838 793 792 837 839 794 793 838 840 795 794 839 841 796 795 840 842 797 796 841 843 798 797 842 844 799 798 843 845 800 799 844 846 801 800 845 847 802 801 846 848 803 802 847 849 804 803 848 850 805 804 849 851 806 805 850 852 807 806 851 853 808 807 852 854 809 808 853 856 811 810 855 857 812 811 856 858 813 812 857 859 814 813 858 860 815 814 859 861 816 815 860 862 817 816 861 863 818 817 862 864 819 818 863 865 820 819 864 866 821 820 865 867 822 821 866 868 823 822 867 869 824 823 868 870 825 824 869 871 826 825 870 872 827 826 871 873 828 827 872 874 829 828 873 875 830 829 874 876 831 830 875 877 832 831 876 878 833 832 877 879 834 833 878 880 835 834 879 881 836 835 880 882 837 836 881 883 838 837 882 884 839 838 883 885 840 839 884 886 841 840 885 887 842 841 886 888 843 842 887 889 844 843 888 890 845 844 889 891 846 845 890 892 847 846 891 893 848 847 892 894 849 848 893 895 850 849 894 896 851 850 895 897 852 851 896 898 853 852 897 899 854 853 898 901 856 855 900 902 857 856 901 903 858 857 902 904 859 858 903 905 860 859 904 906 861 860 905 907 862 861 906 908 863 862 907 909 864 863 908 910 865 864 909 911 866 865 910 912 867 866 911 913 868 867 912 914 869 868 913 915 870 869 914 916 871 870 915 917 872 871 916 918 873 872 917 919 874 873 918 920 875 874 919 921 876 875 920 922 877 876 921 923 878 877 922 924 879 878 923 925 880 879 924 926 881 880 925 927 882 881 926 928 883 882 927 929 884 883 928 930 885 884 929 931 886 885 930 932 887 886 931 933 888 887 932 934 889 888 933 935 890 889 934 936 891 890 935 937 892 891 936 938 893 892 937 939 894 893 938 940 895 894 939 941 896 895 940 942 897 896 941 943 898 897 942 944 899 898 943 946 901 900 945 947 902 901 946 948 903 902 947 949 904 903 948 950 905 904 949 951 906 905 950 952 907 906 951 953 908 907 952 954 909 908 953 955 910 909 954 956 911 910 955 957 912 911 956 958 913 912 957 959 914 913 958 960 915 914 959 961 916 915 960 962 917 916 961 963 918 917 962 964 919 918 963 965 920 919 964 966 921 920 965 967 922 921 966 968 923 922 967 969 924 923 968 970 925 924 969 971 926 925 970 972 927 926 971 973 928 927 972 974 929 928 973 975 930 929 974 976 931 930 975 977 932 931 976 978 933 932 977 979 934 933 978 980 935 934 979 981 936 935 980 982 937 936 981 983 938 937 982 984 939 938 983 985 940 939 984 986 941 940 985 987 942 941 986 988 943 942 987 989 944 943 988 991 946 945 990 992 947 946 991 993 948 947 992 994 949 948 993 995 950 949 994 996 951 950 995 997 952 951 996 998 953 952 997 999 954 953 998 1000 955 954 999 1001 956 955 1000 1002 957 956 1001 1003 958 957 1002 1004 959 958 1003 1005 960 959 1004 1006 961 960 1005 1007 962 961 1006 1008 963 962 1007 1009 964 963 1008 1010 965 964 1009 1011 966 965 1010 1012 967 966 1011 1013 968 967 1012 1014 969 968 1013 1015 970 969 1014 1016 971 970 1015 1017 972 971 1016 1018 973 972 1017 1019 974 973 1018 1020 975 974 1019 1021 976 975 1020 1022 977 976 1021 1023 978 977 1022 1024 979 978 1023 1025 980 979 1024 1026 981 980 1025 1027 982 981 1026 1028 983 982 1027 1029 984 983 1028 1030 985 984 1029 1031 986 985 1030 1032 987 986 1031 1033 988 987 1032 1034 989 988 1033 1036 991 990 1035 1037 992 991 1036 1038 993 992 1037 1039 994 993 1038 1040 995 994 1039 1041 996 995 1040 1042 997 996 1041 1043 998 997 1042 1044 999 998 1043 1045 1000 999 1044 1046 1001 1000 1045 1047 1002 1001 1046 1048 1003 1002 1047 1049 1004 1003 1048 1050 1005 1004 1049 1051 1006 1005 1050 1052 1007 1006 1051 1053 1008 1007 1052 1054 1009 1008 1053 1055 1010 1009 1054 1056 1011 1010 1055 1057 1012 1011 1056 1058 1013 1012 1057 1059 1014 1013 1058 1060 1015 1014 1059 1061 1016 1015 1060 1062 1017 1016 1061 1063 1018 1017 1062 1064 1019 1018 1063 1065 1020 1019 1064 1066 1021 1020 1065 1067 1022 1021 1066 1068 1023 1022 1067 1069 1024 1023 1068 1070 1025 1024 1069 1071 1026 1025 1070 1072 1027 1026 1071 1073 1028 1027 1072 1074 1029 1028 1073 1075 1030 1029 1074 1076 1031 1030 1075 1077 1032 1031 1076 1078 1033 1032 1077 1079 1034 1033 1078 1081 1036 1035 1080 1082 1037 1036 1081 1083 1038 1037 1082 1084 1039 1038 1083 1085 1040 1039 1084 1086 1041 1040 1085 1087 1042 1041 1086 1088 1043 1042 1087 1089 1044 1043 1088 1090 1045 1044 1089 1091 1046 1045 1090 1092 1047 1046 1091 1093 1048 1047 1092 1094 1049 1048 1093 1095 1050 1049 1094 1096 1051 1050 1095 1097 1052 1051 1096 1098 1053 1052 1097 1099 1054 1053 1098 1100 1055 1054 1099 1101 1056 1055 1100 1102 1057 1056 1101 1103 1058 1057 1102 1104 1059 1058 1103 1105 1060 1059 1104 1106 1061 1060 1105 1107 1062 1061 1106 1108 1063 1062 1107 1109 1064 1063 1108 1110 1065 1064 1109 1111 1066 1065 1110 1112 1067 1066 1111 1113 1068 1067 1112 1114 1069 1068 1113 1115 1070 1069 1114 1116 1071 1070 1115 1117 1072 1071 1116 1118 1073 1072 1117 1119 1074 1073 1118 1120 1075 1074 1119 1121 1076 1075 1120 1122 1077 1076 1121 1123 1078 1077 1122 1124 1079 1078 1123 1126 1081 1080 1125 1127 1082 1081 1126 1128 1083 1082 1127 1129 1084 1083 1128 1130 1085 1084 1129 1131 1086 1085 1130 1132 1087 1086 1131 1133 1088 1087 1132 1134 1089 1088 1133 1135 1090 1089 1134 1136 1091 1090 1135 1137 1092 1091 1136 1138 1093 1092 1137 1139 1094 1093 1138 1140 1095 1094 1139 1141 1096 1095 1140 1142 1097 1096 1141 1143 1098 1097 1142 1144 1099 1098 1143 1145 1100 1099 1144 1146 1101 1100 1145 1147 1102 1101 1146 1148 1103 1102 1147 1149 1104 1103 1148 1150 1105 1104 1149 1151 1106 1105 1150 1152 1107 1106 1151 1153 1108 1107 1152 1154 1109 1108 1153 1155 1110 1109 1154 1156 1111 1110 1155 1157 1112 1111 1156 1158 1113 1112 1157 1159 1114 1113 1158 1160 1115 1114 1159 1161 1116 1115 1160 1162 1117 1116 1161 1163 1118 1117 1162 1164 1119 1118 1163 1165 1120 1119 1164 1166 1121 1120 1165 1167 1122 1121 1166 1168 1123 1122 1167 1169 1124 1123 1168 1171 1126 1125 1170 1172 1127 1126 1171 1173 1128 1127 1172 1174 1129 1128 1173 1175 1130 1129 1174 1176 1131 1130 1175 1177 1132 1131 1176 1178 1133 1132 1177 1179 1134 1133 1178 1180 1135 1134 1179 1181 1136 1135 1180 1182 1137 1136 1181 1183 1138 1137 1182 1184 1139 1138 1183 1185 1140 1139 1184 1186 1141 1140 1185 1187 1142 1141 1186 1188 1143 1142 1187 1189 1144 1143 1188 1190 1145 1144 1189 1191 1146 1145 1190 1192 1147 1146 1191 1193 1148 1147 1192 1194 1149 1148 1193 1195 1150 1149 1194 1196 1151 1150 1195 1197 1152 1151 1196 1198 1153 1152 1197 1199 1154 1153 1198 1200 1155 1154 1199 1201 1156 1155 1200 1202 1157 1156 1201 1203 1158 1157 1202 1204 1159 1158 1203 1205 1160 1159 1204 1206 1161 1160 1205 1207 1162 1161 1206 1208 1163 1162 1207 1209 1164 1163 1208 1210 1165 1164 1209 1211 1166 1165 1210 1212 1167 1166 1211 1213 1168 1167 1212 1214 1169 1168 1213 1216 1171 1170 1215 1217 1172 1171 1216 1218 1173 1172 1217 1219 1174 1173 1218 1220 1175 1174 1219 1221 1176 1175 1220 1222 1177 1176 1221 1223 1178 1177 1222 1224 1179 1178 1223 1225 1180 1179 1224 1226 1181 1180 1225 1227 1182 1181 1226 1228 1183 1182 1227 1229 1184 1183 1228 1230 1185 1184 1229 1231 1186 1185 1230 1232 1187 1186 1231 1233 1188 1187 1232 1234 1189 1188 1233 1235 1190 1189 1234 1236 1191 1190 1235 1237 1192 1191 1236 1238 1193 1192 1237 1239 1194 1193 1238 1240 1195 1194 1239 1241 1196 1195 1240 1242 1197 1196 1241 1243 1198 1197 1242 1244 1199 1198 1243 1245 1200 1199 1244 1246 1201 1200 1245 1247 1202 1201 1246 1248 1203 1202 1247 1249 1204 1203 1248 1250 1205 1204 1249 1251 1206 1205 1250 1252 1207 1206 1251 1253 1208 1207 1252 1254 1209 1208 1253 1255 1210 1209 1254 1256 1211 1210 1255 1257 1212 1211 1256 1258 1213 1212 1257 1259 1214 1213 1258 1261 1216 1215 1260 1262 1217 1216 1261 1263 1218 1217 1262 1264 1219 1218 1263 1265 1220 1219 1264 1266 1221 1220 1265 1267 1222 1221 1266 1268 1223 1222 1267 1269 1224 1223 1268 1270 1225 1224 1269 1271 1226 1225 1270 1272 1227 1226 1271 1273 1228 1227 1272 1274 1229 1228 1273 1275 1230 1229 1274 1276 1231 1230 1275 1277 1232 1231 1276 1278 1233 1232 1277 1279 1234 1233 1278 1280 1235 1234 1279 1281 1236 1235 1280 1282 1237 1236 1281 1283 1238 1237 1282 1284 1239 1238 1283 1285 1240 1239 1284 1286 1241 1240 1285 1287 1242 1241 1286 1288 1243 1242 1287 1289 1244 1243 1288 1290 1245 1244 1289 1291 1246 1245 1290 1292 1247 1246 1291 1293 1248 1247 1292 1294 1249 1248 1293 1295 1250 1249 1294 1296 1251 1250 1295 1297 1252 1251 1296 1298 1253 1252 1297 1299 1254 1253 1298 1300 1255 1254 1299 1301 1256 1255 1300 1302 1257 1256 1301 1303 1258 1257 1302 1304 1259 1258 1303 1306 1261 1260 1305 1307 1262 1261 1306 1308 1263 1262 1307 1309 1264 1263 1308 1310 1265 1264 1309 1311 1266 1265 1310 1312 1267 1266 1311 1313 1268 1267 1312 1314 1269 1268 1313 1315 1270 1269 1314 1316 1271 1270 1315 1317 1272 1271 1316 1318 1273 1272 1317 1319 1274 1273 1318 1320 1275 1274 1319 1321 1276 1275 1320 1322 1277 1276 1321 1323 1278 1277 1322 1324 1279 1278 1323 1325 1280 1279 1324 1326 1281 1280 1325 1327 1282 1281 1326 1328 1283 1282 1327 1329 1284 1283 1328 1330 1285 1284 1329 1331 1286 1285 1330 1332 1287 1286 1331 1333 1288 1287 1332 1334 1289 1288 1333 1335 1290 1289 1334 1336 1291 1290 1335 1337 1292 1291 1336 1338 1293 1292 1337 1339 1294 1293 1338 1340 1295 1294 1339 1341 1296 1295 1340 1342 1297 1296 1341 1343 1298 1297 1342 1344 1299 1298 1343 1345 1300 1299 1344 1346 1301 1300 1345 1347 1302 1301 1346 1348 1303 1302 1347 1349 1304 1303 1348 1351 1306 1305 1350 1352 1307 1306 1351 1353 1308 1307 1352 1354 1309 1308 1353 1355 1310 1309 1354 1356 1311 1310 1355 1357 1312 1311 1356 1358 1313 1312 1357 1359 1314 1313 1358 1360 1315 1314 1359 1361 1316 1315 1360 1362 1317 1316 1361 1363 1318 1317 1362 1364 1319 1318 1363 1365 1320 1319 1364 1366 1321 1320 1365 1367 1322 1321 1366 1368 1323 1322 1367 1369 1324 1323 1368 1370 1325 1324 1369 1371 1326 1325 1370 1372 1327 1326 1371 1373 1328 1327 1372 1374 1329 1328 1373 1375 1330 1329 1374 1376 1331 1330 1375 1377 1332 1331 1376 1378 1333 1332 1377 1379 1334 1333 1378 1380 1335 1334 1379 1381 1336 1335 1380 1382 1337 1336 1381 1383 1338 1337 1382 1384 1339 1338 1383 1385 1340 1339 1384 1386 1341 1340 1385 1387 1342 1341 1386 1388 1343 1342 1387 1389 1344 1343 1388 1390 1345 1344 1389 1391 1346 1345 1390 1392 1347 1346 1391 1393 1348 1347 1392 1394 1349 1348 1393 1396 1351 1350 1395 1397 1352 1351 1396 1398 1353 1352 1397 1399 1354 1353 1398 1400 1355 1354 1399 1401 1356 1355 1400 1402 1357 1356 1401 1403 1358 1357 1402 1404 1359 1358 1403 1405 1360 1359 1404 1406 1361 1360 1405 1407 1362 1361 1406 1408 1363 1362 1407 1409 1364 1363 1408 1410 1365 1364 1409 1411 1366 1365 1410 1412 1367 1366 1411 1413 1368 1367 1412 1414 1369 1368 1413 1415 1370 1369 1414 1416 1371 1370 1415 1417 1372 1371 1416 1418 1373 1372 1417 1419 1374 1373 1418 1420 1375 1374 1419 1421 1376 1375 1420 1422 1377 1376 1421 1423 1378 1377 1422 1424 1379 1378 1423 1425 1380 1379 1424 1426 1381 1380 1425 1427 1382 1381 1426 1428 1383 1382 1427 1429 1384 1383 1428 1430 1385 1384 1429 1431 1386 1385 1430 1432 1387 1386 1431 1433 1388 1387 1432 1434 1389 1388 1433 1435 1390 1389 1434 1436 1391 1390 1435 1437 1392 1391 1436 1438 1393 1392 1437 1439 1394 1393 1438 1441 1396 1395 1440 1442 1397 1396 1441 1443 1398 1397 1442 1444 1399 1398 1443 1445 1400 1399 1444 1446 1401 1400 1445 1447 1402 1401 1446 1448 1403 1402 1447 1449 1404 1403 1448 1450 1405 1404 1449 1451 1406 1405 1450 1452 1407 1406 1451 1453 1408 1407 1452 1454 1409 1408 1453 1455 1410 1409 1454 1456 1411 1410 1455 1457 1412 1411 1456 1458 1413 1412 1457 1459 1414 1413 1458 1460 1415 1414 1459 1461 1416 1415 1460 1462 1417 1416 1461 1463 1418 1417 1462 1464 1419 1418 1463 1465 1420 1419 1464 1466 1421 1420 1465 1467 1422 1421 1466 1468 1423 1422 1467 1469 1424 1423 1468 1470 1425 1424 1469 1471 1426 1425 1470 1472 1427 1426 1471 1473 1428 1427 1472 1474 1429 1428 1473 1475 1430 1429 1474 1476 1431 1430 1475 1477 1432 1431 1476 1478 1433 1432 1477 1479 1434 1433 1478 1480 1435 1434 1479 1481 1436 1435 1480 1482 1437 1436 1481 1483 1438 1437 1482 1484 1439 1438 1483 1486 1441 1440 1485 1487 1442 1441 1486 1488 1443 1442 1487 1489 1444 1443 1488 1490 1445 1444 1489 1491 1446 1445 1490 1492 1447 1446 1491 1493 1448 1447 1492 1494 1449 1448 1493 1495 1450 1449 1494 1496 1451 1450 1495 1497 1452 1451 1496 1498 1453 1452 1497 1499 1454 1453 1498 1500 1455 1454 1499 1501 1456 1455 1500 1502 1457 1456 1501 1503 1458 1457 1502 1504 1459 1458 1503 1505 1460 1459 1504 1506 1461 1460 1505 1507 1462 1461 1506 1508 1463 1462 1507 1509 1464 1463 1508 1510 1465 1464 1509 1511 1466 1465 1510 1512 1467 1466 1511 1513 1468 1467 1512 1514 1469 1468 1513 1515 1470 1469 1514 1516 1471 1470 1515 1517 1472 1471 1516 1518 1473 1472 1517 1519 1474 1473 1518 1520 1475 1474 1519 1521 1476 1475 1520 1522 1477 1476 1521 1523 1478 1477 1522 1524 1479 1478 1523 1525 1480 1479 1524 1526 1481 1480 1525 1527 1482 1481 1526 1528 1483 1482 1527 1529 1484 1483 1528 1531 1486 1485 1530 1532 1487 1486 1531 1533 1488 1487 1532 1534 1489 1488 1533 1535 1490 1489 1534 1536 1491 1490 1535 1537 1492 1491 1536 1538 1493 1492 1537 1539 1494 1493 1538 1540 1495 1494 1539 1541 1496 1495 1540 1542 1497 1496 1541 1543 1498 1497 1542 1544 1499 1498 1543 1545 1500 1499 1544 1546 1501 1500 1545 1547 1502 1501 1546 1548 1503 1502 1547 1549 1504 1503 1548 1550 1505 1504 1549 1551 1506 1505 1550 1552 1507 1506 1551 1553 1508 1507 1552 1554 1509 1508 1553 1555 1510 1509 1554 1556 1511 1510 1555 1557 1512 1511 1556 1558 1513 1512 1557 1559 1514 1513 1558 1560 1515 1514 1559 1561 1516 1515 1560 1562 1517 1516 1561 1563 1518 1517 1562 1564 1519 1518 1563 1565 1520 1519 1564 1566 1521 1520 1565 1567 1522 1521 1566 1568 1523 1522 1567 1569 1524 1523 1568 1570 1525 1524 1569 1571 1526 1525 1570 1572 1527 1526 1571 1573 1528 1527 1572 1574 1529 1528 1573 1576 1531 1530 1575 1577 1532 1531 1576 1578 1533 1532 1577 1579 1534 1533 1578 1580 1535 1534 1579 1581 1536 1535 1580 1582 1537 1536 1581 1583 1538 1537 1582 1584 1539 1538 1583 1585 1540 1539 1584 1586 1541 1540 1585 1587 1542 1541 1586 1588 1543 1542 1587 1589 1544 1543 1588 1590 1545 1544 1589 1591 1546 1545 1590 1592 1547 1546 1591 1593 1548 1547 1592 1594 1549 1548 1593 1595 1550 1549 1594 1596 1551 1550 1595 1597 1552 1551 1596 1598 1553 1552 1597 1599 1554 1553 1598 1600 1555 1554 1599 1601 1556 1555 1600 1602 1557 1556 1601 1603 1558 1557 1602 1604 1559 1558 1603 1605 1560 1559 1604 1606 1561 1560 1605 1607 1562 1561 1606 1608 1563 1562 1607 1609 1564 1563 1608 1610 1565 1564 1609 1611 1566 1565 1610 1612 1567 1566 1611 1613 1568 1567 1612 1614 1569 1568 1613 1615 1570 1569 1614 1616 1571 1570 1615 1617 1572 1571 1616 1618 1573 1572 1617 1619 1574 1573 1618 1621 1576 1575 1620 1622 1577 1576 1621 1623 1578 1577 1622 1624 1579 1578 1623 1625 1580 1579 1624 1626 1581 1580 1625 1627 1582 1581 1626 1628 1583 1582 1627 1629 1584 1583 1628 1630 1585 1584 1629 1631 1586 1585 1630 1632 1587 1586 1631 1633 1588 1587 1632 1634 1589 1588 1633 1635 1590 1589 1634 1636 1591 1590 1635 1637 1592 1591 1636 1638 1593 1592 1637 1639 1594 1593 1638 1640 1595 1594 1639 1641 1596 1595 1640 1642 1597 1596 1641 1643 1598 1597 1642 1644 1599 1598 1643 1645 1600 1599 1644 1646 1601 1600 1645 1647 1602 1601 1646 1648 1603 1602 1647 1649 1604 1603 1648 1650 1605 1604 1649 1651 1606 1605 1650 1652 1607 1606 1651 1653 1608 1607 1652 1654 1609 1608 1653 1655 1610 1609 1654 1656 1611 1610 1655 1657 1612 1611 1656 1658 1613 1612 1657 1659 1614 1613 1658 1660 1615 1614 1659 1661 1616 1615 1660 1662 1617 1616 1661 1663 1618 1617 1662 1664 1619 1618 1663 1666 1621 1620 1665 1667 1622 1621 1666 1668 1623 1622 1667 1669 1624 1623 1668 1670 1625 1624 1669 1671 1626 1625 1670 1672 1627 1626 1671 1673 1628 1627 1672 1674 1629 1628 1673 1675 1630 1629 1674 1676 1631 1630 1675 1677 1632 1631 1676 1678 1633 1632 1677 1679 1634 1633 1678 1680 1635 1634 1679 1681 1636 1635 1680 1682 1637 1636 1681 1683 1638 1637 1682 1684 1639 1638 1683 1685 1640 1639 1684 1686 1641 1640 1685 1687 1642 1641 1686 1688 1643 1642 1687 1689 1644 1643 1688 1690 1645 1644 1689 1691 1646 1645 1690 1692 1647 1646 1691 1693 1648 1647 1692 1694 1649 1648 1693 1695 1650 1649 1694 1696 1651 1650 1695 1697 1652 1651 1696 1698 1653 1652 1697 1699 1654 1653 1698 1700 1655 1654 1699 1701 1656 1655 1700 1702 1657 1656 1701 1703 1658 1657 1702 1704 1659 1658 1703 1705 1660 1659 1704 1706 1661 1660 1705 1707 1662 1661 1706 1708 1663 1662 1707 1709 1664 1663 1708 1711 1666 1665 1710 1712 1667 1666 1711 1713 1668 1667 1712 1714 1669 1668 1713 1715 1670 1669 1714 1716 1671 1670 1715 1717 1672 1671 1716 1718 1673 1672 1717 1719 1674 1673 1718 1720 1675 1674 1719 1721 1676 1675 1720 1722 1677 1676 1721 1723 1678 1677 1722 1724 1679 1678 1723 1725 1680 1679 1724 1726 1681 1680 1725 1727 1682 1681 1726 1728 1683 1682 1727 1729 1684 1683 1728 1730 1685 1684 1729 1731 1686 1685 1730 1732 1687 1686 1731 1733 1688 1687 1732 1734 1689 1688 1733 1735 1690 1689 1734 1736 1691 1690 1735 1737 1692 1691 1736 1738 1693 1692 1737 1739 1694 1693 1738 1740 1695 1694 1739 1741 1696 1695 1740 1742 1697 1696 1741 1743 1698 1697 1742 1744 1699 1698 1743 1745 1700 1699 1744 1746 1701 1700 1745 1747 1702 1701 1746 1748 1703 1702 1747 1749 1704 1703 1748 1750 1705 1704 1749 1751 1706 1705 1750 1752 1707 1706 1751 1753 1708 1707 1752 1754 1709 1708 1753 1756 1711 1710 1755 1757 1712 1711 1756 1758 1713 1712 1757 1759 1714 1713 1758 1760 1715 1714 1759 1761 1716 1715 1760 1762 1717 1716 1761 1763 1718 1717 1762 1764 1719 1718 1763 1765 1720 1719 1764 1766 1721 1720 1765 1767 1722 1721 1766 1768 1723 1722 1767 1769 1724 1723 1768 1770 1725 1724 1769 1771 1726 1725 1770 1772 1727 1726 1771 1773 1728 1727 1772 1774 1729 1728 1773 1775 1730 1729 1774 1776 1731 1730 1775 1777 1732 1731 1776 1778 1733 1732 1777 1779 1734 1733 1778 1780 1735 1734 1779 1781 1736 1735 1780 1782 1737 1736 1781 1783 1738 1737 1782 1784 1739 1738 1783 1785 1740 1739 1784 1786 1741 1740 1785 1787 1742 1741 1786 1788 1743 1742 1787 1789 1744 1743 1788 1790 1745 1744 1789 1791 1746 1745 1790 1792 1747 1746 1791 1793 1748 1747 1792 1794 1749 1748 1793 1795 1750 1749 1794 1796 1751 1750 1795 1797 1752 1751 1796 1798 1753 1752 1797 1799 1754 1753 1798 1801 1756 1755 1800 1802 1757 1756 1801 1803 1758 1757 1802 1804 1759 1758 1803 1805 1760 1759 1804 1806 1761 1760 1805 1807 1762 1761 1806 1808 1763 1762 1807 1809 1764 1763 1808 1810 1765 1764 1809 1811 1766 1765 1810 1812 1767 1766 1811 1813 1768 1767 1812 1814 1769 1768 1813 1815 1770 1769 1814 1816 1771 1770 1815 1817 1772 1771 1816 1818 1773 1772 1817 1819 1774 1773 1818 1820 1775 1774 1819 1821 1776 1775 1820 1822 1777 1776 1821 1823 1778 1777 1822 1824 1779 1778 1823 1825 1780 1779 1824 1826 1781 1780 1825 1827 1782 1781 1826 1828 1783 1782 1827 1829 1784 1783 1828 1830 1785 1784 1829 1831 1786 1785 1830 1832 1787 1786 1831 1833 1788 1787 1832 1834 1789 1788 1833 1835 1790 1789 1834 1836 1791 1790 1835 1837 1792 1791 1836 1838 1793 1792 1837 1839 1794 1793 1838 1840 1795 1794 1839 1841 1796 1795 1840 1842 1797 1796 1841 1843 1798 1797 1842 1844 1799 1798 1843 1846 1801 1800 1845 1847 1802 1801 1846 1848 1803 1802 1847 1849 1804 1803 1848 1850 1805 1804 1849 1851 1806 1805 1850 1852 1807 1806 1851 1853 1808 1807 1852 1854 1809 1808 1853 1855 1810 1809 1854 1856 1811 1810 1855 1857 1812 1811 1856 1858 1813 1812 1857 1859 1814 1813 1858 1860 1815 1814 1859 1861 1816 1815 1860 1862 1817 1816 1861 1863 1818 1817 1862 1864 1819 1818 1863 1865 1820 1819 1864 1866 1821 1820 1865 1867 1822 1821 1866 1868 1823 1822 1867 1869 1824 1823 1868 1870 1825 1824 1869 1871 1826 1825 1870 1872 1827 1826 1871 1873 1828 1827 1872 1874 1829 1828 1873 1875 1830 1829 1874 1876 1831 1830 1875 1877 1832 1831 1876 1878 1833 1832 1877 1879 1834 1833 1878 1880 1835 1834 1879 1881 1836 1835 1880 1882 1837 1836 1881 1883 1838 1837 1882 1884 1839 1838 1883 1885 1840 1839 1884 1886 1841 1840 1885 1887 1842 1841 1886 1888 1843 1842 1887 1889 1844 1843 1888 1891 1846 1845 1890 1892 1847 1846 1891 1893 1848 1847 1892 1894 1849 1848 1893 1895 1850 1849 1894 1896 1851 1850 1895 1897 1852 1851 1896 1898 1853 1852 1897 1899 1854 1853 1898 1900 1855 1854 1899 1901 1856 1855 1900 1902 1857 1856 1901 1903 1858 1857 1902 1904 1859 1858 1903 1905 1860 1859 1904 1906 1861 1860 1905 1907 1862 1861 1906 1908 1863 1862 1907 1909 1864 1863 1908 1910 1865 1864 1909 1911 1866 1865 1910 1912 1867 1866 1911 1913 1868 1867 1912 1914 1869 1868 1913 1915 1870 1869 1914 1916 1871 1870 1915 1917 1872 1871 1916 1918 1873 1872 1917 1919 1874 1873 1918 1920 1875 1874 1919 1921 1876 1875 1920 1922 1877 1876 1921 1923 1878 1877 1922 1924 1879 1878 1923 1925 1880 1879 1924 1926 1881 1880 1925 1927 1882 1881 1926 1928 1883 1882 1927 1929 1884 1883 1928 1930 1885 1884 1929 1931 1886 1885 1930 1932 1887 1886 1931 1933 1888 1887 1932 1934 1889 1888 1933 1936 1891 1890 1935 1937 1892 1891 1936 1938 1893 1892 1937 1939 1894 1893 1938 1940 1895 1894 1939 1941 1896 1895 1940 1942 1897 1896 1941 1943 1898 1897 1942 1944 1899 1898 1943 1945 1900 1899 1944 1946 1901 1900 1945 1947 1902 1901 1946 1948 1903 1902 1947 1949 1904 1903 1948 1950 1905 1904 1949 1951 1906 1905 1950 1952 1907 1906 1951 1953 1908 1907 1952 1954 1909 1908 1953 1955 1910 1909 1954 1956 1911 1910 1955 1957 1912 1911 1956 1958 1913 1912 1957 1959 1914 1913 1958 1960 1915 1914 1959 1961 1916 1915 1960 1962 1917 1916 1961 1963 1918 1917 1962 1964 1919 1918 1963 1965 1920 1919 1964 1966 1921 1920 1965 1967 1922 1921 1966 1968 1923 1922 1967 1969 1924 1923 1968 1970 1925 1924 1969 1971 1926 1925 1970 1972 1927 1926 1971 1973 1928 1927 1972 1974 1929 1928 1973 1975 1930 1929 1974 1976 1931 1930 1975 1977 1932 1931 1976 1978 1933 1932 1977 1979 1934 1933 1978 1981 1936 1935 1980 1982 1937 1936 1981 1983 1938 1937 1982 1984 1939 1938 1983 1985 1940 1939 1984 1986 1941 1940 1985 1987 1942 1941 1986 1988 1943 1942 1987 1989 1944 1943 1988 1990 1945 1944 1989 1991 1946 1945 1990 1992 1947 1946 1991 1993 1948 1947 1992 1994 1949 1948 1993 1995 1950 1949 1994 1996 1951 1950 1995 1997 1952 1951 1996 1998 1953 1952 1997 1999 1954 1953 1998 2000 1955 1954 1999 2001 1956 1955 2000 2002 1957 1956 2001 2003 1958 1957 2002 2004 1959 1958 2003 2005 1960 1959 2004 2006 1961 1960 2005 2007 1962 1961 2006 2008 1963 1962 2007 2009 1964 1963 2008 2010 1965 1964 2009 2011 1966 1965 2010 2012 1967 1966 2011 2013 1968 1967 2012 2014 1969 1968 2013 2015 1970 1969 2014 2016 1971 1970 2015 2017 1972 1971 2016 2018 1973 1972 2017 2019 1974 1973 2018 2020 1975 1974 2019 2021 1976 1975 2020 2022 1977 1976 2021 2023 1978 1977 2022 2024 1979 1978 2023 2026 1981 1980 2025 2027 1982 1981 2026 2028 1983 1982 2027 2029 1984 1983 2028 2030 1985 1984 2029 2031 1986 1985 2030 2032 1987 1986 2031 2033 1988 1987 2032 2034 1989 1988 2033 2035 1990 1989 2034 2036 1991 1990 2035 2037 1992 1991 2036 2038 1993 1992 2037 2039 1994 1993 2038 2040 1995 1994 2039 2041 1996 1995 2040 2042 1997 1996 2041 2043 1998 1997 2042 2044 1999 1998 2043 2045 2000 1999 2044 2046 2001 2000 2045 2047 2002 2001 2046 2048 2003 2002 2047 2049 2004 2003 2048 2050 2005 2004 2049 2051 2006 2005 2050 2052 2007 2006 2051 2053 2008 2007 2052 2054 2009 2008 2053 2055 2010 2009 2054 2056 2011 2010 2055 2057 2012 2011 2056 2058 2013 2012 2057 2059 2014 2013 2058 2060 2015 2014 2059 2061 2016 2015 2060 2062 2017 2016 2061 2063 2018 2017 2062 2064 2019 2018 2063 2065 2020 2019 2064 2066 2021 2020 2065 2067 2022 2021 2066 2068 2023 2022 2067 2069 2024 2023 2068 2071 2026 2025 2070 2072 2027 2026 2071 2073 2028 2027 2072 2074 2029 2028 2073 2075 2030 2029 2074 2076 2031 2030 2075 2077 2032 2031 2076 2078 2033 2032 2077 2079 2034 2033 2078 2080 2035 2034 2079 2081 2036 2035 2080 2082 2037 2036 2081 2083 2038 2037 2082 2084 2039 2038 2083 2085 2040 2039 2084 2086 2041 2040 2085 2087 2042 2041 2086 2088 2043 2042 2087 2089 2044 2043 2088 2090 2045 2044 2089 2091 2046 2045 2090 2092 2047 2046 2091 2093 2048 2047 2092 2094 2049 2048 2093 2095 2050 2049 2094 2096 2051 2050 2095 2097 2052 2051 2096 2098 2053 2052 2097 2099 2054 2053 2098 2100 2055 2054 2099 2101 2056 2055 2100 2102 2057 2056 2101 2103 2058 2057 2102 2104 2059 2058 2103 2105 2060 2059 2104 2106 2061 2060 2105 2107 2062 2061 2106 2108 2063 2062 2107 2109 2064 2063 2108 2110 2065 2064 2109 2111 2066 2065 2110 2112 2067 2066 2111 2113 2068 2067 2112 2114 2069 2068 2113 2116 2071 2070 2115 2117 2072 2071 2116 2118 2073 2072 2117 2119 2074 2073 2118 2120 2075 2074 2119 2121 2076 2075 2120 2122 2077 2076 2121 2123 2078 2077 2122 2124 2079 2078 2123 2125 2080 2079 2124 2126 2081 2080 2125 2127 2082 2081 2126 2128 2083 2082 2127 2129 2084 2083 2128 2130 2085 2084 2129 2131 2086 2085 2130 2132 2087 2086 2131 2133 2088 2087 2132 2134 2089 2088 2133 2135 2090 2089 2134 2136 2091 2090 2135 2137 2092 2091 2136 2138 2093 2092 2137 2139 2094 2093 2138 2140 2095 2094 2139 2141 2096 2095 2140 2142 2097 2096 2141 2143 2098 2097 2142 2144 2099 2098 2143 2145 2100 2099 2144 2146 2101 2100 2145 2147 2102 2101 2146 2148 2103 2102 2147 2149 2104 2103 2148 2150 2105 2104 2149 2151 2106 2105 2150 2152 2107 2106 2151 2153 2108 2107 2152 2154 2109 2108 2153 2155 2110 2109 2154 2156 2111 2110 2155 2157 2112 2111 2156 2158 2113 2112 2157 2159 2114 2113 2158 2161 2116 2115 2160 2162 2117 2116 2161 2163 2118 2117 2162 2164 2119 2118 2163 2165 2120 2119 2164 2166 2121 2120 2165 2167 2122 2121 2166 2168 2123 2122 2167 2169 2124 2123 2168 2170 2125 2124 2169 2171 2126 2125 2170 2172 2127 2126 2171 2173 2128 2127 2172 2174 2129 2128 2173 2175 2130 2129 2174 2176 2131 2130 2175 2177 2132 2131 2176 2178 2133 2132 2177 2179 2134 2133 2178 2180 2135 2134 2179 2181 2136 2135 2180 2182 2137 2136 2181 2183 2138 2137 2182 2184 2139 2138 2183 2185 2140 2139 2184 2186 2141 2140 2185 2187 2142 2141 2186 2188 2143 2142 2187 2189 2144 2143 2188 2190 2145 2144 2189 2191 2146 2145 2190 2192 2147 2146 2191 2193 2148 2147 2192 2194 2149 2148 2193 2195 2150 2149 2194 2196 2151 2150 2195 2197 2152 2151 2196 2198 2153 2152 2197 2199 2154 2153 2198 2200 2155 2154 2199 2201 2156 2155 2200 2202 2157 2156 2201 2203 2158 2157 2202 2204 2159 2158 2203 2206 2161 2160 2205 2207 2162 2161 2206 2208 2163 2162 2207 2209 2164 2163 2208 2210 2165 2164 2209 2211 2166 2165 2210 2212 2167 2166 2211 2213 2168 2167 2212 2214 2169 2168 2213 2215 2170 2169 2214 2216 2171 2170 2215 2217 2172 2171 2216 2218 2173 2172 2217 2219 2174 2173 2218 2220 2175 2174 2219 2221 2176 2175 2220 2222 2177 2176 2221 2223 2178 2177 2222 2224 2179 2178 2223 2225 2180 2179 2224 2226 2181 2180 2225 2227 2182 2181 2226 2228 2183 2182 2227 2229 2184 2183 2228 2230 2185 2184 2229 2231 2186 2185 2230 2232 2187 2186 2231 2233 2188 2187 2232 2234 2189 2188 2233 2235 2190 2189 2234 2236 2191 2190 2235 2237 2192 2191 2236 2238 2193 2192 2237 2239 2194 2193 2238 2240 2195 2194 2239 2241 2196 2195 2240 2242 2197 2196 2241 2243 2198 2197 2242 2244 2199 2198 2243 2245 2200 2199 2244 2246 2201 2200 2245 2247 2202 2201 2246 2248 2203 2202 2247 2249 2204 2203 2248 2251 2206 2205 2250 2252 2207 2206 2251 2253 2208 2207 2252 2254 2209 2208 2253 2255 2210 2209 2254 2256 2211 2210 2255 2257 2212 2211 2256 2258 2213 2212 2257 2259 2214 2213 2258 2260 2215 2214 2259 2261 2216 2215 2260 2262 2217 2216 2261 2263 2218 2217 2262 2264 2219 2218 2263 2265 2220 2219 2264 2266 2221 2220 2265 2267 2222 2221 2266 2268 2223 2222 2267 2269 2224 2223 2268 2270 2225 2224 2269 2271 2226 2225 2270 2272 2227 2226 2271 2273 2228 2227 2272 2274 2229 2228 2273 2275 2230 2229 2274 2276 2231 2230 2275 2277 2232 2231 2276 2278 2233 2232 2277 2279 2234 2233 2278 2280 2235 2234 2279 2281 2236 2235 2280 2282 2237 2236 2281 2283 2238 2237 2282 2284 2239 2238 2283 2285 2240 2239 2284 2286 2241 2240 2285 2287 2242 2241 2286 2288 2243 2242 2287 2289 2244 2243 2288 2290 2245 2244 2289 2291 2246 2245 2290 2292 2247 2246 2291 2293 2248 2247 2292 2294 2249 2248 2293 2296 2251 2250 2295 2297 2252 2251 2296 2298 2253 2252 2297 2299 2254 2253 2298 2300 2255 2254 2299 2301 2256 2255 2300 2302 2257 2256 2301 2303 2258 2257 2302 2304 2259 2258 2303 2305 2260 2259 2304 2306 2261 2260 2305 2307 2262 2261 2306 2308 2263 2262 2307 2309 2264 2263 2308 2310 2265 2264 2309 2311 2266 2265 2310 2312 2267 2266 2311 2313 2268 2267 2312 2314 2269 2268 2313 2315 2270 2269 2314 2316 2271 2270 2315 2317 2272 2271 2316 2318 2273 2272 2317 2319 2274 2273 2318 2320 2275 2274 2319 2321 2276 2275 2320 2322 2277 2276 2321 2323 2278 2277 2322 2324 2279 2278 2323 2325 2280 2279 2324 2326 2281 2280 2325 2327 2282 2281 2326 2328 2283 2282 2327 2329 2284 2283 2328 2330 2285 2284 2329 2331 2286 2285 2330 2332 2287 2286 2331 2333 2288 2287 2332 2334 2289 2288 2333 2335 2290 2289 2334 2336 2291 2290 2335 2337 2292 2291 2336 2338 2293 2292 2337 2339 2294 2293 2338 2341 2296 2295 2340 2342 2297 2296 2341 2343 2298 2297 2342 2344 2299 2298 2343 2345 2300 2299 2344 2346 2301 2300 2345 2347 2302 2301 2346 2348 2303 2302 2347 2349 2304 2303 2348 2350 2305 2304 2349 2351 2306 2305 2350 2352 2307 2306 2351 2353 2308 2307 2352 2354 2309 2308 2353 2355 2310 2309 2354 2356 2311 2310 2355 2357 2312 2311 2356 2358 2313 2312 2357 2359 2314 2313 2358 2360 2315 2314 2359 2361 2316 2315 2360 2362 2317 2316 2361 2363 2318 2317 2362 2364 2319 2318 2363 2365 2320 2319 2364 2366 2321 2320 2365 2367 2322 2321 2366 2368 2323 2322 2367 2369 2324 2323 2368 2370 2325 2324 2369 2371 2326 2325 2370 2372 2327 2326 2371 2373 2328 2327 2372 2374 2329 2328 2373 2375 2330 2329 2374 2376 2331 2330 2375 2377 2332 2331 2376 2378 2333 2332 2377 2379 2334 2333 2378 2380 2335 2334 2379 2381 2336 2335 2380 2382 2337 2336 2381 2383 2338 2337 2382 2384 2339 2338 2383 2386 2341 2340 2385 2387 2342 2341 2386 2388 2343 2342 2387 2389 2344 2343 2388 2390 2345 2344 2389 2391 2346 2345 2390 2392 2347 2346 2391 2393 2348 2347 2392 2394 2349 2348 2393 2395 2350 2349 2394 2396 2351 2350 2395 2397 2352 2351 2396 2398 2353 2352 2397 2399 2354 2353 2398 2400 2355 2354 2399 2401 2356 2355 2400 2402 2357 2356 2401 2403 2358 2357 2402 2404 2359 2358 2403 2405 2360 2359 2404 2406 2361 2360 2405 2407 2362 2361 2406 2408 2363 2362 2407 2409 2364 2363 2408 2410 2365 2364 2409 2411 2366 2365 2410 2412 2367 2366 2411 2413 2368 2367 2412 2414 2369 2368 2413 2415 2370 2369 2414 2416 2371 2370 2415 2417 2372 2371 2416 2418 2373 2372 2417 2419 2374 2373 2418 2420 2375 2374 2419 2421 2376 2375 2420 2422 2377 2376 2421 2423 2378 2377 2422 2424 2379 2378 2423 2425 2380 2379 2424 2426 2381 2380 2425 2427 2382 2381 2426 2428 2383 2382 2427 2429 2384 2383 2428 2431 2386 2385 2430 2432 2387 2386 2431 2433 2388 2387 2432 2434 2389 2388 2433 2435 2390 2389 2434 2436 2391 2390 2435 2437 2392 2391 2436 2438 2393 2392 2437 2439 2394 2393 2438 2440 2395 2394 2439 2441 2396 2395 2440 2442 2397 2396 2441 2443 2398 2397 2442 2444 2399 2398 2443 2445 2400 2399 2444 2446 2401 2400 2445 2447 2402 2401 2446 2448 2403 2402 2447 2449 2404 2403 2448 2450 2405 2404 2449 2451 2406 2405 2450 2452 2407 2406 2451 2453 2408 2407 2452 2454 2409 2408 2453 2455 2410 2409 2454 2456 2411 2410 2455 2457 2412 2411 2456 2458 2413 2412 2457 2459 2414 2413 2458 2460 2415 2414 2459 2461 2416 2415 2460 2462 2417 2416 2461 2463 2418 2417 2462 2464 2419 2418 2463 2465 2420 2419 2464 2466 2421 2420 2465 2467 2422 2421 2466 2468 2423 2422 2467 2469 2424 2423 2468 2470 2425 2424 2469 2471 2426 2425 2470 2472 2427 2426 2471 2473 2428 2427 2472 2474 2429 2428 2473 2476 2431 2430 2475 2477 2432 2431 2476 2478 2433 2432 2477 2479 2434 2433 2478 2480 2435 2434 2479 2481 2436 2435 2480 2482 2437 2436 2481 2483 2438 2437 2482 2484 2439 2438 2483 2485 2440 2439 2484 2486 2441 2440 2485 2487 2442 2441 2486 2488 2443 2442 2487 2489 2444 2443 2488 2490 2445 2444 2489 2491 2446 2445 2490 2492 2447 2446 2491 2493 2448 2447 2492 2494 2449 2448 2493 2495 2450 2449 2494 2496 2451 2450 2495 2497 2452 2451 2496 2498 2453 2452 2497 2499 2454 2453 2498 2500 2455 2454 2499 2501 2456 2455 2500 2502 2457 2456 2501 2503 2458 2457 2502 2504 2459 2458 2503 2505 2460 2459 2504 2506 2461 2460 2505 2507 2462 2461 2506 2508 2463 2462 2507 2509 2464 2463 2508 2510 2465 2464 2509 2511 2466 2465 2510 2512 2467 2466 2511 2513 2468 2467 2512 2514 2469 2468 2513 2515 2470 2469 2514 2516 2471 2470 2515 2517 2472 2471 2516 2518 2473 2472 2517 2519 2474 2473 2518 2521 2476 2475 2520 2522 2477 2476 2521 2523 2478 2477 2522 2524 2479 2478 2523 2525 2480 2479 2524 2526 2481 2480 2525 2527 2482 2481 2526 2528 2483 2482 2527 2529 2484 2483 2528 2530 2485 2484 2529 2531 2486 2485 2530 2532 2487 2486 2531 2533 2488 2487 2532 2534 2489 2488 2533 2535 2490 2489 2534 2536 2491 2490 2535 2537 2492 2491 2536 2538 2493 2492 2537 2539 2494 2493 2538 2540 2495 2494 2539 2541 2496 2495 2540 2542 2497 2496 2541 2543 2498 2497 2542 2544 2499 2498 2543 2545 2500 2499 2544 2546 2501 2500 2545 2547 2502 2501 2546 2548 2503 2502 2547 2549 2504 2503 2548 2550 2505 2504 2549 2551 2506 2505 2550 2552 2507 2506 2551 2553 2508 2507 2552 2554 2509 2508 2553 2555 2510 2509 2554 2556 2511 2510 2555 2557 2512 2511 2556 2558 2513 2512 2557 2559 2514 2513 2558 2560 2515 2514 2559 2561 2516 2515 2560 2562 2517 2516 2561 2563 2518 2517 2562 2564 2519 2518 2563 2566 2521 2520 2565 2567 2522 2521 2566 2568 2523 2522 2567 2569 2524 2523 2568 2570 2525 2524 2569 2571 2526 2525 2570 2572 2527 2526 2571 2573 2528 2527 2572 2574 2529 2528 2573 2575 2530 2529 2574 2576 2531 2530 2575 2577 2532 2531 2576 2578 2533 2532 2577 2579 2534 2533 2578 2580 2535 2534 2579 2581 2536 2535 2580 2582 2537 2536 2581 2583 2538 2537 2582 2584 2539 2538 2583 2585 2540 2539 2584 2586 2541 2540 2585 2587 2542 2541 2586 2588 2543 2542 2587 2589 2544 2543 2588 2590 2545 2544 2589 2591 2546 2545 2590 2592 2547 2546 2591 2593 2548 2547 2592 2594 2549 2548 2593 2595 2550 2549 2594 2596 2551 2550 2595 2597 2552 2551 2596 2598 2553 2552 2597 2599 2554 2553 2598 2600 2555 2554 2599 2601 2556 2555 2600 2602 2557 2556 2601 2603 2558 2557 2602 2604 2559 2558 2603 2605 2560 2559 2604 2606 2561 2560 2605 2607 2562 2561 2606 2608 2563 2562 2607 2609 2564 2563 2608 2611 2566 2565 2610 2612 2567 2566 2611 2613 2568 2567 2612 2614 2569 2568 2613 2615 2570 2569 2614 2616 2571 2570 2615 2617 2572 2571 2616 2618 2573 2572 2617 2619 2574 2573 2618 2620 2575 2574 2619 2621 2576 2575 2620 2622 2577 2576 2621 2623 2578 2577 2622 2624 2579 2578 2623 2625 2580 2579 2624 2626 2581 2580 2625 2627 2582 2581 2626 2628 2583 2582 2627 2629 2584 2583 2628 2630 2585 2584 2629 2631 2586 2585 2630 2632 2587 2586 2631 2633 2588 2587 2632 2634 2589 2588 2633 2635 2590 2589 2634 2636 2591 2590 2635 2637 2592 2591 2636 2638 2593 2592 2637 2639 2594 2593 2638 2640 2595 2594 2639 2641 2596 2595 2640 2642 2597 2596 2641 2643 2598 2597 2642 2644 2599 2598 2643 2645 2600 2599 2644 2646 2601 2600 2645 2647 2602 2601 2646 2648 2603 2602 2647 2649 2604 2603 2648 2650 2605 2604 2649 2651 2606 2605 2650 2652 2607 2606 2651 2653 2608 2607 2652 2654 2609 2608 2653 2656 2611 2610 2655 2657 2612 2611 2656 2658 2613 2612 2657 2659 2614 2613 2658 2660 2615 2614 2659 2661 2616 2615 2660 2662 2617 2616 2661 2663 2618 2617 2662 2664 2619 2618 2663 2665 2620 2619 2664 2666 2621 2620 2665 2667 2622 2621 2666 2668 2623 2622 2667 2669 2624 2623 2668 2670 2625 2624 2669 2671 2626 2625 2670 2672 2627 2626 2671 2673 2628 2627 2672 2674 2629 2628 2673 2675 2630 2629 2674 2676 2631 2630 2675 2677 2632 2631 2676 2678 2633 2632 2677 2679 2634 2633 2678 2680 2635 2634 2679 2681 2636 2635 2680 2682 2637 2636 2681 2683 2638 2637 2682 2684 2639 2638 2683 2685 2640 2639 2684 2686 2641 2640 2685 2687 2642 2641 2686 2688 2643 2642 2687 2689 2644 2643 2688 2690 2645 2644 2689 2691 2646 2645 2690 2692 2647 2646 2691 2693 2648 2647 2692 2694 2649 2648 2693 2695 2650 2649 2694 2696 2651 2650 2695 2697 2652 2651 2696 2698 2653 2652 2697 2699 2654 2653 2698 2701 2656 2655 2700 2702 2657 2656 2701 2703 2658 2657 2702 2704 2659 2658 2703 2705 2660 2659 2704 2706 2661 2660 2705 2707 2662 2661 2706 2708 2663 2662 2707 2709 2664 2663 2708 2710 2665 2664 2709 2711 2666 2665 2710 2712 2667 2666 2711 2713 2668 2667 2712 2714 2669 2668 2713 2715 2670 2669 2714 2716 2671 2670 2715 2717 2672 2671 2716 2718 2673 2672 2717 2719 2674 2673 2718 2720 2675 2674 2719 2721 2676 2675 2720 2722 2677 2676 2721 2723 2678 2677 2722 2724 2679 2678 2723 2725 2680 2679 2724 2726 2681 2680 2725 2727 2682 2681 2726 2728 2683 2682 2727 2729 2684 2683 2728 2730 2685 2684 2729 2731 2686 2685 2730 2732 2687 2686 2731 2733 2688 2687 2732 2734 2689 2688 2733 2735 2690 2689 2734 2736 2691 2690 2735 2737 2692 2691 2736 2738 2693 2692 2737 2739 2694 2693 2738 2740 2695 2694 2739 2741 2696 2695 2740 2742 2697 2696 2741 2743 2698 2697 2742 2744 2699 2698 2743 2746 2701 2700 2745 2747 2702 2701 2746 2748 2703 2702 2747 2749 2704 2703 2748 2750 2705 2704 2749 2751 2706 2705 2750 2752 2707 2706 2751 2753 2708 2707 2752 2754 2709 2708 2753 2755 2710 2709 2754 2756 2711 2710 2755 2757 2712 2711 2756 2758 2713 2712 2757 2759 2714 2713 2758 2760 2715 2714 2759 2761 2716 2715 2760 2762 2717 2716 2761 2763 2718 2717 2762 2764 2719 2718 2763 2765 2720 2719 2764 2766 2721 2720 2765 2767 2722 2721 2766 2768 2723 2722 2767 2769 2724 2723 2768 2770 2725 2724 2769 2771 2726 2725 2770 2772 2727 2726 2771 2773 2728 2727 2772 2774 2729 2728 2773 2775 2730 2729 2774 2776 2731 2730 2775 2777 2732 2731 2776 2778 2733 2732 2777 2779 2734 2733 2778 2780 2735 2734 2779 2781 2736 2735 2780 2782 2737 2736 2781 2783 2738 2737 2782 2784 2739 2738 2783 2785 2740 2739 2784 2786 2741 2740 2785 2787 2742 2741 2786 2788 2743 2742 2787 2789 2744 2743 2788 2791 2746 2745 2790 2792 2747 2746 2791 2793 2748 2747 2792 2794 2749 2748 2793 2795 2750 2749 2794 2796 2751 2750 2795 2797 2752 2751 2796 2798 2753 2752 2797 2799 2754 2753 2798 2800 2755 2754 2799 2801 2756 2755 2800 2802 2757 2756 2801 2803 2758 2757 2802 2804 2759 2758 2803 2805 2760 2759 2804 2806 2761 2760 2805 2807 2762 2761 2806 2808 2763 2762 2807 2809 2764 2763 2808 2810 2765 2764 2809 2811 2766 2765 2810 2812 2767 2766 2811 2813 2768 2767 2812 2814 2769 2768 2813 2815 2770 2769 2814 2816 2771 2770 2815 2817 2772 2771 2816 2818 2773 2772 2817 2819 2774 2773 2818 2820 2775 2774 2819 2821 2776 2775 2820 2822 2777 2776 2821 2823 2778 2777 2822 2824 2779 2778 2823 2825 2780 2779 2824 2826 2781 2780 2825 2827 2782 2781 2826 2828 2783 2782 2827 2829 2784 2783 2828 2830 2785 2784 2829 2831 2786 2785 2830 2832 2787 2786 2831 2833 2788 2787 2832 2834 2789 2788 2833 2836 2791 2790 2835 2837 2792 2791 2836 2838 2793 2792 2837 2839 2794 2793 2838 2840 2795 2794 2839 2841 2796 2795 2840 2842 2797 2796 2841 2843 2798 2797 2842 2844 2799 2798 2843 2845 2800 2799 2844 2846 2801 2800 2845 2847 2802 2801 2846 2848 2803 2802 2847 2849 2804 2803 2848 2850 2805 2804 2849 2851 2806 2805 2850 2852 2807 2806 2851 2853 2808 2807 2852 2854 2809 2808 2853 2855 2810 2809 2854 2856 2811 2810 2855 2857 2812 2811 2856 2858 2813 2812 2857 2859 2814 2813 2858 2860 2815 2814 2859 2861 2816 2815 2860 2862 2817 2816 2861 2863 2818 2817 2862 2864 2819 2818 2863 2865 2820 2819 2864 2866 2821 2820 2865 2867 2822 2821 2866 2868 2823 2822 2867 2869 2824 2823 2868 2870 2825 2824 2869 2871 2826 2825 2870 2872 2827 2826 2871 2873 2828 2827 2872 2874 2829 2828 2873 2875 2830 2829 2874 2876 2831 2830 2875 2877 2832 2831 2876 2878 2833 2832 2877 2879 2834 2833 2878 2881 2836 2835 2880 2882 2837 2836 2881 2883 2838 2837 2882 2884 2839 2838 2883 2885 2840 2839 2884 2886 2841 2840 2885 2887 2842 2841 2886 2888 2843 2842 2887 2889 2844 2843 2888 2890 2845 2844 2889 2891 2846 2845 2890 2892 2847 2846 2891 2893 2848 2847 2892 2894 2849 2848 2893 2895 2850 2849 2894 2896 2851 2850 2895 2897 2852 2851 2896 2898 2853 2852 2897 2899 2854 2853 2898 2900 2855 2854 2899 2901 2856 2855 2900 2902 2857 2856 2901 2903 2858 2857 2902 2904 2859 2858 2903 2905 2860 2859 2904 2906 2861 2860 2905 2907 2862 2861 2906 2908 2863 2862 2907 2909 2864 2863 2908 2910 2865 2864 2909 2911 2866 2865 2910 2912 2867 2866 2911 2913 2868 2867 2912 2914 2869 2868 2913 2915 2870 2869 2914 2916 2871 2870 2915 2917 2872 2871 2916 2918 2873 2872 2917 2919 2874 2873 2918 2920 2875 2874 2919 2921 2876 2875 2920 2922 2877 2876 2921 2923 2878 2877 2922 2924 2879 2878 2923 2926 2881 2880 2925 2927 2882 2881 2926 2928 2883 2882 2927 2929 2884 2883 2928 2930 2885 2884 2929 2931 2886 2885 2930 2932 2887 2886 2931 2933 2888 2887 2932 2934 2889 2888 2933 2935 2890 2889 2934 2936 2891 2890 2935 2937 2892 2891 2936 2938 2893 2892 2937 2939 2894 2893 2938 2940 2895 2894 2939 2941 2896 2895 2940 2942 2897 2896 2941 2943 2898 2897 2942 2944 2899 2898 2943 2945 2900 2899 2944 2946 2901 2900 2945 2947 2902 2901 2946 2948 2903 2902 2947 2949 2904 2903 2948 2950 2905 2904 2949 2951 2906 2905 2950 2952 2907 2906 2951 2953 2908 2907 2952 2954 2909 2908 2953 2955 2910 2909 2954 2956 2911 2910 2955 2957 2912 2911 2956 2958 2913 2912 2957 2959 2914 2913 2958 2960 2915 2914 2959 2961 2916 2915 2960 2962 2917 2916 2961 2963 2918 2917 2962 2964 2919 2918 2963 2965 2920 2919 2964 2966 2921 2920 2965 2967 2922 2921 2966 2968 2923 2922 2967 2969 2924 2923 2968 2971 2926 2925 2970 2972 2927 2926 2971 2973 2928 2927 2972 2974 2929 2928 2973 2975 2930 2929 2974 2976 2931 2930 2975 2977 2932 2931 2976 2978 2933 2932 2977 2979 2934 2933 2978 2980 2935 2934 2979 2981 2936 2935 2980 2982 2937 2936 2981 2983 2938 2937 2982 2984 2939 2938 2983 2985 2940 2939 2984 2986 2941 2940 2985 2987 2942 2941 2986 2988 2943 2942 2987 2989 2944 2943 2988 2990 2945 2944 2989 2991 2946 2945 2990 2992 2947 2946 2991 2993 2948 2947 2992 2994 2949 2948 2993 2995 2950 2949 2994 2996 2951 2950 2995 2997 2952 2951 2996 2998 2953 2952 2997 2999 2954 2953 2998 3000 2955 2954 2999 3001 2956 2955 3000 3002 2957 2956 3001 3003 2958 2957 3002 3004 2959 2958 3003 3005 2960 2959 3004 3006 2961 2960 3005 3007 2962 2961 3006 3008 2963 2962 3007 3009 2964 2963 3008 3010 2965 2964 3009 3011 2966 2965 3010 3012 2967 2966 3011 3013 2968 2967 3012 3014 2969 2968 3013 3016 2971 2970 3015 3017 2972 2971 3016 3018 2973 2972 3017 3019 2974 2973 3018 3020 2975 2974 3019 3021 2976 2975 3020 3022 2977 2976 3021 3023 2978 2977 3022 3024 2979 2978 3023 3025 2980 2979 3024 3026 2981 2980 3025 3027 2982 2981 3026 3028 2983 2982 3027 3029 2984 2983 3028 3030 2985 2984 3029 3031 2986 2985 3030 3032 2987 2986 3031 3033 2988 2987 3032 3034 2989 2988 3033 3035 2990 2989 3034 3036 2991 2990 3035 3037 2992 2991 3036 3038 2993 2992 3037 3039 2994 2993 3038 3040 2995 2994 3039 3041 2996 2995 3040 3042 2997 2996 3041 3043 2998 2997 3042 3044 2999 2998 3043 3045 3000 2999 3044 3046 3001 3000 3045 3047 3002 3001 3046 3048 3003 3002 3047 3049 3004 3003 3048 3050 3005 3004 3049 3051 3006 3005 3050 3052 3007 3006 3051 3053 3008 3007 3052 3054 3009 3008 3053 3055 3010 3009 3054 3056 3011 3010 3055 3057 3012 3011 3056 3058 3013 3012 3057 3059 3014 3013 3058 3061 3016 3015 3060 3062 3017 3016 3061 3063 3018 3017 3062 3064 3019 3018 3063 3065 3020 3019 3064 3066 3021 3020 3065 3067 3022 3021 3066 3068 3023 3022 3067 3069 3024 3023 3068 3070 3025 3024 3069 3071 3026 3025 3070 3072 3027 3026 3071 3073 3028 3027 3072 3074 3029 3028 3073 3075 3030 3029 3074 3076 3031 3030 3075 3077 3032 3031 3076 3078 3033 3032 3077 3079 3034 3033 3078 3080 3035 3034 3079 3081 3036 3035 3080 3082 3037 3036 3081 3083 3038 3037 3082 3084 3039 3038 3083 3085 3040 3039 3084 3086 3041 3040 3085 3087 3042 3041 3086 3088 3043 3042 3087 3089 3044 3043 3088 3090 3045 3044 3089 3091 3046 3045 3090 3092 3047 3046 3091 3093 3048 3047 3092 3094 3049 3048 3093 3095 3050 3049 3094 3096 3051 3050 3095 3097 3052 3051 3096 3098 3053 3052 3097 3099 3054 3053 3098 3100 3055 3054 3099 3101 3056 3055 3100 3102 3057 3056 3101 3103 3058 3057 3102 3104 3059 3058 3103 3106 3061 3060 3105 3107 3062 3061 3106 3108 3063 3062 3107 3109 3064 3063 3108 3110 3065 3064 3109 3111 3066 3065 3110 3112 3067 3066 3111 3113 3068 3067 3112 3114 3069 3068 3113 3115 3070 3069 3114 3116 3071 3070 3115 3117 3072 3071 3116 3118 3073 3072 3117 3119 3074 3073 3118 3120 3075 3074 3119 3121 3076 3075 3120 3122 3077 3076 3121 3123 3078 3077 3122 3124 3079 3078 3123 3125 3080 3079 3124 3126 3081 3080 3125 3127 3082 3081 3126 3128 3083 3082 3127 3129 3084 3083 3128 3130 3085 3084 3129 3131 3086 3085 3130 3132 3087 3086 3131 3133 3088 3087 3132 3134 3089 3088 3133 3135 3090 3089 3134 3136 3091 3090 3135 3137 3092 3091 3136 3138 3093 3092 3137 3139 3094 3093 3138 3140 3095 3094 3139 3141 3096 3095 3140 3142 3097 3096 3141 3143 3098 3097 3142 3144 3099 3098 3143 3145 3100 3099 3144 3146 3101 3100 3145 3147 3102 3101 3146 3148 3103 3102 3147 3149 3104 3103 3148 3151 3106 3105 3150 3152 3107 3106 3151 3153 3108 3107 3152 3154 3109 3108 3153 3155 3110 3109 3154 3156 3111 3110 3155 3157 3112 3111 3156 3158 3113 3112 3157 3159 3114 3113 3158 3160 3115 3114 3159 3161 3116 3115 3160 3162 3117 3116 3161 3163 3118 3117 3162 3164 3119 3118 3163 3165 3120 3119 3164 3166 3121 3120 3165 3167 3122 3121 3166 3168 3123 3122 3167 3169 3124 3123 3168 3170 3125 3124 3169 3171 3126 3125 3170 3172 3127 3126 3171 3173 3128 3127 3172 3174 3129 3128 3173 3175 3130 3129 3174 3176 3131 3130 3175 3177 3132 3131 3176 3178 3133 3132 3177 3179 3134 3133 3178 3180 3135 3134 3179 3181 3136 3135 3180 3182 3137 3136 3181 3183 3138 3137 3182 3184 3139 3138 3183 3185 3140 3139 3184 3186 3141 3140 3185 3187 3142 3141 3186 3188 3143 3142 3187 3189 3144 3143 3188 3190 3145 3144 3189 3191 3146 3145 3190 3192 3147 3146 3191 3193 3148 3147 3192 3194 3149 3148 3193 3196 3151 3150 3195 3197 3152 3151 3196 3198 3153 3152 3197 3199 3154 3153 3198 3200 3155 3154 3199 3201 3156 3155 3200 3202 3157 3156 3201 3203 3158 3157 3202 3204 3159 3158 3203 3205 3160 3159 3204 3206 3161 3160 3205 3207 3162 3161 3206 3208 3163 3162 3207 3209 3164 3163 3208 3210 3165 3164 3209 3211 3166 3165 3210 3212 3167 3166 3211 3213 3168 3167 3212 3214 3169 3168 3213 3215 3170 3169 3214 3216 3171 3170 3215 3217 3172 3171 3216 3218 3173 3172 3217 3219 3174 3173 3218 3220 3175 3174 3219 3221 3176 3175 3220 3222 3177 3176 3221 3223 3178 3177 3222 3224 3179 3178 3223 3225 3180 3179 3224 3226 3181 3180 3225 3227 3182 3181 3226 3228 3183 3182 3227 3229 3184 3183 3228 3230 3185 3184 3229 3231 3186 3185 3230 3232 3187 3186 3231 3233 3188 3187 3232 3234 3189 3188 3233 3235 3190 3189 3234 3236 3191 3190 3235 3237 3192 3191 3236 3238 3193 3192 3237 3239 3194 3193 3238 3241 3196 3195 3240 3242 3197 3196 3241 3243 3198 3197 3242 3244 3199 3198 3243 3245 3200 3199 3244 3246 3201 3200 3245 3247 3202 3201 3246 3248 3203 3202 3247 3249 3204 3203 3248 3250 3205 3204 3249 3251 3206 3205 3250 3252 3207 3206 3251 3253 3208 3207 3252 3254 3209 3208 3253 3255 3210 3209 3254 3256 3211 3210 3255 3257 3212 3211 3256 3258 3213 3212 3257 3259 3214 3213 3258 3260 3215 3214 3259 3261 3216 3215 3260 3262 3217 3216 3261 3263 3218 3217 3262 3264 3219 3218 3263 3265 3220 3219 3264 3266 3221 3220 3265 3267 3222 3221 3266 3268 3223 3222 3267 3269 3224 3223 3268 3270 3225 3224 3269 3271 3226 3225 3270 3272 3227 3226 3271 3273 3228 3227 3272 3274 3229 3228 3273 3275 3230 3229 3274 3276 3231 3230 3275 3277 3232 3231 3276 3278 3233 3232 3277 3279 3234 3233 3278 3280 3235 3234 3279 3281 3236 3235 3280 3282 3237 3236 3281 3283 3238 3237 3282 3284 3239 3238 3283 3286 3241 3240 3285 3287 3242 3241 3286 3288 3243 3242 3287 3289 3244 3243 3288 3290 3245 3244 3289 3291 3246 3245 3290 3292 3247 3246 3291 3293 3248 3247 3292 3294 3249 3248 3293 3295 3250 3249 3294 3296 3251 3250 3295 3297 3252 3251 3296 3298 3253 3252 3297 3299 3254 3253 3298 3300 3255 3254 3299 3301 3256 3255 3300 3302 3257 3256 3301 3303 3258 3257 3302 3304 3259 3258 3303 3305 3260 3259 3304 3306 3261 3260 3305 3307 3262 3261 3306 3308 3263 3262 3307 3309 3264 3263 3308 3310 3265 3264 3309 3311 3266 3265 3310 3312 3267 3266 3311 3313 3268 3267 3312 3314 3269 3268 3313 3315 3270 3269 3314 3316 3271 3270 3315 3317 3272 3271 3316 3318 3273 3272 3317 3319 3274 3273 3318 3320 3275 3274 3319 3321 3276 3275 3320 3322 3277 3276 3321 3323 3278 3277 3322 3324 3279 3278 3323 3325 3280 3279 3324 3326 3281 3280 3325 3327 3282 3281 3326 3328 3283 3282 3327 3329 3284 3283 3328 3331 3286 3285 3330 3332 3287 3286 3331 3333 3288 3287 3332 3334 3289 3288 3333 3335 3290 3289 3334 3336 3291 3290 3335 3337 3292 3291 3336 3338 3293 3292 3337 3339 3294 3293 3338 3340 3295 3294 3339 3341 3296 3295 3340 3342 3297 3296 3341 3343 3298 3297 3342 3344 3299 3298 3343 3345 3300 3299 3344 3346 3301 3300 3345 3347 3302 3301 3346 3348 3303 3302 3347 3349 3304 3303 3348 3350 3305 3304 3349 3351 3306 3305 3350 3352 3307 3306 3351 3353 3308 3307 3352 3354 3309 3308 3353 3355 3310 3309 3354 3356 3311 3310 3355 3357 3312 3311 3356 3358 3313 3312 3357 3359 3314 3313 3358 3360 3315 3314 3359 3361 3316 3315 3360 3362 3317 3316 3361 3363 3318 3317 3362 3364 3319 3318 3363 3365 3320 3319 3364 3366 3321 3320 3365 3367 3322 3321 3366 3368 3323 3322 3367 3369 3324 3323 3368 3370 3325 3324 3369 3371 3326 3325 3370 3372 3327 3326 3371 3373 3328 3327 3372 3374 3329 3328 3373 3376 3331 3330 3375 3377 3332 3331 3376 3378 3333 3332 3377 3379 3334 3333 3378 3380 3335 3334 3379 3381 3336 3335 3380 3382 3337 3336 3381 3383 3338 3337 3382 3384 3339 3338 3383 3385 3340 3339 3384 3386 3341 3340 3385 3387 3342 3341 3386 3388 3343 3342 3387 3389 3344 3343 3388 3390 3345 3344 3389 3391 3346 3345 3390 3392 3347 3346 3391 3393 3348 3347 3392 3394 3349 3348 3393 3395 3350 3349 3394 3396 3351 3350 3395 3397 3352 3351 3396 3398 3353 3352 3397 3399 3354 3353 3398 3400 3355 3354 3399 3401 3356 3355 3400 3402 3357 3356 3401 3403 3358 3357 3402 3404 3359 3358 3403 3405 3360 3359 3404 3406 3361 3360 3405 3407 3362 3361 3406 3408 3363 3362 3407 3409 3364 3363 3408 3410 3365 3364 3409 3411 3366 3365 3410 3412 3367 3366 3411 3413 3368 3367 3412 3414 3369 3368 3413 3415 3370 3369 3414 3416 3371 3370 3415 3417 3372 3371 3416 3418 3373 3372 3417 3419 3374 3373 3418 3421 3376 3375 3420 3422 3377 3376 3421 3423 3378 3377 3422 3424 3379 3378 3423 3425 3380 3379 3424 3426 3381 3380 3425 3427 3382 3381 3426 3428 3383 3382 3427 3429 3384 3383 3428 3430 3385 3384 3429 3431 3386 3385 3430 3432 3387 3386 3431 3433 3388 3387 3432 3434 3389 3388 3433 3435 3390 3389 3434 3436 3391 3390 3435 3437 3392 3391 3436 3438 3393 3392 3437 3439 3394 3393 3438 3440 3395 3394 3439 3441 3396 3395 3440 3442 3397 3396 3441 3443 3398 3397 3442 3444 3399 3398 3443 3445 3400 3399 3444 3446 3401 3400 3445 3447 3402 3401 3446 3448 3403 3402 3447 3449 3404 3403 3448 3450 3405 3404 3449 3451 3406 3405 3450 3452 3407 3406 3451 3453 3408 3407 3452 3454 3409 3408 3453 3455 3410 3409 3454 3456 3411 3410 3455 3457 3412 3411 3456 3458 3413 3412 3457 3459 3414 3413 3458 3460 3415 3414 3459 3461 3416 3415 3460 3462 3417 3416 3461 3463 3418 3417 3462 3464 3419 3418 3463 3466 3421 3420 3465 3467 3422 3421 3466 3468 3423 3422 3467 3469 3424 3423 3468 3470 3425 3424 3469 3471 3426 3425 3470 3472 3427 3426 3471 3473 3428 3427 3472 3474 3429 3428 3473 3475 3430 3429 3474 3476 3431 3430 3475 3477 3432 3431 3476 3478 3433 3432 3477 3479 3434 3433 3478 3480 3435 3434 3479 3481 3436 3435 3480 3482 3437 3436 3481 3483 3438 3437 3482 3484 3439 3438 3483 3485 3440 3439 3484 3486 3441 3440 3485 3487 3442 3441 3486 3488 3443 3442 3487 3489 3444 3443 3488 3490 3445 3444 3489 3491 3446 3445 3490 3492 3447 3446 3491 3493 3448 3447 3492 3494 3449 3448 3493 3495 3450 3449 3494 3496 3451 3450 3495 3497 3452 3451 3496 3498 3453 3452 3497 3499 3454 3453 3498 3500 3455 3454 3499 3501 3456 3455 3500 3502 3457 3456 3501 3503 3458 3457 3502 3504 3459 3458 3503 3505 3460 3459 3504 3506 3461 3460 3505 3507 3462 3461 3506 3508 3463 3462 3507 3509 3464 3463 3508 3511 3466 3465 3510 3512 3467 3466 3511 3513 3468 3467 3512 3514 3469 3468 3513 3515 3470 3469 3514 3516 3471 3470 3515 3517 3472 3471 3516 3518 3473 3472 3517 3519 3474 3473 3518 3520 3475 3474 3519 3521 3476 3475 3520 3522 3477 3476 3521 3523 3478 3477 3522 3524 3479 3478 3523 3525 3480 3479 3524 3526 3481 3480 3525 3527 3482 3481 3526 3528 3483 3482 3527 3529 3484 3483 3528 3530 3485 3484 3529 3531 3486 3485 3530 3532 3487 3486 3531 3533 3488 3487 3532 3534 3489 3488 3533 3535 3490 3489 3534 3536 3491 3490 3535 3537 3492 3491 3536 3538 3493 3492 3537 3539 3494 3493 3538 3540 3495 3494 3539 3541 3496 3495 3540 3542 3497 3496 3541 3543 3498 3497 3542 3544 3499 3498 3543 3545 3500 3499 3544 3546 3501 3500 3545 3547 3502 3501 3546 3548 3503 3502 3547 3549 3504 3503 3548 3550 3505 3504 3549 3551 3506 3505 3550 3552 3507 3506 3551 3553 3508 3507 3552 3554 3509 3508 3553 3556 3511 3510 3555 3557 3512 3511 3556 3558 3513 3512 3557 3559 3514 3513 3558 3560 3515 3514 3559 3561 3516 3515 3560 3562 3517 3516 3561 3563 3518 3517 3562 3564 3519 3518 3563 3565 3520 3519 3564 3566 3521 3520 3565 3567 3522 3521 3566 3568 3523 3522 3567 3569 3524 3523 3568 3570 3525 3524 3569 3571 3526 3525 3570 3572 3527 3526 3571 3573 3528 3527 3572 3574 3529 3528 3573 3575 3530 3529 3574 3576 3531 3530 3575 3577 3532 3531 3576 3578 3533 3532 3577 3579 3534 3533 3578 3580 3535 3534 3579 3581 3536 3535 3580 3582 3537 3536 3581 3583 3538 3537 3582 3584 3539 3538 3583 3585 3540 3539 3584 3586 3541 3540 3585 3587 3542 3541 3586 3588 3543 3542 3587 3589 3544 3543 3588 3590 3545 3544 3589 3591 3546 3545 3590 3592 3547 3546 3591 3593 3548 3547 3592 3594 3549 3548 3593 3595 3550 3549 3594 3596 3551 3550 3595 3597 3552 3551 3596 3598 3553 3552 3597 3599 3554 3553 3598 3601 3556 3555 3600 3602 3557 3556 3601 3603 3558 3557 3602 3604 3559 3558 3603 3605 3560 3559 3604 3606 3561 3560 3605 3607 3562 3561 3606 3608 3563 3562 3607 3609 3564 3563 3608 3610 3565 3564 3609 3611 3566 3565 3610 3612 3567 3566 3611 3613 3568 3567 3612 3614 3569 3568 3613 3615 3570 3569 3614 3616 3571 3570 3615 3617 3572 3571 3616 3618 3573 3572 3617 3619 3574 3573 3618 3620 3575 3574 3619 3621 3576 3575 3620 3622 3577 3576 3621 3623 3578 3577 3622 3624 3579 3578 3623 3625 3580 3579 3624 3626 3581 3580 3625 3627 3582 3581 3626 3628 3583 3582 3627 3629 3584 3583 3628 3630 3585 3584 3629 3631 3586 3585 3630 3632 3587 3586 3631 3633 3588 3587 3632 3634 3589 3588 3633 3635 3590 3589 3634 3636 3591 3590 3635 3637 3592 3591 3636 3638 3593 3592 3637 3639 3594 3593 3638 3640 3595 3594 3639 3641 3596 3595 3640 3642 3597 3596 3641 3643 3598 3597 3642 3644 3599 3598 3643 3646 3601 3600 3645 3647 3602 3601 3646 3648 3603 3602 3647 3649 3604 3603 3648 3650 3605 3604 3649 3651 3606 3605 3650 3652 3607 3606 3651 3653 3608 3607 3652 3654 3609 3608 3653 3655 3610 3609 3654 3656 3611 3610 3655 3657 3612 3611 3656 3658 3613 3612 3657 3659 3614 3613 3658 3660 3615 3614 3659 3661 3616 3615 3660 3662 3617 3616 3661 3663 3618 3617 3662 3664 3619 3618 3663 3665 3620 3619 3664 3666 3621 3620 3665 3667 3622 3621 3666 3668 3623 3622 3667 3669 3624 3623 3668 3670 3625 3624 3669 3671 3626 3625 3670 3672 3627 3626 3671 3673 3628 3627 3672 3674 3629 3628 3673 3675 3630 3629 3674 3676 3631 3630 3675 3677 3632 3631 3676 3678 3633 3632 3677 3679 3634 3633 3678 3680 3635 3634 3679 3681 3636 3635 3680 3682 3637 3636 3681 3683 3638 3637 3682 3684 3639 3638 3683 3685 3640 3639 3684 3686 3641 3640 3685 3687 3642 3641 3686 3688 3643 3642 3687 3689 3644 3643 3688 3691 3646 3645 3690 3692 3647 3646 3691 3693 3648 3647 3692 3694 3649 3648 3693 3695 3650 3649 3694 3696 3651 3650 3695 3697 3652 3651 3696 3698 3653 3652 3697 3699 3654 3653 3698 3700 3655 3654 3699 3701 3656 3655 3700 3702 3657 3656 3701 3703 3658 3657 3702 3704 3659 3658 3703 3705 3660 3659 3704 3706 3661 3660 3705 3707 3662 3661 3706 3708 3663 3662 3707 3709 3664 3663 3708 3710 3665 3664 3709 3711 3666 3665 3710 3712 3667 3666 3711 3713 3668 3667 3712 3714 3669 3668 3713 3715 3670 3669 3714 3716 3671 3670 3715 3717 3672 3671 3716 3718 3673 3672 3717 3719 3674 3673 3718 3720 3675 3674 3719 3721 3676 3675 3720 3722 3677 3676 3721 3723 3678 3677 3722 3724 3679 3678 3723 3725 3680 3679 3724 3726 3681 3680 3725 3727 3682 3681 3726 3728 3683 3682 3727 3729 3684 3683 3728 3730 3685 3684 3729 3731 3686 3685 3730 3732 3687 3686 3731 3733 3688 3687 3732 3734 3689 3688 3733 3736 3691 3690 3735 3737 3692 3691 3736 3738 3693 3692 3737 3739 3694 3693 3738 3740 3695 3694 3739 3741 3696 3695 3740 3742 3697 3696 3741 3743 3698 3697 3742 3744 3699 3698 3743 3745 3700 3699 3744 3746 3701 3700 3745 3747 3702 3701 3746 3748 3703 3702 3747 3749 3704 3703 3748 3750 3705 3704 3749 3751 3706 3705 3750 3752 3707 3706 3751 3753 3708 3707 3752 3754 3709 3708 3753 3755 3710 3709 3754 3756 3711 3710 3755 3757 3712 3711 3756 3758 3713 3712 3757 3759 3714 3713 3758 3760 3715 3714 3759 3761 3716 3715 3760 3762 3717 3716 3761 3763 3718 3717 3762 3764 3719 3718 3763 3765 3720 3719 3764 3766 3721 3720 3765 3767 3722 3721 3766 3768 3723 3722 3767 3769 3724 3723 3768 3770 3725 3724 3769 3771 3726 3725 3770 3772 3727 3726 3771 3773 3728 3727 3772 3774 3729 3728 3773 3775 3730 3729 3774 3776 3731 3730 3775 3777 3732 3731 3776 3778 3733 3732 3777 3779 3734 3733 3778 3781 3736 3735 3780 3782 3737 3736 3781 3783 3738 3737 3782 3784 3739 3738 3783 3785 3740 3739 3784 3786 3741 3740 3785 3787 3742 3741 3786 3788 3743 3742 3787 3789 3744 3743 3788 3790 3745 3744 3789 3791 3746 3745 3790 3792 3747 3746 3791 3793 3748 3747 3792 3794 3749 3748 3793 3795 3750 3749 3794 3796 3751 3750 3795 3797 3752 3751 3796 3798 3753 3752 3797 3799 3754 3753 3798 3800 3755 3754 3799 3801 3756 3755 3800 3802 3757 3756 3801 3803 3758 3757 3802 3804 3759 3758 3803 3805 3760 3759 3804 3806 3761 3760 3805 3807 3762 3761 3806 3808 3763 3762 3807 3809 3764 3763 3808 3810 3765 3764 3809 3811 3766 3765 3810 3812 3767 3766 3811 3813 3768 3767 3812 3814 3769 3768 3813 3815 3770 3769 3814 3816 3771 3770 3815 3817 3772 3771 3816 3818 3773 3772 3817 3819 3774 3773 3818 3820 3775 3774 3819 3821 3776 3775 3820 3822 3777 3776 3821 3823 3778 3777 3822 3824 3779 3778 3823 3826 3781 3780 3825 3827 3782 3781 3826 3828 3783 3782 3827 3829 3784 3783 3828 3830 3785 3784 3829 3831 3786 3785 3830 3832 3787 3786 3831 3833 3788 3787 3832 3834 3789 3788 3833 3835 3790 3789 3834 3836 3791 3790 3835 3837 3792 3791 3836 3838 3793 3792 3837 3839 3794 3793 3838 3840 3795 3794 3839 3841 3796 3795 3840 3842 3797 3796 3841 3843 3798 3797 3842 3844 3799 3798 3843 3845 3800 3799 3844 3846 3801 3800 3845 3847 3802 3801 3846 3848 3803 3802 3847 3849 3804 3803 3848 3850 3805 3804 3849 3851 3806 3805 3850 3852 3807 3806 3851 3853 3808 3807 3852 3854 3809 3808 3853 3855 3810 3809 3854 3856 3811 3810 3855 3857 3812 3811 3856 3858 3813 3812 3857 3859 3814 3813 3858 3860 3815 3814 3859 3861 3816 3815 3860 3862 3817 3816 3861 3863 3818 3817 3862 3864 3819 3818 3863 3865 3820 3819 3864 3866 3821 3820 3865 3867 3822 3821 3866 3868 3823 3822 3867 3869 3824 3823 3868 3871 3826 3825 3870 3872 3827 3826 3871 3873 3828 3827 3872 3874 3829 3828 3873 3875 3830 3829 3874 3876 3831 3830 3875 3877 3832 3831 3876 3878 3833 3832 3877 3879 3834 3833 3878 3880 3835 3834 3879 3881 3836 3835 3880 3882 3837 3836 3881 3883 3838 3837 3882 3884 3839 3838 3883 3885 3840 3839 3884 3886 3841 3840 3885 3887 3842 3841 3886 3888 3843 3842 3887 3889 3844 3843 3888 3890 3845 3844 3889 3891 3846 3845 3890 3892 3847 3846 3891 3893 3848 3847 3892 3894 3849 3848 3893 3895 3850 3849 3894 3896 3851 3850 3895 3897 3852 3851 3896 3898 3853 3852 3897 3899 3854 3853 3898 3900 3855 3854 3899 3901 3856 3855 3900 3902 3857 3856 3901 3903 3858 3857 3902 3904 3859 3858 3903 3905 3860 3859 3904 3906 3861 3860 3905 3907 3862 3861 3906 3908 3863 3862 3907 3909 3864 3863 3908 3910 3865 3864 3909 3911 3866 3865 3910 3912 3867 3866 3911 3913 3868 3867 3912 3914 3869 3868 3913 3916 3871 3870 3915 3917 3872 3871 3916 3918 3873 3872 3917 3919 3874 3873 3918 3920 3875 3874 3919 3921 3876 3875 3920 3922 3877 3876 3921 3923 3878 3877 3922 3924 3879 3878 3923 3925 3880 3879 3924 3926 3881 3880 3925 3927 3882 3881 3926 3928 3883 3882 3927 3929 3884 3883 3928 3930 3885 3884 3929 3931 3886 3885 3930 3932 3887 3886 3931 3933 3888 3887 3932 3934 3889 3888 3933 3935 3890 3889 3934 3936 3891 3890 3935 3937 3892 3891 3936 3938 3893 3892 3937 3939 3894 3893 3938 3940 3895 3894 3939 3941 3896 3895 3940 3942 3897 3896 3941 3943 3898 3897 3942 3944 3899 3898 3943 3945 3900 3899 3944 3946 3901 3900 3945 3947 3902 3901 3946 3948 3903 3902 3947 3949 3904 3903 3948 3950 3905 3904 3949 3951 3906 3905 3950 3952 3907 3906 3951 3953 3908 3907 3952 3954 3909 3908 3953 3955 3910 3909 3954 3956 3911 3910 3955 3957 3912 3911 3956 3958 3913 3912 3957 3959 3914 3913 3958 3961 3916 3915 3960 3962 3917 3916 3961 3963 3918 3917 3962 3964 3919 3918 3963 3965 3920 3919 3964 3966 3921 3920 3965 3967 3922 3921 3966 3968 3923 3922 3967 3969 3924 3923 3968 3970 3925 3924 3969 3971 3926 3925 3970 3972 3927 3926 3971 3973 3928 3927 3972 3974 3929 3928 3973 3975 3930 3929 3974 3976 3931 3930 3975 3977 3932 3931 3976 3978 3933 3932 3977 3979 3934 3933 3978 3980 3935 3934 3979 3981 3936 3935 3980 3982 3937 3936 3981 3983 3938 3937 3982 3984 3939 3938 3983 3985 3940 3939 3984 3986 3941 3940 3985 3987 3942 3941 3986 3988 3943 3942 3987 3989 3944 3943 3988 3990 3945 3944 3989 3991 3946 3945 3990 3992 3947 3946 3991 3993 3948 3947 3992 3994 3949 3948 3993 3995 3950 3949 3994 3996 3951 3950 3995 3997 3952 3951 3996 3998 3953 3952 3997 3999 3954 3953 3998 4000 3955 3954 3999 4001 3956 3955 4000 4002 3957 3956 4001 4003 3958 3957 4002 4004 3959 3958 4003 4006 3961 3960 4005 4007 3962 3961 4006 4008 3963 3962 4007 4009 3964 3963 4008 4010 3965 3964 4009 4011 3966 3965 4010 4012 3967 3966 4011 4013 3968 3967 4012 4014 3969 3968 4013 4015 3970 3969 4014 4016 3971 3970 4015 4017 3972 3971 4016 4018 3973 3972 4017 4019 3974 3973 4018 4020 3975 3974 4019 4021 3976 3975 4020 4022 3977 3976 4021 4023 3978 3977 4022 4024 3979 3978 4023 4025 3980 3979 4024 4026 3981 3980 4025 4027 3982 3981 4026 4028 3983 3982 4027 4029 3984 3983 4028 4030 3985 3984 4029 4031 3986 3985 4030 4032 3987 3986 4031 4033 3988 3987 4032 4034 3989 3988 4033 4035 3990 3989 4034 4036 3991 3990 4035 4037 3992 3991 4036 4038 3993 3992 4037 4039 3994 3993 4038 4040 3995 3994 4039 4041 3996 3995 4040 4042 3997 3996 4041 4043 3998 3997 4042 4044 3999 3998 4043 4045 4000 3999 4044 4046 4001 4000 4045 4047 4002 4001 4046 4048 4003 4002 4047 4049 4004 4003 4048 4051 4006 4005 4050 4052 4007 4006 4051 4053 4008 4007 4052 4054 4009 4008 4053 4055 4010 4009 4054 4056 4011 4010 4055 4057 4012 4011 4056 4058 4013 4012 4057 4059 4014 4013 4058 4060 4015 4014 4059 4061 4016 4015 4060 4062 4017 4016 4061 4063 4018 4017 4062 4064 4019 4018 4063 4065 4020 4019 4064 4066 4021 4020 4065 4067 4022 4021 4066 4068 4023 4022 4067 4069 4024 4023 4068 4070 4025 4024 4069 4071 4026 4025 4070 4072 4027 4026 4071 4073 4028 4027 4072 4074 4029 4028 4073 4075 4030 4029 4074 4076 4031 4030 4075 4077 4032 4031 4076 4078 4033 4032 4077 4079 4034 4033 4078 4080 4035 4034 4079 4081 4036 4035 4080 4082 4037 4036 4081 4083 4038 4037 4082 4084 4039 4038 4083 4085 4040 4039 4084 4086 4041 4040 4085 4087 4042 4041 4086 4088 4043 4042 4087 4089 4044 4043 4088 4090 4045 4044 4089 4091 4046 4045 4090 4092 4047 4046 4091 4093 4048 4047 4092 4094 4049 4048 4093 4096 4051 4050 4095 4097 4052 4051 4096 4098 4053 4052 4097 4099 4054 4053 4098 4100 4055 4054 4099 4101 4056 4055 4100 4102 4057 4056 4101 4103 4058 4057 4102 4104 4059 4058 4103 4105 4060 4059 4104 4106 4061 4060 4105 4107 4062 4061 4106 4108 4063 4062 4107 4109 4064 4063 4108 4110 4065 4064 4109 4111 4066 4065 4110 4112 4067 4066 4111 4113 4068 4067 4112 4114 4069 4068 4113 4115 4070 4069 4114 4116 4071 4070 4115 4117 4072 4071 4116 4118 4073 4072 4117 4119 4074 4073 4118 4120 4075 4074 4119 4121 4076 4075 4120 4122 4077 4076 4121 4123 4078 4077 4122 4124 4079 4078 4123 4125 4080 4079 4124 4126 4081 4080 4125 4127 4082 4081 4126 4128 4083 4082 4127 4129 4084 4083 4128 4130 4085 4084 4129 4131 4086 4085 4130 4132 4087 4086 4131 4133 4088 4087 4132 4134 4089 4088 4133 4135 4090 4089 4134 4136 4091 4090 4135 4137 4092 4091 4136 4138 4093 4092 4137 4139 4094 4093 4138 4141 4096 4095 4140 4142 4097 4096 4141 4143 4098 4097 4142 4144 4099 4098 4143 4145 4100 4099 4144 4146 4101 4100 4145 4147 4102 4101 4146 4148 4103 4102 4147 4149 4104 4103 4148 4150 4105 4104 4149 4151 4106 4105 4150 4152 4107 4106 4151 4153 4108 4107 4152 4154 4109 4108 4153 4155 4110 4109 4154 4156 4111 4110 4155 4157 4112 4111 4156 4158 4113 4112 4157 4159 4114 4113 4158 4160 4115 4114 4159 4161 4116 4115 4160 4162 4117 4116 4161 4163 4118 4117 4162 4164 4119 4118 4163 4165 4120 4119 4164 4166 4121 4120 4165 4167 4122 4121 4166 4168 4123 4122 4167 4169 4124 4123 4168 4170 4125 4124 4169 4171 4126 4125 4170 4172 4127 4126 4171 4173 4128 4127 4172 4174 4129 4128 4173 4175 4130 4129 4174 4176 4131 4130 4175 4177 4132 4131 4176 4178 4133 4132 4177 4179 4134 4133 4178 4180 4135 4134 4179 4181 4136 4135 4180 4182 4137 4136 4181 4183 4138 4137 4182 4184 4139 4138 4183 4186 4141 4140 4185 4187 4142 4141 4186 4188 4143 4142 4187 4189 4144 4143 4188 4190 4145 4144 4189 4191 4146 4145 4190 4192 4147 4146 4191 4193 4148 4147 4192 4194 4149 4148 4193 4195 4150 4149 4194 4196 4151 4150 4195 4197 4152 4151 4196 4198 4153 4152 4197 4199 4154 4153 4198 4200 4155 4154 4199 4201 4156 4155 4200 4202 4157 4156 4201 4203 4158 4157 4202 4204 4159 4158 4203 4205 4160 4159 4204 4206 4161 4160 4205 4207 4162 4161 4206 4208 4163 4162 4207 4209 4164 4163 4208 4210 4165 4164 4209 4211 4166 4165 4210 4212 4167 4166 4211 4213 4168 4167 4212 4214 4169 4168 4213 4215 4170 4169 4214 4216 4171 4170 4215 4217 4172 4171 4216 4218 4173 4172 4217 4219 4174 4173 4218 4220 4175 4174 4219 4221 4176 4175 4220 4222 4177 4176 4221 4223 4178 4177 4222 4224 4179 4178 4223 4225 4180 4179 4224 4226 4181 4180 4225 4227 4182 4181 4226 4228 4183 4182 4227 4229 4184 4183 4228 4231 4186 4185 4230 4232 4187 4186 4231 4233 4188 4187 4232 4234 4189 4188 4233 4235 4190 4189 4234 4236 4191 4190 4235 4237 4192 4191 4236 4238 4193 4192 4237 4239 4194 4193 4238 4240 4195 4194 4239 4241 4196 4195 4240 4242 4197 4196 4241 4243 4198 4197 4242 4244 4199 4198 4243 4245 4200 4199 4244 4246 4201 4200 4245 4247 4202 4201 4246 4248 4203 4202 4247 4249 4204 4203 4248 4250 4205 4204 4249 4251 4206 4205 4250 4252 4207 4206 4251 4253 4208 4207 4252 4254 4209 4208 4253 4255 4210 4209 4254 4256 4211 4210 4255 4257 4212 4211 4256 4258 4213 4212 4257 4259 4214 4213 4258 4260 4215 4214 4259 4261 4216 4215 4260 4262 4217 4216 4261 4263 4218 4217 4262 4264 4219 4218 4263 4265 4220 4219 4264 4266 4221 4220 4265 4267 4222 4221 4266 4268 4223 4222 4267 4269 4224 4223 4268 4270 4225 4224 4269 4271 4226 4225 4270 4272 4227 4226 4271 4273 4228 4227 4272 4274 4229 4228 4273 4276 4231 4230 4275 4277 4232 4231 4276 4278 4233 4232 4277 4279 4234 4233 4278 4280 4235 4234 4279 4281 4236 4235 4280 4282 4237 4236 4281 4283 4238 4237 4282 4284 4239 4238 4283 4285 4240 4239 4284 4286 4241 4240 4285 4287 4242 4241 4286 4288 4243 4242 4287 4289 4244 4243 4288 4290 4245 4244 4289 4291 4246 4245 4290 4292 4247 4246 4291 4293 4248 4247 4292 4294 4249 4248 4293 4295 4250 4249 4294 4296 4251 4250 4295 4297 4252 4251 4296 4298 4253 4252 4297 4299 4254 4253 4298 4300 4255 4254 4299 4301 4256 4255 4300 4302 4257 4256 4301 4303 4258 4257 4302 4304 4259 4258 4303 4305 4260 4259 4304 4306 4261 4260 4305 4307 4262 4261 4306 4308 4263 4262 4307 4309 4264 4263 4308 4310 4265 4264 4309 4311 4266 4265 4310 4312 4267 4266 4311 4313 4268 4267 4312 4314 4269 4268 4313 4315 4270 4269 4314 4316 4271 4270 4315 4317 4272 4271 4316 4318 4273 4272 4317 4319 4274 4273 4318 4321 4276 4275 4320 4322 4277 4276 4321 4323 4278 4277 4322 4324 4279 4278 4323 4325 4280 4279 4324 4326 4281 4280 4325 4327 4282 4281 4326 4328 4283 4282 4327 4329 4284 4283 4328 4330 4285 4284 4329 4331 4286 4285 4330 4332 4287 4286 4331 4333 4288 4287 4332 4334 4289 4288 4333 4335 4290 4289 4334 4336 4291 4290 4335 4337 4292 4291 4336 4338 4293 4292 4337 4339 4294 4293 4338 4340 4295 4294 4339 4341 4296 4295 4340 4342 4297 4296 4341 4343 4298 4297 4342 4344 4299 4298 4343 4345 4300 4299 4344 4346 4301 4300 4345 4347 4302 4301 4346 4348 4303 4302 4347 4349 4304 4303 4348 4350 4305 4304 4349 4351 4306 4305 4350 4352 4307 4306 4351 4353 4308 4307 4352 4354 4309 4308 4353 4355 4310 4309 4354 4356 4311 4310 4355 4357 4312 4311 4356 4358 4313 4312 4357 4359 4314 4313 4358 4360 4315 4314 4359 4361 4316 4315 4360 4362 4317 4316 4361 4363 4318 4317 4362 4364 4319 4318 4363 4366 4321 4320 4365 4367 4322 4321 4366 4368 4323 4322 4367 4369 4324 4323 4368 4370 4325 4324 4369 4371 4326 4325 4370 4372 4327 4326 4371 4373 4328 4327 4372 4374 4329 4328 4373 4375 4330 4329 4374 4376 4331 4330 4375 4377 4332 4331 4376 4378 4333 4332 4377 4379 4334 4333 4378 4380 4335 4334 4379 4381 4336 4335 4380 4382 4337 4336 4381 4383 4338 4337 4382 4384 4339 4338 4383 4385 4340 4339 4384 4386 4341 4340 4385 4387 4342 4341 4386 4388 4343 4342 4387 4389 4344 4343 4388 4390 4345 4344 4389 4391 4346 4345 4390 4392 4347 4346 4391 4393 4348 4347 4392 4394 4349 4348 4393 4395 4350 4349 4394 4396 4351 4350 4395 4397 4352 4351 4396 4398 4353 4352 4397 4399 4354 4353 4398 4400 4355 4354 4399 4401 4356 4355 4400 4402 4357 4356 4401 4403 4358 4357 4402 4404 4359 4358 4403 4405 4360 4359 4404 4406 4361 4360 4405 4407 4362 4361 4406 4408 4363 4362 4407 4409 4364 4363 4408 4411 4366 4365 4410 4412 4367 4366 4411 4413 4368 4367 4412 4414 4369 4368 4413 4415 4370 4369 4414 4416 4371 4370 4415 4417 4372 4371 4416 4418 4373 4372 4417 4419 4374 4373 4418 4420 4375 4374 4419 4421 4376 4375 4420 4422 4377 4376 4421 4423 4378 4377 4422 4424 4379 4378 4423 4425 4380 4379 4424 4426 4381 4380 4425 4427 4382 4381 4426 4428 4383 4382 4427 4429 4384 4383 4428 4430 4385 4384 4429 4431 4386 4385 4430 4432 4387 4386 4431 4433 4388 4387 4432 4434 4389 4388 4433 4435 4390 4389 4434 4436 4391 4390 4435 4437 4392 4391 4436 4438 4393 4392 4437 4439 4394 4393 4438 4440 4395 4394 4439 4441 4396 4395 4440 4442 4397 4396 4441 4443 4398 4397 4442 4444 4399 4398 4443 4445 4400 4399 4444 4446 4401 4400 4445 4447 4402 4401 4446 4448 4403 4402 4447 4449 4404 4403 4448 4450 4405 4404 4449 4451 4406 4405 4450 4452 4407 4406 4451 4453 4408 4407 4452 4454 4409 4408 4453 4456 4411 4410 4455 4457 4412 4411 4456 4458 4413 4412 4457 4459 4414 4413 4458 4460 4415 4414 4459 4461 4416 4415 4460 4462 4417 4416 4461 4463 4418 4417 4462 4464 4419 4418 4463 4465 4420 4419 4464 4466 4421 4420 4465 4467 4422 4421 4466 4468 4423 4422 4467 4469 4424 4423 4468 4470 4425 4424 4469 4471 4426 4425 4470 4472 4427 4426 4471 4473 4428 4427 4472 4474 4429 4428 4473 4475 4430 4429 4474 4476 4431 4430 4475 4477 4432 4431 4476 4478 4433 4432 4477 4479 4434 4433 4478 4480 4435 4434 4479 4481 4436 4435 4480 4482 4437 4436 4481 4483 4438 4437 4482 4484 4439 4438 4483 4485 4440 4439 4484 4486 4441 4440 4485 4487 4442 4441 4486 4488 4443 4442 4487 4489 4444 4443 4488 4490 4445 4444 4489 4491 4446 4445 4490 4492 4447 4446 4491 4493 4448 4447 4492 4494 4449 4448 4493 4495 4450 4449 4494 4496 4451 4450 4495 4497 4452 4451 4496 4498 4453 4452 4497 4499 4454 4453 4498 4501 4456 4455 4500 4502 4457 4456 4501 4503 4458 4457 4502 4504 4459 4458 4503 4505 4460 4459 4504 4506 4461 4460 4505 4507 4462 4461 4506 4508 4463 4462 4507 4509 4464 4463 4508 4510 4465 4464 4509 4511 4466 4465 4510 4512 4467 4466 4511 4513 4468 4467 4512 4514 4469 4468 4513 4515 4470 4469 4514 4516 4471 4470 4515 4517 4472 4471 4516 4518 4473 4472 4517 4519 4474 4473 4518 4520 4475 4474 4519 4521 4476 4475 4520 4522 4477 4476 4521 4523 4478 4477 4522 4524 4479 4478 4523 4525 4480 4479 4524 4526 4481 4480 4525 4527 4482 4481 4526 4528 4483 4482 4527 4529 4484 4483 4528 4530 4485 4484 4529 4531 4486 4485 4530 4532 4487 4486 4531 4533 4488 4487 4532 4534 4489 4488 4533 4535 4490 4489 4534 4536 4491 4490 4535 4537 4492 4491 4536 4538 4493 4492 4537 4539 4494 4493 4538 4540 4495 4494 4539 4541 4496 4495 4540 4542 4497 4496 4541 4543 4498 4497 4542 4544 4499 4498 4543 
				</DataArray>
				<DataArray type="UInt32" Name="offsets" format="ascii" >
4 8 12 16 20 24 28 32 36 40 44 48 52 56 60 64 68 72 76 80 84 88 92 96 100 104 108 112 116 120 124 128 132 136 140 144 148 152 156 160 164 168 172 176 180 184 188 192 196 200 204 208 212 216 220 224 228 232 236 240 244 248 252 256 260 264 268 272 276 280 284 288 292 296 300 304 308 312 316 320 324 328 332 336 340 344 348 352 356 360 364 368 372 376 380 384 388 392 396 400 404 408 412 416 420 424 428 432 436 440 444 448 452 456 460 464 468 472 476 480 484 488 492 496 500 504 508 512 516 520 524 528 532 536 540 544 548 552 556 560 564 568 572 576 580 584 588 592 596 600 604 608 612 616 620 624 628 632 636 640 644 648 652 656 660 664 668 672 676 680 684 688 692 696 700 704 708 712 716 720 724 728 732 736 740 744 748 752 756 760 764 768 772 776 780 784 788 792 796 800 804 808 812 816 820 824 828 832 836 840 844 848 852 856 860 864 868 872 876 880 884 888 892 896 900 904 908 912 916 920 924 928 932 936 940 944 948 952 956 960 964 968 972 976 980 984 988 992 996 1000 1004 1008 1012 1016 1020 1024 1028 1032 1036 1040 1044 1048 1052 1056 1060 1064 1068 1072 1076 1080 1084 1088 1092 1096 1100 1104 1108 1112 1116 1120 1124 1128 1132 1136 1140 1144 1148 1152 1156 1160 1164 1168 1172 1176 1180 1184 1188 1192 1196 1200 1204 1208 1212 1216 1220 1224 1228 1232 1236 1240 1244 1248 1252 1256 1260 1264 1268 1272 1276 1280 1284 1288 1292 1296 1300 1304 1308 1312 1316 1320 1324 1328 1332 1336 1340 1344 1348 1352 1356 1360 1364 1368 1372 1376 1380 1384 1388 1392 1396 1400 1404 1408 1412 1416 1420 1424 1428 1432 1436 1440 1444 1448 1452 1456 1460 1464 1468 1472 1476 1480 1484 1488 1492 1496 1500 1504 1508 1512 1516 1520 1524 1528 1532 1536 1540 1544 1548 1552 1556 1560 1564 1568 1572 1576 1580 1584 1588 1592 1596 1600 1604 1608 1612 1616 1620 1624 1628 1632 1636 1640 1644 1648 1652 1656 1660 1664 1668 1672 1676 1680 1684 1688 1692 1696 1700 1704 1708 1712 1716 1720 1724 1728 1732 1736 1740 1744 1748 1752 1756 1760 1764 1768 1772 1776 1780 1784 1788 1792 1796 1800 1804 1808 1812 1816 1820 1824 1828 1832 1836 1840 1844 1848 1852 1856 1860 1864 1868 1872 1876 1880 1884 1888 1892 1896 1900 1904 1908 1912 1916 1920 1924 1928 1932 1936 1940 1944 1948 1952 1956 1960 1964 1968 1972 1976 1980 1984 1988 1992 1996 2000 2004 2008 2012 2016 2020 2024 2028 2032 2036 2040 2044 2048 2052 2056 2060 2064 2068 2072 2076 2080 2084 2088 2092 2096 2100 2104 2108 2112 2116 2120 2124 2128 2132 2136 2140 2144 2148 2152 2156 2160 2164 2168 2172 2176 2180 2184 2188 2192 2196 2200 2204 2208 2212 2216 2220 2224 2228 2232 2236 2240 2244 2248 2252 2256 2260 2264 2268 2272 2276 2280 2284 2288 2292 2296 2300 2304 2308 2312 2316 2320 2324 2328 2332 2336 2340 2344 2348 2352 2356 2360 2364 2368 2372 2376 2380 2384 2388 2392 2396 2400 2404 2408 2412 2416 2420 2424 2428 2432 2436 2440 2444 2448 2452 2456 2460 2464 2468 2472 2476 2480 2484 2488 2492 2496 2500 2504 2508 2512 2516 2520 2524 2528 2532 2536 2540 2544 2548 2552 2556 2560 2564 2568 2572 2576 2580 2584 2588 2592 2596 2600 2604 2608 2612 2616 2620 2624 2628 2632 2636 2640 2644 2648 2652 2656 2660 2664 2668 2672 2676 2680 2684 2688 2692 2696 2700 2704 2708 2712 2716 2720 2724 2728 2732 2736 2740 2744 2748 2752 2756 2760 2764 2768 2772 2776 2780 2784 2788 2792 2796 2800 2804 2808 2812 2816 2820 2824 2828 2832 2836 2840 2844 2848 2852 2856 2860 2864 2868 2872 2876 2880 2884 2888 2892 2896 2900 2904 2908 2912 2916 2920 2924 2928 2932 2936 2940 2944 2948 2952 2956 2960 2964 2968 2972 2976 2980 2984 2988 2992 2996 3000 3004 3008 3012 3016 3020 3024 3028 3032 3036 3040 3044 3048 3052 3056 3060 3064 3068 3072 3076 3080 3084 3088 3092 3096 3100 3104 3108 3112 3116 3120 3124 3128 3132 3136 3140 3144 3148 3152 3156 3160 3164 3168 3172 3176 3180 3184 3188 3192 3196 3200 3204 3208 3212 3216 3220 3224 3228 3232 3236 3240 3244 3248 3252 3256 3260 3264 3268 3272 3276 3280 3284 3288 3292 3296 3300 3304 3308 3312 3316 3320 3324 3328 3332 3336 3340 3344 3348 3352 3356 3360 3364 3368 3372 3376 3380 3384 3388 3392 3396 3400 3404 3408 3412 3416 3420 3424 3428 3432 3436 3440 3444 3448 3452 3456 3460 3464 3468 3472 3476 3480 3484 3488 3492 3496 3500 3504 3508 3512 3516 3520 3524 3528 3532 3536 3540 3544 3548 3552 3556 3560 3564 3568 3572 3576 3580 3584 3588 3592 3596 3600 3604 3608 3612 3616 3620 3624 3628 3632 3636 3640 3644 3648 3652 3656 3660 3664 3668 3672 3676 3680 3684 3688 3692 3696 3700 3704 3708 3712 3716 3720 3724 3728 3732 3736 3740 3744 3748 3752 3756 3760 3764 3768 3772 3776 3780 3784 3788 3792 3796 3800 3804 3808 3812 3816 3820 3824 3828 3832 3836 3840 3844 3848 3852 3856 3860 3864 3868 3872 3876 3880 3884 3888 3892 3896 3900 3904 3908 3912 3916 3920 3924 3928 3932 3936 3940 3944 3948 3952 3956 3960 3964 3968 3972 3976 3980 3984 3988 3992 3996 4000 4004 4008 4012 4016 4020 4024 4028 4032 4036 4040 4044 4048 4052 4056 4060 4064 4068 4072 4076 4080 4084 4088 4092 4096 4100 4104 4108 4112 4116 4120 4124 4128 4132 4136 4140 4144 4148 4152 4156 4160 4164 4168 4172 4176 4180 4184 4188 4192 4196 4200 4204 4208 4212 4216 4220 4224 4228 4232 4236 4240 4244 4248 4252 4256 4260 4264 4268 4272 4276 4280 4284 4288 4292 4296 4300 4304 4308 4312 4316 4320 4324 4328 4332 4336 4340 4344 4348 4352 4356 4360 4364 4368 4372 4376 4380 4384 4388 4392 4396 4400 4404 4408 4412 4416 4420 4424 4428 4432 4436 4440 4444 4448 4452 4456 4460 4464 4468 4472 4476 4480 4484 4488 4492 4496 4500 4504 4508 4512 4516 4520 4524 4528 4532 4536 4540 4544 4548 4552 4556 4560 4564 4568 4572 4576 4580 4584 4588 4592 4596 4600 4604 4608 4612 4616 4620 4624 4628 4632 4636 4640 4644 4648 4652 4656 4660 4664 4668 4672 4676 4680 4684 4688 4692 4696 4700 4704 4708 4712 4716 4720 4724 4728 4732 4736 4740 4744 4748 4752 4756 4760 4764 4768 4772 4776 4780 4784 4788 4792 4796 4800 4804 4808 4812 4816 4820 4824 4828 4832 4836 4840 4844 4848 4852 4856 4860 4864 4868 4872 4876 4880 4884 4888 4892 4896 4900 4904 4908 4912 4916 4920 4924 4928 4932 4936 4940 4944 4948 4952 4956 4960 4964 4968 4972 4976 4980 4984 4988 4992 4996 5000 5004 5008 5012 5016 5020 5024 5028 5032 5036 5040 5044 5048 5052 5056 5060 5064 5068 5072 5076 5080 5084 5088 5092 5096 5100 5104 5108 5112 5116 5120 5124 5128 5132 5136 5140 5144 5148 5152 5156 5160 5164 5168 5172 5176 5180 5184 5188 5192 5196 5200 5204 5208 5212 5216 5220 5224 5228 5232 5236 5240 5244 5248 5252 5256 5260 5264 5268 5272 5276 5280 5284 5288 5292 5296 5300 5304 5308 5312 5316 5320 5324 5328 5332 5336 5340 5344 5348 5352 5356 5360 5364 5368 5372 5376 5380 5384 5388 5392 5396 5400 5404 5408 5412 5416 5420 5424 5428 5432 5436 5440 5444 5448 5452 5456 5460 5464 5468 5472 5476 5480 5484 5488 5492 5496 5500 5504 5508 5512 5516 5520 5524 5528 5532 5536 5540 5544 5548 5552 5556 5560 5564 5568 5572 5576 5580 5584 5588 5592 5596 5600 5604 5608 5612 5616 5620 5624 5628 5632 5636 5640 5644 5648 5652 5656 5660 5664 5668 5672 5676 5680 5684 5688 5692 5696 5700 5704 5708 5712 5716 5720 5724 5728 5732 5736 5740 5744 5748 5752 5756 5760 5764 5768 5772 5776 5780 5784 5788 5792 5796 5800 5804 5808 5812 5816 5820 5824 5828 5832 5836 5840 5844 5848 5852 5856 5860 5864 5868 5872 5876 5880 5884 5888 5892 5896 5900 5904 5908 5912 5916 5920 5924 5928 5932 5936 5940 5944 5948 5952 5956 5960 5964 5968 5972 5976 5980 5984 5988 5992 5996 6000 6004 6008 6012 6016 6020 6024 6028 6032 6036 6040 6044 6048 6052 6056 6060 6064 6068 6072 6076 6080 6084 6088 6092 6096 6100 6104 6108 6112 6116 6120 6124 6128 6132 6136 6140 6144 6148 6152 6156 6160 6164 6168 6172 6176 6180 6184 6188 6192 6196 6200 6204 6208 6212 6216 6220 6224 6228 6232 6236 6240 6244 6248 6252 6256 6260 6264 6268 6272 6276 6280 6284 6288 6292 6296 6300 6304 6308 6312 6316 6320 6324 6328 6332 6336 6340 6344 6348 6352 6356 6360 6364 6368 6372 6376 6380 6384 6388 6392 6396 6400 6404 6408 6412 6416 6420 6424 6428 6432 6436 6440 6444 6448 6452 6456 6460 6464 6468 6472 6476 6480 6484 6488 6492 6496 6500 6504 6508 6512 6516 6520 6524 6528 6532 6536 6540 6544 6548 6552 6556 6560 6564 6568 6572 6576 6580 6584 6588 6592 6596 6600 6604 6608 6612 6616 6620 6624 6628 6632 6636 6640 6644 6648 6652 6656 6660 6664 6668 6672 6676 6680 6684 6688 6692 6696 6700 6704 6708 6712 6716 6720 6724 6728 6732 6736 6740 6744 6748 6752 6756 6760 6764 6768 6772 6776 6780 6784 6788 6792 6796 6800 6804 6808 6812 6816 6820 6824 6828 6832 6836 6840 6844 6848 6852 6856 6860 6864 6868 6872 6876 6880 6884 6888 6892 6896 6900 6904 6908 6912 6916 6920 6924 6928 6932 6936 6940 6944 6948 6952 6956 6960 6964 6968 6972 6976 6980 6984 6988 6992 6996 7000 7004 7008 7012 7016 7020 7024 7028 7032 7036 7040 7044 7048 7052 7056 7060 7064 7068 7072 7076 7080 7084 7088 7092 7096 7100 7104 7108 7112 7116 7120 7124 7128 7132 7136 7140 7144 7148 7152 7156 7160 7164 7168 7172 7176 7180 7184 7188 7192 7196 7200 7204 7208 7212 7216 7220 7224 7228 7232 7236 7240 7244 7248 7252 7256 7260 7264 7268 7272 7276 7280 7284 7288 7292 7296 7300 7304 7308 7312 7316 7320 7324 7328 7332 7336 7340 7344 7348 7352 7356 7360 7364 7368 7372 7376 7380 7384 7388 7392 7396 7400 7404 7408 7412 7416 7420 7424 7428 7432 7436 7440 7444 7448 7452 7456 7460 7464 7468 7472 7476 7480 7484 7488 7492 7496 7500 7504 7508 7512 7516 7520 7524 7528 7532 7536 7540 7544 7548 7552 7556 7560 7564 7568 7572 7576 7580 7584 7588 7592 7596 7600 7604 7608 7612 7616 7620 7624 7628 7632 7636 7640 7644 7648 7652 7656 7660 7664 7668 7672 7676 7680 7684 7688 7692 7696 7700 7704 7708 7712 7716 7720 7724 7728 7732 7736 7740 7744 7748 7752 7756 7760 7764 7768 7772 7776 7780 7784 7788 7792 7796 7800 7804 7808 7812 7816 7820 7824 7828 7832 7836 7840 7844 7848 7852 7856 7860 7864 7868 7872 7876 7880 7884 7888 7892 7896 7900 7904 7908 7912 7916 7920 7924 7928 7932 7936 7940 7944 7948 7952 7956 7960 7964 7968 7972 7976 7980 7984 7988 7992 7996 8000 8004 8008 8012 8016 8020 8024 8028 8032 8036 8040 8044 8048 8052 8056 8060 8064 8068 8072 8076 8080 8084 8088 8092 8096 8100 8104 8108 8112 8116 8120 8124 8128 8132 8136 8140 8144 8148 8152 8156 8160 8164 8168 8172 8176 8180 8184 8188 8192 8196 8200 8204 8208 8212 8216 8220 8224 8228 8232 8236 8240 8244 8248 8252 8256 8260 8264 8268 8272 8276 8280 8284 8288 8292 8296 8300 8304 8308 8312 8316 8320 8324 8328 8332 8336 8340 8344 8348 8352 8356 8360 8364 8368 8372 8376 8380 8384 8388 8392 8396 8400 8404 8408 8412 8416 8420 8424 8428 8432 8436 8440 8444 8448 8452 8456 8460 8464 8468 8472 8476 8480 8484 8488 8492 8496 8500 8504 8508 8512 8516 8520 8524 8528 8532 8536 8540 8544 8548 8552 8556 8560 8564 8568 8572 8576 8580 8584 8588 8592 8596 8600 8604 8608 8612 8616 8620 8624 8628 8632 8636 8640 8644 8648 8652 8656 8660 8664 8668 8672 8676 8680 8684 8688 8692 8696 8700 8704 8708 8712 8716 8720 8724 8728 8732 8736 8740 8744 8748 8752 8756 8760 8764 8768 8772 8776 8780 8784 8788 8792 8796 8800 8804 8808 8812 8816 8820 8824 8828 8832 8836 8840 8844 8848 8852 8856 8860 8864 8868 8872 8876 8880 8884 8888 8892 8896 8900 8904 8908 8912 8916 8920 8924 8928 8932 8936 8940 8944 8948 8952 8956 8960 8964 8968 8972 8976 8980 8984 8988 8992 8996 9000 9004 9008 9012 9016 9020 9024 9028 9032 9036 9040 9044 9048 9052 9056 9060 9064 9068 9072 9076 9080 9084 9088 9092 9096 9100 9104 9108 9112 9116 9120 9124 9128 9132 9136 9140 9144 9148 9152 9156 9160 9164 9168 9172 9176 9180 9184 9188 9192 9196 9200 9204 9208 9212 9216 9220 9224 9228 9232 9236 9240 9244 9248 9252 9256 9260 9264 9268 9272 9276 9280 9284 9288 9292 9296 9300 9304 9308 9312 9316 9320 9324 9328 9332 9336 9340 9344 9348 9352 9356 9360 9364 9368 9372 9376 9380 9384 9388 9392 9396 9400 9404 9408 9412 9416 9420 9424 9428 9432 9436 9440 9444 9448 9452 9456 9460 9464 9468 9472 9476 9480 9484 9488 9492 9496 9500 9504 9508 9512 9516 9520 9524 9528 9532 9536 9540 9544 9548 9552 9556 9560 9564 9568 9572 9576 9580 9584 9588 9592 9596 9600 9604 9608 9612 9616 9620 9624 9628 9632 9636 9640 9644 9648 9652 9656 9660 9664 9668 9672 9676 9680 9684 9688 9692 9696 9700 9704 9708 9712 9716 9720 9724 9728 9732 9736 9740 9744 9748 9752 9756 9760 9764 9768 9772 9776 9780 9784 9788 9792 9796 9800 9804 9808 9812 9816 9820 9824 9828 9832 9836 9840 9844 9848 9852 9856 9860 9864 9868 9872 9876 9880 9884 9888 9892 9896 9900 9904 9908 9912 9916 9920 9924 9928 9932 9936 9940 9944 9948 9952 9956 9960 9964 9968 9972 9976 9980 9984 9988 9992 9996 10000 10004 10008 10012 10016 10020 10024 10028 10032 10036 10040 10044 10048 10052 10056 10060 10064 10068 10072 10076 10080 10084 10088 10092 10096 10100 10104 10108 10112 10116 10120 10124 10128 10132 10136 10140 10144 10148 10152 10156 10160 10164 10168 10172 10176 10180 10184 10188 10192 10196 10200 10204 10208 10212 10216 10220 10224 10228 10232 10236 10240 10244 10248 10252 10256 10260 10264 10268 10272 10276 10280 10284 10288 10292 10296 10300 10304 10308 10312 10316 10320 10324 10328 10332 10336 10340 10344 10348 10352 10356 10360 10364 10368 10372 10376 10380 10384 10388 10392 10396 10400 10404 10408 10412 10416 10420 10424 10428 10432 10436 10440 10444 10448 10452 10456 10460 10464 10468 10472 10476 10480 10484 10488 10492 10496 10500 10504 10508 10512 10516 10520 10524 10528 10532 10536 10540 10544 10548 10552 10556 10560 10564 10568 10572 10576 10580 10584 10588 10592 10596 10600 10604 10608 10612 10616 10620 10624 10628 10632 10636 10640 10644 10648 10652 10656 10660 10664 10668 10672 10676 10680 10684 10688 10692 10696 10700 10704 10708 10712 10716 10720 10724 10728 10732 10736 10740 10744 10748 10752 10756 10760 10764 10768 10772 10776 10780 10784 10788 10792 10796 10800 10804 10808 10812 10816 10820 10824 10828 10832 10836 10840 10844 10848 10852 10856 10860 10864 10868 10872 10876 10880 10884 10888 10892 10896 10900 10904 10908 10912 10916 10920 10924 10928 10932 10936 10940 10944 10948 10952 10956 10960 10964 10968 10972 10976 10980 10984 10988 10992 10996 11000 11004 11008 11012 11016 11020 11024 11028 11032 11036 11040 11044 11048 11052 11056 11060 11064 11068 11072 11076 11080 11084 11088 11092 11096 11100 11104 11108 11112 11116 11120 11124 11128 11132 11136 11140 11144 11148 11152 11156 11160 11164 11168 11172 11176 11180 11184 11188 11192 11196 11200 11204 11208 11212 11216 11220 11224 11228 11232 11236 11240 11244 11248 11252 11256 11260 11264 11268 11272 11276 11280 11284 11288 11292 11296 11300 11304 11308 11312 11316 11320 11324 11328 11332 11336 11340 11344 11348 11352 11356 11360 11364 11368 11372 11376 11380 11384 11388 11392 11396 11400 11404 11408 11412 11416 11420 11424 11428 11432 11436 11440 11444 11448 11452 11456 11460 11464 11468 11472 11476 11480 11484 11488 11492 11496 11500 11504 11508 11512 11516 11520 11524 11528 11532 11536 11540 11544 11548 11552 11556 11560 11564 11568 11572 11576 11580 11584 11588 11592 11596 11600 11604 11608 11612 11616 11620 11624 11628 11632 11636 11640 11644 11648 11652 11656 11660 11664 11668 11672 11676 11680 11684 11688 11692 11696 11700 11704 11708 11712 11716 11720 11724 11728 11732 11736 11740 11744 11748 11752 11756 11760 11764 11768 11772 11776 11780 11784 11788 11792 11796 11800 11804 11808 11812 11816 11820 11824 11828 11832 11836 11840 11844 11848 11852 11856 11860 11864 11868 11872 11876 11880 11884 11888 11892 11896 11900 11904 11908 11912 11916 11920 11924 11928 11932 11936 11940 11944 11948 11952 11956 11960 11964 11968 11972 11976 11980 11984 11988 11992 11996 12000 12004 12008 12012 12016 12020 12024 12028 12032 12036 12040 12044 12048 12052 12056 12060 12064 12068 12072 12076 12080 12084 12088 12092 12096 12100 12104 12108 12112 12116 12120 12124 12128 12132 12136 12140 12144 12148 12152 12156 12160 12164 12168 12172 12176 12180 12184 12188 12192 12196 12200 12204 12208 12212 12216 12220 12224 12228 12232 12236 12240 12244 12248 12252 12256 12260 12264 12268 12272 12276 12280 12284 12288 12292 12296 12300 12304 12308 12312 12316 12320 12324 12328 12332 12336 12340 12344 12348 12352 12356 12360 12364 12368 12372 12376 12380 12384 12388 12392 12396 12400 12404 12408 12412 12416 12420 12424 12428 12432 12436 12440 12444 12448 12452 12456 12460 12464 12468 12472 12476 12480 12484 12488 12492 12496 12500 12504 12508 12512 12516 12520 12524 12528 12532 12536 12540 12544 12548 12552 12556 12560 12564 12568 12572 12576 12580 12584 12588 12592 12596 12600 12604 12608 12612 12616 12620 12624 12628 12632 12636 12640 12644 12648 12652 12656 12660 12664 12668 12672 12676 12680 12684 12688 12692 12696 12700 12704 12708 12712 12716 12720 12724 12728 12732 12736 12740 12744 12748 12752 12756 12760 12764 12768 12772 12776 12780 12784 12788 12792 12796 12800 12804 12808 12812 12816 12820 12824 12828 12832 12836 12840 12844 12848 12852 12856 12860 12864 12868 12872 12876 12880 12884 12888 12892 12896 12900 12904 12908 12912 12916 12920 12924 12928 12932 12936 12940 12944 12948 12952 12956 12960 12964 12968 12972 12976 12980 12984 12988 12992 12996 13000 13004 13008 13012 13016 13020 13024 13028 13032 13036 13040 13044 13048 13052 13056 13060 13064 13068 13072 13076 13080 13084 13088 13092 13096 13100 13104 13108 13112 13116 13120 13124 13128 13132 13136 13140 13144 13148 13152 13156 13160 13164 13168 13172 13176 13180 13184 13188 13192 13196 13200 13204 13208 13212 13216 13220 13224 13228 13232 13236 13240 13244 13248 13252 13256 13260 13264 13268 13272 13276 13280 13284 13288 13292 13296 13300 13304 13308 13312 13316 13320 13324 13328 13332 13336 13340 13344 13348 13352 13356 13360 13364 13368 13372 13376 13380 13384 13388 13392 13396 13400 13404 13408 13412 13416 13420 13424 13428 13432 13436 13440 13444 13448 13452 13456 13460 13464 13468 13472 13476 13480 13484 13488 13492 13496 13500 13504 13508 13512 13516 13520 13524 13528 13532 13536 13540 13544 13548 13552 13556 13560 13564 13568 13572 13576 13580 13584 13588 13592 13596 13600 13604 13608 13612 13616 13620 13624 13628 13632 13636 13640 13644 13648 13652 13656 13660 13664 13668 13672 13676 13680 13684 13688 13692 13696 13700 13704 13708 13712 13716 13720 13724 13728 13732 13736 13740 13744 13748 13752 13756 13760 13764 13768 13772 13776 13780 13784 13788 13792 13796 13800 13804 13808 13812 13816 13820 13824 13828 13832 13836 13840 13844 13848 13852 13856 13860 13864 13868 13872 13876 13880 13884 13888 13892 13896 13900 13904 13908 13912 13916 13920 13924 13928 13932 13936 13940 13944 13948 13952 13956 13960 13964 13968 13972 13976 13980 13984 13988 13992 13996 14000 14004 14008 14012 14016 14020 14024 14028 14032 14036 14040 14044 14048 14052 14056 14060 14064 14068 14072 14076 14080 14084 14088 14092 14096 14100 14104 14108 14112 14116 14120 14124 14128 14132 14136 14140 14144 14148 14152 14156 14160 14164 14168 14172 14176 14180 14184 14188 14192 14196 14200 14204 14208 14212 14216 14220 14224 14228 14232 14236 14240 14244 14248 14252 14256 14260 14264 14268 14272 14276 14280 14284 14288 14292 14296 14300 14304 14308 14312 14316 14320 14324 14328 14332 14336 14340 14344 14348 14352 14356 14360 14364 14368 14372 14376 14380 14384 14388 14392 14396 14400 14404 14408 14412 14416 14420 14424 14428 14432 14436 14440 14444 14448 14452 14456 14460 14464 14468 14472 14476 14480 14484 14488 14492 14496 14500 14504 14508 14512 14516 14520 14524 14528 14532 14536 14540 14544 14548 14552 14556 14560 14564 14568 14572 14576 14580 14584 14588 14592 14596 14600 14604 14608 14612 14616 14620 14624 14628 14632 14636 14640 14644 14648 14652 14656 14660 14664 14668 14672 14676 14680 14684 14688 14692 14696 14700 14704 14708 14712 14716 14720 14724 14728 14732 14736 14740 14744 14748 14752 14756 14760 14764 14768 14772 14776 14780 14784 14788 14792 14796 14800 14804 14808 14812 14816 14820 14824 14828 14832 14836 14840 14844 14848 14852 14856 14860 14864 14868 14872 14876 14880 14884 14888 14892 14896 14900 14904 14908 14912 14916 14920 14924 14928 14932 14936 14940 14944 14948 14952 14956 14960 14964 14968 14972 14976 14980 14984 14988 14992 14996 15000 15004 15008 15012 15016 15020 15024 15028 15032 15036 15040 15044 15048 15052 15056 15060 15064 15068 15072 15076 15080 15084 15088 15092 15096 15100 15104 15108 15112 15116 15120 15124 15128 15132 15136 15140 15144 15148 15152 15156 15160 15164 15168 15172 15176 15180 15184 15188 15192 15196 15200 15204 15208 15212 15216 15220 15224 15228 15232 15236 15240 15244 15248 15252 15256 15260 15264 15268 15272 15276 15280 15284 15288 15292 15296 15300 15304 15308 15312 15316 15320 15324 15328 15332 15336 15340 15344 15348 15352 15356 15360 15364 15368 15372 15376 15380 15384 15388 15392 15396 15400 15404 15408 15412 15416 15420 15424 15428 15432 15436 15440 15444 15448 15452 15456 15460 15464 15468 15472 15476 15480 15484 15488 15492 15496 15500 15504 15508 15512 15516 15520 15524 15528 15532 15536 15540 15544 15548 15552 15556 15560 15564 15568 15572 15576 15580 15584 15588 15592 15596 15600 15604 15608 15612 15616 15620 15624 15628 15632 15636 15640 15644 15648 15652 15656 15660 15664 15668 15672 15676 15680 15684 15688 15692 15696 15700 15704 15708 15712 15716 15720 15724 15728 15732 15736 15740 15744 15748 15752 15756 15760 15764 15768 15772 15776 15780 15784 15788 15792 15796 15800 15804 15808 15812 15816 15820 15824 15828 15832 15836 15840 15844 15848 15852 15856 15860 15864 15868 15872 15876 15880 15884 15888 15892 15896 15900 15904 15908 15912 15916 15920 15924 15928 15932 15936 15940 15944 15948 15952 15956 15960 15964 15968 15972 15976 15980 15984 15988 15992 15996 16000 16004 16008 16012 16016 16020 16024 16028 16032 16036 16040 16044 16048 16052 16056 16060 16064 16068 16072 16076 16080 16084 16088 16092 16096 16100 16104 16108 16112 16116 16120 16124 16128 16132 16136 16140 16144 16148 16152 16156 16160 16164 16168 16172 16176 16180 16184 16188 16192 16196 16200 16204 16208 16212 16216 16220 16224 16228 16232 16236 16240 16244 16248 16252 16256 16260 16264 16268 16272 16276 16280 16284 16288 16292 16296 16300 16304 16308 16312 16316 16320 16324 16328 16332 16336 16340 16344 16348 16352 16356 16360 16364 16368 16372 16376 16380 16384 16388 16392 16396 16400 16404 16408 16412 16416 16420 16424 16428 16432 16436 16440 16444 16448 16452 16456 16460 16464 16468 16472 16476 16480 16484 16488 16492 16496 16500 16504 16508 16512 16516 16520 16524 16528 16532 16536 16540 16544 16548 16552 16556 16560 16564 16568 16572 16576 16580 16584 16588 16592 16596 16600 16604 16608 16612 16616 16620 16624 16628 16632 16636 16640 16644 16648 16652 16656 16660 16664 16668 16672 16676 16680 16684 16688 16692 16696 16700 16704 16708 16712 16716 16720 16724 16728 16732 16736 16740 16744 16748 16752 16756 16760 16764 16768 16772 16776 16780 16784 16788 16792 16796 16800 16804 16808 16812 16816 16820 16824 16828 16832 16836 16840 16844 16848 16852 16856 16860 16864 16868 16872 16876 16880 16884 16888 16892 16896 16900 16904 16908 16912 16916 16920 16924 16928 16932 16936 16940 16944 16948 16952 16956 16960 16964 16968 16972 16976 16980 16984 16988 16992 16996 17000 17004 17008 17012 17016 17020 17024 17028 17032 17036 17040 17044 17048 17052 17056 17060 17064 17068 17072 17076 17080 17084 17088 17092 17096 17100 17104 17108 17112 17116 17120 17124 17128 17132 17136 17140 17144 17148 17152 17156 17160 17164 17168 17172 17176 17180 17184 17188 17192 17196 17200 17204 17208 17212 17216 17220 17224 17228 17232 17236 17240 17244 17248 17252 17256 17260 17264 17268 17272 17276 17280 17284 17288 17292 17296 17300 17304 17308 17312 17316 17320 17324 17328 17332 17336 17340 17344 17348 17352 17356 17360 17364 17368 17372 17376 17380 17384 17388 17392 17396 17400 17404 17408 17412 17416 17420 17424 17428 17432 17436 17440 17444 17448 17452 17456 17460 17464 17468 17472 17476 17480 17484 17488 17492 17496 17500 17504 17508 17512 17516 17520 17524 17528 17532 17536 17540 17544 17548 17552 17556 17560 17564 17568 17572 17576 17580 17584 17588 17592 17596 17600 
				</DataArray>
				<DataArray type="UInt32" Name="types" format="ascii" >
9 9 9 9 9 9 9 9 9 9 9 9 9 9 9 9 9 9 9 9 9 9 9 9 9 9 9 9 9 9 9 9 9 9 9 9 9 9 9 9 9 9 9 9 9 9 9 9 9 9 9 9 9 9 9 9 9 9 9 9 9 9 9 9 9 9 9 9 9 9 9 9 9 9 9 9 9 9 9 9 9 9 9 9 9 9 9 9 9 9 9 9 9 9 9 9 9 9 9 9 9 9 9 9 9 9 9 9 9 9 9 9 9 9 9 9 9 9 9 9 9 9 9 9 9 9 9 9 9 9 9 9 9 9 9 9 9 9 9 9 9 9 9 9 9 9 9 9 9 9 9 9 9 9 9 9 9 9 9 9 9 9 9 9 9 9 9 9 9 9 9 9 9 9 9 9 9 9 9 9 9 9 9 9 9 9 9 9 9 9 9 9 9 9 9 9 9 9 9 9 9 9 9 9 9 9 9 9 9 9 9 9 9 9 9 9 9 9 9 9 9 9 9 9 9 9 9 9 9 9 9 9 9 9 9 9 9 9 9 9 9 9 9 9 9 9 9 9 9 9 9 9 9 9 9 9 9 9 9 9 9 9 9 9 9 9 9 9 9 9 9 9 9 9 9 9 9 9 9 9 9 9 9 9 9 9 9 9 9 9 9 9 9 9 9 9 9 9 9 9 9 9 9 9 9 9 9 9 9 9 9 9 9 9 9 9 9 9 9 9 9 9 9 9 9 9 9 9 9 9 9 9 9 9 9 9 9 9 9 9 9 9 9 9 9 9 9 9 9 9 9 9 9 9 9 9 9 9 9 9 9 9 9 9 9 9 9 9 9 9 9 9 9 9 9 9 9 9 9 9 9 9 9 9 9 9 9 9 9 9 9 9 9 9 9 9 9 9 9 9 9 9 9 9 9 9 9 9 9 9 9 9 9 9 9 9 9 9 9 9 9 9 9 9 9 9 9 9 9 9 9 9 9 9 9 9 9 9 9 9 9 9 9 9 9 9 9 9 9 9 9 9 9 9 9 9 9 9 9 9 9 9 9 9 9 9 9 9 9 9 9 9 9 9 9 9 9 9 9 9 9 9 9 9 9 9 9 9 9 9 9 9 9 9 9 9 9 9 9 9 9 9 9 9 9 9 9 9 9 9 9 9 9 9 9 9 9 9 9 9 9 9 9 9 9 9 9 9 9 9 9 9 9 9 9 9 9 9 9 9 9 9 9 9 9 9 9 9 9 9 9 9 9 9 9 9 9 9 9 9 9 9 9 9 9 9 9 9 9 9 9 9 9 9 9 9 9 9 9 9 9 9 9 9 9 9 9 9 9 9 9 9 9 9 9 9 9 9 9 9 9 9 9 9 9 9 9 9 9 9 9 9 9 9 9 9 9 9 9 9 9 9 9 9 9 9 9 9 9 9 9 9 9 9 9 9 9 9 9 9 9 9 9 9 9 9 9 9 9 9 9 9 9 9 9 9 9 9 9 9 9 9 9 9 9 9 9 9 9 9 9 9 9 9 9 9 9 9 9 9 9 9 9 9 9 9 9 9 9 9 9 9 9 9 9 9 9 9 9 9 9 9 9 9 9 9 9 9 9 9 9 9 9 9 9 9 9 9 9 9 9 9 9 9 9 9 9 9 9 9 9 9 9 9 9 9 9 9 9 9 9 9 9 9 9 9 9 9 9 9 9 9 9 9 9 9 9 9 9 9 9 9 9 9 9 9 9 9 9 9 9 9 9 9 9 9 9 9 9 9 9 9 9 9 9 9 9 9 9 9 9 9 9 9 9 9 9 9 9 9 9 9 9 9 9 9 9 9 9 9 9 9 9 9 9 9 9 9 9 9 9 9 9 9 9 9 9 9 9 9 9 9 9 9 9 9 9 9 9 9 9 9 9 9 9 9 9 9 9 9 9 9 9 9 9 9 9 9 9 9 9 9 9 9 9 9 9 9 9 9 9 9 9 9 9 9 9 9 9 9 9 9 9 9 9 9 9 9 9 9 9 9 9 9 9 9 9 9 9 9 9 9 9 9 9 9 9 9 9 9 9 9 9 9 9 9 9 9 9 9 9 9 9 9 9 9 9 9 9 9 9 9 9 9 9 9 9 9 9 9 9 9 9 9 9 9 9 9 9 9 9 9 9 9 9 9 9 9 9 9 9 9 9 9 9 9 9 9 9 9 9 9 9 9 9 9 9 9 9 9 9 9 9 9 9 9 9 9 9 9 9 9 9 9 9 9 9 9 9 9 9 9 9 9 9 9 9 9 9 9 9 9 9 9 9 9 9 9 9 9 9 9 9 9 9 9 9 9 9 9 9 9 9 9 9 9 9 9 9 9 9 9 9 9 9 9 9 9 9 9 9 9 9 9 9 9 9 9 9 9 9 9 9 9 9 9 9 9 9 9 9 9 9 9 9 9 9 9 9 9 9 9 9 9 9 9 9 9 9 9 9 9 9 9 9 9 9 9 9 9 9 9 9 9 9 9 9 9 9 9 9 9 9 9 9 9 9 9 9 9 9 9 9 9 9 9 9 9 9 9 9 9 9 9 9 9 9 9 9 9 9 9 9 9 9 9 9 9 9 9 9 9 9 9 9 9 9 9 9 9 9 9 9 9 9 9 9 9 9 9 9 9 9 9 9 9 9 9 9 9 9 9 9 9 9 9 9 9 9 9 9 9 9 9 9 9 9 9 9 9 9 9 9 9 9 9 9 9 9 9 9 9 9 9 9 9 9 9 9 9 9 9 9 9 9 9 9 9 9 9 9 9 9 9 9 9 9 9 9 9 9 9 9 9 9 9 9 9 9 9 9 9 9 9 9 9 9 9 9 9 9 9 9 9 9 9 9 9 9 9 9 9 9 9 9 9 9 9 9 9 9 9 9 9 9 9 9 9 9 9 9 9 9 9 9 9 9 9 9 9 9 9 9 9 9 9 9 9 9 9 9 9 9 9 9 9 9 9 9 9 9 9 9 9 9 9 9 9 9 9 9 9 9 9 9 9 9 9 9 9 9 9 9 9 9 9 9 9 9 9 9 9 9 9 9 9 9 9 9 9 9 9 9 9 9 9 9 9 9 9 9 9 9 9 9 9 9 9 9 9 9 9 9 9 9 9 9 9 9 9 9 9 9 9 9 9 9 9 9 9 9 9 9 9 9 9 9 9 9 9 9 9 9 9 9 9 9 9 9 9 9 9 9 9 9 9 9 9 9 9 9 9 9 9 9 9 9 9 9 9 9 9 9 9 9 9 9 9 9 9 9 9 9 9 9 9 9 9 9 9 9 9 9 9 9 9 9 9 9 9 9 9 9 9 9 9 9 9 9 9 9 9 9 9 9 9 9 9 9 9 9 9 9 9 9 9 9 9 9 9 9 9 9 9 9 9 9 9 9 9 9 9 9 9 9 9 9 9 9 9 9 9 9 9 9 9 9 9 9 9 9 9 9 9 9 9 9 9 9 9 9 9 9 9 9 9 9 9 9 9 9 9 9 9 9 9 9 9 9 9 9 9 9 9 9 9 9 9 9 9 9 9 9 9 9 9 9 9 9 9 9 9 9 9 9 9 9 9 9 9 9 9 9 9 9 9 9 9 9 9 9 9 9 9 9 9 9 9 9 9 9 9 9 9 9 9 9 9 9 9 9 9 9 9 9 9 9 9 9 9 9 9 9 9 9 9 9 9 9 9 9 9 9 9 9 9 9 9 9 9 9 9 9 9 9 9 9 9 9 9 9 9 9 9 9 9 9 9 9 9 9 9 9 9 9 9 9 9 9 9 9 9 9 9 9 9 9 9 9 9 9 9 9 9 9 9 9 9 9 9 9 9 9 9 9 9 9 9 9 9 9 9 9 9 9 9 9 9 9 9 9 9 9 9 9 9 9 9 9 9 9 9 9 9 9 9 9 9 9 9 9 9 9 9 9 9 9 9 9 9 9 9 9 9 9 9 9 9 9 9 9 9 9 9 9 9 9 9 9 9 9 9 9 9 9 9 9 9 9 9 9 9 9 9 9 9 9 9 9 9 9 9 9 9 9 9 9 9 9 9 9 9 9 9 9 9 9 9 9 9 9 9 9 9 9 9 9 9 9 9 9 9 9 9 9 9 9 9 9 9 9 9 9 9 9 9 9 9 9 9 9 9 9 9 9 9 9 9 9 9 9 9 9 9 9 9 9 9 9 9 9 9 9 9 9 9 9 9 9 9 9 9 9 9 9 9 9 9 9 9 9 9 9 9 9 9 9 9 9 9 9 9 9 9 9 9 9 9 9 9 9 9 9 9 9 9 9 9 9 9 9 9 9 9 9 9 9 9 9 9 9 9 9 9 9 9 9 9 9 9 9 9 9 9 9 9 9 9 9 9 9 9 9 9 9 9 9 9 9 9 9 9 9 9 9 9 9 9 9 9 9 9 9 9 9 9 9 9 9 9 9 9 9 9 9 9 9 9 9 9 9 9 9 9 9 9 9 9 9 9 9 9 9 9 9 9 9 9 9 9 9 9 9 9 9 9 9 9 9 9 9 9 9 9 9 9 9 9 9 9 9 9 9 9 9 9 9 9 9 9 9 9 9 9 9 9 9 9 9 9 9 9 9 9 9 9 9 9 9 9 9 9 9 9 9 9 9 9 9 9 9 9 9 9 9 9 9 9 9 9 9 9 9 9 9 9 9 9 9 9 9 9 9 9 9 9 9 9 9 9 9 9 9 9 9 9 9 9 9 9 9 9 9 9 9 9 9 9 9 9 9 9 9 9 9 9 9 9 9 9 9 9 9 9 9 9 9 9 9 9 9 9 9 9 9 9 9 9 9 9 9 9 9 9 9 9 9 9 9 9 9 9 9 9 9 9 9 9 9 9 9 9 9 9 9 9 9 9 9 9 9 9 9 9 9 9 9 9 9 9 9 9 9 9 9 9 9 9 9 9 9 9 9 9 9 9 9 9 9 9 9 9 9 9 9 9 9 9 9 9 9 9 9 9 9 9 9 9 9 9 9 9 9 9 9 9 9 9 9 9 9 9 9 9 9 9 9 9 9 9 9 9 9 9 9 9 9 9 9 9 9 9 9 9 9 9 9 9 9 9 9 9 9 9 9 9 9 9 9 9 9 9 9 9 9 9 9 9 9 9 9 9 9 9 9 9 9 9 9 9 9 9 9 9 9 9 9 9 9 9 9 9 9 9 9 9 9 9 9 9 9 9 9 9 9 9 9 9 9 9 9 9 9 9 9 9 9 9 9 9 9 9 9 9 9 9 9 9 9 9 9 9 9 9 9 9 9 9 9 9 9 9 9 9 9 9 9 9 9 9 9 9 9 9 9 9 9 9 9 9 9 9 9 9 9 9 9 9 9 9 9 9 9 9 9 9 9 9 9 9 9 9 9 9 9 9 9 9 9 9 9 9 9 9 9 9 9 9 9 9 9 9 9 9 9 9 9 9 9 9 9 9 9 9 9 9 9 9 9 9 9 9 9 9 9 9 9 9 9 9 9 9 9 9 9 9 9 9 9 9 9 9 9 9 9 9 9 9 9 9 9 9 9 9 9 9 9 9 9 9 9 9 9 9 9 9 9 9 9 9 9 9 9 9 9 9 9 9 9 9 9 9 9 9 9 9 9 9 9 9 9 9 9 9 9 9 9 9 9 9 9 9 9 9 9 9 9 9 9 9 9 9 9 9 9 9 9 9 9 9 9 9 9 9 9 9 9 9 9 9 9 9 9 9 9 9 9 9 9 9 9 9 9 9 9 9 9 9 9 9 9 9 9 9 9 9 9 9 9 9 9 9 9 9 9 9 9 9 9 9 9 9 9 9 9 9 9 9 9 9 9 9 9 9 9 9 9 9 9 9 9 9 9 9 9 9 9 9 9 9 9 9 9 9 9 9 9 9 9 9 9 9 9 9 9 9 9 9 9 9 9 9 9 9 9 9 9 9 9 9 9 9 9 9 9 9 9 9 9 9 9 9 9 9 9 9 9 9 9 9 9 9 9 9 9 9 9 9 9 9 9 9 9 9 9 9 9 9 9 9 9 9 9 9 9 9 9 9 9 9 9 9 9 9 9 9 9 9 9 9 9 9 9 9 9 9 9 9 9 9 9 9 9 9 9 9 9 9 9 9 9 9 9 9 9 9 9 9 9 9 9 9 9 9 9 9 9 9 9 9 9 9 9 9 9 9 9 9 9 9 9 9 9 9 9 9 9 9 9 9 9 9 9 9 9 9 9 9 9 9 9 9 9 9 9 9 9 9 9 9 9 9 9 9 9 9 9 9 9 9 9 9 9 9 9 9 9 9 9 9 9 9 9 9 9 9 9 9 9 9 9 9 9 9 9 9 9 9 9 9 9 9 9 9 9 9 9 9 9 9 9 9 9 9 9 9 9 9 9 9 9 9 9 9 9 9 9 9 9 9 9 9 9 9 9 9 9 9 9 9 9 9 9 9 9 9 9 9 9 9 9 9 9 9 9 9 9 9 9 9 9 9 9 9 9 9 9 9 9 9 9 9 9 9 9 9 9 9 9 9 9 9 9 9 9 9 9 9 9 9 9 9 9 9 9 9 9 9 9 9 9 9 9 9 9 9 9 9 9 9 9 9 9 9 9 9 9 9 9 9 9 9 9 9 9 9 9 9 9 9 9 9 9 9 9 9 9 9 9 9 9 9 9 9 9 9 9 9 9 9 9 9 9 9 9 9 9 9 9 9 9 9 9 9 9 9 9 9 9 9 9 9 9 9 9 9 9 9 9 9 9 9 9 9 9 9 9 9 9 9 9 9 9 9 9 9 9 9 9 9 9 9 9 9 9 9 9 9 9 9 9 9 9 9 9 9 9 9 9 9 9 9 9 9 9 9 9 9 9 9 9 9 9 9 9 9 9 9 9 9 9 9 9 9 9 9 9 9 9 9 9 9 9 9 9 9 9 9 9 9 9 9 9 9 9 9 9 9 9 9 9 9 9 9 9 9 9 9 9 9 9 9 9 9 9 9 9 9 9 9 9 9 9 9 9 9 9 9 9 9 9 9 9 9 9 9 9 9 9 9 9 9 9 9 9 9 9 9 9 9 9 9 9 9 9 9 9 9 9 9 9 9 9 9 9 9 9 9 9 9 9 9 9 9 9 9 9 9 9 9 9 9 9 9 9 9 9 9 9 9 9 9 9 9 9 9 9 9 9 9 9 9 9 9 9 9 9 9 9 9 9 9 9 9 9 9 9 9 9 9 9 9 9 9 9 9 9 9 9 9 9 9 9 9 9 9 9 9 9 9 9 9 9 9 9 9 9 9 9 9 9 9 9 9 9 9 9 9 9 9 9 9 9 9 9 9 9 9 9 9 9 9 9 9 9 9 9 9 9 9 9 9 9 9 9 9 9 9 9 9 9 9 9 9 9 9 9 9 9 9 9 9 9 9 9 9 9 9 9 9 9 9 9 9 9 9 9 9 9 9 9 9 9 9 9 9 9 9 9 9 9 9 9 9 9 9 9 9 9 9 9 9 9 9 9 9 9 9 9 9 9 9 9 9 9 9 9 9 9 9 9 9 9 9 9 9 9 9 9 9 9 9 9 9 9 9 9 9 9 9 9 9 9 9 9 9 9 9 9 9 9 9 9 9 9 9 9 9 9 9 9 9 9 9 9 9 9 9 9 9 9 9 9 9 9 9 9 9 9 9 9 9 9 9 9 9 9 9 9 9 9 9 9 9 9 9 9 9 9 9 9 9 9 9 9 9 9 9 9 9 9 9 9 9 9 9 9 9 9 9 9 9 9 9 9 9 9 9 9 9 9 9 9 9 9 9 9 9 9 9 9 9 9 9 9 9 9 9 9 9 9 9 9 9 9 9 9 9 9 9 9 9 9 9 9 9 9 9 9 9 9 9 9 9 9 9 9 9 9 9 9 9 9 9 9 9 9 9 9 9 9 9 9 9 9 9 9 9 9 9 9 9 9 9 9 9 9 9 9 9 9 9 9 9 9 9 9 9 9 9 9 9 9 9 9 9 9 9 9 9 9 9 9 9 9 9 9 9 9 9 9 9 9 9 9 9 9 9 9 9 9 9 9 9 9 9 9 9 9 9 9 9 9 9 9 9 9 9 9 9 9 9 9 9 9 9 9 9 9 9 9 9 9 9 9 9 9 9 9 9 9 9 9 9 9 9 9 9 9 9 9 9 9 9 9 9 9 9 9 9 9 9 9 9 9 9 9 9 9 9 9 9 9 9 9 9 9 9 9 9 9 9 9 9 9 9 9 9 9 9 9 9 9 9 9 9 9 9 9 9 9 9 9 9 9 9 9 9 9 9 9 9 9 9 9 9 9 9 9 9 9 9 9 9 9 9 9 9 9 9 9 9 9 9 9 9 9 9 9 9 9 9 9 9 9 9 9 9 9 9 9 9 9 9 9 9 9 9 9 9 9 9 9 9 9 9 9 9 9 9 9 9 9 9 9 9 9 9 9 9 9 9 9 9 9 9 9 9 9 9 9 9 9 9 9 9 9 9 9 9 9 9 9 9 9 9 9 9 9 9 9 9 9 9 9 9 9 9 9 9 9 9 9 9 9 9 9 9 9 9 9 9 9 9 9 9 9 9 9 9 9 9 9 9 9 9 9 9 9 9 9 9 9 9 9 9 9 9 9 9 9 9 9 9 9 9 9 9 9 9 9 9 9 9 9 9 9 9 9 9 9 9 9 9 9 9 9 9 9 9 9 9 9 9 9 9 9 9 9 9 9 9 9 9 9 9 9 9 9 9 9 9 9 9 9 9 9 9 9 9 9 9 9 9 9 9 9 9 9 9 9 9 9 9 9 9 9 9 9 9 9 9 9 9 9 9 9 9 9 9 9 9 9 9 9 9 9 9 9 9 9 9 9 9 9 9 9 9 9 9 9 9 9 9 9 9 9 9 9 9 9 9 9 9 9 9 9 9 9 9 9 9 9 9 9 9 9 9 9 9 9 9 9 9 9 9 9 9 9 9 9 9 9 9 9 9 9 9 9 9 9 9 9 9 9 9 9 9 9 9 9 9 9 9 9 9 9 9 9 9 9 9 9 9 9 9 9 9 9 9 9 9 9 9 9 9 9 9 9 9 9 9 9 9 9 9 9 9 9 9 9 9 9 9 9 9 9 9 9 9 9 9 9 9 9 9 9 9 9 9 9 9 9 9 9 9 9 9 9 9 9 9 9 9 9 9 9 9 9 9 9 9 9 9 9 9 9 9 9 9 9 9 9 9 9 9 9 9 9 9 9 9 9 9 9 9 9 9 9 9 9 9 9 9 9 9 9 9 9 9 9 9 9 9 9 9 9 9 9 9 9 9 9 9 9 9 9 9 9 9 9 9 9 9 9 9 9 9 9 9 9 9 9 9 9 9 9 9 9 9 9 9 9 9 9 9 9 9 9 9 9 9 9 9 9 9 9 9 9 9 9 9 9 9 9 9 9 9 9 9 9 9 9 9 9 9 9 9 9 9 9 9 9 9 9 9 9 9 9 9 9 9 9 9 9 9 9 9 9 9 9 9 9 9 9 9 9 9 9 9 9 9 9 9 9 9 9 9 9 9 9 9 9 9 9 9 9 9 9 9 9 9 9 9 9 9 9 9 9 9 9 9 9 9 9 9 9 9 9 9 9 9 9 9 9 9 9 9 9 9 9 9 9 9 9 9 9 9 9 9 9 9 9 9 9 9 9 9 9 9 9 9 9 9 9 9 9 9 9 9 9 9 9 9 9 9 9 9 9 9 9 9 9 9 9 9 9 9 9 9 9 9 9 9 9 9 9 9 9 9 9 9 9 9 9 9 9 9 9 9 9 9 9 9 9 9 9 9 9 9 9 9 9 9 9 9 9 9 9 9 9 9 9 9 9 9 9 9 9 9 9 9 9 9 9 9 9 9 9 9 
				</DataArray>
			</Cells>
		</Piece>
	</UnstructuredGrid>
</VTKFile>