# vtk DataFile Version 2.0
Solution
ASCII
DATASET POLYDATA
POINTS 1919 float
2.82843 2.82843 0
2.78353 2.78353 0
2.7393 2.7393 0
2.69572 2.69572 0
2.65281 2.65281 0
2.61055 2.61055 0
2.56896 2.56896 0
2.52802 2.52802 0
2.48775 2.48775 0
2.44813 2.44813 0
2.40918 2.40918 0
2.37089 2.37089 0
2.33325 2.33325 0
2.29628 2.29628 0
2.25997 2.25997 0
2.22432 2.22432 0
2.18932 2.18932 0
2.15499 2.15499 0
2.12132 2.12132 0
2.78365 2.87251 0
2.73947 2.82691 0
2.69593 2.78199 0
2.65305 2.73773 0
2.61081 2.69415 0
2.56922 2.65123 0
2.52829 2.60899 0
2.488 2.56742 0
2.44837 2.52652 0
2.40938 2.48629 0
2.37104 2.44673 0
2.33335 2.40784 0
2.29632 2.36962 0
2.25993 2.33207 0
2.22419 2.29519 0
2.1891 2.25898 0
2.15467 2.22344 0
2.12088 2.18858 0
2.08774 2.15438 0
2.73819 2.91587 0
2.69473 2.86959 0
2.6519 2.82399 0
2.60972 2.77907 0
2.56817 2.73482 0
2.52726 2.69126 0
2.487 2.64838 0
2.44737 2.60618 0
2.40838 2.56466 0
2.37003 2.52382 0
2.33232 2.48367 0
2.29525 2.44419 0
2.25881 2.40539 0
2.22302 2.36728 0
2.18787 2.32984 0
2.15335 2.29309 0
2.11948 2.25701 0
2.08624 2.22162 0
2.05364 2.18691 0
2.69205 2.95852 0
2.64932 2.91156 0
2.60722 2.86529 0
2.56574 2.81971 0
2.5249 2.77483 0
2.48468 2.73063 0
2.44509 2.68712 0
2.40613 2.6443 0
2.3678 2.60218 0
2.33009 2.56074 0
2.29302 2.51999 0
2.25657 2.47994 0
2.22075 2.44058 0
2.18556 2.4019 0
2.151 2.36392 0
2.11707 2.32663 0
2.08376 2.29002 0
2.05109 2.25411 0
2.01904 2.21889 0
2.64525 3.00044 0
2.60326 2.95282 0
2.56189 2.90589 0
2.52114 2.85967 0
2.481 2.81414 0
2.44148 2.76932 0
2.40258 2.72519 0
2.3643 2.68177 0
2.32663 2.63905 0
2.28958 2.59702 0
2.25315 2.5557 0
2.21734 2.51508 0
2.18214 2.47516 0
2.14757 2.43593 0
2.1136 2.39741 0
2.08026 2.35959 0
2.04754 2.32247 0
2.01543 2.28605 0
1.98394 2.25033 0
2.59779 3.04162 0
2.55656 2.99334 0
2.51593 2.94577 0
2.47591 2.89891 0
2.43649 2.85276 0
2.39768 2.80733 0
2.35948 2.7626 0
2.32188 2.71858 0
2.28489 2.67527 0
2.24851 2.63267 0
2.21273 2.59078 0
2.17756 2.5496 0
2.143 2.50913 0
2.10904 2.46937 0
2.07569 2.43032 0
2.04294 2.39198 0
2.0108 2.35435 0
1.97927 2.31743 0
1.94834 2.28122 0
2.5497 3.08205 0
2.50922 3.03313 0
2.46935 2.98493 0
2.43007 2.93745 0
2.39138 2.89068 0
2.35329 2.84464 0
2.3158 2.79932 0
2.27889 2.75471 0
2.24259 2.71083 0
2.20688 2.66766 0
2.17176 2.62521 0
2.13725 2.58349 0
2.10332 2.54248 0
2.06999 2.50219 0
2.03726 2.46262 0
2.00512 2.42377 0
1.97357 2.38564 0
1.94263 2.34823 0
1.91227 2.31154 0
2.50097 3.12172 0
2.46127 3.07217 0
2.42216 3.02335 0
2.38363 2.97525 0
2.34568 2.92789 0
2.30832 2.88125 0
2.27154 2.83535 0
2.23534 2.79017 0
2.19973 2.74572 0
2.16471 2.70199 0
2.13026 2.659 0
2.0964 2.61674 0
2.06313 2.5752 0
2.03043 2.53439 0
1.99832 2.49432 0
1.9668 2.45497 0
1.93586 2.41635 0
1.9055 2.37845 0
1.87573 2.34129 0
2.45163 3.16062 0
2.41271 3.11045 0
2.37437 3.06102 0
2.3366 3.01233 0
2.2994 2.96437 0
2.26278 2.91715 0
2.22672 2.87068 0
2.19124 2.82493 0
2.15633 2.77993 0
2.122 2.73566 0
2.08823 2.69213 0
2.05504 2.64934 0
2.02242 2.60729 0
1.99037 2.56597 0
1.9589 2.5254 0
1.928 2.48556 0
1.89767 2.44646 0
1.86791 2.40809 0
1.83872 2.37047 0
2.40168 3.19874 0
2.36356 3.14797 0
2.326 3.09794 0
2.289 3.04866 0
2.25256 3.00012 0
2.21668 2.95234 0
2.18136 2.9053 0
2.1466 2.859 0
2.1124 2.81346 0
2.07877 2.76866 0
2.04569 2.7246 0
2.01317 2.6813 0
1.98122 2.63874 0
1.94982 2.59692 0
1.91899 2.55585 0
1.88872 2.51553 0
1.859 2.47596 0
1.82985 2.43713 0
1.80126 2.39905 0
2.35114 3.23607 0
2.31382 3.1847 0
2.27705 3.13409 0
2.24083 3.08424 0
2.20516 3.03514 0
2.17003 2.98679 0
2.13546 2.9392 0
2.10143 2.89237 0
2.06795 2.84629 0
2.03502 2.80097 0
2.00264 2.7564 0
1.97081 2.71259 0
1.93953 2.66953 0
1.90879 2.62723 0
1.87861 2.58568 0
1.84897 2.54489 0
1.81988 2.50486 0
1.79135 2.46558 0
1.76336 2.42705 0
2.30002 3.2726 0
2.26351 3.22065 0
2.22754 3.16947 0
2.19211 3.11905 0
2.15721 3.0694 0
2.12285 3.02051 0
2.08902 2.97238 0
2.05574 2.92502 0
2.02299 2.87842 0
1.99077 2.83259 0
1.9591 2.78751 0
1.92796 2.74321 0
1.89736 2.69966 0
1.86729 2.65689 0
1.83776 2.61487 0
1.80877 2.57362 0
1.78032 2.53313 0
1.7524 2.49341 0
1.72502 2.45445 0
2.24833 3.30832 0
2.21265 3.25581 0
2.17748 3.20407 0
2.14284 3.1531 0
2.10873 3.1029 0
2.07514 3.05348 0
2.04208 3.00483 0
2.00954 2.95695 0
1.97753 2.90984 0
1.94604 2.86351 0
1.91507 2.81794 0
1.88463 2.77315 0
1.85472 2.72913 0
1.82533 2.68589 0
1.79646 2.64341 0
1.76812 2.60171 0
1.74031 2.56078 0
1.71302 2.52063 0
1.68625 2.48124 0
2.19609 3.34323 0
2.16123 3.29016 0
2.12689 3.23788 0
2.09305 3.18637 0
2.05973 3.13564 0
2.02692 3.0857 0
1.99463 3.03653 0
1.96285 2.98815 0
1.93158 2.94054 0
1.90082 2.89372 0
1.87057 2.84768 0
1.84084 2.80241 0
1.81162 2.75793 0
1.78291 2.71423 0
1.75472 2.67131 0
1.72704 2.62916 0
1.69987 2.5878 0
1.67321 2.54722 0
1.64707 2.50742 0
2.14331 3.37731 0
2.10929 3.3237 0
2.07577 3.27088 0
2.04275 3.21885 0
2.01023 3.16761 0
1.97821 3.11715 0
1.94669 3.06749 0
1.91567 3.01861 0
1.88515 2.97052 0
1.85513 2.92322 0
1.82561 2.87671 0
1.7966 2.83098 0
1.76808 2.78605 0
1.74006 2.7419 0
1.71254 2.69854 0
1.68553 2.65597 0
1.65901 2.61418 0
1.633 2.57319 0
1.60748 2.53298 0
2.08999 3.41056 0
2.05682 3.35642 0
2.02413 3.30309 0
1.99193 3.25054 0
1.96022 3.19879 0
1.929 3.14784 0
1.89827 3.09769 0
1.86802 3.04833 0
1.83826 2.99976 0
1.80899 2.952 0
1.7802 2.90503 0
1.75191 2.85885 0
1.7241 2.81347 0
1.69678 2.76889 0
1.66995 2.7251 0
1.6436 2.68211 0
1.61775 2.63992 0
1.59238 2.59852 0
1.5675 2.55792 0
2.03617 3.44297 0
2.00385 3.38832 0
1.972 3.33447 0
1.94063 3.28143 0
1.90974 3.22919 0
1.87932 3.17775 0
1.84937 3.12712 0
1.81991 3.07729 0
1.79091 3.02827 0
1.7624 2.98005 0
1.73435 2.93263 0
1.70679 2.88602 0
1.67969 2.84021 0
1.65308 2.7952 0
1.62694 2.751 0
1.60127 2.7076 0
1.57608 2.66501 0
1.55136 2.62321 0
1.52712 2.58223 0
1.98183 3.47453 0
1.95038 3.41937 0
1.91938 3.36503 0
1.88885 3.31151 0
1.85878 3.25879 0
1.82917 3.20688 0
1.80003 3.15578 0
1.77135 3.1055 0
1.74313 3.05603 0
1.71537 3.00736 0
1.68808 2.95951 0
1.66124 2.91247 0
1.63487 2.86624 0
1.60897 2.82082 0
1.58352 2.77621 0
1.55854 2.73242 0
1.53403 2.68943 0
1.50997 2.64726 0
1.48638 2.60589 0
1.92701 3.50523 0
1.89643 3.44959 0
1.86629 3.39477 0
1.8366 3.34077 0
1.80736 3.28758 0
1.77858 3.23522 0
1.75024 3.18367 0
1.72235 3.13294 0
1.69491 3.08303 0
1.66792 3.03394 0
1.64138 2.98566 0
1.61529 2.9382 0
1.58965 2.89157 0
1.56446 2.84575 0
1.53972 2.80074 0
1.51543 2.75656 0
1.49159 2.7132 0
1.4682 2.67065 0
1.44526 2.62892 0
1.87172 3.53506 0
1.84201 3.47895 0
1.81274 3.42366 0
1.7839 3.3692 0
1.7555 3.31557 0
1.72754 3.26275 0
1.70001 3.21077 0
1.67293 3.15961 0
1.64627 3.10927 0
1.62006 3.05976 0
1.59428 3.01107 0
1.56894 2.96321 0
1.54404 2.91618 0
1.51957 2.86997 0
1.49554 2.82458 0
1.47195 2.78002 0
1.44879 2.73629 0
1.42607 2.69338 0
1.40379 2.6513 0
1.81596 3.56403 0
1.78714 3.50745 0
1.75874 3.45171 0
1.73076 3.39681 0
1.70321 3.34273 0
1.67608 3.28949 0
1.64937 3.23707 0
1.62309 3.18549 0
1.59723 3.13475 0
1.5718 3.08483 0
1.54679 3.03574 0
1.5222 2.98749 0
1.49804 2.94007 0
1.4743 2.89348 0
1.45099 2.84773 0
1.4281 2.8028 0
1.40563 2.75871 0
1.38359 2.71545 0
1.36197 2.67302 0
1.75976 3.59211 0
1.73182 3.53509 0
1.7043 3.47891 0
1.67719 3.42357 0
1.65049 3.36907 0
1.6242 3.31541 0
1.59832 3.26258 0
1.57285 3.2106 0
1.5478 3.15945 0
1.52315 3.10914 0
1.49892 3.05967 0
1.47509 3.01103 0
1.45168 2.96324 0
1.42867 2.91628 0
1.40608 2.87017 0
1.3839 2.82489 0
1.36213 2.78045 0
1.34077 2.73685 0
1.31982 2.69408 0
1.70312 3.61931 0
1.67608 3.56186 0
1.64945 3.50525 0
1.62321 3.44949 0
1.59737 3.39458 0
1.57192 3.34051 0
1.54688 3.28728 0
1.52223 3.2349 0
1.49798 3.18337 0
1.47413 3.13268 0
1.45067 3.08283 0
1.42761 3.03383 0
1.40495 2.98568 0
1.38269 2.93836 0
1.36082 2.8919 0
1.33936 2.84628 0
1.31829 2.8015 0
1.29761 2.75757 0
1.27734 2.71448 0
1.64606 3.64561 0
1.61993 3.58775 0
1.59419 3.53073 0
1.56883 3.47457 0
1.54385 3.41925 0
1.51926 3.36479 0
1.49505 3.31118 0
1.47123 3.25842 0
1.44779 3.20651 0
1.42474 3.15545 0
1.40207 3.10524 0
1.37978 3.05588 0
1.35788 3.00738 0
1.33637 2.95972 0
1.31523 2.91292 0
1.29448 2.86696 0
1.27412 2.82186 0
1.25414 2.77761 0
1.23454 2.73421 0
1.58859 3.67102 0
1.56338 3.61275 0
1.53853 3.55534 0
1.51406 3.49878 0
1.48995 3.44308 0
1.46622 3.38824 0
1.44286 3.33425 0
1.41987 3.28112 0
1.39725 3.22885 0
1.375 3.17744 0
1.35312 3.12688 0
1.33161 3.07718 0
1.31048 3.02833 0
1.28971 2.98035 0
1.26932 2.93322 0
1.24929 2.88694 0
1.22964 2.84153 0
1.21036 2.79697 0
1.19144 2.75326 0
1.53073 3.69552 0
1.50644 3.63686 0
1.4825 3.57906 0
1.45891 3.52213 0
1.43569 3.46606 0
1.41282 3.41085 0
1.39031 3.3565 0
1.36816 3.30302 0
1.34636 3.2504 0
1.32492 3.19864 0
1.30384 3.14775 0
1.28312 3.09771 0
1.26275 3.04854 0
1.24274 3.00024 0
1.22309 2.95279 0
1.20379 2.90621 0
1.18485 2.86049 0
1.16627 2.81563 0
1.14805 2.77164 0
1.4725 3.71911 0
1.44913 3.66007 0
1.4261 3.60191 0
1.40341 3.54461 0
1.38107 3.48818 0
1.35907 3.43262 0
1.33742 3.37793 0
1.31611 3.3241 0
1.29514 3.27115 0
1.27452 3.21906 0
1.25424 3.16784 0
1.2343 3.11749 0
1.21471 3.068 0
1.19546 3.01939 0
1.17655 2.97164 0
1.15799 2.92476 0
1.13978 2.87875 0
1.1219 2.8336 0
1.10437 2.78933 0
1.4139 3.74178 0
1.39146 3.68238 0
1.36934 3.62386 0
1.34756 3.56622 0
1.32611 3.50944 0
1.30499 3.45354 0
1.28419 3.39852 0
1.26373 3.34437 0
1.2436 3.29109 0
1.2238 3.23868 0
1.20432 3.18715 0
1.18518 3.13649 0
1.16637 3.0867 0
1.14789 3.03779 0
1.12973 2.98975 0
1.11191 2.94259 0
1.09442 2.8963 0
1.07726 2.85088 0
1.06042 2.80633 0
1.35495 3.76352 0
1.33344 3.70378 0
1.31225 3.64492 0
1.29138 3.58694 0
1.27082 3.52984 0
1.25058 3.47362 0
1.23065 3.41827 0
1.21104 3.3638 0
1.19175 3.31021 0
1.17277 3.2575 0
1.15411 3.20567 0
1.13577 3.15472 0
1.11774 3.10464 0
1.10003 3.05545 0
1.08263 3.00713 0
1.06555 2.95969 0
1.04879 2.91313 0
1.03234 2.86745 0
1.01621 2.82264 0
1.29567 3.78434 0
1.2751 3.72427 0
1.25484 3.66509 0
1.23488 3.60678 0
1.21522 3.54937 0
1.19586 3.49283 0
1.17681 3.43718 0
1.15806 3.38241 0
1.13961 3.32852 0
1.12146 3.27552 0
1.10362 3.2234 0
1.08608 3.17217 0
1.06884 3.12182 0
1.0519 3.07235 0
1.03527 3.02376 0
1.01893 2.97606 0
1.0029 2.92924 0
0.987177 2.88331 0
0.971752 2.83826 0
1.23607 3.80423 0
1.21645 3.74384 0
1.19712 3.68434 0
1.17807 3.62574 0
1.15932 3.56802 0
1.14085 3.51118 0
1.12268 3.45524 0
1.10479 3.40018 0
1.08719 3.34601 0
1.06987 3.29273 0
1.05285 3.24034 0
1.03612 3.18884 0
1.01967 3.13822 0
1.00351 3.08849 0
0.987643 3.03965 0
0.972062 2.9917 0
0.95677 2.94463 0
0.941766 2.89846 0
0.927051 2.85317 0
1.17616 3.82317 0
1.15749 3.76249 0
1.1391 3.70269 0
1.12098 3.64379 0
1.10313 3.58579 0
1.08556 3.52867 0
1.06826 3.47245 0
1.05124 3.41712 0
1.03449 3.36268 0
1.01802 3.30913 0
1.00182 3.25648 0
0.9859 3.20472 0
0.970251 3.15385 0
0.954876 3.10387 0
0.939776 3.05479 0
0.92495 3.0066 0
0.910399 2.9593 0
0.896123 2.91289 0
0.882121 2.86738 0
1.11596 3.84117 0
1.09825 3.7802 0
1.0808 3.72013 0
1.0636 3.66095 0
1.04667 3.60267 0
1.03 3.54529 0
1.01359 3.4888 0
0.997439 3.43321 0
0.981549 3.37851 0
0.965919 3.32471 0
0.95055 3.27181 0
0.935441 3.21981 0
0.920593 3.1687 0
0.906005 3.11849 0
0.891677 3.06917 0
0.877611 3.02076 0
0.863804 2.97323 0
0.850259 2.92661 0
0.836973 2.88088 0
1.05549 3.85823 0
1.03874 3.79699 0
1.02223 3.73665 0
1.00597 3.67721 0
0.989955 3.61867 0
0.974187 3.56103 0
0.958665 3.50429 0
0.943389 3.44845 0
0.92836 3.39351 0
0.913577 3.33948 0
0.899041 3.28634 0
0.884751 3.2341 0
0.870707 3.18277 0
0.85691 3.13233 0
0.843359 3.0828 0
0.830054 3.03417 0
0.816996 2.98644 0
0.804185 2.9396 0
0.791619 2.89367 0
0.99476 3.87433 0
0.97897 3.81284 0
0.963412 3.75224 0
0.948087 3.69255 0
0.932993 3.63377 0
0.918132 3.57589 0
0.903504 3.51891 0
0.889107 3.46284 0
0.874943 3.40768 0
0.86101 3.35341 0
0.84731 3.30006 0
0.833843 3.2476 0
0.820607 3.19605 0
0.807604 3.14541 0
0.794832 3.09567 0
0.782293 3.04683 0
0.769987 2.9989 0
0.757912 2.95187 0
0.74607 2.90575 0
0.933781 3.88948 0
0.91896 3.82774 0
0.904356 3.76691 0
0.88997 3.70699 0
0.875802 3.64798 0
0.861852 3.58987 0
0.848119 3.53267 0
0.834605 3.47638 0
0.821309 3.421 0
0.808231 3.36652 0
0.795371 3.31296 0
0.782729 3.2603 0
0.770304 3.20855 0
0.758098 3.15771 0
0.74611 3.10777 0
0.734339 3.05874 0
0.722787 3.01062 0
0.711453 2.96341 0
0.700336 2.91711 0
0.872573 3.90367 0
0.858723 3.8417 0
0.845076 3.78065 0
0.831633 3.72051 0
0.818394 3.66128 0
0.805358 3.60296 0
0.792526 3.54556 0
0.779898 3.48906 0
0.767473 3.43348 0
0.755252 3.3788 0
0.743235 3.32504 0
0.731421 3.27219 0
0.719812 3.22025 0
0.708405 3.16922 0
0.697203 3.11911 0
0.686204 3.0699 0
0.675409 3.02161 0
0.664817 2.97422 0
0.65443 2.92775 0
0.811149 3.91689 0
0.798274 3.85472 0
0.785588 3.79346 0
0.773091 3.73312 0
0.760784 3.67369 0
0.748666 3.61517 0
0.736737 3.55757 0
0.724998 3.50088 0
0.713448 3.44511 0
0.702087 3.39025 0
0.690916 3.33631 0
0.679934 3.28328 0
0.669141 3.23116 0
0.658538 3.17996 0
0.648124 3.12967 0
0.6379 3.0803 0
0.627864 3.03184 0
0.618018 2.9843 0
0.608362 2.93767 0
0.749525 3.92915 0
0.737628 3.86678 0
0.725906 3.80533 0
0.714358 3.7448 0
0.702986 3.68518 0
0.691789 3.62648 0
0.680766 3.5687 0
0.669919 3.51184 0
0.659246 3.45589 0
0.648749 3.40086 0
0.638426 3.34675 0
0.628279 3.29355 0
0.618306 3.24127 0
0.608508 3.18991 0
0.598885 3.13947 0
0.589438 3.08994 0
0.580165 3.04133 0
0.571067 2.99364 0
0.562144 2.94686 0
0.687716 3.94044 0
0.6768 3.87789 0
0.666045 3.81626 0
0.65545 3.75556 0
0.645015 3.69577 0
0.634741 3.6369 0
0.624628 3.57895 0
0.614675 3.52193 0
0.604882 3.46582 0
0.59525 3.41063 0
0.585779 3.35636 0
0.576468 3.30301 0
0.567318 3.25058 0
0.558328 3.19908 0
0.549499 3.14849 0
0.54083 3.09882 0
0.532322 3.05007 0
0.523974 3.00224 0
0.515787 2.95533 0
0.625738 3.95075 0
0.615806 3.88804 0
0.606019 3.82625 0
0.596379 3.76539 0
0.586885 3.70545 0
0.577537 3.64642 0
0.568335 3.58832 0
0.559279 3.53115 0
0.550369 3.47489 0
0.541605 3.41956 0
0.532987 3.36515 0
0.524516 3.31166 0
0.51619 3.25909 0
0.50801 3.20745 0
0.499977 3.15673 0
0.492089 3.10693 0
0.484348 3.05805 0
0.476753 3.0101 0
0.469303 2.96307 0
0.563605 3.96009 0
0.554659 3.89724 0
0.545844 3.8353 0
0.537161 3.77429 0
0.52861 3.71421 0
0.52019 3.65505 0
0.511902 3.59681 0
0.503745 3.5395 0
0.49572 3.48311 0
0.487826 3.42764 0
0.480064 3.37311 0
0.472434 3.31949 0
0.464935 3.2668 0
0.457567 3.21503 0
0.450331 3.16419 0
0.443227 3.11428 0
0.436254 3.06528 0
0.429413 3.01721 0
0.422704 2.97007 0
0.501333 3.96846 0
0.493375 3.90547 0
0.485535 3.8434 0
0.477811 3.78226 0
0.470204 3.72205 0
0.462715 3.66277 0
0.455342 3.60441 0
0.448087 3.54697 0
0.440948 3.49047 0
0.433927 3.43488 0
0.427022 3.38023 0
0.420235 3.3265 0
0.413565 3.2737 0
0.407011 3.22183 0
0.400575 3.17088 0
0.394256 3.12085 0
0.388053 3.07176 0
0.381968 3.02359 0
0.376 2.97634 0
0.438937 3.97584 0
0.43197 3.91274 0
0.425105 3.85055 0
0.418343 3.7893 0
0.411683 3.72898 0
0.405126 3.66958 0
0.398671 3.61111 0
0.392318 3.55357 0
0.386068 3.49696 0
0.37992 3.44128 0
0.373875 3.38652 0
0.367933 3.33269 0
0.362092 3.27979 0
0.356355 3.22782 0
0.350719 3.17678 0
0.345187 3.12666 0
0.339756 3.07747 0
0.334428 3.02921 0
0.329203 2.98188 0
0.376433 3.98225 0
0.370458 3.91904 0
0.364571 3.85676 0
0.358771 3.79541 0
0.35306 3.73498 0
0.347436 3.67549 0
0.341901 3.61693 0
0.336453 3.5593 0
0.331093 3.50259 0
0.32582 3.44682 0
0.320636 3.39198 0
0.31554 3.33806 0
0.310531 3.28508 0
0.30561 3.23302 0
0.300778 3.18189 0
0.296033 3.1317 0
0.291376 3.08243 0
0.286806 3.03409 0
0.282325 2.98669 0
0.313836 3.98767 0
0.308855 3.92437 0
0.303947 3.86201 0
0.299112 3.80057 0
0.29435 3.74007 0
0.289661 3.6805 0
0.285046 3.62185 0
0.280504 3.56414 0
0.276035 3.50736 0
0.27164 3.45151 0
0.267318 3.39659 0
0.263069 3.34261 0
0.258893 3.28955 0
0.254791 3.23742 0
0.250761 3.18623 0
0.246806 3.13596 0
0.242923 3.08663 0
0.239113 3.03822 0
0.235377 2.99075 0
0.251162 3.99211 0
0.247175 3.92874 0
0.243247 3.86631 0
0.239378 3.8048 0
0.235567 3.74423 0
0.231815 3.68459 0
0.228121 3.62588 0
0.224486 3.56811 0
0.22091 3.51126 0
0.217392 3.45535 0
0.213933 3.40037 0
0.210533 3.34632 0
0.207191 3.29321 0
0.203908 3.24102 0
0.200683 3.18977 0
0.197518 3.13945 0
0.19441 3.09006 0
0.191362 3.04161 0
0.188372 2.99408 0
0.188426 3.99556 0
0.185435 3.93214 0
0.182488 3.86965 0
0.179585 3.80809 0
0.176726 3.74747 0
0.173911 3.68778 0
0.17114 3.62902 0
0.168413 3.57119 0
0.16573 3.5143 0
0.163091 3.45834 0
0.160496 3.40331 0
0.157945 3.34922 0
0.155438 3.29606 0
0.152975 3.24383 0
0.150556 3.19253 0
0.148181 3.14217 0
0.14585 3.09273 0
0.143563 3.04424 0
0.141319 2.99667 0
0.125643 3.99803 0
0.123649 3.93457 0
0.121684 3.87204 0
0.119748 3.81044 0
0.117842 3.74978 0
0.115965 3.69006 0
0.114117 3.63126 0
0.112299 3.5734 0
0.11051 3.51647 0
0.10875 3.46048 0
0.107019 3.40541 0
0.105318 3.35129 0
0.103647 3.29809 0
0.102004 3.24583 0
0.100391 3.1945 0
0.0988075 3.14411 0
0.0972531 3.09464 0
0.095728 3.04612 0
0.0942323 2.99852 0
0.0628293 3.99951 0
0.061832 3.93602 0
0.0608494 3.87347 0
0.0598814 3.81185 0
0.0589281 3.75117 0
0.0579895 3.69142 0
0.0570655 3.63261 0
0.0561562 3.57472 0
0.0552616 3.51777 0
0.0543816 3.46176 0
0.0535163 3.40668 0
0.0526657 3.35253 0
0.0518297 3.29931 0
0.0510084 3.24703 0
0.0502018 3.19568 0
0.0494099 3.14527 0
0.0486326 3.09579 0
0.0478699 3.04724 0
0.047122 2.99963 0
2.44929e-16 4 0
2.41042e-16 3.93651 0
2.37211e-16 3.87395 0
2.33438e-16 3.81232 0
2.29721e-16 3.75163 0
2.26062e-16 3.69188 0
2.2246e-16 3.63305 0
2.18916e-16 3.57516 0
2.15428e-16 3.51821 0
2.11998e-16 3.46218 0
2.08624e-16 3.4071 0
2.05308e-16 3.35294 0
2.0205e-16 3.29972 0
1.98848e-16 3.24743 0
1.95703e-16 3.19608 0
1.92616e-16 3.14566 0
1.89586e-16 3.09617 0
1.86613e-16 3.04762 0
1.83697e-16 3 0
-0.0628293 3.99951 0
-0.061832 3.93602 0
-0.0608494 3.87347 0
-0.0598814 3.81185 0
-0.0589281 3.75117 0
-0.0579895 3.69142 0
-0.0570655 3.63261 0
-0.0561562 3.57472 0
-0.0552616 3.51777 0
-0.0543816 3.46176 0
-0.0535163 3.40668 0
-0.0526657 3.35253 0
-0.0518297 3.29931 0
-0.0510084 3.24703 0
-0.0502018 3.19568 0
-0.0494099 3.14527 0
-0.0486326 3.09579 0
-0.0478699 3.04724 0
-0.047122 2.99963 0
-0.125643 3.99803 0
-0.123649 3.93457 0
-0.121684 3.87204 0
-0.119748 3.81044 0
-0.117842 3.74978 0
-0.115965 3.69006 0
-0.114117 3.63126 0
-0.112299 3.5734 0
-0.11051 3.51647 0
-0.10875 3.46048 0
-0.107019 3.40541 0
-0.105318 3.35129 0
-0.103647 3.29809 0
-0.102004 3.24583 0
-0.100391 3.1945 0
-0.0988075 3.14411 0
-0.0972531 3.09464 0
-0.095728 3.04612 0
-0.0942323 2.99852 0
-0.188426 3.99556 0
-0.185435 3.93214 0
-0.182488 3.86965 0
-0.179585 3.80809 0
-0.176726 3.74747 0
-0.173911 3.68778 0
-0.17114 3.62902 0
-0.168413 3.57119 0
-0.16573 3.5143 0
-0.163091 3.45834 0
-0.160496 3.40331 0
-0.157945 3.34922 0
-0.155438 3.29606 0
-0.152975 3.24383 0
-0.150556 3.19253 0
-0.148181 3.14217 0
-0.14585 3.09273 0
-0.143563 3.04424 0
-0.141319 2.99667 0
-0.251162 3.99211 0
-0.247175 3.92874 0
-0.243247 3.86631 0
-0.239378 3.8048 0
-0.235567 3.74423 0
-0.231815 3.68459 0
-0.228121 3.62588 0
-0.224486 3.56811 0
-0.22091 3.51126 0
-0.217392 3.45535 0
-0.213933 3.40037 0
-0.210533 3.34632 0
-0.207191 3.29321 0
-0.203908 3.24102 0
-0.200683 3.18977 0
-0.197518 3.13945 0
-0.19441 3.09006 0
-0.191362 3.04161 0
-0.188372 2.99408 0
-0.313836 3.98767 0
-0.308855 3.92437 0
-0.303947 3.86201 0
-0.299112 3.80057 0
-0.29435 3.74007 0
-0.289661 3.6805 0
-0.285046 3.62185 0
-0.280504 3.56414 0
-0.276035 3.50736 0
-0.27164 3.45151 0
-0.267318 3.39659 0
-0.263069 3.34261 0
-0.258893 3.28955 0
-0.254791 3.23742 0
-0.250761 3.18623 0
-0.246806 3.13596 0
-0.242923 3.08663 0
-0.239113 3.03822 0
-0.235377 2.99075 0
-0.376433 3.98225 0
-0.370458 3.91904 0
-0.364571 3.85676 0
-0.358771 3.79541 0
-0.35306 3.73498 0
-0.347436 3.67549 0
-0.341901 3.61693 0
-0.336453 3.5593 0
-0.331093 3.50259 0
-0.32582 3.44682 0
-0.320636 3.39198 0
-0.31554 3.33806 0
-0.310531 3.28508 0
-0.30561 3.23302 0
-0.300778 3.18189 0
-0.296033 3.1317 0
-0.291376 3.08243 0
-0.286806 3.03409 0
-0.282325 2.98669 0
-0.438937 3.97584 0
-0.43197 3.91274 0
-0.425105 3.85055 0
-0.418343 3.7893 0
-0.411683 3.72898 0
-0.405126 3.66958 0
-0.398671 3.61111 0
-0.392318 3.55357 0
-0.386068 3.49696 0
-0.37992 3.44128 0
-0.373875 3.38652 0
-0.367933 3.33269 0
-0.362092 3.27979 0
-0.356355 3.22782 0
-0.350719 3.17678 0
-0.345187 3.12666 0
-0.339756 3.07747 0
-0.334428 3.02921 0
-0.329203 2.98188 0
-0.501333 3.96846 0
-0.493375 3.90547 0
-0.485535 3.8434 0
-0.477811 3.78226 0
-0.470204 3.72205 0
-0.462715 3.66277 0
-0.455342 3.60441 0
-0.448087 3.54697 0
-0.440948 3.49047 0
-0.433927 3.43488 0
-0.427022 3.38023 0
-0.420235 3.3265 0
-0.413565 3.2737 0
-0.407011 3.22183 0
-0.400575 3.17088 0
-0.394256 3.12085 0
-0.388053 3.07176 0
-0.381968 3.02359 0
-0.376 2.97634 0
-0.563605 3.96009 0
-0.554659 3.89724 0
-0.545844 3.8353 0
-0.537161 3.77429 0
-0.52861 3.71421 0
-0.52019 3.65505 0
-0.511902 3.59681 0
-0.503745 3.5395 0
-0.49572 3.48311 0
-0.487826 3.42764 0
-0.480064 3.37311 0
-0.472434 3.31949 0
-0.464935 3.2668 0
-0.457567 3.21503 0
-0.450331 3.16419 0
-0.443227 3.11428 0
-0.436254 3.06528 0
-0.429413 3.01721 0
-0.422704 2.97007 0
-0.625738 3.95075 0
-0.615806 3.88804 0
-0.606019 3.82625 0
-0.596379 3.76539 0
-0.586885 3.70545 0
-0.577537 3.64642 0
-0.568335 3.58832 0
-0.559279 3.53115 0
-0.550369 3.47489 0
-0.541605 3.41956 0
-0.532987 3.36515 0
-0.524516 3.31166 0
-0.51619 3.25909 0
-0.50801 3.20745 0
-0.499977 3.15673 0
-0.492089 3.10693 0
-0.484348 3.05805 0
-0.476753 3.0101 0
-0.469303 2.96307 0
-0.687716 3.94044 0
-0.6768 3.87789 0
-0.666045 3.81626 0
-0.65545 3.75556 0
-0.645015 3.69577 0
-0.634741 3.6369 0
-0.624628 3.57895 0
-0.614675 3.52193 0
-0.604882 3.46582 0
-0.59525 3.41063 0
-0.585779 3.35636 0
-0.576468 3.30301 0
-0.567318 3.25058 0
-0.558328 3.19908 0
-0.549499 3.14849 0
-0.54083 3.09882 0
-0.532322 3.05007 0
-0.523974 3.00224 0
-0.515787 2.95533 0
-0.749525 3.92915 0
-0.737628 3.86678 0
-0.725906 3.80533 0
-0.714358 3.7448 0
-0.702986 3.68518 0
-0.691789 3.62648 0
-0.680766 3.5687 0
-0.669919 3.51184 0
-0.659246 3.45589 0
-0.648749 3.40086 0
-0.638426 3.34675 0
-0.628279 3.29355 0
-0.618306 3.24127 0
-0.608508 3.18991 0
-0.598885 3.13947 0
-0.589438 3.08994 0
-0.580165 3.04133 0
-0.571067 2.99364 0
-0.562144 2.94686 0
-0.811149 3.91689 0
-0.798274 3.85472 0
-0.785588 3.79346 0
-0.773091 3.73312 0
-0.760784 3.67369 0
-0.748666 3.61517 0
-0.736737 3.55757 0
-0.724998 3.50088 0
-0.713448 3.44511 0
-0.702087 3.39025 0
-0.690916 3.33631 0
-0.679934 3.28328 0
-0.669141 3.23116 0
-0.658538 3.17996 0
-0.648124 3.12967 0
-0.6379 3.0803 0
-0.627864 3.03184 0
-0.618018 2.9843 0
-0.608362 2.93767 0
-0.872573 3.90367 0
-0.858723 3.8417 0
-0.845076 3.78065 0
-0.831633 3.72051 0
-0.818394 3.66128 0
-0.805358 3.60296 0
-0.792526 3.54556 0
-0.779898 3.48906 0
-0.767473 3.43348 0
-0.755252 3.3788 0
-0.743235 3.32504 0
-0.731421 3.27219 0
-0.719812 3.22025 0
-0.708405 3.16922 0
-0.697203 3.11911 0
-0.686204 3.0699 0
-0.675409 3.02161 0
-0.664817 2.97422 0
-0.65443 2.92775 0
-0.933781 3.88948 0
-0.91896 3.82774 0
-0.904356 3.76691 0
-0.88997 3.70699 0
-0.875802 3.64798 0
-0.861852 3.58987 0
-0.848119 3.53267 0
-0.834605 3.47638 0
-0.821309 3.421 0
-0.808231 3.36652 0
-0.795371 3.31296 0
-0.782729 3.2603 0
-0.770304 3.20855 0
-0.758098 3.15771 0
-0.74611 3.10777 0
-0.734339 3.05874 0
-0.722787 3.01062 0
-0.711453 2.96341 0
-0.700336 2.91711 0
-0.99476 3.87433 0
-0.97897 3.81284 0
-0.963412 3.75224 0
-0.948087 3.69255 0
-0.932993 3.63377 0
-0.918132 3.57589 0
-0.903504 3.51891 0
-0.889107 3.46284 0
-0.874943 3.40768 0
-0.86101 3.35341 0
-0.84731 3.30006 0
-0.833843 3.2476 0
-0.820607 3.19605 0
-0.807604 3.14541 0
-0.794832 3.09567 0
-0.782293 3.04683 0
-0.769987 2.9989 0
-0.757912 2.95187 0
-0.74607 2.90575 0
-1.05549 3.85823 0
-1.03874 3.79699 0
-1.02223 3.73665 0
-1.00597 3.67721 0
-0.989955 3.61867 0
-0.974187 3.56103 0
-0.958665 3.50429 0
-0.943389 3.44845 0
-0.92836 3.39351 0
-0.913577 3.33948 0
-0.899041 3.28634 0
-0.884751 3.2341 0
-0.870707 3.18277 0
-0.85691 3.13233 0
-0.843359 3.0828 0
-0.830054 3.03417 0
-0.816996 2.98644 0
-0.804185 2.9396 0
-0.791619 2.89367 0
-1.11596 3.84117 0
-1.09825 3.7802 0
-1.0808 3.72013 0
-1.0636 3.66095 0
-1.04667 3.60267 0
-1.03 3.54529 0
-1.01359 3.4888 0
-0.997439 3.43321 0
-0.981549 3.37851 0
-0.965919 3.32471 0
-0.95055 3.27181 0
-0.935441 3.21981 0
-0.920593 3.1687 0
-0.906005 3.11849 0
-0.891677 3.06917 0
-0.877611 3.02076 0
-0.863804 2.97323 0
-0.850259 2.92661 0
-0.836973 2.88088 0
-1.17616 3.82317 0
-1.15749 3.76249 0
-1.1391 3.70269 0
-1.12098 3.64379 0
-1.10313 3.58579 0
-1.08556 3.52867 0
-1.06826 3.47245 0
-1.05124 3.41712 0
-1.03449 3.36268 0
-1.01802 3.30913 0
-1.00182 3.25648 0
-0.9859 3.20472 0
-0.970251 3.15385 0
-0.954876 3.10387 0
-0.939776 3.05479 0
-0.92495 3.0066 0
-0.910399 2.9593 0
-0.896123 2.91289 0
-0.882121 2.86738 0
-1.23607 3.80423 0
-1.21645 3.74384 0
-1.19712 3.68434 0
-1.17807 3.62574 0
-1.15932 3.56802 0
-1.14085 3.51118 0
-1.12268 3.45524 0
-1.10479 3.40018 0
-1.08719 3.34601 0
-1.06987 3.29273 0
-1.05285 3.24034 0
-1.03612 3.18884 0
-1.01967 3.13822 0
-1.00351 3.08849 0
-0.987643 3.03965 0
-0.972062 2.9917 0
-0.95677 2.94463 0
-0.941766 2.89846 0
-0.927051 2.85317 0
-1.29567 3.78434 0
-1.2751 3.72427 0
-1.25484 3.66509 0
-1.23488 3.60678 0
-1.21522 3.54937 0
-1.19586 3.49283 0
-1.17681 3.43718 0
-1.15806 3.38241 0
-1.13961 3.32852 0
-1.12146 3.27552 0
-1.10362 3.2234 0
-1.08608 3.17217 0
-1.06884 3.12182 0
-1.0519 3.07235 0
-1.03527 3.02376 0
-1.01893 2.97606 0
-1.0029 2.92924 0
-0.987177 2.88331 0
-0.971752 2.83826 0
-1.35495 3.76352 0
-1.33344 3.70378 0
-1.31225 3.64492 0
-1.29138 3.58694 0
-1.27082 3.52984 0
-1.25058 3.47362 0
-1.23065 3.41827 0
-1.21104 3.3638 0
-1.19175 3.31021 0
-1.17277 3.2575 0
-1.15411 3.20567 0
-1.13577 3.15472 0
-1.11774 3.10464 0
-1.10003 3.05545 0
-1.08263 3.00713 0
-1.06555 2.95969 0
-1.04879 2.91313 0
-1.03234 2.86745 0
-1.01621 2.82264 0
-1.4139 3.74178 0
-1.39146 3.68238 0
-1.36934 3.62386 0
-1.34756 3.56622 0
-1.32611 3.50944 0
-1.30499 3.45354 0
-1.28419 3.39852 0
-1.26373 3.34437 0
-1.2436 3.29109 0
-1.2238 3.23868 0
-1.20432 3.18715 0
-1.18518 3.13649 0
-1.16637 3.0867 0
-1.14789 3.03779 0
-1.12973 2.98975 0
-1.11191 2.94259 0
-1.09442 2.8963 0
-1.07726 2.85088 0
-1.06042 2.80633 0
-1.4725 3.71911 0
-1.44913 3.66007 0
-1.4261 3.60191 0
-1.40341 3.54461 0
-1.38107 3.48818 0
-1.35907 3.43262 0
-1.33742 3.37793 0
-1.31611 3.3241 0
-1.29514 3.27115 0
-1.27452 3.21906 0
-1.25424 3.16784 0
-1.2343 3.11749 0
-1.21471 3.068 0
-1.19546 3.01939 0
-1.17655 2.97164 0
-1.15799 2.92476 0
-1.13978 2.87875 0
-1.1219 2.8336 0
-1.10437 2.78933 0
-1.53073 3.69552 0
-1.50644 3.63686 0
-1.4825 3.57906 0
-1.45891 3.52213 0
-1.43569 3.46606 0
-1.41282 3.41085 0
-1.39031 3.3565 0
-1.36816 3.30302 0
-1.34636 3.2504 0
-1.32492 3.19864 0
-1.30384 3.14775 0
-1.28312 3.09771 0
-1.26275 3.04854 0
-1.24274 3.00024 0
-1.22309 2.95279 0
-1.20379 2.90621 0
-1.18485 2.86049 0
-1.16627 2.81563 0
-1.14805 2.77164 0
-1.58859 3.67102 0
-1.56338 3.61275 0
-1.53853 3.55534 0
-1.51406 3.49878 0
-1.48995 3.44308 0
-1.46622 3.38824 0
-1.44286 3.33425 0
-1.41987 3.28112 0
-1.39725 3.22885 0
-1.375 3.17744 0
-1.35312 3.12688 0
-1.33161 3.07718 0
-1.31048 3.02833 0
-1.28971 2.98035 0
-1.26932 2.93322 0
-1.24929 2.88694 0
-1.22964 2.84153 0
-1.21036 2.79697 0
-1.19144 2.75326 0
-1.64606 3.64561 0
-1.61993 3.58775 0
-1.59419 3.53073 0
-1.56883 3.47457 0
-1.54385 3.41925 0
-1.51926 3.36479 0
-1.49505 3.31118 0
-1.47123 3.25842 0
-1.44779 3.20651 0
-1.42474 3.15545 0
-1.40207 3.10524 0
-1.37978 3.05588 0
-1.35788 3.00738 0
-1.33637 2.95972 0
-1.31523 2.91292 0
-1.29448 2.86696 0
-1.27412 2.82186 0
-1.25414 2.77761 0
-1.23454 2.73421 0
-1.70312 3.61931 0
-1.67608 3.56186 0
-1.64945 3.50525 0
-1.62321 3.44949 0
-1.59737 3.39458 0
-1.57192 3.34051 0
-1.54688 3.28728 0
-1.52223 3.2349 0
-1.49798 3.18337 0
-1.47413 3.13268 0
-1.45067 3.08283 0
-1.42761 3.03383 0
-1.40495 2.98568 0
-1.38269 2.93836 0
-1.36082 2.8919 0
-1.33936 2.84628 0
-1.31829 2.8015 0
-1.29761 2.75757 0
-1.27734 2.71448 0
-1.75976 3.59211 0
-1.73182 3.53509 0
-1.7043 3.47891 0
-1.67719 3.42357 0
-1.65049 3.36907 0
-1.6242 3.31541 0
-1.59832 3.26258 0
-1.57285 3.2106 0
-1.5478 3.15945 0
-1.52315 3.10914 0
-1.49892 3.05967 0
-1.47509 3.01103 0
-1.45168 2.96324 0
-1.42867 2.91628 0
-1.40608 2.87017 0
-1.3839 2.82489 0
-1.36213 2.78045 0
-1.34077 2.73685 0
-1.31982 2.69408 0
-1.81596 3.56403 0
-1.78714 3.50745 0
-1.75874 3.45171 0
-1.73076 3.39681 0
-1.70321 3.34273 0
-1.67608 3.28949 0
-1.64937 3.23707 0
-1.62309 3.18549 0
-1.59723 3.13475 0
-1.5718 3.08483 0
-1.54679 3.03574 0
-1.5222 2.98749 0
-1.49804 2.94007 0
-1.4743 2.89348 0
-1.45099 2.84773 0
-1.4281 2.8028 0
-1.40563 2.75871 0
-1.38359 2.71545 0
-1.36197 2.67302 0
-1.87172 3.53506 0
-1.84201 3.47895 0
-1.81274 3.42366 0
-1.7839 3.3692 0
-1.7555 3.31557 0
-1.72754 3.26275 0
-1.70001 3.21077 0
-1.67293 3.15961 0
-1.64627 3.10927 0
-1.62006 3.05976 0
-1.59428 3.01107 0
-1.56894 2.96321 0
-1.54404 2.91618 0
-1.51957 2.86997 0
-1.49554 2.82458 0
-1.47195 2.78002 0
-1.44879 2.73629 0
-1.42607 2.69338 0
-1.40379 2.6513 0
-1.92701 3.50523 0
-1.89643 3.44959 0
-1.86629 3.39477 0
-1.8366 3.34077 0
-1.80736 3.28758 0
-1.77858 3.23522 0
-1.75024 3.18367 0
-1.72235 3.13294 0
-1.69491 3.08303 0
-1.66792 3.03394 0
-1.64138 2.98566 0
-1.61529 2.9382 0
-1.58965 2.89157 0
-1.56446 2.84575 0
-1.53972 2.80074 0
-1.51543 2.75656 0
-1.49159 2.7132 0
-1.4682 2.67065 0
-1.44526 2.62892 0
-1.98183 3.47453 0
-1.95038 3.41937 0
-1.91938 3.36503 0
-1.88885 3.31151 0
-1.85878 3.25879 0
-1.82917 3.20688 0
-1.80003 3.15578 0
-1.77135 3.1055 0
-1.74313 3.05603 0
-1.71537 3.00736 0
-1.68808 2.95951 0
-1.66124 2.91247 0
-1.63487 2.86624 0
-1.60897 2.82082 0
-1.58352 2.77621 0
-1.55854 2.73242 0
-1.53403 2.68943 0
-1.50997 2.64726 0
-1.48638 2.60589 0
-2.03617 3.44297 0
-2.00385 3.38832 0
-1.972 3.33447 0
-1.94063 3.28143 0
-1.90974 3.22919 0
-1.87932 3.17775 0
-1.84937 3.12712 0
-1.81991 3.07729 0
-1.79091 3.02827 0
-1.7624 2.98005 0
-1.73435 2.93263 0
-1.70679 2.88602 0
-1.67969 2.84021 0
-1.65308 2.7952 0
-1.62694 2.751 0
-1.60127 2.7076 0
-1.57608 2.66501 0
-1.55136 2.62321 0
-1.52712 2.58223 0
-2.08999 3.41056 0
-2.05682 3.35642 0
-2.02413 3.30309 0
-1.99193 3.25054 0
-1.96022 3.19879 0
-1.929 3.14784 0
-1.89827 3.09769 0
-1.86802 3.04833 0
-1.83826 2.99976 0
-1.80899 2.952 0
-1.7802 2.90503 0
-1.75191 2.85885 0
-1.7241 2.81347 0
-1.69678 2.76889 0
-1.66995 2.7251 0
-1.6436 2.68211 0
-1.61775 2.63992 0
-1.59238 2.59852 0
-1.5675 2.55792 0
-2.14331 3.37731 0
-2.10929 3.3237 0
-2.07577 3.27088 0
-2.04275 3.21885 0
-2.01023 3.16761 0
-1.97821 3.11715 0
-1.94669 3.06749 0
-1.91567 3.01861 0
-1.88515 2.97052 0
-1.85513 2.92322 0
-1.82561 2.87671 0
-1.7966 2.83098 0
-1.76808 2.78605 0
-1.74006 2.7419 0
-1.71254 2.69854 0
-1.68553 2.65597 0
-1.65901 2.61418 0
-1.633 2.57319 0
-1.60748 2.53298 0
-2.19609 3.34323 0
-2.16123 3.29016 0
-2.12689 3.23788 0
-2.09305 3.18637 0
-2.05973 3.13564 0
-2.02692 3.0857 0
-1.99463 3.03653 0
-1.96285 2.98815 0
-1.93158 2.94054 0
-1.90082 2.89372 0
-1.87057 2.84768 0
-1.84084 2.80241 0
-1.81162 2.75793 0
-1.78291 2.71423 0
-1.75472 2.67131 0
-1.72704 2.62916 0
-1.69987 2.5878 0
-1.67321 2.54722 0
-1.64707 2.50742 0
-2.24833 3.30832 0
-2.21265 3.25581 0
-2.17748 3.20407 0
-2.14284 3.1531 0
-2.10873 3.1029 0
-2.07514 3.05348 0
-2.04208 3.00483 0
-2.00954 2.95695 0
-1.97753 2.90984 0
-1.94604 2.86351 0
-1.91507 2.81794 0
-1.88463 2.77315 0
-1.85472 2.72913 0
-1.82533 2.68589 0
-1.79646 2.64341 0
-1.76812 2.60171 0
-1.74031 2.56078 0
-1.71302 2.52063 0
-1.68625 2.48124 0
-2.30002 3.2726 0
-2.26351 3.22065 0
-2.22754 3.16947 0
-2.19211 3.11905 0
-2.15721 3.0694 0
-2.12285 3.02051 0
-2.08902 2.97238 0
-2.05574 2.92502 0
-2.02299 2.87842 0
-1.99077 2.83259 0
-1.9591 2.78751 0
-1.92796 2.74321 0
-1.89736 2.69966 0
-1.86729 2.65689 0
-1.83776 2.61487 0
-1.80877 2.57362 0
-1.78032 2.53313 0
-1.7524 2.49341 0
-1.72502 2.45445 0
-2.35114 3.23607 0
-2.31382 3.1847 0
-2.27705 3.13409 0
-2.24083 3.08424 0
-2.20516 3.03514 0
-2.17003 2.98679 0
-2.13546 2.9392 0
-2.10143 2.89237 0
-2.06795 2.84629 0
-2.03502 2.80097 0
-2.00264 2.7564 0
-1.97081 2.71259 0
-1.93953 2.66953 0
-1.90879 2.62723 0
-1.87861 2.58568 0
-1.84897 2.54489 0
-1.81988 2.50486 0
-1.79135 2.46558 0
-1.76336 2.42705 0
-2.40168 3.19874 0
-2.36356 3.14797 0
-2.326 3.09794 0
-2.289 3.04866 0
-2.25256 3.00012 0
-2.21668 2.95234 0
-2.18136 2.9053 0
-2.1466 2.859 0
-2.1124 2.81346 0
-2.07877 2.76866 0
-2.04569 2.7246 0
-2.01317 2.6813 0
-1.98122 2.63874 0
-1.94982 2.59692 0
-1.91899 2.55585 0
-1.88872 2.51553 0
-1.859 2.47596 0
-1.82985 2.43713 0
-1.80126 2.39905 0
-2.45163 3.16062 0
-2.41271 3.11045 0
-2.37437 3.06102 0
-2.3366 3.01233 0
-2.2994 2.96437 0
-2.26278 2.91715 0
-2.22672 2.87068 0
-2.19124 2.82493 0
-2.15633 2.77993 0
-2.122 2.73566 0
-2.08823 2.69213 0
-2.05504 2.64934 0
-2.02242 2.60729 0
-1.99037 2.56597 0
-1.9589 2.5254 0
-1.928 2.48556 0
-1.89767 2.44646 0
-1.86791 2.40809 0
-1.83872 2.37047 0
-2.50097 3.12172 0
-2.46127 3.07217 0
-2.42216 3.02335 0
-2.38363 2.97525 0
-2.34568 2.92789 0
-2.30832 2.88125 0
-2.27154 2.83535 0
-2.23534 2.79017 0
-2.19973 2.74572 0
-2.16471 2.70199 0
-2.13026 2.659 0
-2.0964 2.61674 0
-2.06313 2.5752 0
-2.03043 2.53439 0
-1.99832 2.49432 0
-1.9668 2.45497 0
-1.93586 2.41635 0
-1.9055 2.37845 0
-1.87573 2.34129 0
-2.5497 3.08205 0
-2.50922 3.03313 0
-2.46935 2.98493 0
-2.43007 2.93745 0
-2.39138 2.89068 0
-2.35329 2.84464 0
-2.3158 2.79932 0
-2.27889 2.75471 0
-2.24259 2.71083 0
-2.20688 2.66766 0
-2.17176 2.62521 0
-2.13725 2.58349 0
-2.10332 2.54248 0
-2.06999 2.50219 0
-2.03726 2.46262 0
-2.00512 2.42377 0
-1.97357 2.38564 0
-1.94263 2.34823 0
-1.91227 2.31154 0
-2.59779 3.04162 0
-2.55656 2.99334 0
-2.51593 2.94577 0
-2.47591 2.89891 0
-2.43649 2.85276 0
-2.39768 2.80733 0
-2.35948 2.7626 0
-2.32188 2.71858 0
-2.28489 2.67527 0
-2.24851 2.63267 0
-2.21273 2.59078 0
-2.17756 2.5496 0
-2.143 2.50913 0
-2.10904 2.46937 0
-2.07569 2.43032 0
-2.04294 2.39198 0
-2.0108 2.35435 0
-1.97927 2.31743 0
-1.94834 2.28122 0
-2.64525 3.00044 0
-2.60326 2.95282 0
-2.56189 2.90589 0
-2.52114 2.85967 0
-2.481 2.81414 0
-2.44148 2.76932 0
-2.40258 2.72519 0
-2.3643 2.68177 0
-2.32663 2.63905 0
-2.28958 2.59702 0
-2.25315 2.5557 0
-2.21734 2.51508 0
-2.18214 2.47516 0
-2.14757 2.43593 0
-2.1136 2.39741 0
-2.08026 2.35959 0
-2.04754 2.32247 0
-2.01543 2.28605 0
-1.98394 2.25033 0
-2.69205 2.95852 0
-2.64932 2.91156 0
-2.60722 2.86529 0
-2.56574 2.81971 0
-2.5249 2.77483 0
-2.48468 2.73063 0
-2.44509 2.68712 0
-2.40613 2.6443 0
-2.3678 2.60218 0
-2.33009 2.56074 0
-2.29302 2.51999 0
-2.25657 2.47994 0
-2.22075 2.44058 0
-2.18556 2.4019 0
-2.151 2.36392 0
-2.11707 2.32663 0
-2.08376 2.29002 0
-2.05109 2.25411 0
-2.01904 2.21889 0
-2.73819 2.91587 0
-2.69473 2.86959 0
-2.6519 2.82399 0
-2.60972 2.77907 0
-2.56817 2.73482 0
-2.52726 2.69126 0
-2.487 2.64838 0
-2.44737 2.60618 0
-2.40838 2.56466 0
-2.37003 2.52382 0
-2.33232 2.48367 0
-2.29525 2.44419 0
-2.25881 2.40539 0
-2.22302 2.36728 0
-2.18787 2.32984 0
-2.15335 2.29309 0
-2.11948 2.25701 0
-2.08624 2.22162 0
-2.05364 2.18691 0
-2.78365 2.87251 0
-2.73947 2.82691 0
-2.69593 2.78199 0
-2.65305 2.73773 0
-2.61081 2.69415 0
-2.56922 2.65123 0
-2.52829 2.60899 0
-2.488 2.56742 0
-2.44837 2.52652 0
-2.40938 2.48629 0
-2.37104 2.44673 0
-2.33335 2.40784 0
-2.29632 2.36962 0
-2.25993 2.33207 0
-2.22419 2.29519 0
-2.1891 2.25898 0
-2.15467 2.22344 0
-2.12088 2.18858 0
-2.08774 2.15438 0
-2.82843 2.82843 0
-2.78353 2.78353 0
-2.7393 2.7393 0
-2.69572 2.69572 0
-2.65281 2.65281 0
-2.61055 2.61055 0
-2.56896 2.56896 0
-2.52802 2.52802 0
-2.48775 2.48775 0
-2.44813 2.44813 0
-2.40918 2.40918 0
-2.37089 2.37089 0
-2.33325 2.33325 0
-2.29628 2.29628 0
-2.25997 2.25997 0
-2.22432 2.22432 0
-2.18932 2.18932 0
-2.15499 2.15499 0
-2.12132 2.12132 0
POLYGONS 1800 9000
4 20 1 0 19 
4 21 2 1 20 
4 22 3 2 21 
4 23 4 3 22 
4 24 5 4 23 
4 25 6 5 24 
4 26 7 6 25 
4 27 8 7 26 
4 28 9 8 27 
4 29 10 9 28 
4 30 11 10 29 
4 31 12 11 30 
4 32 13 12 31 
4 33 14 13 32 
4 34 15 14 33 
4 35 16 15 34 
4 36 17 16 35 
4 37 18 17 36 
4 39 20 19 38 
4 40 21 20 39 
4 41 22 21 40 
4 42 23 22 41 
4 43 24 23 42 
4 44 25 24 43 
4 45 26 25 44 
4 46 27 26 45 
4 47 28 27 46 
4 48 29 28 47 
4 49 30 29 48 
4 50 31 30 49 
4 51 32 31 50 
4 52 33 32 51 
4 53 34 33 52 
4 54 35 34 53 
4 55 36 35 54 
4 56 37 36 55 
4 58 39 38 57 
4 59 40 39 58 
4 60 41 40 59 
4 61 42 41 60 
4 62 43 42 61 
4 63 44 43 62 
4 64 45 44 63 
4 65 46 45 64 
4 66 47 46 65 
4 67 48 47 66 
4 68 49 48 67 
4 69 50 49 68 
4 70 51 50 69 
4 71 52 51 70 
4 72 53 52 71 
4 73 54 53 72 
4 74 55 54 73 
4 75 56 55 74 
4 77 58 57 76 
4 78 59 58 77 
4 79 60 59 78 
4 80 61 60 79 
4 81 62 61 80 
4 82 63 62 81 
4 83 64 63 82 
4 84 65 64 83 
4 85 66 65 84 
4 86 67 66 85 
4 87 68 67 86 
4 88 69 68 87 
4 89 70 69 88 
4 90 71 70 89 
4 91 72 71 90 
4 92 73 72 91 
4 93 74 73 92 
4 94 75 74 93 
4 96 77 76 95 
4 97 78 77 96 
4 98 79 78 97 
4 99 80 79 98 
4 100 81 80 99 
4 101 82 81 100 
4 102 83 82 101 
4 103 84 83 102 
4 104 85 84 103 
4 105 86 85 104 
4 106 87 86 105 
4 107 88 87 106 
4 108 89 88 107 
4 109 90 89 108 
4 110 91 90 109 
4 111 92 91 110 
4 112 93 92 111 
4 113 94 93 112 
4 115 96 95 114 
4 116 97 96 115 
4 117 98 97 116 
4 118 99 98 117 
4 119 100 99 118 
4 120 101 100 119 
4 121 102 101 120 
4 122 103 102 121 
4 123 104 103 122 
4 124 105 104 123 
4 125 106 105 124 
4 126 107 106 125 
4 127 108 107 126 
4 128 109 108 127 
4 129 110 109 128 
4 130 111 110 129 
4 131 112 111 130 
4 132 113 112 131 
4 134 115 114 133 
4 135 116 115 134 
4 136 117 116 135 
4 137 118 117 136 
4 138 119 118 137 
4 139 120 119 138 
4 140 121 120 139 
4 141 122 121 140 
4 142 123 122 141 
4 143 124 123 142 
4 144 125 124 143 
4 145 126 125 144 
4 146 127 126 145 
4 147 128 127 146 
4 148 129 128 147 
4 149 130 129 148 
4 150 131 130 149 
4 151 132 131 150 
4 153 134 133 152 
4 154 135 134 153 
4 155 136 135 154 
4 156 137 136 155 
4 157 138 137 156 
4 158 139 138 157 
4 159 140 139 158 
4 160 141 140 159 
4 161 142 141 160 
4 162 143 142 161 
4 163 144 143 162 
4 164 145 144 163 
4 165 146 145 164 
4 166 147 146 165 
4 167 148 147 166 
4 168 149 148 167 
4 169 150 149 168 
4 170 151 150 169 
4 172 153 152 171 
4 173 154 153 172 
4 174 155 154 173 
4 175 156 155 174 
4 176 157 156 175 
4 177 158 157 176 
4 178 159 158 177 
4 179 160 159 178 
4 180 161 160 179 
4 181 162 161 180 
4 182 163 162 181 
4 183 164 163 182 
4 184 165 164 183 
4 185 166 165 184 
4 186 167 166 185 
4 187 168 167 186 
4 188 169 168 187 
4 189 170 169 188 
4 191 172 171 190 
4 192 173 172 191 
4 193 174 173 192 
4 194 175 174 193 
4 195 176 175 194 
4 196 177 176 195 
4 197 178 177 196 
4 198 179 178 197 
4 199 180 179 198 
4 200 181 180 199 
4 201 182 181 200 
4 202 183 182 201 
4 203 184 183 202 
4 204 185 184 203 
4 205 186 185 204 
4 206 187 186 205 
4 207 188 187 206 
4 208 189 188 207 
4 210 191 190 209 
4 211 192 191 210 
4 212 193 192 211 
4 213 194 193 212 
4 214 195 194 213 
4 215 196 195 214 
4 216 197 196 215 
4 217 198 197 216 
4 218 199 198 217 
4 219 200 199 218 
4 220 201 200 219 
4 221 202 201 220 
4 222 203 202 221 
4 223 204 203 222 
4 224 205 204 223 
4 225 206 205 224 
4 226 207 206 225 
4 227 208 207 226 
4 229 210 209 228 
4 230 211 210 229 
4 231 212 211 230 
4 232 213 212 231 
4 233 214 213 232 
4 234 215 214 233 
4 235 216 215 234 
4 236 217 216 235 
4 237 218 217 236 
4 238 219 218 237 
4 239 220 219 238 
4 240 221 220 239 
4 241 222 221 240 
4 242 223 222 241 
4 243 224 223 242 
4 244 225 224 243 
4 245 226 225 244 
4 246 227 226 245 
4 248 229 228 247 
4 249 230 229 248 
4 250 231 230 249 
4 251 232 231 250 
4 252 233 232 251 
4 253 234 233 252 
4 254 235 234 253 
4 255 236 235 254 
4 256 237 236 255 
4 257 238 237 256 
4 258 239 238 257 
4 259 240 239 258 
4 260 241 240 259 
4 261 242 241 260 
4 262 243 242 261 
4 263 244 243 262 
4 264 245 244 263 
4 265 246 245 264 
4 267 248 247 266 
4 268 249 248 267 
4 269 250 249 268 
4 270 251 250 269 
4 271 252 251 270 
4 272 253 252 271 
4 273 254 253 272 
4 274 255 254 273 
4 275 256 255 274 
4 276 257 256 275 
4 277 258 257 276 
4 278 259 258 277 
4 279 260 259 278 
4 280 261 260 279 
4 281 262 261 280 
4 282 263 262 281 
4 283 264 263 282 
4 284 265 264 283 
4 286 267 266 285 
4 287 268 267 286 
4 288 269 268 287 
4 289 270 269 288 
4 290 271 270 289 
4 291 272 271 290 
4 292 273 272 291 
4 293 274 273 292 
4 294 275 274 293 
4 295 276 275 294 
4 296 277 276 295 
4 297 278 277 296 
4 298 279 278 297 
4 299 280 279 298 
4 300 281 280 299 
4 301 282 281 300 
4 302 283 282 301 
4 303 284 283 302 
4 305 286 285 304 
4 306 287 286 305 
4 307 288 287 306 
4 308 289 288 307 
4 309 290 289 308 
4 310 291 290 309 
4 311 292 291 310 
4 312 293 292 311 
4 313 294 293 312 
4 314 295 294 313 
4 315 296 295 314 
4 316 297 296 315 
4 317 298 297 316 
4 318 299 298 317 
4 319 300 299 318 
4 320 301 300 319 
4 321 302 301 320 
4 322 303 302 321 
4 324 305 304 323 
4 325 306 305 324 
4 326 307 306 325 
4 327 308 307 326 
4 328 309 308 327 
4 329 310 309 328 
4 330 311 310 329 
4 331 312 311 330 
4 332 313 312 331 
4 333 314 313 332 
4 334 315 314 333 
4 335 316 315 334 
4 336 317 316 335 
4 337 318 317 336 
4 338 319 318 337 
4 339 320 319 338 
4 340 321 320 339 
4 341 322 321 340 
4 343 324 323 342 
4 344 325 324 343 
4 345 326 325 344 
4 346 327 326 345 
4 347 328 327 346 
4 348 329 328 347 
4 349 330 329 348 
4 350 331 330 349 
4 351 332 331 350 
4 352 333 332 351 
4 353 334 333 352 
4 354 335 334 353 
4 355 336 335 354 
4 356 337 336 355 
4 357 338 337 356 
4 358 339 338 357 
4 359 340 339 358 
4 360 341 340 359 
4 362 343 342 361 
4 363 344 343 362 
4 364 345 344 363 
4 365 346 345 364 
4 366 347 346 365 
4 367 348 347 366 
4 368 349 348 367 
4 369 350 349 368 
4 370 351 350 369 
4 371 352 351 370 
4 372 353 352 371 
4 373 354 353 372 
4 374 355 354 373 
4 375 356 355 374 
4 376 357 356 375 
4 377 358 357 376 
4 378 359 358 377 
4 379 360 359 378 
4 381 362 361 380 
4 382 363 362 381 
4 383 364 363 382 
4 384 365 364 383 
4 385 366 365 384 
4 386 367 366 385 
4 387 368 367 386 
4 388 369 368 387 
4 389 370 369 388 
4 390 371 370 389 
4 391 372 371 390 
4 392 373 372 391 
4 393 374 373 392 
4 394 375 374 393 
4 395 376 375 394 
4 396 377 376 395 
4 397 378 377 396 
4 398 379 378 397 
4 400 381 380 399 
4 401 382 381 400 
4 402 383 382 401 
4 403 384 383 402 
4 404 385 384 403 
4 405 386 385 404 
4 406 387 386 405 
4 407 388 387 406 
4 408 389 388 407 
4 409 390 389 408 
4 410 391 390 409 
4 411 392 391 410 
4 412 393 392 411 
4 413 394 393 412 
4 414 395 394 413 
4 415 396 395 414 
4 416 397 396 415 
4 417 398 397 416 
4 419 400 399 418 
4 420 401 400 419 
4 421 402 401 420 
4 422 403 402 421 
4 423 404 403 422 
4 424 405 404 423 
4 425 406 405 424 
4 426 407 406 425 
4 427 408 407 426 
4 428 409 408 427 
4 429 410 409 428 
4 430 411 410 429 
4 431 412 411 430 
4 432 413 412 431 
4 433 414 413 432 
4 434 415 414 433 
4 435 416 415 434 
4 436 417 416 435 
4 438 419 418 437 
4 439 420 419 438 
4 440 421 420 439 
4 441 422 421 440 
4 442 423 422 441 
4 443 424 423 442 
4 444 425 424 443 
4 445 426 425 444 
4 446 427 426 445 
4 447 428 427 446 
4 448 429 428 447 
4 449 430 429 448 
4 450 431 430 449 
4 451 432 431 450 
4 452 433 432 451 
4 453 434 433 452 
4 454 435 434 453 
4 455 436 435 454 
4 457 438 437 456 
4 458 439 438 457 
4 459 440 439 458 
4 460 441 440 459 
4 461 442 441 460 
4 462 443 442 461 
4 463 444 443 462 
4 464 445 444 463 
4 465 446 445 464 
4 466 447 446 465 
4 467 448 447 466 
4 468 449 448 467 
4 469 450 449 468 
4 470 451 450 469 
4 471 452 451 470 
4 472 453 452 471 
4 473 454 453 472 
4 474 455 454 473 
4 476 457 456 475 
4 477 458 457 476 
4 478 459 458 477 
4 479 460 459 478 
4 480 461 460 479 
4 481 462 461 480 
4 482 463 462 481 
4 483 464 463 482 
4 484 465 464 483 
4 485 466 465 484 
4 486 467 466 485 
4 487 468 467 486 
4 488 469 468 487 
4 489 470 469 488 
4 490 471 470 489 
4 491 472 471 490 
4 492 473 472 491 
4 493 474 473 492 
4 495 476 475 494 
4 496 477 476 495 
4 497 478 477 496 
4 498 479 478 497 
4 499 480 479 498 
4 500 481 480 499 
4 501 482 481 500 
4 502 483 482 501 
4 503 484 483 502 
4 504 485 484 503 
4 505 486 485 504 
4 506 487 486 505 
4 507 488 487 506 
4 508 489 488 507 
4 509 490 489 508 
4 510 491 490 509 
4 511 492 491 510 
4 512 493 492 511 
4 514 495 494 513 
4 515 496 495 514 
4 516 497 496 515 
4 517 498 497 516 
4 518 499 498 517 
4 519 500 499 518 
4 520 501 500 519 
4 521 502 501 520 
4 522 503 502 521 
4 523 504 503 522 
4 524 505 504 523 
4 525 506 505 524 
4 526 507 506 525 
4 527 508 507 526 
4 528 509 508 527 
4 529 510 509 528 
4 530 511 510 529 
4 531 512 511 530 
4 533 514 513 532 
4 534 515 514 533 
4 535 516 515 534 
4 536 517 516 535 
4 537 518 517 536 
4 538 519 518 537 
4 539 520 519 538 
4 540 521 520 539 
4 541 522 521 540 
4 542 523 522 541 
4 543 524 523 542 
4 544 525 524 543 
4 545 526 525 544 
4 546 527 526 545 
4 547 528 527 546 
4 548 529 528 547 
4 549 530 529 548 
4 550 531 530 549 
4 552 533 532 551 
4 553 534 533 552 
4 554 535 534 553 
4 555 536 535 554 
4 556 537 536 555 
4 557 538 537 556 
4 558 539 538 557 
4 559 540 539 558 
4 560 541 540 559 
4 561 542 541 560 
4 562 543 542 561 
4 563 544 543 562 
4 564 545 544 563 
4 565 546 545 564 
4 566 547 546 565 
4 567 548 547 566 
4 568 549 548 567 
4 569 550 549 568 
4 571 552 551 570 
4 572 553 552 571 
4 573 554 553 572 
4 574 555 554 573 
4 575 556 555 574 
4 576 557 556 575 
4 577 558 557 576 
4 578 559 558 577 
4 579 560 559 578 
4 580 561 560 579 
4 581 562 561 580 
4 582 563 562 581 
4 583 564 563 582 
4 584 565 564 583 
4 585 566 565 584 
4 586 567 566 585 
4 587 568 567 586 
4 588 569 568 587 
4 590 571 570 589 
4 591 572 571 590 
4 592 573 572 591 
4 593 574 573 592 
4 594 575 574 593 
4 595 576 575 594 
4 596 577 576 595 
4 597 578 577 596 
4 598 579 578 597 
4 599 580 579 598 
4 600 581 580 599 
4 601 582 581 600 
4 602 583 582 601 
4 603 584 583 602 
4 604 585 584 603 
4 605 586 585 604 
4 606 587 586 605 
4 607 588 587 606 
4 609 590 589 608 
4 610 591 590 609 
4 611 592 591 610 
4 612 593 592 611 
4 613 594 593 612 
4 614 595 594 613 
4 615 596 595 614 
4 616 597 596 615 
4 617 598 597 616 
4 618 599 598 617 
4 619 600 599 618 
4 620 601 600 619 
4 621 602 601 620 
4 622 603 602 621 
4 623 604 603 622 
4 624 605 604 623 
4 625 606 605 624 
4 626 607 606 625 
4 628 609 608 627 
4 629 610 609 628 
4 630 611 610 629 
4 631 612 611 630 
4 632 613 612 631 
4 633 614 613 632 
4 634 615 614 633 
4 635 616 615 634 
4 636 617 616 635 
4 637 618 617 636 
4 638 619 618 637 
4 639 620 619 638 
4 640 621 620 639 
4 641 622 621 640 
4 642 623 622 641 
4 643 624 623 642 
4 644 625 624 643 
4 645 626 625 644 
4 647 628 627 646 
4 648 629 628 647 
4 649 630 629 648 
4 650 631 630 649 
4 651 632 631 650 
4 652 633 632 651 
4 653 634 633 652 
4 654 635 634 653 
4 655 636 635 654 
4 656 637 636 655 
4 657 638 637 656 
4 658 639 638 657 
4 659 640 639 658 
4 660 641 640 659 
4 661 642 641 660 
4 662 643 642 661 
4 663 644 643 662 
4 664 645 644 663 
4 666 647 646 665 
4 667 648 647 666 
4 668 649 648 667 
4 669 650 649 668 
4 670 651 650 669 
4 671 652 651 670 
4 672 653 652 671 
4 673 654 653 672 
4 674 655 654 673 
4 675 656 655 674 
4 676 657 656 675 
4 677 658 657 676 
4 678 659 658 677 
4 679 660 659 678 
4 680 661 660 679 
4 681 662 661 680 
4 682 663 662 681 
4 683 664 663 682 
4 685 666 665 684 
4 686 667 666 685 
4 687 668 667 686 
4 688 669 668 687 
4 689 670 669 688 
4 690 671 670 689 
4 691 672 671 690 
4 692 673 672 691 
4 693 674 673 692 
4 694 675 674 693 
4 695 676 675 694 
4 696 677 676 695 
4 697 678 677 696 
4 698 679 678 697 
4 699 680 679 698 
4 700 681 680 699 
4 701 682 681 700 
4 702 683 682 701 
4 704 685 684 703 
4 705 686 685 704 
4 706 687 686 705 
4 707 688 687 706 
4 708 689 688 707 
4 709 690 689 708 
4 710 691 690 709 
4 711 692 691 710 
4 712 693 692 711 
4 713 694 693 712 
4 714 695 694 713 
4 715 696 695 714 
4 716 697 696 715 
4 717 698 697 716 
4 718 699 698 717 
4 719 700 699 718 
4 720 701 700 719 
4 721 702 701 720 
4 723 704 703 722 
4 724 705 704 723 
4 725 706 705 724 
4 726 707 706 725 
4 727 708 707 726 
4 728 709 708 727 
4 729 710 709 728 
4 730 711 710 729 
4 731 712 711 730 
4 732 713 712 731 
4 733 714 713 732 
4 734 715 714 733 
4 735 716 715 734 
4 736 717 716 735 
4 737 718 717 736 
4 738 719 718 737 
4 739 720 719 738 
4 740 721 720 739 
4 742 723 722 741 
4 743 724 723 742 
4 744 725 724 743 
4 745 726 725 744 
4 746 727 726 745 
4 747 728 727 746 
4 748 729 728 747 
4 749 730 729 748 
4 750 731 730 749 
4 751 732 731 750 
4 752 733 732 751 
4 753 734 733 752 
4 754 735 734 753 
4 755 736 735 754 
4 756 737 736 755 
4 757 738 737 756 
4 758 739 738 757 
4 759 740 739 758 
4 761 742 741 760 
4 762 743 742 761 
4 763 744 743 762 
4 764 745 744 763 
4 765 746 745 764 
4 766 747 746 765 
4 767 748 747 766 
4 768 749 748 767 
4 769 750 749 768 
4 770 751 750 769 
4 771 752 751 770 
4 772 753 752 771 
4 773 754 753 772 
4 774 755 754 773 
4 775 756 755 774 
4 776 757 756 775 
4 777 758 757 776 
4 778 759 758 777 
4 780 761 760 779 
4 781 762 761 780 
4 782 763 762 781 
4 783 764 763 782 
4 784 765 764 783 
4 785 766 765 784 
4 786 767 766 785 
4 787 768 767 786 
4 788 769 768 787 
4 789 770 769 788 
4 790 771 770 789 
4 791 772 771 790 
4 792 773 772 791 
4 793 774 773 792 
4 794 775 774 793 
4 795 776 775 794 
4 796 777 776 795 
4 797 778 777 796 
4 799 780 779 798 
4 800 781 780 799 
4 801 782 781 800 
4 802 783 782 801 
4 803 784 783 802 
4 804 785 784 803 
4 805 786 785 804 
4 806 787 786 805 
4 807 788 787 806 
4 808 789 788 807 
4 809 790 789 808 
4 810 791 790 809 
4 811 792 791 810 
4 812 793 792 811 
4 813 794 793 812 
4 814 795 794 813 
4 815 796 795 814 
4 816 797 796 815 
4 818 799 798 817 
4 819 800 799 818 
4 820 801 800 819 
4 821 802 801 820 
4 822 803 802 821 
4 823 804 803 822 
4 824 805 804 823 
4 825 806 805 824 
4 826 807 806 825 
4 827 808 807 826 
4 828 809 808 827 
4 829 810 809 828 
4 830 811 810 829 
4 831 812 811 830 
4 832 813 812 831 
4 833 814 813 832 
4 834 815 814 833 
4 835 816 815 834 
4 837 818 817 836 
4 838 819 818 837 
4 839 820 819 838 
4 840 821 820 839 
4 841 822 821 840 
4 842 823 822 841 
4 843 824 823 842 
4 844 825 824 843 
4 845 826 825 844 
4 846 827 826 845 
4 847 828 827 846 
4 848 829 828 847 
4 849 830 829 848 
4 850 831 830 849 
4 851 832 831 850 
4 852 833 832 851 
4 853 834 833 852 
4 854 835 834 853 
4 856 837 836 855 
4 857 838 837 856 
4 858 839 838 857 
4 859 840 839 858 
4 860 841 840 859 
4 861 842 841 860 
4 862 843 842 861 
4 863 844 843 862 
4 864 845 844 863 
4 865 846 845 864 
4 866 847 846 865 
4 867 848 847 866 
4 868 849 848 867 
4 869 850 849 868 
4 870 851 850 869 
4 871 852 851 870 
4 872 853 852 871 
4 873 854 853 872 
4 875 856 855 874 
4 876 857 856 875 
4 877 858 857 876 
4 878 859 858 877 
4 879 860 859 878 
4 880 861 860 879 
4 881 862 861 880 
4 882 863 862 881 
4 883 864 863 882 
4 884 865 864 883 
4 885 866 865 884 
4 886 867 866 885 
4 887 868 867 886 
4 888 869 868 887 
4 889 870 869 888 
4 890 871 870 889 
4 891 872 871 890 
4 892 873 872 891 
4 894 875 874 893 
4 895 876 875 894 
4 896 877 876 895 
4 897 878 877 896 
4 898 879 878 897 
4 899 880 879 898 
4 900 881 880 899 
4 901 882 881 900 
4 902 883 882 901 
4 903 884 883 902 
4 904 885 884 903 
4 905 886 885 904 
4 906 887 886 905 
4 907 888 887 906 
4 908 889 888 907 
4 909 890 889 908 
4 910 891 890 909 
4 911 892 891 910 
4 913 894 893 912 
4 914 895 894 913 
4 915 896 895 914 
4 916 897 896 915 
4 917 898 897 916 
4 918 899 898 917 
4 919 900 899 918 
4 920 901 900 919 
4 921 902 901 920 
4 922 903 902 921 
4 923 904 903 922 
4 924 905 904 923 
4 925 906 905 924 
4 926 907 906 925 
4 927 908 907 926 
4 928 909 908 927 
4 929 910 909 928 
4 930 911 910 929 
4 932 913 912 931 
4 933 914 913 932 
4 934 915 914 933 
4 935 916 915 934 
4 936 917 916 935 
4 937 918 917 936 
4 938 919 918 937 
4 939 920 919 938 
4 940 921 920 939 
4 941 922 921 940 
4 942 923 922 941 
4 943 924 923 942 
4 944 925 924 943 
4 945 926 925 944 
4 946 927 926 945 
4 947 928 927 946 
4 948 929 928 947 
4 949 930 929 948 
4 951 932 931 950 
4 952 933 932 951 
4 953 934 933 952 
4 954 935 934 953 
4 955 936 935 954 
4 956 937 936 955 
4 957 938 937 956 
4 958 939 938 957 
4 959 940 939 958 
4 960 941 940 959 
4 961 942 941 960 
4 962 943 942 961 
4 963 944 943 962 
4 964 945 944 963 
4 965 946 945 964 
4 966 947 946 965 
4 967 948 947 966 
4 968 949 948 967 
4 970 951 950 969 
4 971 952 951 970 
4 972 953 952 971 
4 973 954 953 972 
4 974 955 954 973 
4 975 956 955 974 
4 976 957 956 975 
4 977 958 957 976 
4 978 959 958 977 
4 979 960 959 978 
4 980 961 960 979 
4 981 962 961 980 
4 982 963 962 981 
4 983 964 963 982 
4 984 965 964 983 
4 985 966 965 984 
4 986 967 966 985 
4 987 968 967 986 
4 989 970 969 988 
4 990 971 970 989 
4 991 972 971 990 
4 992 973 972 991 
4 993 974 973 992 
4 994 975 974 993 
4 995 976 975 994 
4 996 977 976 995 
4 997 978 977 996 
4 998 979 978 997 
4 999 980 979 998 
4 1000 981 980 999 
4 1001 982 981 1000 
4 1002 983 982 1001 
4 1003 984 983 1002 
4 1004 985 984 1003 
4 1005 986 985 1004 
4 1006 987 986 1005 
4 1008 989 988 1007 
4 1009 990 989 1008 
4 1010 991 990 1009 
4 1011 992 991 1010 
4 1012 993 992 1011 
4 1013 994 993 1012 
4 1014 995 994 1013 
4 1015 996 995 1014 
4 1016 997 996 1015 
4 1017 998 997 1016 
4 1018 999 998 1017 
4 1019 1000 999 1018 
4 1020 1001 1000 1019 
4 1021 1002 1001 1020 
4 1022 1003 1002 1021 
4 1023 1004 1003 1022 
4 1024 1005 1004 1023 
4 1025 1006 1005 1024 
4 1027 1008 1007 1026 
4 1028 1009 1008 1027 
4 1029 1010 1009 1028 
4 1030 1011 1010 1029 
4 1031 1012 1011 1030 
4 1032 1013 1012 1031 
4 1033 1014 1013 1032 
4 1034 1015 1014 1033 
4 1035 1016 1015 1034 
4 1036 1017 1016 1035 
4 1037 1018 1017 1036 
4 1038 1019 1018 1037 
4 1039 1020 1019 1038 
4 1040 1021 1020 1039 
4 1041 1022 1021 1040 
4 1042 1023 1022 1041 
4 1043 1024 1023 1042 
4 1044 1025 1024 1043 
4 1046 1027 1026 1045 
4 1047 1028 1027 1046 
4 1048 1029 1028 1047 
4 1049 1030 1029 1048 
4 1050 1031 1030 1049 
4 1051 1032 1031 1050 
4 1052 1033 1032 1051 
4 1053 1034 1033 1052 
4 1054 1035 1034 1053 
4 1055 1036 1035 1054 
4 1056 1037 1036 1055 
4 1057 1038 1037 1056 
4 1058 1039 1038 1057 
4 1059 1040 1039 1058 
4 1060 1041 1040 1059 
4 1061 1042 1041 1060 
4 1062 1043 1042 1061 
4 1063 1044 1043 1062 
4 1065 1046 1045 1064 
4 1066 1047 1046 1065 
4 1067 1048 1047 1066 
4 1068 1049 1048 1067 
4 1069 1050 1049 1068 
4 1070 1051 1050 1069 
4 1071 1052 1051 1070 
4 1072 1053 1052 1071 
4 1073 1054 1053 1072 
4 1074 1055 1054 1073 
4 1075 1056 1055 1074 
4 1076 1057 1056 1075 
4 1077 1058 1057 1076 
4 1078 1059 1058 1077 
4 1079 1060 1059 1078 
4 1080 1061 1060 1079 
4 1081 1062 1061 1080 
4 1082 1063 1062 1081 
4 1084 1065 1064 1083 
4 1085 1066 1065 1084 
4 1086 1067 1066 1085 
4 1087 1068 1067 1086 
4 1088 1069 1068 1087 
4 1089 1070 1069 1088 
4 1090 1071 1070 1089 
4 1091 1072 1071 1090 
4 1092 1073 1072 1091 
4 1093 1074 1073 1092 
4 1094 1075 1074 1093 
4 1095 1076 1075 1094 
4 1096 1077 1076 1095 
4 1097 1078 1077 1096 
4 1098 1079 1078 1097 
4 1099 1080 1079 1098 
4 1100 1081 1080 1099 
4 1101 1082 1081 1100 
4 1103 1084 1083 1102 
4 1104 1085 1084 1103 
4 1105 1086 1085 1104 
4 1106 1087 1086 1105 
4 1107 1088 1087 1106 
4 1108 1089 1088 1107 
4 1109 1090 1089 1108 
4 1110 1091 1090 1109 
4 1111 1092 1091 1110 
4 1112 1093 1092 1111 
4 1113 1094 1093 1112 
4 1114 1095 1094 1113 
4 1115 1096 1095 1114 
4 1116 1097 1096 1115 
4 1117 1098 1097 1116 
4 1118 1099 1098 1117 
4 1119 1100 1099 1118 
4 1120 1101 1100 1119 
4 1122 1103 1102 1121 
4 1123 1104 1103 1122 
4 1124 1105 1104 1123 
4 1125 1106 1105 1124 
4 1126 1107 1106 1125 
4 1127 1108 1107 1126 
4 1128 1109 1108 1127 
4 1129 1110 1109 1128 
4 1130 1111 1110 1129 
4 1131 1112 1111 1130 
4 1132 1113 1112 1131 
4 1133 1114 1113 1132 
4 1134 1115 1114 1133 
4 1135 1116 1115 1134 
4 1136 1117 1116 1135 
4 1137 1118 1117 1136 
4 1138 1119 1118 1137 
4 1139 1120 1119 1138 
4 1141 1122 1121 1140 
4 1142 1123 1122 1141 
4 1143 1124 1123 1142 
4 1144 1125 1124 1143 
4 1145 1126 1125 1144 
4 1146 1127 1126 1145 
4 1147 1128 1127 1146 
4 1148 1129 1128 1147 
4 1149 1130 1129 1148 
4 1150 1131 1130 1149 
4 1151 1132 1131 1150 
4 1152 1133 1132 1151 
4 1153 1134 1133 1152 
4 1154 1135 1134 1153 
4 1155 1136 1135 1154 
4 1156 1137 1136 1155 
4 1157 1138 1137 1156 
4 1158 1139 1138 1157 
4 1160 1141 1140 1159 
4 1161 1142 1141 1160 
4 1162 1143 1142 1161 
4 1163 1144 1143 1162 
4 1164 1145 1144 1163 
4 1165 1146 1145 1164 
4 1166 1147 1146 1165 
4 1167 1148 1147 1166 
4 1168 1149 1148 1167 
4 1169 1150 1149 1168 
4 1170 1151 1150 1169 
4 1171 1152 1151 1170 
4 1172 1153 1152 1171 
4 1173 1154 1153 1172 
4 1174 1155 1154 1173 
4 1175 1156 1155 1174 
4 1176 1157 1156 1175 
4 1177 1158 1157 1176 
4 1179 1160 1159 1178 
4 1180 1161 1160 1179 
4 1181 1162 1161 1180 
4 1182 1163 1162 1181 
4 1183 1164 1163 1182 
4 1184 1165 1164 1183 
4 1185 1166 1165 1184 
4 1186 1167 1166 1185 
4 1187 1168 1167 1186 
4 1188 1169 1168 1187 
4 1189 1170 1169 1188 
4 1190 1171 1170 1189 
4 1191 1172 1171 1190 
4 1192 1173 1172 1191 
4 1193 1174 1173 1192 
4 1194 1175 1174 1193 
4 1195 1176 1175 1194 
4 1196 1177 1176 1195 
4 1198 1179 1178 1197 
4 1199 1180 1179 1198 
4 1200 1181 1180 1199 
4 1201 1182 1181 1200 
4 1202 1183 1182 1201 
4 1203 1184 1183 1202 
4 1204 1185 1184 1203 
4 1205 1186 1185 1204 
4 1206 1187 1186 1205 
4 1207 1188 1187 1206 
4 1208 1189 1188 1207 
4 1209 1190 1189 1208 
4 1210 1191 1190 1209 
4 1211 1192 1191 1210 
4 1212 1193 1192 1211 
4 1213 1194 1193 1212 
4 1214 1195 1194 1213 
4 1215 1196 1195 1214 
4 1217 1198 1197 1216 
4 1218 1199 1198 1217 
4 1219 1200 1199 1218 
4 1220 1201 1200 1219 
4 1221 1202 1201 1220 
4 1222 1203 1202 1221 
4 1223 1204 1203 1222 
4 1224 1205 1204 1223 
4 1225 1206 1205 1224 
4 1226 1207 1206 1225 
4 1227 1208 1207 1226 
4 1228 1209 1208 1227 
4 1229 1210 1209 1228 
4 1230 1211 1210 1229 
4 1231 1212 1211 1230 
4 1232 1213 1212 1231 
4 1233 1214 1213 1232 
4 1234 1215 1214 1233 
4 1236 1217 1216 1235 
4 1237 1218 1217 1236 
4 1238 1219 1218 1237 
4 1239 1220 1219 1238 
4 1240 1221 1220 1239 
4 1241 1222 1221 1240 
4 1242 1223 1222 1241 
4 1243 1224 1223 1242 
4 1244 1225 1224 1243 
4 1245 1226 1225 1244 
4 1246 1227 1226 1245 
4 1247 1228 1227 1246 
4 1248 1229 1228 1247 
4 1249 1230 1229 1248 
4 1250 1231 1230 1249 
4 1251 1232 1231 1250 
4 1252 1233 1232 1251 
4 1253 1234 1233 1252 
4 1255 1236 1235 1254 
4 1256 1237 1236 1255 
4 1257 1238 1237 1256 
4 1258 1239 1238 1257 
4 1259 1240 1239 1258 
4 1260 1241 1240 1259 
4 1261 1242 1241 1260 
4 1262 1243 1242 1261 
4 1263 1244 1243 1262 
4 1264 1245 1244 1263 
4 1265 1246 1245 1264 
4 1266 1247 1246 1265 
4 1267 1248 1247 1266 
4 1268 1249 1248 1267 
4 1269 1250 1249 1268 
4 1270 1251 1250 1269 
4 1271 1252 1251 1270 
4 1272 1253 1252 1271 
4 1274 1255 1254 1273 
4 1275 1256 1255 1274 
4 1276 1257 1256 1275 
4 1277 1258 1257 1276 
4 1278 1259 1258 1277 
4 1279 1260 1259 1278 
4 1280 1261 1260 1279 
4 1281 1262 1261 1280 
4 1282 1263 1262 1281 
4 1283 1264 1263 1282 
4 1284 1265 1264 1283 
4 1285 1266 1265 1284 
4 1286 1267 1266 1285 
4 1287 1268 1267 1286 
4 1288 1269 1268 1287 
4 1289 1270 1269 1288 
4 1290 1271 1270 1289 
4 1291 1272 1271 1290 
4 1293 1274 1273 1292 
4 1294 1275 1274 1293 
4 1295 1276 1275 1294 
4 1296 1277 1276 1295 
4 1297 1278 1277 1296 
4 1298 1279 1278 1297 
4 1299 1280 1279 1298 
4 1300 1281 1280 1299 
4 1301 1282 1281 1300 
4 1302 1283 1282 1301 
4 1303 1284 1283 1302 
4 1304 1285 1284 1303 
4 1305 1286 1285 1304 
4 1306 1287 1286 1305 
4 1307 1288 1287 1306 
4 1308 1289 1288 1307 
4 1309 1290 1289 1308 
4 1310 1291 1290 1309 
4 1312 1293 1292 1311 
4 1313 1294 1293 1312 
4 1314 1295 1294 1313 
4 1315 1296 1295 1314 
4 1316 1297 1296 1315 
4 1317 1298 1297 1316 
4 1318 1299 1298 1317 
4 1319 1300 1299 1318 
4 1320 1301 1300 1319 
4 1321 1302 1301 1320 
4 1322 1303 1302 1321 
4 1323 1304 1303 1322 
4 1324 1305 1304 1323 
4 1325 1306 1305 1324 
4 1326 1307 1306 1325 
4 1327 1308 1307 1326 
4 1328 1309 1308 1327 
4 1329 1310 1309 1328 
4 1331 1312 1311 1330 
4 1332 1313 1312 1331 
4 1333 1314 1313 1332 
4 1334 1315 1314 1333 
4 1335 1316 1315 1334 
4 1336 1317 1316 1335 
4 1337 1318 1317 1336 
4 1338 1319 1318 1337 
4 1339 1320 1319 1338 
4 1340 1321 1320 1339 
4 1341 1322 1321 1340 
4 1342 1323 1322 1341 
4 1343 1324 1323 1342 
4 1344 1325 1324 1343 
4 1345 1326 1325 1344 
4 1346 1327 1326 1345 
4 1347 1328 1327 1346 
4 1348 1329 1328 1347 
4 1350 1331 1330 1349 
4 1351 1332 1331 1350 
4 1352 1333 1332 1351 
4 1353 1334 1333 1352 
4 1354 1335 1334 1353 
4 1355 1336 1335 1354 
4 1356 1337 1336 1355 
4 1357 1338 1337 1356 
4 1358 1339 1338 1357 
4 1359 1340 1339 1358 
4 1360 1341 1340 1359 
4 1361 1342 1341 1360 
4 1362 1343 1342 1361 
4 1363 1344 1343 1362 
4 1364 1345 1344 1363 
4 1365 1346 1345 1364 
4 1366 1347 1346 1365 
4 1367 1348 1347 1366 
4 1369 1350 1349 1368 
4 1370 1351 1350 1369 
4 1371 1352 1351 1370 
4 1372 1353 1352 1371 
4 1373 1354 1353 1372 
4 1374 1355 1354 1373 
4 1375 1356 1355 1374 
4 1376 1357 1356 1375 
4 1377 1358 1357 1376 
4 1378 1359 1358 1377 
4 1379 1360 1359 1378 
4 1380 1361 1360 1379 
4 1381 1362 1361 1380 
4 1382 1363 1362 1381 
4 1383 1364 1363 1382 
4 1384 1365 1364 1383 
4 1385 1366 1365 1384 
4 1386 1367 1366 1385 
4 1388 1369 1368 1387 
4 1389 1370 1369 1388 
4 1390 1371 1370 1389 
4 1391 1372 1371 1390 
4 1392 1373 1372 1391 
4 1393 1374 1373 1392 
4 1394 1375 1374 1393 
4 1395 1376 1375 1394 
4 1396 1377 1376 1395 
4 1397 1378 1377 1396 
4 1398 1379 1378 1397 
4 1399 1380 1379 1398 
4 1400 1381 1380 1399 
4 1401 1382 1381 1400 
4 1402 1383 1382 1401 
4 1403 1384 1383 1402 
4 1404 1385 1384 1403 
4 1405 1386 1385 1404 
4 1407 1388 1387 1406 
4 1408 1389 1388 1407 
4 1409 1390 1389 1408 
4 1410 1391 1390 1409 
4 1411 1392 1391 1410 
4 1412 1393 1392 1411 
4 1413 1394 1393 1412 
4 1414 1395 1394 1413 
4 1415 1396 1395 1414 
4 1416 1397 1396 1415 
4 1417 1398 1397 1416 
4 1418 1399 1398 1417 
4 1419 1400 1399 1418 
4 1420 1401 1400 1419 
4 1421 1402 1401 1420 
4 1422 1403 1402 1421 
4 1423 1404 1403 1422 
4 1424 1405 1404 1423 
4 1426 1407 1406 1425 
4 1427 1408 1407 1426 
4 1428 1409 1408 1427 
4 1429 1410 1409 1428 
4 1430 1411 1410 1429 
4 1431 1412 1411 1430 
4 1432 1413 1412 1431 
4 1433 1414 1413 1432 
4 1434 1415 1414 1433 
4 1435 1416 1415 1434 
4 1436 1417 1416 1435 
4 1437 1418 1417 1436 
4 1438 1419 1418 1437 
4 1439 1420 1419 1438 
4 1440 1421 1420 1439 
4 1441 1422 1421 1440 
4 1442 1423 1422 1441 
4 1443 1424 1423 1442 
4 1445 1426 1425 1444 
4 1446 1427 1426 1445 
4 1447 1428 1427 1446 
4 1448 1429 1428 1447 
4 1449 1430 1429 1448 
4 1450 1431 1430 1449 
4 1451 1432 1431 1450 
4 1452 1433 1432 1451 
4 1453 1434 1433 1452 
4 1454 1435 1434 1453 
4 1455 1436 1435 1454 
4 1456 1437 1436 1455 
4 1457 1438 1437 1456 
4 1458 1439 1438 1457 
4 1459 1440 1439 1458 
4 1460 1441 1440 1459 
4 1461 1442 1441 1460 
4 1462 1443 1442 1461 
4 1464 1445 1444 1463 
4 1465 1446 1445 1464 
4 1466 1447 1446 1465 
4 1467 1448 1447 1466 
4 1468 1449 1448 1467 
4 1469 1450 1449 1468 
4 1470 1451 1450 1469 
4 1471 1452 1451 1470 
4 1472 1453 1452 1471 
4 1473 1454 1453 1472 
4 1474 1455 1454 1473 
4 1475 1456 1455 1474 
4 1476 1457 1456 1475 
4 1477 1458 1457 1476 
4 1478 1459 1458 1477 
4 1479 1460 1459 1478 
4 1480 1461 1460 1479 
4 1481 1462 1461 1480 
4 1483 1464 1463 1482 
4 1484 1465 1464 1483 
4 1485 1466 1465 1484 
4 1486 1467 1466 1485 
4 1487 1468 1467 1486 
4 1488 1469 1468 1487 
4 1489 1470 1469 1488 
4 1490 1471 1470 1489 
4 1491 1472 1471 1490 
4 1492 1473 1472 1491 
4 1493 1474 1473 1492 
4 1494 1475 1474 1493 
4 1495 1476 1475 1494 
4 1496 1477 1476 1495 
4 1497 1478 1477 1496 
4 1498 1479 1478 1497 
4 1499 1480 1479 1498 
4 1500 1481 1480 1499 
4 1502 1483 1482 1501 
4 1503 1484 1483 1502 
4 1504 1485 1484 1503 
4 1505 1486 1485 1504 
4 1506 1487 1486 1505 
4 1507 1488 1487 1506 
4 1508 1489 1488 1507 
4 1509 1490 1489 1508 
4 1510 1491 1490 1509 
4 1511 1492 1491 1510 
4 1512 1493 1492 1511 
4 1513 1494 1493 1512 
4 1514 1495 1494 1513 
4 1515 1496 1495 1514 
4 1516 1497 1496 1515 
4 1517 1498 1497 1516 
4 1518 1499 1498 1517 
4 1519 1500 1499 1518 
4 1521 1502 1501 1520 
4 1522 1503 1502 1521 
4 1523 1504 1503 1522 
4 1524 1505 1504 1523 
4 1525 1506 1505 1524 
4 1526 1507 1506 1525 
4 1527 1508 1507 1526 
4 1528 1509 1508 1527 
4 1529 1510 1509 1528 
4 1530 1511 1510 1529 
4 1531 1512 1511 1530 
4 1532 1513 1512 1531 
4 1533 1514 1513 1532 
4 1534 1515 1514 1533 
4 1535 1516 1515 1534 
4 1536 1517 1516 1535 
4 1537 1518 1517 1536 
4 1538 1519 1518 1537 
4 1540 1521 1520 1539 
4 1541 1522 1521 1540 
4 1542 1523 1522 1541 
4 1543 1524 1523 1542 
4 1544 1525 1524 1543 
4 1545 1526 1525 1544 
4 1546 1527 1526 1545 
4 1547 1528 1527 1546 
4 1548 1529 1528 1547 
4 1549 1530 1529 1548 
4 1550 1531 1530 1549 
4 1551 1532 1531 1550 
4 1552 1533 1532 1551 
4 1553 1534 1533 1552 
4 1554 1535 1534 1553 
4 1555 1536 1535 1554 
4 1556 1537 1536 1555 
4 1557 1538 1537 1556 
4 1559 1540 1539 1558 
4 1560 1541 1540 1559 
4 1561 1542 1541 1560 
4 1562 1543 1542 1561 
4 1563 1544 1543 1562 
4 1564 1545 1544 1563 
4 1565 1546 1545 1564 
4 1566 1547 1546 1565 
4 1567 1548 1547 1566 
4 1568 1549 1548 1567 
4 1569 1550 1549 1568 
4 1570 1551 1550 1569 
4 1571 1552 1551 1570 
4 1572 1553 1552 1571 
4 1573 1554 1553 1572 
4 1574 1555 1554 1573 
4 1575 1556 1555 1574 
4 1576 1557 1556 1575 
4 1578 1559 1558 1577 
4 1579 1560 1559 1578 
4 1580 1561 1560 1579 
4 1581 1562 1561 1580 
4 1582 1563 1562 1581 
4 1583 1564 1563 1582 
4 1584 1565 1564 1583 
4 1585 1566 1565 1584 
4 1586 1567 1566 1585 
4 1587 1568 1567 1586 
4 1588 1569 1568 1587 
4 1589 1570 1569 1588 
4 1590 1571 1570 1589 
4 1591 1572 1571 1590 
4 1592 1573 1572 1591 
4 1593 1574 1573 1592 
4 1594 1575 1574 1593 
4 1595 1576 1575 1594 
4 1597 1578 1577 1596 
4 1598 1579 1578 1597 
4 1599 1580 1579 1598 
4 1600 1581 1580 1599 
4 1601 1582 1581 1600 
4 1602 1583 1582 1601 
4 1603 1584 1583 1602 
4 1604 1585 1584 1603 
4 1605 1586 1585 1604 
4 1606 1587 1586 1605 
4 1607 1588 1587 1606 
4 1608 1589 1588 1607 
4 1609 1590 1589 1608 
4 1610 1591 1590 1609 
4 1611 1592 1591 1610 
4 1612 1593 1592 1611 
4 1613 1594 1593 1612 
4 1614 1595 1594 1613 
4 1616 1597 1596 1615 
4 1617 1598 1597 1616 
4 1618 1599 1598 1617 
4 1619 1600 1599 1618 
4 1620 1601 1600 1619 
4 1621 1602 1601 1620 
4 1622 1603 1602 1621 
4 1623 1604 1603 1622 
4 1624 1605 1604 1623 
4 1625 1606 1605 1624 
4 1626 1607 1606 1625 
4 1627 1608 1607 1626 
4 1628 1609 1608 1627 
4 1629 1610 1609 1628 
4 1630 1611 1610 1629 
4 1631 1612 1611 1630 
4 1632 1613 1612 1631 
4 1633 1614 1613 1632 
4 1635 1616 1615 1634 
4 1636 1617 1616 1635 
4 1637 1618 1617 1636 
4 1638 1619 1618 1637 
4 1639 1620 1619 1638 
4 1640 1621 1620 1639 
4 1641 1622 1621 1640 
4 1642 1623 1622 1641 
4 1643 1624 1623 1642 
4 1644 1625 1624 1643 
4 1645 1626 1625 1644 
4 1646 1627 1626 1645 
4 1647 1628 1627 1646 
4 1648 1629 1628 1647 
4 1649 1630 1629 1648 
4 1650 1631 1630 1649 
4 1651 1632 1631 1650 
4 1652 1633 1632 1651 
4 1654 1635 1634 1653 
4 1655 1636 1635 1654 
4 1656 1637 1636 1655 
4 1657 1638 1637 1656 
4 1658 1639 1638 1657 
4 1659 1640 1639 1658 
4 1660 1641 1640 1659 
4 1661 1642 1641 1660 
4 1662 1643 1642 1661 
4 1663 1644 1643 1662 
4 1664 1645 1644 1663 
4 1665 1646 1645 1664 
4 1666 1647 1646 1665 
4 1667 1648 1647 1666 
4 1668 1649 1648 1667 
4 1669 1650 1649 1668 
4 1670 1651 1650 1669 
4 1671 1652 1651 1670 
4 1673 1654 1653 1672 
4 1674 1655 1654 1673 
4 1675 1656 1655 1674 
4 1676 1657 1656 1675 
4 1677 1658 1657 1676 
4 1678 1659 1658 1677 
4 1679 1660 1659 1678 
4 1680 1661 1660 1679 
4 1681 1662 1661 1680 
4 1682 1663 1662 1681 
4 1683 1664 1663 1682 
4 1684 1665 1664 1683 
4 1685 1666 1665 1684 
4 1686 1667 1666 1685 
4 1687 1668 1667 1686 
4 1688 1669 1668 1687 
4 1689 1670 1669 1688 
4 1690 1671 1670 1689 
4 1692 1673 1672 1691 
4 1693 1674 1673 1692 
4 1694 1675 1674 1693 
4 1695 1676 1675 1694 
4 1696 1677 1676 1695 
4 1697 1678 1677 1696 
4 1698 1679 1678 1697 
4 1699 1680 1679 1698 
4 1700 1681 1680 1699 
4 1701 1682 1681 1700 
4 1702 1683 1682 1701 
4 1703 1684 1683 1702 
4 1704 1685 1684 1703 
4 1705 1686 1685 1704 
4 1706 1687 1686 1705 
4 1707 1688 1687 1706 
4 1708 1689 1688 1707 
4 1709 1690 1689 1708 
4 1711 1692 1691 1710 
4 1712 1693 1692 1711 
4 1713 1694 1693 1712 
4 1714 1695 1694 1713 
4 1715 1696 1695 1714 
4 1716 1697 1696 1715 
4 1717 1698 1697 1716 
4 1718 1699 1698 1717 
4 1719 1700 1699 1718 
4 1720 1701 1700 1719 
4 1721 1702 1701 1720 
4 1722 1703 1702 1721 
4 1723 1704 1703 1722 
4 1724 1705 1704 1723 
4 1725 1706 1705 1724 
4 1726 1707 1706 1725 
4 1727 1708 1707 1726 
4 1728 1709 1708 1727 
4 1730 1711 1710 1729 
4 1731 1712 1711 1730 
4 1732 1713 1712 1731 
4 1733 1714 1713 1732 
4 1734 1715 1714 1733 
4 1735 1716 1715 1734 
4 1736 1717 1716 1735 
4 1737 1718 1717 1736 
4 1738 1719 1718 1737 
4 1739 1720 1719 1738 
4 1740 1721 1720 1739 
4 1741 1722 1721 1740 
4 1742 1723 1722 1741 
4 1743 1724 1723 1742 
4 1744 1725 1724 1743 
4 1745 1726 1725 1744 
4 1746 1727 1726 1745 
4 1747 1728 1727 1746 
4 1749 1730 1729 1748 
4 1750 1731 1730 1749 
4 1751 1732 1731 1750 
4 1752 1733 1732 1751 
4 1753 1734 1733 1752 
4 1754 1735 1734 1753 
4 1755 1736 1735 1754 
4 1756 1737 1736 1755 
4 1757 1738 1737 1756 
4 1758 1739 1738 1757 
4 1759 1740 1739 1758 
4 1760 1741 1740 1759 
4 1761 1742 1741 1760 
4 1762 1743 1742 1761 
4 1763 1744 1743 1762 
4 1764 1745 1744 1763 
4 1765 1746 1745 1764 
4 1766 1747 1746 1765 
4 1768 1749 1748 1767 
4 1769 1750 1749 1768 
4 1770 1751 1750 1769 
4 1771 1752 1751 1770 
4 1772 1753 1752 1771 
4 1773 1754 1753 1772 
4 1774 1755 1754 1773 
4 1775 1756 1755 1774 
4 1776 1757 1756 1775 
4 1777 1758 1757 1776 
4 1778 1759 1758 1777 
4 1779 1760 1759 1778 
4 1780 1761 1760 1779 
4 1781 1762 1761 1780 
4 1782 1763 1762 1781 
4 1783 1764 1763 1782 
4 1784 1765 1764 1783 
4 1785 1766 1765 1784 
4 1787 1768 1767 1786 
4 1788 1769 1768 1787 
4 1789 1770 1769 1788 
4 1790 1771 1770 1789 
4 1791 1772 1771 1790 
4 1792 1773 1772 1791 
4 1793 1774 1773 1792 
4 1794 1775 1774 1793 
4 1795 1776 1775 1794 
4 1796 1777 1776 1795 
4 1797 1778 1777 1796 
4 1798 1779 1778 1797 
4 1799 1780 1779 1798 
4 1800 1781 1780 1799 
4 1801 1782 1781 1800 
4 1802 1783 1782 1801 
4 1803 1784 1783 1802 
4 1804 1785 1784 1803 
4 1806 1787 1786 1805 
4 1807 1788 1787 1806 
4 1808 1789 1788 1807 
4 1809 1790 1789 1808 
4 1810 1791 1790 1809 
4 1811 1792 1791 1810 
4 1812 1793 1792 1811 
4 1813 1794 1793 1812 
4 1814 1795 1794 1813 
4 1815 1796 1795 1814 
4 1816 1797 1796 1815 
4 1817 1798 1797 1816 
4 1818 1799 1798 1817 
4 1819 1800 1799 1818 
4 1820 1801 1800 1819 
4 1821 1802 1801 1820 
4 1822 1803 1802 1821 
4 1823 1804 1803 1822 
4 1825 1806 1805 1824 
4 1826 1807 1806 1825 
4 1827 1808 1807 1826 
4 1828 1809 1808 1827 
4 1829 1810 1809 1828 
4 1830 1811 1810 1829 
4 1831 1812 1811 1830 
4 1832 1813 1812 1831 
4 1833 1814 1813 1832 
4 1834 1815 1814 1833 
4 1835 1816 1815 1834 
4 1836 1817 1816 1835 
4 1837 1818 1817 1836 
4 1838 1819 1818 1837 
4 1839 1820 1819 1838 
4 1840 1821 1820 1839 
4 1841 1822 1821 1840 
4 1842 1823 1822 1841 
4 1844 1825 1824 1843 
4 1845 1826 1825 1844 
4 1846 1827 1826 1845 
4 1847 1828 1827 1846 
4 1848 1829 1828 1847 
4 1849 1830 1829 1848 
4 1850 1831 1830 1849 
4 1851 1832 1831 1850 
4 1852 1833 1832 1851 
4 1853 1834 1833 1852 
4 1854 1835 1834 1853 
4 1855 1836 1835 1854 
4 1856 1837 1836 1855 
4 1857 1838 1837 1856 
4 1858 1839 1838 1857 
4 1859 1840 1839 1858 
4 1860 1841 1840 1859 
4 1861 1842 1841 1860 
4 1863 1844 1843 1862 
4 1864 1845 1844 1863 
4 1865 1846 1845 1864 
4 1866 1847 1846 1865 
4 1867 1848 1847 1866 
4 1868 1849 1848 1867 
4 1869 1850 1849 1868 
4 1870 1851 1850 1869 
4 1871 1852 1851 1870 
4 1872 1853 1852 1871 
4 1873 1854 1853 1872 
4 1874 1855 1854 1873 
4 1875 1856 1855 1874 
4 1876 1857 1856 1875 
4 1877 1858 1857 1876 
4 1878 1859 1858 1877 
4 1879 1860 1859 1878 
4 1880 1861 1860 1879 
4 1882 1863 1862 1881 
4 1883 1864 1863 1882 
4 1884 1865 1864 1883 
4 1885 1866 1865 1884 
4 1886 1867 1866 1885 
4 1887 1868 1867 1886 
4 1888 1869 1868 1887 
4 1889 1870 1869 1888 
4 1890 1871 1870 1889 
4 1891 1872 1871 1890 
4 1892 1873 1872 1891 
4 1893 1874 1873 1892 
4 1894 1875 1874 1893 
4 1895 1876 1875 1894 
4 1896 1877 1876 1895 
4 1897 1878 1877 1896 
4 1898 1879 1878 1897 
4 1899 1880 1879 1898 
4 1901 1882 1881 1900 
4 1902 1883 1882 1901 
4 1903 1884 1883 1902 
4 1904 1885 1884 1903 
4 1905 1886 1885 1904 
4 1906 1887 1886 1905 
4 1907 1888 1887 1906 
4 1908 1889 1888 1907 
4 1909 1890 1889 1908 
4 1910 1891 1890 1909 
4 1911 1892 1891 1910 
4 1912 1893 1892 1911 
4 1913 1894 1893 1912 
4 1914 1895 1894 1913 
4 1915 1896 1895 1914 
4 1916 1897 1896 1915 
4 1917 1898 1897 1916 
4 1918 1899 1898 1917 
CELL_DATA 1800
SCALARS ElementID int 1
LOOKUP_TABLE default
0
1
2
3
4
5
6
7
8
9
10
11
12
13
14
15
16
17
18
19
20
21
22
23
24
25
26
27
28
29
30
31
32
33
34
35
36
37
38
39
40
41
42
43
44
45
46
47
48
49
50
51
52
53
54
55
56
57
58
59
60
61
62
63
64
65
66
67
68
69
70
71
72
73
74
75
76
77
78
79
80
81
82
83
84
85
86
87
88
89
90
91
92
93
94
95
96
97
98
99
100
101
102
103
104
105
106
107
108
109
110
111
112
113
114
115
116
117
118
119
120
121
122
123
124
125
126
127
128
129
130
131
132
133
134
135
136
137
138
139
140
141
142
143
144
145
146
147
148
149
150
151
152
153
154
155
156
157
158
159
160
161
162
163
164
165
166
167
168
169
170
171
172
173
174
175
176
177
178
179
180
181
182
183
184
185
186
187
188
189
190
191
192
193
194
195
196
197
198
199
200
201
202
203
204
205
206
207
208
209
210
211
212
213
214
215
216
217
218
219
220
221
222
223
224
225
226
227
228
229
230
231
232
233
234
235
236
237
238
239
240
241
242
243
244
245
246
247
248
249
250
251
252
253
254
255
256
257
258
259
260
261
262
263
264
265
266
267
268
269
270
271
272
273
274
275
276
277
278
279
280
281
282
283
284
285
286
287
288
289
290
291
292
293
294
295
296
297
298
299
300
301
302
303
304
305
306
307
308
309
310
311
312
313
314
315
316
317
318
319
320
321
322
323
324
325
326
327
328
329
330
331
332
333
334
335
336
337
338
339
340
341
342
343
344
345
346
347
348
349
350
351
352
353
354
355
356
357
358
359
360
361
362
363
364
365
366
367
368
369
370
371
372
373
374
375
376
377
378
379
380
381
382
383
384
385
386
387
388
389
390
391
392
393
394
395
396
397
398
399
400
401
402
403
404
405
406
407
408
409
410
411
412
413
414
415
416
417
418
419
420
421
422
423
424
425
426
427
428
429
430
431
432
433
434
435
436
437
438
439
440
441
442
443
444
445
446
447
448
449
450
451
452
453
454
455
456
457
458
459
460
461
462
463
464
465
466
467
468
469
470
471
472
473
474
475
476
477
478
479
480
481
482
483
484
485
486
487
488
489
490
491
492
493
494
495
496
497
498
499
500
501
502
503
504
505
506
507
508
509
510
511
512
513
514
515
516
517
518
519
520
521
522
523
524
525
526
527
528
529
530
531
532
533
534
535
536
537
538
539
540
541
542
543
544
545
546
547
548
549
550
551
552
553
554
555
556
557
558
559
560
561
562
563
564
565
566
567
568
569
570
571
572
573
574
575
576
577
578
579
580
581
582
583
584
585
586
587
588
589
590
591
592
593
594
595
596
597
598
599
600
601
602
603
604
605
606
607
608
609
610
611
612
613
614
615
616
617
618
619
620
621
622
623
624
625
626
627
628
629
630
631
632
633
634
635
636
637
638
639
640
641
642
643
644
645
646
647
648
649
650
651
652
653
654
655
656
657
658
659
660
661
662
663
664
665
666
667
668
669
670
671
672
673
674
675
676
677
678
679
680
681
682
683
684
685
686
687
688
689
690
691
692
693
694
695
696
697
698
699
700
701
702
703
704
705
706
707
708
709
710
711
712
713
714
715
716
717
718
719
720
721
722
723
724
725
726
727
728
729
730
731
732
733
734
735
736
737
738
739
740
741
742
743
744
745
746
747
748
749
750
751
752
753
754
755
756
757
758
759
760
761
762
763
764
765
766
767
768
769
770
771
772
773
774
775
776
777
778
779
780
781
782
783
784
785
786
787
788
789
790
791
792
793
794
795
796
797
798
799
800
801
802
803
804
805
806
807
808
809
810
811
812
813
814
815
816
817
818
819
820
821
822
823
824
825
826
827
828
829
830
831
832
833
834
835
836
837
838
839
840
841
842
843
844
845
846
847
848
849
850
851
852
853
854
855
856
857
858
859
860
861
862
863
864
865
866
867
868
869
870
871
872
873
874
875
876
877
878
879
880
881
882
883
884
885
886
887
888
889
890
891
892
893
894
895
896
897
898
899
900
901
902
903
904
905
906
907
908
909
910
911
912
913
914
915
916
917
918
919
920
921
922
923
924
925
926
927
928
929
930
931
932
933
934
935
936
937
938
939
940
941
942
943
944
945
946
947
948
949
950
951
952
953
954
955
956
957
958
959
960
961
962
963
964
965
966
967
968
969
970
971
972
973
974
975
976
977
978
979
980
981
982
983
984
985
986
987
988
989
990
991
992
993
994
995
996
997
998
999
1000
1001
1002
1003
1004
1005
1006
1007
1008
1009
1010
1011
1012
1013
1014
1015
1016
1017
1018
1019
1020
1021
1022
1023
1024
1025
1026
1027
1028
1029
1030
1031
1032
1033
1034
1035
1036
1037
1038
1039
1040
1041
1042
1043
1044
1045
1046
1047
1048
1049
1050
1051
1052
1053
1054
1055
1056
1057
1058
1059
1060
1061
1062
1063
1064
1065
1066
1067
1068
1069
1070
1071
1072
1073
1074
1075
1076
1077
1078
1079
1080
1081
1082
1083
1084
1085
1086
1087
1088
1089
1090
1091
1092
1093
1094
1095
1096
1097
1098
1099
1100
1101
1102
1103
1104
1105
1106
1107
1108
1109
1110
1111
1112
1113
1114
1115
1116
1117
1118
1119
1120
1121
1122
1123
1124
1125
1126
1127
1128
1129
1130
1131
1132
1133
1134
1135
1136
1137
1138
1139
1140
1141
1142
1143
1144
1145
1146
1147
1148
1149
1150
1151
1152
1153
1154
1155
1156
1157
1158
1159
1160
1161
1162
1163
1164
1165
1166
1167
1168
1169
1170
1171
1172
1173
1174
1175
1176
1177
1178
1179
1180
1181
1182
1183
1184
1185
1186
1187
1188
1189
1190
1191
1192
1193
1194
1195
1196
1197
1198
1199
1200
1201
1202
1203
1204
1205
1206
1207
1208
1209
1210
1211
1212
1213
1214
1215
1216
1217
1218
1219
1220
1221
1222
1223
1224
1225
1226
1227
1228
1229
1230
1231
1232
1233
1234
1235
1236
1237
1238
1239
1240
1241
1242
1243
1244
1245
1246
1247
1248
1249
1250
1251
1252
1253
1254
1255
1256
1257
1258
1259
1260
1261
1262
1263
1264
1265
1266
1267
1268
1269
1270
1271
1272
1273
1274
1275
1276
1277
1278
1279
1280
1281
1282
1283
1284
1285
1286
1287
1288
1289
1290
1291
1292
1293
1294
1295
1296
1297
1298
1299
1300
1301
1302
1303
1304
1305
1306
1307
1308
1309
1310
1311
1312
1313
1314
1315
1316
1317
1318
1319
1320
1321
1322
1323
1324
1325
1326
1327
1328
1329
1330
1331
1332
1333
1334
1335
1336
1337
1338
1339
1340
1341
1342
1343
1344
1345
1346
1347
1348
1349
1350
1351
1352
1353
1354
1355
1356
1357
1358
1359
1360
1361
1362
1363
1364
1365
1366
1367
1368
1369
1370
1371
1372
1373
1374
1375
1376
1377
1378
1379
1380
1381
1382
1383
1384
1385
1386
1387
1388
1389
1390
1391
1392
1393
1394
1395
1396
1397
1398
1399
1400
1401
1402
1403
1404
1405
1406
1407
1408
1409
1410
1411
1412
1413
1414
1415
1416
1417
1418
1419
1420
1421
1422
1423
1424
1425
1426
1427
1428
1429
1430
1431
1432
1433
1434
1435
1436
1437
1438
1439
1440
1441
1442
1443
1444
1445
1446
1447
1448
1449
1450
1451
1452
1453
1454
1455
1456
1457
1458
1459
1460
1461
1462
1463
1464
1465
1466
1467
1468
1469
1470
1471
1472
1473
1474
1475
1476
1477
1478
1479
1480
1481
1482
1483
1484
1485
1486
1487
1488
1489
1490
1491
1492
1493
1494
1495
1496
1497
1498
1499
1500
1501
1502
1503
1504
1505
1506
1507
1508
1509
1510
1511
1512
1513
1514
1515
1516
1517
1518
1519
1520
1521
1522
1523
1524
1525
1526
1527
1528
1529
1530
1531
1532
1533
1534
1535
1536
1537
1538
1539
1540
1541
1542
1543
1544
1545
1546
1547
1548
1549
1550
1551
1552
1553
1554
1555
1556
1557
1558
1559
1560
1561
1562
1563
1564
1565
1566
1567
1568
1569
1570
1571
1572
1573
1574
1575
1576
1577
1578
1579
1580
1581
1582
1583
1584
1585
1586
1587
1588
1589
1590
1591
1592
1593
1594
1595
1596
1597
1598
1599
1600
1601
1602
1603
1604
1605
1606
1607
1608
1609
1610
1611
1612
1613
1614
1615
1616
1617
1618
1619
1620
1621
1622
1623
1624
1625
1626
1627
1628
1629
1630
1631
1632
1633
1634
1635
1636
1637
1638
1639
1640
1641
1642
1643
1644
1645
1646
1647
1648
1649
1650
1651
1652
1653
1654
1655
1656
1657
1658
1659
1660
1661
1662
1663
1664
1665
1666
1667
1668
1669
1670
1671
1672
1673
1674
1675
1676
1677
1678
1679
1680
1681
1682
1683
1684
1685
1686
1687
1688
1689
1690
1691
1692
1693
1694
1695
1696
1697
1698
1699
1700
1701
1702
1703
1704
1705
1706
1707
1708
1709
1710
1711
1712
1713
1714
1715
1716
1717
1718
1719
1720
1721
1722
1723
1724
1725
1726
1727
1728
1729
1730
1731
1732
1733
1734
1735
1736
1737
1738
1739
1740
1741
1742
1743
1744
1745
1746
1747
1748
1749
1750
1751
1752
1753
1754
1755
1756
1757
1758
1759
1760
1761
1762
1763
1764
1765
1766
1767
1768
1769
1770
1771
1772
1773
1774
1775
1776
1777
1778
1779
1780
1781
1782
1783
1784
1785
1786
1787
1788
1789
1790
1791
1792
1793
1794
1795
1796
1797
1798
1799
FIELD FieldData 11
Eps_rr 1 1800 float
1.49056e-06 1.3843e-06 1.29753e-06 1.20661e-06 1.10981e-06 1.00277e-06 8.82606e-07 7.47334e-07 5.9566e-07 4.26853e-07 2.40676e-07 3.74036e-08 -1.8209e-07 -4.16147e-07 -6.6193e-07 -9.14985e-07 -1.16574e-06 -1.41332e-06 1.45383e-06 1.33389e-06 1.2404e-06 1.14106e-06 1.03261e-06 9.1437e-07 7.85207e-07 6.4401e-07 4.89942e-07 3.22528e-07 1.41702e-07 -5.21369e-08 -2.58046e-07 -4.74403e-07 -6.9872e-07 -9.27423e-07 -1.15795e-06 -1.40376e-06 1.43967e-06 1.32128e-06 1.20843e-06 1.09745e-06 9.79816e-07 8.53581e-07 7.18014e-07 5.72558e-07 4.16777e-07 2.50435e-07 7.35642e-08 -1.13495e-07 -3.10068e-07 -5.15184e-07 -7.27774e-07 -9.47542e-07 -1.17811e-06 -1.41821e-06 1.4239e-06 1.31135e-06 1.19304e-06 1.07227e-06 9.4685e-07 8.14449e-07 6.74185e-07 5.25646e-07 3.68597e-07 2.02926e-07 2.86622e-08 -1.54035e-07 -3.44922e-07 -5.43827e-07 -7.51003e-07 -9.67822e-07 -1.19568e-06 -1.43303e-06 1.40908e-06 1.30177e-06 1.18351e-06 1.05872e-06 9.28253e-07 7.91522e-07 6.47938e-07 4.97209e-07 3.39192e-07 1.73812e-07 1.02496e-09 -1.79224e-07 -3.67091e-07 -5.62992e-07 -7.67829e-07 -9.82919e-07 -1.20939e-06 -1.44774e-06 1.39584e-06 1.29309e-06 1.17695e-06 1.0516e-06 9.1907e-07 7.79975e-07 6.34383e-07 4.8225e-07 3.23532e-07 1.58163e-07 -1.39817e-08 -1.93141e-07 -3.79749e-07 -5.74544e-07 -7.78624e-07 -9.93378e-07 -1.22034e-06 -1.46157e-06 1.38438e-06 1.28556e-06 1.17229e-06 1.04824e-06 9.15714e-07 7.7596e-07 6.29553e-07 4.7674e-07 3.17603e-07 1.52097e-07 -1.99578e-08 -1.98923e-07 -3.85396e-07 -5.80271e-07 -7.84768e-07 -1.00044e-06 -1.22926e-06 -1.47405e-06 1.3747e-06 1.2792e-06 1.16899e-06 1.04713e-06 9.15873e-07 7.76676e-07 6.30409e-07 4.77538e-07 3.18266e-07 1.52587e-07 -1.97051e-08 -1.99038e-07 -3.86095e-07 -5.81857e-07 -7.87632e-07 -1.00512e-06 -1.23654e-06 -1.48496e-06 1.36666e-06 1.27393e-06 1.16667e-06 1.04738e-06 9.18062e-07 7.80185e-07 6.34727e-07 4.82281e-07 3.23132e-07 1.57311e-07 -1.53892e-08 -1.95425e-07 -3.8352e-07 -5.80698e-07 -7.88319e-07 -1.00814e-06 -1.24245e-06 -1.49425e-06 1.3601e-06 1.26965e-06 1.16509e-06 1.04841e-06 9.21323e-07 7.85178e-07 6.40946e-07 4.89254e-07 3.30429e-07 1.64528e-07 -8.65151e-09 -1.89571e-07 -3.78966e-07 -5.77868e-07 -7.87639e-07 -1.01002e-06 -1.24722e-06 -1.50199e-06 1.35481e-06 1.26621e-06 1.16404e-06 1.04985e-06 9.25041e-07 7.90793e-07 6.47996e-07 4.97253e-07 3.3889e-07 1.72972e-07 -6.99793e-10 -1.82579e-07 -3.73392e-07 -5.74148e-07 -7.86168e-07 -1.01111e-06 -1.25102e-06 -1.50833e-06 1.35062e-06 1.26349e-06 1.16338e-06 1.05145e-06 9.28825e-07 7.96474e-07 6.55174e-07 5.05463e-07 3.4764e-07 1.81754e-07 7.61214e-09 -1.7523e-07 -3.67472e-07 -5.70081e-07 -7.843e-07 -1.01167e-06 -1.254e-06 -1.51341e-06 1.34734e-06 1.26138e-06 1.16301e-06 1.05308e-06 9.32439e-07 8.0188e-07 6.62037e-07 5.13363e-07 3.56103e-07 1.90285e-07 1.57109e-08 -1.68049e-07 -3.6166e-07 -5.66028e-07 -7.823e-07 -1.01186e-06 -1.25631e-06 -1.51743e-06 1.34481e-06 1.25977e-06 1.16284e-06 1.05462e-06 9.35747e-07 8.06816e-07 6.68328e-07 5.20637e-07 3.63929e-07 1.98198e-07 2.32381e-08 -1.61365e-07 -3.56238e-07 -5.62215e-07 -7.80335e-07 -1.01183e-06 -1.25807e-06 -1.52055e-06 1.3429e-06 1.25855e-06 1.16281e-06 1.05603e-06 9.38685e-07 8.1119e-07 6.73916e-07 5.27123e-07 3.7093e-07 2.05293e-07 2.9995e-08 -1.55362e-07 -3.51362e-07 -5.58767e-07 -7.78507e-07 -1.01166e-06 -1.25939e-06 -1.52293e-06 1.34148e-06 1.25766e-06 1.16286e-06 1.05729e-06 9.41231e-07 8.14971e-07 6.78759e-07 5.3276e-07 3.77029e-07 2.11484e-07 3.58962e-08 -1.50119e-07 -3.47102e-07 -5.55745e-07 -7.7687e-07 -1.01141e-06 -1.26036e-06 -1.52471e-06 1.34044e-06 1.25701e-06 1.16297e-06 1.05838e-06 9.43393e-07 8.18175e-07 6.82869e-07 5.37556e-07 3.82228e-07 2.16767e-07 4.09339e-08 -1.45644e-07 -3.43468e-07 -5.53159e-07 -7.75445e-07 -1.01113e-06 -1.26105e-06 -1.52602e-06 1.3397e-06 1.25656e-06 1.16311e-06 1.05931e-06 9.45197e-07 8.20843e-07 6.86295e-07 5.4156e-07 3.86575e-07 2.21189e-07 4.51505e-08 -1.41901e-07 -3.40428e-07 -5.50993e-07 -7.74236e-07 -1.01085e-06 -1.26153e-06 -1.52695e-06 1.33919e-06 1.25626e-06 1.16326e-06 1.06008e-06 9.46678e-07 8.23028e-07 6.89103e-07 5.44847e-07 3.90148e-07 2.24826e-07 4.86174e-08 -1.38825e-07 -3.37933e-07 -5.49213e-07 -7.73229e-07 -1.01058e-06 -1.26185e-06 -1.5276e-06 1.33886e-06 1.25606e-06 1.16341e-06 1.06072e-06 9.47876e-07 8.2479e-07 6.9137e-07 5.47503e-07 3.93038e-07 2.27768e-07 5.1421e-08 -1.3634e-07 -3.35919e-07 -5.47775e-07 -7.72407e-07 -1.01033e-06 -1.26205e-06 -1.52802e-06 1.33864e-06 1.25595e-06 1.16355e-06 1.06123e-06 9.4883e-07 8.2619e-07 6.93172e-07 5.49617e-07 3.95339e-07 2.3011e-07 5.36521e-08 -1.34365e-07 -3.34319e-07 -5.46632e-07 -7.71747e-07 -1.01012e-06 -1.26217e-06 -1.52829e-06 1.33853e-06 1.25589e-06 1.16368e-06 1.06165e-06 9.49579e-07 8.27286e-07 6.94582e-07 5.51273e-07 3.97143e-07 2.31946e-07 5.53997e-08 -1.3282e-07 -3.3307e-07 -5.45738e-07 -7.71225e-07 -1.00993e-06 -1.26223e-06 -1.52844e-06 1.33847e-06 1.25587e-06 1.16379e-06 1.06197e-06 9.50159e-07 8.28131e-07 6.95669e-07 5.52549e-07 3.98534e-07 2.33363e-07 5.67462e-08 -1.31631e-07 -3.3211e-07 -5.45051e-07 -7.7082e-07 -1.00977e-06 -1.26225e-06 -1.52851e-06 1.33846e-06 1.25587e-06 1.16389e-06 1.06222e-06 9.50599e-07 8.28771e-07 6.96492e-07 5.53517e-07 3.99589e-07 2.34436e-07 5.77659e-08 -1.30732e-07 -3.31386e-07 -5.44533e-07 -7.70511e-07 -1.00965e-06 -1.26223e-06 -1.52853e-06 1.33848e-06 1.2559e-06 1.16398e-06 1.06241e-06 9.50928e-07 8.29246e-07 6.97104e-07 5.54237e-07 4.00375e-07 2.35235e-07 5.85233e-08 -1.30066e-07 -3.3085e-07 -5.44149e-07 -7.70279e-07 -1.00954e-06 -1.26221e-06 -1.52851e-06 1.33851e-06 1.25593e-06 1.16405e-06 1.06256e-06 9.51169e-07 8.29593e-07 6.9755e-07 5.54762e-07 4.00947e-07 2.35816e-07 5.90738e-08 -1.29583e-07 -3.30463e-07 -5.43871e-07 -7.70109e-07 -1.00946e-06 -1.26217e-06 -1.52847e-06 1.33856e-06 1.25596e-06 1.1641e-06 1.06266e-06 9.51342e-07 8.29839e-07 6.97866e-07 5.55134e-07 4.01353e-07 2.36228e-07 5.94635e-08 -1.29242e-07 -3.3019e-07 -5.43676e-07 -7.69987e-07 -1.00939e-06 -1.26213e-06 -1.52841e-06 1.3386e-06 1.256e-06 1.16415e-06 1.06274e-06 9.51461e-07 8.30008e-07 6.98084e-07 5.55391e-07 4.01632e-07 2.36512e-07 5.97304e-08 -1.2901e-07 -3.30005e-07 -5.43544e-07 -7.69903e-07 -1.00934e-06 -1.26209e-06 -1.52836e-06 1.33865e-06 1.25603e-06 1.16419e-06 1.06279e-06 9.5154e-07 8.3012e-07 6.98227e-07 5.55559e-07 4.01816e-07 2.36698e-07 5.9905e-08 -1.28859e-07 -3.29885e-07 -5.43458e-07 -7.69846e-07 -1.0093e-06 -1.26205e-06 -1.5283e-06 1.33869e-06 1.25606e-06 1.16421e-06 1.06283e-06 9.5159e-07 8.30189e-07 6.98315e-07 5.55663e-07 4.0193e-07 2.36813e-07 6.0012e-08 -1.28767e-07 -3.29813e-07 -5.43406e-07 -7.6981e-07 -1.00927e-06 -1.26202e-06 -1.52824e-06 1.33873e-06 1.25609e-06 1.16424e-06 1.06285e-06 9.51619e-07 8.30227e-07 6.98364e-07 5.55721e-07 4.01993e-07 2.36876e-07 6.00703e-08 -1.28718e-07 -3.29776e-07 -5.43379e-07 -7.6979e-07 -1.00925e-06 -1.26199e-06 -1.5282e-06 1.33876e-06 1.25611e-06 1.16425e-06 1.06286e-06 9.51633e-07 8.30244e-07 6.98385e-07 5.55747e-07 4.02021e-07 2.36903e-07 6.00947e-08 -1.28699e-07 -3.29762e-07 -5.43369e-07 -7.6978e-07 -1.00924e-06 -1.26196e-06 -1.52815e-06 1.33879e-06 1.25613e-06 1.16426e-06 1.06287e-06 9.51636e-07 8.30246e-07 6.98388e-07 5.5575e-07 4.02025e-07 2.36907e-07 6.00963e-08 -1.28699e-07 -3.29763e-07 -5.4337e-07 -7.69777e-07 -1.00923e-06 -1.26194e-06 -1.52812e-06 1.33882e-06 1.25615e-06 1.16427e-06 1.06287e-06 9.51633e-07 8.30239e-07 6.98379e-07 5.5574e-07 4.02013e-07 2.36894e-07 6.00835e-08 -1.28712e-07 -3.29775e-07 -5.43378e-07 -7.69779e-07 -1.00922e-06 -1.26192e-06 -1.52809e-06 1.33884e-06 1.25616e-06 1.16428e-06 1.06287e-06 9.51625e-07 8.30227e-07 6.98363e-07 5.55721e-07 4.01993e-07 2.36873e-07 6.00622e-08 -1.28732e-07 -3.29792e-07 -5.4339e-07 -7.69784e-07 -1.00922e-06 -1.26191e-06 -1.52806e-06 1.33885e-06 1.25617e-06 1.16428e-06 1.06287e-06 9.51616e-07 8.30212e-07 6.98343e-07 5.55698e-07 4.01967e-07 2.36847e-07 6.00367e-08 -1.28755e-07 -3.29812e-07 -5.43404e-07 -7.69791e-07 -1.00921e-06 -1.2619e-06 -1.52804e-06 1.33887e-06 1.25618e-06 1.16429e-06 1.06286e-06 9.51605e-07 8.30195e-07 6.98322e-07 5.55673e-07 4.01941e-07 2.36819e-07 6.001e-08 -1.2878e-07 -3.29832e-07 -5.43419e-07 -7.69798e-07 -1.00921e-06 -1.26189e-06 -1.52802e-06 1.33888e-06 1.25619e-06 1.16429e-06 1.06286e-06 9.51595e-07 8.3018e-07 6.98301e-07 5.55649e-07 4.01915e-07 2.36793e-07 5.99839e-08 -1.28803e-07 -3.29851e-07 -5.43433e-07 -7.69805e-07 -1.00921e-06 -1.26188e-06 -1.52801e-06 1.33888e-06 1.2562e-06 1.16429e-06 1.06286e-06 9.51585e-07 8.30165e-07 6.98282e-07 5.55627e-07 4.0189e-07 2.36767e-07 5.99597e-08 -1.28825e-07 -3.29869e-07 -5.43445e-07 -7.69812e-07 -1.00921e-06 -1.26187e-06 -1.528e-06 1.33889e-06 1.2562e-06 1.16429e-06 1.06285e-06 9.51577e-07 8.30151e-07 6.98265e-07 5.55607e-07 4.01868e-07 2.36745e-07 5.99379e-08 -1.28844e-07 -3.29885e-07 -5.43457e-07 -7.69818e-07 -1.00921e-06 -1.26187e-06 -1.52799e-06 1.3389e-06 1.2562e-06 1.16429e-06 1.06285e-06 9.51569e-07 8.3014e-07 6.9825e-07 5.55589e-07 4.01849e-07 2.36725e-07 5.99189e-08 -1.28862e-07 -3.29899e-07 -5.43467e-07 -7.69823e-07 -1.00921e-06 -1.26187e-06 -1.52798e-06 1.3389e-06 1.2562e-06 1.16429e-06 1.06284e-06 9.51562e-07 8.3013e-07 6.98237e-07 5.55574e-07 4.01832e-07 2.36708e-07 5.99027e-08 -1.28876e-07 -3.29911e-07 -5.43475e-07 -7.69828e-07 -1.00921e-06 -1.26186e-06 -1.52798e-06 1.3389e-06 1.25621e-06 1.16429e-06 1.06284e-06 9.51556e-07 8.30121e-07 6.98226e-07 5.55561e-07 4.01818e-07 2.36694e-07 5.98891e-08 -1.28888e-07 -3.29921e-07 -5.43482e-07 -7.69832e-07 -1.00922e-06 -1.26186e-06 -1.52798e-06 1.3389e-06 1.25621e-06 1.16429e-06 1.06284e-06 9.51552e-07 8.30114e-07 6.98217e-07 5.55551e-07 4.01807e-07 2.36682e-07 5.9878e-08 -1.28898e-07 -3.29929e-07 -5.43488e-07 -7.69835e-07 -1.00922e-06 -1.26186e-06 -1.52798e-06 1.3389e-06 1.25621e-06 1.16429e-06 1.06284e-06 9.51548e-07 8.30109e-07 6.9821e-07 5.55542e-07 4.01798e-07 2.36673e-07 5.98691e-08 -1.28906e-07 -3.29936e-07 -5.43493e-07 -7.69838e-07 -1.00922e-06 -1.26186e-06 -1.52797e-06 1.33891e-06 1.25621e-06 1.16429e-06 1.06284e-06 9.51545e-07 8.30105e-07 6.98205e-07 5.55536e-07 4.01791e-07 2.36666e-07 5.98621e-08 -1.28912e-07 -3.29941e-07 -5.43496e-07 -7.6984e-07 -1.00922e-06 -1.26186e-06 -1.52797e-06 1.33891e-06 1.25621e-06 1.16429e-06 1.06283e-06 9.51543e-07 8.30101e-07 6.982e-07 5.55531e-07 4.01785e-07 2.3666e-07 5.98568e-08 -1.28917e-07 -3.29944e-07 -5.43499e-07 -7.69842e-07 -1.00922e-06 -1.26186e-06 -1.52797e-06 1.33891e-06 1.25621e-06 1.16429e-06 1.06283e-06 9.51541e-07 8.30099e-07 6.98197e-07 5.55527e-07 4.01781e-07 2.36656e-07 5.9853e-08 -1.2892e-07 -3.29947e-07 -5.43501e-07 -7.69843e-07 -1.00922e-06 -1.26186e-06 -1.52797e-06 1.33891e-06 1.25621e-06 1.16429e-06 1.06283e-06 9.5154e-07 8.30097e-07 6.98195e-07 5.55525e-07 4.01779e-07 2.36654e-07 5.98506e-08 -1.28922e-07 -3.29949e-07 -5.43502e-07 -7.69844e-07 -1.00922e-06 -1.26186e-06 -1.52797e-06 1.33891e-06 1.25621e-06 1.16429e-06 1.06283e-06 9.5154e-07 8.30097e-07 6.98194e-07 5.55524e-07 4.01778e-07 2.36652e-07 5.98494e-08 -1.28923e-07 -3.2995e-07 -5.43503e-07 -7.69844e-07 -1.00922e-06 -1.26186e-06 -1.52797e-06 1.33891e-06 1.25621e-06 1.16429e-06 1.06283e-06 9.5154e-07 8.30097e-07 6.98194e-07 5.55524e-07 4.01778e-07 2.36652e-07 5.98494e-08 -1.28923e-07 -3.2995e-07 -5.43503e-07 -7.69844e-07 -1.00922e-06 -1.26186e-06 -1.52797e-06 1.33891e-06 1.25621e-06 1.16429e-06 1.06283e-06 9.5154e-07 8.30097e-07 6.98195e-07 5.55525e-07 4.01779e-07 2.36654e-07 5.98506e-08 -1.28922e-07 -3.29949e-07 -5.43502e-07 -7.69844e-07 -1.00922e-06 -1.26186e-06 -1.52797e-06 1.33891e-06 1.25621e-06 1.16429e-06 1.06283e-06 9.51541e-07 8.30099e-07 6.98197e-07 5.55527e-07 4.01781e-07 2.36656e-07 5.9853e-08 -1.2892e-07 -3.29947e-07 -5.43501e-07 -7.69843e-07 -1.00922e-06 -1.26186e-06 -1.52797e-06 1.33891e-06 1.25621e-06 1.16429e-06 1.06283e-06 9.51543e-07 8.30101e-07 6.982e-07 5.55531e-07 4.01785e-07 2.3666e-07 5.98568e-08 -1.28917e-07 -3.29944e-07 -5.43499e-07 -7.69842e-07 -1.00922e-06 -1.26186e-06 -1.52797e-06 1.33891e-06 1.25621e-06 1.16429e-06 1.06284e-06 9.51545e-07 8.30105e-07 6.98205e-07 5.55536e-07 4.01791e-07 2.36666e-07 5.98621e-08 -1.28912e-07 -3.29941e-07 -5.43496e-07 -7.6984e-07 -1.00922e-06 -1.26186e-06 -1.52797e-06 1.3389e-06 1.25621e-06 1.16429e-06 1.06284e-06 9.51548e-07 8.30109e-07 6.9821e-07 5.55542e-07 4.01798e-07 2.36673e-07 5.98691e-08 -1.28906e-07 -3.29936e-07 -5.43493e-07 -7.69838e-07 -1.00922e-06 -1.26186e-06 -1.52797e-06 1.3389e-06 1.25621e-06 1.16429e-06 1.06284e-06 9.51552e-07 8.30114e-07 6.98217e-07 5.55551e-07 4.01807e-07 2.36682e-07 5.9878e-08 -1.28898e-07 -3.29929e-07 -5.43488e-07 -7.69835e-07 -1.00922e-06 -1.26186e-06 -1.52798e-06 1.3389e-06 1.25621e-06 1.16429e-06 1.06284e-06 9.51556e-07 8.30121e-07 6.98226e-07 5.55561e-07 4.01818e-07 2.36694e-07 5.98891e-08 -1.28888e-07 -3.29921e-07 -5.43482e-07 -7.69832e-07 -1.00922e-06 -1.26186e-06 -1.52798e-06 1.3389e-06 1.2562e-06 1.16429e-06 1.06284e-06 9.51562e-07 8.3013e-07 6.98237e-07 5.55574e-07 4.01832e-07 2.36708e-07 5.99027e-08 -1.28876e-07 -3.29911e-07 -5.43475e-07 -7.69828e-07 -1.00921e-06 -1.26186e-06 -1.52798e-06 1.3389e-06 1.2562e-06 1.16429e-06 1.06285e-06 9.51569e-07 8.3014e-07 6.9825e-07 5.55589e-07 4.01849e-07 2.36725e-07 5.99189e-08 -1.28862e-07 -3.29899e-07 -5.43467e-07 -7.69823e-07 -1.00921e-06 -1.26187e-06 -1.52798e-06 1.33889e-06 1.2562e-06 1.16429e-06 1.06285e-06 9.51577e-07 8.30151e-07 6.98265e-07 5.55607e-07 4.01868e-07 2.36745e-07 5.99379e-08 -1.28844e-07 -3.29885e-07 -5.43457e-07 -7.69818e-07 -1.00921e-06 -1.26187e-06 -1.52799e-06 1.33888e-06 1.2562e-06 1.16429e-06 1.06286e-06 9.51585e-07 8.30165e-07 6.98282e-07 5.55627e-07 4.0189e-07 2.36767e-07 5.99597e-08 -1.28825e-07 -3.29869e-07 -5.43445e-07 -7.69812e-07 -1.00921e-06 -1.26187e-06 -1.528e-06 1.33888e-06 1.25619e-06 1.16429e-06 1.06286e-06 9.51595e-07 8.3018e-07 6.98301e-07 5.55649e-07 4.01915e-07 2.36793e-07 5.99839e-08 -1.28803e-07 -3.29851e-07 -5.43433e-07 -7.69805e-07 -1.00921e-06 -1.26188e-06 -1.52801e-06 1.33887e-06 1.25618e-06 1.16429e-06 1.06286e-06 9.51605e-07 8.30195e-07 6.98322e-07 5.55673e-07 4.01941e-07 2.36819e-07 6.001e-08 -1.2878e-07 -3.29832e-07 -5.43419e-07 -7.69798e-07 -1.00921e-06 -1.26189e-06 -1.52802e-06 1.33885e-06 1.25617e-06 1.16428e-06 1.06287e-06 9.51616e-07 8.30212e-07 6.98343e-07 5.55698e-07 4.01967e-07 2.36847e-07 6.00367e-08 -1.28755e-07 -3.29812e-07 -5.43404e-07 -7.69791e-07 -1.00921e-06 -1.2619e-06 -1.52804e-06 1.33884e-06 1.25616e-06 1.16428e-06 1.06287e-06 9.51625e-07 8.30227e-07 6.98363e-07 5.55721e-07 4.01993e-07 2.36873e-07 6.00622e-08 -1.28732e-07 -3.29792e-07 -5.4339e-07 -7.69784e-07 -1.00922e-06 -1.26191e-06 -1.52806e-06 1.33882e-06 1.25615e-06 1.16427e-06 1.06287e-06 9.51633e-07 8.30239e-07 6.98379e-07 5.5574e-07 4.02013e-07 2.36894e-07 6.00835e-08 -1.28712e-07 -3.29775e-07 -5.43378e-07 -7.69779e-07 -1.00922e-06 -1.26192e-06 -1.52809e-06 1.33879e-06 1.25613e-06 1.16426e-06 1.06287e-06 9.51636e-07 8.30246e-07 6.98388e-07 5.5575e-07 4.02025e-07 2.36907e-07 6.00963e-08 -1.28699e-07 -3.29763e-07 -5.4337e-07 -7.69777e-07 -1.00923e-06 -1.26194e-06 -1.52812e-06 1.33876e-06 1.25611e-06 1.16425e-06 1.06286e-06 9.51633e-07 8.30244e-07 6.98385e-07 5.55747e-07 4.02021e-07 2.36903e-07 6.00947e-08 -1.28699e-07 -3.29762e-07 -5.43369e-07 -7.6978e-07 -1.00924e-06 -1.26196e-06 -1.52815e-06 1.33873e-06 1.25609e-06 1.16424e-06 1.06285e-06 9.51619e-07 8.30227e-07 6.98364e-07 5.55721e-07 4.01993e-07 2.36876e-07 6.00703e-08 -1.28718e-07 -3.29776e-07 -5.43379e-07 -7.6979e-07 -1.00925e-06 -1.26199e-06 -1.5282e-06 1.33869e-06 1.25606e-06 1.16421e-06 1.06283e-06 9.5159e-07 8.30189e-07 6.98315e-07 5.55663e-07 4.0193e-07 2.36813e-07 6.0012e-08 -1.28767e-07 -3.29813e-07 -5.43406e-07 -7.6981e-07 -1.00927e-06 -1.26202e-06 -1.52824e-06 1.33865e-06 1.25603e-06 1.16419e-06 1.06279e-06 9.5154e-07 8.3012e-07 6.98227e-07 5.55559e-07 4.01816e-07 2.36698e-07 5.9905e-08 -1.28859e-07 -3.29885e-07 -5.43458e-07 -7.69846e-07 -1.0093e-06 -1.26205e-06 -1.5283e-06 1.3386e-06 1.256e-06 1.16415e-06 1.06274e-06 9.51461e-07 8.30008e-07 6.98084e-07 5.55391e-07 4.01632e-07 2.36512e-07 5.97304e-08 -1.2901e-07 -3.30005e-07 -5.43544e-07 -7.69903e-07 -1.00934e-06 -1.26209e-06 -1.52836e-06 1.33856e-06 1.25596e-06 1.1641e-06 1.06266e-06 9.51342e-07 8.29839e-07 6.97866e-07 5.55134e-07 4.01353e-07 2.36228e-07 5.94635e-08 -1.29242e-07 -3.3019e-07 -5.43676e-07 -7.69987e-07 -1.00939e-06 -1.26213e-06 -1.52841e-06 1.33851e-06 1.25593e-06 1.16405e-06 1.06256e-06 9.51169e-07 8.29593e-07 6.9755e-07 5.54762e-07 4.00947e-07 2.35816e-07 5.90738e-08 -1.29583e-07 -3.30463e-07 -5.43871e-07 -7.70109e-07 -1.00946e-06 -1.26217e-06 -1.52847e-06 1.33848e-06 1.2559e-06 1.16398e-06 1.06241e-06 9.50928e-07 8.29246e-07 6.97104e-07 5.54237e-07 4.00375e-07 2.35235e-07 5.85233e-08 -1.30066e-07 -3.3085e-07 -5.44149e-07 -7.70279e-07 -1.00954e-06 -1.26221e-06 -1.52851e-06 1.33846e-06 1.25587e-06 1.16389e-06 1.06222e-06 9.50599e-07 8.28771e-07 6.96492e-07 5.53517e-07 3.99589e-07 2.34436e-07 5.77659e-08 -1.30732e-07 -3.31386e-07 -5.44533e-07 -7.70511e-07 -1.00965e-06 -1.26223e-06 -1.52853e-06 1.33847e-06 1.25587e-06 1.16379e-06 1.06197e-06 9.50159e-07 8.28131e-07 6.95669e-07 5.52549e-07 3.98534e-07 2.33363e-07 5.67462e-08 -1.31631e-07 -3.3211e-07 -5.45051e-07 -7.7082e-07 -1.00977e-06 -1.26225e-06 -1.52851e-06 1.33853e-06 1.25589e-06 1.16368e-06 1.06165e-06 9.49579e-07 8.27286e-07 6.94582e-07 5.51273e-07 3.97143e-07 2.31946e-07 5.53997e-08 -1.3282e-07 -3.3307e-07 -5.45738e-07 -7.71225e-07 -1.00993e-06 -1.26223e-06 -1.52844e-06 1.33864e-06 1.25595e-06 1.16355e-06 1.06123e-06 9.4883e-07 8.2619e-07 6.93172e-07 5.49617e-07 3.95339e-07 2.3011e-07 5.36521e-08 -1.34365e-07 -3.34319e-07 -5.46632e-07 -7.71747e-07 -1.01012e-06 -1.26217e-06 -1.52829e-06 1.33886e-06 1.25606e-06 1.16341e-06 1.06072e-06 9.47876e-07 8.2479e-07 6.9137e-07 5.47503e-07 3.93038e-07 2.27768e-07 5.1421e-08 -1.3634e-07 -3.35919e-07 -5.47775e-07 -7.72407e-07 -1.01033e-06 -1.26205e-06 -1.52802e-06 1.33919e-06 1.25626e-06 1.16326e-06 1.06008e-06 9.46678e-07 8.23028e-07 6.89103e-07 5.44847e-07 3.90148e-07 2.24826e-07 4.86174e-08 -1.38825e-07 -3.37933e-07 -5.49213e-07 -7.73229e-07 -1.01058e-06 -1.26185e-06 -1.5276e-06 1.3397e-06 1.25656e-06 1.16311e-06 1.05931e-06 9.45197e-07 8.20843e-07 6.86295e-07 5.4156e-07 3.86575e-07 2.21189e-07 4.51505e-08 -1.41901e-07 -3.40428e-07 -5.50993e-07 -7.74236e-07 -1.01085e-06 -1.26153e-06 -1.52695e-06 1.34044e-06 1.25701e-06 1.16297e-06 1.05838e-06 9.43393e-07 8.18175e-07 6.82869e-07 5.37556e-07 3.82228e-07 2.16767e-07 4.09339e-08 -1.45644e-07 -3.43468e-07 -5.53159e-07 -7.75445e-07 -1.01113e-06 -1.26105e-06 -1.52602e-06 1.34148e-06 1.25766e-06 1.16286e-06 1.05729e-06 9.41231e-07 8.14971e-07 6.78759e-07 5.3276e-07 3.77029e-07 2.11484e-07 3.58962e-08 -1.50119e-07 -3.47102e-07 -5.55745e-07 -7.7687e-07 -1.01141e-06 -1.26036e-06 -1.52471e-06 1.3429e-06 1.25855e-06 1.16281e-06 1.05603e-06 9.38685e-07 8.1119e-07 6.73916e-07 5.27123e-07 3.7093e-07 2.05293e-07 2.9995e-08 -1.55362e-07 -3.51362e-07 -5.58767e-07 -7.78507e-07 -1.01166e-06 -1.25939e-06 -1.52293e-06 1.34481e-06 1.25977e-06 1.16284e-06 1.05462e-06 9.35747e-07 8.06816e-07 6.68328e-07 5.20637e-07 3.63929e-07 1.98198e-07 2.32381e-08 -1.61365e-07 -3.56238e-07 -5.62215e-07 -7.80335e-07 -1.01183e-06 -1.25807e-06 -1.52055e-06 1.34734e-06 1.26138e-06 1.16301e-06 1.05308e-06 9.32439e-07 8.0188e-07 6.62037e-07 5.13363e-07 3.56103e-07 1.90285e-07 1.57109e-08 -1.68049e-07 -3.6166e-07 -5.66028e-07 -7.823e-07 -1.01186e-06 -1.25631e-06 -1.51743e-06 1.35062e-06 1.26349e-06 1.16338e-06 1.05145e-06 9.28825e-07 7.96474e-07 6.55174e-07 5.05463e-07 3.4764e-07 1.81754e-07 7.61214e-09 -1.7523e-07 -3.67472e-07 -5.70081e-07 -7.843e-07 -1.01167e-06 -1.254e-06 -1.51341e-06 1.35481e-06 1.26621e-06 1.16404e-06 1.04985e-06 9.25041e-07 7.90793e-07 6.47996e-07 4.97253e-07 3.3889e-07 1.72972e-07 -6.99793e-10 -1.82579e-07 -3.73392e-07 -5.74148e-07 -7.86168e-07 -1.01111e-06 -1.25102e-06 -1.50833e-06 1.3601e-06 1.26965e-06 1.16509e-06 1.04841e-06 9.21323e-07 7.85178e-07 6.40946e-07 4.89254e-07 3.30429e-07 1.64528e-07 -8.65151e-09 -1.89571e-07 -3.78966e-07 -5.77868e-07 -7.87639e-07 -1.01002e-06 -1.24722e-06 -1.50199e-06 1.36666e-06 1.27393e-06 1.16667e-06 1.04738e-06 9.18062e-07 7.80185e-07 6.34727e-07 4.82281e-07 3.23132e-07 1.57311e-07 -1.53892e-08 -1.95425e-07 -3.8352e-07 -5.80698e-07 -7.88319e-07 -1.00814e-06 -1.24245e-06 -1.49425e-06 1.3747e-06 1.2792e-06 1.16899e-06 1.04713e-06 9.15873e-07 7.76676e-07 6.30409e-07 4.77538e-07 3.18266e-07 1.52587e-07 -1.97051e-08 -1.99038e-07 -3.86095e-07 -5.81857e-07 -7.87632e-07 -1.00512e-06 -1.23654e-06 -1.48496e-06 1.38438e-06 1.28556e-06 1.17229e-06 1.04824e-06 9.15714e-07 7.7596e-07 6.29553e-07 4.7674e-07 3.17603e-07 1.52097e-07 -1.99578e-08 -1.98923e-07 -3.85396e-07 -5.80271e-07 -7.84768e-07 -1.00044e-06 -1.22926e-06 -1.47405e-06 1.39584e-06 1.29309e-06 1.17695e-06 1.0516e-06 9.1907e-07 7.79975e-07 6.34383e-07 4.8225e-07 3.23532e-07 1.58163e-07 -1.39817e-08 -1.93141e-07 -3.79749e-07 -5.74544e-07 -7.78624e-07 -9.93378e-07 -1.22034e-06 -1.46157e-06 1.40908e-06 1.30177e-06 1.18351e-06 1.05872e-06 9.28253e-07 7.91522e-07 6.47938e-07 4.97209e-07 3.39192e-07 1.73812e-07 1.02496e-09 -1.79224e-07 -3.67091e-07 -5.62992e-07 -7.67829e-07 -9.82919e-07 -1.20939e-06 -1.44774e-06 1.4239e-06 1.31135e-06 1.19304e-06 1.07227e-06 9.4685e-07 8.14449e-07 6.74185e-07 5.25646e-07 3.68597e-07 2.02926e-07 2.86622e-08 -1.54035e-07 -3.44922e-07 -5.43827e-07 -7.51003e-07 -9.67822e-07 -1.19568e-06 -1.43303e-06 1.43967e-06 1.32128e-06 1.20843e-06 1.09745e-06 9.79816e-07 8.53581e-07 7.18014e-07 5.72558e-07 4.16777e-07 2.50435e-07 7.35642e-08 -1.13495e-07 -3.10068e-07 -5.15184e-07 -7.27774e-07 -9.47542e-07 -1.17811e-06 -1.41821e-06 1.45383e-06 1.33389e-06 1.2404e-06 1.14106e-06 1.03261e-06 9.1437e-07 7.85207e-07 6.4401e-07 4.89942e-07 3.22528e-07 1.41702e-07 -5.21369e-08 -2.58046e-07 -4.74403e-07 -6.9872e-07 -9.27423e-07 -1.15795e-06 -1.40376e-06 1.49056e-06 1.3843e-06 1.29753e-06 1.20661e-06 1.10981e-06 1.00277e-06 8.82606e-07 7.47334e-07 5.9566e-07 4.26853e-07 2.40676e-07 3.74036e-08 -1.8209e-07 -4.16147e-07 -6.6193e-07 -9.14985e-07 -1.16574e-06 -1.41332e-06 
Eps_phiphi 1 1800 float
-4.78634e-06 -4.09179e-06 -3.50872e-06 -2.92563e-06 -2.3498e-06 -1.77872e-06 -1.21197e-06 -6.49012e-07 -8.95228e-08 4.667e-07 1.01972e-06 1.56948e-06 2.11573e-06 2.65806e-06 3.19557e-06 3.72804e-06 4.24853e-06 4.82052e-06 -4.7386e-06 -4.08741e-06 -3.48812e-06 -2.90797e-06 -2.33155e-06 -1.75935e-06 -1.19121e-06 -6.27169e-07 -6.71523e-08 4.88887e-07 1.04096e-06 1.58902e-06 2.13295e-06 2.67258e-06 3.20792e-06 3.73885e-06 4.2746e-06 4.82813e-06 -4.6868e-06 -4.07705e-06 -3.48087e-06 -2.89942e-06 -2.32446e-06 -1.75302e-06 -1.18515e-06 -6.2103e-07 -6.08489e-08 4.95315e-07 1.04746e-06 1.59567e-06 2.14017e-06 2.68145e-06 3.22058e-06 3.76088e-06 4.30816e-06 4.85936e-06 -4.63491e-06 -4.05655e-06 -3.47506e-06 -2.89805e-06 -2.32546e-06 -1.75597e-06 -1.18933e-06 -6.25805e-07 -6.568e-08 4.90915e-07 1.04403e-06 1.59393e-06 2.14123e-06 2.68704e-06 3.23342e-06 3.78357e-06 4.3401e-06 4.90158e-06 -4.58675e-06 -4.03231e-06 -3.46703e-06 -2.89889e-06 -2.33116e-06 -1.76477e-06 -1.20014e-06 -6.37693e-07 -7.77688e-08 4.79494e-07 1.03422e-06 1.58686e-06 2.13833e-06 2.69011e-06 3.24445e-06 3.80402e-06 4.3712e-06 4.9477e-06 -4.54371e-06 -4.00794e-06 -3.45757e-06 -2.89972e-06 -2.33864e-06 -1.77655e-06 -1.21466e-06 -6.53707e-07 -9.41287e-08 4.63922e-07 1.02063e-06 1.57658e-06 2.13284e-06 2.69103e-06 3.25335e-06 3.82241e-06 4.40107e-06 4.99299e-06 -4.5063e-06 -3.98517e-06 -3.44773e-06 -2.9e-06 -2.34626e-06 -1.78926e-06 -1.23069e-06 -6.71585e-07 -1.1252e-07 4.46318e-07 1.00514e-06 1.56459e-06 2.12579e-06 2.69039e-06 3.26056e-06 3.83897e-06 4.42891e-06 5.03483e-06 -4.47448e-06 -3.96479e-06 -3.43822e-06 -2.89975e-06 -2.35329e-06 -1.80164e-06 -1.24671e-06 -6.89714e-07 -1.3133e-07 4.28207e-07 9.891e-07 1.552e-06 2.11803e-06 2.68881e-06 3.26649e-06 3.85376e-06 4.45407e-06 5.07193e-06 -4.44792e-06 -3.94709e-06 -3.42946e-06 -2.89911e-06 -2.35942e-06 -1.81302e-06 -1.26179e-06 -7.07027e-07 -1.49458e-07 4.10644e-07 9.7346e-07 1.53962e-06 2.1102e-06 2.68678e-06 3.27142e-06 3.86678e-06 4.47618e-06 5.10386e-06 -4.42612e-06 -3.93205e-06 -3.42168e-06 -2.89825e-06 -2.3646e-06 -1.82307e-06 -1.27542e-06 -7.22888e-07 -1.66214e-07 3.94316e-07 9.58853e-07 1.52799e-06 2.10275e-06 2.68461e-06 3.27555e-06 3.87805e-06 4.49518e-06 5.13069e-06 -4.40848e-06 -3.91953e-06 -3.41495e-06 -2.89729e-06 -2.36888e-06 -1.83172e-06 -1.28737e-06 -7.3697e-07 -1.81214e-07 3.79618e-07 9.45658e-07 1.51745e-06 2.09595e-06 2.68253e-06 3.279e-06 3.88763e-06 4.51115e-06 5.15278e-06 -4.39443e-06 -3.90927e-06 -3.40925e-06 -2.89632e-06 -2.37236e-06 -1.83901e-06 -1.29761e-06 -7.49168e-07 -1.94303e-07 3.66732e-07 9.34059e-07 1.50818e-06 2.08995e-06 2.68064e-06 3.28187e-06 3.89565e-06 4.52434e-06 5.17063e-06 -4.38339e-06 -3.90101e-06 -3.40452e-06 -2.89541e-06 -2.37514e-06 -1.84503e-06 -1.30621e-06 -7.59515e-07 -2.0548e-07 3.55684e-07 9.24094e-07 1.5002e-06 2.0848e-06 2.679e-06 3.28424e-06 3.90225e-06 4.53505e-06 5.18481e-06 -4.37484e-06 -3.89445e-06 -3.40067e-06 -2.89459e-06 -2.37733e-06 -1.84994e-06 -1.31331e-06 -7.68135e-07 -2.14844e-07 3.46396e-07 9.15706e-07 1.4935e-06 2.08048e-06 2.67762e-06 3.28617e-06 3.90761e-06 4.54359e-06 5.19588e-06 -4.36833e-06 -3.88931e-06 -3.39757e-06 -2.89387e-06 -2.37904e-06 -1.85388e-06 -1.31908e-06 -7.75197e-07 -2.22556e-07 3.38725e-07 9.08774e-07 1.48796e-06 2.07692e-06 2.67648e-06 3.28772e-06 3.91188e-06 4.5503e-06 5.20437e-06 -4.36346e-06 -3.88537e-06 -3.39513e-06 -2.89326e-06 -2.38035e-06 -1.85699e-06 -1.32371e-06 -7.80894e-07 -2.28806e-07 3.32494e-07 9.03141e-07 1.48348e-06 2.07404e-06 2.67557e-06 3.28896e-06 3.91524e-06 4.55548e-06 5.21077e-06 -4.35988e-06 -3.88238e-06 -3.39323e-06 -2.89276e-06 -2.38135e-06 -1.85943e-06 -1.32735e-06 -7.85421e-07 -2.33793e-07 3.27513e-07 8.98639e-07 1.4799e-06 2.07176e-06 2.67486e-06 3.28994e-06 3.91783e-06 4.55941e-06 5.21549e-06 -4.35731e-06 -3.88016e-06 -3.39178e-06 -2.89235e-06 -2.3821e-06 -1.86129e-06 -1.33019e-06 -7.88964e-07 -2.3771e-07 3.23593e-07 8.95098e-07 1.47709e-06 2.06998e-06 2.67431e-06 3.2907e-06 3.91981e-06 4.56233e-06 5.21889e-06 -4.35552e-06 -3.87854e-06 -3.39069e-06 -2.89202e-06 -2.38264e-06 -1.86271e-06 -1.33236e-06 -7.91693e-07 -2.4074e-07 3.20558e-07 8.92359e-07 1.47493e-06 2.06862e-06 2.6739e-06 3.29128e-06 3.92129e-06 4.56446e-06 5.22127e-06 -4.35432e-06 -3.87739e-06 -3.38989e-06 -2.89176e-06 -2.38304e-06 -1.86376e-06 -1.33399e-06 -7.9376e-07 -2.43043e-07 3.18248e-07 8.90276e-07 1.47329e-06 2.0676e-06 2.6736e-06 3.29171e-06 3.92236e-06 4.56597e-06 5.22287e-06 -4.35355e-06 -3.87661e-06 -3.38932e-06 -2.89157e-06 -2.38331e-06 -1.86452e-06 -1.3352e-06 -7.95297e-07 -2.44762e-07 3.16521e-07 8.88723e-07 1.47207e-06 2.06685e-06 2.67339e-06 3.29203e-06 3.92313e-06 4.56701e-06 5.2239e-06 -4.3531e-06 -3.87609e-06 -3.38892e-06 -2.89142e-06 -2.3835e-06 -1.86507e-06 -1.33607e-06 -7.96416e-07 -2.46019e-07 3.15258e-07 8.87589e-07 1.47119e-06 2.06631e-06 2.67324e-06 3.29227e-06 3.92367e-06 4.56769e-06 5.2245e-06 -4.35288e-06 -3.87577e-06 -3.38865e-06 -2.89131e-06 -2.38362e-06 -1.86544e-06 -1.33668e-06 -7.97211e-07 -2.46915e-07 3.14357e-07 8.86782e-07 1.47057e-06 2.06594e-06 2.67315e-06 3.29243e-06 3.92402e-06 4.5681e-06 5.2248e-06 -4.3528e-06 -3.8756e-06 -3.38848e-06 -2.89124e-06 -2.38369e-06 -1.86569e-06 -1.33709e-06 -7.97756e-07 -2.47535e-07 3.13733e-07 8.86226e-07 1.47014e-06 2.06569e-06 2.67309e-06 3.29254e-06 3.92424e-06 4.56833e-06 5.2249e-06 -4.35283e-06 -3.87552e-06 -3.38838e-06 -2.89118e-06 -2.38373e-06 -1.86584e-06 -1.33736e-06 -7.98116e-07 -2.47947e-07 3.13318e-07 8.85859e-07 1.46987e-06 2.06553e-06 2.67306e-06 3.29262e-06 3.92437e-06 4.56843e-06 5.22487e-06 -4.35292e-06 -3.87551e-06 -3.38833e-06 -2.89114e-06 -2.38374e-06 -1.86593e-06 -1.33752e-06 -7.98338e-07 -2.48204e-07 3.13058e-07 8.85631e-07 1.4697e-06 2.06544e-06 2.67304e-06 3.29266e-06 3.92443e-06 4.56844e-06 5.22475e-06 -4.35305e-06 -3.87554e-06 -3.38831e-06 -2.89112e-06 -2.38374e-06 -1.86597e-06 -1.33761e-06 -7.98461e-07 -2.4835e-07 3.12911e-07 8.85503e-07 1.46961e-06 2.0654e-06 2.67304e-06 3.29268e-06 3.92444e-06 4.56839e-06 5.22458e-06 -4.35319e-06 -3.8756e-06 -3.38832e-06 -2.89111e-06 -2.38373e-06 -1.86598e-06 -1.33764e-06 -7.98515e-07 -2.48418e-07 3.12842e-07 8.85446e-07 1.46957e-06 2.06539e-06 2.67305e-06 3.29269e-06 3.92442e-06 4.56831e-06 5.22439e-06 -4.35333e-06 -3.87567e-06 -3.38834e-06 -2.8911e-06 -2.38372e-06 -1.86596e-06 -1.33763e-06 -7.98522e-07 -2.48432e-07 3.12826e-07 8.85437e-07 1.46957e-06 2.0654e-06 2.67306e-06 3.29269e-06 3.92439e-06 4.56821e-06 5.2242e-06 -4.35347e-06 -3.87575e-06 -3.38837e-06 -2.8911e-06 -2.3837e-06 -1.86594e-06 -1.33761e-06 -7.985e-07 -2.48412e-07 3.12846e-07 8.85458e-07 1.4696e-06 2.06542e-06 2.67308e-06 3.29269e-06 3.92434e-06 4.56811e-06 5.22402e-06 -4.35359e-06 -3.87582e-06 -3.3884e-06 -2.8911e-06 -2.38368e-06 -1.86591e-06 -1.33757e-06 -7.9846e-07 -2.48372e-07 3.12886e-07 8.85497e-07 1.46963e-06 2.06545e-06 2.67309e-06 3.29268e-06 3.92429e-06 4.56801e-06 5.22386e-06 -4.3537e-06 -3.87589e-06 -3.38844e-06 -2.8911e-06 -2.38366e-06 -1.86587e-06 -1.33753e-06 -7.98411e-07 -2.48321e-07 3.12937e-07 8.85546e-07 1.46968e-06 2.06548e-06 2.67311e-06 3.29267e-06 3.92425e-06 4.56792e-06 5.22371e-06 -4.3538e-06 -3.87595e-06 -3.38847e-06 -2.89111e-06 -2.38364e-06 -1.86584e-06 -1.33748e-06 -7.98359e-07 -2.48265e-07 3.12993e-07 8.85598e-07 1.46972e-06 2.06552e-06 2.67312e-06 3.29265e-06 3.9242e-06 4.56784e-06 5.22358e-06 -4.35388e-06 -3.87601e-06 -3.3885e-06 -2.89111e-06 -2.38362e-06 -1.86581e-06 -1.33744e-06 -7.98308e-07 -2.4821e-07 3.13048e-07 8.85649e-07 1.46976e-06 2.06555e-06 2.67313e-06 3.29264e-06 3.92416e-06 4.56776e-06 5.22348e-06 -4.35395e-06 -3.87605e-06 -3.38852e-06 -2.89112e-06 -2.38361e-06 -1.86578e-06 -1.3374e-06 -7.9826e-07 -2.48159e-07 3.13099e-07 8.85697e-07 1.4698e-06 2.06557e-06 2.67315e-06 3.29263e-06 3.92413e-06 4.5677e-06 5.22339e-06 -4.354e-06 -3.87609e-06 -3.38854e-06 -2.89112e-06 -2.3836e-06 -1.86575e-06 -1.33736e-06 -7.98217e-07 -2.48112e-07 3.13146e-07 8.8574e-07 1.46984e-06 2.0656e-06 2.67315e-06 3.29262e-06 3.9241e-06 4.56765e-06 5.22331e-06 -4.35405e-06 -3.87612e-06 -3.38856e-06 -2.89113e-06 -2.38359e-06 -1.86573e-06 -1.33733e-06 -7.98179e-07 -2.48071e-07 3.13188e-07 8.85778e-07 1.46987e-06 2.06562e-06 2.67316e-06 3.29261e-06 3.92407e-06 4.5676e-06 5.22326e-06 -4.35408e-06 -3.87615e-06 -3.38858e-06 -2.89113e-06 -2.38358e-06 -1.86571e-06 -1.3373e-06 -7.98147e-07 -2.48035e-07 3.13223e-07 8.85811e-07 1.4699e-06 2.06564e-06 2.67317e-06 3.29261e-06 3.92405e-06 4.56757e-06 5.22321e-06 -4.35411e-06 -3.87617e-06 -3.38859e-06 -2.89113e-06 -2.38358e-06 -1.8657e-06 -1.33728e-06 -7.9812e-07 -2.48006e-07 3.13253e-07 8.85838e-07 1.46992e-06 2.06565e-06 2.67317e-06 3.2926e-06 3.92403e-06 4.56754e-06 5.22317e-06 -4.35413e-06 -3.87619e-06 -3.3886e-06 -2.89113e-06 -2.38357e-06 -1.86569e-06 -1.33726e-06 -7.98097e-07 -2.47981e-07 3.13278e-07 8.85861e-07 1.46994e-06 2.06566e-06 2.67318e-06 3.2926e-06 3.92402e-06 4.56752e-06 5.22315e-06 -4.35414e-06 -3.8762e-06 -3.38861e-06 -2.89114e-06 -2.38357e-06 -1.86568e-06 -1.33725e-06 -7.98079e-07 -2.47961e-07 3.13298e-07 8.85879e-07 1.46995e-06 2.06567e-06 2.67318e-06 3.29259e-06 3.92401e-06 4.5675e-06 5.22312e-06 -4.35416e-06 -3.87621e-06 -3.38861e-06 -2.89114e-06 -2.38356e-06 -1.86567e-06 -1.33724e-06 -7.98064e-07 -2.47945e-07 3.13314e-07 8.85894e-07 1.46996e-06 2.06568e-06 2.67318e-06 3.29259e-06 3.924e-06 4.56749e-06 5.22311e-06 -4.35416e-06 -3.87622e-06 -3.38862e-06 -2.89114e-06 -2.38356e-06 -1.86566e-06 -1.33723e-06 -7.98053e-07 -2.47932e-07 3.13327e-07 8.85906e-07 1.46997e-06 2.06569e-06 2.67319e-06 3.29259e-06 3.92399e-06 4.56748e-06 5.2231e-06 -4.35417e-06 -3.87622e-06 -3.38862e-06 -2.89114e-06 -2.38356e-06 -1.86566e-06 -1.33722e-06 -7.98044e-07 -2.47922e-07 3.13337e-07 8.85915e-07 1.46998e-06 2.06569e-06 2.67319e-06 3.29259e-06 3.92399e-06 4.56747e-06 5.22309e-06 -4.35418e-06 -3.87623e-06 -3.38862e-06 -2.89114e-06 -2.38356e-06 -1.86565e-06 -1.33722e-06 -7.98037e-07 -2.47914e-07 3.13345e-07 8.85922e-07 1.46999e-06 2.0657e-06 2.67319e-06 3.29258e-06 3.92398e-06 4.56747e-06 5.22308e-06 -4.35418e-06 -3.87623e-06 -3.38863e-06 -2.89114e-06 -2.38356e-06 -1.86565e-06 -1.33721e-06 -7.98032e-07 -2.47909e-07 3.1335e-07 8.85927e-07 1.46999e-06 2.0657e-06 2.67319e-06 3.29258e-06 3.92398e-06 4.56746e-06 5.22308e-06 -4.35418e-06 -3.87623e-06 -3.38863e-06 -2.89114e-06 -2.38356e-06 -1.86565e-06 -1.33721e-06 -7.98028e-07 -2.47904e-07 3.13355e-07 8.85931e-07 1.46999e-06 2.0657e-06 2.67319e-06 3.29258e-06 3.92398e-06 4.56746e-06 5.22308e-06 -4.35418e-06 -3.87623e-06 -3.38863e-06 -2.89114e-06 -2.38356e-06 -1.86565e-06 -1.33721e-06 -7.98026e-07 -2.47902e-07 3.13357e-07 8.85933e-07 1.47e-06 2.0657e-06 2.67319e-06 3.29258e-06 3.92398e-06 4.56746e-06 5.22307e-06 -4.35418e-06 -3.87623e-06 -3.38863e-06 -2.89114e-06 -2.38355e-06 -1.86565e-06 -1.33721e-06 -7.98024e-07 -2.479e-07 3.13359e-07 8.85935e-07 1.47e-06 2.0657e-06 2.67319e-06 3.29258e-06 3.92398e-06 4.56746e-06 5.22307e-06 -4.35418e-06 -3.87623e-06 -3.38863e-06 -2.89114e-06 -2.38355e-06 -1.86565e-06 -1.33721e-06 -7.98023e-07 -2.47899e-07 3.1336e-07 8.85936e-07 1.47e-06 2.0657e-06 2.67319e-06 3.29258e-06 3.92398e-06 4.56746e-06 5.22307e-06 -4.35418e-06 -3.87623e-06 -3.38863e-06 -2.89114e-06 -2.38355e-06 -1.86565e-06 -1.33721e-06 -7.98023e-07 -2.47899e-07 3.1336e-07 8.85936e-07 1.47e-06 2.0657e-06 2.67319e-06 3.29258e-06 3.92398e-06 4.56746e-06 5.22307e-06 -4.35418e-06 -3.87623e-06 -3.38863e-06 -2.89114e-06 -2.38355e-06 -1.86565e-06 -1.33721e-06 -7.98024e-07 -2.479e-07 3.13359e-07 8.85935e-07 1.47e-06 2.0657e-06 2.67319e-06 3.29258e-06 3.92398e-06 4.56746e-06 5.22307e-06 -4.35418e-06 -3.87623e-06 -3.38863e-06 -2.89114e-06 -2.38356e-06 -1.86565e-06 -1.33721e-06 -7.98026e-07 -2.47902e-07 3.13357e-07 8.85933e-07 1.47e-06 2.0657e-06 2.67319e-06 3.29258e-06 3.92398e-06 4.56746e-06 5.22307e-06 -4.35418e-06 -3.87623e-06 -3.38863e-06 -2.89114e-06 -2.38356e-06 -1.86565e-06 -1.33721e-06 -7.98028e-07 -2.47904e-07 3.13355e-07 8.85931e-07 1.46999e-06 2.0657e-06 2.67319e-06 3.29258e-06 3.92398e-06 4.56746e-06 5.22308e-06 -4.35418e-06 -3.87623e-06 -3.38863e-06 -2.89114e-06 -2.38356e-06 -1.86565e-06 -1.33721e-06 -7.98032e-07 -2.47909e-07 3.1335e-07 8.85927e-07 1.46999e-06 2.0657e-06 2.67319e-06 3.29258e-06 3.92398e-06 4.56746e-06 5.22308e-06 -4.35418e-06 -3.87623e-06 -3.38862e-06 -2.89114e-06 -2.38356e-06 -1.86565e-06 -1.33722e-06 -7.98037e-07 -2.47914e-07 3.13345e-07 8.85922e-07 1.46999e-06 2.0657e-06 2.67319e-06 3.29258e-06 3.92398e-06 4.56747e-06 5.22308e-06 -4.35417e-06 -3.87622e-06 -3.38862e-06 -2.89114e-06 -2.38356e-06 -1.86566e-06 -1.33722e-06 -7.98044e-07 -2.47922e-07 3.13337e-07 8.85915e-07 1.46998e-06 2.06569e-06 2.67319e-06 3.29259e-06 3.92399e-06 4.56747e-06 5.22309e-06 -4.35416e-06 -3.87622e-06 -3.38862e-06 -2.89114e-06 -2.38356e-06 -1.86566e-06 -1.33723e-06 -7.98053e-07 -2.47932e-07 3.13327e-07 8.85906e-07 1.46997e-06 2.06569e-06 2.67319e-06 3.29259e-06 3.92399e-06 4.56748e-06 5.2231e-06 -4.35416e-06 -3.87621e-06 -3.38861e-06 -2.89114e-06 -2.38356e-06 -1.86567e-06 -1.33724e-06 -7.98064e-07 -2.47945e-07 3.13314e-07 8.85894e-07 1.46996e-06 2.06568e-06 2.67318e-06 3.29259e-06 3.924e-06 4.56749e-06 5.22311e-06 -4.35414e-06 -3.8762e-06 -3.38861e-06 -2.89114e-06 -2.38357e-06 -1.86568e-06 -1.33725e-06 -7.98079e-07 -2.47961e-07 3.13298e-07 8.85879e-07 1.46995e-06 2.06567e-06 2.67318e-06 3.29259e-06 3.92401e-06 4.5675e-06 5.22312e-06 -4.35413e-06 -3.87619e-06 -3.3886e-06 -2.89113e-06 -2.38357e-06 -1.86569e-06 -1.33726e-06 -7.98097e-07 -2.47981e-07 3.13278e-07 8.85861e-07 1.46994e-06 2.06566e-06 2.67318e-06 3.2926e-06 3.92402e-06 4.56752e-06 5.22315e-06 -4.35411e-06 -3.87617e-06 -3.38859e-06 -2.89113e-06 -2.38358e-06 -1.8657e-06 -1.33728e-06 -7.9812e-07 -2.48006e-07 3.13253e-07 8.85838e-07 1.46992e-06 2.06565e-06 2.67317e-06 3.2926e-06 3.92403e-06 4.56754e-06 5.22317e-06 -4.35408e-06 -3.87615e-06 -3.38858e-06 -2.89113e-06 -2.38358e-06 -1.86571e-06 -1.3373e-06 -7.98147e-07 -2.48035e-07 3.13223e-07 8.85811e-07 1.4699e-06 2.06564e-06 2.67317e-06 3.29261e-06 3.92405e-06 4.56757e-06 5.22321e-06 -4.35405e-06 -3.87612e-06 -3.38856e-06 -2.89113e-06 -2.38359e-06 -1.86573e-06 -1.33733e-06 -7.98179e-07 -2.48071e-07 3.13188e-07 8.85778e-07 1.46987e-06 2.06562e-06 2.67316e-06 3.29261e-06 3.92407e-06 4.5676e-06 5.22326e-06 -4.354e-06 -3.87609e-06 -3.38854e-06 -2.89112e-06 -2.3836e-06 -1.86575e-06 -1.33736e-06 -7.98217e-07 -2.48112e-07 3.13146e-07 8.8574e-07 1.46984e-06 2.0656e-06 2.67315e-06 3.29262e-06 3.9241e-06 4.56765e-06 5.22331e-06 -4.35395e-06 -3.87605e-06 -3.38852e-06 -2.89112e-06 -2.38361e-06 -1.86578e-06 -1.3374e-06 -7.9826e-07 -2.48159e-07 3.13099e-07 8.85697e-07 1.4698e-06 2.06557e-06 2.67315e-06 3.29263e-06 3.92413e-06 4.5677e-06 5.22339e-06 -4.35388e-06 -3.87601e-06 -3.3885e-06 -2.89111e-06 -2.38362e-06 -1.86581e-06 -1.33744e-06 -7.98308e-07 -2.4821e-07 3.13048e-07 8.85649e-07 1.46976e-06 2.06555e-06 2.67313e-06 3.29264e-06 3.92416e-06 4.56776e-06 5.22348e-06 -4.3538e-06 -3.87595e-06 -3.38847e-06 -2.89111e-06 -2.38364e-06 -1.86584e-06 -1.33748e-06 -7.98359e-07 -2.48265e-07 3.12993e-07 8.85598e-07 1.46972e-06 2.06552e-06 2.67312e-06 3.29265e-06 3.9242e-06 4.56784e-06 5.22358e-06 -4.3537e-06 -3.87589e-06 -3.38844e-06 -2.8911e-06 -2.38366e-06 -1.86587e-06 -1.33753e-06 -7.98411e-07 -2.48321e-07 3.12937e-07 8.85546e-07 1.46968e-06 2.06548e-06 2.67311e-06 3.29267e-06 3.92425e-06 4.56792e-06 5.22371e-06 -4.35359e-06 -3.87582e-06 -3.3884e-06 -2.8911e-06 -2.38368e-06 -1.86591e-06 -1.33757e-06 -7.9846e-07 -2.48372e-07 3.12886e-07 8.85497e-07 1.46963e-06 2.06545e-06 2.67309e-06 3.29268e-06 3.92429e-06 4.56801e-06 5.22386e-06 -4.35347e-06 -3.87575e-06 -3.38837e-06 -2.8911e-06 -2.3837e-06 -1.86594e-06 -1.33761e-06 -7.985e-07 -2.48412e-07 3.12846e-07 8.85458e-07 1.4696e-06 2.06542e-06 2.67308e-06 3.29269e-06 3.92434e-06 4.56811e-06 5.22402e-06 -4.35333e-06 -3.87567e-06 -3.38834e-06 -2.8911e-06 -2.38372e-06 -1.86596e-06 -1.33763e-06 -7.98522e-07 -2.48432e-07 3.12826e-07 8.85437e-07 1.46957e-06 2.0654e-06 2.67306e-06 3.29269e-06 3.92439e-06 4.56821e-06 5.2242e-06 -4.35319e-06 -3.8756e-06 -3.38832e-06 -2.89111e-06 -2.38373e-06 -1.86598e-06 -1.33764e-06 -7.98515e-07 -2.48418e-07 3.12842e-07 8.85446e-07 1.46957e-06 2.06539e-06 2.67305e-06 3.29269e-06 3.92442e-06 4.56831e-06 5.22439e-06 -4.35305e-06 -3.87554e-06 -3.38831e-06 -2.89112e-06 -2.38374e-06 -1.86597e-06 -1.33761e-06 -7.98461e-07 -2.4835e-07 3.12911e-07 8.85503e-07 1.46961e-06 2.0654e-06 2.67304e-06 3.29268e-06 3.92444e-06 4.56839e-06 5.22458e-06 -4.35292e-06 -3.87551e-06 -3.38833e-06 -2.89114e-06 -2.38374e-06 -1.86593e-06 -1.33752e-06 -7.98338e-07 -2.48204e-07 3.13058e-07 8.85631e-07 1.4697e-06 2.06544e-06 2.67304e-06 3.29266e-06 3.92443e-06 4.56844e-06 5.22475e-06 -4.35283e-06 -3.87552e-06 -3.38838e-06 -2.89118e-06 -2.38373e-06 -1.86584e-06 -1.33736e-06 -7.98116e-07 -2.47947e-07 3.13318e-07 8.85859e-07 1.46987e-06 2.06553e-06 2.67306e-06 3.29262e-06 3.92437e-06 4.56843e-06 5.22487e-06 -4.3528e-06 -3.8756e-06 -3.38848e-06 -2.89124e-06 -2.38369e-06 -1.86569e-06 -1.33709e-06 -7.97756e-07 -2.47535e-07 3.13733e-07 8.86226e-07 1.47014e-06 2.06569e-06 2.67309e-06 3.29254e-06 3.92424e-06 4.56833e-06 5.2249e-06 -4.35288e-06 -3.87577e-06 -3.38865e-06 -2.89131e-06 -2.38362e-06 -1.86544e-06 -1.33668e-06 -7.97211e-07 -2.46915e-07 3.14357e-07 8.86782e-07 1.47057e-06 2.06594e-06 2.67315e-06 3.29243e-06 3.92402e-06 4.5681e-06 5.2248e-06 -4.3531e-06 -3.87609e-06 -3.38892e-06 -2.89142e-06 -2.3835e-06 -1.86507e-06 -1.33607e-06 -7.96416e-07 -2.46019e-07 3.15258e-07 8.87589e-07 1.47119e-06 2.06631e-06 2.67324e-06 3.29227e-06 3.92367e-06 4.56769e-06 5.2245e-06 -4.35355e-06 -3.87661e-06 -3.38932e-06 -2.89157e-06 -2.38331e-06 -1.86452e-06 -1.3352e-06 -7.95297e-07 -2.44762e-07 3.16521e-07 8.88723e-07 1.47207e-06 2.06685e-06 2.67339e-06 3.29203e-06 3.92313e-06 4.56701e-06 5.2239e-06 -4.35432e-06 -3.87739e-06 -3.38989e-06 -2.89176e-06 -2.38304e-06 -1.86376e-06 -1.33399e-06 -7.9376e-07 -2.43043e-07 3.18248e-07 8.90276e-07 1.47329e-06 2.0676e-06 2.6736e-06 3.29171e-06 3.92236e-06 4.56597e-06 5.22287e-06 -4.35552e-06 -3.87854e-06 -3.39069e-06 -2.89202e-06 -2.38264e-06 -1.86271e-06 -1.33236e-06 -7.91693e-07 -2.4074e-07 3.20558e-07 8.92359e-07 1.47493e-06 2.06862e-06 2.6739e-06 3.29128e-06 3.92129e-06 4.56446e-06 5.22127e-06 -4.35731e-06 -3.88016e-06 -3.39178e-06 -2.89235e-06 -2.3821e-06 -1.86129e-06 -1.33019e-06 -7.88964e-07 -2.3771e-07 3.23593e-07 8.95098e-07 1.47709e-06 2.06998e-06 2.67431e-06 3.2907e-06 3.91981e-06 4.56233e-06 5.21889e-06 -4.35988e-06 -3.88238e-06 -3.39323e-06 -2.89276e-06 -2.38135e-06 -1.85943e-06 -1.32735e-06 -7.85421e-07 -2.33793e-07 3.27513e-07 8.98639e-07 1.4799e-06 2.07176e-06 2.67486e-06 3.28994e-06 3.91783e-06 4.55941e-06 5.21549e-06 -4.36346e-06 -3.88537e-06 -3.39513e-06 -2.89326e-06 -2.38035e-06 -1.85699e-06 -1.32371e-06 -7.80894e-07 -2.28806e-07 3.32494e-07 9.03141e-07 1.48348e-06 2.07404e-06 2.67557e-06 3.28896e-06 3.91524e-06 4.55548e-06 5.21077e-06 -4.36833e-06 -3.88931e-06 -3.39757e-06 -2.89387e-06 -2.37904e-06 -1.85388e-06 -1.31908e-06 -7.75197e-07 -2.22556e-07 3.38725e-07 9.08774e-07 1.48796e-06 2.07692e-06 2.67648e-06 3.28772e-06 3.91188e-06 4.5503e-06 5.20437e-06 -4.37484e-06 -3.89445e-06 -3.40067e-06 -2.89459e-06 -2.37733e-06 -1.84994e-06 -1.31331e-06 -7.68135e-07 -2.14844e-07 3.46396e-07 9.15706e-07 1.4935e-06 2.08048e-06 2.67762e-06 3.28617e-06 3.90761e-06 4.54359e-06 5.19588e-06 -4.38339e-06 -3.90101e-06 -3.40452e-06 -2.89541e-06 -2.37514e-06 -1.84503e-06 -1.30621e-06 -7.59515e-07 -2.0548e-07 3.55684e-07 9.24094e-07 1.5002e-06 2.0848e-06 2.679e-06 3.28424e-06 3.90225e-06 4.53505e-06 5.18481e-06 -4.39443e-06 -3.90927e-06 -3.40925e-06 -2.89632e-06 -2.37236e-06 -1.83901e-06 -1.29761e-06 -7.49168e-07 -1.94303e-07 3.66732e-07 9.34059e-07 1.50818e-06 2.08995e-06 2.68064e-06 3.28187e-06 3.89565e-06 4.52434e-06 5.17063e-06 -4.40848e-06 -3.91953e-06 -3.41495e-06 -2.89729e-06 -2.36888e-06 -1.83172e-06 -1.28737e-06 -7.3697e-07 -1.81214e-07 3.79618e-07 9.45658e-07 1.51745e-06 2.09595e-06 2.68253e-06 3.279e-06 3.88763e-06 4.51115e-06 5.15278e-06 -4.42612e-06 -3.93205e-06 -3.42168e-06 -2.89825e-06 -2.3646e-06 -1.82307e-06 -1.27542e-06 -7.22888e-07 -1.66214e-07 3.94316e-07 9.58853e-07 1.52799e-06 2.10275e-06 2.68461e-06 3.27555e-06 3.87805e-06 4.49518e-06 5.13069e-06 -4.44792e-06 -3.94709e-06 -3.42946e-06 -2.89911e-06 -2.35942e-06 -1.81302e-06 -1.26179e-06 -7.07027e-07 -1.49458e-07 4.10644e-07 9.7346e-07 1.53962e-06 2.1102e-06 2.68678e-06 3.27142e-06 3.86678e-06 4.47618e-06 5.10386e-06 -4.47448e-06 -3.96479e-06 -3.43822e-06 -2.89975e-06 -2.35329e-06 -1.80164e-06 -1.24671e-06 -6.89714e-07 -1.3133e-07 4.28207e-07 9.891e-07 1.552e-06 2.11803e-06 2.68881e-06 3.26649e-06 3.85376e-06 4.45407e-06 5.07193e-06 -4.5063e-06 -3.98517e-06 -3.44773e-06 -2.9e-06 -2.34626e-06 -1.78926e-06 -1.23069e-06 -6.71585e-07 -1.1252e-07 4.46318e-07 1.00514e-06 1.56459e-06 2.12579e-06 2.69039e-06 3.26056e-06 3.83897e-06 4.42891e-06 5.03483e-06 -4.54371e-06 -4.00794e-06 -3.45757e-06 -2.89972e-06 -2.33864e-06 -1.77655e-06 -1.21466e-06 -6.53707e-07 -9.41287e-08 4.63922e-07 1.02063e-06 1.57658e-06 2.13284e-06 2.69103e-06 3.25335e-06 3.82241e-06 4.40107e-06 4.99299e-06 -4.58675e-06 -4.03231e-06 -3.46703e-06 -2.89889e-06 -2.33116e-06 -1.76477e-06 -1.20014e-06 -6.37693e-07 -7.77688e-08 4.79494e-07 1.03422e-06 1.58686e-06 2.13833e-06 2.69011e-06 3.24445e-06 3.80402e-06 4.3712e-06 4.9477e-06 -4.63491e-06 -4.05655e-06 -3.47506e-06 -2.89805e-06 -2.32546e-06 -1.75597e-06 -1.18933e-06 -6.25805e-07 -6.568e-08 4.90915e-07 1.04403e-06 1.59393e-06 2.14123e-06 2.68704e-06 3.23342e-06 3.78357e-06 4.3401e-06 4.90158e-06 -4.6868e-06 -4.07705e-06 -3.48087e-06 -2.89942e-06 -2.32446e-06 -1.75302e-06 -1.18515e-06 -6.2103e-07 -6.08489e-08 4.95315e-07 1.04746e-06 1.59567e-06 2.14017e-06 2.68145e-06 3.22058e-06 3.76088e-06 4.30816e-06 4.85936e-06 -4.7386e-06 -4.08741e-06 -3.48812e-06 -2.90797e-06 -2.33155e-06 -1.75935e-06 -1.19121e-06 -6.27169e-07 -6.71523e-08 4.88887e-07 1.04096e-06 1.58902e-06 2.13295e-06 2.67258e-06 3.20792e-06 3.73885e-06 4.2746e-06 4.82813e-06 -4.78634e-06 -4.09179e-06 -3.50872e-06 -2.92563e-06 -2.3498e-06 -1.77872e-06 -1.21197e-06 -6.49012e-07 -8.95228e-08 4.667e-07 1.01972e-06 1.56948e-06 2.11573e-06 2.65806e-06 3.19557e-06 3.72804e-06 4.24853e-06 4.82052e-06 
Gamma_rphi 1 1800 float
4.47864e-08 1.38268e-08 2.30504e-08 2.59004e-08 2.42759e-08 1.98827e-08 1.38322e-08 6.78484e-09 -8.18882e-10 -8.64358e-09 -1.63872e-08 -2.37262e-08 -3.02596e-08 -3.54345e-08 -3.84415e-08 -3.78738e-08 -3.08181e-08 1.53735e-08 4.97482e-08 6.9067e-08 6.64228e-08 6.65414e-08 6.09109e-08 5.00639e-08 3.53406e-08 1.80414e-08 -7.57238e-10 -2.01186e-08 -3.91354e-08 -5.68088e-08 -7.18977e-08 -8.26965e-08 -8.6578e-08 -7.91317e-08 -4.95303e-08 -8.0437e-09 4.3401e-08 8.72997e-08 9.6576e-08 9.38048e-08 8.48005e-08 6.96659e-08 4.961e-08 2.60461e-08 3.8701e-10 -2.59949e-08 -5.16906e-08 -7.51276e-08 -9.43959e-08 -1.06992e-07 -1.09494e-07 -9.70026e-08 -6.73714e-08 -2.56344e-08 3.87287e-08 8.77552e-08 1.06695e-07 1.07514e-07 9.78283e-08 8.07931e-08 5.80775e-08 3.13037e-08 2.10148e-09 -2.78649e-08 -5.68397e-08 -8.28756e-08 -1.03703e-07 -1.16598e-07 -1.18325e-07 -1.05914e-07 -7.78885e-08 -3.2186e-08 3.41798e-08 8.18415e-08 1.04893e-07 1.09603e-07 1.01688e-07 8.49374e-08 6.17878e-08 3.41676e-08 3.91153e-09 -2.71218e-08 -5.69763e-08 -8.35292e-08 -1.04429e-07 -1.17077e-07 -1.18804e-07 -1.07191e-07 -7.99224e-08 -3.31038e-08 2.95886e-08 7.32271e-08 9.70478e-08 1.04273e-07 9.87139e-08 8.36588e-08 6.16933e-08 3.49638e-08 5.45084e-09 -2.48747e-08 -5.39742e-08 -7.96962e-08 -9.97611e-08 -1.11804e-07 -1.13474e-07 -1.02475e-07 -7.62463e-08 -3.12002e-08 2.51229e-08 6.3661e-08 8.64023e-08 9.48499e-08 9.13992e-08 7.85906e-08 5.87711e-08 3.40725e-08 6.50998e-09 -2.19227e-08 -4.91952e-08 -7.32165e-08 -9.1843e-08 -1.02917e-07 -1.04307e-07 -9.38794e-08 -6.93246e-08 -2.79653e-08 2.09591e-08 5.41141e-08 7.48162e-08 8.35518e-08 8.1737e-08 7.12197e-08 5.39644e-08 3.19254e-08 7.03213e-09 -1.87853e-08 -4.35748e-08 -6.53592e-08 -8.21535e-08 -9.19961e-08 -9.29749e-08 -8.32215e-08 -6.08893e-08 -2.42237e-08 1.72076e-08 4.51402e-08 6.33733e-08 7.17903e-08 7.11441e-08 6.27221e-08 4.80928e-08 2.89551e-08 7.06989e-09 -1.57657e-08 -3.77304e-08 -5.6995e-08 -7.17495e-08 -8.02359e-08 -8.07835e-08 -7.18448e-08 -5.20635e-08 -2.04433e-08 1.39181e-08 3.70328e-08 5.26895e-08 6.0428e-08 6.05608e-08 5.39475e-08 4.18008e-08 2.55459e-08 6.73245e-09 -1.30189e-08 -3.2053e-08 -4.87133e-08 -6.13782e-08 -6.85031e-08 -6.86704e-08 -6.06558e-08 -4.35376e-08 -1.68849e-08 1.10968e-08 2.99181e-08 4.30846e-08 4.99596e-08 5.05719e-08 4.54656e-08 3.55548e-08 2.20051e-08 6.14333e-09 -1.06072e-08 -2.67774e-08 -4.08975e-08 -5.15428e-08 -5.73849e-08 -5.72531e-08 -5.02171e-08 -3.57061e-08 -1.36829e-08 8.72186e-09 2.38162e-08 3.46893e-08 4.0635e-08 4.15085e-08 3.76273e-08 2.96655e-08 1.85572e-08 5.41441e-09 -8.54014e-09 -2.20299e-08 -3.37767e-08 -4.25534e-08 -4.72407e-08 -4.68961e-08 -4.08391e-08 -2.87653e-08 -1.08931e-08 6.75533e-09 1.86826e-08 2.75144e-08 3.2543e-08 3.35257e-08 3.06223e-08 2.43186e-08 1.5351e-08 4.63469e-09 -6.7995e-09 -1.78635e-08 -2.7467e-08 -3.45726e-08 -3.82563e-08 -3.77764e-08 -3.26557e-08 -2.27815e-08 -8.52357e-09 5.15152e-09 1.44362e-08 2.14983e-08 2.56693e-08 2.66608e-08 2.45256e-08 1.96057e-08 1.24726e-08 3.86792e-09 -5.35411e-09 -1.42824e-08 -2.20032e-08 -2.76557e-08 -3.04914e-08 -2.99399e-08 -2.5683e-08 -1.77389e-08 -6.55344e-09 3.86233e-09 1.09778e-08 1.65384e-08 1.99379e-08 2.08755e-08 1.93357e-08 1.55518e-08 9.96092e-09 3.15532e-09 -4.16817e-09 -1.12591e-08 -1.73648e-08 -2.17835e-08 -2.39198e-08 -2.33451e-08 -1.98622e-08 -1.35727e-08 -4.94599e-09 2.84064e-09 8.20246e-09 1.2513e-08 1.5238e-08 1.60867e-08 1.50021e-08 1.21371e-08 7.82094e-09 2.52001e-09 -3.2057e-09 -8.74779e-09 -1.34964e-08 -1.68889e-08 -1.84607e-08 -1.78978e-08 -1.50915e-08 -1.01919e-08 -3.65727e-09 2.04253e-09 6.0075e-09 9.29445e-09 1.1444e-08 1.21876e-08 1.14461e-08 9.31392e-09 6.03519e-09 1.97178e-09 -2.43286e-09 -6.693e-09 -1.03224e-08 -1.28777e-08 -1.40029e-08 -1.34749e-08 -1.12478e-08 -7.49474e-09 -2.64153e-09 1.42841e-09 4.29704e-09 6.75914e-09 8.42736e-09 9.06234e-09 8.57541e-09 7.01977e-09 4.57286e-09 1.51133e-09 -1.81883e-09 -5.03583e-09 -7.75819e-09 -9.64243e-09 -1.04214e-08 -9.94215e-09 -8.20181e-09 -5.37855e-09 -1.85444e-09 9.63505e-10 2.98464e-09 4.7921e-09 6.06505e-09 6.59561e-09 6.29433e-09 5.18587e-09 3.39625e-09 1.1336e-09 -1.33635e-09 -3.71823e-09 -5.71768e-09 -7.0734e-09 -7.58933e-09 -7.16577e-09 -5.82742e-09 -3.74613e-09 -1.25524e-09 6.17839e-10 1.99438e-09 3.29026e-09 4.24397e-09 4.6789e-09 4.51021e-09 3.74342e-09 2.46551e-09 8.30205e-10 -9.61758e-10 -2.6857e-09 -4.11846e-09 -5.06513e-09 -5.38559e-09 -5.01949e-09 -4.00783e-09 -2.5092e-09 -8.07747e-10 3.66117e-10 1.26104e-09 2.16344e-09 2.86341e-09 3.21377e-09 3.13733e-09 2.62736e-09 1.74168e-09 5.91397e-10 -6.74624e-10 -1.88859e-09 -2.8846e-09 -3.52046e-09 -3.69925e-09 -3.38892e-09 -2.63869e-09 -1.59013e-09 -4.80712e-10 1.87333e-10 7.29574e-10 1.33442e-09 1.83595e-09 2.11353e-09 2.09908e-09 1.77863e-09 1.18857e-09 4.0714e-10 -4.57653e-10 -1.28307e-09 -1.94847e-09 -2.35282e-09 -2.43189e-09 -2.17345e-09 -1.62927e-09 -9.22385e-10 -2.47738e-10 6.42668e-11 3.5437e-10 7.38423e-10 1.08727e-09 1.3036e-09 1.32882e-09 1.14526e-09 7.73821e-10 2.67812e-10 -2.96397e-10 -8.3121e-10 -1.2512e-09 -1.48697e-09 -1.49847e-09 -1.28672e-09 -9.02352e-10 -4.49967e-10 -8.69587e-11 -1.69361e-11 9.82067e-11 3.21959e-10 5.55352e-10 7.21113e-10 7.69864e-10 6.826e-10 4.69313e-10 1.64777e-10 -1.78804e-10 -5.00805e-10 -7.427e-10 -8.58937e-10 -8.26949e-10 -6.56145e-10 -3.93678e-10 -1.2682e-10 1.93571e-11 -6.72575e-11 -6.88831e-11 4.14524e-11 1.89215e-10 3.13953e-10 3.74832e-10 3.53044e-10 2.51218e-10 9.04897e-11 -9.49805e-11 -2.64947e-10 -3.8109e-10 -4.1537e-10 -3.57587e-10 -2.21922e-10 -5.07928e-11 8.42864e-11 8.55109e-11 -9.53996e-11 -1.70644e-10 -1.37947e-10 -5.23301e-11 3.96845e-11 1.04869e-10 1.25557e-10 9.96541e-11 3.84918e-11 -3.69886e-11 -1.01619e-10 -1.31949e-10 -1.125e-10 -4.15317e-11 6.45539e-11 1.68665e-10 2.13098e-10 1.22648e-10 -1.08025e-10 -2.25662e-10 -2.43725e-10 -2.02029e-10 -1.35702e-10 -7.13606e-11 -2.49984e-11 -1.55266e-12 3.49113e-12 1.589e-12 7.0532e-12 3.26175e-11 8.49929e-11 1.60456e-10 2.42086e-10 2.98176e-10 2.82848e-10 1.39372e-10 -1.10092e-10 -2.48132e-10 -2.97302e-10 -2.85618e-10 -2.39123e-10 -1.78814e-10 -1.18729e-10 -6.54075e-11 -1.88047e-11 2.58839e-11 7.53421e-11 1.3485e-10 2.05124e-10 2.79295e-10 3.41011e-10 3.63683e-10 3.11464e-10 1.42363e-10 -1.05382e-10 -2.48786e-10 -3.14952e-10 -3.22858e-10 -2.91421e-10 -2.36945e-10 -1.71475e-10 -1.02203e-10 -3.18799e-11 3.98117e-11 1.14365e-10 1.92087e-10 2.69853e-10 3.39179e-10 3.8495e-10 3.85271e-10 3.12601e-10 1.36514e-10 -9.67054e-11 -2.35681e-10 -3.08945e-10 -3.28787e-10 -3.08579e-10 -2.60764e-10 -1.95473e-10 -1.19874e-10 -3.83809e-11 4.64711e-11 1.328e-10 2.17785e-10 2.96071e-10 3.58564e-10 3.91774e-10 3.77939e-10 2.96273e-10 1.25371e-10 -8.59562e-11 -2.1459e-10 -2.8836e-10 -3.14649e-10 -3.02624e-10 -2.61612e-10 -1.99976e-10 -1.24494e-10 -4.03783e-11 4.81749e-11 1.37249e-10 2.22198e-10 2.96539e-10 3.51294e-10 3.74744e-10 3.52714e-10 2.69822e-10 1.11473e-10 -7.446e-11 -1.89569e-10 -2.59661e-10 -2.88598e-10 -2.82392e-10 -2.47898e-10 -1.91908e-10 -1.20624e-10 -3.94634e-11 4.66077e-11 1.32602e-10 2.12922e-10 2.80715e-10 3.276e-10 3.43596e-10 3.17596e-10 2.3846e-10 9.6633e-11 -6.31797e-11 -1.63451e-10 -2.27398e-10 -2.56441e-10 -2.54255e-10 -2.25775e-10 -1.76401e-10 -1.11613e-10 -3.67089e-11 4.31077e-11 1.22458e-10 1.95452e-10 2.55424e-10 2.948e-10 3.05221e-10 2.78132e-10 2.05667e-10 8.20224e-11 -5.26222e-11 -1.3809e-10 -1.94655e-10 -2.22171e-10 -2.22648e-10 -1.99505e-10 -1.56996e-10 -9.98296e-11 -3.29457e-11 3.85778e-11 1.0941e-10 1.73804e-10 2.25571e-10 2.58059e-10 2.644e-10 2.38078e-10 1.73728e-10 6.83148e-11 -4.30677e-11 -1.14577e-10 -1.63418e-10 -1.88458e-10 -1.90586e-10 -1.72056e-10 -1.36192e-10 -8.69677e-11 -2.87898e-11 3.36177e-11 9.52251e-11 1.5071e-10 1.94466e-10 2.20808e-10 2.24217e-10 1.99778e-10 1.44065e-10 5.59425e-11 -3.47182e-11 -9.34764e-11 -1.34797e-10 -1.56946e-10 -1.59985e-10 -1.45383e-10 -1.15675e-10 -7.41475e-11 -2.4629e-11 2.86336e-11 8.10656e-11 1.27898e-10 1.64227e-10 1.85262e-10 1.86622e-10 1.64736e-10 1.1753e-10 4.50785e-11 -2.75598e-11 -7.50712e-11 -1.09396e-10 -1.2852e-10 -1.31986e-10 -1.20664e-10 -9.64499e-11 -6.20201e-11 -2.06583e-11 2.39294e-11 6.77107e-11 1.06525e-10 1.36199e-10 1.52753e-10 1.5275e-10 1.33677e-10 9.44177e-11 3.57757e-11 -2.15221e-11 -5.9394e-11 -8.7452e-11 -1.03622e-10 -1.07167e-10 -9.85289e-11 -7.90821e-11 -5.09865e-11 -1.69988e-11 1.96944e-11 5.56394e-11 8.72746e-11 1.11117e-10 1.23929e-10 1.23059e-10 1.0678e-10 7.46584e-11 2.79558e-11 -1.65744e-11 -4.62965e-11 -6.88664e-11 -8.22998e-11 -8.56883e-11 -7.91992e-11 -6.3821e-11 -4.1265e-11 -1.37858e-11 1.59374e-11 4.50092e-11 7.04146e-11 8.92749e-11 9.90269e-11 9.76458e-11 8.4024e-11 5.81271e-11 2.14748e-11 -1.25646e-11 -3.55471e-11 -5.34334e-11 -6.43949e-11 -6.75068e-11 -6.27188e-11 -5.07435e-11 -3.28956e-11 -1.10225e-11 1.26855e-11 3.58412e-11 5.5954e-11 7.06825e-11 7.7987e-11 7.63714e-11 6.5147e-11 4.45906e-11 1.62663e-11 -9.34383e-12 -2.68252e-11 -4.08056e-11 -4.96333e-11 -5.24076e-11 -4.89646e-11 -3.97678e-11 -2.58459e-11 -8.67189e-12 9.97524e-12 2.81422e-11 4.38299e-11 5.51502e-11 6.05265e-11 5.88728e-11 4.97777e-11 3.3697e-11 1.21414e-11 -6.82618e-12 -1.99025e-11 -3.06872e-11 -3.7683e-11 -4.00998e-11 -3.76762e-11 -3.07244e-11 -2.00271e-11 -6.72692e-12 7.73861e-12 2.17866e-11 3.38456e-11 4.24075e-11 4.62789e-11 4.46946e-11 3.74249e-11 2.50369e-11 8.86055e-12 -4.90288e-12 -1.45519e-11 -2.27232e-11 -2.81741e-11 -3.02098e-11 -2.8546e-11 -2.33787e-11 -1.52745e-11 -5.12355e-12 5.9307e-12 1.66301e-11 2.57454e-11 3.21307e-11 3.48617e-11 3.34012e-11 2.76751e-11 1.82588e-11 6.31744e-12 -3.44361e-12 -1.04309e-11 -1.64977e-11 -2.06999e-11 -2.23673e-11 -2.12634e-11 -1.7486e-11 -1.14546e-11 -3.8502e-12 4.45776e-12 1.24927e-11 1.92817e-11 2.39648e-11 2.58465e-11 2.45511e-11 2.01369e-11 1.30712e-11 4.43865e-12 -2.35511e-12 -7.30992e-12 -1.17528e-11 -1.49186e-11 -1.62572e-11 -1.55486e-11 -1.28522e-11 -8.4506e-12 -2.86517e-12 3.26303e-12 9.19823e-12 1.41753e-11 1.75468e-11 1.88026e-11 1.76963e-11 1.43348e-11 9.14574e-12 3.05602e-12 -1.56044e-12 -4.99005e-12 -8.16126e-12 -1.04857e-11 -1.15288e-11 -1.11056e-11 -9.22081e-12 -6.0863e-12 -2.0766e-12 2.34123e-12 6.62116e-12 1.0177e-11 1.2526e-11 1.33454e-11 1.24588e-11 9.96333e-12 6.2394e-12 2.02097e-12 -9.94684e-13 -3.27754e-12 -5.47081e-12 -7.11806e-12 -7.91e-12 -7.66921e-12 -6.39259e-12 -4.23401e-12 -1.45431e-12 1.61729e-12 4.58285e-12 7.03044e-12 8.61842e-12 9.13133e-12 8.47521e-12 6.69931e-12 4.13684e-12 1.29366e-12 -6.21368e-13 -2.05591e-12 -3.48893e-12 -4.57366e-12 -5.11871e-12 -4.99628e-12 -4.18465e-12 -2.78432e-12 -9.57778e-13 1.04736e-12 2.95491e-12 4.53738e-12 5.56111e-12 5.859e-12 5.38138e-12 4.19069e-12 2.55187e-12 7.88404e-13 -3.3577e-13 -1.12473e-12 -1.92137e-12 -2.5301e-12 -2.85458e-12 -2.80152e-12 -2.3587e-12 -1.58688e-12 -5.54952e-13 5.77364e-13 1.64626e-12 2.53987e-12 3.1138e-12 3.26543e-12 2.9778e-12 2.28497e-12 1.35152e-12 4.03959e-13 -9.83129e-14 -3.48749e-13 -6.01764e-13 -7.94005e-13 -9.11844e-13 -8.94913e-13 -7.59197e-13 -5.16975e-13 -1.86926e-13 1.79352e-13 5.28347e-13 8.18694e-13 1.00677e-12 1.05389e-12 9.70316e-13 7.38632e-13 4.24845e-13 1.17026e-13 9.83891e-14 3.48823e-13 6.0182e-13 7.94035e-13 9.11843e-13 8.94881e-13 7.59137e-13 5.16896e-13 1.86839e-13 -1.79434e-13 -5.28413e-13 -8.18738e-13 -1.00679e-12 -1.05389e-12 -9.70287e-13 -7.38589e-13 -4.24792e-13 -1.16973e-13 3.35681e-13 1.12463e-12 1.9213e-12 2.53006e-12 2.85458e-12 2.80156e-12 2.35877e-12 1.58697e-12 5.55057e-13 -5.77265e-13 -1.64618e-12 -2.53981e-12 -3.11377e-12 -3.26544e-12 -2.97783e-12 -2.28502e-12 -1.35159e-12 -4.04021e-13 6.21437e-13 2.05599e-12 3.48899e-12 4.57369e-12 5.1187e-12 4.99625e-12 4.18459e-12 2.78424e-12 9.57692e-13 -1.04745e-12 -2.95497e-12 -4.53742e-12 -5.56112e-12 -5.85899e-12 -5.38135e-12 -4.19065e-12 -2.55182e-12 -7.88354e-13 9.94642e-13 3.27749e-12 5.47078e-12 7.11805e-12 7.91e-12 7.66923e-12 6.39263e-12 4.23406e-12 1.45437e-12 -1.61724e-12 -4.58281e-12 -7.03041e-12 -8.61842e-12 -9.13134e-12 -8.47523e-12 -6.69934e-12 -4.13687e-12 -1.29369e-12 1.56045e-12 4.99006e-12 8.16126e-12 1.04857e-11 1.15288e-11 1.11056e-11 9.2208e-12 6.08629e-12 2.07659e-12 -2.34124e-12 -6.62117e-12 -1.0177e-11 -1.2526e-11 -1.33454e-11 -1.24588e-11 -9.96332e-12 -6.23939e-12 -2.02096e-12 2.35514e-12 7.30995e-12 1.17528e-11 1.49187e-11 1.62572e-11 1.55486e-11 1.28521e-11 8.45057e-12 2.86514e-12 -3.26306e-12 -9.19826e-12 -1.41754e-11 -1.75468e-11 -1.88026e-11 -1.76963e-11 -1.43348e-11 -9.14573e-12 -3.05601e-12 3.44354e-12 1.04308e-11 1.64976e-11 2.06998e-11 2.23673e-11 2.12634e-11 1.74861e-11 1.14547e-11 3.85027e-12 -4.45769e-12 -1.24926e-11 -1.92816e-11 -2.39648e-11 -2.58465e-11 -2.45511e-11 -2.01369e-11 -1.30713e-11 -4.43869e-12 4.90298e-12 1.45521e-11 2.27233e-11 2.81741e-11 3.02098e-11 2.8546e-11 2.33786e-11 1.52744e-11 5.12343e-12 -5.93081e-12 -1.66302e-11 -2.57454e-11 -3.21308e-11 -3.48617e-11 -3.34012e-11 -2.76751e-11 -1.82588e-11 -6.31737e-12 6.82606e-12 1.99023e-11 3.06871e-11 3.7683e-11 4.00998e-11 3.76762e-11 3.07246e-11 2.00272e-11 6.72707e-12 -7.73846e-12 -2.17864e-11 -3.38456e-11 -4.24075e-11 -4.62789e-11 -4.46947e-11 -3.7425e-11 -2.5037e-11 -8.86063e-12 9.34398e-12 2.68253e-11 4.08058e-11 4.96334e-11 5.24076e-11 4.89645e-11 3.97676e-11 2.58457e-11 8.67171e-12 -9.97542e-12 -2.81423e-11 -4.383e-11 -5.51502e-11 -6.05265e-11 -5.88728e-11 -4.97776e-11 -3.36969e-11 -1.21413e-11 1.25645e-11 3.55469e-11 5.34333e-11 6.43948e-11 6.75068e-11 6.27189e-11 5.07436e-11 3.28958e-11 1.10227e-11 -1.26854e-11 -3.5841e-11 -5.59539e-11 -7.06824e-11 -7.7987e-11 -7.63715e-11 -6.51471e-11 -4.45908e-11 -1.62664e-11 1.65746e-11 4.62966e-11 6.88665e-11 8.22998e-11 8.56883e-11 7.91991e-11 6.38208e-11 4.12648e-11 1.37856e-11 -1.59375e-11 -4.50093e-11 -7.04147e-11 -8.9275e-11 -9.90269e-11 -9.76457e-11 -8.40239e-11 -5.8127e-11 -2.14747e-11 2.1522e-11 5.93939e-11 8.74519e-11 1.03622e-10 1.07168e-10 9.8529e-11 7.90822e-11 5.09867e-11 1.6999e-11 -1.96942e-11 -5.56392e-11 -8.72745e-11 -1.11117e-10 -1.23929e-10 -1.23059e-10 -1.0678e-10 -7.46585e-11 -2.79559e-11 2.75599e-11 7.50714e-11 1.09396e-10 1.2852e-10 1.31986e-10 1.20664e-10 9.64497e-11 6.20199e-11 2.06581e-11 -2.39296e-11 -6.77109e-11 -1.06525e-10 -1.36199e-10 -1.52753e-10 -1.52749e-10 -1.33676e-10 -9.44176e-11 -3.57756e-11 3.47181e-11 9.34763e-11 1.34797e-10 1.56946e-10 1.59985e-10 1.45383e-10 1.15675e-10 7.41477e-11 2.46292e-11 -2.86334e-11 -8.10655e-11 -1.27898e-10 -1.64227e-10 -1.85262e-10 -1.86622e-10 -1.64736e-10 -1.1753e-10 -4.50786e-11 4.30677e-11 1.14577e-10 1.63418e-10 1.88458e-10 1.90586e-10 1.72056e-10 1.36192e-10 8.69676e-11 2.87897e-11 -3.36178e-11 -9.52252e-11 -1.5071e-10 -1.94466e-10 -2.20808e-10 -2.24217e-10 -1.99778e-10 -1.44065e-10 -5.59424e-11 5.26222e-11 1.3809e-10 1.94655e-10 2.22171e-10 2.22648e-10 1.99505e-10 1.56996e-10 9.98297e-11 3.29457e-11 -3.85778e-11 -1.0941e-10 -1.73804e-10 -2.25571e-10 -2.58059e-10 -2.644e-10 -2.38078e-10 -1.73728e-10 -6.83148e-11 6.31797e-11 1.63451e-10 2.27398e-10 2.56441e-10 2.54255e-10 2.25775e-10 1.76401e-10 1.11613e-10 3.67089e-11 -4.31077e-11 -1.22458e-10 -1.95452e-10 -2.55424e-10 -2.948e-10 -3.05221e-10 -2.78132e-10 -2.05667e-10 -8.20223e-11 7.446e-11 1.8957e-10 2.59661e-10 2.88598e-10 2.82392e-10 2.47898e-10 1.91908e-10 1.20624e-10 3.94634e-11 -4.66078e-11 -1.32602e-10 -2.12922e-10 -2.80715e-10 -3.276e-10 -3.43596e-10 -3.17596e-10 -2.3846e-10 -9.6633e-11 8.59561e-11 2.1459e-10 2.8836e-10 3.14649e-10 3.02624e-10 2.61612e-10 1.99976e-10 1.24494e-10 4.03784e-11 -4.81748e-11 -1.37249e-10 -2.22198e-10 -2.96539e-10 -3.51294e-10 -3.74744e-10 -3.52714e-10 -2.69822e-10 -1.11473e-10 9.67055e-11 2.35681e-10 3.08945e-10 3.28787e-10 3.08579e-10 2.60764e-10 1.95472e-10 1.19874e-10 3.83807e-11 -4.64713e-11 -1.328e-10 -2.17785e-10 -2.96071e-10 -3.58564e-10 -3.91774e-10 -3.77939e-10 -2.96273e-10 -1.25371e-10 1.05382e-10 2.48786e-10 3.14952e-10 3.22858e-10 2.91421e-10 2.36945e-10 1.71475e-10 1.02203e-10 3.18801e-11 -3.98115e-11 -1.14365e-10 -1.92087e-10 -2.69853e-10 -3.39179e-10 -3.8495e-10 -3.85271e-10 -3.12601e-10 -1.36514e-10 1.10092e-10 2.48132e-10 2.97303e-10 2.85618e-10 2.39123e-10 1.78814e-10 1.18729e-10 6.54073e-11 1.88045e-11 -2.58842e-11 -7.53423e-11 -1.3485e-10 -2.05124e-10 -2.79295e-10 -3.4101e-10 -3.63683e-10 -3.11464e-10 -1.42362e-10 1.08025e-10 2.25662e-10 2.43724e-10 2.02029e-10 1.35702e-10 7.13607e-11 2.49986e-11 1.5529e-12 -3.49088e-12 -1.58877e-12 -7.05302e-12 -3.26174e-11 -8.49929e-11 -1.60456e-10 -2.42086e-10 -2.98176e-10 -2.82848e-10 -1.39372e-10 9.53998e-11 1.70644e-10 1.37947e-10 5.23302e-11 -3.96845e-11 -1.04869e-10 -1.25558e-10 -9.96543e-11 -3.84921e-11 3.69884e-11 1.01619e-10 1.31949e-10 1.125e-10 4.15318e-11 -6.45538e-11 -1.68665e-10 -2.13098e-10 -1.22647e-10 6.72574e-11 6.8883e-11 -4.14525e-11 -1.89215e-10 -3.13953e-10 -3.74832e-10 -3.53043e-10 -2.51218e-10 -9.04895e-11 9.49808e-11 2.64947e-10 3.8109e-10 4.1537e-10 3.57587e-10 2.21922e-10 5.07927e-11 -8.42865e-11 -8.55111e-11 1.69362e-11 -9.82066e-11 -3.21959e-10 -5.55352e-10 -7.21113e-10 -7.69865e-10 -6.826e-10 -4.69313e-10 -1.64777e-10 1.78804e-10 5.00805e-10 7.427e-10 8.58937e-10 8.26949e-10 6.56145e-10 3.93678e-10 1.2682e-10 -1.93569e-11 -6.42669e-11 -3.5437e-10 -7.38423e-10 -1.08727e-09 -1.3036e-09 -1.32882e-09 -1.14526e-09 -7.73821e-10 -2.67812e-10 2.96397e-10 8.3121e-10 1.2512e-09 1.48697e-09 1.49847e-09 1.28672e-09 9.02352e-10 4.49966e-10 8.69585e-11 -1.87333e-10 -7.29574e-10 -1.33442e-09 -1.83595e-09 -2.11353e-09 -2.09908e-09 -1.77863e-09 -1.18857e-09 -4.0714e-10 4.57653e-10 1.28307e-09 1.94847e-09 2.35282e-09 2.43189e-09 2.17345e-09 1.62927e-09 9.22385e-10 2.47738e-10 -3.66117e-10 -1.26104e-09 -2.16344e-09 -2.86341e-09 -3.21377e-09 -3.13733e-09 -2.62736e-09 -1.74167e-09 -5.91397e-10 6.74624e-10 1.88859e-09 2.8846e-09 3.52046e-09 3.69925e-09 3.38892e-09 2.63869e-09 1.59013e-09 4.80711e-10 -6.17839e-10 -1.99438e-09 -3.29026e-09 -4.24397e-09 -4.6789e-09 -4.51021e-09 -3.74342e-09 -2.46551e-09 -8.30205e-10 9.61758e-10 2.6857e-09 4.11846e-09 5.06513e-09 5.38559e-09 5.01949e-09 4.00783e-09 2.5092e-09 8.07747e-10 -9.63505e-10 -2.98464e-09 -4.7921e-09 -6.06505e-09 -6.59561e-09 -6.29433e-09 -5.18587e-09 -3.39626e-09 -1.1336e-09 1.33635e-09 3.71823e-09 5.71768e-09 7.0734e-09 7.58933e-09 7.16577e-09 5.82742e-09 3.74613e-09 1.25524e-09 -1.42841e-09 -4.29704e-09 -6.75914e-09 -8.42736e-09 -9.06234e-09 -8.57541e-09 -7.01977e-09 -4.57286e-09 -1.51133e-09 1.81883e-09 5.03583e-09 7.75819e-09 9.64243e-09 1.04214e-08 9.94215e-09 8.20181e-09 5.37855e-09 1.85444e-09 -2.04253e-09 -6.0075e-09 -9.29445e-09 -1.1444e-08 -1.21876e-08 -1.14461e-08 -9.31392e-09 -6.03519e-09 -1.97178e-09 2.43286e-09 6.693e-09 1.03224e-08 1.28777e-08 1.40029e-08 1.34749e-08 1.12478e-08 7.49474e-09 2.64153e-09 -2.84064e-09 -8.20246e-09 -1.2513e-08 -1.5238e-08 -1.60867e-08 -1.50021e-08 -1.21371e-08 -7.82094e-09 -2.52001e-09 3.2057e-09 8.7478e-09 1.34964e-08 1.68889e-08 1.84607e-08 1.78978e-08 1.50915e-08 1.01919e-08 3.65727e-09 -3.86233e-09 -1.09778e-08 -1.65384e-08 -1.99379e-08 -2.08755e-08 -1.93357e-08 -1.55518e-08 -9.96092e-09 -3.15532e-09 4.16817e-09 1.12591e-08 1.73648e-08 2.17835e-08 2.39198e-08 2.33451e-08 1.98622e-08 1.35727e-08 4.94599e-09 -5.15152e-09 -1.44362e-08 -2.14983e-08 -2.56693e-08 -2.66608e-08 -2.45256e-08 -1.96057e-08 -1.24726e-08 -3.86792e-09 5.35411e-09 1.42824e-08 2.20032e-08 2.76557e-08 3.04914e-08 2.99399e-08 2.5683e-08 1.77389e-08 6.55344e-09 -6.75533e-09 -1.86826e-08 -2.75144e-08 -3.2543e-08 -3.35257e-08 -3.06223e-08 -2.43186e-08 -1.5351e-08 -4.63469e-09 6.7995e-09 1.78635e-08 2.7467e-08 3.45726e-08 3.82563e-08 3.77764e-08 3.26557e-08 2.27815e-08 8.52357e-09 -8.72186e-09 -2.38162e-08 -3.46893e-08 -4.0635e-08 -4.15085e-08 -3.76273e-08 -2.96655e-08 -1.85572e-08 -5.41441e-09 8.54014e-09 2.20299e-08 3.37767e-08 4.25534e-08 4.72407e-08 4.68961e-08 4.08391e-08 2.87653e-08 1.08931e-08 -1.10968e-08 -2.99181e-08 -4.30846e-08 -4.99596e-08 -5.05719e-08 -4.54656e-08 -3.55548e-08 -2.20051e-08 -6.14333e-09 1.06072e-08 2.67774e-08 4.08975e-08 5.15428e-08 5.73849e-08 5.72531e-08 5.02171e-08 3.57061e-08 1.36829e-08 -1.39181e-08 -3.70328e-08 -5.26895e-08 -6.0428e-08 -6.05608e-08 -5.39475e-08 -4.18008e-08 -2.55459e-08 -6.73245e-09 1.30189e-08 3.2053e-08 4.87133e-08 6.13782e-08 6.85031e-08 6.86704e-08 6.06558e-08 4.35376e-08 1.68849e-08 -1.72076e-08 -4.51402e-08 -6.33733e-08 -7.17903e-08 -7.11441e-08 -6.27221e-08 -4.80928e-08 -2.89551e-08 -7.06989e-09 1.57657e-08 3.77304e-08 5.6995e-08 7.17495e-08 8.02359e-08 8.07835e-08 7.18448e-08 5.20635e-08 2.04433e-08 -2.09591e-08 -5.41141e-08 -7.48162e-08 -8.35518e-08 -8.1737e-08 -7.12197e-08 -5.39644e-08 -3.19254e-08 -7.03213e-09 1.87853e-08 4.35748e-08 6.53592e-08 8.21535e-08 9.19961e-08 9.29749e-08 8.32215e-08 6.08893e-08 2.42237e-08 -2.51229e-08 -6.3661e-08 -8.64023e-08 -9.48499e-08 -9.13992e-08 -7.85906e-08 -5.87711e-08 -3.40725e-08 -6.50998e-09 2.19227e-08 4.91952e-08 7.32165e-08 9.1843e-08 1.02917e-07 1.04307e-07 9.38794e-08 6.93246e-08 2.79653e-08 -2.95886e-08 -7.32271e-08 -9.70478e-08 -1.04273e-07 -9.87139e-08 -8.36588e-08 -6.16933e-08 -3.49638e-08 -5.45084e-09 2.48747e-08 5.39742e-08 7.96962e-08 9.97611e-08 1.11804e-07 1.13474e-07 1.02475e-07 7.62463e-08 3.12002e-08 -3.41798e-08 -8.18415e-08 -1.04893e-07 -1.09603e-07 -1.01688e-07 -8.49374e-08 -6.17878e-08 -3.41676e-08 -3.91153e-09 2.71218e-08 5.69763e-08 8.35292e-08 1.04429e-07 1.17077e-07 1.18804e-07 1.07191e-07 7.99224e-08 3.31038e-08 -3.87287e-08 -8.77552e-08 -1.06695e-07 -1.07514e-07 -9.78283e-08 -8.07931e-08 -5.80775e-08 -3.13037e-08 -2.10148e-09 2.78649e-08 5.68397e-08 8.28756e-08 1.03703e-07 1.16598e-07 1.18325e-07 1.05914e-07 7.78885e-08 3.2186e-08 -4.3401e-08 -8.72997e-08 -9.6576e-08 -9.38048e-08 -8.48005e-08 -6.96659e-08 -4.961e-08 -2.60461e-08 -3.87009e-10 2.59949e-08 5.16906e-08 7.51276e-08 9.43959e-08 1.06992e-07 1.09494e-07 9.70026e-08 6.73714e-08 2.56344e-08 -4.97482e-08 -6.9067e-08 -6.64228e-08 -6.65414e-08 -6.09109e-08 -5.00639e-08 -3.53406e-08 -1.80414e-08 7.57238e-10 2.01186e-08 3.91354e-08 5.68088e-08 7.18977e-08 8.26965e-08 8.6578e-08 7.91317e-08 4.95303e-08 8.0437e-09 -4.47864e-08 -1.38268e-08 -2.30504e-08 -2.59004e-08 -2.42759e-08 -1.98827e-08 -1.38322e-08 -6.78484e-09 8.18882e-10 8.64358e-09 1.63872e-08 2.37262e-08 3.02596e-08 3.54345e-08 3.84415e-08 3.78738e-08 3.08181e-08 -1.53735e-08 
Eps_intensity 1 1800 float
4.79901e-06 4.12898e-06 3.57029e-06 3.01442e-06 2.46925e-06 1.93425e-06 1.41516e-06 9.329e-07 5.8228e-07 6.38907e-07 1.03939e-06 1.53625e-06 2.06214e-06 2.60014e-06 3.14348e-06 3.68876e-06 4.22608e-06 4.81344e-06 4.74625e-06 4.11338e-06 3.53668e-06 2.97934e-06 2.42694e-06 1.88183e-06 1.34902e-06 8.47253e-07 4.78468e-07 5.90691e-07 1.03692e-06 1.55117e-06 2.08321e-06 2.62154e-06 3.16206e-06 3.70228e-06 4.24942e-06 4.81851e-06 4.69466e-06 4.10134e-06 3.52277e-06 2.96003e-06 2.40429e-06 1.85382e-06 1.31267e-06 7.96646e-07 4.07277e-07 5.58174e-07 1.03288e-06 1.55797e-06 2.09499e-06 2.63616e-06 3.17964e-06 3.72737e-06 4.28535e-06 4.85092e-06 4.64265e-06 4.07996e-06 3.51394e-06 2.95244e-06 2.39557e-06 1.84282e-06 1.29712e-06 7.71524e-07 3.61275e-07 5.32733e-07 1.02486e-06 1.55754e-06 2.09962e-06 2.64578e-06 3.19599e-06 3.75285e-06 4.31916e-06 4.89366e-06 4.59434e-06 4.05496e-06 3.50399e-06 2.94956e-06 2.39524e-06 1.84284e-06 1.2954e-06 7.64029e-07 3.3474e-07 5.10425e-07 1.01307e-06 1.55162e-06 2.09898e-06 2.65128e-06 3.20916e-06 3.77494e-06 4.35117e-06 4.93998e-06 4.55118e-06 4.02998e-06 3.4932e-06 2.94801e-06 2.399e-06 1.84923e-06 1.30225e-06 7.68005e-07 3.22982e-07 4.8993e-07 9.98611e-07 1.54197e-06 2.0946e-06 2.65334e-06 3.21902e-06 3.79397e-06 4.38131e-06 4.9853e-06 4.51367e-06 4.00677e-06 3.48243e-06 2.94678e-06 2.40438e-06 1.85879e-06 1.31386e-06 7.78865e-07 3.21927e-07 4.71142e-07 9.8277e-07 1.53011e-06 2.0878e-06 2.65289e-06 3.22631e-06 3.8105e-06 4.40905e-06 5.02709e-06 4.48179e-06 3.98609e-06 3.47234e-06 2.94563e-06 2.41018e-06 1.86954e-06 1.32766e-06 7.93365e-07 3.28059e-07 4.54359e-07 9.66675e-07 1.51731e-06 2.07972e-06 2.6509e-06 3.23179e-06 3.82488e-06 4.43392e-06 5.06411e-06 4.45519e-06 3.9682e-06 3.46327e-06 2.94457e-06 2.41579e-06 1.88031e-06 1.34199e-06 8.09306e-07 3.38517e-07 4.39887e-07 9.51204e-07 1.50452e-06 2.07124e-06 2.64812e-06 3.236e-06 3.83731e-06 4.45568e-06 5.09595e-06 4.43335e-06 3.95308e-06 3.45537e-06 2.94361e-06 2.42095e-06 1.89046e-06 1.35583e-06 8.25263e-07 3.51142e-07 4.27871e-07 9.36959e-07 1.49243e-06 2.063e-06 2.64507e-06 3.2393e-06 3.84795e-06 4.47432e-06 5.12269e-06 4.4157e-06 3.94053e-06 3.44866e-06 2.94278e-06 2.42553e-06 1.89965e-06 1.36861e-06 8.40358e-07 3.64417e-07 4.18263e-07 9.24289e-07 1.48145e-06 2.0554e-06 2.64209e-06 3.24194e-06 3.85694e-06 4.48997e-06 5.14469e-06 4.40165e-06 3.93029e-06 3.44307e-06 2.94208e-06 2.42951e-06 1.90774e-06 1.38002e-06 8.54095e-07 3.77345e-07 4.10856e-07 9.13338e-07 1.47179e-06 2.04865e-06 2.63936e-06 3.24407e-06 3.86441e-06 4.50288e-06 5.16247e-06 4.39061e-06 3.92206e-06 3.4385e-06 2.94151e-06 2.43289e-06 1.9147e-06 1.38996e-06 8.66235e-07 3.89323e-07 4.05346e-07 9.04097e-07 1.46351e-06 2.04283e-06 2.63698e-06 3.24577e-06 3.87055e-06 4.51334e-06 5.17659e-06 4.38207e-06 3.91556e-06 3.43482e-06 2.94107e-06 2.43573e-06 1.92058e-06 1.39844e-06 8.76715e-07 4.00032e-07 4.01392e-07 8.96461e-07 1.45657e-06 2.03794e-06 2.63495e-06 3.24714e-06 3.8755e-06 4.52168e-06 5.18762e-06 4.37557e-06 3.91048e-06 3.43191e-06 2.94072e-06 2.43806e-06 1.92546e-06 1.40554e-06 8.85581e-07 4.09344e-07 3.9866e-07 8.90268e-07 1.45087e-06 2.03391e-06 2.63328e-06 3.24823e-06 3.87944e-06 4.52822e-06 5.19607e-06 4.3707e-06 3.90659e-06 3.42964e-06 2.94046e-06 2.43996e-06 1.92944e-06 1.41139e-06 8.9295e-07 4.1726e-07 3.96853e-07 8.85329e-07 1.44627e-06 2.03065e-06 2.63193e-06 3.24908e-06 3.88253e-06 4.53327e-06 5.20244e-06 4.36713e-06 3.90366e-06 3.4279e-06 2.94027e-06 2.44148e-06 1.93265e-06 1.41613e-06 8.98975e-07 4.2386e-07 3.95723e-07 8.81454e-07 1.44261e-06 2.02806e-06 2.63085e-06 3.24974e-06 3.88491e-06 4.53709e-06 5.20713e-06 4.36457e-06 3.90149e-06 3.42659e-06 2.94014e-06 2.44268e-06 1.9352e-06 1.41991e-06 9.03825e-07 4.29265e-07 3.95072e-07 8.78462e-07 1.43975e-06 2.02603e-06 2.63001e-06 3.25024e-06 3.88672e-06 4.53993e-06 5.21051e-06 4.36278e-06 3.89991e-06 3.42562e-06 2.94004e-06 2.44361e-06 1.93718e-06 1.42289e-06 9.07669e-07 4.33621e-07 3.94749e-07 8.7619e-07 1.43755e-06 2.02447e-06 2.62937e-06 3.25062e-06 3.88806e-06 4.54199e-06 5.21287e-06 4.36159e-06 3.8988e-06 3.42491e-06 2.93998e-06 2.44432e-06 1.93871e-06 1.42519e-06 9.10669e-07 4.37077e-07 3.94643e-07 8.74495e-07 1.43589e-06 2.0233e-06 2.62888e-06 3.25089e-06 3.88903e-06 4.54345e-06 5.21447e-06 4.36082e-06 3.89804e-06 3.42442e-06 2.93994e-06 2.44486e-06 1.93987e-06 1.42695e-06 9.12973e-07 4.39774e-07 3.94673e-07 8.73256e-07 1.43466e-06 2.02242e-06 2.62853e-06 3.25109e-06 3.88971e-06 4.54445e-06 5.21548e-06 4.36038e-06 3.89755e-06 3.42408e-06 2.93992e-06 2.44525e-06 1.94072e-06 1.42826e-06 9.14712e-07 4.41846e-07 3.94782e-07 8.72371e-07 1.43377e-06 2.02179e-06 2.62827e-06 3.25123e-06 3.89018e-06 4.5451e-06 5.21608e-06 4.36015e-06 3.89725e-06 3.42387e-06 2.93991e-06 2.44554e-06 1.94134e-06 1.42922e-06 9.16e-07 4.4341e-07 3.94931e-07 8.71757e-07 1.43314e-06 2.02134e-06 2.62808e-06 3.25132e-06 3.89049e-06 4.54549e-06 5.21638e-06 4.36008e-06 3.89709e-06 3.42373e-06 2.93991e-06 2.44574e-06 1.94178e-06 1.42991e-06 9.16932e-07 4.44568e-07 3.95096e-07 8.71347e-07 1.43271e-06 2.02104e-06 2.62796e-06 3.25138e-06 3.89067e-06 4.54571e-06 5.21648e-06 4.36011e-06 3.89702e-06 3.42366e-06 2.93992e-06 2.44587e-06 1.94208e-06 1.43039e-06 9.17589e-07 4.45407e-07 3.95261e-07 8.71088e-07 1.43243e-06 2.02084e-06 2.62788e-06 3.25141e-06 3.89077e-06 4.54579e-06 5.21644e-06 4.36021e-06 3.89702e-06 3.42364e-06 2.93993e-06 2.44596e-06 1.94228e-06 1.4307e-06 9.18036e-07 4.45997e-07 3.95415e-07 8.70939e-07 1.43225e-06 2.02072e-06 2.62783e-06 3.25142e-06 3.89081e-06 4.54579e-06 5.21631e-06 4.36033e-06 3.89706e-06 3.42364e-06 2.93993e-06 2.44601e-06 1.9424e-06 1.4309e-06 9.18326e-07 4.46399e-07 3.95555e-07 8.70866e-07 1.43216e-06 2.02065e-06 2.62781e-06 3.25143e-06 3.89081e-06 4.54574e-06 5.21615e-06 4.36048e-06 3.89712e-06 3.42366e-06 2.93994e-06 2.44604e-06 1.94246e-06 1.43102e-06 9.18502e-07 4.46661e-07 3.95676e-07 8.70846e-07 1.43212e-06 2.02062e-06 2.6278e-06 3.25142e-06 3.89079e-06 4.54566e-06 5.21596e-06 4.36062e-06 3.8972e-06 3.42369e-06 2.93995e-06 2.44605e-06 1.94249e-06 1.43107e-06 9.18595e-07 4.46819e-07 3.9578e-07 8.7086e-07 1.43212e-06 2.02062e-06 2.6278e-06 3.25141e-06 3.89075e-06 4.54556e-06 5.21577e-06 4.36076e-06 3.89727e-06 3.42372e-06 2.93996e-06 2.44605e-06 1.94249e-06 1.43109e-06 9.18632e-07 4.46903e-07 3.95867e-07 8.70895e-07 1.43214e-06 2.02064e-06 2.6278e-06 3.2514e-06 3.8907e-06 4.54546e-06 5.21559e-06 4.36088e-06 3.89735e-06 3.42376e-06 2.93997e-06 2.44604e-06 1.94247e-06 1.43107e-06 9.1863e-07 4.46935e-07 3.95938e-07 8.70941e-07 1.43218e-06 2.02066e-06 2.62781e-06 3.25139e-06 3.89065e-06 4.54536e-06 5.21543e-06 4.36099e-06 3.89742e-06 3.42379e-06 2.93997e-06 2.44602e-06 1.94245e-06 1.43104e-06 9.18605e-07 4.46934e-07 3.95996e-07 8.70991e-07 1.43222e-06 2.02069e-06 2.62783e-06 3.25138e-06 3.8906e-06 4.54526e-06 5.21528e-06 4.36109e-06 3.89748e-06 3.42382e-06 2.93998e-06 2.44601e-06 1.94242e-06 1.43101e-06 9.18565e-07 4.46911e-07 3.96042e-07 8.71042e-07 1.43226e-06 2.02073e-06 2.62784e-06 3.25136e-06 3.89056e-06 4.54518e-06 5.21515e-06 4.36117e-06 3.89754e-06 3.42385e-06 2.93998e-06 2.44599e-06 1.94239e-06 1.43097e-06 9.1852e-07 4.46876e-07 3.96078e-07 8.71091e-07 1.4323e-06 2.02076e-06 2.62785e-06 3.25135e-06 3.89052e-06 4.54511e-06 5.21505e-06 4.36123e-06 3.89758e-06 3.42388e-06 2.93999e-06 2.44598e-06 1.94236e-06 1.43092e-06 9.18472e-07 4.46835e-07 3.96106e-07 8.71134e-07 1.43234e-06 2.02078e-06 2.62787e-06 3.25134e-06 3.89049e-06 4.54505e-06 5.21496e-06 4.36129e-06 3.89762e-06 3.4239e-06 2.93999e-06 2.44597e-06 1.94233e-06 1.43089e-06 9.18426e-07 4.46792e-07 3.96127e-07 8.71173e-07 1.43238e-06 2.02081e-06 2.62788e-06 3.25134e-06 3.89046e-06 4.54499e-06 5.21488e-06 4.36133e-06 3.89765e-06 3.42391e-06 2.93999e-06 2.44595e-06 1.94231e-06 1.43085e-06 9.18384e-07 4.46751e-07 3.96142e-07 8.71207e-07 1.43241e-06 2.02083e-06 2.62789e-06 3.25133e-06 3.89043e-06 4.54495e-06 5.21483e-06 4.36137e-06 3.89768e-06 3.42393e-06 2.93999e-06 2.44594e-06 1.94229e-06 1.43082e-06 9.18346e-07 4.46713e-07 3.96154e-07 8.71235e-07 1.43244e-06 2.02085e-06 2.62789e-06 3.25132e-06 3.89041e-06 4.54492e-06 5.21478e-06 4.36139e-06 3.8977e-06 3.42394e-06 2.94e-06 2.44593e-06 1.94227e-06 1.43079e-06 9.18313e-07 4.46678e-07 3.96162e-07 8.71258e-07 1.43246e-06 2.02087e-06 2.6279e-06 3.25132e-06 3.8904e-06 4.54489e-06 5.21474e-06 4.36142e-06 3.89772e-06 3.42395e-06 2.94e-06 2.44593e-06 1.94225e-06 1.43077e-06 9.18285e-07 4.46649e-07 3.96168e-07 8.71278e-07 1.43248e-06 2.02088e-06 2.62791e-06 3.25132e-06 3.89038e-06 4.54487e-06 5.21472e-06 4.36143e-06 3.89773e-06 3.42396e-06 2.94e-06 2.44592e-06 1.94224e-06 1.43075e-06 9.18261e-07 4.46623e-07 3.96171e-07 8.71293e-07 1.43249e-06 2.02089e-06 2.62791e-06 3.25131e-06 3.89037e-06 4.54485e-06 5.21469e-06 4.36144e-06 3.89774e-06 3.42396e-06 2.94e-06 2.44592e-06 1.94223e-06 1.43074e-06 9.18242e-07 4.46602e-07 3.96174e-07 8.71305e-07 1.4325e-06 2.0209e-06 2.62791e-06 3.25131e-06 3.89037e-06 4.54484e-06 5.21468e-06 4.36145e-06 3.89775e-06 3.42397e-06 2.94e-06 2.44591e-06 1.94222e-06 1.43072e-06 9.18226e-07 4.46585e-07 3.96175e-07 8.71315e-07 1.43251e-06 2.0209e-06 2.62792e-06 3.25131e-06 3.89036e-06 4.54483e-06 5.21467e-06 4.36146e-06 3.89775e-06 3.42397e-06 2.94e-06 2.44591e-06 1.94221e-06 1.43071e-06 9.18214e-07 4.46571e-07 3.96176e-07 8.71322e-07 1.43252e-06 2.02091e-06 2.62792e-06 3.25131e-06 3.89036e-06 4.54482e-06 5.21466e-06 4.36146e-06 3.89775e-06 3.42397e-06 2.94e-06 2.44591e-06 1.94221e-06 1.43071e-06 9.18204e-07 4.4656e-07 3.96176e-07 8.71328e-07 1.43252e-06 2.02091e-06 2.62792e-06 3.25131e-06 3.89035e-06 4.54482e-06 5.21465e-06 4.36147e-06 3.89776e-06 3.42397e-06 2.94e-06 2.44591e-06 1.94221e-06 1.4307e-06 9.18196e-07 4.46551e-07 3.96176e-07 8.71332e-07 1.43253e-06 2.02092e-06 2.62792e-06 3.25131e-06 3.89035e-06 4.54481e-06 5.21465e-06 4.36147e-06 3.89776e-06 3.42398e-06 2.94e-06 2.4459e-06 1.9422e-06 1.4307e-06 9.18191e-07 4.46545e-07 3.96176e-07 8.71335e-07 1.43253e-06 2.02092e-06 2.62792e-06 3.25131e-06 3.89035e-06 4.54481e-06 5.21465e-06 4.36147e-06 3.89776e-06 3.42398e-06 2.94e-06 2.4459e-06 1.9422e-06 1.43069e-06 9.18187e-07 4.4654e-07 3.96176e-07 8.71337e-07 1.43253e-06 2.02092e-06 2.62792e-06 3.25131e-06 3.89035e-06 4.54481e-06 5.21465e-06 4.36147e-06 3.89776e-06 3.42398e-06 2.94e-06 2.4459e-06 1.9422e-06 1.43069e-06 9.18185e-07 4.46537e-07 3.96176e-07 8.71338e-07 1.43253e-06 2.02092e-06 2.62792e-06 3.25131e-06 3.89035e-06 4.54481e-06 5.21464e-06 4.36147e-06 3.89776e-06 3.42398e-06 2.94e-06 2.4459e-06 1.9422e-06 1.43069e-06 9.18183e-07 4.46536e-07 3.96176e-07 8.71338e-07 1.43253e-06 2.02092e-06 2.62792e-06 3.25131e-06 3.89035e-06 4.54481e-06 5.21464e-06 4.36147e-06 3.89776e-06 3.42398e-06 2.94e-06 2.4459e-06 1.9422e-06 1.43069e-06 9.18183e-07 4.46536e-07 3.96176e-07 8.71338e-07 1.43253e-06 2.02092e-06 2.62792e-06 3.25131e-06 3.89035e-06 4.54481e-06 5.21464e-06 4.36147e-06 3.89776e-06 3.42398e-06 2.94e-06 2.4459e-06 1.9422e-06 1.43069e-06 9.18185e-07 4.46537e-07 3.96176e-07 8.71338e-07 1.43253e-06 2.02092e-06 2.62792e-06 3.25131e-06 3.89035e-06 4.54481e-06 5.21464e-06 4.36147e-06 3.89776e-06 3.42398e-06 2.94e-06 2.4459e-06 1.9422e-06 1.43069e-06 9.18187e-07 4.4654e-07 3.96176e-07 8.71337e-07 1.43253e-06 2.02092e-06 2.62792e-06 3.25131e-06 3.89035e-06 4.54481e-06 5.21465e-06 4.36147e-06 3.89776e-06 3.42398e-06 2.94e-06 2.4459e-06 1.9422e-06 1.4307e-06 9.18191e-07 4.46545e-07 3.96176e-07 8.71335e-07 1.43253e-06 2.02092e-06 2.62792e-06 3.25131e-06 3.89035e-06 4.54481e-06 5.21465e-06 4.36147e-06 3.89776e-06 3.42397e-06 2.94e-06 2.44591e-06 1.94221e-06 1.4307e-06 9.18196e-07 4.46551e-07 3.96176e-07 8.71332e-07 1.43253e-06 2.02092e-06 2.62792e-06 3.25131e-06 3.89035e-06 4.54481e-06 5.21465e-06 4.36146e-06 3.89775e-06 3.42397e-06 2.94e-06 2.44591e-06 1.94221e-06 1.43071e-06 9.18204e-07 4.4656e-07 3.96176e-07 8.71328e-07 1.43252e-06 2.02091e-06 2.62792e-06 3.25131e-06 3.89035e-06 4.54482e-06 5.21465e-06 4.36146e-06 3.89775e-06 3.42397e-06 2.94e-06 2.44591e-06 1.94221e-06 1.43071e-06 9.18214e-07 4.46571e-07 3.96176e-07 8.71322e-07 1.43252e-06 2.02091e-06 2.62792e-06 3.25131e-06 3.89036e-06 4.54482e-06 5.21466e-06 4.36145e-06 3.89775e-06 3.42397e-06 2.94e-06 2.44591e-06 1.94222e-06 1.43072e-06 9.18226e-07 4.46585e-07 3.96175e-07 8.71315e-07 1.43251e-06 2.0209e-06 2.62792e-06 3.25131e-06 3.89036e-06 4.54483e-06 5.21467e-06 4.36144e-06 3.89774e-06 3.42396e-06 2.94e-06 2.44592e-06 1.94223e-06 1.43074e-06 9.18242e-07 4.46602e-07 3.96174e-07 8.71305e-07 1.4325e-06 2.0209e-06 2.62791e-06 3.25131e-06 3.89037e-06 4.54484e-06 5.21468e-06 4.36143e-06 3.89773e-06 3.42396e-06 2.94e-06 2.44592e-06 1.94224e-06 1.43075e-06 9.18261e-07 4.46623e-07 3.96171e-07 8.71293e-07 1.43249e-06 2.02089e-06 2.62791e-06 3.25131e-06 3.89037e-06 4.54485e-06 5.21469e-06 4.36142e-06 3.89772e-06 3.42395e-06 2.94e-06 2.44593e-06 1.94225e-06 1.43077e-06 9.18285e-07 4.46649e-07 3.96168e-07 8.71278e-07 1.43248e-06 2.02088e-06 2.62791e-06 3.25132e-06 3.89038e-06 4.54487e-06 5.21472e-06 4.36139e-06 3.8977e-06 3.42394e-06 2.94e-06 2.44593e-06 1.94227e-06 1.43079e-06 9.18313e-07 4.46678e-07 3.96162e-07 8.71258e-07 1.43246e-06 2.02087e-06 2.6279e-06 3.25132e-06 3.8904e-06 4.54489e-06 5.21474e-06 4.36137e-06 3.89768e-06 3.42393e-06 2.93999e-06 2.44594e-06 1.94229e-06 1.43082e-06 9.18346e-07 4.46713e-07 3.96154e-07 8.71235e-07 1.43244e-06 2.02085e-06 2.62789e-06 3.25132e-06 3.89041e-06 4.54492e-06 5.21478e-06 4.36133e-06 3.89765e-06 3.42391e-06 2.93999e-06 2.44595e-06 1.94231e-06 1.43085e-06 9.18384e-07 4.46751e-07 3.96142e-07 8.71207e-07 1.43241e-06 2.02083e-06 2.62789e-06 3.25133e-06 3.89043e-06 4.54495e-06 5.21483e-06 4.36129e-06 3.89762e-06 3.4239e-06 2.93999e-06 2.44597e-06 1.94233e-06 1.43089e-06 9.18426e-07 4.46792e-07 3.96127e-07 8.71173e-07 1.43238e-06 2.02081e-06 2.62788e-06 3.25134e-06 3.89046e-06 4.54499e-06 5.21488e-06 4.36123e-06 3.89758e-06 3.42388e-06 2.93999e-06 2.44598e-06 1.94236e-06 1.43093e-06 9.18472e-07 4.46835e-07 3.96106e-07 8.71134e-07 1.43234e-06 2.02078e-06 2.62787e-06 3.25134e-06 3.89049e-06 4.54505e-06 5.21496e-06 4.36117e-06 3.89754e-06 3.42385e-06 2.93998e-06 2.44599e-06 1.94239e-06 1.43097e-06 9.1852e-07 4.46876e-07 3.96078e-07 8.71091e-07 1.4323e-06 2.02076e-06 2.62785e-06 3.25135e-06 3.89052e-06 4.54511e-06 5.21505e-06 4.36109e-06 3.89748e-06 3.42382e-06 2.93998e-06 2.44601e-06 1.94242e-06 1.43101e-06 9.18565e-07 4.46911e-07 3.96042e-07 8.71042e-07 1.43226e-06 2.02073e-06 2.62784e-06 3.25136e-06 3.89056e-06 4.54518e-06 5.21515e-06 4.36099e-06 3.89742e-06 3.42379e-06 2.93997e-06 2.44602e-06 1.94245e-06 1.43104e-06 9.18605e-07 4.46934e-07 3.95996e-07 8.70991e-07 1.43222e-06 2.02069e-06 2.62783e-06 3.25138e-06 3.8906e-06 4.54526e-06 5.21528e-06 4.36088e-06 3.89735e-06 3.42376e-06 2.93997e-06 2.44604e-06 1.94247e-06 1.43107e-06 9.1863e-07 4.46935e-07 3.95938e-07 8.70941e-07 1.43218e-06 2.02066e-06 2.62781e-06 3.25139e-06 3.89065e-06 4.54536e-06 5.21543e-06 4.36076e-06 3.89727e-06 3.42372e-06 2.93996e-06 2.44605e-06 1.94249e-06 1.43109e-06 9.18632e-07 4.46903e-07 3.95867e-07 8.70895e-07 1.43214e-06 2.02064e-06 2.6278e-06 3.2514e-06 3.8907e-06 4.54546e-06 5.21559e-06 4.36062e-06 3.8972e-06 3.42369e-06 2.93995e-06 2.44605e-06 1.94249e-06 1.43107e-06 9.18595e-07 4.46819e-07 3.9578e-07 8.7086e-07 1.43212e-06 2.02062e-06 2.6278e-06 3.25141e-06 3.89075e-06 4.54556e-06 5.21577e-06 4.36048e-06 3.89712e-06 3.42366e-06 2.93994e-06 2.44604e-06 1.94246e-06 1.43102e-06 9.18502e-07 4.46661e-07 3.95676e-07 8.70846e-07 1.43212e-06 2.02062e-06 2.6278e-06 3.25142e-06 3.89079e-06 4.54566e-06 5.21596e-06 4.36033e-06 3.89706e-06 3.42364e-06 2.93993e-06 2.44601e-06 1.9424e-06 1.4309e-06 9.18326e-07 4.46399e-07 3.95555e-07 8.70866e-07 1.43216e-06 2.02065e-06 2.62781e-06 3.25143e-06 3.89081e-06 4.54574e-06 5.21615e-06 4.36021e-06 3.89702e-06 3.42364e-06 2.93993e-06 2.44596e-06 1.94228e-06 1.4307e-06 9.18036e-07 4.45997e-07 3.95415e-07 8.70938e-07 1.43225e-06 2.02072e-06 2.62783e-06 3.25142e-06 3.89081e-06 4.54579e-06 5.21631e-06 4.36011e-06 3.89702e-06 3.42366e-06 2.93992e-06 2.44587e-06 1.94208e-06 1.43039e-06 9.17589e-07 4.45406e-07 3.95261e-07 8.71088e-07 1.43243e-06 2.02084e-06 2.62788e-06 3.25141e-06 3.89077e-06 4.54579e-06 5.21644e-06 4.36008e-06 3.89709e-06 3.42373e-06 2.93991e-06 2.44574e-06 1.94178e-06 1.42991e-06 9.16932e-07 4.44568e-07 3.95096e-07 8.71347e-07 1.43271e-06 2.02104e-06 2.62796e-06 3.25138e-06 3.89067e-06 4.54571e-06 5.21648e-06 4.36015e-06 3.89725e-06 3.42387e-06 2.93991e-06 2.44554e-06 1.94134e-06 1.42922e-06 9.16e-07 4.4341e-07 3.94931e-07 8.71757e-07 1.43314e-06 2.02134e-06 2.62808e-06 3.25132e-06 3.89049e-06 4.54549e-06 5.21638e-06 4.36038e-06 3.89755e-06 3.42408e-06 2.93992e-06 2.44525e-06 1.94072e-06 1.42826e-06 9.14712e-07 4.41846e-07 3.94782e-07 8.72371e-07 1.43377e-06 2.02179e-06 2.62827e-06 3.25123e-06 3.89018e-06 4.5451e-06 5.21608e-06 4.36082e-06 3.89804e-06 3.42442e-06 2.93994e-06 2.44486e-06 1.93987e-06 1.42695e-06 9.12973e-07 4.39774e-07 3.94673e-07 8.73256e-07 1.43466e-06 2.02242e-06 2.62853e-06 3.25109e-06 3.88971e-06 4.54445e-06 5.21548e-06 4.36159e-06 3.8988e-06 3.42491e-06 2.93998e-06 2.44432e-06 1.93871e-06 1.42519e-06 9.10669e-07 4.37077e-07 3.94643e-07 8.74495e-07 1.43589e-06 2.0233e-06 2.62888e-06 3.25089e-06 3.88903e-06 4.54345e-06 5.21447e-06 4.36278e-06 3.89991e-06 3.42562e-06 2.94004e-06 2.44361e-06 1.93718e-06 1.42289e-06 9.07669e-07 4.33621e-07 3.94749e-07 8.7619e-07 1.43755e-06 2.02447e-06 2.62937e-06 3.25062e-06 3.88806e-06 4.54199e-06 5.21287e-06 4.36457e-06 3.90149e-06 3.42659e-06 2.94014e-06 2.44268e-06 1.9352e-06 1.41991e-06 9.03825e-07 4.29265e-07 3.95072e-07 8.78462e-07 1.43975e-06 2.02603e-06 2.63001e-06 3.25024e-06 3.88672e-06 4.53993e-06 5.21051e-06 4.36713e-06 3.90366e-06 3.4279e-06 2.94027e-06 2.44148e-06 1.93265e-06 1.41613e-06 8.98975e-07 4.2386e-07 3.95723e-07 8.81454e-07 1.44261e-06 2.02806e-06 2.63085e-06 3.24974e-06 3.88491e-06 4.53709e-06 5.20713e-06 4.3707e-06 3.90659e-06 3.42964e-06 2.94046e-06 2.43996e-06 1.92944e-06 1.41139e-06 8.9295e-07 4.1726e-07 3.96853e-07 8.85329e-07 1.44627e-06 2.03065e-06 2.63193e-06 3.24908e-06 3.88253e-06 4.53327e-06 5.20244e-06 4.37557e-06 3.91048e-06 3.43191e-06 2.94072e-06 2.43806e-06 1.92546e-06 1.40554e-06 8.85581e-07 4.09344e-07 3.9866e-07 8.90268e-07 1.45087e-06 2.03391e-06 2.63328e-06 3.24823e-06 3.87944e-06 4.52822e-06 5.19607e-06 4.38207e-06 3.91556e-06 3.43482e-06 2.94107e-06 2.43573e-06 1.92058e-06 1.39844e-06 8.76715e-07 4.00032e-07 4.01392e-07 8.96461e-07 1.45657e-06 2.03794e-06 2.63495e-06 3.24714e-06 3.8755e-06 4.52168e-06 5.18762e-06 4.39061e-06 3.92206e-06 3.4385e-06 2.94151e-06 2.43289e-06 1.9147e-06 1.38996e-06 8.66235e-07 3.89323e-07 4.05346e-07 9.04097e-07 1.46351e-06 2.04283e-06 2.63698e-06 3.24577e-06 3.87055e-06 4.51334e-06 5.17659e-06 4.40165e-06 3.93029e-06 3.44307e-06 2.94208e-06 2.42951e-06 1.90774e-06 1.38002e-06 8.54095e-07 3.77345e-07 4.10856e-07 9.13338e-07 1.47179e-06 2.04865e-06 2.63936e-06 3.24407e-06 3.86441e-06 4.50288e-06 5.16247e-06 4.4157e-06 3.94053e-06 3.44866e-06 2.94278e-06 2.42553e-06 1.89965e-06 1.36861e-06 8.40358e-07 3.64417e-07 4.18263e-07 9.24289e-07 1.48145e-06 2.0554e-06 2.64209e-06 3.24194e-06 3.85694e-06 4.48997e-06 5.14469e-06 4.43335e-06 3.95308e-06 3.45537e-06 2.94361e-06 2.42095e-06 1.89046e-06 1.35583e-06 8.25263e-07 3.51142e-07 4.27871e-07 9.36959e-07 1.49243e-06 2.063e-06 2.64507e-06 3.2393e-06 3.84795e-06 4.47432e-06 5.12269e-06 4.45519e-06 3.9682e-06 3.46327e-06 2.94457e-06 2.41579e-06 1.88031e-06 1.34199e-06 8.09306e-07 3.38517e-07 4.39887e-07 9.51204e-07 1.50452e-06 2.07124e-06 2.64812e-06 3.236e-06 3.83731e-06 4.45568e-06 5.09595e-06 4.48179e-06 3.98609e-06 3.47234e-06 2.94563e-06 2.41018e-06 1.86954e-06 1.32766e-06 7.93365e-07 3.28059e-07 4.54359e-07 9.66675e-07 1.51731e-06 2.07972e-06 2.6509e-06 3.23179e-06 3.82488e-06 4.43392e-06 5.06411e-06 4.51367e-06 4.00677e-06 3.48243e-06 2.94678e-06 2.40438e-06 1.85879e-06 1.31386e-06 7.78865e-07 3.21927e-07 4.71142e-07 9.8277e-07 1.53011e-06 2.0878e-06 2.65289e-06 3.22631e-06 3.8105e-06 4.40905e-06 5.02709e-06 4.55118e-06 4.02998e-06 3.4932e-06 2.94801e-06 2.399e-06 1.84923e-06 1.30225e-06 7.68005e-07 3.22982e-07 4.8993e-07 9.98611e-07 1.54197e-06 2.0946e-06 2.65334e-06 3.21902e-06 3.79397e-06 4.38131e-06 4.9853e-06 4.59434e-06 4.05496e-06 3.50399e-06 2.94956e-06 2.39524e-06 1.84284e-06 1.2954e-06 7.64029e-07 3.3474e-07 5.10425e-07 1.01307e-06 1.55162e-06 2.09898e-06 2.65128e-06 3.20916e-06 3.77494e-06 4.35117e-06 4.93998e-06 4.64265e-06 4.07996e-06 3.51394e-06 2.95244e-06 2.39557e-06 1.84282e-06 1.29712e-06 7.71524e-07 3.61275e-07 5.32733e-07 1.02486e-06 1.55754e-06 2.09962e-06 2.64578e-06 3.19599e-06 3.75285e-06 4.31916e-06 4.89366e-06 4.69466e-06 4.10134e-06 3.52277e-06 2.96003e-06 2.40429e-06 1.85382e-06 1.31267e-06 7.96646e-07 4.07277e-07 5.58174e-07 1.03288e-06 1.55797e-06 2.09499e-06 2.63616e-06 3.17964e-06 3.72737e-06 4.28535e-06 4.85092e-06 4.74625e-06 4.11338e-06 3.53668e-06 2.97934e-06 2.42694e-06 1.88183e-06 1.34902e-06 8.47253e-07 4.78468e-07 5.90691e-07 1.03692e-06 1.55117e-06 2.08321e-06 2.62154e-06 3.16206e-06 3.70228e-06 4.24942e-06 4.81851e-06 4.79901e-06 4.12898e-06 3.57029e-06 3.01442e-06 2.46925e-06 1.93425e-06 1.41516e-06 9.329e-07 5.8228e-07 6.38907e-07 1.03939e-06 1.53625e-06 2.06214e-06 2.60014e-06 3.14348e-06 3.68876e-06 4.22608e-06 4.81344e-06 
Sigma_rr 1 1800 float
12012.7 34453.1 53827.2 72291.5 88983.3 103110 114070 121457 125012 124585 120130 111703 99478.9 83795.7 65218.1 44709.5 23916.6 7217.33 7088.56 23661.9 42628.1 59048.9 73217.6 84959.4 94031.3 100189 103252 103120 99778 93311.7 83920.6 71949.8 57946.6 42688.4 27347.5 9820.47 7392.26 21574.7 36080 50027.9 62083.2 72016.1 79663.7 84889.9 87587.3 87698.9 85231.4 80265.4 72963.1 63571.4 52395.3 39719.2 25129.9 8703.31 7347.17 20743.3 33081.5 44584 54771.7 63221.4 69755.5 74264.8 76679.7 76967.2 75136.3 71240.6 65373.2 57645.3 48137.1 36758.4 23373.3 8229.5 7264.89 20236.7 31515.8 41550.1 50308.9 57602.8 63274 67231 69420.1 69815.4 68415.5 65238.6 60309.5 53635.7 45165.9 34788.3 22411 8036.03 7191.88 19936.4 30697.8 39930.5 47797.7 54287.9 59337.2 62887.5 64899.7 65349.4 64221.5 61501.9 57165.5 51157.4 43380.5 33702 21973 7983.88 7141.81 19782.2 30324.1 39172.9 46557.1 52567.5 57218.8 60497.8 62383.9 62855.5 61886.7 59440.6 55459.8 49856.6 42505.6 33242.5 21850.1 8000.03 7111.47 19727.7 30225.1 38946.7 46128.9 51908.4 56350.4 59477.8 61289.5 61769.1 60884.6 58585.1 54794.4 49403.8 42266.8 33189.3 21908.8 8049.25 7095.75 19737.8 30293.3 39043.3 46205.7 51929.6 56305.3 59378.6 61163.6 61649.3 60802 58562.7 54843.9 49524.1 42441.3 33382.6 22066.1 8112.51 7090.14 19786.8 30457.9 39326.3 46580.7 52364.1 56773.5 59865.4 61662.7 62158.9 61319.7 59082.4 55353.4 50003.5 42863 33712.3 22270.2 8179.22 7091.16 19857.1 30671.4 39705.6 47115.5 53027.8 57534.9 60694.8 62533.2 63045.5 62197.3 59924.4 56130.4 50683.9 43413.9 34104.7 22489 8243.49 7096.31 19936.7 30903.1 40122.5 47718.2 53796.1 58437.5 61695.2 63593.2 64126.1 63259.3 60928 57036 51453.2 44013.6 34512 22703 8302.14 7103.79 20017.9 31133.1 40539.2 48329.2 54586.9 59378.9 62749 64716.3 65272.6 64382.2 61980.7 57973.7 52235.6 44609.1 34904.4 22901.2 8353.76 7112.34 20095.6 31349.6 40933 48911.8 55348.4 60293.2 63779.5 65818.9 66399.4 65483.5 63007.5 58880.2 52982.5 45168.1 35264.7 23077.7 8397.97 7121.13 20167 31545.9 41291 49444.7 56049.8 61140.9 64739.4 66849 67452.8 66511.5 63962 59717.1 53665.3 45672.5 35584.2 23230.6 8434.96 7129.61 20230.7 31719 41607 49917.6 56675.4 61900.4 65602.6 67777.4 68402.7 67437 64818.4 60463.8 54269.7 46114.1 35859.9 23359.9 8465.3 7137.45 20286 31868.1 41879.7 50327 57219.3 62563.3 66358.1 68591.2 69235.4 68247.4 65565.9 61112.3 54790.9 46491.5 36092.5 23467 8489.74 7144.48 20333.3 31994.1 42110.3 50674.3 57682.3 63129.3 67004.6 69288.4 69948.8 68940.6 66203.6 61663.1 55230.9 46807.3 36285 23554.1 8509.1 7150.61 20372.8 32098.9 42302.1 50963.8 58069.3 63603.5 67547.1 69874 70548 69522 66736.9 62121.8 55595.1 47066.7 36441.4 23623.8 8524.17 7155.86 20405.4 32184.6 42459 51201.1 58387.3 63993.9 67994.6 70357.2 71042.2 70000.8 67175 62497.1 55891.5 47276.1 36566.3 23678.5 8535.7 7160.27 20431.8 32253.6 42585.4 51392.7 58644.6 64310.4 68357.7 70749.6 71443.2 70388.8 67529 62799.2 56128.6 47442.5 36664.6 23720.9 8544.35 7163.91 20452.9 32308.5 42685.8 51545.1 58849.6 64563.1 68647.8 71063.1 71763.5 70698.1 67810.4 63038.3 56315.3 47572.5 36740.5 23753.1 8550.72 7166.87 20469.6 32351.3 42764.2 51664.5 59010.5 64761.6 68876.1 71309.8 72015.3 70940.9 68030.6 63224.6 56460 47672.3 36798.1 23777 8555.29 7169.24 20482.5 32384.4 42824.7 51756.5 59134.8 64915.2 69052.8 71500.8 72210.1 71128.3 68200.1 63367.4 56570.1 47747.7 36841.1 23794.5 8558.47 7171.11 20492.4 32409.4 42870.4 51826.3 59229.3 65032.1 69187.4 71646.3 72358.2 71270.5 68328.3 63474.8 56652.3 47803.4 36872.4 23806.9 8560.6 7172.57 20499.8 32428 42904.5 51878.3 59299.7 65119.5 69288.1 71755.1 72468.9 71376.5 68423.4 63554 56712.5 47843.7 36894.6 23815.5 8561.95 7173.69 20505.3 32441.5 42929.2 51916.2 59351.2 65183.5 69361.8 71834.7 72549.8 71453.7 68492.3 63611 56755.4 47872 36909.8 23821.1 8562.72 7174.52 20509.2 32451.1 42946.7 51943.1 59388 65229.1 69414.5 71891.7 72607.5 71508.6 68541.1 63651 56785 47891.3 36919.9 23824.5 8563.1 7175.14 20511.9 32457.7 42958.8 51961.7 59413.3 65260.8 69451.1 71931.1 72647.4 71546.4 68574.3 63678 56804.7 47903.7 36926.1 23826.4 8563.21 7175.58 20513.7 32462.1 42966.7 51973.9 59430.1 65281.9 69475.5 71957.4 72673.9 71571.3 68596 63695.2 56817 47911.1 36929.5 23827.3 8563.14 7175.88 20514.9 32464.8 42971.6 51981.5 59440.7 65295.1 69490.9 71974 72690.5 71586.7 68609.2 63705.5 56824 47915 36931 23827.4 8562.96 7176.09 20515.6 32466.2 42974.3 51985.8 59446.6 65302.7 69499.7 71983.4 72699.9 71595.3 68616.3 63710.7 56827.2 47916.5 36931.2 23827 8562.72 7176.23 20516 32466.9 42975.4 51987.7 59449.4 65306.2 69503.9 71987.9 72704.2 71599.1 68619.2 63712.5 56827.9 47916.3 36930.6 23826.4 8562.45 7176.31 20516.1 32467 42975.6 51988 59449.9 65307.1 69504.9 71989 72705.2 71599.6 68619.2 63711.9 56826.9 47915.1 36929.4 23825.6 8562.18 7176.35 20516 32466.7 42975 51987.2 59449.1 65306.2 69503.9 71987.9 72703.9 71598.1 68617.5 63710 56824.9 47913.3 36928 23824.7 8561.92 7176.36 20515.9 32466.2 42974.1 51985.9 59447.4 65304.2 69501.7 71985.5 72701.3 71595.4 68614.7 63707.3 56822.5 47911.2 36926.5 23823.9 8561.69 7176.35 20515.7 32465.6 42973 51984.3 59445.3 65301.7 69498.8 71982.3 72698 71592 68611.4 63704.2 56819.8 47909.1 36925.1 23823.2 8561.49 7176.33 20515.5 32464.9 42971.8 51982.5 59443 65298.9 69495.7 71978.9 72694.4 71588.4 68608 63701.1 56817.1 47907 36923.7 23822.5 8561.31 7176.31 20515.2 32464.3 42970.7 51980.8 59440.8 65296.2 69492.5 71975.5 72690.8 71584.9 68604.6 63698.1 56814.7 47905.2 36922.5 23821.9 8561.17 7176.28 20515 32463.7 42969.6 51979.2 59438.6 65293.6 69489.6 71972.3 72687.5 71581.6 68601.5 63695.4 56812.4 47903.5 36921.5 23821.4 8561.06 7176.26 20514.8 32463.2 42968.7 51977.8 59436.7 65291.2 69486.9 71969.4 72684.5 71578.6 68598.8 63693 56810.4 47902.1 36920.6 23821 8560.96 7176.24 20514.7 32462.8 42967.8 51976.5 59435 65289.1 69484.5 71966.8 72681.8 71576 68596.4 63690.8 56808.7 47900.8 36919.8 23820.6 8560.87 7176.22 20514.5 32462.4 42967.1 51975.4 59433.6 65287.4 69482.5 71964.6 72679.6 71573.8 68594.3 63689.1 56807.3 47899.8 36919.2 23820.4 8560.8 7176.2 20514.4 32462 42966.5 51974.5 59432.4 65285.9 69480.8 71962.7 72677.7 71572 68592.6 63687.6 56806.1 47898.9 36918.7 23820.1 8560.76 7176.19 20514.3 32461.8 42966 51973.8 59431.4 65284.7 69479.4 71961.2 72676.1 71570.5 68591.2 63686.4 56805.2 47898.3 36918.3 23820 8560.73 7176.17 20514.2 32461.6 42965.6 51973.2 59430.6 65283.7 69478.3 71960 72674.9 71569.3 68590.1 63685.5 56804.4 47897.7 36917.9 23819.8 8560.69 7176.16 20514.2 32461.4 42965.3 51972.8 59430 65283 69477.4 71959.1 72674 71568.3 68589.3 63684.7 56803.9 47897.3 36917.7 23819.7 8560.66 7176.16 20514.1 32461.3 42965.1 51972.5 59429.6 65282.4 69476.8 71958.4 72673.3 71567.7 68588.7 63684.2 56803.5 47897.1 36917.5 23819.6 8560.65 7176.15 20514.1 32461.2 42965 51972.3 59429.3 65282.1 69476.4 71958 72672.8 71567.3 68588.3 63683.9 56803.2 47896.9 36917.4 23819.6 8560.63 7176.15 20514.1 32461.2 42964.9 51972.2 59429.2 65281.9 69476.2 71957.8 72672.6 71567.1 68588.1 63683.7 56803.1 47896.8 36917.4 23819.6 8560.64 7176.15 20514.1 32461.2 42964.9 51972.2 59429.2 65281.9 69476.2 71957.8 72672.6 71567.1 68588.1 63683.7 56803.1 47896.8 36917.4 23819.6 8560.64 7176.15 20514.1 32461.2 42965 51972.3 59429.3 65282.1 69476.4 71958 72672.8 71567.3 68588.3 63683.9 56803.2 47896.9 36917.4 23819.6 8560.63 7176.16 20514.1 32461.3 42965.1 51972.5 59429.6 65282.4 69476.8 71958.4 72673.3 71567.7 68588.7 63684.2 56803.5 47897.1 36917.5 23819.6 8560.65 7176.16 20514.2 32461.4 42965.3 51972.8 59430 65283 69477.4 71959.1 72674 71568.3 68589.3 63684.7 56803.9 47897.3 36917.7 23819.7 8560.66 7176.17 20514.2 32461.6 42965.6 51973.2 59430.6 65283.7 69478.3 71960 72674.9 71569.3 68590.1 63685.5 56804.4 47897.7 36917.9 23819.8 8560.69 7176.19 20514.3 32461.8 42966 51973.8 59431.4 65284.7 69479.4 71961.2 72676.1 71570.5 68591.2 63686.4 56805.2 47898.3 36918.3 23820 8560.73 7176.2 20514.4 32462 42966.5 51974.5 59432.4 65285.9 69480.8 71962.7 72677.7 71572 68592.6 63687.6 56806.1 47898.9 36918.7 23820.1 8560.76 7176.22 20514.5 32462.4 42967.1 51975.4 59433.6 65287.4 69482.5 71964.6 72679.6 71573.8 68594.3 63689.1 56807.3 47899.8 36919.2 23820.4 8560.8 7176.24 20514.7 32462.8 42967.8 51976.5 59435 65289.1 69484.5 71966.8 72681.8 71576 68596.4 63690.8 56808.7 47900.8 36919.8 23820.6 8560.87 7176.26 20514.8 32463.2 42968.7 51977.8 59436.7 65291.2 69486.9 71969.4 72684.5 71578.6 68598.8 63693 56810.4 47902.1 36920.6 23821 8560.96 7176.28 20515 32463.7 42969.6 51979.2 59438.6 65293.6 69489.6 71972.3 72687.5 71581.6 68601.5 63695.4 56812.4 47903.5 36921.5 23821.4 8561.06 7176.31 20515.2 32464.3 42970.7 51980.8 59440.8 65296.2 69492.5 71975.5 72690.8 71584.9 68604.6 63698.1 56814.7 47905.2 36922.5 23821.9 8561.17 7176.33 20515.5 32464.9 42971.8 51982.5 59443 65298.9 69495.7 71978.9 72694.4 71588.4 68608 63701.1 56817.1 47907 36923.7 23822.5 8561.31 7176.35 20515.7 32465.6 42973 51984.3 59445.3 65301.7 69498.8 71982.3 72698 71592 68611.4 63704.2 56819.8 47909.1 36925.1 23823.2 8561.49 7176.36 20515.9 32466.2 42974.1 51985.9 59447.4 65304.2 69501.7 71985.5 72701.3 71595.4 68614.7 63707.3 56822.5 47911.2 36926.5 23823.9 8561.69 7176.35 20516 32466.7 42975 51987.2 59449.1 65306.2 69503.9 71987.9 72703.9 71598.1 68617.5 63710 56824.9 47913.3 36928 23824.8 8561.92 7176.31 20516.1 32467 42975.6 51988 59449.9 65307.1 69504.9 71989 72705.2 71599.6 68619.2 63711.9 56826.9 47915 36929.4 23825.6 8562.18 7176.23 20516 32466.9 42975.4 51987.6 59449.4 65306.2 69503.9 71987.9 72704.2 71599.1 68619.2 63712.5 56827.9 47916.3 36930.6 23826.4 8562.45 7176.09 20515.6 32466.2 42974.3 51985.8 59446.6 65302.7 69499.7 71983.4 72699.9 71595.3 68616.3 63710.7 56827.2 47916.5 36931.2 23827 8562.72 7175.88 20514.9 32464.8 42971.6 51981.5 59440.7 65295.1 69490.9 71974 72690.5 71586.7 68609.2 63705.5 56824 47915 36931 23827.4 8562.96 7175.58 20513.7 32462.1 42966.7 51973.9 59430.1 65281.9 69475.5 71957.4 72673.9 71571.3 68596 63695.2 56817 47911.1 36929.5 23827.3 8563.14 7175.14 20511.9 32457.7 42958.8 51961.7 59413.3 65260.8 69451.1 71931.1 72647.4 71546.4 68574.3 63678 56804.7 47903.7 36926.1 23826.4 8563.21 7174.52 20509.2 32451.1 42946.7 51943.1 59388 65229.1 69414.5 71891.7 72607.5 71508.6 68541.1 63651 56785 47891.3 36919.9 23824.5 8563.1 7173.69 20505.3 32441.5 42929.2 51916.2 59351.2 65183.5 69361.8 71834.7 72549.8 71453.7 68492.3 63611 56755.4 47872 36909.8 23821.1 8562.72 7172.57 20499.8 32428 42904.5 51878.3 59299.7 65119.5 69288.1 71755.1 72468.9 71376.5 68423.4 63554 56712.5 47843.7 36894.6 23815.5 8561.95 7171.11 20492.4 32409.4 42870.4 51826.3 59229.3 65032.1 69187.4 71646.3 72358.2 71270.5 68328.3 63474.8 56652.3 47803.4 36872.4 23806.9 8560.6 7169.24 20482.5 32384.4 42824.7 51756.5 59134.8 64915.2 69052.8 71500.8 72210.1 71128.3 68200.1 63367.4 56570.1 47747.7 36841.1 23794.5 8558.47 7166.87 20469.6 32351.3 42764.2 51664.5 59010.5 64761.6 68876.1 71309.8 72015.3 70940.9 68030.6 63224.6 56460 47672.3 36798.1 23777 8555.29 7163.91 20452.9 32308.5 42685.8 51545.1 58849.6 64563.1 68647.8 71063.1 71763.5 70698.1 67810.4 63038.3 56315.4 47572.5 36740.5 23753.1 8550.72 7160.27 20431.8 32253.6 42585.4 51392.7 58644.6 64310.4 68357.7 70749.6 71443.2 70388.8 67529 62799.2 56128.6 47442.5 36664.6 23720.9 8544.35 7155.86 20405.4 32184.6 42459 51201.1 58387.3 63993.9 67994.6 70357.2 71042.2 70000.8 67175 62497.1 55891.5 47276.1 36566.3 23678.5 8535.7 7150.61 20372.8 32098.9 42302.1 50963.8 58069.3 63603.5 67547.1 69874 70548 69522 66736.9 62121.8 55595.1 47066.7 36441.4 23623.8 8524.17 7144.48 20333.3 31994.1 42110.3 50674.3 57682.3 63129.3 67004.6 69288.4 69948.8 68940.6 66203.6 61663.1 55230.9 46807.3 36285 23554.1 8509.1 7137.45 20286 31868.1 41879.7 50327 57219.3 62563.3 66358.1 68591.2 69235.4 68247.4 65565.9 61112.3 54790.9 46491.5 36092.5 23467 8489.74 7129.61 20230.7 31719 41607 49917.6 56675.4 61900.4 65602.6 67777.4 68402.7 67437 64818.4 60463.8 54269.7 46114.1 35859.9 23359.9 8465.3 7121.13 20167 31545.9 41291 49444.7 56049.8 61140.9 64739.4 66849 67452.8 66511.5 63962 59717.1 53665.3 45672.5 35584.2 23230.6 8434.96 7112.34 20095.6 31349.6 40933 48911.8 55348.4 60293.2 63779.5 65818.9 66399.4 65483.5 63007.5 58880.2 52982.5 45168.1 35264.7 23077.7 8397.97 7103.79 20017.9 31133.1 40539.2 48329.2 54586.9 59378.9 62749 64716.3 65272.6 64382.2 61980.7 57973.7 52235.6 44609.1 34904.4 22901.2 8353.76 7096.31 19936.7 30903.1 40122.5 47718.2 53796.1 58437.5 61695.2 63593.2 64126.1 63259.3 60928 57036 51453.2 44013.6 34512 22703 8302.14 7091.16 19857.1 30671.4 39705.6 47115.5 53027.8 57534.9 60694.8 62533.2 63045.5 62197.3 59924.4 56130.4 50683.9 43413.9 34104.7 22489 8243.49 7090.14 19786.8 30457.9 39326.3 46580.7 52364.1 56773.5 59865.4 61662.7 62158.9 61319.7 59082.4 55353.4 50003.5 42863 33712.3 22270.2 8179.22 7095.75 19737.8 30293.3 39043.3 46205.7 51929.6 56305.3 59378.6 61163.6 61649.3 60802 58562.7 54843.9 49524.1 42441.3 33382.6 22066.1 8112.51 7111.47 19727.7 30225.1 38946.7 46128.9 51908.4 56350.4 59477.8 61289.5 61769.1 60884.6 58585.1 54794.4 49403.8 42266.8 33189.3 21908.8 8049.25 7141.81 19782.2 30324.1 39172.9 46557.1 52567.5 57218.8 60497.8 62383.9 62855.5 61886.7 59440.6 55459.8 49856.6 42505.6 33242.5 21850.1 8000.04 7191.88 19936.4 30697.8 39930.5 47797.7 54287.9 59337.2 62887.5 64899.7 65349.4 64221.5 61501.9 57165.5 51157.4 43380.5 33702 21973 7983.88 7264.89 20236.7 31515.8 41550.1 50308.9 57602.8 63274 67231 69420.1 69815.4 68415.5 65238.6 60309.5 53635.7 45165.9 34788.3 22411 8036.03 7347.17 20743.3 33081.5 44584 54771.7 63221.4 69755.5 74264.8 76679.7 76967.2 75136.3 71240.6 65373.2 57645.3 48137.1 36758.4 23373.3 8229.5 7392.26 21574.7 36080 50027.9 62083.2 72016.1 79663.7 84889.9 87587.3 87698.9 85231.4 80265.4 72963.1 63571.4 52395.3 39719.2 25129.9 8703.31 7088.56 23661.9 42628.1 59048.9 73217.6 84959.4 94031.3 100189 103252 103120 99778 93311.7 83920.6 71949.8 57946.6 42688.4 27347.5 9820.47 12012.7 34453.1 53827.2 72291.5 88983.3 103110 114070 121457 125012 124585 120130 111703 99478.9 83795.7 65218.1 44709.5 23916.6 7217.33 
Sigma_phiphi 1 1800 float
-953664 -808022 -685595 -563438 -443265 -324810 -208172 -93365.2 19599 130716 239984 347406 452989 556750 658680 759022 856880 966269 -945593 -810384 -684837 -563880 -444345 -326382 -210033 -95377.2 17545.1 128713 238125 345797 451766 556102 658969 760577 863125 968572 -935142 -808938 -685351 -564875 -446267 -329000 -213130 -98739 14106.4 125373 235062 343215 449922 555360 659834 764092 869171 974483 -924777 -805087 -685087 -566235 -448661 -332228 -216939 -102882 9867.91 121273 231346 340159 447858 554702 661126 767742 875032 982784 -915170 -800390 -683951 -567313 -451139 -335672 -221046 -107369 5272.25 116843 227368 336945 445759 554114 662439 771241 880962 991950 -906584 -795606 -682305 -567965 -453388 -339023 -225131 -111875 644.174 112389 223393 333767 443718 553554 663685 774592 886806 1.00099e+06 -899117 -791100 -680448 -568249 -455286 -342082 -228972 -116168 -3788.88 108120 219594 330750 441797 553036 664864 777766 892337 1.00937e+06 -892763 -787041 -678576 -568266 -456819 -344756 -232438 -120099 -7879.14 104172 216085 327976 440045 552584 665977 780708 897386 1.0168e+06 -887456 -783496 -676805 -568109 -458023 -347025 -235467 -123592 -11542.6 100624 212933 325492 438493 552213 667017 783370 901857 1.02321e+06 -883096 -780475 -675199 -567852 -458947 -348905 -238052 -126618 -14743.9 97510.8 210167 323322 437156 551924 667969 785723 905716 1.02859e+06 -879569 -777949 -673789 -567546 -459642 -350436 -240214 -129186 -17482.8 94837.2 207791 321468 436029 551712 668825 787758 908977 1.03303e+06 -876757 -775874 -672580 -567228 -460156 -351662 -241991 -131325 -19782.6 92584.2 205790 319913 435101 551565 669579 789484 911679 1.03662e+06 -874546 -774196 -671565 -566920 -460528 -352630 -243428 -133078 -21681 90718.6 204134 318635 434352 551471 670230 790922 913880 1.03947e+06 -872835 -772860 -670728 -566638 -460792 -353383 -244574 -134493 -23223.1 89199 202786 317602 433759 551418 670784 792101 915641 1.0417e+06 -871531 -771813 -670050 -566387 -460974 -353960 -245475 -135618 -24456.6 87980.8 201708 316781 433298 551396 671246 793051 917029 1.04341e+06 -870553 -771004 -669510 -566170 -461095 -354396 -246171 -136498 -25428 87019.6 200859 316141 432948 551395 671627 793805 918104 1.04469e+06 -869835 -770389 -669085 -565987 -461172 -354719 -246702 -137177 -26181.2 86273.1 200202 315649 432686 551409 671935 794394 918922 1.04564e+06 -869320 -769931 -668757 -565836 -461217 -354954 -247099 -137691 -26755.6 85703.2 199702 315279 432496 551432 672181 794847 919533 1.04633e+06 -868960 -769596 -668508 -565713 -461239 -355121 -247391 -138074 -27185.7 85276 199328 315006 432361 551459 672375 795189 919980 1.04681e+06 -868717 -769357 -668323 -565615 -461247 -355236 -247600 -138354 -27501.4 84962.2 199056 314810 432270 551488 672525 795443 920298 1.04713e+06 -868562 -769192 -668187 -565538 -461244 -355312 -247746 -138552 -27727.6 84737.2 198861 314673 432210 551516 672639 795626 920518 1.04734e+06 -868471 -769082 -668091 -565478 -461236 -355359 -247844 -138689 -27884.9 84580.7 198727 314581 432174 551543 672725 795756 920663 1.04747e+06 -868425 -769014 -668024 -565433 -461224 -355385 -247907 -138779 -27990.2 84475.9 198639 314523 432156 551567 672788 795844 920754 1.04753e+06 -868410 -768974 -667980 -565400 -461211 -355398 -247944 -138835 -28056.8 84409.5 198584 314488 432148 551589 672833 795901 920805 1.04755e+06 -868415 -768956 -667953 -565375 -461198 -355400 -247962 -138867 -28095.4 84371.1 198553 314472 432149 551607 672864 795935 920828 1.04754e+06 -868433 -768952 -667937 -565358 -461185 -355396 -247968 -138881 -28114.3 84352.3 198539 314467 432155 551623 672885 795954 920832 1.04752e+06 -868458 -768957 -667930 -565346 -461174 -355389 -247966 -138884 -28119.6 84347.1 198537 314469 432163 551635 672898 795961 920825 1.04748e+06 -868486 -768967 -667929 -565338 -461164 -355379 -247959 -138879 -28116 84350.6 198542 314477 432173 551646 672906 795960 920810 1.04745e+06 -868514 -768981 -667931 -565333 -461155 -355369 -247949 -138869 -28107.1 84359.5 198551 314487 432183 551654 672910 795955 920791 1.04741e+06 -868541 -768995 -667936 -565330 -461147 -355359 -247937 -138857 -28095.2 84371.3 198563 314498 432193 551661 672911 795947 920771 1.04737e+06 -868566 -769010 -667941 -565329 -461141 -355349 -247926 -138845 -28082.2 84384.3 198575 314509 432202 551666 672910 795938 920751 1.04734e+06 -868588 -769023 -667948 -565329 -461136 -355340 -247915 -138832 -28069.1 84397.4 198588 314520 432210 551670 672908 795929 920732 1.04731e+06 -868607 -769036 -667954 -565329 -461132 -355333 -247904 -138821 -28056.7 84409.8 198599 314530 432217 551673 672906 795920 920715 1.04729e+06 -868623 -769047 -667959 -565330 -461129 -355326 -247896 -138810 -28045.4 84421.1 198610 314539 432223 551675 672903 795911 920700 1.04726e+06 -868636 -769056 -667964 -565331 -461126 -355321 -247888 -138801 -28035.4 84431 198619 314546 432228 551677 672900 795904 920687 1.04725e+06 -868647 -769064 -667969 -565332 -461124 -355316 -247881 -138793 -28026.7 84439.6 198627 314552 432232 551678 672898 795897 920677 1.04723e+06 -868656 -769070 -667973 -565333 -461123 -355313 -247876 -138786 -28019.4 84446.9 198633 314558 432235 551678 672896 795892 920668 1.04722e+06 -868663 -769076 -667976 -565334 -461122 -355310 -247871 -138781 -28013.4 84452.9 198639 314562 432238 551679 672894 795887 920661 1.04721e+06 -868669 -769080 -667978 -565335 -461121 -355307 -247868 -138776 -28008.5 84457.9 198643 314565 432240 551679 672892 795883 920655 1.0472e+06 -868673 -769083 -667981 -565336 -461120 -355306 -247865 -138773 -28004.5 84461.8 198647 314568 432242 551679 672890 795880 920650 1.0472e+06 -868676 -769086 -667982 -565337 -461120 -355304 -247863 -138770 -28001.3 84465 198649 314570 432243 551679 672889 795878 920647 1.04719e+06 -868678 -769088 -667984 -565337 -461120 -355303 -247861 -138768 -27998.9 84467.4 198652 314572 432244 551679 672888 795876 920644 1.04719e+06 -868680 -769089 -667985 -565338 -461119 -355302 -247860 -138766 -27997 84469.3 198653 314573 432244 551679 672887 795874 920642 1.04719e+06 -868681 -769090 -667986 -565338 -461119 -355302 -247859 -138765 -27995.6 84470.7 198655 314574 432245 551679 672887 795873 920641 1.04719e+06 -868682 -769091 -667986 -565338 -461119 -355301 -247858 -138764 -27994.5 84471.8 198655 314575 432245 551679 672886 795872 920639 1.04718e+06 -868683 -769092 -667987 -565339 -461119 -355301 -247857 -138763 -27993.7 84472.6 198656 314575 432245 551679 672886 795872 920639 1.04718e+06 -868683 -769092 -667987 -565339 -461119 -355301 -247857 -138762 -27993.2 84473.1 198657 314576 432245 551679 672886 795871 920638 1.04718e+06 -868683 -769092 -667987 -565339 -461119 -355301 -247857 -138762 -27992.8 84473.5 198657 314576 432246 551679 672885 795871 920638 1.04718e+06 -868684 -769093 -667987 -565339 -461119 -355301 -247857 -138762 -27992.5 84473.7 198657 314576 432246 551679 672885 795871 920638 1.04718e+06 -868684 -769093 -667987 -565339 -461119 -355301 -247857 -138762 -27992.4 84473.8 198657 314576 432246 551679 672885 795871 920637 1.04718e+06 -868684 -769093 -667987 -565339 -461119 -355301 -247857 -138762 -27992.4 84473.8 198657 314576 432246 551679 672885 795871 920637 1.04718e+06 -868684 -769093 -667987 -565339 -461119 -355301 -247857 -138762 -27992.5 84473.7 198657 314576 432246 551679 672885 795871 920638 1.04718e+06 -868683 -769092 -667987 -565339 -461119 -355301 -247857 -138762 -27992.8 84473.5 198657 314576 432246 551679 672885 795871 920638 1.04718e+06 -868683 -769092 -667987 -565339 -461119 -355301 -247857 -138762 -27993.2 84473.1 198657 314576 432245 551679 672886 795871 920638 1.04718e+06 -868683 -769092 -667987 -565339 -461119 -355301 -247857 -138763 -27993.7 84472.6 198656 314575 432245 551679 672886 795872 920639 1.04718e+06 -868682 -769091 -667986 -565338 -461119 -355301 -247858 -138764 -27994.5 84471.8 198655 314575 432245 551679 672886 795872 920639 1.04718e+06 -868681 -769090 -667986 -565338 -461119 -355302 -247859 -138765 -27995.6 84470.7 198655 314574 432245 551679 672887 795873 920641 1.04719e+06 -868680 -769089 -667985 -565338 -461119 -355302 -247860 -138766 -27997 84469.3 198653 314573 432244 551679 672887 795874 920642 1.04719e+06 -868678 -769088 -667984 -565337 -461120 -355303 -247861 -138768 -27998.9 84467.4 198652 314572 432244 551679 672888 795876 920644 1.04719e+06 -868676 -769086 -667982 -565337 -461120 -355304 -247863 -138770 -28001.3 84465 198649 314570 432243 551679 672889 795878 920647 1.04719e+06 -868673 -769083 -667981 -565336 -461120 -355306 -247865 -138773 -28004.5 84461.8 198647 314568 432242 551679 672890 795880 920650 1.0472e+06 -868669 -769080 -667978 -565335 -461121 -355307 -247868 -138776 -28008.5 84457.9 198643 314565 432240 551679 672892 795883 920655 1.0472e+06 -868663 -769076 -667976 -565334 -461122 -355310 -247871 -138781 -28013.4 84452.9 198639 314562 432238 551679 672894 795887 920661 1.04721e+06 -868656 -769070 -667973 -565333 -461123 -355313 -247876 -138786 -28019.4 84446.9 198633 314558 432235 551678 672896 795892 920668 1.04722e+06 -868647 -769064 -667969 -565332 -461124 -355316 -247881 -138793 -28026.7 84439.6 198627 314552 432232 551678 672898 795897 920677 1.04723e+06 -868636 -769056 -667964 -565331 -461126 -355321 -247888 -138801 -28035.4 84431 198619 314546 432228 551677 672900 795904 920687 1.04725e+06 -868623 -769047 -667959 -565330 -461129 -355326 -247896 -138810 -28045.4 84421.1 198610 314539 432223 551675 672903 795911 920700 1.04726e+06 -868607 -769036 -667954 -565329 -461132 -355333 -247904 -138821 -28056.7 84409.8 198599 314530 432217 551673 672906 795920 920715 1.04729e+06 -868588 -769023 -667948 -565329 -461136 -355340 -247915 -138832 -28069.1 84397.4 198588 314520 432210 551670 672908 795929 920732 1.04731e+06 -868566 -769010 -667941 -565329 -461141 -355349 -247926 -138845 -28082.2 84384.4 198575 314509 432202 551666 672910 795938 920751 1.04734e+06 -868541 -768995 -667936 -565330 -461147 -355359 -247937 -138857 -28095.2 84371.3 198563 314498 432193 551661 672911 795947 920771 1.04737e+06 -868514 -768981 -667931 -565333 -461155 -355369 -247949 -138869 -28107.1 84359.5 198551 314487 432183 551654 672910 795955 920791 1.04741e+06 -868486 -768967 -667929 -565338 -461164 -355379 -247959 -138879 -28116 84350.6 198542 314477 432173 551646 672906 795960 920810 1.04745e+06 -868458 -768957 -667930 -565346 -461174 -355389 -247966 -138884 -28119.6 84347.1 198537 314469 432163 551635 672898 795961 920825 1.04748e+06 -868433 -768952 -667937 -565358 -461185 -355396 -247968 -138881 -28114.3 84352.3 198539 314467 432155 551623 672885 795954 920832 1.04752e+06 -868415 -768956 -667953 -565375 -461198 -355400 -247962 -138867 -28095.4 84371.1 198553 314472 432149 551607 672864 795935 920828 1.04754e+06 -868410 -768974 -667980 -565400 -461211 -355398 -247944 -138835 -28056.8 84409.5 198584 314488 432148 551589 672833 795901 920805 1.04755e+06 -868425 -769014 -668024 -565433 -461224 -355385 -247907 -138779 -27990.2 84475.9 198639 314523 432156 551567 672788 795844 920754 1.04753e+06 -868471 -769082 -668091 -565478 -461236 -355359 -247844 -138689 -27884.9 84580.7 198727 314581 432174 551543 672725 795756 920663 1.04747e+06 -868562 -769192 -668187 -565538 -461244 -355312 -247746 -138552 -27727.6 84737.2 198861 314673 432210 551516 672639 795626 920518 1.04734e+06 -868717 -769357 -668323 -565615 -461247 -355236 -247600 -138354 -27501.4 84962.2 199056 314810 432270 551488 672525 795443 920298 1.04713e+06 -868960 -769596 -668508 -565713 -461239 -355121 -247391 -138074 -27185.7 85276 199328 315006 432361 551459 672375 795189 919980 1.04681e+06 -869320 -769931 -668757 -565836 -461217 -354954 -247099 -137691 -26755.6 85703.2 199702 315279 432496 551432 672181 794847 919533 1.04633e+06 -869835 -770389 -669085 -565987 -461172 -354719 -246702 -137177 -26181.2 86273.1 200202 315649 432686 551409 671935 794394 918922 1.04564e+06 -870553 -771004 -669510 -566170 -461095 -354396 -246171 -136498 -25428 87019.6 200859 316141 432948 551395 671627 793805 918104 1.04469e+06 -871531 -771813 -670050 -566387 -460974 -353960 -245475 -135618 -24456.6 87980.8 201708 316781 433298 551396 671246 793051 917029 1.04341e+06 -872835 -772860 -670728 -566638 -460792 -353383 -244574 -134493 -23223.1 89199 202786 317602 433759 551418 670784 792101 915641 1.0417e+06 -874546 -774196 -671565 -566920 -460528 -352630 -243428 -133078 -21681 90718.6 204134 318635 434352 551471 670230 790922 913880 1.03947e+06 -876757 -775874 -672580 -567228 -460156 -351662 -241991 -131325 -19782.6 92584.2 205790 319913 435101 551565 669579 789484 911679 1.03662e+06 -879569 -777949 -673789 -567546 -459642 -350436 -240214 -129186 -17482.8 94837.2 207791 321468 436029 551712 668825 787758 908977 1.03303e+06 -883096 -780475 -675199 -567852 -458947 -348905 -238052 -126618 -14743.9 97510.8 210167 323322 437156 551924 667969 785723 905716 1.02859e+06 -887456 -783496 -676805 -568109 -458023 -347025 -235467 -123592 -11542.6 100624 212933 325492 438493 552213 667017 783370 901857 1.02321e+06 -892763 -787041 -678576 -568266 -456819 -344756 -232438 -120099 -7879.14 104172 216085 327976 440045 552584 665977 780708 897386 1.0168e+06 -899117 -791100 -680448 -568249 -455286 -342082 -228972 -116168 -3788.88 108120 219594 330750 441797 553036 664864 777766 892337 1.00937e+06 -906584 -795606 -682305 -567965 -453388 -339023 -225131 -111875 644.172 112389 223393 333767 443718 553554 663685 774592 886806 1.00099e+06 -915170 -800390 -683951 -567313 -451139 -335672 -221046 -107369 5272.25 116843 227368 336945 445759 554114 662439 771241 880962 991950 -924777 -805087 -685087 -566235 -448661 -332228 -216939 -102882 9867.91 121273 231346 340159 447858 554702 661126 767742 875032 982784 -935142 -808938 -685351 -564875 -446267 -329000 -213130 -98739 14106.4 125373 235062 343215 449923 555360 659834 764092 869171 974483 -945593 -810384 -684837 -563880 -444345 -326382 -210033 -95377.2 17545.1 128713 238125 345797 451766 556102 658969 760577 863125 968572 -953664 -808022 -685595 -563438 -443265 -324810 -208172 -93365.2 19599 130716 239984 347406 452989 556750 658680 759022 856880 966269 
Tau_rphi 1 1800 float
6890.22 2127.2 3546.21 3984.68 3734.75 3058.88 2128.02 1043.82 -125.982 -1329.78 -2521.1 -3650.18 -4655.32 -5451.46 -5914.07 -5826.74 -4741.25 2365.15 7653.57 10625.7 10218.9 10237.1 9370.9 7702.15 5437.01 2775.6 -116.498 -3095.16 -6020.83 -8739.81 -11061.2 -12722.5 -13319.7 -12174.1 -7620.04 -1237.49 6677.08 13430.7 14857.8 14431.5 13046.2 10717.8 7632.31 4007.09 59.5399 -3999.21 -7952.4 -11558.1 -14522.4 -16460.3 -16845.2 -14923.5 -10364.8 -3943.76 5958.25 13500.8 16414.7 16540.6 15050.5 12429.7 8934.99 4815.96 323.305 -4286.91 -8744.57 -12750.1 -15954.3 -17938.1 -18203.8 -16294.4 -11982.9 -4951.69 5258.42 12591 16137.4 16862.1 15644.4 13067.3 9505.81 5256.55 601.774 -4172.58 -8765.59 -12850.6 -16065.9 -18011.9 -18277.6 -16490.9 -12295.8 -5092.89 4552.09 11265.7 14930.4 16042.1 15186.8 12870.6 9491.27 5379.05 838.591 -3826.88 -8303.73 -12261 -15347.9 -17200.5 -17457.6 -15765.4 -11730.2 -4800.02 3865.07 9793.99 13292.7 14592.3 14061.4 12090.9 9041.71 5241.92 1001.54 -3372.72 -7568.49 -11264.1 -14129.7 -15833.4 -16047.3 -14443 -10665.3 -4302.36 3224.47 8325.24 11510.2 12854.1 12574.9 10956.9 8302.22 4911.6 1081.87 -2890.04 -6703.82 -10055.3 -12639 -14153.2 -14303.8 -12803.3 -9367.59 -3726.72 2647.32 6944.65 9749.74 11044.7 10945.2 9649.55 7398.89 4454.64 1087.67 -2425.5 -5804.67 -8768.46 -11038.4 -12344 -12428.2 -11053.1 -8009.77 -3145.12 2141.25 5697.36 8106.07 9296.61 9317.04 8299.61 6430.89 3930.14 1035.76 -2002.91 -4931.23 -7494.36 -9442.8 -10538.9 -10564.7 -9331.67 -6698.09 -2597.68 1707.2 4602.78 6628.41 7686.09 7780.3 6994.7 5469.97 3385.4 945.127 -1631.87 -4119.59 -6291.92 -7929.66 -8828.45 -8808.17 -7725.71 -5493.24 -2105.06 1341.82 3664.02 5336.82 6251.54 6385.93 5788.82 4563.93 2854.96 832.985 -1313.87 -3389.21 -5196.42 -6546.67 -7267.8 -7214.78 -6282.94 -4425.43 -1675.86 1039.28 2874.24 4232.99 5006.61 5157.8 4711.12 3741.32 2361.69 713.028 -1046.08 -2748.24 -4225.69 -5318.86 -5885.59 -5811.75 -5023.95 -3504.84 -1311.32 792.542 2220.95 3307.43 3949.13 4101.66 3773.17 3016.26 1918.86 595.065 -823.709 -2197.29 -3385.1 -4254.72 -4690.99 -4606.13 -3951.22 -2729.06 -1008.22 594.204 1688.89 2544.38 3067.36 3211.62 2974.73 2392.59 1532.45 485.435 -641.257 -1732.17 -2671.51 -3351.3 -3679.96 -3591.56 -3055.72 -2088.11 -760.921 437.021 1261.92 1925.07 2344.31 2474.88 2308.02 1867.24 1203.22 387.694 -493.185 -1345.81 -2076.37 -2598.3 -2840.1 -2753.5 -2321.76 -1567.98 -562.657 314.235 924.231 1429.92 1760.61 1875.02 1760.94 1432.91 928.491 303.35 -374.286 -1029.69 -1588.06 -1981.18 -2154.29 -2073.05 -1730.44 -1153.04 -406.39 219.755 661.084 1039.87 1296.52 1394.21 1319.29 1079.97 703.517 232.512 -279.82 -774.743 -1193.57 -1483.45 -1603.29 -1529.56 -1261.82 -827.47 -285.299 148.232 459.175 737.246 933.085 1014.71 968.358 797.827 522.501 174.4 -205.593 -572.036 -879.644 -1088.22 -1167.59 -1102.43 -896.526 -576.328 -193.114 95.0521 306.827 506.193 652.918 719.83 693.879 575.91 379.309 127.724 -147.963 -413.184 -633.609 -779.25 -828.552 -772.229 -616.589 -386.03 -124.269 56.3256 194.007 332.837 440.525 494.425 482.666 404.209 267.95 90.9842 -103.788 -290.553 -443.785 -541.609 -569.116 -521.372 -405.953 -244.636 -73.9556 28.8204 112.242 205.295 282.454 325.159 322.935 273.636 182.857 62.6369 -70.4082 -197.395 -299.765 -361.973 -374.137 -334.377 -250.657 -141.905 -38.1135 9.88721 54.5184 113.604 167.272 200.554 204.434 176.194 119.049 41.2018 -45.5995 -127.878 -192.493 -228.765 -230.534 -197.957 -138.823 -69.2256 -13.3783 -2.60555 15.1087 49.5321 85.4387 110.94 118.441 105.015 72.202 25.3503 -27.5084 -77.0469 -114.261 -132.144 -127.223 -100.945 -60.5658 -19.5108 2.97801 -10.3473 -10.5974 6.37729 29.11 48.3005 57.6665 54.3144 38.6489 13.9215 -14.6124 -40.7611 -58.6292 -63.903 -55.0134 -34.1418 -7.81428 12.9671 13.1555 -14.6769 -26.2529 -21.2226 -8.05079 6.10531 16.1337 19.3165 15.3314 5.92182 -5.69056 -15.6338 -20.2999 -17.3076 -6.38949 9.93137 25.9485 32.7844 18.8688 -16.6192 -34.7172 -37.4961 -31.0813 -20.8772 -10.9786 -3.8459 -0.238871 0.537097 0.244461 1.08511 5.01807 13.0758 24.6855 37.2439 45.8732 43.515 21.4418 -16.9372 -38.1741 -45.7388 -43.9413 -36.7882 -27.5098 -18.266 -10.0627 -2.89303 3.98215 11.5911 20.7462 31.5576 42.9685 52.4632 55.9513 47.9176 21.9019 -16.2126 -38.2748 -48.4541 -49.6705 -44.8341 -36.453 -26.3808 -15.7235 -4.9046 6.12488 17.5946 29.5518 41.5159 52.1815 59.2231 59.2724 48.0924 21.0022 -14.8777 -36.2586 -47.53 -50.5826 -47.4738 -40.1176 -30.0727 -18.4422 -5.90476 7.14941 20.4308 33.5054 45.5494 55.1637 60.2729 58.1444 45.5805 19.2879 -13.224 -33.0139 -44.3631 -48.4076 -46.5575 -40.248 -30.7655 -19.1529 -6.21205 7.41153 21.1152 34.1843 45.6213 54.0453 57.6528 54.2636 41.511 17.1496 -11.4554 -29.1645 -39.9479 -44.3997 -43.4449 -38.1381 -29.5244 -18.5576 -6.0713 7.17042 20.4003 32.7573 43.1869 50.4 52.8609 48.8609 36.6861 14.8666 -9.71996 -25.1463 -34.9844 -39.4525 -39.1162 -34.7346 -27.1387 -17.1712 -5.64752 6.63196 18.8398 30.0696 39.296 45.3538 46.957 42.7895 31.6411 12.6188 -8.09572 -21.2447 -29.9469 -34.1801 -34.2535 -30.6931 -24.1533 -15.3584 -5.06857 5.93504 16.8323 26.7391 34.7032 39.7014 40.6769 36.6274 26.7274 10.51 -6.6258 -17.6273 -25.1412 -28.9935 -29.3209 -26.4702 -20.9526 -13.3796 -4.42919 5.17196 14.65 23.1862 29.9179 33.9705 34.4949 30.7351 22.1638 8.60654 -5.34126 -14.381 -20.738 -24.1455 -24.6131 -22.3666 -17.7962 -11.4073 -3.78908 4.40516 12.4716 19.6766 25.2657 28.5018 28.711 25.344 18.0815 6.93515 -4.23997 -11.5494 -16.8301 -19.7723 -20.3055 -18.5637 -14.8384 -9.54155 -3.1782 3.68145 10.417 16.3884 20.9537 23.5005 23.4999 20.5656 14.5258 5.50396 -3.3111 -9.13754 -13.4542 -15.9419 -16.4873 -15.1583 -12.1665 -7.84407 -2.61521 3.02991 8.5599 13.4269 17.0949 19.066 18.9322 16.4277 11.4859 4.30088 -2.54991 -7.12253 -10.5948 -12.6615 -13.1828 -12.1845 -9.81861 -6.34846 -2.12089 2.4519 6.92449 10.833 13.7346 15.2349 15.0224 12.9268 8.94263 3.30382 -1.93302 -5.46878 -8.22053 -9.9069 -10.3857 -9.64905 -7.80669 -5.06087 -1.69577 1.95162 5.51403 8.60831 10.8742 11.998 11.7494 10.0226 6.8601 2.5025 -1.43751 -4.12695 -6.27779 -7.63589 -8.06271 -7.53302 -6.11812 -3.97629 -1.33414 1.53465 4.32957 6.74306 8.48464 9.31177 9.05736 7.65811 5.18416 1.86791 -1.05018 -3.06192 -4.72111 -5.79739 -6.16921 -5.79633 -4.72684 -3.08109 -1.03491 1.19056 3.35178 5.20702 6.52424 7.11983 6.87609 5.75768 3.85183 1.36316 -0.75429 -2.23876 -3.49588 -4.33447 -4.64766 -4.39169 -3.59672 -2.34992 -0.788238 0.912415 2.55848 3.96083 4.94319 5.36334 5.13864 4.25771 2.80905 0.971913 -0.529785 -1.60475 -2.5381 -3.1846 -3.44112 -3.27129 -2.69016 -1.76225 -0.592338 0.685809 1.92195 2.96641 3.68689 3.97639 3.77709 3.09798 2.01096 0.682869 -0.362324 -1.1246 -1.80812 -2.29518 -2.5011 -2.3921 -1.97726 -1.30009 -0.440795 0.502005 1.41511 2.18082 2.69951 2.89271 2.72251 2.20535 1.40704 0.470157 -0.240067 -0.7677 -1.25558 -1.61318 -1.77366 -1.70855 -1.41859 -0.936354 -0.319477 0.360189 1.01864 1.56569 1.92708 2.05314 1.91673 1.53282 0.959907 0.310919 -0.153028 -0.504237 -0.841664 -1.09509 -1.21692 -1.17988 -0.983475 -0.651386 -0.223741 0.248814 0.705055 1.08161 1.32591 1.40482 1.30388 1.03066 0.636436 0.199025 -0.095595 -0.316294 -0.536759 -0.703641 -0.787493 -0.768659 -0.643793 -0.428357 -0.14735 0.161133 0.454601 0.698058 0.855555 0.901385 0.827905 0.644722 0.392595 0.121293 -0.0516569 -0.173035 -0.295596 -0.389246 -0.439166 -0.431003 -0.362877 -0.244135 -0.0853772 0.0888253 0.253271 0.390749 0.479046 0.502374 0.458123 0.351533 0.207926 0.0621475 -0.0151251 -0.0536537 -0.0925791 -0.122155 -0.140284 -0.137679 -0.1168 -0.0795345 -0.0287578 0.0275927 0.0812841 0.125953 0.154888 0.162137 0.149279 0.113636 0.0653607 0.018004 0.0151368 0.0536651 0.0925877 0.122159 0.140284 0.137674 0.11679 0.0795224 0.0287445 -0.0276052 -0.0812943 -0.12596 -0.154891 -0.162136 -0.149275 -0.113629 -0.0653526 -0.0179958 0.0516432 0.173021 0.295585 0.38924 0.439166 0.431009 0.362888 0.24415 0.0853934 -0.08881 -0.253259 -0.390741 -0.479042 -0.502376 -0.458128 -0.351541 -0.207936 -0.0621571 0.0956058 0.316306 0.536767 0.703645 0.787493 0.768653 0.643783 0.428345 0.147337 -0.161146 -0.454611 -0.698064 -0.855557 -0.901383 -0.8279 -0.644715 -0.392587 -0.121285 0.153022 0.50423 0.841659 1.09508 1.21692 1.17988 0.983481 0.651394 0.223749 -0.248806 -0.705048 -1.0816 -1.32591 -1.40482 -1.30388 -1.03067 -0.636442 -0.19903 0.240069 0.767701 1.25558 1.61318 1.77366 1.70855 1.41858 0.936352 0.319475 -0.360191 -1.01864 -1.56569 -1.92708 -2.05314 -1.91673 -1.53282 -0.959905 -0.310917 0.362329 1.12461 1.80812 2.29518 2.5011 2.3921 1.97725 1.30009 0.440791 -0.502009 -1.41512 -2.18083 -2.69951 -2.89271 -2.72251 -2.20535 -1.40703 -0.470155 0.529775 1.60474 2.53809 3.18459 3.44112 3.2713 2.69017 1.76226 0.59235 -0.685798 -1.92194 -2.9664 -3.68689 -3.97639 -3.7771 -3.09798 -2.01096 -0.682875 0.754305 2.23878 3.49589 4.33448 4.64766 4.39169 3.59671 2.34991 0.78822 -0.912432 -2.55849 -3.96084 -4.94319 -5.36334 -5.13864 -4.2577 -2.80904 -0.971903 1.05016 3.0619 4.72109 5.79738 6.16921 5.79634 4.72685 3.08111 1.03493 -1.19053 -3.35176 -5.20701 -6.52423 -7.11983 -6.8761 -5.75769 -3.85185 -1.36317 1.43754 4.12697 6.27781 7.6359 8.06271 7.53301 6.1181 3.97626 1.33411 -1.53468 -4.32959 -6.74307 -8.48465 -9.31176 -9.05735 -7.65809 -5.18414 -1.86789 1.93299 5.46876 8.22051 9.90689 10.3857 9.64906 7.80671 5.06089 1.6958 -1.95159 -5.514 -8.60829 -10.8742 -11.998 -11.7495 -10.0226 -6.86012 -2.50252 2.54993 7.12256 10.5948 12.6615 13.1828 12.1845 9.81858 6.34843 2.12086 -2.45193 -6.92451 -10.833 -13.7346 -15.2349 -15.0224 -12.9268 -8.94261 -3.3038 3.31108 9.13752 13.4541 15.9419 16.4873 15.1583 12.1665 7.8441 2.61524 -3.02988 -8.55988 -13.4268 -17.0949 -19.066 -18.9322 -16.4278 -11.4859 -4.3009 4.23999 11.5494 16.8301 19.7723 20.3055 18.5637 14.8384 9.54152 3.17817 -3.68148 -10.4171 -16.3884 -20.9537 -23.5005 -23.4999 -20.5656 -14.5258 -5.50394 5.34125 14.381 20.738 24.1455 24.6131 22.3666 17.7962 11.4073 3.78911 -4.40514 -12.4716 -19.6766 -25.2657 -28.5018 -28.7111 -25.344 -18.0815 -6.93516 6.62581 17.6273 25.1412 28.9935 29.3209 26.4702 20.9526 13.3796 4.42918 -5.17197 -14.65 -23.1862 -29.9179 -33.9705 -34.4949 -30.735 -22.1638 -8.60652 8.09572 21.2447 29.9469 34.1801 34.2535 30.6931 24.1533 15.3584 5.06858 -5.93504 -16.8323 -26.7391 -34.7032 -39.7014 -40.677 -36.6274 -26.7274 -10.51 9.71996 25.1463 34.9844 39.4525 39.1162 34.7346 27.1387 17.1712 5.64752 -6.63195 -18.8398 -30.0696 -39.296 -45.3538 -46.957 -42.7895 -31.6411 -12.6188 11.4554 29.1645 39.9479 44.3997 43.4449 38.1381 29.5243 18.5576 6.07129 -7.17043 -20.4003 -32.7573 -43.1869 -50.4 -52.8609 -48.8609 -36.6861 -14.8666 13.224 33.0138 44.363 48.4076 46.5575 40.248 30.7655 19.1529 6.21207 -7.41151 -21.1152 -34.1843 -45.6213 -54.0453 -57.6529 -54.2636 -41.511 -17.1496 14.8778 36.2586 47.5301 50.5826 47.4738 40.1176 30.0727 18.4422 5.90473 -7.14943 -20.4308 -33.5054 -45.5495 -55.1637 -60.2728 -58.1444 -45.5805 -19.2878 16.2126 38.2747 48.4541 49.6705 44.8341 36.453 26.3808 15.7235 4.90463 -6.12485 -17.5946 -29.5518 -41.5159 -52.1815 -59.2231 -59.2724 -48.0925 -21.0022 16.9373 38.1742 45.7389 43.9413 36.7882 27.5098 18.2659 10.0627 2.893 -3.98218 -11.5911 -20.7462 -31.5576 -42.9685 -52.4631 -55.9513 -47.9175 -21.9019 16.6192 34.7172 37.4961 31.0813 20.8772 10.9786 3.84593 0.238908 -0.537058 -0.244425 -1.08508 -5.01806 -13.0758 -24.6855 -37.244 -45.8733 -43.5151 -21.4419 14.6769 26.2529 21.2226 8.05079 -6.10531 -16.1338 -19.3165 -15.3314 -5.92186 5.69052 15.6337 20.2999 17.3076 6.3895 -9.93136 -25.9484 -32.7843 -18.8688 10.3473 10.5974 -6.3773 -29.11 -48.3005 -57.6664 -54.3144 -38.6489 -13.9215 14.6124 40.7611 58.6292 63.903 55.0134 34.1418 7.81426 -12.9672 -13.1556 2.60557 -15.1087 -49.5321 -85.4387 -110.94 -118.441 -105.015 -72.202 -25.3503 27.5083 77.0469 114.261 132.144 127.223 100.945 60.5658 19.5108 -2.97799 -9.88722 -54.5185 -113.604 -167.272 -200.554 -204.434 -176.194 -119.049 -41.2018 45.5996 127.878 192.493 228.765 230.533 197.957 138.823 69.2256 13.3782 -28.8204 -112.242 -205.295 -282.454 -325.159 -322.935 -273.636 -182.857 -62.637 70.4082 197.395 299.765 361.973 374.137 334.377 250.657 141.905 38.1135 -56.3256 -194.007 -332.837 -440.525 -494.425 -482.666 -404.209 -267.95 -90.9842 103.788 290.553 443.785 541.609 569.116 521.372 405.953 244.636 73.9556 -95.0521 -306.827 -506.193 -652.918 -719.83 -693.879 -575.91 -379.309 -127.724 147.963 413.184 633.609 779.25 828.552 772.229 616.589 386.03 124.269 -148.232 -459.175 -737.246 -933.085 -1014.71 -968.358 -797.827 -522.501 -174.4 205.593 572.036 879.644 1088.22 1167.59 1102.43 896.526 576.328 193.114 -219.755 -661.084 -1039.87 -1296.52 -1394.21 -1319.29 -1079.96 -703.517 -232.512 279.82 774.743 1193.57 1483.45 1603.29 1529.56 1261.82 827.47 285.299 -314.235 -924.231 -1429.92 -1760.61 -1875.02 -1760.94 -1432.91 -928.491 -303.35 374.285 1029.69 1588.06 1981.18 2154.29 2073.05 1730.44 1153.04 406.39 -437.021 -1261.92 -1925.07 -2344.31 -2474.88 -2308.02 -1867.24 -1203.22 -387.694 493.185 1345.81 2076.37 2598.3 2840.1 2753.5 2321.76 1567.98 562.657 -594.204 -1688.89 -2544.38 -3067.36 -3211.62 -2974.73 -2392.59 -1532.45 -485.435 641.257 1732.17 2671.51 3351.3 3679.96 3591.56 3055.72 2088.11 760.921 -792.542 -2220.95 -3307.43 -3949.13 -4101.66 -3773.17 -3016.26 -1918.86 -595.065 823.709 2197.29 3385.1 4254.72 4690.99 4606.13 3951.22 2729.06 1008.22 -1039.28 -2874.24 -4232.99 -5006.61 -5157.8 -4711.12 -3741.32 -2361.69 -713.029 1046.08 2748.24 4225.69 5318.86 5885.59 5811.75 5023.95 3504.84 1311.32 -1341.82 -3664.02 -5336.82 -6251.54 -6385.93 -5788.82 -4563.93 -2854.96 -832.985 1313.87 3389.21 5196.42 6546.67 7267.8 7214.78 6282.94 4425.43 1675.86 -1707.2 -4602.78 -6628.41 -7686.09 -7780.3 -6994.7 -5469.97 -3385.4 -945.127 1631.87 4119.59 6291.92 7929.66 8828.45 8808.17 7725.71 5493.24 2105.06 -2141.25 -5697.36 -8106.07 -9296.61 -9317.04 -8299.61 -6430.89 -3930.14 -1035.76 2002.91 4931.23 7494.36 9442.8 10538.9 10564.7 9331.67 6698.08 2597.68 -2647.32 -6944.65 -9749.74 -11044.7 -10945.2 -9649.55 -7398.89 -4454.64 -1087.67 2425.5 5804.67 8768.46 11038.4 12344 12428.2 11053.1 8009.77 3145.12 -3224.47 -8325.24 -11510.2 -12854.1 -12574.9 -10956.9 -8302.22 -4911.6 -1081.87 2890.04 6703.82 10055.3 12639 14153.2 14303.8 12803.3 9367.59 3726.72 -3865.07 -9793.99 -13292.7 -14592.3 -14061.4 -12090.9 -9041.71 -5241.92 -1001.54 3372.72 7568.49 11264.1 14129.7 15833.4 16047.3 14443 10665.3 4302.36 -4552.09 -11265.7 -14930.4 -16042.1 -15186.8 -12870.6 -9491.27 -5379.05 -838.591 3826.88 8303.73 12261 15347.9 17200.5 17457.6 15765.4 11730.2 4800.02 -5258.42 -12591 -16137.4 -16862.1 -15644.4 -13067.3 -9505.81 -5256.55 -601.774 4172.58 8765.59 12850.6 16065.9 18011.9 18277.6 16490.9 12295.8 5092.89 -5958.25 -13500.8 -16414.7 -16540.6 -15050.5 -12429.7 -8934.99 -4815.96 -323.305 4286.91 8744.57 12750.1 15954.3 17938.1 18203.8 16294.4 11982.9 4951.69 -6677.08 -13430.7 -14857.8 -14431.5 -13046.2 -10717.8 -7632.31 -4007.09 -59.5399 3999.21 7952.4 11558.1 14522.4 16460.3 16845.2 14923.5 10364.8 3943.76 -7653.57 -10625.7 -10218.9 -10237.1 -9370.9 -7702.15 -5437.01 -2775.6 116.498 3095.16 6020.83 8739.81 11061.2 12722.5 13319.7 12174.1 7620.04 1237.49 -6890.22 -2127.2 -3546.21 -3984.68 -3734.75 -3058.88 -2128.02 -1043.82 125.982 1329.78 2521.1 3650.18 4655.32 5451.46 5914.07 5826.74 4741.25 -2365.15 
Sigma_intensity 1 1800 float
959801 825796 714058 602883 493849 386850 283032 186580 116456 127781 207878 307250 412429 520027 628697 737753 845215 962689 949250 822676 707336 595868 485387 376365 269804 169451 95693.7 118138 207385 310233 416641 524309 632412 740457 849884 963701 938931 820268 704555 592006 480859 370763 262535 159329 81455.5 111635 206576 311595 418997 527233 635928 745475 857070 970184 928530 815992 702788 590487 479114 368565 259423 154305 72255.1 106547 204972 311509 419924 529157 639198 750570 863832 978733 918869 810991 700799 589912 479049 368567 259080 152806 66948 102085 202613 310325 419796 530256 641832 754989 870234 987996 910236 805996 698639 589601 479800 369846 260449 153601 64596.4 97986 199722 308393 418921 530668 643803 758794 876262 997060 902734 801353 696487 589355 480877 371758 262772 155773 64385.4 94228.4 196554 306022 417561 530579 645262 762100 881809 1.00542e+06 896357 797218 694468 589127 482036 373908 265532 158673 65611.8 90871.8 193335 303462 415944 530180 646357 764975 886783 1.01282e+06 891037 793641 692654 588914 483159 376062 268398 161861 67703.4 87977.4 190241 300905 414248 529623 647199 767463 891137 1.01919e+06 886671 790615 691074 588722 484190 378092 271166 165053 70228.5 85574.3 187392 298486 412600 529014 647861 769590 894864 1.02454e+06 883141 788105 689732 588555 485107 379930 273722 168072 72883.4 83652.6 184858 296289 411079 528418 648389 771387 897994 1.02894e+06 880329 786058 688613 588416 485902 381548 276004 170819 75469 82171.2 182668 294357 409730 527873 648813 772883 900575 1.03249e+06 878122 784413 687699 588303 486579 382940 277992 173247 77864.6 81069.2 180819 292702 408567 527395 649155 774109 902667 1.03532e+06 876414 783111 686964 588213 487145 384116 279688 175343 80006.4 80278.4 179292 291314 407588 526991 649428 775100 904336 1.03752e+06 875113 782097 686382 588144 487612 385092 281108 177116 81868.9 79732 178054 290174 406782 526657 649645 775889 905644 1.03921e+06 874140 781319 685928 588092 487992 385889 282277 178590 83452.1 79370.6 177066 289253 406131 526386 649816 776507 906653 1.04049e+06 873426 780732 685580 588054 488295 386531 283225 179795 84771.9 79144.6 176291 288522 405612 526171 649948 776983 907418 1.04143e+06 872914 780297 685317 588027 488535 387040 283982 180765 85853.1 79014.4 175692 287950 405207 526003 650048 777343 907986 1.0421e+06 872557 779983 685123 588009 488721 387437 284578 181534 86724.3 78949.9 175238 287511 404895 525874 650124 777611 908399 1.04257e+06 872317 779760 684983 587997 488864 387742 285039 182134 87415.3 78928.6 174899 287179 404659 525777 650179 777805 908690 1.04289e+06 872165 779609 684884 587989 488971 387973 285390 182595 87954.9 78934.5 174651 286933 404485 525705 650218 777943 908890 1.0431e+06 872075 779510 684817 587985 489050 388145 285652 182942 88369.3 78956.3 174474 286754 404358 525653 650246 778036 909020 1.04322e+06 872031 779450 684773 587983 489107 388269 285844 183200 88682.1 78986.2 174351 286628 404269 525617 650264 778097 909099 1.04328e+06 872017 779418 684747 587983 489147 388357 285982 183386 88913.6 79019.3 174269 286542 404207 525592 650275 778135 909141 1.0433e+06 872023 779404 684733 587984 489175 388417 286077 183518 89081.3 79052.2 174218 286485 404168 525576 650282 778155 909158 1.04329e+06 872041 779404 684727 587985 489192 388456 286141 183607 89199.4 79083.1 174188 286451 404143 525566 650285 778163 909159 1.04326e+06 872067 779412 684728 587987 489202 388480 286181 183665 89279.9 79110.9 174173 286432 404130 525561 650285 778163 909148 1.04323e+06 872095 779424 684731 587989 489208 388493 286204 183700 89332.1 79135.2 174169 286425 404125 525559 650284 778157 909131 1.04319e+06 872124 779439 684737 587990 489210 388498 286215 183719 89363.7 79156 174172 286424 404125 525559 650282 778149 909112 1.04315e+06 872151 779455 684744 587992 489209 388498 286217 183726 89380.5 79173.4 174179 286428 404128 525561 650280 778140 909091 1.04312e+06 872176 779470 684751 587993 489207 388495 286215 183726 89387.1 79187.7 174188 286435 404133 525563 650278 778130 909071 1.04309e+06 872198 779484 684758 587995 489205 388490 286209 183721 89386.8 79199.2 174198 286444 404139 525566 650275 778121 909053 1.04306e+06 872217 779496 684764 587996 489202 388484 286201 183713 89382.2 79208.4 174208 286452 404145 525568 650273 778112 909036 1.04303e+06 872233 779507 684770 587997 489199 388478 286193 183704 89375.2 79215.6 174218 286461 404151 525571 650271 778104 909022 1.04301e+06 872247 779516 684775 587997 489196 388472 286185 183694 89366.9 79221.2 174227 286469 404157 525573 650269 778097 909009 1.04299e+06 872258 779524 684779 587998 489193 388467 286177 183685 89358.4 79225.4 174235 286476 404162 525575 650267 778092 908999 1.04298e+06 872266 779531 684783 587999 489191 388462 286170 183677 89350.2 79228.5 174241 286482 404166 525577 650266 778087 908990 1.04297e+06 872273 779536 684786 587999 489189 388457 286164 183669 89342.5 79230.8 174247 286487 404170 525579 650265 778083 908983 1.04296e+06 872279 779540 684788 587999 489187 388454 286159 183663 89335.7 79232.4 174252 286491 404173 525580 650264 778079 908978 1.04295e+06 872283 779543 684790 587999 489185 388451 286154 183657 89329.8 79233.5 174256 286495 404176 525581 650263 778077 908974 1.04294e+06 872286 779546 684791 588000 489184 388448 286150 183652 89324.7 79234.3 174259 286498 404178 525582 650263 778075 908970 1.04294e+06 872289 779548 684792 588000 489183 388446 286147 183648 89320.4 79234.8 174261 286500 404180 525583 650262 778073 908968 1.04294e+06 872290 779549 684793 588000 489182 388444 286145 183645 89317 79235 174263 286502 404181 525583 650262 778072 908966 1.04293e+06 872292 779550 684794 588000 489182 388443 286143 183643 89314.2 79235.2 174264 286504 404182 525584 650262 778071 908965 1.04293e+06 872292 779551 684794 588000 489181 388442 286141 183641 89312 79235.2 174266 286505 404183 525584 650262 778070 908964 1.04293e+06 872293 779551 684795 588000 489181 388441 286140 183639 89310.2 79235.2 174266 286506 404183 525584 650261 778070 908963 1.04293e+06 872293 779552 684795 588000 489181 388441 286140 183638 89309 79235.2 174267 286506 404184 525584 650261 778070 908962 1.04293e+06 872294 779552 684795 588000 489181 388440 286139 183637 89308.1 79235.1 174267 286507 404184 525584 650261 778069 908962 1.04293e+06 872294 779552 684795 588000 489180 388440 286139 183637 89307.5 79235.1 174268 286507 404184 525584 650261 778069 908962 1.04293e+06 872294 779552 684795 588000 489180 388440 286138 183637 89307.2 79235.1 174268 286507 404184 525584 650261 778069 908962 1.04293e+06 872294 779552 684795 588000 489180 388440 286138 183637 89307.2 79235.1 174268 286507 404184 525584 650261 778069 908962 1.04293e+06 872294 779552 684795 588000 489180 388440 286139 183637 89307.5 79235.1 174268 286507 404184 525584 650261 778069 908962 1.04293e+06 872294 779552 684795 588000 489181 388440 286139 183637 89308.1 79235.1 174267 286507 404184 525584 650261 778069 908962 1.04293e+06 872293 779552 684795 588000 489181 388441 286140 183638 89309 79235.2 174267 286506 404184 525584 650261 778070 908962 1.04293e+06 872293 779551 684795 588000 489181 388441 286140 183639 89310.2 79235.2 174266 286506 404183 525584 650261 778070 908963 1.04293e+06 872292 779551 684794 588000 489181 388442 286141 183641 89312 79235.2 174266 286505 404183 525584 650262 778070 908964 1.04293e+06 872292 779550 684794 588000 489182 388443 286143 183643 89314.2 79235.2 174264 286504 404182 525584 650262 778071 908965 1.04293e+06 872290 779549 684793 588000 489182 388444 286145 183645 89317 79235 174263 286502 404181 525583 650262 778072 908966 1.04293e+06 872289 779548 684792 588000 489183 388446 286147 183648 89320.4 79234.8 174261 286500 404180 525583 650262 778073 908968 1.04294e+06 872286 779546 684791 588000 489184 388448 286150 183652 89324.7 79234.3 174259 286498 404178 525582 650263 778075 908970 1.04294e+06 872283 779543 684790 587999 489185 388451 286154 183657 89329.8 79233.5 174256 286495 404176 525581 650263 778077 908974 1.04294e+06 872279 779540 684788 587999 489187 388454 286159 183663 89335.7 79232.4 174252 286491 404173 525580 650264 778079 908978 1.04295e+06 872273 779536 684786 587999 489189 388457 286164 183669 89342.5 79230.8 174247 286487 404170 525579 650265 778083 908983 1.04296e+06 872266 779531 684783 587999 489191 388462 286170 183677 89350.2 79228.5 174241 286482 404166 525577 650266 778087 908990 1.04297e+06 872258 779524 684779 587998 489193 388467 286177 183685 89358.4 79225.4 174235 286476 404162 525575 650267 778092 908999 1.04298e+06 872247 779516 684775 587997 489196 388472 286185 183694 89366.9 79221.2 174227 286469 404157 525573 650269 778097 909009 1.04299e+06 872233 779507 684770 587997 489199 388478 286193 183704 89375.2 79215.6 174218 286461 404151 525571 650271 778104 909022 1.04301e+06 872217 779496 684765 587996 489202 388484 286201 183713 89382.2 79208.4 174208 286452 404145 525568 650273 778112 909036 1.04303e+06 872198 779484 684758 587995 489205 388490 286209 183721 89386.8 79199.2 174198 286444 404139 525566 650275 778121 909053 1.04306e+06 872176 779470 684751 587993 489207 388495 286215 183726 89387.1 79187.7 174188 286435 404133 525563 650278 778130 909071 1.04309e+06 872151 779455 684744 587992 489209 388498 286217 183726 89380.5 79173.4 174179 286428 404128 525561 650280 778140 909091 1.04312e+06 872124 779439 684737 587990 489210 388498 286215 183719 89363.7 79156 174172 286424 404125 525559 650282 778149 909112 1.04315e+06 872095 779424 684731 587989 489208 388493 286204 183700 89332.1 79135.2 174169 286425 404125 525559 650284 778157 909131 1.04319e+06 872067 779412 684728 587987 489202 388480 286181 183665 89279.9 79110.9 174173 286432 404130 525561 650285 778163 909148 1.04323e+06 872041 779404 684727 587985 489192 388456 286141 183607 89199.4 79083.1 174188 286451 404143 525566 650285 778163 909159 1.04326e+06 872023 779404 684733 587984 489175 388417 286077 183518 89081.3 79052.2 174218 286485 404168 525576 650282 778155 909158 1.04329e+06 872017 779418 684747 587983 489147 388357 285982 183386 88913.6 79019.3 174269 286542 404207 525592 650275 778135 909141 1.0433e+06 872031 779450 684773 587983 489107 388269 285844 183200 88682.1 78986.2 174351 286628 404269 525617 650264 778097 909099 1.04328e+06 872075 779510 684817 587985 489050 388145 285652 182942 88369.3 78956.3 174474 286754 404358 525653 650246 778036 909020 1.04322e+06 872165 779609 684884 587989 488971 387973 285390 182595 87954.9 78934.5 174651 286933 404485 525705 650218 777943 908890 1.0431e+06 872317 779760 684983 587997 488864 387742 285039 182134 87415.3 78928.6 174899 287179 404659 525777 650179 777805 908690 1.04289e+06 872557 779983 685123 588009 488721 387437 284578 181534 86724.3 78949.9 175238 287511 404895 525874 650124 777611 908399 1.04257e+06 872914 780297 685317 588027 488535 387040 283982 180765 85853.1 79014.4 175692 287950 405207 526003 650048 777343 907986 1.0421e+06 873426 780732 685580 588054 488295 386531 283225 179795 84771.9 79144.6 176291 288522 405612 526171 649948 776983 907418 1.04143e+06 874140 781319 685928 588092 487992 385889 282277 178590 83452.1 79370.6 177066 289253 406131 526386 649816 776507 906654 1.04049e+06 875113 782097 686382 588144 487612 385092 281108 177116 81868.9 79732 178054 290174 406782 526657 649645 775889 905644 1.03921e+06 876414 783111 686964 588213 487145 384116 279688 175343 80006.4 80278.4 179292 291314 407588 526991 649428 775100 904336 1.03752e+06 878122 784413 687699 588303 486579 382940 277992 173247 77864.6 81069.2 180819 292702 408567 527395 649155 774109 902667 1.03532e+06 880329 786058 688613 588416 485902 381548 276004 170819 75469 82171.2 182668 294357 409730 527873 648813 772883 900575 1.03249e+06 883141 788105 689732 588555 485107 379930 273722 168072 72883.4 83652.6 184858 296289 411079 528418 648389 771387 897994 1.02894e+06 886671 790615 691074 588722 484190 378092 271166 165053 70228.5 85574.3 187392 298486 412600 529014 647861 769590 894864 1.02454e+06 891037 793641 692654 588914 483159 376062 268398 161861 67703.4 87977.4 190241 300905 414248 529623 647199 767463 891137 1.01919e+06 896357 797218 694468 589127 482036 373908 265532 158673 65611.8 90871.8 193335 303462 415944 530180 646357 764975 886783 1.01282e+06 902734 801353 696487 589355 480877 371758 262772 155773 64385.4 94228.4 196554 306022 417561 530579 645262 762100 881809 1.00542e+06 910236 805996 698639 589601 479800 369846 260449 153601 64596.4 97986 199722 308393 418921 530668 643803 758794 876262 997060 918869 810991 700799 589912 479049 368567 259080 152806 66948 102085 202613 310325 419796 530256 641832 754989 870234 987996 928530 815992 702788 590487 479114 368565 259423 154305 72255.1 106547 204972 311509 419924 529157 639198 750570 863832 978733 938931 820268 704555 592006 480859 370763 262535 159329 81455.5 111635 206576 311595 418997 527233 635928 745475 857070 970184 949250 822676 707336 595868 485387 376365 269804 169451 95693.7 118138 207385 310233 416641 524309 632412 740457 849884 963701 959801 825796 714058 602883 493849 386850 283032 186580 116456 127781 207878 307250 412429 520027 628697 737753 845215 962689 
Element_space 1 1800 float
0.0039575 0.00383737 0.00372 0.00360533 0.00349334 0.00338397 0.00327719 0.00317296 0.00307124 0.00297198 0.00287514 0.00278069 0.00268858 0.00259877 0.00251122 0.00242589 0.00234273 0.00226171 0.0039575 0.00383737 0.00372 0.00360533 0.00349334 0.00338397 0.00327719 0.00317296 0.00307124 0.00297198 0.00287514 0.00278069 0.00268858 0.00259877 0.00251122 0.00242589 0.00234273 0.00226171 0.0039575 0.00383737 0.00372 0.00360533 0.00349334 0.00338397 0.00327719 0.00317296 0.00307124 0.00297198 0.00287514 0.00278069 0.00268858 0.00259877 0.00251122 0.00242589 0.00234273 0.00226171 0.0039575 0.00383737 0.00372 0.00360533 0.00349334 0.00338397 0.00327719 0.00317296 0.00307124 0.00297198 0.00287514 0.00278069 0.00268858 0.00259877 0.00251122 0.00242589 0.00234273 0.00226171 0.0039575 0.00383737 0.00372 0.00360533 0.00349334 0.00338397 0.00327719 0.00317296 0.00307124 0.00297198 0.00287514 0.00278069 0.00268858 0.00259877 0.00251122 0.00242589 0.00234273 0.00226171 0.0039575 0.00383737 0.00372 0.00360533 0.00349334 0.00338397 0.00327719 0.00317296 0.00307124 0.00297198 0.00287514 0.00278069 0.00268858 0.00259877 0.00251122 0.00242589 0.00234273 0.00226171 0.0039575 0.00383737 0.00372 0.00360533 0.00349334 0.00338397 0.00327719 0.00317296 0.00307124 0.00297198 0.00287514 0.00278069 0.00268858 0.00259877 0.00251122 0.00242589 0.00234273 0.00226171 0.0039575 0.00383737 0.00372 0.00360533 0.00349334 0.00338397 0.00327719 0.00317296 0.00307124 0.00297198 0.00287514 0.00278069 0.00268858 0.00259877 0.00251122 0.00242589 0.00234273 0.00226171 0.0039575 0.00383737 0.00372 0.00360533 0.00349334 0.00338397 0.00327719 0.00317296 0.00307124 0.00297198 0.00287514 0.00278069 0.00268858 0.00259877 0.00251122 0.00242589 0.00234273 0.00226171 0.0039575 0.00383737 0.00372 0.00360533 0.00349334 0.00338397 0.00327719 0.00317296 0.00307124 0.00297198 0.00287514 0.00278069 0.00268858 0.00259877 0.00251122 0.00242589 0.00234273 0.00226171 0.0039575 0.00383737 0.00372 0.00360533 0.00349334 0.00338397 0.00327719 0.00317296 0.00307124 0.00297198 0.00287514 0.00278069 0.00268858 0.00259877 0.00251122 0.00242589 0.00234273 0.00226171 0.0039575 0.00383737 0.00372 0.00360533 0.00349334 0.00338397 0.00327719 0.00317296 0.00307124 0.00297198 0.00287514 0.00278069 0.00268858 0.00259877 0.00251122 0.00242589 0.00234273 0.00226171 0.0039575 0.00383737 0.00372 0.00360533 0.00349334 0.00338397 0.00327719 0.00317296 0.00307124 0.00297198 0.00287514 0.00278069 0.00268858 0.00259877 0.00251122 0.00242589 0.00234273 0.00226171 0.0039575 0.00383737 0.00372 0.00360533 0.00349334 0.00338397 0.00327719 0.00317296 0.00307124 0.00297198 0.00287514 0.00278069 0.00268858 0.00259877 0.00251122 0.00242589 0.00234273 0.00226171 0.0039575 0.00383737 0.00372 0.00360533 0.00349334 0.00338397 0.00327719 0.00317296 0.00307124 0.00297198 0.00287514 0.00278069 0.00268858 0.00259877 0.00251122 0.00242589 0.00234273 0.00226171 0.0039575 0.00383737 0.00372 0.00360533 0.00349334 0.00338397 0.00327719 0.00317296 0.00307124 0.00297198 0.00287514 0.00278069 0.00268858 0.00259877 0.00251122 0.00242589 0.00234273 0.00226171 0.0039575 0.00383737 0.00372 0.00360533 0.00349334 0.00338397 0.00327719 0.00317296 0.00307124 0.00297198 0.00287514 0.00278069 0.00268858 0.00259877 0.00251122 0.00242589 0.00234273 0.00226171 0.0039575 0.00383737 0.00372 0.00360533 0.00349334 0.00338397 0.00327719 0.00317296 0.00307124 0.00297198 0.00287514 0.00278069 0.00268858 0.00259877 0.00251122 0.00242589 0.00234273 0.00226171 0.0039575 0.00383737 0.00372 0.00360533 0.00349334 0.00338397 0.00327719 0.00317296 0.00307124 0.00297198 0.00287514 0.00278069 0.00268858 0.00259877 0.00251122 0.00242589 0.00234273 0.00226171 0.0039575 0.00383737 0.00372 0.00360533 0.00349334 0.00338397 0.00327719 0.00317296 0.00307124 0.00297198 0.00287514 0.00278069 0.00268858 0.00259877 0.00251122 0.00242589 0.00234273 0.00226171 0.0039575 0.00383737 0.00372 0.00360533 0.00349334 0.00338397 0.00327719 0.00317296 0.00307124 0.00297198 0.00287514 0.00278069 0.00268858 0.00259877 0.00251122 0.00242589 0.00234273 0.00226171 0.0039575 0.00383737 0.00372 0.00360533 0.00349334 0.00338397 0.00327719 0.00317296 0.00307124 0.00297198 0.00287514 0.00278069 0.00268858 0.00259877 0.00251122 0.00242589 0.00234273 0.00226171 0.0039575 0.00383737 0.00372 0.00360533 0.00349334 0.00338397 0.00327719 0.00317296 0.00307124 0.00297198 0.00287514 0.00278069 0.00268858 0.00259877 0.00251122 0.00242589 0.00234273 0.00226171 0.0039575 0.00383737 0.00372 0.00360533 0.00349334 0.00338397 0.00327719 0.00317296 0.00307124 0.00297198 0.00287514 0.00278069 0.00268858 0.00259877 0.00251122 0.00242589 0.00234273 0.00226171 0.0039575 0.00383737 0.00372 0.00360533 0.00349334 0.00338397 0.00327719 0.00317296 0.00307124 0.00297198 0.00287514 0.00278069 0.00268858 0.00259877 0.00251122 0.00242589 0.00234273 0.00226171 0.0039575 0.00383737 0.00372 0.00360533 0.00349334 0.00338397 0.00327719 0.00317296 0.00307124 0.00297198 0.00287514 0.00278069 0.00268858 0.00259877 0.00251122 0.00242589 0.00234273 0.00226171 0.0039575 0.00383737 0.00372 0.00360533 0.00349334 0.00338397 0.00327719 0.00317296 0.00307124 0.00297198 0.00287514 0.00278069 0.00268858 0.00259877 0.00251122 0.00242589 0.00234273 0.00226171 0.0039575 0.00383737 0.00372 0.00360533 0.00349334 0.00338397 0.00327719 0.00317296 0.00307124 0.00297198 0.00287514 0.00278069 0.00268858 0.00259877 0.00251122 0.00242589 0.00234273 0.00226171 0.0039575 0.00383737 0.00372 0.00360533 0.00349334 0.00338397 0.00327719 0.00317296 0.00307124 0.00297198 0.00287514 0.00278069 0.00268858 0.00259877 0.00251122 0.00242589 0.00234273 0.00226171 0.0039575 0.00383737 0.00372 0.00360533 0.00349334 0.00338397 0.00327719 0.00317296 0.00307124 0.00297198 0.00287514 0.00278069 0.00268858 0.00259877 0.00251122 0.00242589 0.00234273 0.00226171 0.0039575 0.00383737 0.00372 0.00360533 0.00349334 0.00338397 0.00327719 0.00317296 0.00307124 0.00297198 0.00287514 0.00278069 0.00268858 0.00259877 0.00251122 0.00242589 0.00234273 0.00226171 0.0039575 0.00383737 0.00372 0.00360533 0.00349334 0.00338397 0.00327719 0.00317296 0.00307124 0.00297198 0.00287514 0.00278069 0.00268858 0.00259877 0.00251122 0.00242589 0.00234273 0.00226171 0.0039575 0.00383737 0.00372 0.00360533 0.00349334 0.00338397 0.00327719 0.00317296 0.00307124 0.00297198 0.00287514 0.00278069 0.00268858 0.00259877 0.00251122 0.00242589 0.00234273 0.00226171 0.0039575 0.00383737 0.00372 0.00360533 0.00349334 0.00338397 0.00327719 0.00317296 0.00307124 0.00297198 0.00287514 0.00278069 0.00268858 0.00259877 0.00251122 0.00242589 0.00234273 0.00226171 0.0039575 0.00383737 0.00372 0.00360533 0.00349334 0.00338397 0.00327719 0.00317296 0.00307124 0.00297198 0.00287514 0.00278069 0.00268858 0.00259877 0.00251122 0.00242589 0.00234273 0.00226171 0.0039575 0.00383737 0.00372 0.00360533 0.00349334 0.00338397 0.00327719 0.00317296 0.00307124 0.00297198 0.00287514 0.00278069 0.00268858 0.00259877 0.00251122 0.00242589 0.00234273 0.00226171 0.0039575 0.00383737 0.00372 0.00360533 0.00349334 0.00338397 0.00327719 0.00317296 0.00307124 0.00297198 0.00287514 0.00278069 0.00268858 0.00259877 0.00251122 0.00242589 0.00234273 0.00226171 0.0039575 0.00383737 0.00372 0.00360533 0.00349334 0.00338397 0.00327719 0.00317296 0.00307124 0.00297198 0.00287514 0.00278069 0.00268858 0.00259877 0.00251122 0.00242589 0.00234273 0.00226171 0.0039575 0.00383737 0.00372 0.00360533 0.00349334 0.00338397 0.00327719 0.00317296 0.00307124 0.00297198 0.00287514 0.00278069 0.00268858 0.00259877 0.00251122 0.00242589 0.00234273 0.00226171 0.0039575 0.00383737 0.00372 0.00360533 0.00349334 0.00338397 0.00327719 0.00317296 0.00307124 0.00297198 0.00287514 0.00278069 0.00268858 0.00259877 0.00251122 0.00242589 0.00234273 0.00226171 0.0039575 0.00383737 0.00372 0.00360533 0.00349334 0.00338397 0.00327719 0.00317296 0.00307124 0.00297198 0.00287514 0.00278069 0.00268858 0.00259877 0.00251122 0.00242589 0.00234273 0.00226171 0.0039575 0.00383737 0.00372 0.00360533 0.00349334 0.00338397 0.00327719 0.00317296 0.00307124 0.00297198 0.00287514 0.00278069 0.00268858 0.00259877 0.00251122 0.00242589 0.00234273 0.00226171 0.0039575 0.00383737 0.00372 0.00360533 0.00349334 0.00338397 0.00327719 0.00317296 0.00307124 0.00297198 0.00287514 0.00278069 0.00268858 0.00259877 0.00251122 0.00242589 0.00234273 0.00226171 0.0039575 0.00383737 0.00372 0.00360533 0.00349334 0.00338397 0.00327719 0.00317296 0.00307124 0.00297198 0.00287514 0.00278069 0.00268858 0.00259877 0.00251122 0.00242589 0.00234273 0.00226171 0.0039575 0.00383737 0.00372 0.00360533 0.00349334 0.00338397 0.00327719 0.00317296 0.00307124 0.00297198 0.00287514 0.00278069 0.00268858 0.00259877 0.00251122 0.00242589 0.00234273 0.00226171 0.0039575 0.00383737 0.00372 0.00360533 0.00349334 0.00338397 0.00327719 0.00317296 0.00307124 0.00297198 0.00287514 0.00278069 0.00268858 0.00259877 0.00251122 0.00242589 0.00234273 0.00226171 0.0039575 0.00383737 0.00372 0.00360533 0.00349334 0.00338397 0.00327719 0.00317296 0.00307124 0.00297198 0.00287514 0.00278069 0.00268858 0.00259877 0.00251122 0.00242589 0.00234273 0.00226171 0.0039575 0.00383737 0.00372 0.00360533 0.00349334 0.00338397 0.00327719 0.00317296 0.00307124 0.00297198 0.00287514 0.00278069 0.00268858 0.00259877 0.00251122 0.00242589 0.00234273 0.00226171 0.0039575 0.00383737 0.00372 0.00360533 0.00349334 0.00338397 0.00327719 0.00317296 0.00307124 0.00297198 0.00287514 0.00278069 0.00268858 0.00259877 0.00251122 0.00242589 0.00234273 0.00226171 0.0039575 0.00383737 0.00372 0.00360533 0.00349334 0.00338397 0.00327719 0.00317296 0.00307124 0.00297198 0.00287514 0.00278069 0.00268858 0.00259877 0.00251122 0.00242589 0.00234273 0.00226171 0.0039575 0.00383737 0.00372 0.00360533 0.00349334 0.00338397 0.00327719 0.00317296 0.00307124 0.00297198 0.00287514 0.00278069 0.00268858 0.00259877 0.00251122 0.00242589 0.00234273 0.00226171 0.0039575 0.00383737 0.00372 0.00360533 0.00349334 0.00338397 0.00327719 0.00317296 0.00307124 0.00297198 0.00287514 0.00278069 0.00268858 0.00259877 0.00251122 0.00242589 0.00234273 0.00226171 0.0039575 0.00383737 0.00372 0.00360533 0.00349334 0.00338397 0.00327719 0.00317296 0.00307124 0.00297198 0.00287514 0.00278069 0.00268858 0.00259877 0.00251122 0.00242589 0.00234273 0.00226171 0.0039575 0.00383737 0.00372 0.00360533 0.00349334 0.00338397 0.00327719 0.00317296 0.00307124 0.00297198 0.00287514 0.00278069 0.00268858 0.00259877 0.00251122 0.00242589 0.00234273 0.00226171 0.0039575 0.00383737 0.00372 0.00360533 0.00349334 0.00338397 0.00327719 0.00317296 0.00307124 0.00297198 0.00287514 0.00278069 0.00268858 0.00259877 0.00251122 0.00242589 0.00234273 0.00226171 0.0039575 0.00383737 0.00372 0.00360533 0.00349334 0.00338397 0.00327719 0.00317296 0.00307124 0.00297198 0.00287514 0.00278069 0.00268858 0.00259877 0.00251122 0.00242589 0.00234273 0.00226171 0.0039575 0.00383737 0.00372 0.00360533 0.00349334 0.00338397 0.00327719 0.00317296 0.00307124 0.00297198 0.00287514 0.00278069 0.00268858 0.00259877 0.00251122 0.00242589 0.00234273 0.00226171 0.0039575 0.00383737 0.00372 0.00360533 0.00349334 0.00338397 0.00327719 0.00317296 0.00307124 0.00297198 0.00287514 0.00278069 0.00268858 0.00259877 0.00251122 0.00242589 0.00234273 0.00226171 0.0039575 0.00383737 0.00372 0.00360533 0.00349334 0.00338397 0.00327719 0.00317296 0.00307124 0.00297198 0.00287514 0.00278069 0.00268858 0.00259877 0.00251122 0.00242589 0.00234273 0.00226171 0.0039575 0.00383737 0.00372 0.00360533 0.00349334 0.00338397 0.00327719 0.00317296 0.00307124 0.00297198 0.00287514 0.00278069 0.00268858 0.00259877 0.00251122 0.00242589 0.00234273 0.00226171 0.0039575 0.00383737 0.00372 0.00360533 0.00349334 0.00338397 0.00327719 0.00317296 0.00307124 0.00297198 0.00287514 0.00278069 0.00268858 0.00259877 0.00251122 0.00242589 0.00234273 0.00226171 0.0039575 0.00383737 0.00372 0.00360533 0.00349334 0.00338397 0.00327719 0.00317296 0.00307124 0.00297198 0.00287514 0.00278069 0.00268858 0.00259877 0.00251122 0.00242589 0.00234273 0.00226171 0.0039575 0.00383737 0.00372 0.00360533 0.00349334 0.00338397 0.00327719 0.00317296 0.00307124 0.00297198 0.00287514 0.00278069 0.00268858 0.00259877 0.00251122 0.00242589 0.00234273 0.00226171 0.0039575 0.00383737 0.00372 0.00360533 0.00349334 0.00338397 0.00327719 0.00317296 0.00307124 0.00297198 0.00287514 0.00278069 0.00268858 0.00259877 0.00251122 0.00242589 0.00234273 0.00226171 0.0039575 0.00383737 0.00372 0.00360533 0.00349334 0.00338397 0.00327719 0.00317296 0.00307124 0.00297198 0.00287514 0.00278069 0.00268858 0.00259877 0.00251122 0.00242589 0.00234273 0.00226171 0.0039575 0.00383737 0.00372 0.00360533 0.00349334 0.00338397 0.00327719 0.00317296 0.00307124 0.00297198 0.00287514 0.00278069 0.00268858 0.00259877 0.00251122 0.00242589 0.00234273 0.00226171 0.0039575 0.00383737 0.00372 0.00360533 0.00349334 0.00338397 0.00327719 0.00317296 0.00307124 0.00297198 0.00287514 0.00278069 0.00268858 0.00259877 0.00251122 0.00242589 0.00234273 0.00226171 0.0039575 0.00383737 0.00372 0.00360533 0.00349334 0.00338397 0.00327719 0.00317296 0.00307124 0.00297198 0.00287514 0.00278069 0.00268858 0.00259877 0.00251122 0.00242589 0.00234273 0.00226171 0.0039575 0.00383737 0.00372 0.00360533 0.00349334 0.00338397 0.00327719 0.00317296 0.00307124 0.00297198 0.00287514 0.00278069 0.00268858 0.00259877 0.00251122 0.00242589 0.00234273 0.00226171 0.0039575 0.00383737 0.00372 0.00360533 0.00349334 0.00338397 0.00327719 0.00317296 0.00307124 0.00297198 0.00287514 0.00278069 0.00268858 0.00259877 0.00251122 0.00242589 0.00234273 0.00226171 0.0039575 0.00383737 0.00372 0.00360533 0.00349334 0.00338397 0.00327719 0.00317296 0.00307124 0.00297198 0.00287514 0.00278069 0.00268858 0.00259877 0.00251122 0.00242589 0.00234273 0.00226171 0.0039575 0.00383737 0.00372 0.00360533 0.00349334 0.00338397 0.00327719 0.00317296 0.00307124 0.00297198 0.00287514 0.00278069 0.00268858 0.00259877 0.00251122 0.00242589 0.00234273 0.00226171 0.0039575 0.00383737 0.00372 0.00360533 0.00349334 0.00338397 0.00327719 0.00317296 0.00307124 0.00297198 0.00287514 0.00278069 0.00268858 0.00259877 0.00251122 0.00242589 0.00234273 0.00226171 0.0039575 0.00383737 0.00372 0.00360533 0.00349334 0.00338397 0.00327719 0.00317296 0.00307124 0.00297198 0.00287514 0.00278069 0.00268858 0.00259877 0.00251122 0.00242589 0.00234273 0.00226171 0.0039575 0.00383737 0.00372 0.00360533 0.00349334 0.00338397 0.00327719 0.00317296 0.00307124 0.00297198 0.00287514 0.00278069 0.00268858 0.00259877 0.00251122 0.00242589 0.00234273 0.00226171 0.0039575 0.00383737 0.00372 0.00360533 0.00349334 0.00338397 0.00327719 0.00317296 0.00307124 0.00297198 0.00287514 0.00278069 0.00268858 0.00259877 0.00251122 0.00242589 0.00234273 0.00226171 0.0039575 0.00383737 0.00372 0.00360533 0.00349334 0.00338397 0.00327719 0.00317296 0.00307124 0.00297198 0.00287514 0.00278069 0.00268858 0.00259877 0.00251122 0.00242589 0.00234273 0.00226171 0.0039575 0.00383737 0.00372 0.00360533 0.00349334 0.00338397 0.00327719 0.00317296 0.00307124 0.00297198 0.00287514 0.00278069 0.00268858 0.00259877 0.00251122 0.00242589 0.00234273 0.00226171 0.0039575 0.00383737 0.00372 0.00360533 0.00349334 0.00338397 0.00327719 0.00317296 0.00307124 0.00297198 0.00287514 0.00278069 0.00268858 0.00259877 0.00251122 0.00242589 0.00234273 0.00226171 0.0039575 0.00383737 0.00372 0.00360533 0.00349334 0.00338397 0.00327719 0.00317296 0.00307124 0.00297198 0.00287514 0.00278069 0.00268858 0.00259877 0.00251122 0.00242589 0.00234273 0.00226171 0.0039575 0.00383737 0.00372 0.00360533 0.00349334 0.00338397 0.00327719 0.00317296 0.00307124 0.00297198 0.00287514 0.00278069 0.00268858 0.00259877 0.00251122 0.00242589 0.00234273 0.00226171 0.0039575 0.00383737 0.00372 0.00360533 0.00349334 0.00338397 0.00327719 0.00317296 0.00307124 0.00297198 0.00287514 0.00278069 0.00268858 0.00259877 0.00251122 0.00242589 0.00234273 0.00226171 0.0039575 0.00383737 0.00372 0.00360533 0.00349334 0.00338397 0.00327719 0.00317296 0.00307124 0.00297198 0.00287514 0.00278069 0.00268858 0.00259877 0.00251122 0.00242589 0.00234273 0.00226171 0.0039575 0.00383737 0.00372 0.00360533 0.00349334 0.00338397 0.00327719 0.00317296 0.00307124 0.00297198 0.00287514 0.00278069 0.00268858 0.00259877 0.00251122 0.00242589 0.00234273 0.00226171 0.0039575 0.00383737 0.00372 0.00360533 0.00349334 0.00338397 0.00327719 0.00317296 0.00307124 0.00297198 0.00287514 0.00278069 0.00268858 0.00259877 0.00251122 0.00242589 0.00234273 0.00226171 0.0039575 0.00383737 0.00372 0.00360533 0.00349334 0.00338397 0.00327719 0.00317296 0.00307124 0.00297198 0.00287514 0.00278069 0.00268858 0.00259877 0.00251122 0.00242589 0.00234273 0.00226171 0.0039575 0.00383737 0.00372 0.00360533 0.00349334 0.00338397 0.00327719 0.00317296 0.00307124 0.00297198 0.00287514 0.00278069 0.00268858 0.00259877 0.00251122 0.00242589 0.00234273 0.00226171 0.0039575 0.00383737 0.00372 0.00360533 0.00349334 0.00338397 0.00327719 0.00317296 0.00307124 0.00297198 0.00287514 0.00278069 0.00268858 0.00259877 0.00251122 0.00242589 0.00234273 0.00226171 0.0039575 0.00383737 0.00372 0.00360533 0.00349334 0.00338397 0.00327719 0.00317296 0.00307124 0.00297198 0.00287514 0.00278069 0.00268858 0.00259877 0.00251122 0.00242589 0.00234273 0.00226171 0.0039575 0.00383737 0.00372 0.00360533 0.00349334 0.00338397 0.00327719 0.00317296 0.00307124 0.00297198 0.00287514 0.00278069 0.00268858 0.00259877 0.00251122 0.00242589 0.00234273 0.00226171 0.0039575 0.00383737 0.00372 0.00360533 0.00349334 0.00338397 0.00327719 0.00317296 0.00307124 0.00297198 0.00287514 0.00278069 0.00268858 0.00259877 0.00251122 0.00242589 0.00234273 0.00226171 0.0039575 0.00383737 0.00372 0.00360533 0.00349334 0.00338397 0.00327719 0.00317296 0.00307124 0.00297198 0.00287514 0.00278069 0.00268858 0.00259877 0.00251122 0.00242589 0.00234273 0.00226171 0.0039575 0.00383737 0.00372 0.00360533 0.00349334 0.00338397 0.00327719 0.00317296 0.00307124 0.00297198 0.00287514 0.00278069 0.00268858 0.00259877 0.00251122 0.00242589 0.00234273 0.00226171 0.0039575 0.00383737 0.00372 0.00360533 0.00349334 0.00338397 0.00327719 0.00317296 0.00307124 0.00297198 0.00287514 0.00278069 0.00268858 0.00259877 0.00251122 0.00242589 0.00234273 0.00226171 0.0039575 0.00383737 0.00372 0.00360533 0.00349334 0.00338397 0.00327719 0.00317296 0.00307124 0.00297198 0.00287514 0.00278069 0.00268858 0.00259877 0.00251122 0.00242589 0.00234273 0.00226171 0.0039575 0.00383737 0.00372 0.00360533 0.00349334 0.00338397 0.00327719 0.00317296 0.00307124 0.00297198 0.00287514 0.00278069 0.00268858 0.00259877 0.00251122 0.00242589 0.00234273 0.00226171 0.0039575 0.00383737 0.00372 0.00360533 0.00349334 0.00338397 0.00327719 0.00317296 0.00307124 0.00297198 0.00287514 0.00278069 0.00268858 0.00259877 0.00251122 0.00242589 0.00234273 0.00226171 0.0039575 0.00383737 0.00372 0.00360533 0.00349334 0.00338397 0.00327719 0.00317296 0.00307124 0.00297198 0.00287514 0.00278069 0.00268858 0.00259877 0.00251122 0.00242589 0.00234273 0.00226171 0.0039575 0.00383737 0.00372 0.00360533 0.00349334 0.00338397 0.00327719 0.00317296 0.00307124 0.00297198 0.00287514 0.00278069 0.00268858 0.00259877 0.00251122 0.00242589 0.00234273 0.00226171 0.0039575 0.00383737 0.00372 0.00360533 0.00349334 0.00338397 0.00327719 0.00317296 0.00307124 0.00297198 0.00287514 0.00278069 0.00268858 0.00259877 0.00251122 0.00242589 0.00234273 0.00226171 
Element_aspect_ratio 1 1800 float
1.02682 1.02805 1.02908 1.02988 1.03045 1.03078 1.03084 1.03063 1.03014 1.02935 1.02825 1.02682 1.02505 1.02292 1.02042 1.01753 1.01593 1.01587 1.02682 1.02805 1.02908 1.02988 1.03045 1.03078 1.03084 1.03063 1.03014 1.02935 1.02825 1.02682 1.02505 1.02292 1.02042 1.01753 1.01593 1.01587 1.02682 1.02805 1.02908 1.02988 1.03045 1.03078 1.03084 1.03063 1.03014 1.02935 1.02825 1.02682 1.02505 1.02292 1.02042 1.01753 1.01593 1.01587 1.02682 1.02805 1.02908 1.02988 1.03045 1.03078 1.03084 1.03063 1.03014 1.02935 1.02825 1.02682 1.02505 1.02292 1.02042 1.01753 1.01593 1.01587 1.02682 1.02805 1.02908 1.02988 1.03045 1.03078 1.03084 1.03063 1.03014 1.02935 1.02825 1.02682 1.02505 1.02292 1.02042 1.01753 1.01593 1.01587 1.02682 1.02805 1.02908 1.02988 1.03045 1.03078 1.03084 1.03063 1.03014 1.02935 1.02825 1.02682 1.02505 1.02292 1.02042 1.01753 1.01593 1.01587 1.02682 1.02805 1.02908 1.02988 1.03045 1.03078 1.03084 1.03063 1.03014 1.02935 1.02825 1.02682 1.02505 1.02292 1.02042 1.01753 1.01593 1.01587 1.02682 1.02805 1.02908 1.02988 1.03045 1.03078 1.03084 1.03063 1.03014 1.02935 1.02825 1.02682 1.02505 1.02292 1.02042 1.01753 1.01593 1.01587 1.02682 1.02805 1.02908 1.02988 1.03045 1.03078 1.03084 1.03063 1.03014 1.02935 1.02825 1.02682 1.02505 1.02292 1.02042 1.01753 1.01593 1.01587 1.02682 1.02805 1.02908 1.02988 1.03045 1.03078 1.03084 1.03063 1.03014 1.02935 1.02825 1.02682 1.02505 1.02292 1.02042 1.01753 1.01593 1.01587 1.02682 1.02805 1.02908 1.02988 1.03045 1.03078 1.03084 1.03063 1.03014 1.02935 1.02825 1.02682 1.02505 1.02292 1.02042 1.01753 1.01593 1.01587 1.02682 1.02805 1.02908 1.02988 1.03045 1.03078 1.03084 1.03063 1.03014 1.02935 1.02825 1.02682 1.02505 1.02292 1.02042 1.01753 1.01593 1.01587 1.02682 1.02805 1.02908 1.02988 1.03045 1.03078 1.03084 1.03063 1.03014 1.02935 1.02825 1.02682 1.02505 1.02292 1.02042 1.01753 1.01593 1.01587 1.02682 1.02805 1.02908 1.02988 1.03045 1.03078 1.03084 1.03063 1.03014 1.02935 1.02825 1.02682 1.02505 1.02292 1.02042 1.01753 1.01593 1.01587 1.02682 1.02805 1.02908 1.02988 1.03045 1.03078 1.03084 1.03063 1.03014 1.02935 1.02825 1.02682 1.02505 1.02292 1.02042 1.01753 1.01593 1.01587 1.02682 1.02805 1.02908 1.02988 1.03045 1.03078 1.03084 1.03063 1.03014 1.02935 1.02825 1.02682 1.02505 1.02292 1.02042 1.01753 1.01593 1.01587 1.02682 1.02805 1.02908 1.02988 1.03045 1.03078 1.03084 1.03063 1.03014 1.02935 1.02825 1.02682 1.02505 1.02292 1.02042 1.01753 1.01593 1.01587 1.02682 1.02805 1.02908 1.02988 1.03045 1.03078 1.03084 1.03063 1.03014 1.02935 1.02825 1.02682 1.02505 1.02292 1.02042 1.01753 1.01593 1.01587 1.02682 1.02805 1.02908 1.02988 1.03045 1.03078 1.03084 1.03063 1.03014 1.02935 1.02825 1.02682 1.02505 1.02292 1.02042 1.01753 1.01593 1.01587 1.02682 1.02805 1.02908 1.02988 1.03045 1.03078 1.03084 1.03063 1.03014 1.02935 1.02825 1.02682 1.02505 1.02292 1.02042 1.01753 1.01593 1.01587 1.02682 1.02805 1.02908 1.02988 1.03045 1.03078 1.03084 1.03063 1.03014 1.02935 1.02825 1.02682 1.02505 1.02292 1.02042 1.01753 1.01593 1.01587 1.02682 1.02805 1.02908 1.02988 1.03045 1.03078 1.03084 1.03063 1.03014 1.02935 1.02825 1.02682 1.02505 1.02292 1.02042 1.01753 1.01593 1.01587 1.02682 1.02805 1.02908 1.02988 1.03045 1.03078 1.03084 1.03063 1.03014 1.02935 1.02825 1.02682 1.02505 1.02292 1.02042 1.01753 1.01593 1.01587 1.02682 1.02805 1.02908 1.02988 1.03045 1.03078 1.03084 1.03063 1.03014 1.02935 1.02825 1.02682 1.02505 1.02292 1.02042 1.01753 1.01593 1.01587 1.02682 1.02805 1.02908 1.02988 1.03045 1.03078 1.03084 1.03063 1.03014 1.02935 1.02825 1.02682 1.02505 1.02292 1.02042 1.01753 1.01593 1.01587 1.02682 1.02805 1.02908 1.02988 1.03045 1.03078 1.03084 1.03063 1.03014 1.02935 1.02825 1.02682 1.02505 1.02292 1.02042 1.01753 1.01593 1.01587 1.02682 1.02805 1.02908 1.02988 1.03045 1.03078 1.03084 1.03063 1.03014 1.02935 1.02825 1.02682 1.02505 1.02292 1.02042 1.01753 1.01593 1.01587 1.02682 1.02805 1.02908 1.02988 1.03045 1.03078 1.03084 1.03063 1.03014 1.02935 1.02825 1.02682 1.02505 1.02292 1.02042 1.01753 1.01593 1.01587 1.02682 1.02805 1.02908 1.02988 1.03045 1.03078 1.03084 1.03063 1.03014 1.02935 1.02825 1.02682 1.02505 1.02292 1.02042 1.01753 1.01593 1.01587 1.02682 1.02805 1.02908 1.02988 1.03045 1.03078 1.03084 1.03063 1.03014 1.02935 1.02825 1.02682 1.02505 1.02292 1.02042 1.01753 1.01593 1.01587 1.02682 1.02805 1.02908 1.02988 1.03045 1.03078 1.03084 1.03063 1.03014 1.02935 1.02825 1.02682 1.02505 1.02292 1.02042 1.01753 1.01593 1.01587 1.02682 1.02805 1.02908 1.02988 1.03045 1.03078 1.03084 1.03063 1.03014 1.02935 1.02825 1.02682 1.02505 1.02292 1.02042 1.01753 1.01593 1.01587 1.02682 1.02805 1.02908 1.02988 1.03045 1.03078 1.03084 1.03063 1.03014 1.02935 1.02825 1.02682 1.02505 1.02292 1.02042 1.01753 1.01593 1.01587 1.02682 1.02805 1.02908 1.02988 1.03045 1.03078 1.03084 1.03063 1.03014 1.02935 1.02825 1.02682 1.02505 1.02292 1.02042 1.01753 1.01593 1.01587 1.02682 1.02805 1.02908 1.02988 1.03045 1.03078 1.03084 1.03063 1.03014 1.02935 1.02825 1.02682 1.02505 1.02292 1.02042 1.01753 1.01593 1.01587 1.02682 1.02805 1.02908 1.02988 1.03045 1.03078 1.03084 1.03063 1.03014 1.02935 1.02825 1.02682 1.02505 1.02292 1.02042 1.01753 1.01593 1.01587 1.02682 1.02805 1.02908 1.02988 1.03045 1.03078 1.03084 1.03063 1.03014 1.02935 1.02825 1.02682 1.02505 1.02292 1.02042 1.01753 1.01593 1.01587 1.02682 1.02805 1.02908 1.02988 1.03045 1.03078 1.03084 1.03063 1.03014 1.02935 1.02825 1.02682 1.02505 1.02292 1.02042 1.01753 1.01593 1.01587 1.02682 1.02805 1.02908 1.02988 1.03045 1.03078 1.03084 1.03063 1.03014 1.02935 1.02825 1.02682 1.02505 1.02292 1.02042 1.01753 1.01593 1.01587 1.02682 1.02805 1.02908 1.02988 1.03045 1.03078 1.03084 1.03063 1.03014 1.02935 1.02825 1.02682 1.02505 1.02292 1.02042 1.01753 1.01593 1.01587 1.02682 1.02805 1.02908 1.02988 1.03045 1.03078 1.03084 1.03063 1.03014 1.02935 1.02825 1.02682 1.02505 1.02292 1.02042 1.01753 1.01593 1.01587 1.02682 1.02805 1.02908 1.02988 1.03045 1.03078 1.03084 1.03063 1.03014 1.02935 1.02825 1.02682 1.02505 1.02292 1.02042 1.01753 1.01593 1.01587 1.02682 1.02805 1.02908 1.02988 1.03045 1.03078 1.03084 1.03063 1.03014 1.02935 1.02825 1.02682 1.02505 1.02292 1.02042 1.01753 1.01593 1.01587 1.02682 1.02805 1.02908 1.02988 1.03045 1.03078 1.03084 1.03063 1.03014 1.02935 1.02825 1.02682 1.02505 1.02292 1.02042 1.01753 1.01593 1.01587 1.02682 1.02805 1.02908 1.02988 1.03045 1.03078 1.03084 1.03063 1.03014 1.02935 1.02825 1.02682 1.02505 1.02292 1.02042 1.01753 1.01593 1.01587 1.02682 1.02805 1.02908 1.02988 1.03045 1.03078 1.03084 1.03063 1.03014 1.02935 1.02825 1.02682 1.02505 1.02292 1.02042 1.01753 1.01593 1.01587 1.02682 1.02805 1.02908 1.02988 1.03045 1.03078 1.03084 1.03063 1.03014 1.02935 1.02825 1.02682 1.02505 1.02292 1.02042 1.01753 1.01593 1.01587 1.02682 1.02805 1.02908 1.02988 1.03045 1.03078 1.03084 1.03063 1.03014 1.02935 1.02825 1.02682 1.02505 1.02292 1.02042 1.01753 1.01593 1.01587 1.02682 1.02805 1.02908 1.02988 1.03045 1.03078 1.03084 1.03063 1.03014 1.02935 1.02825 1.02682 1.02505 1.02292 1.02042 1.01753 1.01593 1.01587 1.02682 1.02805 1.02908 1.02988 1.03045 1.03078 1.03084 1.03063 1.03014 1.02935 1.02825 1.02682 1.02505 1.02292 1.02042 1.01753 1.01593 1.01587 1.02682 1.02805 1.02908 1.02988 1.03045 1.03078 1.03084 1.03063 1.03014 1.02935 1.02825 1.02682 1.02505 1.02292 1.02042 1.01753 1.01593 1.01587 1.02682 1.02805 1.02908 1.02988 1.03045 1.03078 1.03084 1.03063 1.03014 1.02935 1.02825 1.02682 1.02505 1.02292 1.02042 1.01753 1.01593 1.01587 1.02682 1.02805 1.02908 1.02988 1.03045 1.03078 1.03084 1.03063 1.03014 1.02935 1.02825 1.02682 1.02505 1.02292 1.02042 1.01753 1.01593 1.01587 1.02682 1.02805 1.02908 1.02988 1.03045 1.03078 1.03084 1.03063 1.03014 1.02935 1.02825 1.02682 1.02505 1.02292 1.02042 1.01753 1.01593 1.01587 1.02682 1.02805 1.02908 1.02988 1.03045 1.03078 1.03084 1.03063 1.03014 1.02935 1.02825 1.02682 1.02505 1.02292 1.02042 1.01753 1.01593 1.01587 1.02682 1.02805 1.02908 1.02988 1.03045 1.03078 1.03084 1.03063 1.03014 1.02935 1.02825 1.02682 1.02505 1.02292 1.02042 1.01753 1.01593 1.01587 1.02682 1.02805 1.02908 1.02988 1.03045 1.03078 1.03084 1.03063 1.03014 1.02935 1.02825 1.02682 1.02505 1.02292 1.02042 1.01753 1.01593 1.01587 1.02682 1.02805 1.02908 1.02988 1.03045 1.03078 1.03084 1.03063 1.03014 1.02935 1.02825 1.02682 1.02505 1.02292 1.02042 1.01753 1.01593 1.01587 1.02682 1.02805 1.02908 1.02988 1.03045 1.03078 1.03084 1.03063 1.03014 1.02935 1.02825 1.02682 1.02505 1.02292 1.02042 1.01753 1.01593 1.01587 1.02682 1.02805 1.02908 1.02988 1.03045 1.03078 1.03084 1.03063 1.03014 1.02935 1.02825 1.02682 1.02505 1.02292 1.02042 1.01753 1.01593 1.01587 1.02682 1.02805 1.02908 1.02988 1.03045 1.03078 1.03084 1.03063 1.03014 1.02935 1.02825 1.02682 1.02505 1.02292 1.02042 1.01753 1.01593 1.01587 1.02682 1.02805 1.02908 1.02988 1.03045 1.03078 1.03084 1.03063 1.03014 1.02935 1.02825 1.02682 1.02505 1.02292 1.02042 1.01753 1.01593 1.01587 1.02682 1.02805 1.02908 1.02988 1.03045 1.03078 1.03084 1.03063 1.03014 1.02935 1.02825 1.02682 1.02505 1.02292 1.02042 1.01753 1.01593 1.01587 1.02682 1.02805 1.02908 1.02988 1.03045 1.03078 1.03084 1.03063 1.03014 1.02935 1.02825 1.02682 1.02505 1.02292 1.02042 1.01753 1.01593 1.01587 1.02682 1.02805 1.02908 1.02988 1.03045 1.03078 1.03084 1.03063 1.03014 1.02935 1.02825 1.02682 1.02505 1.02292 1.02042 1.01753 1.01593 1.01587 1.02682 1.02805 1.02908 1.02988 1.03045 1.03078 1.03084 1.03063 1.03014 1.02935 1.02825 1.02682 1.02505 1.02292 1.02042 1.01753 1.01593 1.01587 1.02682 1.02805 1.02908 1.02988 1.03045 1.03078 1.03084 1.03063 1.03014 1.02935 1.02825 1.02682 1.02505 1.02292 1.02042 1.01753 1.01593 1.01587 1.02682 1.02805 1.02908 1.02988 1.03045 1.03078 1.03084 1.03063 1.03014 1.02935 1.02825 1.02682 1.02505 1.02292 1.02042 1.01753 1.01593 1.01587 1.02682 1.02805 1.02908 1.02988 1.03045 1.03078 1.03084 1.03063 1.03014 1.02935 1.02825 1.02682 1.02505 1.02292 1.02042 1.01753 1.01593 1.01587 1.02682 1.02805 1.02908 1.02988 1.03045 1.03078 1.03084 1.03063 1.03014 1.02935 1.02825 1.02682 1.02505 1.02292 1.02042 1.01753 1.01593 1.01587 1.02682 1.02805 1.02908 1.02988 1.03045 1.03078 1.03084 1.03063 1.03014 1.02935 1.02825 1.02682 1.02505 1.02292 1.02042 1.01753 1.01593 1.01587 1.02682 1.02805 1.02908 1.02988 1.03045 1.03078 1.03084 1.03063 1.03014 1.02935 1.02825 1.02682 1.02505 1.02292 1.02042 1.01753 1.01593 1.01587 1.02682 1.02805 1.02908 1.02988 1.03045 1.03078 1.03084 1.03063 1.03014 1.02935 1.02825 1.02682 1.02505 1.02292 1.02042 1.01753 1.01593 1.01587 1.02682 1.02805 1.02908 1.02988 1.03045 1.03078 1.03084 1.03063 1.03014 1.02935 1.02825 1.02682 1.02505 1.02292 1.02042 1.01753 1.01593 1.01587 1.02682 1.02805 1.02908 1.02988 1.03045 1.03078 1.03084 1.03063 1.03014 1.02935 1.02825 1.02682 1.02505 1.02292 1.02042 1.01753 1.01593 1.01587 1.02682 1.02805 1.02908 1.02988 1.03045 1.03078 1.03084 1.03063 1.03014 1.02935 1.02825 1.02682 1.02505 1.02292 1.02042 1.01753 1.01593 1.01587 1.02682 1.02805 1.02908 1.02988 1.03045 1.03078 1.03084 1.03063 1.03014 1.02935 1.02825 1.02682 1.02505 1.02292 1.02042 1.01753 1.01593 1.01587 1.02682 1.02805 1.02908 1.02988 1.03045 1.03078 1.03084 1.03063 1.03014 1.02935 1.02825 1.02682 1.02505 1.02292 1.02042 1.01753 1.01593 1.01587 1.02682 1.02805 1.02908 1.02988 1.03045 1.03078 1.03084 1.03063 1.03014 1.02935 1.02825 1.02682 1.02505 1.02292 1.02042 1.01753 1.01593 1.01587 1.02682 1.02805 1.02908 1.02988 1.03045 1.03078 1.03084 1.03063 1.03014 1.02935 1.02825 1.02682 1.02505 1.02292 1.02042 1.01753 1.01593 1.01587 1.02682 1.02805 1.02908 1.02988 1.03045 1.03078 1.03084 1.03063 1.03014 1.02935 1.02825 1.02682 1.02505 1.02292 1.02042 1.01753 1.01593 1.01587 1.02682 1.02805 1.02908 1.02988 1.03045 1.03078 1.03084 1.03063 1.03014 1.02935 1.02825 1.02682 1.02505 1.02292 1.02042 1.01753 1.01593 1.01587 1.02682 1.02805 1.02908 1.02988 1.03045 1.03078 1.03084 1.03063 1.03014 1.02935 1.02825 1.02682 1.02505 1.02292 1.02042 1.01753 1.01593 1.01587 1.02682 1.02805 1.02908 1.02988 1.03045 1.03078 1.03084 1.03063 1.03014 1.02935 1.02825 1.02682 1.02505 1.02292 1.02042 1.01753 1.01593 1.01587 1.02682 1.02805 1.02908 1.02988 1.03045 1.03078 1.03084 1.03063 1.03014 1.02935 1.02825 1.02682 1.02505 1.02292 1.02042 1.01753 1.01593 1.01587 1.02682 1.02805 1.02908 1.02988 1.03045 1.03078 1.03084 1.03063 1.03014 1.02935 1.02825 1.02682 1.02505 1.02292 1.02042 1.01753 1.01593 1.01587 1.02682 1.02805 1.02908 1.02988 1.03045 1.03078 1.03084 1.03063 1.03014 1.02935 1.02825 1.02682 1.02505 1.02292 1.02042 1.01753 1.01593 1.01587 1.02682 1.02805 1.02908 1.02988 1.03045 1.03078 1.03084 1.03063 1.03014 1.02935 1.02825 1.02682 1.02505 1.02292 1.02042 1.01753 1.01593 1.01587 1.02682 1.02805 1.02908 1.02988 1.03045 1.03078 1.03084 1.03063 1.03014 1.02935 1.02825 1.02682 1.02505 1.02292 1.02042 1.01753 1.01593 1.01587 1.02682 1.02805 1.02908 1.02988 1.03045 1.03078 1.03084 1.03063 1.03014 1.02935 1.02825 1.02682 1.02505 1.02292 1.02042 1.01753 1.01593 1.01587 1.02682 1.02805 1.02908 1.02988 1.03045 1.03078 1.03084 1.03063 1.03014 1.02935 1.02825 1.02682 1.02505 1.02292 1.02042 1.01753 1.01593 1.01587 1.02682 1.02805 1.02908 1.02988 1.03045 1.03078 1.03084 1.03063 1.03014 1.02935 1.02825 1.02682 1.02505 1.02292 1.02042 1.01753 1.01593 1.01587 1.02682 1.02805 1.02908 1.02988 1.03045 1.03078 1.03084 1.03063 1.03014 1.02935 1.02825 1.02682 1.02505 1.02292 1.02042 1.01753 1.01593 1.01587 1.02682 1.02805 1.02908 1.02988 1.03045 1.03078 1.03084 1.03063 1.03014 1.02935 1.02825 1.02682 1.02505 1.02292 1.02042 1.01753 1.01593 1.01587 1.02682 1.02805 1.02908 1.02988 1.03045 1.03078 1.03084 1.03063 1.03014 1.02935 1.02825 1.02682 1.02505 1.02292 1.02042 1.01753 1.01593 1.01587 1.02682 1.02805 1.02908 1.02988 1.03045 1.03078 1.03084 1.03063 1.03014 1.02935 1.02825 1.02682 1.02505 1.02292 1.02042 1.01753 1.01593 1.01587 1.02682 1.02805 1.02908 1.02988 1.03045 1.03078 1.03084 1.03063 1.03014 1.02935 1.02825 1.02682 1.02505 1.02292 1.02042 1.01753 1.01593 1.01587 1.02682 1.02805 1.02908 1.02988 1.03045 1.03078 1.03084 1.03063 1.03014 1.02935 1.02825 1.02682 1.02505 1.02292 1.02042 1.01753 1.01593 1.01587 1.02682 1.02805 1.02908 1.02988 1.03045 1.03078 1.03084 1.03063 1.03014 1.02935 1.02825 1.02682 1.02505 1.02292 1.02042 1.01753 1.01593 1.01587 1.02682 1.02805 1.02908 1.02988 1.03045 1.03078 1.03084 1.03063 1.03014 1.02935 1.02825 1.02682 1.02505 1.02292 1.02042 1.01753 1.01593 1.01587 
Element_skew_angle 1 1800 float
0 0 0 0 0 0 0 0 0 0 0 0 0 0 0 0 0 0 0 0 0 0 0 0 0 0 0 0 0 0 0 0 0 0 0 0 0 0 0 0 0 0 0 0 0 0 0 0 0 0 0 0 0 0 0 0 0 0 0 0 0 0 0 0 0 0 0 0 0 0 0 0 0 0 0 0 0 0 0 0 0 0 0 0 0 0 0 0 0 0 0 0 0 0 0 0 0 0 0 0 0 0 0 0 0 0 0 0 0 0 0 0 0 0 0 0 0 0 0 0 0 0 0 0 0 0 0 0 0 0 0 0 0 0 0 0 0 0 0 0 0 0 0 0 0 0 0 0 0 0 0 0 0 0 0 0 0 0 0 0 0 0 0 0 0 0 0 0 0 0 0 0 0 0 0 0 0 0 0 0 0 0 0 0 0 0 0 0 0 0 0 0 0 0 0 0 0 0 0 0 0 0 0 0 0 0 0 0 0 0 0 0 0 0 0 0 0 0 0 0 0 0 0 0 0 0 0 0 0 0 0 0 0 0 0 0 0 0 0 0 0 0 0 0 0 0 0 0 0 0 0 0 0 0 0 0 0 0 0 0 0 0 0 0 0 0 0 0 0 0 0 0 0 0 0 0 0 0 0 0 0 0 0 0 0 0 0 0 0 0 0 0 0 0 0 0 0 0 0 0 0 0 0 0 0 0 0 0 0 0 0 0 0 0 0 0 0 0 0 0 0 0 0 0 0 0 0 0 0 0 0 0 0 0 0 0 0 0 0 0 0 0 0 0 0 0 0 0 0 0 0 0 0 0 0 0 0 0 0 0 0 0 0 0 0 0 0 0 0 0 0 0 0 0 0 0 0 0 0 0 0 0 0 0 0 0 0 0 0 0 0 0 0 0 0 0 0 0 0 0 0 0 0 0 0 0 0 0 0 0 0 0 0 0 0 0 0 0 0 0 0 0 0 0 0 0 0 0 0 0 0 0 0 0 0 0 0 0 0 0 0 0 0 0 0 0 0 0 0 0 0 0 0 0 0 0 0 0 0 0 0 0 0 0 0 0 0 0 0 0 0 0 0 0 0 0 0 0 0 0 0 0 0 0 0 0 0 0 0 0 0 0 0 0 0 0 0 0 0 0 0 0 0 0 0 0 0 0 0 0 0 0 0 0 0 0 0 0 0 0 0 0 0 0 0 0 0 0 0 0 0 0 0 0 0 0 0 0 0 0 0 0 0 0 0 0 0 0 0 0 0 0 0 0 0 0 0 0 0 0 0 0 0 0 0 0 0 0 0 0 0 0 0 0 0 0 0 0 0 0 0 0 0 0 0 0 0 0 0 0 0 0 0 0 0 0 0 0 0 0 0 0 0 0 0 0 0 0 0 0 0 0 0 0 0 0 0 0 0 0 0 0 0 0 0 0 0 0 0 0 0 0 0 0 0 0 0 0 0 0 0 0 0 0 0 0 0 0 0 0 0 0 0 0 0 0 0 0 0 0 0 0 0 0 0 0 0 0 0 0 0 0 0 0 0 0 0 0 0 0 0 0 0 0 0 0 0 0 0 0 0 0 0 0 0 0 0 0 0 0 0 0 0 0 0 0 0 0 0 0 0 0 0 0 0 0 0 0 0 0 0 0 0 0 0 0 0 0 0 0 0 0 0 0 0 0 0 0 0 0 0 0 0 0 0 0 0 0 0 0 0 0 0 0 0 0 0 0 0 0 0 0 0 0 0 0 0 0 0 0 0 0 0 0 0 0 0 0 0 0 0 0 0 0 0 0 0 0 0 0 0 0 0 0 0 0 0 0 0 0 0 0 0 0 0 0 0 0 0 0 0 0 0 0 0 0 0 0 0 0 0 0 0 0 0 0 0 0 0 0 0 0 0 0 0 0 0 0 0 0 0 0 0 0 0 0 0 0 0 0 0 0 0 0 0 0 0 0 0 0 0 0 0 0 0 0 0 0 0 0 0 0 0 0 0 0 0 0 0 0 0 0 0 0 0 0 0 0 0 0 0 0 0 0 0 0 0 0 0 0 0 0 0 0 0 0 0 0 0 0 0 0 0 0 0 0 0 0 0 0 0 0 0 0 0 0 0 0 0 0 0 0 0 0 0 0 0 0 0 0 0 0 0 0 0 0 0 0 0 0 0 0 0 0 0 0 0 0 0 0 0 0 0 0 0 0 0 0 0 0 0 0 0 0 0 0 0 0 0 0 0 0 0 0 0 0 0 0 0 0 0 0 0 0 0 0 0 0 0 0 0 0 0 0 0 0 0 0 0 0 0 0 0 0 0 0 0 0 0 0 0 0 0 0 0 0 0 0 0 0 0 0 0 0 0 0 0 0 0 0 0 0 0 0 0 0 0 0 0 0 0 0 0 0 0 0 0 0 0 0 0 0 0 0 0 0 0 0 0 0 0 0 0 0 0 0 0 0 0 0 0 0 0 0 0 0 0 0 0 0 0 0 0 0 0 0 0 0 0 0 0 0 0 0 0 0 0 0 0 0 0 0 0 0 0 0 0 0 0 0 0 0 0 0 0 0 0 0 0 0 0 0 0 0 0 0 0 0 0 0 0 0 0 0 0 0 0 0 0 0 0 0 0 0 0 0 0 0 0 0 0 0 0 0 0 0 0 0 0 0 0 0 0 0 0 0 0 0 0 0 0 0 0 0 0 0 0 0 0 0 0 0 0 0 0 0 0 0 0 0 0 0 0 0 0 0 0 0 0 0 0 0 0 0 0 0 0 0 0 0 0 0 0 0 0 0 0 0 0 0 0 0 0 0 0 0 0 0 0 0 0 0 0 0 0 0 0 0 0 0 0 0 0 0 0 0 0 0 0 0 0 0 0 0 0 0 0 0 0 0 0 0 0 0 0 0 0 0 0 0 0 0 0 0 0 0 0 0 0 0 0 0 0 0 0 0 0 0 0 0 0 0 0 0 0 0 0 0 0 0 0 0 0 0 0 0 0 0 0 0 0 0 0 0 0 0 0 0 0 0 0 0 0 0 0 0 0 0 0 0 0 0 0 0 0 0 0 0 0 0 0 0 0 0 0 0 0 0 0 0 0 0 0 0 0 0 0 0 0 0 0 0 0 0 0 0 0 0 0 0 0 0 0 0 0 0 0 0 0 0 0 0 0 0 0 0 0 0 0 0 0 0 0 0 0 0 0 0 0 0 0 0 0 0 0 0 0 0 0 0 0 0 0 0 0 0 0 0 0 0 0 0 0 0 0 0 0 0 0 0 0 0 0 0 0 0 0 0 0 0 0 0 0 0 0 0 0 0 0 0 0 0 0 0 0 0 0 0 0 0 0 0 0 0 0 0 0 0 0 0 0 0 0 0 0 0 0 0 0 0 0 0 0 0 0 0 0 0 0 0 0 0 0 0 0 0 0 0 0 0 0 0 0 0 0 0 0 0 0 0 0 0 0 0 0 0 0 0 0 0 0 0 0 0 0 0 0 0 0 0 0 0 0 0 0 0 0 0 0 0 0 0 0 0 0 0 0 0 0 0 0 0 0 0 0 0 0 0 0 0 0 0 0 0 0 0 0 0 0 0 0 0 0 0 0 0 0 0 0 0 0 0 0 0 0 0 0 0 0 0 0 0 0 0 0 0 0 0 0 0 0 0 0 0 0 0 0 0 0 0 0 0 0 0 0 0 0 0 0 0 0 0 0 0 0 0 0 0 0 0 0 0 0 0 0 0 0 0 0 0 0 0 0 0 0 0 0 0 0 0 0 0 0 0 0 0 0 0 0 0 0 0 0 0 0 0 0 0 0 0 0 0 0 0 0 0 0 0 0 0 0 0 0 0 0 0 0 0 0 0 0 0 0 0 0 0 0 0 0 0 0 0 0 0 0 0 0 0 0 0 0 0 0 0 0 0 0 0 0 0 0 0 0 0 0 0 0 0 0 0 0 0 0 0 0 0 0 0 0 0 0 0 0 0 0 0 0 0 0 0 0 0 0 0 0 0 0 0 0 0 0 0 0 0 0 0 0 0 0 0 0 0 0 0 0 0 0 0 0 0 0 0 0 0 0 0 0 0 0 0 
POINT_DATA 1919
SCALARS NodeID int 1
LOOKUP_TABLE my_table
0
1
2
3
4
5
6
7
8
9
10
11
12
13
14
15
16
17
18
19
20
21
22
23
24
25
26
27
28
29
30
31
32
33
34
35
36
37
38
39
40
41
42
43
44
45
46
47
48
49
50
51
52
53
54
55
56
57
58
59
60
61
62
63
64
65
66
67
68
69
70
71
72
73
74
75
76
77
78
79
80
81
82
83
84
85
86
87
88
89
90
91
92
93
94
95
96
97
98
99
100
101
102
103
104
105
106
107
108
109
110
111
112
113
114
115
116
117
118
119
120
121
122
123
124
125
126
127
128
129
130
131
132
133
134
135
136
137
138
139
140
141
142
143
144
145
146
147
148
149
150
151
152
153
154
155
156
157
158
159
160
161
162
163
164
165
166
167
168
169
170
171
172
173
174
175
176
177
178
179
180
181
182
183
184
185
186
187
188
189
190
191
192
193
194
195
196
197
198
199
200
201
202
203
204
205
206
207
208
209
210
211
212
213
214
215
216
217
218
219
220
221
222
223
224
225
226
227
228
229
230
231
232
233
234
235
236
237
238
239
240
241
242
243
244
245
246
247
248
249
250
251
252
253
254
255
256
257
258
259
260
261
262
263
264
265
266
267
268
269
270
271
272
273
274
275
276
277
278
279
280
281
282
283
284
285
286
287
288
289
290
291
292
293
294
295
296
297
298
299
300
301
302
303
304
305
306
307
308
309
310
311
312
313
314
315
316
317
318
319
320
321
322
323
324
325
326
327
328
329
330
331
332
333
334
335
336
337
338
339
340
341
342
343
344
345
346
347
348
349
350
351
352
353
354
355
356
357
358
359
360
361
362
363
364
365
366
367
368
369
370
371
372
373
374
375
376
377
378
379
380
381
382
383
384
385
386
387
388
389
390
391
392
393
394
395
396
397
398
399
400
401
402
403
404
405
406
407
408
409
410
411
412
413
414
415
416
417
418
419
420
421
422
423
424
425
426
427
428
429
430
431
432
433
434
435
436
437
438
439
440
441
442
443
444
445
446
447
448
449
450
451
452
453
454
455
456
457
458
459
460
461
462
463
464
465
466
467
468
469
470
471
472
473
474
475
476
477
478
479
480
481
482
483
484
485
486
487
488
489
490
491
492
493
494
495
496
497
498
499
500
501
502
503
504
505
506
507
508
509
510
511
512
513
514
515
516
517
518
519
520
521
522
523
524
525
526
527
528
529
530
531
532
533
534
535
536
537
538
539
540
541
542
543
544
545
546
547
548
549
550
551
552
553
554
555
556
557
558
559
560
561
562
563
564
565
566
567
568
569
570
571
572
573
574
575
576
577
578
579
580
581
582
583
584
585
586
587
588
589
590
591
592
593
594
595
596
597
598
599
600
601
602
603
604
605
606
607
608
609
610
611
612
613
614
615
616
617
618
619
620
621
622
623
624
625
626
627
628
629
630
631
632
633
634
635
636
637
638
639
640
641
642
643
644
645
646
647
648
649
650
651
652
653
654
655
656
657
658
659
660
661
662
663
664
665
666
667
668
669
670
671
672
673
674
675
676
677
678
679
680
681
682
683
684
685
686
687
688
689
690
691
692
693
694
695
696
697
698
699
700
701
702
703
704
705
706
707
708
709
710
711
712
713
714
715
716
717
718
719
720
721
722
723
724
725
726
727
728
729
730
731
732
733
734
735
736
737
738
739
740
741
742
743
744
745
746
747
748
749
750
751
752
753
754
755
756
757
758
759
760
761
762
763
764
765
766
767
768
769
770
771
772
773
774
775
776
777
778
779
780
781
782
783
784
785
786
787
788
789
790
791
792
793
794
795
796
797
798
799
800
801
802
803
804
805
806
807
808
809
810
811
812
813
814
815
816
817
818
819
820
821
822
823
824
825
826
827
828
829
830
831
832
833
834
835
836
837
838
839
840
841
842
843
844
845
846
847
848
849
850
851
852
853
854
855
856
857
858
859
860
861
862
863
864
865
866
867
868
869
870
871
872
873
874
875
876
877
878
879
880
881
882
883
884
885
886
887
888
889
890
891
892
893
894
895
896
897
898
899
900
901
902
903
904
905
906
907
908
909
910
911
912
913
914
915
916
917
918
919
920
921
922
923
924
925
926
927
928
929
930
931
932
933
934
935
936
937
938
939
940
941
942
943
944
945
946
947
948
949
950
951
952
953
954
955
956
957
958
959
960
961
962
963
964
965
966
967
968
969
970
971
972
973
974
975
976
977
978
979
980
981
982
983
984
985
986
987
988
989
990
991
992
993
994
995
996
997
998
999
1000
1001
1002
1003
1004
1005
1006
1007
1008
1009
1010
1011
1012
1013
1014
1015
1016
1017
1018
1019
1020
1021
1022
1023
1024
1025
1026
1027
1028
1029
1030
1031
1032
1033
1034
1035
1036
1037
1038
1039
1040
1041
1042
1043
1044
1045
1046
1047
1048
1049
1050
1051
1052
1053
1054
1055
1056
1057
1058
1059
1060
1061
1062
1063
1064
1065
1066
1067
1068
1069
1070
1071
1072
1073
1074
1075
1076
1077
1078
1079
1080
1081
1082
1083
1084
1085
1086
1087
1088
1089
1090
1091
1092
1093
1094
1095
1096
1097
1098
1099
1100
1101
1102
1103
1104
1105
1106
1107
1108
1109
1110
1111
1112
1113
1114
1115
1116
1117
1118
1119
1120
1121
1122
1123
1124
1125
1126
1127
1128
1129
1130
1131
1132
1133
1134
1135
1136
1137
1138
1139
1140
1141
1142
1143
1144
1145
1146
1147
1148
1149
1150
1151
1152
1153
1154
1155
1156
1157
1158
1159
1160
1161
1162
1163
1164
1165
1166
1167
1168
1169
1170
1171
1172
1173
1174
1175
1176
1177
1178
1179
1180
1181
1182
1183
1184
1185
1186
1187
1188
1189
1190
1191
1192
1193
1194
1195
1196
1197
1198
1199
1200
1201
1202
1203
1204
1205
1206
1207
1208
1209
1210
1211
1212
1213
1214
1215
1216
1217
1218
1219
1220
1221
1222
1223
1224
1225
1226
1227
1228
1229
1230
1231
1232
1233
1234
1235
1236
1237
1238
1239
1240
1241
1242
1243
1244
1245
1246
1247
1248
1249
1250
1251
1252
1253
1254
1255
1256
1257
1258
1259
1260
1261
1262
1263
1264
1265
1266
1267
1268
1269
1270
1271
1272
1273
1274
1275
1276
1277
1278
1279
1280
1281
1282
1283
1284
1285
1286
1287
1288
1289
1290
1291
1292
1293
1294
1295
1296
1297
1298
1299
1300
1301
1302
1303
1304
1305
1306
1307
1308
1309
1310
1311
1312
1313
1314
1315
1316
1317
1318
1319
1320
1321
1322
1323
1324
1325
1326
1327
1328
1329
1330
1331
1332
1333
1334
1335
1336
1337
1338
1339
1340
1341
1342
1343
1344
1345
1346
1347
1348
1349
1350
1351
1352
1353
1354
1355
1356
1357
1358
1359
1360
1361
1362
1363
1364
1365
1366
1367
1368
1369
1370
1371
1372
1373
1374
1375
1376
1377
1378
1379
1380
1381
1382
1383
1384
1385
1386
1387
1388
1389
1390
1391
1392
1393
1394
1395
1396
1397
1398
1399
1400
1401
1402
1403
1404
1405
1406
1407
1408
1409
1410
1411
1412
1413
1414
1415
1416
1417
1418
1419
1420
1421
1422
1423
1424
1425
1426
1427
1428
1429
1430
1431
1432
1433
1434
1435
1436
1437
1438
1439
1440
1441
1442
1443
1444
1445
1446
1447
1448
1449
1450
1451
1452
1453
1454
1455
1456
1457
1458
1459
1460
1461
1462
1463
1464
1465
1466
1467
1468
1469
1470
1471
1472
1473
1474
1475
1476
1477
1478
1479
1480
1481
1482
1483
1484
1485
1486
1487
1488
1489
1490
1491
1492
1493
1494
1495
1496
1497
1498
1499
1500
1501
1502
1503
1504
1505
1506
1507
1508
1509
1510
1511
1512
1513
1514
1515
1516
1517
1518
1519
1520
1521
1522
1523
1524
1525
1526
1527
1528
1529
1530
1531
1532
1533
1534
1535
1536
1537
1538
1539
1540
1541
1542
1543
1544
1545
1546
1547
1548
1549
1550
1551
1552
1553
1554
1555
1556
1557
1558
1559
1560
1561
1562
1563
1564
1565
1566
1567
1568
1569
1570
1571
1572
1573
1574
1575
1576
1577
1578
1579
1580
1581
1582
1583
1584
1585
1586
1587
1588
1589
1590
1591
1592
1593
1594
1595
1596
1597
1598
1599
1600
1601
1602
1603
1604
1605
1606
1607
1608
1609
1610
1611
1612
1613
1614
1615
1616
1617
1618
1619
1620
1621
1622
1623
1624
1625
1626
1627
1628
1629
1630
1631
1632
1633
1634
1635
1636
1637
1638
1639
1640
1641
1642
1643
1644
1645
1646
1647
1648
1649
1650
1651
1652
1653
1654
1655
1656
1657
1658
1659
1660
1661
1662
1663
1664
1665
1666
1667
1668
1669
1670
1671
1672
1673
1674
1675
1676
1677
1678
1679
1680
1681
1682
1683
1684
1685
1686
1687
1688
1689
1690
1691
1692
1693
1694
1695
1696
1697
1698
1699
1700
1701
1702
1703
1704
1705
1706
1707
1708
1709
1710
1711
1712
1713
1714
1715
1716
1717
1718
1719
1720
1721
1722
1723
1724
1725
1726
1727
1728
1729
1730
1731
1732
1733
1734
1735
1736
1737
1738
1739
1740
1741
1742
1743
1744
1745
1746
1747
1748
1749
1750
1751
1752
1753
1754
1755
1756
1757
1758
1759
1760
1761
1762
1763
1764
1765
1766
1767
1768
1769
1770
1771
1772
1773
1774
1775
1776
1777
1778
1779
1780
1781
1782
1783
1784
1785
1786
1787
1788
1789
1790
1791
1792
1793
1794
1795
1796
1797
1798
1799
1800
1801
1802
1803
1804
1805
1806
1807
1808
1809
1810
1811
1812
1813
1814
1815
1816
1817
1818
1819
1820
1821
1822
1823
1824
1825
1826
1827
1828
1829
1830
1831
1832
1833
1834
1835
1836
1837
1838
1839
1840
1841
1842
1843
1844
1845
1846
1847
1848
1849
1850
1851
1852
1853
1854
1855
1856
1857
1858
1859
1860
1861
1862
1863
1864
1865
1866
1867
1868
1869
1870
1871
1872
1873
1874
1875
1876
1877
1878
1879
1880
1881
1882
1883
1884
1885
1886
1887
1888
1889
1890
1891
1892
1893
1894
1895
1896
1897
1898
1899
1900
1901
1902
1903
1904
1905
1906
1907
1908
1909
1910
1911
1912
1913
1914
1915
1916
1917
1918
FIELD FieldData2 1
Displacement 3 1919 float
8.36729e-06 3.12703e-05 0 9.58934e-06 2.9912e-05 0 1.07861e-05 2.85892e-05 0 1.19665e-05 2.72929e-05 0 1.31293e-05 2.60235e-05 0 1.42738e-05 2.47815e-05 0 1.53999e-05 2.3568e-05 0 1.65073e-05 2.23837e-05 0 1.75965e-05 2.12296e-05 0 1.8668e-05 2.01063e-05 0 1.97224e-05 1.9014e-05 0 2.07606e-05 1.7953e-05 0 2.17838e-05 1.69232e-05 0 2.27929e-05 1.59243e-05 0 2.37894e-05 1.49557e-05 0 2.47746e-05 1.40164e-05 0 2.57499e-05 1.3105e-05 0 2.67166e-05 1.22197e-05 0 2.76793e-05 1.13535e-05 0 7.35521e-06 2.97775e-05 0 8.56039e-06 2.84808e-05 0 9.75222e-06 2.72092e-05 0 1.09269e-05 2.59627e-05 0 1.20852e-05 2.47416e-05 0 1.32266e-05 2.35473e-05 0 1.43504e-05 2.23805e-05 0 1.54566e-05 2.12421e-05 0 1.65453e-05 2.01328e-05 0 1.76167e-05 1.90531e-05 0 1.86713e-05 1.80032e-05 0 1.971e-05 1.69831e-05 0 2.07334e-05 1.59926e-05 0 2.17427e-05 1.50312e-05 0 2.27389e-05 1.40982e-05 0 2.37232e-05 1.31924e-05 0 2.46969e-05 1.23123e-05 0 2.56615e-05 1.14552e-05 0 2.66182e-05 1.06208e-05 0 6.39929e-06 2.8313e-05 0 7.58957e-06 2.70694e-05 0 8.77041e-06 2.5847e-05 0 9.93751e-06 2.46482e-05 0 1.10893e-05 2.34741e-05 0 1.2225e-05 2.23258e-05 0 1.33443e-05 2.1204e-05 0 1.44468e-05 2.01098e-05 0 1.55324e-05 1.90435e-05 0 1.66013e-05 1.80056e-05 0 1.76539e-05 1.69962e-05 0 1.86907e-05 1.60152e-05 0 1.97125e-05 1.50623e-05 0 2.07201e-05 1.4137e-05 0 2.17145e-05 1.32384e-05 0 2.26969e-05 1.23654e-05 0 2.36687e-05 1.15166e-05 0 2.46312e-05 1.06906e-05 0 2.55852e-05 9.88698e-06 0 5.49313e-06 2.68707e-05 0 6.67068e-06 2.56765e-05 0 7.83957e-06 2.45018e-05 0 8.99664e-06 2.33493e-05 0 1.01399e-05 2.22205e-05 0 1.12681e-05 2.11166e-05 0 1.23808e-05 2.00384e-05 0 1.34774e-05 1.89866e-05 0 1.45579e-05 1.79617e-05 0 1.56223e-05 1.69641e-05 0 1.66708e-05 1.59937e-05 0 1.77039e-05 1.50504e-05 0 1.87222e-05 1.41339e-05 0 1.97266e-05 1.32435e-05 0 2.07179e-05 1.23786e-05 0 2.16972e-05 1.15381e-05 0 2.2666e-05 1.07209e-05 0 2.36254e-05 9.92598e-06 0 2.45766e-05 9.15236e-06 0 4.63444e-06 2.54486e-05 0 5.7999e-06 2.43015e-05 0 6.95671e-06 2.31729e-05 0 8.10257e-06 2.20653e-05 0 9.23565e-06 2.09805e-05 0 1.03547e-05 1.99197e-05 0 1.14591e-05 1.88836e-05 0 1.25481e-05 1.78729e-05 0 1.36217e-05 1.6888e-05 0 1.46797e-05 1.59293e-05 0 1.57225e-05 1.49966e-05 0 1.67502e-05 1.40899e-05 0 1.77635e-05 1.32087e-05 0 1.87631e-05 1.23526e-05 0 1.97499e-05 1.15207e-05 0 2.0725e-05 1.07124e-05 0 2.16895e-05 9.92665e-06 0 2.26446e-05 9.16257e-06 0 2.35918e-05 8.41908e-06 0 3.82145e-06 2.4046e-05 0 4.97493e-06 2.2944e-05 0 6.11947e-06 2.18599e-05 0 7.25339e-06 2.07961e-05 0 8.37521e-06 1.9754e-05 0 9.48379e-06 1.87349e-05 0 1.05783e-05 1.77397e-05 0 1.16583e-05 1.67689e-05 0 1.27234e-05 1.58229e-05 0 1.37736e-05 1.49019e-05 0 1.4809e-05 1.40059e-05 0 1.58299e-05 1.31348e-05 0 1.68368e-05 1.22882e-05 0 1.78303e-05 1.14656e-05 0 1.88113e-05 1.06664e-05 0 1.97807e-05 9.88989e-06 0 2.07397e-05 9.13536e-06 0 2.16894e-05 8.40197e-06 0 2.26312e-05 7.6888e-06 0 3.05279e-06 2.26623e-05 0 4.19409e-06 2.16038e-05 0 5.32605e-06 2.05629e-05 0 6.44746e-06 1.95415e-05 0 7.55715e-06 1.8541e-05 0 8.65415e-06 1.75626e-05 0 9.7377e-06 1.66071e-05 0 1.08073e-05 1.56751e-05 0 1.18627e-05 1.47669e-05 0 1.29037e-05 1.38827e-05 0 1.39304e-05 1.30225e-05 0 1.49431e-05 1.21862e-05 0 1.59422e-05 1.13735e-05 0 1.69284e-05 1.05839e-05 0 1.79023e-05 9.81687e-06 0 1.88648e-05 9.07193e-06 0 1.9817e-05 8.34841e-06 0 2.076e-05 7.64563e-06 0 2.16951e-05 6.96291e-06 0 2.32735e-06 2.12975e-05 0 3.45609e-06 2.02812e-05 0 4.57507e-06 1.92821e-05 0 5.68342e-06 1.83019e-05 0 6.78025e-06 1.7342e-05 0 7.86477e-06 1.64032e-05 0 8.93633e-06 1.54864e-05 0 9.99447e-06 1.45922e-05 0 1.10389e-05 1.37209e-05 0 1.20695e-05 1.28727e-05 0 1.30864e-05 1.20475e-05 0 1.40897e-05 1.12453e-05 0 1.50799e-05 1.04658e-05 0 1.60574e-05 9.70868e-06 0 1.7023e-05 8.9735e-06 0 1.79775e-05 8.2598e-06 0 1.89217e-05 7.56706e-06 0 1.98568e-05 6.89479e-06 0 2.07838e-05 6.2425e-06 0 1.64419e-06 1.99516e-05 0 2.75987e-06 1.89762e-05 0 3.86537e-06 1.80178e-05 0 4.9601e-06 1.70778e-05 0 6.04341e-06 1.61573e-05 0 7.11467e-06 1.52571e-05 0 8.17336e-06 1.43782e-05 0 9.21908e-06 1.35209e-05 0 1.02516e-05 1.26857e-05 0 1.12708e-05 1.18726e-05 0 1.22767e-05 1.10817e-05 0 1.32695e-05 1.0313e-05 0 1.42496e-05 9.56624e-06 0 1.52174e-05 8.84116e-06 0 1.61736e-05 8.13741e-06 0 1.71188e-05 7.45464e-06 0 1.8054e-05 6.79246e-06 0 1.89799e-05 6.15052e-06 0 1.98977e-05 5.52854e-06 0 1.0025e-06 1.86248e-05 0 2.10451e-06 1.76893e-05 0 3.19597e-06 1.67705e-05 0 4.2765e-06 1.58696e-05 0 5.34564e-06 1.49875e-05 0 6.40294e-06 1.41251e-05 0 7.44796e-06 1.32831e-05 0 8.4804e-06 1.2462e-05 0 9.50004e-06 1.1662e-05 0 1.05068e-05 1.08834e-05 0 1.15008e-05 1.01262e-05 0 1.24821e-05 9.39038e-06 0 1.3451e-05 8.67583e-06 0 1.44081e-05 7.98234e-06 0 1.53538e-05 7.30965e-06 0 1.62887e-05 6.6575e-06 0 1.72137e-05 6.02561e-06 0 1.81294e-05 5.41377e-06 0 1.90368e-05 4.82184e-06 0 4.01545e-07 1.73176e-05 0 1.4892e-06 1.6421e-05 0 2.56599e-06 1.55408e-05 0 3.63172e-06 1.4678e-05 0 4.68606e-06 1.38334e-05 0 5.7287e-06 1.30079e-05 0 6.75932e-06 1.2202e-05 0 7.77768e-06 1.14161e-05 0 8.78363e-06 1.06507e-05 0 9.77711e-06 9.9059e-06 0 1.07582e-05 9.18178e-06 0 1.1727e-05 8.47835e-06 0 1.26839e-05 7.79554e-06 0 1.36291e-05 7.13321e-06 0 1.45633e-05 6.4912e-06 0 1.5487e-05 5.86932e-06 0 1.64007e-05 5.26741e-06 0 1.73052e-05 4.68536e-06 0 1.82012e-05 4.12313e-06 0 -1.59373e-07 1.60304e-05 0 9.13192e-07 1.51718e-05 0 1.97466e-06 1.43293e-05 0 3.02493e-06 1.35036e-05 0 4.06383e-06 1.26957e-05 0 5.09113e-06 1.19062e-05 0 6.10664e-06 1.11356e-05 0 7.11018e-06 1.03843e-05 0 8.10164e-06 9.65275e-06 0 9.081e-06 8.94109e-06 0 1.00483e-05 8.24944e-06 0 1.10038e-05 7.57785e-06 0 1.19476e-05 6.92629e-06 0 1.28802e-05 6.29468e-06 0 1.38019e-05 5.68294e-06 0 1.47132e-05 5.09096e-06 0 1.56147e-05 4.51867e-06 0 1.6507e-05 3.96603e-06 0 1.73906e-05 3.4331e-06 0 -6.80942e-07 1.47639e-05 0 3.75766e-07 1.39424e-05 0 1.4212e-06 1.31366e-05 0 2.45535e-06 1.23473e-05 0 3.47815e-06 1.15751e-05 0 4.48946e-06 1.08208e-05 0 5.48916e-06 1.00847e-05 0 6.47715e-06 9.3673e-06 0 7.45337e-06 8.66893e-06 0 8.41782e-06 7.98979e-06 0 9.37058e-06 7.33004e-06 0 1.03118e-05 6.68975e-06 0 1.12417e-05 6.06895e-06 0 1.21607e-05 5.46761e-06 0 1.3069e-05 4.88571e-06 0 1.39671e-05 4.32322e-06 0 1.48556e-05 3.78013e-06 0 1.57347e-05 3.25647e-06 0 1.66051e-05 2.75236e-06 0 -1.16385e-06 1.35187e-05 0 -1.23789e-07 1.27335e-05 0 9.04879e-07 1.19636e-05 0 1.92223e-06 1.12097e-05 0 2.92825e-06 1.04725e-05 0 3.92291e-06 9.75252e-06 0 4.90613e-06 9.0502e-06 0 5.87787e-06 8.36596e-06 0 6.83811e-06 7.7001e-06 0 7.78689e-06 7.05287e-06 0 8.72431e-06 6.42443e-06 0 9.6505e-06 5.8149e-06 0 1.05657e-05 5.22434e-06 0 1.14702e-05 4.65279e-06 0 1.23643e-05 4.10028e-06 0 1.32483e-05 3.56682e-06 0 1.41227e-05 3.05248e-06 0 1.49879e-05 2.55733e-06 0 1.58442e-05 2.08151e-06 0 -1.60879e-06 1.22956e-05 0 -5.86187e-07 1.15458e-05 0 4.24976e-07 1.08109e-05 0 1.42482e-06 1.00917e-05 0 2.41339e-06 9.38864e-06 0 3.39071e-06 8.70223e-06 0 4.35677e-06 8.03293e-06 0 5.31157e-06 7.38112e-06 0 6.25514e-06 6.74711e-06 0 7.18752e-06 6.13115e-06 0 8.10883e-06 5.53343e-06 0 9.01921e-06 4.9541e-06 0 9.91888e-06 4.39326e-06 0 1.08081e-05 3.851e-06 0 1.16871e-05 3.32737e-06 0 1.25562e-05 2.82246e-06 0 1.34158e-05 2.33637e-06 0 1.42662e-05 1.8692e-06 0 1.51077e-05 1.42113e-06 0 -2.0165e-06 1.10953e-05 0 -1.01215e-06 1.03801e-05 0 -1.92466e-08 9.67948e-06 0 9.62376e-07 8.99405e-06 0 1.93281e-06 8.32431e-06 0 2.89212e-06 7.67071e-06 0 3.84035e-06 7.03369e-06 0 4.77753e-06 6.4136e-06 0 5.70371e-06 5.81076e-06 0 6.61899e-06 5.22544e-06 0 7.52346e-06 4.65784e-06 0 8.41728e-06 4.10813e-06 0 9.30065e-06 3.57646e-06 0 1.01738e-05 3.06294e-06 0 1.10369e-05 2.56768e-06 0 1.18904e-05 2.0908e-06 0 1.27344e-05 1.63241e-06 0 1.35693e-05 1.19268e-06 0 1.43952e-05 7.71774e-07 0 -2.3877e-06 9.91861e-06 0 -1.40243e-06 9.23716e-06 0 -4.28534e-07 8.56999e-06 0 5.3415e-07 7.91756e-06 0 1.48576e-06 7.28034e-06 0 2.42638e-06 6.65878e-06 0 3.3561e-06 6.05328e-06 0 4.27498e-06 5.4642e-06 0 5.18311e-06 4.89186e-06 0 6.08057e-06 4.33652e-06 0 6.9675e-06 3.79841e-06 0 7.84404e-06 3.27773e-06 0 8.71037e-06 2.77465e-06 0 9.5667e-06 2.28931e-06 0 1.04133e-05 1.82187e-06 0 1.12503e-05 1.37245e-06 0 1.2078e-05 9.41214e-07 0 1.28966e-05 5.28327e-07 0 1.37063e-05 1.33978e-07 0 -2.72319e-06 8.76628e-06 0 -1.75777e-06 8.11783e-06 0 -8.03648e-07 7.48326e-06 0 1.3938e-07 6.86301e-06 0 1.07146e-06 6.25753e-06 0 1.99273e-06 5.66723e-06 0 2.90327e-06 5.09251e-06 0 3.80318e-06 4.53372e-06 0 4.69257e-06 3.99117e-06 0 5.57155e-06 3.46515e-06 0 6.44024e-06 2.95589e-06 0 7.29879e-06 2.46362e-06 0 8.14738e-06 1.98852e-06 0 8.98619e-06 1.53078e-06 0 9.81541e-06 1.09056e-06 0 1.06353e-05 6.68025e-07 0 1.14459e-05 2.63344e-07 0 1.22476e-05 -1.23302e-07 0 1.30405e-05 -4.91723e-07 0 -3.02374e-06 7.63914e-06 0 -2.07898e-06 7.02287e-06 0 -1.14537e-06 6.42008e-06 0 -2.22713e-07 5.8312e-06 0 6.89156e-07 5.25665e-06 0 1.59038e-06 4.69684e-06 0 2.48108e-06 4.15213e-06 0 3.36137e-06 3.6229e-06 0 4.23136e-06 3.10944e-06 0 5.09118e-06 2.61205e-06 0 5.94096e-06 2.13098e-06 0 6.78084e-06 1.66648e-06 0 7.611e-06 1.21874e-06 0 8.43159e-06 7.8798e-07 0 9.2428e-06 3.74373e-07 0 1.00448e-05 -2.1895e-08 0 1.08378e-05 -4.00639e-07 0 1.16219e-05 -7.61673e-07 0 1.23972e-05 -1.10481e-06 0 -3.2902e-06 6.53797e-06 0 -2.36685e-06 5.95305e-06 0 -1.4545e-06 5.38121e-06 0 -5.52923e-07 4.82289e-06 0 3.38046e-07 4.27847e-06 0 1.21856e-06 3.74835e-06 0 2.08876e-06 3.23291e-06 0 2.94876e-06 2.73248e-06 0 3.79871e-06 2.24739e-06 0 4.63872e-06 1.77793e-06 0 5.46893e-06 1.32438e-06 0 6.28948e-06 8.86975e-07 0 7.10054e-06 4.65951e-07 0 7.90225e-06 6.15223e-08 0 8.69478e-06 -3.26108e-07 0 9.47829e-06 -6.96744e-07 0 1.02529e-05 -1.05019e-06 0 1.10188e-05 -1.38626e-06 0 1.17761e-05 -1.70476e-06 0 -3.52341e-06 5.46355e-06 0 -2.62224e-06 4.90914e-06 0 -1.73186e-06 4.36744e-06 0 -8.5206e-07 3.83884e-06 0 1.73294e-08 3.32374e-06 0 8.76473e-07 2.82253e-06 0 1.72552e-06 2.33556e-06 0 2.5646e-06 1.86318e-06 0 3.39385e-06 1.40572e-06 0 4.21341e-06 9.63479e-07 0 5.02341e-06 5.36735e-07 0 5.82399e-06 1.25748e-07 0 6.6153e-06 -2.69238e-07 0 7.39749e-06 -6.47996e-07 0 8.17071e-06 -1.01031e-06 0 8.93509e-06 -1.35597e-06 0 9.69077e-06 -1.68478e-06 0 1.04379e-05 -1.99655e-06 0 1.11764e-05 -2.29108e-06 0 -3.72425e-06 4.41665e-06 0 -2.84598e-06 3.89191e-06 0 -1.97828e-06 3.37949e-06 0 -1.12095e-06 2.87979e-06 0 -2.73812e-07 2.39319e-06 0 5.63309e-07 1.92007e-06 0 1.39056e-06 1.46079e-06 0 2.20808e-06 1.01569e-06 0 3.01601e-06 5.85108e-07 0 3.81449e-06 1.69346e-07 0 4.60366e-06 -2.31307e-07 0 5.38365e-06 -6.16583e-07 0 6.1546e-06 -9.86227e-07 0 6.91665e-06 -1.34e-06 0 7.66993e-06 -1.67768e-06 0 8.41458e-06 -1.99904e-06 0 9.15071e-06 -2.30389e-06 0 9.87842e-06 -2.59203e-06 0 1.05978e-05 -2.86328e-06 0 -3.89362e-06 3.39802e-06 0 -3.03897e-06 2.90209e-06 0 -2.19465e-06 2.4181e-06 0 -1.36045e-06 1.94645e-06 0 -5.36213e-07 1.48751e-06 0 2.78245e-07 1.04167e-06 0 1.08307e-06 6.09273e-07 0 1.87841e-06 1.90675e-07 0 2.66441e-06 -2.13798e-07 0 3.44121e-06 -6.03832e-07 0 4.20893e-06 -9.79133e-07 0 4.96771e-06 -1.33942e-06 0 5.7177e-06 -1.68444e-06 0 6.45901e-06 -2.01393e-06 0 7.19177e-06 -2.32767e-06 0 7.91611e-06 -2.62543e-06 0 8.63212e-06 -2.90701e-06 0 9.33989e-06 -3.17221e-06 0 1.00395e-05 -3.42086e-06 0 -4.03243e-06 2.40839e-06 0 -3.2021e-06 1.94039e-06 0 -2.38182e-06 1.48397e-06 0 -1.57142e-06 1.03951e-06 0 -7.70723e-07 6.074e-07 0 2.04448e-08 1.88002e-07 0 8.02233e-07 -2.18321e-07 0 1.57479e-06 -6.11222e-07 0 2.33825e-06 -9.90369e-07 0 3.09276e-06 -1.35544e-06 0 3.83845e-06 -1.70615e-06 0 4.57545e-06 -2.04219e-06 0 5.30389e-06 -2.36331e-06 0 6.02389e-06 -2.66925e-06 0 6.73556e-06 -2.95976e-06 0 7.43902e-06 -3.23463e-06 0 8.13436e-06 -3.49365e-06 0 8.82166e-06 -3.73662e-06 0 9.50099e-06 -3.96337e-06 0 -4.14165e-06 1.44847e-06 0 -3.33629e-06 1.00752e-06 0 -2.54071e-06 5.77783e-07 0 -1.75475e-06 1.59654e-07 0 -9.78208e-07 -2.46492e-07 0 -2.1094e-07 -6.40284e-07 0 5.4721e-07 -1.02136e-06 0 1.29639e-06 -1.38938e-06 0 2.03673e-06 -1.744e-06 0 2.76838e-06 -2.0849e-06 0 3.49147e-06 -2.41177e-06 0 4.20611e-06 -2.72433e-06 0 4.91244e-06 -3.0223e-06 0 5.61056e-06 -3.30542e-06 0 6.3006e-06 -3.57345e-06 0 6.98265e-06 -3.82615e-06 0 7.65679e-06 -4.06333e-06 0 8.32311e-06 -4.28478e-06 0 8.98165e-06 -4.49033e-06 0 -4.22221e-06 5.18954e-07 0 -3.44248e-06 1.04142e-07 0 -2.67224e-06 -2.99796e-07 0 -1.91132e-06 -6.92477e-07 0 -1.15955e-06 -1.07352e-06 0 -4.16774e-07 -1.44257e-06 0 3.17154e-07 -1.79924e-06 0 1.04238e-06 -2.1432e-06 0 1.75904e-06 -2.4741e-06 0 2.46727e-06 -2.79163e-06 0 3.16719e-06 -3.09546e-06 0 3.85893e-06 -3.38531e-06 0 4.54261e-06 -3.6609e-06 0 5.21833e-06 -3.92195e-06 0 5.8862e-06 -4.16824e-06 0 6.54631e-06 -4.39951e-06 0 7.19875e-06 -4.61557e-06 0 7.84358e-06 -4.81622e-06 0 8.48086e-06 -5.0013e-06 0 -4.27511e-06 -3.79502e-07 0 -3.52162e-06 -7.69084e-07 0 -2.77732e-06 -1.14813e-06 0 -2.04205e-06 -1.51626e-06 0 -1.31563e-06 -1.87308e-06 0 -5.97931e-07 -2.21824e-06 0 1.11209e-07 -2.55137e-06 0 8.11925e-07 -2.87211e-06 0 1.50435e-06 -3.18012e-06 0 2.18862e-06 -3.47508e-06 0 2.86484e-06 -3.75668e-06 0 3.53315e-06 -4.02461e-06 0 4.19365e-06 -4.27859e-06 0 4.84644e-06 -4.51835e-06 0 5.49164e-06 -4.74365e-06 0 6.12932e-06 -4.95425e-06 0 6.75956e-06 -5.14993e-06 0 7.38243e-06 -5.33052e-06 0 7.99798e-06 -5.49585e-06 0 -4.30133e-06 -1.24625e-06 0 -3.57469e-06 -1.61153e-06 0 -2.85692e-06 -1.9666e-06 0 -2.14787e-06 -2.31108e-06 0 -1.44738e-06 -2.64458e-06 0 -7.553e-07 -2.96673e-06 0 -7.14955e-08 -3.27717e-06 0 6.04172e-07 -3.57555e-06 0 1.27183e-06 -3.86151e-06 0 1.93161e-06 -4.13474e-06 0 2.58362e-06 -4.39491e-06 0 3.22798e-06 -4.64172e-06 0 3.8648e-06 -4.87488e-06 0 4.49418e-06 -5.09413e-06 0 5.11621e-06 -5.29922e-06 0 5.73098e-06 -5.4899e-06 0 6.33855e-06 -5.66597e-06 0 6.939e-06 -5.82724e-06 0 7.53237e-06 -5.97354e-06 0 -4.30188e-06 -2.08069e-06 0 -3.60266e-06 -2.42261e-06 0 -2.91199e-06 -2.75463e-06 0 -2.22972e-06 -3.07637e-06 0 -1.5557e-06 -3.38745e-06 0 -8.89782e-07 -3.68748e-06 0 -2.3184e-07 -3.97612e-06 0 4.18259e-07 -4.25299e-06 0 1.06064e-06 -4.51776e-06 0 1.69542e-06 -4.77009e-06 0 2.32273e-06 -5.00965e-06 0 2.94265e-06 -5.23616e-06 0 3.55531e-06 -5.44932e-06 0 4.1608e-06 -5.64885e-06 0 4.75919e-06 -5.8345e-06 0 5.35058e-06 -6.00604e-06 0 5.93504e-06 -6.16326e-06 0 6.51262e-06 -6.30596e-06 0 7.08338e-06 -6.43399e-06 0 -4.27779e-06 -2.88221e-06 0 -3.60655e-06 -3.20172e-06 0 -2.94352e-06 -3.51164e-06 0 -2.28856e-06 -3.81157e-06 0 -1.64153e-06 -4.10114e-06 0 -1.00229e-06 -4.37996e-06 0 -3.70717e-07 -4.64768e-06 0 2.53314e-07 -4.90393e-06 0 8.69926e-07 -5.14836e-06 0 1.47923e-06 -5.38064e-06 0 2.08135e-06 -5.60045e-06 0 2.67637e-06 -5.80748e-06 0 3.2644e-06 -6.00144e-06 0 3.84553e-06 -6.18206e-06 0 4.41984e-06 -6.34907e-06 0 4.98742e-06 -6.50225e-06 0 5.54832e-06 -6.64139e-06 0 6.10261e-06 -6.76629e-06 0 6.65034e-06 -6.87678e-06 0 -4.2301e-06 -3.65026e-06 0 -3.58735e-06 -3.94832e-06 0 -2.95248e-06 -4.23708e-06 0 -2.32534e-06 -4.51615e-06 0 -1.70581e-06 -4.78514e-06 0 -1.09374e-06 -5.04366e-06 0 -4.89028e-07 -5.29136e-06 0 1.08456e-07 -5.52787e-06 0 6.98826e-07 -5.75284e-06 0 1.28219e-06 -5.96594e-06 0 1.85866e-06 -6.16684e-06 0 2.42832e-06 -6.35523e-06 0 2.99128e-06 -6.53082e-06 0 3.54762e-06 -6.69334e-06 0 4.09743e-06 -6.84252e-06 0 4.64076e-06 -6.97813e-06 0 5.1777e-06 -7.09997e-06 0 5.70829e-06 -7.20783e-06 0 6.23258e-06 -7.30155e-06 0 -4.15984e-06 -4.38429e-06 0 -3.5461e-06 -4.66189e-06 0 -2.93989e-06 -4.93045e-06 0 -2.34106e-06 -5.1896e-06 0 -1.7495e-06 -5.43894e-06 0 -1.16508e-06 -5.67809e-06 0 -5.87685e-07 -5.90668e-06 0 -1.7206e-08 -6.12435e-06 0 5.4647e-07 -6.33075e-06 0 1.10345e-06 -6.52554e-06 0 1.65383e-06 -6.70838e-06 0 2.19771e-06 -6.87898e-06 0 2.73517e-06 -7.03704e-06 0 3.26631e-06 -7.18228e-06 0 3.79119e-06 -7.31444e-06 0 4.30988e-06 -7.43329e-06 0 4.82245e-06 -7.53861e-06 0 5.32895e-06 -7.63022e-06 0 5.82943e-06 -7.70794e-06 0 -4.06809e-06 -5.08379e-06 0 -3.48383e-06 -5.3419e-06 0 -2.90674e-06 -5.59125e-06 0 -2.33669e-06 -5.83144e-06 0 -1.77356e-06 -6.06208e-06 0 -1.21724e-06 -6.28279e-06 0 -6.67611e-07 -6.4932e-06 0 -1.24574e-07 -6.69294e-06 0 4.11979e-07 -6.88165e-06 0 9.42148e-07 -7.05901e-06 0 1.46603e-06 -7.22467e-06 0 1.98371e-06 -7.37834e-06 0 2.49527e-06 -7.51971e-06 0 3.0008e-06 -7.64851e-06 0 3.50037e-06 -7.76447e-06 0 3.99403e-06 -7.86736e-06 0 4.48186e-06 -7.95697e-06 0 4.9639e-06 -8.0331e-06 0 5.4402e-06 -8.09559e-06 0 -3.9559e-06 -5.74827e-06 0 -3.40159e-06 -5.9879e-06 0 -2.85407e-06 -6.21901e-06 0 -2.31323e-06 -6.44122e-06 0 -1.77897e-06 -6.65411e-06 0 -1.25117e-06 -6.85732e-06 0 -7.29736e-07 -7.05047e-06 0 -2.14556e-07 -7.2332e-06 0 2.94464e-07 -7.40514e-06 0 7.9742e-07 -7.56595e-06 0 1.2944e-06 -7.71532e-06 0 1.78549e-06 -7.85292e-06 0 2.27077e-06 -7.97845e-06 0 2.75032e-06 -8.09165e-06 0 3.2242e-06 -8.19224e-06 0 3.69248e-06 -8.27999e-06 0 4.1552e-06 -8.35469e-06 0 4.61243e-06 -8.41614e-06 0 5.0642e-06 -8.46419e-06 0 -3.82437e-06 -6.37728e-06 0 -3.30042e-06 -6.59942e-06 0 -2.7829e-06 -6.81329e-06 0 -2.2717e-06 -7.01848e-06 0 -1.76672e-06 -7.2146e-06 0 -1.26785e-06 -7.40127e-06 0 -7.75001e-07 -7.5781e-06 0 -2.88072e-07 -7.74473e-06 0 1.93029e-07 -7.90081e-06 0 6.68391e-07 -8.04599e-06 0 1.1381e-06 -8.17994e-06 0 1.60223e-06 -8.30234e-06 0 2.06087e-06 -8.41291e-06 0 2.51407e-06 -8.51135e-06 0 2.96191e-06 -8.59741e-06 0 3.40445e-06 -8.67085e-06 0 3.84174e-06 -8.73145e-06 0 4.27382e-06 -8.77903e-06 0 4.70074e-06 -8.81341e-06 0 -3.67458e-06 -6.97036e-06 0 -3.18141e-06 -7.17604e-06 0 -2.69428e-06 -7.37367e-06 0 -2.21311e-06 -7.56283e-06 0 -1.7378e-06 -7.74315e-06 0 -1.26824e-06 -7.91423e-06 0 -8.04355e-07 -8.07569e-06 0 -3.46047e-07 -8.22717e-06 0 1.0677e-07 -8.3683e-06 0 5.54178e-07 -8.49875e-06 0 9.96258e-07 -8.61818e-06 0 1.43308e-06 -8.72628e-06 0 1.86473e-06 -8.82274e-06 0 2.29126e-06 -8.90729e-06 0 2.71273e-06 -8.97966e-06 0 3.12921e-06 -9.03962e-06 0 3.54073e-06 -9.08695e-06 0 3.94735e-06 -9.12145e-06 0 4.3491e-06 -9.14296e-06 0 -3.50764e-06 -7.52711e-06 0 -3.04561e-06 -7.71735e-06 0 -2.58926e-06 -7.89974e-06 0 -2.13849e-06 -8.07388e-06 0 -1.6932e-06 -8.23938e-06 0 -1.25332e-06 -8.39584e-06 0 -8.18752e-07 -8.54289e-06 0 -3.89414e-07 -8.68015e-06 0 3.47739e-08 -8.80727e-06 0 4.53891e-07 -8.9239e-06 0 8.6801e-07 -9.02972e-06 0 1.2772e-06 -9.12439e-06 0 1.68154e-06 -9.20763e-06 0 2.08107e-06 -9.27915e-06 0 2.47586e-06 -9.33869e-06 0 2.86597e-06 -9.386e-06 0 3.25143e-06 -9.42088e-06 0 3.63229e-06 -9.44312e-06 0 4.00859e-06 -9.45257e-06 0 -3.32463e-06 -8.04715e-06 0 -2.89412e-06 -8.22298e-06 0 -2.46889e-06 -8.39115e-06 0 -2.04886e-06 -8.55127e-06 0 -1.63395e-06 -8.70293e-06 0 -1.22408e-06 -8.84575e-06 0 -8.19157e-07 -8.97935e-06 0 -4.19116e-07 -9.10335e-06 0 -2.38771e-08 -9.21739e-06 0 3.66632e-07 -9.32113e-06 0 7.5248e-07 -9.41423e-06 0 1.13373e-06 -9.49639e-06 0 1.51045e-06 -9.56728e-06 0 1.88269e-06 -9.62664e-06 0 2.25051e-06 -9.6742e-06 0 2.61396e-06 -9.70972e-06 0 2.97308e-06 -9.73297e-06 0 3.3279e-06 -9.74378e-06 0 3.67847e-06 -9.74197e-06 0 -3.12669e-06 -8.53011e-06 0 -2.72802e-06 -8.69257e-06 0 -2.33424e-06 -8.84755e-06 0 -1.94528e-06 -8.99465e-06 0 -1.56106e-06 -9.13348e-06 0 -1.1815e-06 -9.26364e-06 0 -8.06541e-07 -9.38475e-06 0 -4.36099e-07 -9.49644e-06 0 -7.01085e-08 -9.59835e-06 0 2.91498e-07 -9.69013e-06 0 6.48785e-07 -9.77144e-06 0 1.00181e-06 -9.84197e-06 0 1.35064e-06 -9.90142e-06 0 1.69531e-06 -9.94949e-06 0 2.03589e-06 -9.98594e-06 0 2.37241e-06 -1.00105e-05 0 2.70492e-06 -1.0023e-05 0 3.03345e-06 -1.00232e-05 0 3.35804e-06 -1.00109e-05 0 -2.91494e-06 -8.97567e-06 0 -2.5484e-06 -9.12579e-06 0 -2.18638e-06 -9.26861e-06 0 -1.82878e-06 -9.40372e-06 0 -1.47554e-06 -9.53072e-06 0 -1.1266e-06 -9.64921e-06 0 -7.8188e-07 -9.75881e-06 0 -4.41319e-07 -9.85916e-06 0 -1.04852e-07 -9.94988e-06 0 2.27581e-07 -1.00306e-05 0 5.56039e-07 -1.01011e-05 0 8.80578e-07 -1.01609e-05 0 1.20125e-06 -1.02098e-05 0 1.5181e-06 -1.02475e-05 0 1.83119e-06 -1.02736e-05 0 2.14054e-06 -1.02881e-05 0 2.44619e-06 -1.02907e-05 0 2.74819e-06 -1.02811e-05 0 3.04656e-06 -1.02592e-05 0 -2.69049e-06 -9.38351e-06 0 -2.35638e-06 -9.52236e-06 0 -2.02638e-06 -9.65405e-06 0 -1.70042e-06 -9.77819e-06 0 -1.37844e-06 -9.89436e-06 0 -1.06037e-06 -1.00022e-05 0 -7.46157e-07 -1.01013e-05 0 -4.35733e-07 -1.01912e-05 0 -1.29045e-07 -1.02717e-05 0 1.73965e-07 -1.03424e-05 0 4.73348e-07 -1.04029e-05 0 7.69157e-07 -1.04529e-05 0 1.06144e-06 -1.04921e-05 0 1.35023e-06 -1.05203e-05 0 1.63559e-06 -1.05371e-05 0 1.91754e-06 -1.05424e-05 0 2.19613e-06 -1.05358e-05 0 2.47137e-06 -1.05173e-05 0 2.7433e-06 -1.04866e-05 0 -2.45449e-06 -9.75336e-06 0 -2.15307e-06 -9.88199e-06 0 -1.85535e-06 -1.00036e-05 0 -1.56127e-06 -1.01178e-05 0 -1.27079e-06 -1.02242e-05 0 -9.83835e-07 -1.03223e-05 0 -7.0036e-07 -1.04118e-05 0 -4.20309e-07 -1.04924e-05 0 -1.43629e-07 -1.05636e-05 0 1.2973e-07 -1.06251e-05 0 3.99815e-07 -1.06766e-05 0 6.66672e-07 -1.07178e-05 0 9.30344e-07 -1.07482e-05 0 1.19087e-06 -1.07678e-05 0 1.44829e-06 -1.07761e-05 0 1.70264e-06 -1.0773e-05 0 1.95395e-06 -1.07582e-05 0 2.20224e-06 -1.07316e-05 0 2.44754e-06 -1.06929e-05 0 -2.20808e-06 -1.0085e-05 0 -1.93956e-06 -1.02044e-05 0 -1.67435e-06 -1.0317e-05 0 -1.41239e-06 -1.04223e-05 0 -1.15362e-06 -1.05199e-05 0 -8.98002e-07 -1.06093e-05 0 -6.45483e-07 -1.06903e-05 0 -3.96015e-07 -1.07625e-05 0 -1.49552e-07 -1.08254e-05 0 9.39505e-08 -1.08787e-05 0 3.34535e-07 -1.09221e-05 0 5.72243e-07 -1.09553e-05 0 8.07112e-07 -1.09779e-05 0 1.03918e-06 -1.09897e-05 0 1.26847e-06 -1.09905e-05 0 1.49503e-06 -1.09798e-05 0 1.71888e-06 -1.09577e-05 0 1.94004e-06 -1.09238e-05 0 2.15853e-06 -1.08779e-05 0 -1.9524e-06 -1.03781e-05 0 -1.717e-06 -1.04895e-05 0 -1.48449e-06 -1.05941e-05 0 -1.25484e-06 -1.06915e-05 0 -1.02799e-06 -1.07813e-05 0 -8.03895e-07 -1.08631e-05 0 -5.82523e-07 -1.09365e-05 0 -3.63827e-07 -1.10012e-05 0 -1.47766e-07 -1.10568e-05 0 6.56988e-08 -1.11029e-05 0 2.76604e-07 -1.11391e-05 0 4.84986e-07 -1.11653e-05 0 6.90877e-07 -1.1181e-05 0 8.9431e-07 -1.1186e-05 0 1.09531e-06 -1.118e-05 0 1.29392e-06 -1.11628e-05 0 1.49014e-06 -1.11341e-05 0 1.684e-06 -1.10937e-05 0 1.87553e-06 -1.10416e-05 0 -1.68859e-06 -1.06325e-05 0 -1.48649e-06 -1.07369e-05 0 -1.28687e-06 -1.08346e-05 0 -1.0897e-06 -1.09251e-05 0 -8.94933e-07 -1.10082e-05 0 -7.0254e-07 -1.10834e-05 0 -5.12482e-07 -1.11503e-05 0 -3.24722e-07 -1.12085e-05 0 -1.39225e-07 -1.12577e-05 0 4.40417e-08 -1.12975e-05 0 2.2511e-07 -1.13276e-05 0 4.04011e-07 -1.13476e-05 0 5.80773e-07 -1.13573e-05 0 7.55423e-07 -1.13564e-05 0 9.27986e-07 -1.13446e-05 0 1.09849e-06 -1.13216e-05 0 1.26694e-06 -1.12872e-05 0 1.43337e-06 -1.12413e-05 0 1.5978e-06 -1.11837e-05 0 -1.41782e-06 -1.08481e-05 0 -1.24916e-06 -1.09465e-05 0 -1.08258e-06 -1.10383e-05 0 -9.18044e-07 -1.11231e-05 0 -7.55516e-07 -1.12005e-05 0 -5.94966e-07 -1.127e-05 0 -4.36365e-07 -1.13314e-05 0 -2.79682e-07 -1.13841e-05 0 -1.24889e-07 -1.14279e-05 0 2.80432e-08 -1.14624e-05 0 1.7914e-07 -1.14873e-05 0 3.28427e-07 -1.15021e-05 0 4.75929e-07 -1.15068e-05 0 6.21667e-07 -1.15008e-05 0 7.65663e-07 -1.1484e-05 0 9.07937e-07 -1.14562e-05 0 1.0485e-06 -1.1417e-05 0 1.18738e-06 -1.13664e-05 0 1.32458e-06 -1.13041e-05 0 -1.14124e-06 -1.10247e-05 0 -1.00616e-06 -1.11183e-05 0 -8.72741e-07 -1.12053e-05 0 -7.4096e-07 -1.12853e-05 0 -6.1079e-07 -1.1358e-05 0 -4.82204e-07 -1.14229e-05 0 -3.5518e-07 -1.14797e-05 0 -2.29692e-07 -1.1528e-05 0 -1.05718e-07 -1.15674e-05 0 1.67645e-08 -1.15975e-05 0 1.37777e-07 -1.16181e-05 0 2.5734e-07 -1.16287e-05 0 3.75472e-07 -1.16292e-05 0 4.92192e-07 -1.16191e-05 0 6.07515e-07 -1.15983e-05 0 7.21459e-07 -1.15665e-05 0 8.34036e-07 -1.15234e-05 0 9.45259e-07 -1.14689e-05 0 1.05514e-06 -1.14028e-05 0 -8.60001e-07 -1.11622e-05 0 -7.58602e-07 -1.1252e-05 0 -6.58451e-07 -1.13352e-05 0 -5.59528e-07 -1.14116e-05 0 -4.61814e-07 -1.14806e-05 0 -3.6529e-07 -1.1542e-05 0 -2.69938e-07 -1.15952e-05 0 -1.75739e-07 -1.164e-05 0 -8.26774e-08 -1.1676e-05 0 9.26459e-09 -1.17027e-05 0 1.00103e-07 -1.17199e-05 0 1.89852e-07 -1.17273e-05 0 2.78528e-07 -1.17245e-05 0 3.66143e-07 -1.17112e-05 0 4.5271e-07 -1.16872e-05 0 5.3824e-07 -1.16523e-05 0 6.22744e-07 -1.16062e-05 0 7.06232e-07 -1.15487e-05 0 7.88711e-07 -1.14796e-05 0 -5.75275e-07 -1.12605e-05 0 -5.07633e-07 -1.13475e-05 0 -4.40823e-07 -1.14281e-05 0 -3.74832e-07 -1.15018e-05 0 -3.09649e-07 -1.15683e-05 0 -2.45259e-07 -1.16271e-05 0 -1.81651e-07 -1.16778e-05 0 -1.18812e-07 -1.17201e-05 0 -5.67325e-08 -1.17536e-05 0 4.60029e-09 -1.17779e-05 0 6.51967e-08 -1.17927e-05 0 1.25067e-07 -1.17977e-05 0 1.8422e-07 -1.17926e-05 0 2.42666e-07 -1.17771e-05 0 3.00412e-07 -1.17508e-05 0 3.57467e-07 -1.17137e-05 0 4.13838e-07 -1.16654e-05 0 4.6953e-07 -1.16057e-05 0 5.24548e-07 -1.15346e-05 0 -2.8822e-07 -1.13195e-05 0 -2.54386e-07 -1.14049e-05 0 -2.20968e-07 -1.14839e-05 0 -1.8796e-07 -1.1556e-05 0 -1.55356e-07 -1.16209e-05 0 -1.23149e-07 -1.16781e-05 0 -9.13331e-08 -1.17274e-05 0 -5.99022e-08 -1.17681e-05 0 -2.88506e-08 -1.18001e-05 0 1.82722e-09 -1.1823e-05 0 3.21367e-08 -1.18364e-05 0 6.20828e-08 -1.184e-05 0 9.16704e-08 -1.18335e-05 0 1.20904e-07 -1.18166e-05 0 1.49788e-07 -1.1789e-05 0 1.78326e-07 -1.17505e-05 0 2.06521e-07 -1.17009e-05 0 2.34377e-07 -1.164e-05 0 2.61896e-07 -1.15675e-05 0 0 -1.13391e-05 0 0 -1.1424e-05 0 0 -1.15025e-05 0 0 -1.15741e-05 0 0 -1.16384e-05 0 0 -1.16952e-05 0 0 -1.17439e-05 0 0 -1.17842e-05 0 0 -1.18157e-05 0 0 -1.18381e-05 0 0 -1.1851e-05 0 0 -1.18541e-05 0 0 -1.18471e-05 0 0 -1.18298e-05 0 0 -1.18017e-05 0 0 -1.17628e-05 0 0 -1.17128e-05 0 0 -1.16514e-05 0 0 -1.15785e-05 0 2.8822e-07 -1.13195e-05 0 2.54386e-07 -1.14049e-05 0 2.20968e-07 -1.14839e-05 0 1.8796e-07 -1.1556e-05 0 1.55356e-07 -1.16209e-05 0 1.23149e-07 -1.16781e-05 0 9.13331e-08 -1.17274e-05 0 5.99022e-08 -1.17681e-05 0 2.88506e-08 -1.18001e-05 0 -1.82722e-09 -1.1823e-05 0 -3.21367e-08 -1.18364e-05 0 -6.20828e-08 -1.184e-05 0 -9.16704e-08 -1.18335e-05 0 -1.20904e-07 -1.18166e-05 0 -1.49788e-07 -1.1789e-05 0 -1.78326e-07 -1.17505e-05 0 -2.06521e-07 -1.17009e-05 0 -2.34377e-07 -1.164e-05 0 -2.61896e-07 -1.15675e-05 0 5.75275e-07 -1.12605e-05 0 5.07633e-07 -1.13475e-05 0 4.40823e-07 -1.14281e-05 0 3.74832e-07 -1.15018e-05 0 3.09649e-07 -1.15683e-05 0 2.45259e-07 -1.16271e-05 0 1.81651e-07 -1.16778e-05 0 1.18812e-07 -1.17201e-05 0 5.67325e-08 -1.17536e-05 0 -4.60029e-09 -1.17779e-05 0 -6.51967e-08 -1.17927e-05 0 -1.25067e-07 -1.17977e-05 0 -1.8422e-07 -1.17926e-05 0 -2.42666e-07 -1.17771e-05 0 -3.00412e-07 -1.17508e-05 0 -3.57467e-07 -1.17137e-05 0 -4.13838e-07 -1.16654e-05 0 -4.6953e-07 -1.16057e-05 0 -5.24548e-07 -1.15346e-05 0 8.60001e-07 -1.11622e-05 0 7.58602e-07 -1.1252e-05 0 6.58451e-07 -1.13352e-05 0 5.59528e-07 -1.14116e-05 0 4.61814e-07 -1.14806e-05 0 3.6529e-07 -1.1542e-05 0 2.69938e-07 -1.15952e-05 0 1.75739e-07 -1.164e-05 0 8.26774e-08 -1.1676e-05 0 -9.26459e-09 -1.17027e-05 0 -1.00103e-07 -1.17199e-05 0 -1.89852e-07 -1.17273e-05 0 -2.78528e-07 -1.17245e-05 0 -3.66143e-07 -1.17112e-05 0 -4.5271e-07 -1.16872e-05 0 -5.3824e-07 -1.16523e-05 0 -6.22744e-07 -1.16062e-05 0 -7.06232e-07 -1.15487e-05 0 -7.88711e-07 -1.14796e-05 0 1.14124e-06 -1.10247e-05 0 1.00616e-06 -1.11183e-05 0 8.72741e-07 -1.12053e-05 0 7.4096e-07 -1.12853e-05 0 6.1079e-07 -1.1358e-05 0 4.82204e-07 -1.14229e-05 0 3.5518e-07 -1.14797e-05 0 2.29692e-07 -1.1528e-05 0 1.05718e-07 -1.15674e-05 0 -1.67645e-08 -1.15975e-05 0 -1.37777e-07 -1.16181e-05 0 -2.5734e-07 -1.16287e-05 0 -3.75472e-07 -1.16292e-05 0 -4.92192e-07 -1.16191e-05 0 -6.07515e-07 -1.15983e-05 0 -7.21459e-07 -1.15665e-05 0 -8.34036e-07 -1.15234e-05 0 -9.45259e-07 -1.14689e-05 0 -1.05514e-06 -1.14028e-05 0 1.41782e-06 -1.08481e-05 0 1.24916e-06 -1.09465e-05 0 1.08258e-06 -1.10383e-05 0 9.18044e-07 -1.11231e-05 0 7.55516e-07 -1.12005e-05 0 5.94966e-07 -1.127e-05 0 4.36365e-07 -1.13314e-05 0 2.79682e-07 -1.13841e-05 0 1.24889e-07 -1.14279e-05 0 -2.80432e-08 -1.14624e-05 0 -1.7914e-07 -1.14873e-05 0 -3.28427e-07 -1.15021e-05 0 -4.75929e-07 -1.15068e-05 0 -6.21667e-07 -1.15008e-05 0 -7.65663e-07 -1.1484e-05 0 -9.07937e-07 -1.14562e-05 0 -1.0485e-06 -1.1417e-05 0 -1.18738e-06 -1.13664e-05 0 -1.32458e-06 -1.13041e-05 0 1.68859e-06 -1.06325e-05 0 1.48649e-06 -1.07369e-05 0 1.28687e-06 -1.08346e-05 0 1.0897e-06 -1.09251e-05 0 8.94933e-07 -1.10082e-05 0 7.0254e-07 -1.10834e-05 0 5.12482e-07 -1.11503e-05 0 3.24722e-07 -1.12085e-05 0 1.39225e-07 -1.12577e-05 0 -4.40417e-08 -1.12975e-05 0 -2.2511e-07 -1.13276e-05 0 -4.04011e-07 -1.13476e-05 0 -5.80773e-07 -1.13573e-05 0 -7.55423e-07 -1.13564e-05 0 -9.27986e-07 -1.13446e-05 0 -1.09849e-06 -1.13216e-05 0 -1.26694e-06 -1.12872e-05 0 -1.43337e-06 -1.12413e-05 0 -1.5978e-06 -1.11837e-05 0 1.9524e-06 -1.03781e-05 0 1.717e-06 -1.04895e-05 0 1.48449e-06 -1.05941e-05 0 1.25484e-06 -1.06915e-05 0 1.02799e-06 -1.07813e-05 0 8.03895e-07 -1.08631e-05 0 5.82523e-07 -1.09365e-05 0 3.63827e-07 -1.10012e-05 0 1.47766e-07 -1.10568e-05 0 -6.56988e-08 -1.11029e-05 0 -2.76604e-07 -1.11391e-05 0 -4.84986e-07 -1.11653e-05 0 -6.90877e-07 -1.1181e-05 0 -8.9431e-07 -1.1186e-05 0 -1.09531e-06 -1.118e-05 0 -1.29392e-06 -1.11628e-05 0 -1.49014e-06 -1.11341e-05 0 -1.684e-06 -1.10937e-05 0 -1.87553e-06 -1.10416e-05 0 2.20808e-06 -1.0085e-05 0 1.93956e-06 -1.02044e-05 0 1.67435e-06 -1.0317e-05 0 1.41239e-06 -1.04223e-05 0 1.15362e-06 -1.05199e-05 0 8.98002e-07 -1.06093e-05 0 6.45483e-07 -1.06903e-05 0 3.96015e-07 -1.07625e-05 0 1.49552e-07 -1.08254e-05 0 -9.39505e-08 -1.08787e-05 0 -3.34535e-07 -1.09221e-05 0 -5.72243e-07 -1.09553e-05 0 -8.07112e-07 -1.09779e-05 0 -1.03918e-06 -1.09897e-05 0 -1.26847e-06 -1.09905e-05 0 -1.49503e-06 -1.09798e-05 0 -1.71888e-06 -1.09577e-05 0 -1.94004e-06 -1.09238e-05 0 -2.15853e-06 -1.08779e-05 0 2.45449e-06 -9.75336e-06 0 2.15307e-06 -9.88199e-06 0 1.85535e-06 -1.00036e-05 0 1.56127e-06 -1.01178e-05 0 1.27079e-06 -1.02242e-05 0 9.83835e-07 -1.03223e-05 0 7.0036e-07 -1.04118e-05 0 4.20309e-07 -1.04924e-05 0 1.43629e-07 -1.05636e-05 0 -1.2973e-07 -1.06251e-05 0 -3.99815e-07 -1.06766e-05 0 -6.66672e-07 -1.07178e-05 0 -9.30344e-07 -1.07482e-05 0 -1.19087e-06 -1.07678e-05 0 -1.44829e-06 -1.07761e-05 0 -1.70264e-06 -1.0773e-05 0 -1.95395e-06 -1.07582e-05 0 -2.20224e-06 -1.07316e-05 0 -2.44754e-06 -1.06929e-05 0 2.69049e-06 -9.38351e-06 0 2.35638e-06 -9.52236e-06 0 2.02638e-06 -9.65405e-06 0 1.70042e-06 -9.77819e-06 0 1.37844e-06 -9.89436e-06 0 1.06037e-06 -1.00022e-05 0 7.46157e-07 -1.01013e-05 0 4.35733e-07 -1.01912e-05 0 1.29045e-07 -1.02717e-05 0 -1.73965e-07 -1.03424e-05 0 -4.73348e-07 -1.04029e-05 0 -7.69157e-07 -1.04529e-05 0 -1.06144e-06 -1.04921e-05 0 -1.35023e-06 -1.05203e-05 0 -1.63559e-06 -1.05371e-05 0 -1.91754e-06 -1.05424e-05 0 -2.19613e-06 -1.05358e-05 0 -2.47137e-06 -1.05173e-05 0 -2.7433e-06 -1.04866e-05 0 2.91494e-06 -8.97567e-06 0 2.5484e-06 -9.12579e-06 0 2.18638e-06 -9.26861e-06 0 1.82878e-06 -9.40372e-06 0 1.47554e-06 -9.53072e-06 0 1.1266e-06 -9.64921e-06 0 7.8188e-07 -9.75881e-06 0 4.41319e-07 -9.85916e-06 0 1.04852e-07 -9.94988e-06 0 -2.27581e-07 -1.00306e-05 0 -5.56039e-07 -1.01011e-05 0 -8.80578e-07 -1.01609e-05 0 -1.20125e-06 -1.02098e-05 0 -1.5181e-06 -1.02475e-05 0 -1.83119e-06 -1.02736e-05 0 -2.14054e-06 -1.02881e-05 0 -2.44619e-06 -1.02907e-05 0 -2.74819e-06 -1.02811e-05 0 -3.04656e-06 -1.02592e-05 0 3.12669e-06 -8.53011e-06 0 2.72802e-06 -8.69257e-06 0 2.33424e-06 -8.84755e-06 0 1.94528e-06 -8.99465e-06 0 1.56106e-06 -9.13348e-06 0 1.1815e-06 -9.26364e-06 0 8.06541e-07 -9.38475e-06 0 4.36099e-07 -9.49644e-06 0 7.01085e-08 -9.59835e-06 0 -2.91498e-07 -9.69013e-06 0 -6.48785e-07 -9.77144e-06 0 -1.00181e-06 -9.84197e-06 0 -1.35064e-06 -9.90142e-06 0 -1.69531e-06 -9.94949e-06 0 -2.03589e-06 -9.98594e-06 0 -2.37241e-06 -1.00105e-05 0 -2.70492e-06 -1.0023e-05 0 -3.03345e-06 -1.00232e-05 0 -3.35804e-06 -1.00109e-05 0 3.32463e-06 -8.04715e-06 0 2.89412e-06 -8.22298e-06 0 2.46889e-06 -8.39115e-06 0 2.04886e-06 -8.55127e-06 0 1.63395e-06 -8.70293e-06 0 1.22408e-06 -8.84575e-06 0 8.19157e-07 -8.97935e-06 0 4.19116e-07 -9.10335e-06 0 2.38771e-08 -9.21739e-06 0 -3.66632e-07 -9.32113e-06 0 -7.5248e-07 -9.41423e-06 0 -1.13373e-06 -9.49639e-06 0 -1.51045e-06 -9.56728e-06 0 -1.88269e-06 -9.62664e-06 0 -2.25051e-06 -9.6742e-06 0 -2.61396e-06 -9.70972e-06 0 -2.97308e-06 -9.73297e-06 0 -3.3279e-06 -9.74378e-06 0 -3.67847e-06 -9.74197e-06 0 3.50764e-06 -7.52711e-06 0 3.04561e-06 -7.71735e-06 0 2.58926e-06 -7.89974e-06 0 2.13849e-06 -8.07388e-06 0 1.6932e-06 -8.23938e-06 0 1.25332e-06 -8.39584e-06 0 8.18752e-07 -8.54289e-06 0 3.89414e-07 -8.68015e-06 0 -3.47739e-08 -8.80727e-06 0 -4.53891e-07 -8.9239e-06 0 -8.6801e-07 -9.02972e-06 0 -1.2772e-06 -9.12439e-06 0 -1.68154e-06 -9.20763e-06 0 -2.08107e-06 -9.27915e-06 0 -2.47586e-06 -9.33869e-06 0 -2.86597e-06 -9.386e-06 0 -3.25143e-06 -9.42088e-06 0 -3.63229e-06 -9.44312e-06 0 -4.00859e-06 -9.45257e-06 0 3.67458e-06 -6.97036e-06 0 3.18141e-06 -7.17604e-06 0 2.69428e-06 -7.37367e-06 0 2.21311e-06 -7.56283e-06 0 1.7378e-06 -7.74315e-06 0 1.26824e-06 -7.91423e-06 0 8.04355e-07 -8.07569e-06 0 3.46047e-07 -8.22717e-06 0 -1.0677e-07 -8.3683e-06 0 -5.54178e-07 -8.49875e-06 0 -9.96258e-07 -8.61818e-06 0 -1.43308e-06 -8.72628e-06 0 -1.86473e-06 -8.82274e-06 0 -2.29126e-06 -8.90729e-06 0 -2.71273e-06 -8.97966e-06 0 -3.12921e-06 -9.03962e-06 0 -3.54073e-06 -9.08695e-06 0 -3.94735e-06 -9.12145e-06 0 -4.3491e-06 -9.14296e-06 0 3.82437e-06 -6.37728e-06 0 3.30042e-06 -6.59942e-06 0 2.7829e-06 -6.81329e-06 0 2.2717e-06 -7.01848e-06 0 1.76672e-06 -7.2146e-06 0 1.26785e-06 -7.40127e-06 0 7.75001e-07 -7.5781e-06 0 2.88072e-07 -7.74473e-06 0 -1.93029e-07 -7.90081e-06 0 -6.68391e-07 -8.04599e-06 0 -1.1381e-06 -8.17994e-06 0 -1.60223e-06 -8.30234e-06 0 -2.06087e-06 -8.41291e-06 0 -2.51407e-06 -8.51135e-06 0 -2.96191e-06 -8.59741e-06 0 -3.40445e-06 -8.67085e-06 0 -3.84174e-06 -8.73145e-06 0 -4.27382e-06 -8.77903e-06 0 -4.70074e-06 -8.81341e-06 0 3.9559e-06 -5.74827e-06 0 3.40159e-06 -5.9879e-06 0 2.85407e-06 -6.21901e-06 0 2.31323e-06 -6.44122e-06 0 1.77897e-06 -6.65411e-06 0 1.25117e-06 -6.85732e-06 0 7.29736e-07 -7.05047e-06 0 2.14556e-07 -7.2332e-06 0 -2.94464e-07 -7.40514e-06 0 -7.9742e-07 -7.56595e-06 0 -1.2944e-06 -7.71532e-06 0 -1.78549e-06 -7.85292e-06 0 -2.27077e-06 -7.97845e-06 0 -2.75032e-06 -8.09165e-06 0 -3.2242e-06 -8.19224e-06 0 -3.69248e-06 -8.27999e-06 0 -4.1552e-06 -8.35469e-06 0 -4.61243e-06 -8.41614e-06 0 -5.0642e-06 -8.46419e-06 0 4.06809e-06 -5.08379e-06 0 3.48383e-06 -5.3419e-06 0 2.90674e-06 -5.59125e-06 0 2.33669e-06 -5.83144e-06 0 1.77356e-06 -6.06208e-06 0 1.21724e-06 -6.28279e-06 0 6.67611e-07 -6.4932e-06 0 1.24574e-07 -6.69294e-06 0 -4.11979e-07 -6.88165e-06 0 -9.42148e-07 -7.05901e-06 0 -1.46603e-06 -7.22467e-06 0 -1.98371e-06 -7.37834e-06 0 -2.49527e-06 -7.51971e-06 0 -3.0008e-06 -7.64851e-06 0 -3.50037e-06 -7.76447e-06 0 -3.99403e-06 -7.86736e-06 0 -4.48186e-06 -7.95697e-06 0 -4.9639e-06 -8.0331e-06 0 -5.4402e-06 -8.09559e-06 0 4.15984e-06 -4.38429e-06 0 3.5461e-06 -4.66189e-06 0 2.93989e-06 -4.93045e-06 0 2.34106e-06 -5.1896e-06 0 1.7495e-06 -5.43894e-06 0 1.16508e-06 -5.67809e-06 0 5.87685e-07 -5.90668e-06 0 1.7206e-08 -6.12435e-06 0 -5.4647e-07 -6.33075e-06 0 -1.10345e-06 -6.52554e-06 0 -1.65383e-06 -6.70838e-06 0 -2.19771e-06 -6.87898e-06 0 -2.73517e-06 -7.03704e-06 0 -3.26631e-06 -7.18228e-06 0 -3.79119e-06 -7.31444e-06 0 -4.30988e-06 -7.43329e-06 0 -4.82245e-06 -7.53861e-06 0 -5.32895e-06 -7.63022e-06 0 -5.82943e-06 -7.70794e-06 0 4.2301e-06 -3.65026e-06 0 3.58735e-06 -3.94832e-06 0 2.95248e-06 -4.23708e-06 0 2.32534e-06 -4.51615e-06 0 1.70581e-06 -4.78514e-06 0 1.09374e-06 -5.04366e-06 0 4.89028e-07 -5.29136e-06 0 -1.08456e-07 -5.52787e-06 0 -6.98826e-07 -5.75284e-06 0 -1.28219e-06 -5.96594e-06 0 -1.85866e-06 -6.16684e-06 0 -2.42832e-06 -6.35523e-06 0 -2.99128e-06 -6.53082e-06 0 -3.54762e-06 -6.69334e-06 0 -4.09743e-06 -6.84252e-06 0 -4.64076e-06 -6.97813e-06 0 -5.1777e-06 -7.09997e-06 0 -5.70829e-06 -7.20783e-06 0 -6.23258e-06 -7.30155e-06 0 4.27779e-06 -2.88221e-06 0 3.60655e-06 -3.20172e-06 0 2.94352e-06 -3.51164e-06 0 2.28856e-06 -3.81157e-06 0 1.64153e-06 -4.10114e-06 0 1.00229e-06 -4.37996e-06 0 3.70717e-07 -4.64768e-06 0 -2.53314e-07 -4.90393e-06 0 -8.69926e-07 -5.14836e-06 0 -1.47923e-06 -5.38064e-06 0 -2.08135e-06 -5.60045e-06 0 -2.67637e-06 -5.80748e-06 0 -3.2644e-06 -6.00144e-06 0 -3.84553e-06 -6.18206e-06 0 -4.41984e-06 -6.34907e-06 0 -4.98742e-06 -6.50225e-06 0 -5.54832e-06 -6.64139e-06 0 -6.10261e-06 -6.76629e-06 0 -6.65034e-06 -6.87678e-06 0 4.30188e-06 -2.08069e-06 0 3.60266e-06 -2.42261e-06 0 2.91199e-06 -2.75463e-06 0 2.22972e-06 -3.07637e-06 0 1.5557e-06 -3.38745e-06 0 8.89782e-07 -3.68748e-06 0 2.3184e-07 -3.97612e-06 0 -4.18259e-07 -4.25299e-06 0 -1.06064e-06 -4.51776e-06 0 -1.69542e-06 -4.77009e-06 0 -2.32273e-06 -5.00965e-06 0 -2.94265e-06 -5.23616e-06 0 -3.55531e-06 -5.44932e-06 0 -4.1608e-06 -5.64885e-06 0 -4.75919e-06 -5.8345e-06 0 -5.35058e-06 -6.00604e-06 0 -5.93504e-06 -6.16326e-06 0 -6.51262e-06 -6.30596e-06 0 -7.08338e-06 -6.43399e-06 0 4.30133e-06 -1.24625e-06 0 3.57469e-06 -1.61153e-06 0 2.85692e-06 -1.9666e-06 0 2.14787e-06 -2.31108e-06 0 1.44738e-06 -2.64458e-06 0 7.553e-07 -2.96673e-06 0 7.14955e-08 -3.27717e-06 0 -6.04172e-07 -3.57555e-06 0 -1.27183e-06 -3.86151e-06 0 -1.93161e-06 -4.13474e-06 0 -2.58362e-06 -4.39491e-06 0 -3.22798e-06 -4.64172e-06 0 -3.8648e-06 -4.87488e-06 0 -4.49418e-06 -5.09413e-06 0 -5.11621e-06 -5.29922e-06 0 -5.73098e-06 -5.4899e-06 0 -6.33855e-06 -5.66597e-06 0 -6.939e-06 -5.82724e-06 0 -7.53237e-06 -5.97354e-06 0 4.27511e-06 -3.79502e-07 0 3.52162e-06 -7.69084e-07 0 2.77732e-06 -1.14813e-06 0 2.04205e-06 -1.51626e-06 0 1.31563e-06 -1.87308e-06 0 5.97931e-07 -2.21824e-06 0 -1.11209e-07 -2.55137e-06 0 -8.11925e-07 -2.87211e-06 0 -1.50435e-06 -3.18012e-06 0 -2.18862e-06 -3.47508e-06 0 -2.86484e-06 -3.75668e-06 0 -3.53315e-06 -4.02461e-06 0 -4.19365e-06 -4.27859e-06 0 -4.84644e-06 -4.51835e-06 0 -5.49164e-06 -4.74365e-06 0 -6.12932e-06 -4.95425e-06 0 -6.75956e-06 -5.14993e-06 0 -7.38243e-06 -5.33052e-06 0 -7.99798e-06 -5.49585e-06 0 4.22221e-06 5.18954e-07 0 3.44248e-06 1.04142e-07 0 2.67224e-06 -2.99796e-07 0 1.91132e-06 -6.92477e-07 0 1.15955e-06 -1.07352e-06 0 4.16774e-07 -1.44257e-06 0 -3.17154e-07 -1.79924e-06 0 -1.04238e-06 -2.1432e-06 0 -1.75904e-06 -2.4741e-06 0 -2.46727e-06 -2.79163e-06 0 -3.16719e-06 -3.09546e-06 0 -3.85893e-06 -3.38531e-06 0 -4.54261e-06 -3.6609e-06 0 -5.21833e-06 -3.92195e-06 0 -5.8862e-06 -4.16824e-06 0 -6.54631e-06 -4.39951e-06 0 -7.19875e-06 -4.61557e-06 0 -7.84358e-06 -4.81622e-06 0 -8.48086e-06 -5.0013e-06 0 4.14165e-06 1.44847e-06 0 3.33629e-06 1.00752e-06 0 2.54071e-06 5.77783e-07 0 1.75475e-06 1.59654e-07 0 9.78208e-07 -2.46492e-07 0 2.1094e-07 -6.40284e-07 0 -5.4721e-07 -1.02136e-06 0 -1.29639e-06 -1.38938e-06 0 -2.03673e-06 -1.744e-06 0 -2.76838e-06 -2.0849e-06 0 -3.49147e-06 -2.41177e-06 0 -4.20611e-06 -2.72433e-06 0 -4.91244e-06 -3.0223e-06 0 -5.61056e-06 -3.30542e-06 0 -6.3006e-06 -3.57345e-06 0 -6.98265e-06 -3.82615e-06 0 -7.65679e-06 -4.06333e-06 0 -8.32311e-06 -4.28478e-06 0 -8.98165e-06 -4.49033e-06 0 4.03243e-06 2.40839e-06 0 3.2021e-06 1.94039e-06 0 2.38182e-06 1.48397e-06 0 1.57142e-06 1.03951e-06 0 7.70723e-07 6.074e-07 0 -2.04448e-08 1.88002e-07 0 -8.02233e-07 -2.18321e-07 0 -1.57479e-06 -6.11222e-07 0 -2.33825e-06 -9.90369e-07 0 -3.09276e-06 -1.35544e-06 0 -3.83845e-06 -1.70615e-06 0 -4.57545e-06 -2.04219e-06 0 -5.30389e-06 -2.36331e-06 0 -6.02389e-06 -2.66925e-06 0 -6.73556e-06 -2.95976e-06 0 -7.43902e-06 -3.23463e-06 0 -8.13436e-06 -3.49365e-06 0 -8.82166e-06 -3.73662e-06 0 -9.50099e-06 -3.96337e-06 0 3.89362e-06 3.39802e-06 0 3.03897e-06 2.90209e-06 0 2.19465e-06 2.4181e-06 0 1.36045e-06 1.94645e-06 0 5.36213e-07 1.48751e-06 0 -2.78245e-07 1.04167e-06 0 -1.08307e-06 6.09273e-07 0 -1.87841e-06 1.90675e-07 0 -2.66441e-06 -2.13798e-07 0 -3.44121e-06 -6.03832e-07 0 -4.20893e-06 -9.79133e-07 0 -4.96771e-06 -1.33942e-06 0 -5.7177e-06 -1.68444e-06 0 -6.45901e-06 -2.01393e-06 0 -7.19177e-06 -2.32767e-06 0 -7.91611e-06 -2.62543e-06 0 -8.63212e-06 -2.90701e-06 0 -9.33989e-06 -3.17221e-06 0 -1.00395e-05 -3.42086e-06 0 3.72425e-06 4.41665e-06 0 2.84598e-06 3.89191e-06 0 1.97828e-06 3.37949e-06 0 1.12095e-06 2.87979e-06 0 2.73812e-07 2.39319e-06 0 -5.63309e-07 1.92007e-06 0 -1.39056e-06 1.46079e-06 0 -2.20808e-06 1.01569e-06 0 -3.01601e-06 5.85108e-07 0 -3.81449e-06 1.69346e-07 0 -4.60366e-06 -2.31307e-07 0 -5.38365e-06 -6.16583e-07 0 -6.1546e-06 -9.86227e-07 0 -6.91665e-06 -1.34e-06 0 -7.66993e-06 -1.67768e-06 0 -8.41458e-06 -1.99904e-06 0 -9.15071e-06 -2.30389e-06 0 -9.87842e-06 -2.59203e-06 0 -1.05978e-05 -2.86328e-06 0 3.52341e-06 5.46355e-06 0 2.62224e-06 4.90914e-06 0 1.73186e-06 4.36744e-06 0 8.5206e-07 3.83884e-06 0 -1.73294e-08 3.32374e-06 0 -8.76473e-07 2.82253e-06 0 -1.72552e-06 2.33556e-06 0 -2.5646e-06 1.86318e-06 0 -3.39385e-06 1.40572e-06 0 -4.21341e-06 9.63479e-07 0 -5.02341e-06 5.36735e-07 0 -5.82399e-06 1.25748e-07 0 -6.6153e-06 -2.69238e-07 0 -7.39749e-06 -6.47996e-07 0 -8.17071e-06 -1.01031e-06 0 -8.93509e-06 -1.35597e-06 0 -9.69077e-06 -1.68478e-06 0 -1.04379e-05 -1.99655e-06 0 -1.11764e-05 -2.29108e-06 0 3.2902e-06 6.53797e-06 0 2.36685e-06 5.95305e-06 0 1.4545e-06 5.38121e-06 0 5.52923e-07 4.82289e-06 0 -3.38046e-07 4.27847e-06 0 -1.21856e-06 3.74835e-06 0 -2.08876e-06 3.23291e-06 0 -2.94876e-06 2.73248e-06 0 -3.79871e-06 2.24739e-06 0 -4.63872e-06 1.77793e-06 0 -5.46893e-06 1.32438e-06 0 -6.28948e-06 8.86975e-07 0 -7.10054e-06 4.65951e-07 0 -7.90225e-06 6.15223e-08 0 -8.69478e-06 -3.26108e-07 0 -9.47829e-06 -6.96744e-07 0 -1.02529e-05 -1.05019e-06 0 -1.10188e-05 -1.38626e-06 0 -1.17761e-05 -1.70476e-06 0 3.02374e-06 7.63914e-06 0 2.07898e-06 7.02287e-06 0 1.14537e-06 6.42008e-06 0 2.22713e-07 5.8312e-06 0 -6.89156e-07 5.25665e-06 0 -1.59038e-06 4.69684e-06 0 -2.48108e-06 4.15213e-06 0 -3.36137e-06 3.6229e-06 0 -4.23136e-06 3.10944e-06 0 -5.09118e-06 2.61205e-06 0 -5.94096e-06 2.13098e-06 0 -6.78084e-06 1.66648e-06 0 -7.611e-06 1.21874e-06 0 -8.43159e-06 7.8798e-07 0 -9.2428e-06 3.74373e-07 0 -1.00448e-05 -2.1895e-08 0 -1.08378e-05 -4.00639e-07 0 -1.16219e-05 -7.61673e-07 0 -1.23972e-05 -1.10481e-06 0 2.72319e-06 8.76628e-06 0 1.75777e-06 8.11783e-06 0 8.03648e-07 7.48326e-06 0 -1.3938e-07 6.86301e-06 0 -1.07146e-06 6.25753e-06 0 -1.99273e-06 5.66723e-06 0 -2.90327e-06 5.09251e-06 0 -3.80318e-06 4.53372e-06 0 -4.69257e-06 3.99117e-06 0 -5.57155e-06 3.46515e-06 0 -6.44024e-06 2.95589e-06 0 -7.29879e-06 2.46362e-06 0 -8.14738e-06 1.98852e-06 0 -8.98619e-06 1.53078e-06 0 -9.81541e-06 1.09056e-06 0 -1.06353e-05 6.68025e-07 0 -1.14459e-05 2.63344e-07 0 -1.22476e-05 -1.23302e-07 0 -1.30405e-05 -4.91723e-07 0 2.3877e-06 9.91861e-06 0 1.40243e-06 9.23716e-06 0 4.28534e-07 8.56999e-06 0 -5.3415e-07 7.91756e-06 0 -1.48576e-06 7.28034e-06 0 -2.42638e-06 6.65878e-06 0 -3.3561e-06 6.05328e-06 0 -4.27498e-06 5.4642e-06 0 -5.18311e-06 4.89186e-06 0 -6.08057e-06 4.33652e-06 0 -6.9675e-06 3.79841e-06 0 -7.84404e-06 3.27773e-06 0 -8.71037e-06 2.77465e-06 0 -9.5667e-06 2.28931e-06 0 -1.04133e-05 1.82187e-06 0 -1.12503e-05 1.37245e-06 0 -1.2078e-05 9.41214e-07 0 -1.28966e-05 5.28327e-07 0 -1.37063e-05 1.33978e-07 0 2.0165e-06 1.10953e-05 0 1.01215e-06 1.03801e-05 0 1.92466e-08 9.67948e-06 0 -9.62376e-07 8.99405e-06 0 -1.93281e-06 8.32431e-06 0 -2.89212e-06 7.67071e-06 0 -3.84035e-06 7.03369e-06 0 -4.77753e-06 6.4136e-06 0 -5.70371e-06 5.81076e-06 0 -6.61899e-06 5.22544e-06 0 -7.52346e-06 4.65784e-06 0 -8.41728e-06 4.10813e-06 0 -9.30065e-06 3.57646e-06 0 -1.01738e-05 3.06294e-06 0 -1.10369e-05 2.56768e-06 0 -1.18904e-05 2.0908e-06 0 -1.27344e-05 1.63241e-06 0 -1.35693e-05 1.19268e-06 0 -1.43952e-05 7.71774e-07 0 1.60879e-06 1.22956e-05 0 5.86187e-07 1.15458e-05 0 -4.24976e-07 1.08109e-05 0 -1.42482e-06 1.00917e-05 0 -2.41339e-06 9.38864e-06 0 -3.39071e-06 8.70223e-06 0 -4.35677e-06 8.03293e-06 0 -5.31157e-06 7.38112e-06 0 -6.25514e-06 6.74711e-06 0 -7.18752e-06 6.13115e-06 0 -8.10883e-06 5.53343e-06 0 -9.01921e-06 4.9541e-06 0 -9.91888e-06 4.39326e-06 0 -1.08081e-05 3.851e-06 0 -1.16871e-05 3.32737e-06 0 -1.25562e-05 2.82246e-06 0 -1.34158e-05 2.33637e-06 0 -1.42662e-05 1.8692e-06 0 -1.51077e-05 1.42113e-06 0 1.16385e-06 1.35187e-05 0 1.23789e-07 1.27335e-05 0 -9.04879e-07 1.19636e-05 0 -1.92223e-06 1.12097e-05 0 -2.92825e-06 1.04725e-05 0 -3.92291e-06 9.75252e-06 0 -4.90613e-06 9.0502e-06 0 -5.87787e-06 8.36596e-06 0 -6.83811e-06 7.7001e-06 0 -7.78689e-06 7.05287e-06 0 -8.72431e-06 6.42443e-06 0 -9.6505e-06 5.8149e-06 0 -1.05657e-05 5.22434e-06 0 -1.14702e-05 4.65279e-06 0 -1.23643e-05 4.10028e-06 0 -1.32483e-05 3.56682e-06 0 -1.41227e-05 3.05248e-06 0 -1.49879e-05 2.55733e-06 0 -1.58442e-05 2.08151e-06 0 6.80942e-07 1.47639e-05 0 -3.75766e-07 1.39424e-05 0 -1.4212e-06 1.31366e-05 0 -2.45535e-06 1.23473e-05 0 -3.47815e-06 1.15751e-05 0 -4.48946e-06 1.08208e-05 0 -5.48916e-06 1.00847e-05 0 -6.47715e-06 9.3673e-06 0 -7.45337e-06 8.66893e-06 0 -8.41782e-06 7.98979e-06 0 -9.37058e-06 7.33004e-06 0 -1.03118e-05 6.68975e-06 0 -1.12417e-05 6.06895e-06 0 -1.21607e-05 5.46761e-06 0 -1.3069e-05 4.88571e-06 0 -1.39671e-05 4.32322e-06 0 -1.48556e-05 3.78013e-06 0 -1.57347e-05 3.25647e-06 0 -1.66051e-05 2.75236e-06 0 1.59373e-07 1.60304e-05 0 -9.13192e-07 1.51718e-05 0 -1.97466e-06 1.43293e-05 0 -3.02493e-06 1.35036e-05 0 -4.06383e-06 1.26957e-05 0 -5.09113e-06 1.19062e-05 0 -6.10664e-06 1.11356e-05 0 -7.11018e-06 1.03843e-05 0 -8.10164e-06 9.65275e-06 0 -9.081e-06 8.94109e-06 0 -1.00483e-05 8.24944e-06 0 -1.10038e-05 7.57785e-06 0 -1.19476e-05 6.92629e-06 0 -1.28802e-05 6.29468e-06 0 -1.38019e-05 5.68294e-06 0 -1.47132e-05 5.09096e-06 0 -1.56147e-05 4.51867e-06 0 -1.6507e-05 3.96603e-06 0 -1.73906e-05 3.4331e-06 0 -4.01545e-07 1.73176e-05 0 -1.4892e-06 1.6421e-05 0 -2.56599e-06 1.55408e-05 0 -3.63172e-06 1.4678e-05 0 -4.68606e-06 1.38334e-05 0 -5.7287e-06 1.30079e-05 0 -6.75932e-06 1.2202e-05 0 -7.77768e-06 1.14161e-05 0 -8.78363e-06 1.06507e-05 0 -9.77711e-06 9.9059e-06 0 -1.07582e-05 9.18178e-06 0 -1.1727e-05 8.47835e-06 0 -1.26839e-05 7.79554e-06 0 -1.36291e-05 7.13321e-06 0 -1.45633e-05 6.4912e-06 0 -1.5487e-05 5.86932e-06 0 -1.64007e-05 5.26741e-06 0 -1.73052e-05 4.68536e-06 0 -1.82012e-05 4.12313e-06 0 -1.0025e-06 1.86248e-05 0 -2.10451e-06 1.76893e-05 0 -3.19597e-06 1.67705e-05 0 -4.2765e-06 1.58696e-05 0 -5.34564e-06 1.49875e-05 0 -6.40294e-06 1.41251e-05 0 -7.44796e-06 1.32831e-05 0 -8.4804e-06 1.2462e-05 0 -9.50004e-06 1.1662e-05 0 -1.05068e-05 1.08834e-05 0 -1.15008e-05 1.01262e-05 0 -1.24821e-05 9.39038e-06 0 -1.3451e-05 8.67583e-06 0 -1.44081e-05 7.98234e-06 0 -1.53538e-05 7.30965e-06 0 -1.62887e-05 6.6575e-06 0 -1.72137e-05 6.02561e-06 0 -1.81294e-05 5.41377e-06 0 -1.90368e-05 4.82184e-06 0 -1.64419e-06 1.99516e-05 0 -2.75987e-06 1.89762e-05 0 -3.86537e-06 1.80178e-05 0 -4.9601e-06 1.70778e-05 0 -6.04341e-06 1.61573e-05 0 -7.11467e-06 1.52571e-05 0 -8.17336e-06 1.43782e-05 0 -9.21908e-06 1.35209e-05 0 -1.02516e-05 1.26857e-05 0 -1.12708e-05 1.18726e-05 0 -1.22767e-05 1.10817e-05 0 -1.32695e-05 1.0313e-05 0 -1.42496e-05 9.56624e-06 0 -1.52174e-05 8.84116e-06 0 -1.61736e-05 8.13741e-06 0 -1.71188e-05 7.45464e-06 0 -1.8054e-05 6.79246e-06 0 -1.89799e-05 6.15052e-06 0 -1.98977e-05 5.52854e-06 0 -2.32735e-06 2.12975e-05 0 -3.45609e-06 2.02812e-05 0 -4.57507e-06 1.92821e-05 0 -5.68342e-06 1.83019e-05 0 -6.78025e-06 1.7342e-05 0 -7.86477e-06 1.64032e-05 0 -8.93633e-06 1.54864e-05 0 -9.99447e-06 1.45922e-05 0 -1.10389e-05 1.37209e-05 0 -1.20695e-05 1.28727e-05 0 -1.30864e-05 1.20475e-05 0 -1.40897e-05 1.12453e-05 0 -1.50799e-05 1.04658e-05 0 -1.60574e-05 9.70868e-06 0 -1.7023e-05 8.9735e-06 0 -1.79775e-05 8.2598e-06 0 -1.89217e-05 7.56706e-06 0 -1.98568e-05 6.89479e-06 0 -2.07838e-05 6.2425e-06 0 -3.05279e-06 2.26623e-05 0 -4.19409e-06 2.16038e-05 0 -5.32605e-06 2.05629e-05 0 -6.44746e-06 1.95415e-05 0 -7.55715e-06 1.8541e-05 0 -8.65415e-06 1.75626e-05 0 -9.7377e-06 1.66071e-05 0 -1.08073e-05 1.56751e-05 0 -1.18627e-05 1.47669e-05 0 -1.29037e-05 1.38827e-05 0 -1.39304e-05 1.30225e-05 0 -1.49431e-05 1.21862e-05 0 -1.59422e-05 1.13735e-05 0 -1.69284e-05 1.05839e-05 0 -1.79023e-05 9.81687e-06 0 -1.88648e-05 9.07193e-06 0 -1.9817e-05 8.34841e-06 0 -2.076e-05 7.64563e-06 0 -2.16951e-05 6.96291e-06 0 -3.82145e-06 2.4046e-05 0 -4.97493e-06 2.2944e-05 0 -6.11947e-06 2.18599e-05 0 -7.25339e-06 2.07961e-05 0 -8.37521e-06 1.9754e-05 0 -9.48379e-06 1.87349e-05 0 -1.05783e-05 1.77397e-05 0 -1.16583e-05 1.67689e-05 0 -1.27234e-05 1.58229e-05 0 -1.37736e-05 1.49019e-05 0 -1.4809e-05 1.40059e-05 0 -1.58299e-05 1.31348e-05 0 -1.68368e-05 1.22882e-05 0 -1.78303e-05 1.14656e-05 0 -1.88113e-05 1.06664e-05 0 -1.97807e-05 9.88989e-06 0 -2.07397e-05 9.13536e-06 0 -2.16894e-05 8.40197e-06 0 -2.26312e-05 7.6888e-06 0 -4.63444e-06 2.54486e-05 0 -5.7999e-06 2.43015e-05 0 -6.95671e-06 2.31729e-05 0 -8.10257e-06 2.20653e-05 0 -9.23565e-06 2.09805e-05 0 -1.03547e-05 1.99197e-05 0 -1.14591e-05 1.88836e-05 0 -1.25481e-05 1.78729e-05 0 -1.36217e-05 1.6888e-05 0 -1.46797e-05 1.59293e-05 0 -1.57225e-05 1.49966e-05 0 -1.67502e-05 1.40899e-05 0 -1.77635e-05 1.32087e-05 0 -1.87631e-05 1.23526e-05 0 -1.97499e-05 1.15207e-05 0 -2.0725e-05 1.07124e-05 0 -2.16895e-05 9.92665e-06 0 -2.26446e-05 9.16257e-06 0 -2.35918e-05 8.41908e-06 0 -5.49313e-06 2.68707e-05 0 -6.67068e-06 2.56765e-05 0 -7.83957e-06 2.45018e-05 0 -8.99664e-06 2.33493e-05 0 -1.01399e-05 2.22205e-05 0 -1.12681e-05 2.11166e-05 0 -1.23808e-05 2.00384e-05 0 -1.34774e-05 1.89866e-05 0 -1.45579e-05 1.79617e-05 0 -1.56223e-05 1.69641e-05 0 -1.66708e-05 1.59937e-05 0 -1.77039e-05 1.50504e-05 0 -1.87222e-05 1.41339e-05 0 -1.97266e-05 1.32435e-05 0 -2.07179e-05 1.23786e-05 0 -2.16972e-05 1.15381e-05 0 -2.2666e-05 1.07209e-05 0 -2.36254e-05 9.92598e-06 0 -2.45766e-05 9.15236e-06 0 -6.39929e-06 2.8313e-05 0 -7.58957e-06 2.70694e-05 0 -8.77041e-06 2.5847e-05 0 -9.93751e-06 2.46482e-05 0 -1.10893e-05 2.34741e-05 0 -1.2225e-05 2.23258e-05 0 -1.33443e-05 2.1204e-05 0 -1.44468e-05 2.01098e-05 0 -1.55324e-05 1.90435e-05 0 -1.66013e-05 1.80056e-05 0 -1.76539e-05 1.69962e-05 0 -1.86907e-05 1.60152e-05 0 -1.97125e-05 1.50623e-05 0 -2.07201e-05 1.4137e-05 0 -2.17145e-05 1.32384e-05 0 -2.26969e-05 1.23654e-05 0 -2.36687e-05 1.15166e-05 0 -2.46312e-05 1.06906e-05 0 -2.55852e-05 9.88698e-06 0 -7.35521e-06 2.97775e-05 0 -8.56039e-06 2.84808e-05 0 -9.75222e-06 2.72092e-05 0 -1.09269e-05 2.59627e-05 0 -1.20852e-05 2.47416e-05 0 -1.32266e-05 2.35473e-05 0 -1.43504e-05 2.23805e-05 0 -1.54566e-05 2.12421e-05 0 -1.65453e-05 2.01328e-05 0 -1.76167e-05 1.90531e-05 0 -1.86713e-05 1.80032e-05 0 -1.971e-05 1.69831e-05 0 -2.07334e-05 1.59926e-05 0 -2.17427e-05 1.50312e-05 0 -2.27389e-05 1.40982e-05 0 -2.37232e-05 1.31924e-05 0 -2.46969e-05 1.23123e-05 0 -2.56615e-05 1.14552e-05 0 -2.66182e-05 1.06208e-05 0 -8.36729e-06 3.12703e-05 0 -9.58934e-06 2.9912e-05 0 -1.07861e-05 2.85892e-05 0 -1.19665e-05 2.72929e-05 0 -1.31293e-05 2.60235e-05 0 -1.42738e-05 2.47815e-05 0 -1.53999e-05 2.3568e-05 0 -1.65073e-05 2.23837e-05 0 -1.75965e-05 2.12296e-05 0 -1.8668e-05 2.01063e-05 0 -1.97224e-05 1.9014e-05 0 -2.07606e-05 1.7953e-05 0 -2.17838e-05 1.69232e-05 0 -2.27929e-05 1.59243e-05 0 -2.37894e-05 1.49557e-05 0 -2.47746e-05 1.40164e-05 0 -2.57499e-05 1.3105e-05 0 -2.67166e-05 1.22197e-05 0 -2.76793e-05 1.13535e-05 0 